uid,namedLocation,domainID,siteID,plotID,nrcsDescriptionID,collectDate,horizonID,horizonName,biogeoIDnrcs,biogeoSampleType,biogeoTopDepth,biogeoBottomDepth,biogeoCenterDepth,particleSizeDistProcessedDate,particleSizeDistMethodPub,particleSizeDistMethod,coarseFrag2To5,coarseFrag5To20,sandTotal,siltTotal,clayTotal,carbonateClay,clayFineContent,siltFineContent,siltCoarseContent,sandVeryFineContent,sandFineContent,sandMediumContent,sandCoarseContent,sandVeryCoarseContent,laboratoryName,dataQF
"075b71f1-3b92-47ef-a32c-ba29f9180c86","OSBS_010.basePlot.all","D03","OSBS","OSBS_010","S2016FL107010","2016-03-21","18N01492","E3","S2016FL107010-4","bulk",50.0,100.0,75.0,"2018-03-29","Kellogg Soil Survey Laboratory Methods Manual, Soil Survey Investigations Report No. 42 Version 5.0, Issued 2014","Routine Particle Size Distribution (3A1a1a)",22.1,2.6,96.7,1.5,1.8,,,1.0,0.5,1.5,23.0,37.1,27.5,7.6,"USDA NRCS Kellogg Soil Survey Laboratory",
"3373c9d9-7fa3-424c-a00c-a3286ef4ca8a","OSBS_026.basePlot.all","D03","OSBS","OSBS_026","S2016FL107026","2016-03-21","18N01539","A","S2016FL107026-1","bulk",0.0,8.0,4.0,"2018-04-05","Kellogg Soil Survey Laboratory Methods Manual, Soil Survey Investigations Report No. 42 Version 5.0, Issued 2014","Routine Particle Size Distribution (3A1a1a)",0.0,0.0,94.4,3.9,1.7,,,0.7,3.2,2.5,43.6,43.0,4.8,0.5,"USDA NRCS Kellogg Soil Survey Laboratory",
"f3037bbb-9ed8-41e2-88c4-7c9727b3733b","OSBS_014.basePlot.all","D03","OSBS","OSBS_014","S2016FL107014","2016-03-21","18N01501","A2","S2016FL107014-2","bulk",3.0,10.0,6.5,"2018-03-29","Kellogg Soil Survey Laboratory Methods Manual, Soil Survey Investigations Report No. 42 Version 5.0, Issued 2014","Routine Particle Size Distribution (3A1a1a)",0.0,0.0,96.4,1.6,2.0,,,0.9,0.7,1.7,31.0,58.3,5.2,0.2,"USDA NRCS Kellogg Soil Survey Laboratory",
"d9037451-2eac-4446-b1ec-914ef9cfb98b","OSBS_021.basePlot.all","D03","OSBS","OSBS_021","S2016FL107021","2016-03-21","18N01527","Cg2","S2016FL107021-4","bulk",56.0,100.0,78.0,"2018-04-05","Kellogg Soil Survey Laboratory Methods Manual, Soil Survey Investigations Report No. 42 Version 5.0, Issued 2014","Routine Particle Size Distribution (3A1a1a)",2.2,0.0,94.0,2.4,3.6,,,0.4,2.0,3.3,35.5,47.2,6.8,1.2,"USDA NRCS Kellogg Soil Survey Laboratory",
"10116804-ec6a-4b6f-a82d-5adcb08c7b18","OSBS_026.basePlot.all","D03","OSBS","OSBS_026","S2016FL107026","2016-03-21","18N01540","E1","S2016FL107026-2","bulk",8.0,85.0,46.5,"2018-04-05","Kellogg Soil Survey Laboratory Methods Manual, Soil Survey Investigations Report No. 42 Version 5.0, Issued 2014","Routine Particle Size Distribution (3A1a1a)",0.0,0.0,95.9,2.0,2.1,,,0.3,1.7,3.0,36.3,51.8,4.4,0.4,"USDA NRCS Kellogg Soil Survey Laboratory",
"9c6f46ee-b422-4546-8f74-5ee4cf397d8d","OSBS_010.basePlot.all","D03","OSBS","OSBS_010","S2016FL107010","2016-03-21","18N01491","E2","S2016FL107010-3","bulk",30.0,50.0,40.0,"2018-03-29","Kellogg Soil Survey Laboratory Methods Manual, Soil Survey Investigations Report No. 42 Version 5.0, Issued 2014","Routine Particle Size Distribution (3A1a1a)",18.4,2.5,96.2,2.3,1.5,,,2.0,0.3,1.8,24.7,36.3,26.1,7.3,"USDA NRCS Kellogg Soil Survey Laboratory",
"b02fdb06-e024-4693-b49c-6c0288991964","OSBS_014.basePlot.all","D03","OSBS","OSBS_014","S2016FL107014","2016-03-21","18N01502","A3","S2016FL107014-3","bulk",10.0,18.0,14.0,"2018-03-29","Kellogg Soil Survey Laboratory Methods Manual, Soil Survey Investigations Report No. 42 Version 5.0, Issued 2014","Routine Particle Size Distribution (3A1a1a)",0.0,0.0,97.1,1.0,1.9,,,0.7,0.3,1.8,37.1,52.4,5.6,0.2,"USDA NRCS Kellogg Soil Survey Laboratory",
"19457314-81e2-4591-b21f-4631b525ae95","OSBS_021.basePlot.all","D03","OSBS","OSBS_021","S2016FL107021","2016-03-21","18N01524","Oe","S2016FL107021-1","bulk",0.0,7.0,3.5,,,,0.0,0.0,,,,,,,,,,,,,"USDA NRCS Kellogg Soil Survey Laboratory",
"9da80a41-dc30-4502-90ac-23a606cbd235","OSBS_010.basePlot.all","D03","OSBS","OSBS_010","S2016FL107010","2016-03-21","18N01490","E1","S2016FL107010-2","bulk",18.0,30.0,24.0,"2018-03-29","Kellogg Soil Survey Laboratory Methods Manual, Soil Survey Investigations Report No. 42 Version 5.0, Issued 2014","Routine Particle Size Distribution (3A1a1a)",16.1,2.6,96.4,2.1,1.5,,,1.1,1.0,2.2,17.4,29.0,29.9,17.9,"USDA NRCS Kellogg Soil Survey Laboratory",
"8919c43a-f082-4794-9d6a-0669dd89b1da","OSBS_021.basePlot.all","D03","OSBS","OSBS_021","S2016FL107021","2016-03-21","18N01525","Oa","S2016FL107021-2","bulk",7.0,34.0,20.5,,,,0.0,0.0,,,,,,,,,,,,,"USDA NRCS Kellogg Soil Survey Laboratory",
"ccf4adc3-996a-40e0-966d-7e8bf615f760","OSBS_026.basePlot.all","D03","OSBS","OSBS_026","S2016FL107026","2016-03-21","18N01541","E2","S2016FL107026-3","bulk",85.0,100.0,92.5,"2018-04-05","Kellogg Soil Survey Laboratory Methods Manual, Soil Survey Investigations Report No. 42 Version 5.0, Issued 2014","Routine Particle Size Distribution (3A1a1a)",0.0,0.0,95.3,2.0,2.7,,,0.0,2.0,3.0,42.2,44.8,4.5,0.8,"USDA NRCS Kellogg Soil Survey Laboratory",
"a26051f0-ff59-400a-b622-ee969eab9931","OSBS_014.basePlot.all","D03","OSBS","OSBS_014","S2016FL107014","2016-03-21","18N01504","E","S2016FL107014-5","bulk",29.0,100.0,64.5,"2018-03-29","Kellogg Soil Survey Laboratory Methods Manual, Soil Survey Investigations Report No. 42 Version 5.0, Issued 2014","Routine Particle Size Distribution (3A1a1a)",0.3,0.0,96.1,2.5,1.4,,,0.8,1.7,0.3,33.3,54.2,8.1,0.2,"USDA NRCS Kellogg Soil Survey Laboratory",
"f0d412c8-7138-4020-b2dc-cb456b4ec6ef","OSBS_010.basePlot.all","D03","OSBS","OSBS_010","S2016FL107010","2016-03-21","18N01489","A","S2016FL107010-1","bulk",0.0,18.0,9.0,"2018-03-29","Kellogg Soil Survey Laboratory Methods Manual, Soil Survey Investigations Report No. 42 Version 5.0, Issued 2014","Routine Particle Size Distribution (3A1a1a)",15.7,2.1,95.2,3.9,0.9,,,2.2,1.7,2.4,24.0,32.8,26.7,9.3,"USDA NRCS Kellogg Soil Survey Laboratory",
"6010e1ab-d56d-4266-9ecb-a7670064e117","OSBS_014.basePlot.all","D03","OSBS","OSBS_014","S2016FL107014","2016-03-21","18N01503","AE","S2016FL107014-4","bulk",18.0,29.0,23.5,"2018-03-29","Kellogg Soil Survey Laboratory Methods Manual, Soil Survey Investigations Report No. 42 Version 5.0, Issued 2014","Routine Particle Size Distribution (3A1a1a)",0.0,0.0,96.6,2.8,0.6,,,2.0,0.8,1.8,39.8,50.0,4.7,0.3,"USDA NRCS Kellogg Soil Survey Laboratory",
"04ada719-632e-4c53-a826-65a5d9469f7d","OSBS_014.basePlot.all","D03","OSBS","OSBS_014","S2016FL107014","2016-03-21","18N01500","A1","S2016FL107014-1","bulk",0.0,3.0,1.5,"2018-03-29","Kellogg Soil Survey Laboratory Methods Manual, Soil Survey Investigations Report No. 42 Version 5.0, Issued 2014","Routine Particle Size Distribution (3A1a1a)",0.0,0.0,97.4,2.5,0.1,,,1.5,1.0,0.4,30.1,58.5,8.2,0.2,"USDA NRCS Kellogg Soil Survey Laboratory",
"e9892e88-715b-498c-91dd-230a98317099","OSBS_021.basePlot.all","D03","OSBS","OSBS_021","S2016FL107021","2016-03-21","18N01526","Cg1","S2016FL107021-3","bulk",34.0,56.0,45.0,"2018-04-05","Kellogg Soil Survey Laboratory Methods Manual, Soil Survey Investigations Report No. 42 Version 5.0, Issued 2014","Routine Particle Size Distribution (3A1a1a)",1.4,0.0,93.5,3.3,3.2,,,0.9,2.4,1.7,36.1,44.6,9.4,1.7,"USDA NRCS Kellogg Soil Survey Laboratory",
"eaea4b6a-7010-42a9-97e9-b92b1e75fd98","OSBS_031.basePlot.all","D03","OSBS","OSBS_031","S2016FL107031","2016-03-22","18N01543","A2","S2016FL107031-2","bulk",10.0,36.0,23.0,"2018-04-05","Kellogg Soil Survey Laboratory Methods Manual, Soil Survey Investigations Report No. 42 Version 5.0, Issued 2014","Routine Particle Size Distribution (3A1a1a)",0.0,0.0,97.9,1.3,0.8,,,0.5,0.8,2.0,30.6,54.4,10.5,0.4,"USDA NRCS Kellogg Soil Survey Laboratory",
"d6e98797-d9cf-44b5-be4c-910cdff931d1","OSBS_048.basePlot.all","D03","OSBS","OSBS_048","S2016FL107048","2016-03-22","18N01545","A","S2016FL107048-1","bulk",0.0,12.0,6.0,"2018-04-05","Kellogg Soil Survey Laboratory Methods Manual, Soil Survey Investigations Report No. 42 Version 5.0, Issued 2014","Routine Particle Size Distribution (3A1a1a)",32.5,4.0,95.5,3.6,0.9,,,1.6,2.0,2.3,30.3,28.9,19.7,14.3,"USDA NRCS Kellogg Soil Survey Laboratory",
"1c4ec2ac-acd1-45cb-8e75-fe188a806fae","OSBS_048.basePlot.all","D03","OSBS","OSBS_048","S2016FL107048","2016-03-22","18N01548","E2","S2016FL107048-4","bulk",64.0,93.0,78.5,"2018-04-05","Kellogg Soil Survey Laboratory Methods Manual, Soil Survey Investigations Report No. 42 Version 5.0, Issued 2014","Routine Particle Size Distribution (3A1a1a)",37.2,5.8,94.1,4.3,1.6,,,1.9,2.4,4.0,37.2,27.3,15.7,9.9,"USDA NRCS Kellogg Soil Survey Laboratory",
"ff30b0ea-f561-439a-b4fa-a5cc841b66aa","OSBS_022.basePlot.all","D03","OSBS","OSBS_022","S2016FL107022","2016-03-22","18N01530","Cg1","S2016FL107022-3","bulk",40.0,56.0,48.0,"2018-04-05","Kellogg Soil Survey Laboratory Methods Manual, Soil Survey Investigations Report No. 42 Version 5.0, Issued 2014","Routine Particle Size Distribution (3A1a1a)",1.8,1.1,95.5,2.1,2.4,,,0.0,2.1,3.1,45.3,39.8,6.2,1.1,"USDA NRCS Kellogg Soil Survey Laboratory",
"c418e078-89a7-438f-a50f-7b5e9ad3cd36","OSBS_003.basePlot.all","D03","OSBS","OSBS_003","S2016FL107003","2016-03-22","18N01479","C","S2016FL107003-2","bulk",18.0,100.0,59.0,"2018-03-30","Kellogg Soil Survey Laboratory Methods Manual, Soil Survey Investigations Report No. 42 Version 5.0, Issued 2014","Routine Particle Size Distribution (3A1a1a)",18.0,3.8,94.3,3.8,1.9,,,2.2,1.6,3.4,28.8,31.1,23.0,8.0,"USDA NRCS Kellogg Soil Survey Laboratory",
"01224787-e0a8-4dc2-92ff-4ae34045d57e","OSBS_013.basePlot.all","D03","OSBS","OSBS_013","S2016FL107013","2016-03-22","18N01498","E1","S2016FL107013-2","bulk",9.0,44.0,26.5,"2018-03-29","Kellogg Soil Survey Laboratory Methods Manual, Soil Survey Investigations Report No. 42 Version 5.0, Issued 2014","Routine Particle Size Distribution (3A1a1a)",2.0,0.0,97.0,1.7,1.3,,,0.9,0.8,3.8,43.7,41.2,7.3,1.0,"USDA NRCS Kellogg Soil Survey Laboratory",
"2e2cbd98-8234-4c97-b3df-566001595962","OSBS_051.basePlot.all","D03","OSBS","OSBS_051","S2016FL107051","2016-03-22","18N01553","A","S2016FL107051-1","bulk",0.0,38.0,19.0,"2018-04-05","Kellogg Soil Survey Laboratory Methods Manual, Soil Survey Investigations Report No. 42 Version 5.0, Issued 2014","Routine Particle Size Distribution (3A1a1a)",0.0,0.0,94.9,2.0,3.1,,,0.0,2.0,4.4,29.9,52.3,7.9,0.4,"USDA NRCS Kellogg Soil Survey Laboratory",
"eaf9b19c-2ebf-437e-9500-32b393216087","OSBS_048.basePlot.all","D03","OSBS","OSBS_048","S2016FL107048","2016-03-22","18N01549","Bt","S2016FL107048-5","bulk",93.0,100.0,96.5,"2018-04-05","Kellogg Soil Survey Laboratory Methods Manual, Soil Survey Investigations Report No. 42 Version 5.0, Issued 2014","Routine Particle Size Distribution (3A1a1a)",42.6,4.4,76.2,3.2,20.6,,,1.9,1.3,1.6,22.7,24.1,20.1,7.7,"USDA NRCS Kellogg Soil Survey Laboratory",
"dffe9806-7020-4d37-b3e1-c443533bb09d","OSBS_003.basePlot.all","D03","OSBS","OSBS_003","S2016FL107003","2016-03-22","18N01478","A","S2016FL107003-1","bulk",0.0,18.0,9.0,"2018-03-30","Kellogg Soil Survey Laboratory Methods Manual, Soil Survey Investigations Report No. 42 Version 5.0, Issued 2014","Routine Particle Size Distribution (3A1a1a)",16.2,3.6,93.5,4.4,2.1,,,2.6,1.8,4.3,30.1,30.0,22.0,7.1,"USDA NRCS Kellogg Soil Survey Laboratory",
"bd1f6f52-e59b-47df-b54d-663a4353a7cb","OSBS_018.basePlot.all","D03","OSBS","OSBS_018","S2016FL107018","2016-03-22","18N01519","Bt","S2016FL107018-4","bulk",51.0,74.0,62.5,"2018-04-05","Kellogg Soil Survey Laboratory Methods Manual, Soil Survey Investigations Report No. 42 Version 5.0, Issued 2014","Routine Particle Size Distribution (3A1a1a)",11.5,1.3,95.3,1.5,3.2,,,0.1,1.4,2.5,42.1,39.2,7.8,3.7,"USDA NRCS Kellogg Soil Survey Laboratory",
"009a8c5a-5e70-4600-afef-ffc6e71f44be","OSBS_031.basePlot.all","D03","OSBS","OSBS_031","S2016FL107031","2016-03-22","18N01544","C","S2016FL107031-3","bulk",36.0,100.0,68.0,"2018-04-05","Kellogg Soil Survey Laboratory Methods Manual, Soil Survey Investigations Report No. 42 Version 5.0, Issued 2014","Routine Particle Size Distribution (3A1a1a)",0.0,0.0,96.9,1.8,1.3,,,0.6,1.2,2.3,28.4,57.1,8.4,0.7,"USDA NRCS Kellogg Soil Survey Laboratory",
"12560669-c34d-460d-9236-f7997622c618","OSBS_018.basePlot.all","D03","OSBS","OSBS_018","S2016FL107018","2016-03-22","18N01520","C","S2016FL107018-5","bulk",74.0,100.0,87.0,"2018-04-05","Kellogg Soil Survey Laboratory Methods Manual, Soil Survey Investigations Report No. 42 Version 5.0, Issued 2014","Routine Particle Size Distribution (3A1a1a)",10.4,0.8,94.8,2.6,2.6,,,0.5,2.1,2.4,42.5,38.3,8.5,3.1,"USDA NRCS Kellogg Soil Survey Laboratory",
"10d28c85-0b0c-4311-9a31-a8a4dda287f7","OSBS_051.basePlot.all","D03","OSBS","OSBS_051","S2016FL107051","2016-03-22","18N01554","AE","S2016FL107051-2","bulk",38.0,58.0,48.0,"2018-04-05","Kellogg Soil Survey Laboratory Methods Manual, Soil Survey Investigations Report No. 42 Version 5.0, Issued 2014","Routine Particle Size Distribution (3A1a1a)",0.0,0.0,95.4,3.4,1.2,,,0.0,3.4,4.8,39.8,45.7,4.8,0.3,"USDA NRCS Kellogg Soil Survey Laboratory",
"273c3945-53d0-4125-9a33-2f0a1ea2b70a","OSBS_031.basePlot.all","D03","OSBS","OSBS_031","S2016FL107031","2016-03-22","18N01542","A1","S2016FL107031-1","bulk",0.0,10.0,5.0,"2018-04-05","Kellogg Soil Survey Laboratory Methods Manual, Soil Survey Investigations Report No. 42 Version 5.0, Issued 2014","Routine Particle Size Distribution (3A1a1a)",0.0,0.0,97.0,2.0,1.0,,,0.0,2.0,1.5,27.9,57.1,10.0,0.5,"USDA NRCS Kellogg Soil Survey Laboratory",
"8ca57318-a06e-434e-adaf-e016575ee178","OSBS_016.basePlot.all","D03","OSBS","OSBS_016","S2016FL107016","2016-03-22","18N01512","Cg","S2016FL107016-3","bulk",60.0,100.0,80.0,"2018-04-05","Kellogg Soil Survey Laboratory Methods Manual, Soil Survey Investigations Report No. 42 Version 5.0, Issued 2014","Routine Particle Size Distribution (3A1a1a)",0.3,0.0,96.4,1.9,1.7,,,0.0,1.9,2.1,36.8,49.3,7.4,0.8,"USDA NRCS Kellogg Soil Survey Laboratory",
"98a5eaa1-aa1e-46b4-9fe3-9f1e7216afc3","OSBS_050.basePlot.all","D03","OSBS","OSBS_050","S2016FL107050","2016-03-22","18N01550","A1","S2016FL107050-1","bulk",0.0,23.0,11.5,"2018-04-05","Kellogg Soil Survey Laboratory Methods Manual, Soil Survey Investigations Report No. 42 Version 5.0, Issued 2014","Routine Particle Size Distribution (3A1a1a)",0.0,0.0,95.3,3.0,1.7,,,0.7,2.3,5.1,36.4,49.5,4.2,0.1,"USDA NRCS Kellogg Soil Survey Laboratory",
"f3e8c324-ce0c-4049-92f5-52f1fd14ac5e","OSBS_018.basePlot.all","D03","OSBS","OSBS_018","S2016FL107018","2016-03-22","18N01518","A2","S2016FL107018-3","bulk",18.0,51.0,34.5,"2018-04-05","Kellogg Soil Survey Laboratory Methods Manual, Soil Survey Investigations Report No. 42 Version 5.0, Issued 2014","Routine Particle Size Distribution (3A1a1a)",7.3,0.4,95.2,2.5,2.3,,,0.1,2.4,2.5,40.1,40.1,9.5,3.0,"USDA NRCS Kellogg Soil Survey Laboratory",
"7fe103bd-84d3-4821-a1ca-92754fae670e","OSBS_008.basePlot.all","D03","OSBS","OSBS_008","S2016FL107008","2016-03-22","18N01487","AE","S2016FL107008-2","bulk",22.0,34.0,28.0,"2018-03-30","Kellogg Soil Survey Laboratory Methods Manual, Soil Survey Investigations Report No. 42 Version 5.0, Issued 2014","Routine Particle Size Distribution (3A1a1a)",0.0,0.0,96.4,1.3,2.3,,,0.1,1.2,7.1,31.8,52.2,5.1,0.2,"USDA NRCS Kellogg Soil Survey Laboratory",
"1d5f5ecf-906e-4153-9aaf-ebe9559ba5b2","OSBS_013.basePlot.all","D03","OSBS","OSBS_013","S2016FL107013","2016-03-22","18N01497","A","S2016FL107013-1","bulk",0.0,9.0,4.5,"2018-03-29","Kellogg Soil Survey Laboratory Methods Manual, Soil Survey Investigations Report No. 42 Version 5.0, Issued 2014","Routine Particle Size Distribution (3A1a1a)",0.7,0.0,97.1,2.9,0.0,,,1.9,1.0,4.4,36.9,44.8,9.5,1.5,"USDA NRCS Kellogg Soil Survey Laboratory",
"c3fac9fb-6808-4162-8139-b11004913a3e","OSBS_022.basePlot.all","D03","OSBS","OSBS_022","S2016FL107022","2016-03-22","18N01531","Cg2","S2016FL107022-4","bulk",56.0,100.0,78.0,"2018-04-05","Kellogg Soil Survey Laboratory Methods Manual, Soil Survey Investigations Report No. 42 Version 5.0, Issued 2014","Routine Particle Size Distribution (3A1a1a)",2.4,0.0,95.6,2.0,2.4,,,0.2,1.8,4.7,41.9,41.6,6.0,1.4,"USDA NRCS Kellogg Soil Survey Laboratory",
"7d257141-f860-47cb-ac17-d8fe5d23f7e1","OSBS_022.basePlot.all","D03","OSBS","OSBS_022","S2016FL107022","2016-03-22","18N01528","Oa","S2016FL107022-1","bulk",0.0,32.0,16.0,,,,0.0,0.0,,,,,,,,,,,,,"USDA NRCS Kellogg Soil Survey Laboratory",
"7b3f6ef4-e734-45c7-8bb4-6e8b945531cb","OSBS_018.basePlot.all","D03","OSBS","OSBS_018","S2016FL107018","2016-03-22","18N01517","A1","S2016FL107018-2","bulk",8.0,18.0,13.0,"2018-04-05","Kellogg Soil Survey Laboratory Methods Manual, Soil Survey Investigations Report No. 42 Version 5.0, Issued 2014","Routine Particle Size Distribution (3A1a1a)",6.2,0.2,93.4,3.6,3.0,,,1.6,2.0,3.7,37.4,43.4,7.2,1.7,"USDA NRCS Kellogg Soil Survey Laboratory",
"f73e9a31-4ff5-4691-bb86-d17f1614a333","OSBS_050.basePlot.all","D03","OSBS","OSBS_050","S2016FL107050","2016-03-22","18N01551","A2","S2016FL107050-2","bulk",23.0,94.0,58.5,"2018-04-05","Kellogg Soil Survey Laboratory Methods Manual, Soil Survey Investigations Report No. 42 Version 5.0, Issued 2014","Routine Particle Size Distribution (3A1a1a)",0.0,0.0,96.3,2.0,1.7,,,0.0,2.0,6.9,34.8,52.3,2.2,0.1,"USDA NRCS Kellogg Soil Survey Laboratory",
"5a26a82f-e405-4b85-9634-28c2405d217d","OSBS_020.basePlot.all","D03","OSBS","OSBS_020","S2016FL107020","2016-03-22","18N01521","A1","S2016FL107020-2","bulk",8.0,18.0,13.0,"2018-04-05","Kellogg Soil Survey Laboratory Methods Manual, Soil Survey Investigations Report No. 42 Version 5.0, Issued 2014","Routine Particle Size Distribution (3A1a1a)",2.6,0.0,85.2,8.1,6.7,,,4.8,3.3,1.6,21.9,52.6,8.5,0.6,"USDA NRCS Kellogg Soil Survey Laboratory",
"8bd0fc08-06e1-4ed7-b482-a2a2b736faac","OSBS_016.basePlot.all","D03","OSBS","OSBS_016","S2016FL107016","2016-03-22","18N01510","A1","S2016FL107016-1","bulk",0.0,27.0,13.5,"2018-04-05","Kellogg Soil Survey Laboratory Methods Manual, Soil Survey Investigations Report No. 42 Version 5.0, Issued 2014","Routine Particle Size Distribution (3A1a1a)",0.0,0.0,92.5,2.9,4.6,,,0.9,2.0,1.5,27.5,53.4,9.3,0.8,"USDA NRCS Kellogg Soil Survey Laboratory",
"127442e4-4169-4653-8a32-e2f7ce0d0ecf","OSBS_008.basePlot.all","D03","OSBS","OSBS_008","S2016FL107008","2016-03-22","18N01486","A","S2016FL107008-1","bulk",0.0,22.0,11.0,"2018-03-30","Kellogg Soil Survey Laboratory Methods Manual, Soil Survey Investigations Report No. 42 Version 5.0, Issued 2014","Routine Particle Size Distribution (3A1a1a)",0.0,0.0,97.8,1.2,1.0,,,0.3,0.9,5.4,27.4,59.7,5.2,0.1,"USDA NRCS Kellogg Soil Survey Laboratory",
"c7c9b47d-c177-4b62-adb2-d5edbd8f9f7f","OSBS_048.basePlot.all","D03","OSBS","OSBS_048","S2016FL107048","2016-03-22","18N01546","AE","S2016FL107048-2","bulk",12.0,31.0,21.5,"2018-04-05","Kellogg Soil Survey Laboratory Methods Manual, Soil Survey Investigations Report No. 42 Version 5.0, Issued 2014","Routine Particle Size Distribution (3A1a1a)",36.5,4.6,93.7,4.2,2.1,,,1.6,2.6,3.4,37.5,26.4,16.8,9.6,"USDA NRCS Kellogg Soil Survey Laboratory",
"762338c1-1211-4ee1-8e28-26cd30bad082","OSBS_016.basePlot.all","D03","OSBS","OSBS_016","S2016FL107016","2016-03-22","18N01511","A2","S2016FL107016-2","bulk",27.0,60.0,43.5,"2018-04-05","Kellogg Soil Survey Laboratory Methods Manual, Soil Survey Investigations Report No. 42 Version 5.0, Issued 2014","Routine Particle Size Distribution (3A1a1a)",0.0,0.0,94.8,1.0,4.2,,,0.0,1.0,1.9,29.6,53.4,9.4,0.5,"USDA NRCS Kellogg Soil Survey Laboratory",
"44b82189-3e55-4843-86c9-55e5a0c5864d","OSBS_051.basePlot.all","D03","OSBS","OSBS_051","S2016FL107051","2016-03-22","18N01555","C","S2016FL107051-3","bulk",58.0,100.0,79.0,"2018-04-03","Kellogg Soil Survey Laboratory Methods Manual, Soil Survey Investigations Report No. 42 Version 5.0, Issued 2014","Routine Particle Size Distribution (3A1a1a)",0.0,0.0,96.8,0.7,2.5,,,0.0,0.7,5.1,29.8,55.6,6.2,0.1,"USDA NRCS Kellogg Soil Survey Laboratory",
"b74a74a6-fc36-40a0-9cf7-74319ca046af","OSBS_022.basePlot.all","D03","OSBS","OSBS_022","S2016FL107022","2016-03-22","18N01529","Ag","S2016FL107022-2","bulk",32.0,40.0,36.0,"2018-04-05","Kellogg Soil Survey Laboratory Methods Manual, Soil Survey Investigations Report No. 42 Version 5.0, Issued 2014","Routine Particle Size Distribution (3A1a1a)",1.9,0.4,96.0,1.9,2.1,,,0.6,1.3,1.7,36.9,48.5,7.2,1.7,"USDA NRCS Kellogg Soil Survey Laboratory",
"a5430e99-f830-4053-861e-5328d2bc8db4","OSBS_048.basePlot.all","D03","OSBS","OSBS_048","S2016FL107048","2016-03-22","18N01547","E1","S2016FL107048-3","bulk",31.0,64.0,47.5,"2018-04-05","Kellogg Soil Survey Laboratory Methods Manual, Soil Survey Investigations Report No. 42 Version 5.0, Issued 2014","Routine Particle Size Distribution (3A1a1a)",35.5,5.9,95.3,2.5,2.2,,,0.8,1.7,4.7,28.7,32.3,17.8,11.8,"USDA NRCS Kellogg Soil Survey Laboratory",
"7db267dd-4974-44be-b825-7a12e86b6863","OSBS_020.basePlot.all","D03","OSBS","OSBS_020","S2016FL107020","2016-03-22","18N01522","A2","S2016FL107020-3","bulk",18.0,61.0,39.5,"2018-04-05","Kellogg Soil Survey Laboratory Methods Manual, Soil Survey Investigations Report No. 42 Version 5.0, Issued 2014","Routine Particle Size Distribution (3A1a1a)",1.3,0.0,93.9,3.6,2.5,,,1.7,1.9,1.5,30.7,51.8,8.7,1.2,"USDA NRCS Kellogg Soil Survey Laboratory",
"3f3a3be7-f586-43ca-a167-92790333f702","OSBS_020.basePlot.all","D03","OSBS","OSBS_020","S2016FL107020","2016-03-22","18N01523","C","S2016FL107020-4","bulk",61.0,100.0,80.5,"2018-04-05","Kellogg Soil Survey Laboratory Methods Manual, Soil Survey Investigations Report No. 42 Version 5.0, Issued 2014","Routine Particle Size Distribution (3A1a1a)",2.7,0.0,95.4,1.3,3.3,,,0.3,1.0,1.8,35.6,50.7,6.2,1.1,"USDA NRCS Kellogg Soil Survey Laboratory",
"397c600d-f6eb-4e99-bff4-c2b0a4d0cb93","OSBS_013.basePlot.all","D03","OSBS","OSBS_013","S2016FL107013","2016-03-22","18N01499","E2","S2016FL107013-3","bulk",44.0,100.0,72.0,"2018-03-29","Kellogg Soil Survey Laboratory Methods Manual, Soil Survey Investigations Report No. 42 Version 5.0, Issued 2014","Routine Particle Size Distribution (3A1a1a)",1.4,0.0,97.1,1.8,1.1,,,1.3,0.5,3.5,41.1,44.0,7.2,1.3,"USDA NRCS Kellogg Soil Survey Laboratory",
"9b6410bc-8739-438b-9a7c-b8a66ad0c27e","OSBS_008.basePlot.all","D03","OSBS","OSBS_008","S2016FL107008","2016-03-22","18N01488","E","S2016FL107008-3","bulk",34.0,100.0,67.0,"2018-03-30","Kellogg Soil Survey Laboratory Methods Manual, Soil Survey Investigations Report No. 42 Version 5.0, Issued 2014","Routine Particle Size Distribution (3A1a1a)",0.0,0.0,95.3,0.8,3.9,,,0.3,0.5,9.7,33.8,46.9,4.8,0.1,"USDA NRCS Kellogg Soil Survey Laboratory",
"6d41fcd4-3cc8-4251-b833-552e2c36f28e","OSBS_050.basePlot.all","D03","OSBS","OSBS_050","S2016FL107050","2016-03-22","18N01552","C","S2016FL107050-3","bulk",94.0,100.0,97.0,"2018-04-05","Kellogg Soil Survey Laboratory Methods Manual, Soil Survey Investigations Report No. 42 Version 5.0, Issued 2014","Routine Particle Size Distribution (3A1a1a)",0.0,0.0,96.0,2.8,1.2,,,0.2,2.6,5.8,36.5,49.4,4.1,0.2,"USDA NRCS Kellogg Soil Survey Laboratory",
"f84c4129-6b01-4482-9ce6-d7921ce4462e","OSBS_017.basePlot.all","D03","OSBS","OSBS_017","S2016FL107017","2016-03-23","18N01514","A","S2016FL107017-2","bulk",5.0,23.0,14.0,"2018-04-05","Kellogg Soil Survey Laboratory Methods Manual, Soil Survey Investigations Report No. 42 Version 5.0, Issued 2014","Routine Particle Size Distribution (3A1a1a)",1.1,0.0,98.0,1.4,0.6,,,0.0,1.4,2.0,29.0,55.6,10.6,0.8,"USDA NRCS Kellogg Soil Survey Laboratory",
"03bac032-ac7d-4219-8e58-3a417aac3733","OSBS_017.basePlot.all","D03","OSBS","OSBS_017","S2016FL107017","2016-03-23","18N01516","Bh2","S2016FL107017-4","bulk",62.0,100.0,81.0,"2018-04-05","Kellogg Soil Survey Laboratory Methods Manual, Soil Survey Investigations Report No. 42 Version 5.0, Issued 2014","Routine Particle Size Distribution (3A1a1a)",0.0,0.0,98.8,0.4,0.8,,,0.2,0.2,2.9,33.5,52.5,9.0,0.9,"USDA NRCS Kellogg Soil Survey Laboratory",
"92e3ff85-b383-4f2f-95a9-0da21b4c5790","OSBS_015.basePlot.all","D03","OSBS","OSBS_015","S2016FL107015","2016-03-23","18N01507","E","S2016FL107015-3","bulk",18.0,47.0,32.5,"2018-03-29","Kellogg Soil Survey Laboratory Methods Manual, Soil Survey Investigations Report No. 42 Version 5.0, Issued 2014","Routine Particle Size Distribution (3A1a1a)",0.4,0.2,98.2,1.8,0.0,,,1.8,0.0,1.6,38.2,53.5,4.7,0.2,"USDA NRCS Kellogg Soil Survey Laboratory",
"7eaf3cf4-735e-4428-8895-e46193d8932d","OSBS_017.basePlot.all","D03","OSBS","OSBS_017","S2016FL107017","2016-03-23","18N01515","Bh1","S2016FL107017-3","bulk",23.0,62.0,42.5,"2018-04-05","Kellogg Soil Survey Laboratory Methods Manual, Soil Survey Investigations Report No. 42 Version 5.0, Issued 2014","Routine Particle Size Distribution (3A1a1a)",0.0,0.0,96.9,2.0,1.1,,,0.0,2.0,1.5,27.6,56.7,10.0,1.1,"USDA NRCS Kellogg Soil Survey Laboratory",
"6979df77-8cd2-4ebc-8030-c8b84f6b492b","OSBS_015.basePlot.all","D03","OSBS","OSBS_015","S2016FL107015","2016-03-23","18N01506","A","S2016FL107015-2","bulk",12.0,18.0,15.0,"2018-03-29","Kellogg Soil Survey Laboratory Methods Manual, Soil Survey Investigations Report No. 42 Version 5.0, Issued 2014","Routine Particle Size Distribution (3A1a1a)",0.0,0.0,98.2,1.2,0.6,,,1.0,0.2,1.7,41.6,50.2,4.5,0.2,"USDA NRCS Kellogg Soil Survey Laboratory",
"3d05e8e0-0470-4da3-a4c5-6b8a823aa7d9","OSBS_015.basePlot.all","D03","OSBS","OSBS_015","S2016FL107015","2016-03-23","18N01509","C","S2016FL107015-5","bulk",70.0,100.0,85.0,"2018-04-05","Kellogg Soil Survey Laboratory Methods Manual, Soil Survey Investigations Report No. 42 Version 5.0, Issued 2014","Routine Particle Size Distribution (3A1a1a)",0.9,0.0,95.9,1.5,2.6,,,0.0,1.5,2.6,35.6,54.1,3.4,0.2,"USDA NRCS Kellogg Soil Survey Laboratory",
"5dc852f4-d74a-4f5c-b539-c0347fbce677","OSBS_015.basePlot.all","D03","OSBS","OSBS_015","S2016FL107015","2016-03-23","18N01508","Bh","S2016FL107015-4","bulk",47.0,70.0,58.5,"2018-03-29","Kellogg Soil Survey Laboratory Methods Manual, Soil Survey Investigations Report No. 42 Version 5.0, Issued 2014","Routine Particle Size Distribution (3A1a1a)",0.0,0.0,93.2,5.1,1.7,,,3.3,1.8,1.7,41.1,46.7,3.4,0.3,"USDA NRCS Kellogg Soil Survey Laboratory",
"6eec8785-c4f5-4c91-b964-8d8a9222f486","OSBS_017.basePlot.all","D03","OSBS","OSBS_017","S2016FL107017","2016-03-23","18N01513","Oi","S2016FL107017-1","bulk",0.0,5.0,2.5,,,,0.0,0.0,,,,,,,,,,,,,"USDA NRCS Kellogg Soil Survey Laboratory",
"4d70b42e-1eb9-4240-80f8-3c5bcf3def7f","OSBS_015.basePlot.all","D03","OSBS","OSBS_015","S2016FL107015","2016-03-23","18N01505","Oa","S2016FL107015-1","bulk",0.0,12.0,6.0,"2018-03-29","Kellogg Soil Survey Laboratory Methods Manual, Soil Survey Investigations Report No. 42 Version 5.0, Issued 2014","Routine Particle Size Distribution (3A1a1a)",0.0,0.0,97.8,1.5,0.7,,,0.9,0.6,1.3,28.3,63.0,4.9,0.3,"USDA NRCS Kellogg Soil Survey Laboratory",
"9150eeaf-56a2-4666-b91d-e8525ae40762","OSBS_005.basePlot.all","D03","OSBS","OSBS_005","S2016FL107005","2016-03-24","18N01481","A2","S2016FL107005-2","bulk",20.0,60.0,40.0,"2018-03-30","Kellogg Soil Survey Laboratory Methods Manual, Soil Survey Investigations Report No. 42 Version 5.0, Issued 2014","Routine Particle Size Distribution (3A1a1a)",0.0,0.0,95.9,2.5,1.6,,,1.4,1.1,10.5,31.3,39.8,12.5,1.8,"USDA NRCS Kellogg Soil Survey Laboratory",
"8a2f0c97-defb-4b8b-be64-4b48fc6d47fc","OSBS_005.basePlot.all","D03","OSBS","OSBS_005","S2016FL107005","2016-03-24","18N01482","C","S2016FL107005-3","bulk",60.0,100.0,80.0,"2018-03-30","Kellogg Soil Survey Laboratory Methods Manual, Soil Survey Investigations Report No. 42 Version 5.0, Issued 2014","Routine Particle Size Distribution (3A1a1a)",0.0,0.0,95.1,3.1,1.8,,,1.6,1.5,12.9,31.9,38.0,11.0,1.3,"USDA NRCS Kellogg Soil Survey Laboratory",
"6065fd4c-f461-43ba-a902-fbce5ff7131f","OSBS_005.basePlot.all","D03","OSBS","OSBS_005","S2016FL107005","2016-03-24","18N01480","A1","S2016FL107005-1","bulk",0.0,20.0,10.0,,,,0.0,0.0,,,,,,,,,,,,,"USDA NRCS Kellogg Soil Survey Laboratory",
"fb2cffaa-b55f-4cde-bfcf-8d7bb0ae076a","OSBS_024.basePlot.all","D03","OSBS","OSBS_024","S2016FL107024","2016-03-25","18N01536","C","S2016FL107024-2","bulk",40.0,65.0,52.5,"2018-04-05","Kellogg Soil Survey Laboratory Methods Manual, Soil Survey Investigations Report No. 42 Version 5.0, Issued 2014","Routine Particle Size Distribution (3A1a1a)",0.0,0.0,96.6,2.6,0.8,,,0.6,2.0,3.4,32.5,56.1,4.4,0.2,"USDA NRCS Kellogg Soil Survey Laboratory",
"fe3d5d28-351c-4736-80b5-18ce0f5bb4cf","OSBS_024.basePlot.all","D03","OSBS","OSBS_024","S2016FL107024","2016-03-25","18N01537","Cg","S2016FL107024-3","bulk",65.0,85.0,75.0,"2018-04-05","Kellogg Soil Survey Laboratory Methods Manual, Soil Survey Investigations Report No. 42 Version 5.0, Issued 2014","Routine Particle Size Distribution (3A1a1a)",0.0,0.0,97.7,1.4,0.9,,,0.0,1.4,3.8,38.9,51.3,3.4,0.3,"USDA NRCS Kellogg Soil Survey Laboratory",
"d4f090e4-b3b3-41ff-81b7-e44603798881","OSBS_023.basePlot.all","D03","OSBS","OSBS_023","S2016FL107023","2016-03-25","18N01534","Bh2","S2016FL107023-3","bulk",40.0,100.0,70.0,"2018-04-05","Kellogg Soil Survey Laboratory Methods Manual, Soil Survey Investigations Report No. 42 Version 5.0, Issued 2014","Routine Particle Size Distribution (3A1a1a)",0.0,0.0,92.7,4.2,3.1,,,0.4,3.8,2.3,39.4,44.9,5.8,0.3,"USDA NRCS Kellogg Soil Survey Laboratory",
"c2a9c882-2fd7-4c9c-b2d6-20fc64741085","OSBS_024.basePlot.all","D03","OSBS","OSBS_024","S2016FL107024","2016-03-25","18N01538","CB","S2016FL107024-4","bulk",85.0,100.0,92.5,"2018-04-05","Kellogg Soil Survey Laboratory Methods Manual, Soil Survey Investigations Report No. 42 Version 5.0, Issued 2014","Routine Particle Size Distribution (3A1a1a)",0.0,0.0,97.6,1.1,1.3,,,0.1,1.0,3.1,38.1,51.7,4.4,0.3,"USDA NRCS Kellogg Soil Survey Laboratory",
"54c6f33e-cc75-45b9-9d84-4ebb20f593ce","OSBS_024.basePlot.all","D03","OSBS","OSBS_024","S2016FL107024","2016-03-25","18N01535","Oa","S2016FL107024-1","bulk",0.0,40.0,20.0,,,,0.0,0.0,,,,,,,,,,,,,"USDA NRCS Kellogg Soil Survey Laboratory",
"ffaef3c7-bdc2-4995-b59b-536d34177f07","OSBS_023.basePlot.all","D03","OSBS","OSBS_023","S2016FL107023","2016-03-25","18N01533","Bh1","S2016FL107023-2","bulk",25.0,40.0,32.5,"2018-04-05","Kellogg Soil Survey Laboratory Methods Manual, Soil Survey Investigations Report No. 42 Version 5.0, Issued 2014","Routine Particle Size Distribution (3A1a1a)",0.0,0.0,95.7,1.8,2.5,,,0.5,1.3,2.4,32.6,53.2,7.0,0.5,"USDA NRCS Kellogg Soil Survey Laboratory",
"eaad119f-4935-4bb5-b03c-0b9bcf8e61ee","OSBS_023.basePlot.all","D03","OSBS","OSBS_023","S2016FL107023","2016-03-25","18N01532","A","S2016FL107023-1","bulk",0.0,25.0,12.5,"2018-04-05","Kellogg Soil Survey Laboratory Methods Manual, Soil Survey Investigations Report No. 42 Version 5.0, Issued 2014","Routine Particle Size Distribution (3A1a1a)",0.0,0.0,87.7,8.6,3.7,,,6.3,2.3,1.8,29.4,49.1,6.7,0.7,"USDA NRCS Kellogg Soil Survey Laboratory",
"ae824e73-fa66-4071-912a-8bf17f707465","OSBS_011.basePlot.all","D03","OSBS","OSBS_011","S2016FL107011","2016-03-28","18N01496","Cg","S2016FL107011-5","bulk",68.0,100.0,84.0,"2018-03-29","Kellogg Soil Survey Laboratory Methods Manual, Soil Survey Investigations Report No. 42 Version 5.0, Issued 2014","Routine Particle Size Distribution (3A1a1a)",0.0,0.0,98.2,1.8,0.0,,,0.8,1.0,4.0,29.9,54.9,9.1,0.3,"USDA NRCS Kellogg Soil Survey Laboratory",
"361584e9-56d7-4c7a-b10b-a2d8ab4ae321","OSBS_002.basePlot.all","D03","OSBS","OSBS_002","S2016FL107002","2016-03-28","18N01477","E","S2016FL107002-2","bulk",10.0,100.0,55.0,"2018-03-30","Kellogg Soil Survey Laboratory Methods Manual, Soil Survey Investigations Report No. 42 Version 5.0, Issued 2014","Routine Particle Size Distribution (3A1a1a)",2.1,0.2,96.1,2.6,1.3,,,1.3,1.3,4.7,34.6,47.3,7.3,2.2,"USDA NRCS Kellogg Soil Survey Laboratory",
"bd1c4760-b8ba-4918-85cf-96d32c107a05","OSBS_002.basePlot.all","D03","OSBS","OSBS_002","S2016FL107002","2016-03-28","18N01476","A","S2016FL107002-1","bulk",0.0,10.0,5.0,"2018-03-30","Kellogg Soil Survey Laboratory Methods Manual, Soil Survey Investigations Report No. 42 Version 5.0, Issued 2014","Routine Particle Size Distribution (3A1a1a)",0.8,0.0,96.5,3.2,0.3,,,1.5,1.7,2.0,32.9,47.3,12.6,1.7,"USDA NRCS Kellogg Soil Survey Laboratory",
"5580584d-f691-4f16-9b75-d11589c5de78","OSBS_011.basePlot.all","D03","OSBS","OSBS_011","S2016FL107011","2016-03-28","18N01493","A","S2016FL107011-2","bulk",5.0,10.0,7.5,"2018-03-29","Kellogg Soil Survey Laboratory Methods Manual, Soil Survey Investigations Report No. 42 Version 5.0, Issued 2014","Routine Particle Size Distribution (3A1a1a)",0.0,0.0,97.7,1.8,0.5,,,1.0,0.8,3.1,21.8,60.1,12.0,0.7,"USDA NRCS Kellogg Soil Survey Laboratory",
"a1d56cda-4fa3-41db-9aa9-a514d60b1594","OSBS_011.basePlot.all","D03","OSBS","OSBS_011","S2016FL107011","2016-03-28","18N01494","C1","S2016FL107011-3","bulk",10.0,30.0,20.0,"2018-03-29","Kellogg Soil Survey Laboratory Methods Manual, Soil Survey Investigations Report No. 42 Version 5.0, Issued 2014","Routine Particle Size Distribution (3A1a1a)",4.4,1.6,98.2,1.5,0.3,,,1.0,0.5,4.0,26.5,59.3,8.1,0.3,"USDA NRCS Kellogg Soil Survey Laboratory",
"8f67a079-6f81-4422-ae56-0b87bde77571","OSBS_011.basePlot.all","D03","OSBS","OSBS_011","S2016FL107011","2016-03-28","18N01495","C2","S2016FL107011-4","bulk",30.0,68.0,49.0,"2018-03-29","Kellogg Soil Survey Laboratory Methods Manual, Soil Survey Investigations Report No. 42 Version 5.0, Issued 2014","Routine Particle Size Distribution (3A1a1a)",0.0,0.0,98.4,1.3,0.3,,,1.2,0.1,3.9,29.7,56.1,8.4,0.3,"USDA NRCS Kellogg Soil Survey Laboratory",
"6ef07bee-8e12-4990-9270-385eb8e23acc","OSBS_007.basePlot.all","D03","OSBS","OSBS_007","S2016FL107007","2016-03-31","18N01483","A","S2016FL107007-1","bulk",0.0,16.0,8.0,"2018-03-30","Kellogg Soil Survey Laboratory Methods Manual, Soil Survey Investigations Report No. 42 Version 5.0, Issued 2014","Routine Particle Size Distribution (3A1a1a)",1.2,0.0,98.0,0.5,1.5,,,0.5,0.0,1.2,31.1,55.3,9.4,1.0,"USDA NRCS Kellogg Soil Survey Laboratory",
"5fac9a65-8f81-4b2f-8f17-e223384f4240","OSBS_007.basePlot.all","D03","OSBS","OSBS_007","S2016FL107007","2016-03-31","18N01485","E2","S2016FL107007-3","bulk",68.0,100.0,84.0,"2018-03-30","Kellogg Soil Survey Laboratory Methods Manual, Soil Survey Investigations Report No. 42 Version 5.0, Issued 2014","Routine Particle Size Distribution (3A1a1a)",0.6,0.0,98.0,0.5,1.5,,,0.4,0.1,1.7,29.4,56.5,9.0,1.4,"USDA NRCS Kellogg Soil Survey Laboratory",
"2aad4a29-94d1-4933-a5fe-409109fde2ef","OSBS_007.basePlot.all","D03","OSBS","OSBS_007","S2016FL107007","2016-03-31","18N01484","E1","S2016FL107007-2","bulk",16.0,68.0,42.0,"2018-03-30","Kellogg Soil Survey Laboratory Methods Manual, Soil Survey Investigations Report No. 42 Version 5.0, Issued 2014","Routine Particle Size Distribution (3A1a1a)",0.6,0.0,96.9,2.2,0.9,,,1.6,0.6,1.6,33.9,50.6,9.8,1.0,"USDA NRCS Kellogg Soil Survey Laboratory",
