uid,namedLocation,domainID,siteID,plotID,pitID,collectDate,testProtocolVersion,nrcsDescriptionID,horizonID,horizonName,horizonTopDepth,horizonBottomDepth,remarks,dataQF
"28c711d4-a4aa-49d5-8e71-84c3742c3d9f","OSBS_014.basePlot.all","D03","OSBS","OSBS_014","1163007","2016-03-21","Field Book for Describing and Sampling Soils ver3","S2016FL107014","18N01501","A2",3,10,,
"a915d9cd-3f7a-44cb-8d9b-5479d03f8988","OSBS_014.basePlot.all","D03","OSBS","OSBS_014","1163007","2016-03-21","Field Book for Describing and Sampling Soils ver3","S2016FL107014","18N01504","E",29,100,,
"7d0ccc9e-7b92-4d2d-b1f3-574b7026862f","OSBS_021.basePlot.all","D03","OSBS","OSBS_021","1169965","2016-03-21","Field Book for Describing and Sampling Soils ver3","S2016FL107021","18N01525","Oa",7,34,,
"a8cce8ce-955c-43c5-bc4d-a017be549f51","OSBS_021.basePlot.all","D03","OSBS","OSBS_021","1169965","2016-03-21","Field Book for Describing and Sampling Soils ver3","S2016FL107021","18N01527","Cg2",56,100,,
"81ebf87f-e6ba-4336-bfa4-e9fd508043b8","OSBS_014.basePlot.all","D03","OSBS","OSBS_014","1163007","2016-03-21","Field Book for Describing and Sampling Soils ver3","S2016FL107014","18N01500","A1",0,3,,
"3bef9d52-aa3a-407e-9d52-7ecffeddd0e0","OSBS_026.basePlot.all","D03","OSBS","OSBS_026","1169966","2016-03-21","Field Book for Describing and Sampling Soils ver3","S2016FL107026","18N01539","A",0,8,,
"9c202980-2246-48ba-b177-c2091985f444","OSBS_014.basePlot.all","D03","OSBS","OSBS_014","1163007","2016-03-21","Field Book for Describing and Sampling Soils ver3","S2016FL107014","18N01502","A3",10,18,"20% dark yellowish-brown (10YR 4/4) splotches and 10% black (10YR 2/1) organic stains",
"eff62ffa-4ad1-4383-8520-57908dab5084","OSBS_026.basePlot.all","D03","OSBS","OSBS_026","1169966","2016-03-21","Field Book for Describing and Sampling Soils ver3","S2016FL107026","18N01541","E2",85,100,,
"8672030e-3ff5-40f8-a659-263e9edb8692","OSBS_014.basePlot.all","D03","OSBS","OSBS_014","1163007","2016-03-21","Field Book for Describing and Sampling Soils ver3","S2016FL107014","18N01503","AE",18,29,,
"ef47aca8-d747-4f02-b707-3948cc5edd7e","OSBS_010.basePlot.all","D03","OSBS","OSBS_010","1176093","2016-03-21","Field Book for Describing and Sampling Soils ver3","S2016FL107010","18N01489","A",0,18,"30% uncoated sand grains",
"66054112-6662-4ec1-8ba2-ce15a84c1d6d","OSBS_010.basePlot.all","D03","OSBS","OSBS_010","1176093","2016-03-21","Field Book for Describing and Sampling Soils ver3","S2016FL107010","18N01490","E1",18,30,"30% uncoated sand grains",
"8a655f20-0fe4-4274-8a2a-3d0cff079370","OSBS_010.basePlot.all","D03","OSBS","OSBS_010","1176093","2016-03-21","Field Book for Describing and Sampling Soils ver3","S2016FL107010","18N01492","E3",50,100,"30% uncoated sand grains",
"3ca95970-6f1c-4e05-95b3-82952be9b07e","OSBS_021.basePlot.all","D03","OSBS","OSBS_021","1169965","2016-03-21","Field Book for Describing and Sampling Soils ver3","S2016FL107021","18N01524","Oe",0,7,"texture: 80% Rubbed Fiber",
"80344bcb-e0f6-4200-94dd-ed56bad91c24","OSBS_026.basePlot.all","D03","OSBS","OSBS_026","1169966","2016-03-21","Field Book for Describing and Sampling Soils ver3","S2016FL107026","18N01540","E1",8,85,,
"4b783e31-005a-4273-a02c-6d042e382576","OSBS_010.basePlot.all","D03","OSBS","OSBS_010","1176093","2016-03-21","Field Book for Describing and Sampling Soils ver3","S2016FL107010","18N01491","E2",30,50,"30% uncoated sand grains",
"79679f1b-f058-4854-8035-e4f70c1dd1c3","OSBS_021.basePlot.all","D03","OSBS","OSBS_021","1169965","2016-03-21","Field Book for Describing and Sampling Soils ver3","S2016FL107021","18N01526","Cg1",34,56,,
"8ba74295-23b1-4b20-98d8-be0a8d1d70b3","OSBS_020.basePlot.all","D03","OSBS","OSBS_020","1176096","2016-03-22","Field Book for Describing and Sampling Soils ver3","S2016FL107020","5837175","O",0,8,,
"2ad4981e-0c12-45ba-bb42-62804bc5d46f","OSBS_051.basePlot.all","D03","OSBS","OSBS_051","1176095","2016-03-22","Field Book for Describing and Sampling Soils ver3","S2016FL107051","18N01554","AE",38,58,"40% uncoated sand grains",
"f05c24f9-751d-4c0d-b083-e3bbfc5607cc","OSBS_016.basePlot.all","D03","OSBS","OSBS_016","1163010","2016-03-22","Field Book for Describing and Sampling Soils ver3","S2016FL107016","18N01510","A1",0,27,,
"ff4ead78-d251-4730-8c97-76a41f76b377","OSBS_022.basePlot.all","D03","OSBS","OSBS_022","1163011","2016-03-22","Field Book for Describing and Sampling Soils ver3","S2016FL107022","18N01529","Ag",32,40,,
"55ff055b-41f4-4420-a89a-f5a392e9830c","OSBS_048.basePlot.all","D03","OSBS","OSBS_048","1163009","2016-03-22","Field Book for Describing and Sampling Soils ver3","S2016FL107048","18N01546","AE",12,31,,
"e9ea219b-b464-4521-83e3-44fdf16273d1","OSBS_018.basePlot.all","D03","OSBS","OSBS_018","1176092","2016-03-22","Field Book for Describing and Sampling Soils ver3","S2016FL107018","5837160","O",0,8,,
"96a42487-711f-4c5e-9aa0-6142d510e733","OSBS_048.basePlot.all","D03","OSBS","OSBS_048","1163009","2016-03-22","Field Book for Describing and Sampling Soils ver3","S2016FL107048","18N01547","E1",31,64,,
"c62480da-08fb-4375-8667-3cf9e04d6d6e","OSBS_008.basePlot.all","D03","OSBS","OSBS_008","1176097","2016-03-22","Field Book for Describing and Sampling Soils ver3","S2016FL107008","18N01486","A",0,22,"60% uncoated sand grains",
"7e7657ee-0456-4d9a-a42b-d910b09e68a6","OSBS_050.basePlot.all","D03","OSBS","OSBS_050","1176094","2016-03-22","Field Book for Describing and Sampling Soils ver3","S2016FL107050","18N01552","C",94,100,,
"78bcee58-2596-4b22-b395-a2eeb8923a69","OSBS_013.basePlot.all","D03","OSBS","OSBS_013","1163008","2016-03-22","Field Book for Describing and Sampling Soils ver3","S2016FL107013","18N01499","E2",44,100,,
"16800a5f-ea09-4fa5-a799-3b2d32ff8be7","OSBS_048.basePlot.all","D03","OSBS","OSBS_048","1163009","2016-03-22","Field Book for Describing and Sampling Soils ver3","S2016FL107048","18N01545","A",0,12,,
"c4d39cea-cc80-4122-885f-060be602b7a0","OSBS_013.basePlot.all","D03","OSBS","OSBS_013","1163008","2016-03-22","Field Book for Describing and Sampling Soils ver3","S2016FL107013","18N01498","E1",9,44,,
"1a6ecec6-7f6e-4b3e-abb6-dbfedc356501","OSBS_018.basePlot.all","D03","OSBS","OSBS_018","1176092","2016-03-22","Field Book for Describing and Sampling Soils ver3","S2016FL107018","18N01518","A2",18,51,"40% uncoated sand grains",
"1e439de4-2d65-4140-9238-46d2c0c85d20","OSBS_050.basePlot.all","D03","OSBS","OSBS_050","1176094","2016-03-22","Field Book for Describing and Sampling Soils ver3","S2016FL107050","18N01551","A2",23,94,"20% uncoated sand grains",
"4a454de3-368f-4681-b661-12898b2a3b92","OSBS_048.basePlot.all","D03","OSBS","OSBS_048","1163009","2016-03-22","Field Book for Describing and Sampling Soils ver3","S2016FL107048","18N01548","E2",64,93,,
"eed725ec-d87a-4853-a68a-eeeac577ecc7","OSBS_008.basePlot.all","D03","OSBS","OSBS_008","1176097","2016-03-22","Field Book for Describing and Sampling Soils ver3","S2016FL107008","18N01487","AE",22,34,,
"503eae25-9135-46cc-9092-d44142d640a0","OSBS_031.basePlot.all","D03","OSBS","OSBS_031","1169968","2016-03-22","Field Book for Describing and Sampling Soils ver3","S2016FL107031","18N01542","A1",0,10,,
"eef8d336-dfb4-4f04-92b7-d60ab24a8b17","OSBS_020.basePlot.all","D03","OSBS","OSBS_020","1176096","2016-03-22","Field Book for Describing and Sampling Soils ver3","S2016FL107020","18N01522","A2",18,61,"40% uncoated sand grains",
"128f94b2-a9d4-4b2d-a49f-a989c47418a6","OSBS_031.basePlot.all","D03","OSBS","OSBS_031","1169968","2016-03-22","Field Book for Describing and Sampling Soils ver3","S2016FL107031","18N01544","C",36,100,,
"edbb4163-1264-440c-b10b-4c4a333f6c5c","OSBS_008.basePlot.all","D03","OSBS","OSBS_008","1176097","2016-03-22","Field Book for Describing and Sampling Soils ver3","S2016FL107008","18N01488","E",34,100,,
"baf5d0be-57b0-4e1d-a003-945e80e4ba04","OSBS_031.basePlot.all","D03","OSBS","OSBS_031","1169968","2016-03-22","Field Book for Describing and Sampling Soils ver3","S2016FL107031","18N01543","A2",10,36,,
"6c172cb8-b630-4e44-b2a4-57dd48c5b4f1","OSBS_016.basePlot.all","D03","OSBS","OSBS_016","1163010","2016-03-22","Field Book for Describing and Sampling Soils ver3","S2016FL107016","18N01512","Cg",60,100,,
"33c1f706-1b9e-4210-b81d-a9b4485e44b4","OSBS_048.basePlot.all","D03","OSBS","OSBS_048","1163009","2016-03-22","Field Book for Describing and Sampling Soils ver3","S2016FL107048","18N01549","Bt",93,100,,
"c28091a6-f522-4a0f-a336-dc119f0a324e","OSBS_018.basePlot.all","D03","OSBS","OSBS_018","1176092","2016-03-22","Field Book for Describing and Sampling Soils ver3","S2016FL107018","18N01520","C",74,100,"5% organic streaks and root channels",
"13010b7f-6714-4f35-a8ee-324652fed6cc","OSBS_003.basePlot.all","D03","OSBS","OSBS_003","1169967","2016-03-22","Field Book for Describing and Sampling Soils ver3","S2016FL107003","18N01478","A",0,18,,
"be0d58b9-4fd8-4adf-9bc2-a448f4b9e575","OSBS_022.basePlot.all","D03","OSBS","OSBS_022","1163011","2016-03-22","Field Book for Describing and Sampling Soils ver3","S2016FL107022","18N01528","Oa",0,32,"less than 1 percent fibers unrubbed and rubbed",
"e8f078e9-5258-447c-aa3b-0298197a52fa","OSBS_022.basePlot.all","D03","OSBS","OSBS_022","1163011","2016-03-22","Field Book for Describing and Sampling Soils ver3","S2016FL107022","18N01531","Cg2",56,100,"many, fine and medium black (10YR 2/1) organic stains",
"9944aead-faa1-46ca-a9bc-4d1447f39b77","OSBS_016.basePlot.all","D03","OSBS","OSBS_016","1163010","2016-03-22","Field Book for Describing and Sampling Soils ver3","S2016FL107016","18N01511","A2",27,60,,
"bbedc10d-d391-4974-b088-f7257adc5ea6","OSBS_018.basePlot.all","D03","OSBS","OSBS_018","1176092","2016-03-22","Field Book for Describing and Sampling Soils ver3","S2016FL107018","18N01517","A1",8,18,"40% uncoated sand grains",
"aba2f6c3-6efa-4880-8ce5-3b95348709ad","OSBS_022.basePlot.all","D03","OSBS","OSBS_022","1163011","2016-03-22","Field Book for Describing and Sampling Soils ver3","S2016FL107022","18N01530","Cg1",40,56,"many, fine black (10YR 2/1) organic stains",
"7c362ca4-178b-469a-8fa7-da623b4e99d9","OSBS_003.basePlot.all","D03","OSBS","OSBS_003","1169967","2016-03-22","Field Book for Describing and Sampling Soils ver3","S2016FL107003","18N01479","C",18,100,,
"f869a94d-3ae4-42b0-b754-a42313b5cafc","OSBS_020.basePlot.all","D03","OSBS","OSBS_020","1176096","2016-03-22","Field Book for Describing and Sampling Soils ver3","S2016FL107020","18N01523","C",61,100,,
"3ed035c3-c1fc-43fc-95b4-2de52eaa1166","OSBS_050.basePlot.all","D03","OSBS","OSBS_050","1176094","2016-03-22","Field Book for Describing and Sampling Soils ver3","S2016FL107050","18N01550","A1",0,23,"60% uncoated sand grains",
"7b98793d-7f19-446d-adee-7f87a9f8f363","OSBS_020.basePlot.all","D03","OSBS","OSBS_020","1176096","2016-03-22","Field Book for Describing and Sampling Soils ver3","S2016FL107020","18N01521","A1",8,18,"35% uncoated sand grains",
"f13969cc-d15f-425a-9596-6d4867ae50af","OSBS_013.basePlot.all","D03","OSBS","OSBS_013","1163008","2016-03-22","Field Book for Describing and Sampling Soils ver3","S2016FL107013","18N01497","A",0,9,,
"4f8f9559-b488-4103-bd33-6653c1dc8ea2","OSBS_051.basePlot.all","D03","OSBS","OSBS_051","1176095","2016-03-22","Field Book for Describing and Sampling Soils ver3","S2016FL107051","18N01553","A",0,38,"10% uncoated sand grains",
"83b7179d-4072-4e82-a919-785d31441d1e","OSBS_051.basePlot.all","D03","OSBS","OSBS_051","1176095","2016-03-22","Field Book for Describing and Sampling Soils ver3","S2016FL107051","18N01555","C",58,100,,
"f61b876c-41ba-421a-aba3-60ef3138a2f8","OSBS_018.basePlot.all","D03","OSBS","OSBS_018","1176092","2016-03-22","Field Book for Describing and Sampling Soils ver3","S2016FL107018","18N01519","Bt",51,74,"5% uncoated sand grains",
"86e45192-ac7d-4a79-b75e-dc61ec5cb1f3","OSBS_017.basePlot.all","D03","OSBS","OSBS_017","1163013","2016-03-23","Field Book for Describing and Sampling Soils ver3","S2016FL107017","18N01516","Bh2",62,100,,
"14670673-ddb1-4cd6-9670-5bf4768ec7f9","OSBS_017.basePlot.all","D03","OSBS","OSBS_017","1163013","2016-03-23","Field Book for Describing and Sampling Soils ver3","S2016FL107017","18N01514","A",5,23,,
"2bc6d03c-4b52-475b-af9f-3dbc9e994d67","OSBS_015.basePlot.all","D03","OSBS","OSBS_015","1169969","2016-03-23","Field Book for Describing and Sampling Soils ver3","S2016FL107015","18N01506","A",12,18,,
"8178c3cf-211a-4456-8a63-17b70fa4c2cb","OSBS_015.basePlot.all","D03","OSBS","OSBS_015","1169969","2016-03-23","Field Book for Describing and Sampling Soils ver3","S2016FL107015","18N01508","Bh",47,70,,
"4ed2aacb-53b2-4b25-97d5-33d0916c30fc","OSBS_015.basePlot.all","D03","OSBS","OSBS_015","1169969","2016-03-23","Field Book for Describing and Sampling Soils ver3","S2016FL107015","18N01509","C",70,100,,
"77c211c6-bb9a-4620-9c80-17d6ca5fa43f","OSBS_015.basePlot.all","D03","OSBS","OSBS_015","1169969","2016-03-23","Field Book for Describing and Sampling Soils ver3","S2016FL107015","18N01505","Oa",0,12,,
"97406bd4-04ff-4db4-af1e-ad5f1264ec56","OSBS_017.basePlot.all","D03","OSBS","OSBS_017","1163013","2016-03-23","Field Book for Describing and Sampling Soils ver3","S2016FL107017","18N01513","Oi",0,5,,
"7ea2264c-e0e3-4215-8323-e60c6e72bb2a","OSBS_015.basePlot.all","D03","OSBS","OSBS_015","1169969","2016-03-23","Field Book for Describing and Sampling Soils ver3","S2016FL107015","18N01507","E",18,47,,
"e8b0f9a9-3a9e-47a4-849f-2976c93c0727","OSBS_017.basePlot.all","D03","OSBS","OSBS_017","1163013","2016-03-23","Field Book for Describing and Sampling Soils ver3","S2016FL107017","18N01515","Bh1",23,62,,
"2fa66938-625a-4655-aaec-5c94d7c4e8b2","OSBS_005.basePlot.all","D03","OSBS","OSBS_005","1121203","2016-03-24","Field Book for Describing and Sampling Soils ver3","S2016FL107005","18N01481","A2",20,60,"common pokes of light gray ( 10YR 7/1) fine sand",
"d1609b82-ceda-427f-80aa-1fa90b793e62","OSBS_005.basePlot.all","D03","OSBS","OSBS_005","1121203","2016-03-24","Field Book for Describing and Sampling Soils ver3","S2016FL107005","18N01480","A1",0,20,,
"cd428f2a-52b7-445a-b28d-9d6f904bf652","OSBS_005.basePlot.all","D03","OSBS","OSBS_005","1121203","2016-03-24","Field Book for Describing and Sampling Soils ver3","S2016FL107005","18N01482","C",60,100,,
"328abc25-4d97-4476-ad32-ffeee4325d15","OSBS_024.basePlot.all","D03","OSBS","OSBS_024","1121200","2016-03-25","Field Book for Describing and Sampling Soils ver3","S2016FL107024","18N01536","C",40,65,,
"faf6622e-ad7c-47e9-b9eb-d9922bba0d17","OSBS_023.basePlot.all","D03","OSBS","OSBS_023","1121204","2016-03-25","Field Book for Describing and Sampling Soils ver3","S2016FL107023","18N01534","Bh2",40,100,,
"c9d26dbd-289b-4201-8950-ebaf9beaa2b1","OSBS_024.basePlot.all","D03","OSBS","OSBS_024","1121200","2016-03-25","Field Book for Describing and Sampling Soils ver3","S2016FL107024","18N01537","Cg",65,85,,
"e53512fc-0da1-403f-b936-ba597542fca3","OSBS_023.basePlot.all","D03","OSBS","OSBS_023","1121204","2016-03-25","Field Book for Describing and Sampling Soils ver3","S2016FL107023","18N01533","Bh1",25,40,"common pokes of very dark grayish brown( 10YR 3/2) fine sand",
"b227a7ad-718b-4968-a7e4-d33a460a0cfc","OSBS_023.basePlot.all","D03","OSBS","OSBS_023","1121204","2016-03-25","Field Book for Describing and Sampling Soils ver3","S2016FL107023","18N01532","A",0,25,,
"a54b4dce-bba3-4e8b-9b97-0658e70ff429","OSBS_024.basePlot.all","D03","OSBS","OSBS_024","1121200","2016-03-25","Field Book for Describing and Sampling Soils ver3","S2016FL107024","18N01535","Oa",0,40,,
"67562fb1-0679-4bc6-8e31-ab972dcd9e92","OSBS_024.basePlot.all","D03","OSBS","OSBS_024","1121200","2016-03-25","Field Book for Describing and Sampling Soils ver3","S2016FL107024","18N01538","CB",85,100,,
"07c67282-22cb-4b32-982b-e4ef9d446fa2","OSBS_002.basePlot.all","D03","OSBS","OSBS_002","1121201","2016-03-28","Field Book for Describing and Sampling Soils ver3","S2016FL107002","18N01477","E",10,100,"many uncoated sand grains; common medium charcoal",
"00e48be5-e1cb-4a56-b4a8-7ad772107d5c","OSBS_011.basePlot.all","D03","OSBS","OSBS_011","1121202","2016-03-28","Field Book for Describing and Sampling Soils ver3","S2016FL107011","5494214","Oi",0,5,,
"f0b1d36e-21a1-4c47-a025-27d304f4905e","OSBS_011.basePlot.all","D03","OSBS","OSBS_011","1121202","2016-03-28","Field Book for Describing and Sampling Soils ver3","S2016FL107011","18N01493","A",5,10,"many uncoated sand grains; few fine charcoal",
"da2a423f-f8c4-4963-b1fc-27c93e349520","OSBS_011.basePlot.all","D03","OSBS","OSBS_011","1121202","2016-03-28","Field Book for Describing and Sampling Soils ver3","S2016FL107011","18N01494","C1",10,30,"few fine charcoal",
"a746c734-9f6e-49be-8885-b4123c047db8","OSBS_011.basePlot.all","D03","OSBS","OSBS_011","1121202","2016-03-28","Field Book for Describing and Sampling Soils ver3","S2016FL107011","18N01495","C2",30,68,"common medium distinct yellowish brown (10 YR 5/6) reduce matrix; few fine charcoal",
"fab655e6-4ef7-4d67-a658-ad16ad2abc92","OSBS_002.basePlot.all","D03","OSBS","OSBS_002","1121201","2016-03-28","Field Book for Describing and Sampling Soils ver3","S2016FL107002","18N01476","A",0,10,,
"fc17349f-2a2d-4218-b180-841a64607a12","OSBS_011.basePlot.all","D03","OSBS","OSBS_011","1121202","2016-03-28","Field Book for Describing and Sampling Soils ver3","S2016FL107011","18N01496","Cg",68,100,"few medium distinct yellowish brown (10 YR 5/8) reduce matrix; few fine charcoal",
"2ca9d296-9f3f-4421-92a9-f4ca22df1f45","OSBS_007.basePlot.all","D03","OSBS","OSBS_007","1163012","2016-03-31","Field Book for Describing and Sampling Soils ver3","S2016FL107007","18N01485","E2",68,100,,
"7b31e9a5-bc83-4574-9d8c-fca60a5b553f","OSBS_007.basePlot.all","D03","OSBS","OSBS_007","1163012","2016-03-31","Field Book for Describing and Sampling Soils ver3","S2016FL107007","18N01483","A",0,16,,
"dfed1d7c-fdf6-4376-91f9-ddf89bc5e63d","OSBS_007.basePlot.all","D03","OSBS","OSBS_007","1163012","2016-03-31","Field Book for Describing and Sampling Soils ver3","S2016FL107007","18N01484","E1",16,68,"brown (10YR 4/3) organic stains",
