uid,namedLocation,domainID,siteID,plotID,nrcsDescriptionID,collectDate,horizonID,horizonName,bulkDensProcessedDate,bulkDensMethodPub,bulkDensMethod,bulkDensIDnrcs,bulkDensSampleType,bulkDensCenterDepth,bulkDensTopDepth,bulkDensBottomDepth,bulkDensThirdBar,bulkDensOvenDry,bulkDensFieldMoist,waterRetentionThirdBar,fieldWaterContent,laboratoryName,remarks,dataQF
"218a187a-d48f-41d7-a601-44921c2b0e10","OSBS_014.basePlot.all","D03","OSBS","OSBS_014","S2016FL107014","2016-03-21","18N01502","A3","2018-04-03","Kellogg Soil Survey Laboratory Methods Manual, Soil Survey Investigations Report No. 42 Version 5.0, Issued 2014","Bulk Density, Field Core (3B7)","S2016FL107014-3","field core",14.0,10.0,18.0,,,1.30,,0.6,"USDA NRCS Kellogg Soil Survey Laboratory",,
"ef1fe1b9-3732-48f9-babc-8bf1c780a809","OSBS_010.basePlot.all","D03","OSBS","OSBS_010","S2016FL107010","2016-03-21","18N01490","E1","2018-04-03","Kellogg Soil Survey Laboratory Methods Manual, Soil Survey Investigations Report No. 42 Version 5.0, Issued 2014","Bulk Density, Field Core (3B7)","S2016FL107010-2","field core",24.0,18.0,30.0,,,1.32,,0.7,"USDA NRCS Kellogg Soil Survey Laboratory",,
"077ba4ab-71c0-4119-b3d7-fcbf1665ee21","OSBS_021.basePlot.all","D03","OSBS","OSBS_021","S2016FL107021","2016-03-21","18N01527","Cg2","2018-04-03","Kellogg Soil Survey Laboratory Methods Manual, Soil Survey Investigations Report No. 42 Version 5.0, Issued 2014","Bulk Density, Field Core (3B7)","S2016FL107021-4","field core",78.0,56.0,100.0,,,1.29,,0.2,"USDA NRCS Kellogg Soil Survey Laboratory",,
"d848b278-6105-494d-ae3a-dcb50a2da903","OSBS_014.basePlot.all","D03","OSBS","OSBS_014","S2016FL107014","2016-03-21","18N01503","AE","2018-04-03","Kellogg Soil Survey Laboratory Methods Manual, Soil Survey Investigations Report No. 42 Version 5.0, Issued 2014","Bulk Density, Field Core (3B7)","S2016FL107014-4","field core",23.5,18.0,29.0,,,1.33,,0.6,"USDA NRCS Kellogg Soil Survey Laboratory",,
"d15b51b4-e056-4868-9492-b76da25c4303","OSBS_010.basePlot.all","D03","OSBS","OSBS_010","S2016FL107010","2016-03-21","18N01492","E3","2018-04-03","Kellogg Soil Survey Laboratory Methods Manual, Soil Survey Investigations Report No. 42 Version 5.0, Issued 2014","Bulk Density, Field Core (3B7)","S2016FL107010-4","field core",75.0,50.0,100.0,,,1.38,,0.5,"USDA NRCS Kellogg Soil Survey Laboratory",,
"a47b5c15-db2f-4943-b5d4-020e443e8a8c","OSBS_010.basePlot.all","D03","OSBS","OSBS_010","S2016FL107010","2016-03-21","18N01491","E2","2018-04-03","Kellogg Soil Survey Laboratory Methods Manual, Soil Survey Investigations Report No. 42 Version 5.0, Issued 2014","Bulk Density, Field Core (3B7)","S2016FL107010-3","field core",40.0,30.0,50.0,,,1.34,,0.5,"USDA NRCS Kellogg Soil Survey Laboratory",,
"88b90972-b4dc-458f-847c-10020f22d8ae","OSBS_014.basePlot.all","D03","OSBS","OSBS_014","S2016FL107014","2016-03-21","18N01504","E","2018-04-03","Kellogg Soil Survey Laboratory Methods Manual, Soil Survey Investigations Report No. 42 Version 5.0, Issued 2014","Bulk Density, Field Core (3B7)","S2016FL107014-5","field core",64.5,29.0,100.0,,,1.30,,0.4,"USDA NRCS Kellogg Soil Survey Laboratory",,
"baff51ad-f8e8-4f7f-8e76-f3c62a230edb","OSBS_014.basePlot.all","D03","OSBS","OSBS_014","S2016FL107014","2016-03-21","18N01501","A2","2018-04-03","Kellogg Soil Survey Laboratory Methods Manual, Soil Survey Investigations Report No. 42 Version 5.0, Issued 2014","Bulk Density, Field Core (3B7)","S2016FL107014-2","field core",6.5,3.0,10.0,,,1.26,,0.6,"USDA NRCS Kellogg Soil Survey Laboratory",,
"b185af90-ee0a-47d5-ad8a-58f54d677e9c","OSBS_010.basePlot.all","D03","OSBS","OSBS_010","S2016FL107010","2016-03-21","18N01489","A","2018-04-03","Kellogg Soil Survey Laboratory Methods Manual, Soil Survey Investigations Report No. 42 Version 5.0, Issued 2014","Bulk Density, Field Core (3B7)","S2016FL107010-1","field core",9.0,0.0,18.0,,,1.29,,0.6,"USDA NRCS Kellogg Soil Survey Laboratory",,
"fabe2496-1820-441b-8624-5331322cff29","OSBS_021.basePlot.all","D03","OSBS","OSBS_021","S2016FL107021","2016-03-21","18N01525","Oa","2018-04-03","Kellogg Soil Survey Laboratory Methods Manual, Soil Survey Investigations Report No. 42 Version 5.0, Issued 2014","Bulk Density, Field Core (3B7)","S2016FL107021-2","field core",20.5,7.0,34.0,,,0.30,,11.4,"USDA NRCS Kellogg Soil Survey Laboratory",,
"617b8f8f-48c6-4d6a-9940-6c1d589135be","OSBS_021.basePlot.all","D03","OSBS","OSBS_021","S2016FL107021","2016-03-21","18N01524","Oe","2018-04-03","Kellogg Soil Survey Laboratory Methods Manual, Soil Survey Investigations Report No. 42 Version 5.0, Issued 2014","Bulk Density, Field Core (3B7)","S2016FL107021-1","field core",3.5,0.0,7.0,,,0.14,,16.2,"USDA NRCS Kellogg Soil Survey Laboratory",,
"4380c520-430f-471c-b73f-cf536fae48ce","OSBS_021.basePlot.all","D03","OSBS","OSBS_021","S2016FL107021","2016-03-21","18N01526","Cg1","2018-04-03","Kellogg Soil Survey Laboratory Methods Manual, Soil Survey Investigations Report No. 42 Version 5.0, Issued 2014","Bulk Density, Field Core (3B7)","S2016FL107021-3","field core",45.0,34.0,56.0,,,1.24,,0.6,"USDA NRCS Kellogg Soil Survey Laboratory",,
"22791a24-c2d5-4ff0-864a-45a8ee4bbe25","OSBS_018.basePlot.all","D03","OSBS","OSBS_018","S2016FL107018","2016-03-22","18N01518","A2","2018-04-03","Kellogg Soil Survey Laboratory Methods Manual, Soil Survey Investigations Report No. 42 Version 5.0, Issued 2014","Bulk Density, Field Core (3B7)","S2016FL107018-3","field core",34.5,18.0,51.0,,,1.20,,0.6,"USDA NRCS Kellogg Soil Survey Laboratory",,
"5da23cd3-8f8f-4d70-bf70-da0fa82c3eea","OSBS_020.basePlot.all","D03","OSBS","OSBS_020","S2016FL107020","2016-03-22","18N01523","C","2018-04-03","Kellogg Soil Survey Laboratory Methods Manual, Soil Survey Investigations Report No. 42 Version 5.0, Issued 2014","Bulk Density, Field Core (3B7)","S2016FL107020-4","field core",80.5,61.0,100.0,,,1.12,,0.7,"USDA NRCS Kellogg Soil Survey Laboratory",,
"f183e9d4-e0b9-4781-885c-99d6b3f4ba3c","OSBS_022.basePlot.all","D03","OSBS","OSBS_022","S2016FL107022","2016-03-22","18N01530","Cg1","2018-04-03","Kellogg Soil Survey Laboratory Methods Manual, Soil Survey Investigations Report No. 42 Version 5.0, Issued 2014","Bulk Density, Field Core (3B7)","S2016FL107022-3","field core",48.0,40.0,56.0,,,1.20,,3.1,"USDA NRCS Kellogg Soil Survey Laboratory",,
"135faee7-93df-4562-a604-a41c76f8516b","OSBS_003.basePlot.all","D03","OSBS","OSBS_003","S2016FL107003","2016-03-22","18N01478","A","2018-04-03","Kellogg Soil Survey Laboratory Methods Manual, Soil Survey Investigations Report No. 42 Version 5.0, Issued 2014","Bulk Density, Field Core (3B7)","S2016FL107003-1","field core",9.0,0.0,18.0,,,1.31,,0.6,"USDA NRCS Kellogg Soil Survey Laboratory",,
"535ccf41-130e-43a9-a6bc-0c2d9557b01d","OSBS_013.basePlot.all","D03","OSBS","OSBS_013","S2016FL107013","2016-03-22","18N01498","E1","2018-04-03","Kellogg Soil Survey Laboratory Methods Manual, Soil Survey Investigations Report No. 42 Version 5.0, Issued 2014","Bulk Density, Field Core (3B7)","S2016FL107013-2","field core",26.5,9.0,44.0,,,1.22,,0.4,"USDA NRCS Kellogg Soil Survey Laboratory",,
"49c2fc4e-d3d6-4688-9126-43fea992c827","OSBS_051.basePlot.all","D03","OSBS","OSBS_051","S2016FL107051","2016-03-22","18N01555","C","2018-04-03","Kellogg Soil Survey Laboratory Methods Manual, Soil Survey Investigations Report No. 42 Version 5.0, Issued 2014","Bulk Density, Field Core (3B7)","S2016FL107051-3","field core",79.0,58.0,100.0,,,1.31,,0.2,"USDA NRCS Kellogg Soil Survey Laboratory",,
"b207f010-7e11-4f31-ae85-6f02a32688a9","OSBS_008.basePlot.all","D03","OSBS","OSBS_008","S2016FL107008","2016-03-22","18N01487","AE","2018-04-03","Kellogg Soil Survey Laboratory Methods Manual, Soil Survey Investigations Report No. 42 Version 5.0, Issued 2014","Bulk Density, Field Core (3B7)","S2016FL107008-2","field core",28.0,22.0,34.0,,,1.30,,0.2,"USDA NRCS Kellogg Soil Survey Laboratory",,
"691db0e1-ff13-4eef-ab70-db0c7be17a88","OSBS_016.basePlot.all","D03","OSBS","OSBS_016","S2016FL107016","2016-03-22","18N01510","A1","2018-04-03","Kellogg Soil Survey Laboratory Methods Manual, Soil Survey Investigations Report No. 42 Version 5.0, Issued 2014","Bulk Density, Field Core (3B7)","S2016FL107016-1","field core",13.5,0.0,27.0,,,0.79,,3.7,"USDA NRCS Kellogg Soil Survey Laboratory",,
"ca7c17d7-6b46-4ec1-b22e-3a4e1d7eed4d","OSBS_018.basePlot.all","D03","OSBS","OSBS_018","S2016FL107018","2016-03-22","18N01520","C","2018-05-02","Kellogg Soil Survey Laboratory Methods Manual, Soil Survey Investigations Report No. 42 Version 5.0, Issued 2014","Bulk Density, Field Core (3B7)","S2016FL107018-5","field core",87.0,74.0,100.0,,,1.03,,0.7,"USDA NRCS Kellogg Soil Survey Laboratory",,
"d129bf80-ec78-4f0f-b0aa-b288acd4c276","OSBS_016.basePlot.all","D03","OSBS","OSBS_016","S2016FL107016","2016-03-22","18N01512","Cg","2018-04-03","Kellogg Soil Survey Laboratory Methods Manual, Soil Survey Investigations Report No. 42 Version 5.0, Issued 2014","Bulk Density, Field Core (3B7)","S2016FL107016-3","field core",80.0,60.0,100.0,,,1.39,,0.4,"USDA NRCS Kellogg Soil Survey Laboratory",,
"9e44bdc1-1d09-4cd4-9821-6e5e9c3d0dec","OSBS_022.basePlot.all","D03","OSBS","OSBS_022","S2016FL107022","2016-03-22","18N01531","Cg2","2018-04-03","Kellogg Soil Survey Laboratory Methods Manual, Soil Survey Investigations Report No. 42 Version 5.0, Issued 2014","Bulk Density, Field Core (3B7)","S2016FL107022-4","field core",78.0,56.0,100.0,,,1.24,,9.5,"USDA NRCS Kellogg Soil Survey Laboratory",,
"d406a737-e0a0-4b74-80db-8e46f7ca74f3","OSBS_013.basePlot.all","D03","OSBS","OSBS_013","S2016FL107013","2016-03-22","18N01499","E2","2018-04-03","Kellogg Soil Survey Laboratory Methods Manual, Soil Survey Investigations Report No. 42 Version 5.0, Issued 2014","Bulk Density, Field Core (3B7)","S2016FL107013-3","field core",72.0,44.0,100.0,,,1.26,,0.0,"USDA NRCS Kellogg Soil Survey Laboratory",,
"a91df8d2-faf6-469d-b97c-91a3fd2edccb","OSBS_020.basePlot.all","D03","OSBS","OSBS_020","S2016FL107020","2016-03-22","18N01522","A2","2018-04-03","Kellogg Soil Survey Laboratory Methods Manual, Soil Survey Investigations Report No. 42 Version 5.0, Issued 2014","Bulk Density, Field Core (3B7)","S2016FL107020-3","field core",39.5,18.0,61.0,,,1.09,,1.3,"USDA NRCS Kellogg Soil Survey Laboratory",,
"c2191227-df0f-4c7b-afdd-bd1cc7ec1cfe","OSBS_048.basePlot.all","D03","OSBS","OSBS_048","S2016FL107048","2016-03-22","18N01546","AE","2018-04-03","Kellogg Soil Survey Laboratory Methods Manual, Soil Survey Investigations Report No. 42 Version 5.0, Issued 2014","Bulk Density, Field Core (3B7)","S2016FL107048-2","field core",21.5,12.0,31.0,,,1.32,,0.2,"USDA NRCS Kellogg Soil Survey Laboratory",,
"465cbc15-33a1-4fa5-93e5-4593645822e3","OSBS_022.basePlot.all","D03","OSBS","OSBS_022","S2016FL107022","2016-03-22","18N01529","Ag","2018-04-03","Kellogg Soil Survey Laboratory Methods Manual, Soil Survey Investigations Report No. 42 Version 5.0, Issued 2014","Bulk Density, Field Core (3B7)","S2016FL107022-2","field core",36.0,32.0,40.0,,,0.93,,13.3,"USDA NRCS Kellogg Soil Survey Laboratory",,
"235e80ec-9e16-439a-b5bc-882ea55198c9","OSBS_018.basePlot.all","D03","OSBS","OSBS_018","S2016FL107018","2016-03-22","18N01517","A1","2018-04-03","Kellogg Soil Survey Laboratory Methods Manual, Soil Survey Investigations Report No. 42 Version 5.0, Issued 2014","Bulk Density, Field Core (3B7)","S2016FL107018-2","field core",13.0,8.0,18.0,,,1.00,,1.0,"USDA NRCS Kellogg Soil Survey Laboratory",,
"83f5528d-ae16-4210-9bc7-1c64e292eacd","OSBS_008.basePlot.all","D03","OSBS","OSBS_008","S2016FL107008","2016-03-22","18N01488","E","2018-04-03","Kellogg Soil Survey Laboratory Methods Manual, Soil Survey Investigations Report No. 42 Version 5.0, Issued 2014","Bulk Density, Field Core (3B7)","S2016FL107008-3","field core",67.0,34.0,100.0,,,1.29,,0.6,"USDA NRCS Kellogg Soil Survey Laboratory",,
"d17c39d5-f136-432f-9dc1-71b0485f8f52","OSBS_020.basePlot.all","D03","OSBS","OSBS_020","S2016FL107020","2016-03-22","18N01521","A1","2018-04-03","Kellogg Soil Survey Laboratory Methods Manual, Soil Survey Investigations Report No. 42 Version 5.0, Issued 2014","Bulk Density, Field Core (3B7)","S2016FL107020-2","field core",13.0,8.0,18.0,,,0.59,,6.1,"USDA NRCS Kellogg Soil Survey Laboratory",,
"1794d6dc-ca44-42d7-8f44-52ec66bc20f2","OSBS_051.basePlot.all","D03","OSBS","OSBS_051","S2016FL107051","2016-03-22","18N01554","AE","2018-04-03","Kellogg Soil Survey Laboratory Methods Manual, Soil Survey Investigations Report No. 42 Version 5.0, Issued 2014","Bulk Density, Field Core (3B7)","S2016FL107051-2","field core",48.0,38.0,58.0,,,1.40,,0.0,"USDA NRCS Kellogg Soil Survey Laboratory",,
"be1b9d48-e26e-4217-8b08-f7dfaf57839c","OSBS_003.basePlot.all","D03","OSBS","OSBS_003","S2016FL107003","2016-03-22","18N01479","C","2018-04-03","Kellogg Soil Survey Laboratory Methods Manual, Soil Survey Investigations Report No. 42 Version 5.0, Issued 2014","Bulk Density, Field Core (3B7)","S2016FL107003-2","field core",59.0,18.0,100.0,,,1.35,,0.4,"USDA NRCS Kellogg Soil Survey Laboratory",,
"bb52ff7d-713b-4d6f-aed4-7bd9e8204d33","OSBS_050.basePlot.all","D03","OSBS","OSBS_050","S2016FL107050","2016-03-22","18N01550","A1","2018-04-03","Kellogg Soil Survey Laboratory Methods Manual, Soil Survey Investigations Report No. 42 Version 5.0, Issued 2014","Bulk Density, Field Core (3B7)","S2016FL107050-1","field core",11.5,0.0,23.0,,,1.00,,0.5,"USDA NRCS Kellogg Soil Survey Laboratory",,
"c68905b0-1d14-4bff-80ed-a2c3cdd7609f","OSBS_050.basePlot.all","D03","OSBS","OSBS_050","S2016FL107050","2016-03-22","18N01552","C","2018-04-03","Kellogg Soil Survey Laboratory Methods Manual, Soil Survey Investigations Report No. 42 Version 5.0, Issued 2014","Bulk Density, Field Core (3B7)","S2016FL107050-3","field core",97.0,94.0,100.0,,,1.21,,0.2,"USDA NRCS Kellogg Soil Survey Laboratory",,
"edd41198-12f9-4dae-92a1-dcf52e3145b2","OSBS_050.basePlot.all","D03","OSBS","OSBS_050","S2016FL107050","2016-03-22","18N01551","A2","2018-04-03","Kellogg Soil Survey Laboratory Methods Manual, Soil Survey Investigations Report No. 42 Version 5.0, Issued 2014","Bulk Density, Field Core (3B7)","S2016FL107050-2","field core",58.5,23.0,94.0,,,1.16,,0.2,"USDA NRCS Kellogg Soil Survey Laboratory",,
"5334a400-2dcc-48b5-b5cd-b1a21e6dd79c","OSBS_048.basePlot.all","D03","OSBS","OSBS_048","S2016FL107048","2016-03-22","18N01548","E2","2018-04-03","Kellogg Soil Survey Laboratory Methods Manual, Soil Survey Investigations Report No. 42 Version 5.0, Issued 2014","Bulk Density, Field Core (3B7)","S2016FL107048-4","field core",78.5,64.0,93.0,,,1.36,,0.0,"USDA NRCS Kellogg Soil Survey Laboratory",,
"597df9bf-4ad9-41a8-ab52-781ac15ae1ac","OSBS_048.basePlot.all","D03","OSBS","OSBS_048","S2016FL107048","2016-03-22","18N01545","A","2018-04-03","Kellogg Soil Survey Laboratory Methods Manual, Soil Survey Investigations Report No. 42 Version 5.0, Issued 2014","Bulk Density, Field Core (3B7)","S2016FL107048-1","field core",6.0,0.0,12.0,,,1.16,,0.0,"USDA NRCS Kellogg Soil Survey Laboratory",,
"f39a9a4f-e70a-437a-8ba6-23fc5693580c","OSBS_048.basePlot.all","D03","OSBS","OSBS_048","S2016FL107048","2016-03-22","18N01547","E1","2018-04-03","Kellogg Soil Survey Laboratory Methods Manual, Soil Survey Investigations Report No. 42 Version 5.0, Issued 2014","Bulk Density, Field Core (3B7)","S2016FL107048-3","field core",47.5,31.0,64.0,,,1.28,,0.2,"USDA NRCS Kellogg Soil Survey Laboratory",,
"47e12aed-6645-4106-83ad-c0ccc3fdf1d0","OSBS_008.basePlot.all","D03","OSBS","OSBS_008","S2016FL107008","2016-03-22","18N01486","A","2018-04-03","Kellogg Soil Survey Laboratory Methods Manual, Soil Survey Investigations Report No. 42 Version 5.0, Issued 2014","Bulk Density, Field Core (3B7)","S2016FL107008-1","field core",11.0,0.0,22.0,,,1.17,,0.9,"USDA NRCS Kellogg Soil Survey Laboratory",,
"c4ad5f89-a0d7-4d1c-8377-520e2dfcd923","OSBS_016.basePlot.all","D03","OSBS","OSBS_016","S2016FL107016","2016-03-22","18N01511","A2","2018-04-03","Kellogg Soil Survey Laboratory Methods Manual, Soil Survey Investigations Report No. 42 Version 5.0, Issued 2014","Bulk Density, Field Core (3B7)","S2016FL107016-2","field core",43.5,27.0,60.0,,,1.14,,0.9,"USDA NRCS Kellogg Soil Survey Laboratory",,
"5aac3987-2095-447e-bdb3-78796d7af6b8","OSBS_018.basePlot.all","D03","OSBS","OSBS_018","S2016FL107018","2016-03-22","18N01519","Bt","2018-04-03","Kellogg Soil Survey Laboratory Methods Manual, Soil Survey Investigations Report No. 42 Version 5.0, Issued 2014","Bulk Density, Field Core (3B7)","S2016FL107018-4","field core",62.5,51.0,74.0,,,1.18,,0.8,"USDA NRCS Kellogg Soil Survey Laboratory",,
"e47e1016-b805-4d64-803a-519f87e4c4b2","OSBS_013.basePlot.all","D03","OSBS","OSBS_013","S2016FL107013","2016-03-22","18N01497","A","2018-04-03","Kellogg Soil Survey Laboratory Methods Manual, Soil Survey Investigations Report No. 42 Version 5.0, Issued 2014","Bulk Density, Field Core (3B7)","S2016FL107013-1","field core",4.5,0.0,9.0,,,1.03,,0.7,"USDA NRCS Kellogg Soil Survey Laboratory",,
"f75e6ff6-7179-4535-b587-29180b825d0a","OSBS_051.basePlot.all","D03","OSBS","OSBS_051","S2016FL107051","2016-03-22","18N01553","A","2018-04-03","Kellogg Soil Survey Laboratory Methods Manual, Soil Survey Investigations Report No. 42 Version 5.0, Issued 2014","Bulk Density, Field Core (3B7)","S2016FL107051-1","field core",19.0,0.0,38.0,,,1.28,,0.2,"USDA NRCS Kellogg Soil Survey Laboratory",,
"38d0f50a-80fe-4946-8ea5-fd07561b1bbd","OSBS_017.basePlot.all","D03","OSBS","OSBS_017","S2016FL107017","2016-03-23","18N01514","A","2018-04-03","Kellogg Soil Survey Laboratory Methods Manual, Soil Survey Investigations Report No. 42 Version 5.0, Issued 2014","Bulk Density, Field Core (3B7)","S2016FL107017-2","field core",14.0,5.0,23.0,,,0.98,,1.0,"USDA NRCS Kellogg Soil Survey Laboratory",,
"1c054698-f952-411b-9ea0-935cf97ccb7f","OSBS_017.basePlot.all","D03","OSBS","OSBS_017","S2016FL107017","2016-03-23","18N01516","Bh2","2018-04-03","Kellogg Soil Survey Laboratory Methods Manual, Soil Survey Investigations Report No. 42 Version 5.0, Issued 2014","Bulk Density, Field Core (3B7)","S2016FL107017-4","field core",81.0,62.0,100.0,,,1.13,,0.7,"USDA NRCS Kellogg Soil Survey Laboratory",,
"ac0891b2-799b-478c-bb52-21929ec1f5ff","OSBS_017.basePlot.all","D03","OSBS","OSBS_017","S2016FL107017","2016-03-23","18N01515","Bh1","2018-04-03","Kellogg Soil Survey Laboratory Methods Manual, Soil Survey Investigations Report No. 42 Version 5.0, Issued 2014","Bulk Density, Field Core (3B7)","S2016FL107017-3","field core",42.5,23.0,62.0,,,1.14,,1.1,"USDA NRCS Kellogg Soil Survey Laboratory",,
"b1d7b18c-7bbc-4ee1-ba67-5b780b41ca18","OSBS_005.basePlot.all","D03","OSBS","OSBS_005","S2016FL107005","2016-03-24","18N01481","A2","2018-04-03","Kellogg Soil Survey Laboratory Methods Manual, Soil Survey Investigations Report No. 42 Version 5.0, Issued 2014","Bulk Density, Field Core (3B7)","S2016FL107005-2","field core",40.0,20.0,60.0,,,0.95,,0.4,"USDA NRCS Kellogg Soil Survey Laboratory",,
"37602508-1bc9-4e15-aa72-1c5a5a44cec8","OSBS_005.basePlot.all","D03","OSBS","OSBS_005","S2016FL107005","2016-03-24","18N01482","C","2018-04-03","Kellogg Soil Survey Laboratory Methods Manual, Soil Survey Investigations Report No. 42 Version 5.0, Issued 2014","Bulk Density, Field Core (3B7)","S2016FL107005-3","field core",80.0,60.0,100.0,,,0.99,,0.4,"USDA NRCS Kellogg Soil Survey Laboratory",,
"13fbbd3c-073f-4f3e-a743-cecb1c1e0076","OSBS_005.basePlot.all","D03","OSBS","OSBS_005","S2016FL107005","2016-03-24","18N01480","A1","2018-04-03","Kellogg Soil Survey Laboratory Methods Manual, Soil Survey Investigations Report No. 42 Version 5.0, Issued 2014","Bulk Density, Field Core (3B7)","S2016FL107005-1","field core",10.0,0.0,20.0,,,0.18,,47.6,"USDA NRCS Kellogg Soil Survey Laboratory",,
"d7cdbb78-b5a6-450f-b6a5-6a00276131fb","OSBS_024.basePlot.all","D03","OSBS","OSBS_024","S2016FL107024","2016-03-25","18N01537","Cg","2018-04-03","Kellogg Soil Survey Laboratory Methods Manual, Soil Survey Investigations Report No. 42 Version 5.0, Issued 2014","Bulk Density, Field Core (3B7)","S2016FL107024-3","field core",75.0,65.0,85.0,,,0.86,,0.7,"USDA NRCS Kellogg Soil Survey Laboratory",,
"0ab94e3e-e6c4-46c3-8e45-9ad84694eb5d","OSBS_023.basePlot.all","D03","OSBS","OSBS_023","S2016FL107023","2016-03-25","18N01533","Bh1","2018-04-03","Kellogg Soil Survey Laboratory Methods Manual, Soil Survey Investigations Report No. 42 Version 5.0, Issued 2014","Bulk Density, Field Core (3B7)","S2016FL107023-2","field core",32.5,25.0,40.0,,,0.94,,0.8,"USDA NRCS Kellogg Soil Survey Laboratory",,
"bd6b3408-f1e7-4f13-9dc6-1a4ded11444c","OSBS_024.basePlot.all","D03","OSBS","OSBS_024","S2016FL107024","2016-03-25","18N01535","Oa","2018-04-03","Kellogg Soil Survey Laboratory Methods Manual, Soil Survey Investigations Report No. 42 Version 5.0, Issued 2014","Bulk Density, Field Core (3B7)","S2016FL107024-1","field core",20.0,0.0,40.0,,,0.13,,169.3,"USDA NRCS Kellogg Soil Survey Laboratory",,
"35d8e387-cac7-4688-a94b-c0720871a23a","OSBS_023.basePlot.all","D03","OSBS","OSBS_023","S2016FL107023","2016-03-25","18N01534","Bh2","2018-04-03","Kellogg Soil Survey Laboratory Methods Manual, Soil Survey Investigations Report No. 42 Version 5.0, Issued 2014","Bulk Density, Field Core (3B7)","S2016FL107023-3","field core",70.0,40.0,100.0,,,0.93,,0.9,"USDA NRCS Kellogg Soil Survey Laboratory",,
"ff2c50d2-4c0e-4ce3-a1d4-426a6b9f7f43","OSBS_024.basePlot.all","D03","OSBS","OSBS_024","S2016FL107024","2016-03-25","18N01538","CB","2018-04-03","Kellogg Soil Survey Laboratory Methods Manual, Soil Survey Investigations Report No. 42 Version 5.0, Issued 2014","Bulk Density, Field Core (3B7)","S2016FL107024-4","field core",92.5,85.0,100.0,,,1.06,,0.0,"USDA NRCS Kellogg Soil Survey Laboratory",,
"8b1c654d-2e3d-4c3c-aebd-9aaeda90d77a","OSBS_024.basePlot.all","D03","OSBS","OSBS_024","S2016FL107024","2016-03-25","18N01536","C","2018-04-03","Kellogg Soil Survey Laboratory Methods Manual, Soil Survey Investigations Report No. 42 Version 5.0, Issued 2014","Bulk Density, Field Core (3B7)","S2016FL107024-2","field core",52.5,40.0,65.0,,,0.93,,1.1,"USDA NRCS Kellogg Soil Survey Laboratory",,
"70196367-79e9-4df7-bb73-0297c97613f6","OSBS_023.basePlot.all","D03","OSBS","OSBS_023","S2016FL107023","2016-03-25","18N01532","A","2018-04-03","Kellogg Soil Survey Laboratory Methods Manual, Soil Survey Investigations Report No. 42 Version 5.0, Issued 2014","Bulk Density, Field Core (3B7)","S2016FL107023-1","field core",12.5,0.0,25.0,,,0.46,,12.1,"USDA NRCS Kellogg Soil Survey Laboratory",,
"ae0295de-7373-485f-b892-b59bc876165c","OSBS_011.basePlot.all","D03","OSBS","OSBS_011","S2016FL107011","2016-03-28","18N01496","Cg","2018-04-03","Kellogg Soil Survey Laboratory Methods Manual, Soil Survey Investigations Report No. 42 Version 5.0, Issued 2014","Bulk Density, Field Core (3B7)","S2016FL107011-5","field core",84.0,68.0,100.0,,,1.11,,0.7,"USDA NRCS Kellogg Soil Survey Laboratory",,
"0bb825ae-86e0-4fdc-bad2-42acf3e8d40d","OSBS_002.basePlot.all","D03","OSBS","OSBS_002","S2016FL107002","2016-03-28","18N01476","A","2018-04-03","Kellogg Soil Survey Laboratory Methods Manual, Soil Survey Investigations Report No. 42 Version 5.0, Issued 2014","Bulk Density, Field Core (3B7)","S2016FL107002-1","field core",5.0,0.0,10.0,,,0.85,,0.5,"USDA NRCS Kellogg Soil Survey Laboratory",,
"57a097b0-8b52-42a5-8bda-ef0a44c3b0f2","OSBS_011.basePlot.all","D03","OSBS","OSBS_011","S2016FL107011","2016-03-28","18N01494","C1","2018-04-03","Kellogg Soil Survey Laboratory Methods Manual, Soil Survey Investigations Report No. 42 Version 5.0, Issued 2014","Bulk Density, Field Core (3B7)","S2016FL107011-3","field core",20.0,10.0,30.0,,,0.77,,1.1,"USDA NRCS Kellogg Soil Survey Laboratory",,
"3665d6fe-d458-4d64-8eb8-d2d8be8feaf8","OSBS_002.basePlot.all","D03","OSBS","OSBS_002","S2016FL107002","2016-03-28","18N01477","E","2018-04-03","Kellogg Soil Survey Laboratory Methods Manual, Soil Survey Investigations Report No. 42 Version 5.0, Issued 2014","Bulk Density, Field Core (3B7)","S2016FL107002-2","field core",55.0,10.0,100.0,,,1.11,,0.5,"USDA NRCS Kellogg Soil Survey Laboratory",,
"45f8ddd0-9c95-4f9b-83ee-000d36a416db","OSBS_011.basePlot.all","D03","OSBS","OSBS_011","S2016FL107011","2016-03-28","18N01493","A","2018-04-03","Kellogg Soil Survey Laboratory Methods Manual, Soil Survey Investigations Report No. 42 Version 5.0, Issued 2014","Bulk Density, Field Core (3B7)","S2016FL107011-2","field core",7.5,5.0,10.0,,,0.42,,2.9,"USDA NRCS Kellogg Soil Survey Laboratory",,
"c03a68cf-4434-44fe-b364-6eb60cb3c832","OSBS_011.basePlot.all","D03","OSBS","OSBS_011","S2016FL107011","2016-03-28","18N01495","C2","2018-04-03","Kellogg Soil Survey Laboratory Methods Manual, Soil Survey Investigations Report No. 42 Version 5.0, Issued 2014","Bulk Density, Field Core (3B7)","S2016FL107011-4","field core",49.0,30.0,68.0,,,1.05,,0.9,"USDA NRCS Kellogg Soil Survey Laboratory",,
"50ce66e9-ebb7-4b3d-a270-57c797c2f6b7","OSBS_007.basePlot.all","D03","OSBS","OSBS_007","S2016FL107007","2016-03-31","18N01485","E2","2018-04-03","Kellogg Soil Survey Laboratory Methods Manual, Soil Survey Investigations Report No. 42 Version 5.0, Issued 2014","Bulk Density, Field Core (3B7)","S2016FL107007-3","field core",84.0,68.0,100.0,,,1.34,,0.6,"USDA NRCS Kellogg Soil Survey Laboratory",,
"20e85bd0-e6cf-4abd-8f12-abaa06ca84dd","OSBS_007.basePlot.all","D03","OSBS","OSBS_007","S2016FL107007","2016-03-31","18N01484","E1","2018-04-03","Kellogg Soil Survey Laboratory Methods Manual, Soil Survey Investigations Report No. 42 Version 5.0, Issued 2014","Bulk Density, Field Core (3B7)","S2016FL107007-2","field core",42.0,16.0,68.0,,,1.28,,1.2,"USDA NRCS Kellogg Soil Survey Laboratory",,
"8526ea3b-4358-4d34-a386-0c61775ac262","OSBS_007.basePlot.all","D03","OSBS","OSBS_007","S2016FL107007","2016-03-31","18N01483","A","2018-04-03","Kellogg Soil Survey Laboratory Methods Manual, Soil Survey Investigations Report No. 42 Version 5.0, Issued 2014","Bulk Density, Field Core (3B7)","S2016FL107007-1","field core",8.0,0.0,16.0,,,1.10,,1.4,"USDA NRCS Kellogg Soil Survey Laboratory",,
