uid,domainID,siteID,plotID,namedLocation,plotType,nlcdClass,geodeticDatum,decimalLatitude,decimalLongitude,coordinateUncertainty,elevation,elevationUncertainty,collectDate,referenceCorner,sampleDistance,sampleBearing,pitID,testProtocolVersion,soilSamplingMethod,sampleRelativeLocation,pitDepth,recordedByA,soilProfileDescriberA,soilProfileDescriberInst,nrcsDescriptionID,soilSeries,soilFamily,soilSubgroup,soilGreatGroup,soilSuborder,soilOrder,remarks,dataQF
"27f3360c-8578-42a9-bad7-4318f752b778","D03","OSBS","OSBS_014","OSBS_014.basePlot.all","distributed","mixedForest","WGS84",29.692719,-81.958259,20.2,33.3,1.0,"2016-03-21","SW20",0.3,225,"1163007","Field Book for Describing and Sampling Soils ver3","soil pit","Center of pit",100,"3B3Jz42v+5HOpmPyB6h8c9Tcf6bATe/N","3B3Jz42v+5E5qyZQpyjDzA==","Natural Resource Conservation Service","S2016FL107014","Candler","Hyperthermic, uncoated Lamellic Quartzipsamments","lamellic quartzipsamments","quartzipsamments","psamments","entisols","NEON Ordway Swisher near Gainesville, Florida.",
"3f770a3b-1d9e-47bd-9d22-29f9ea8625ea","D03","OSBS","OSBS_010","OSBS_010.basePlot.all","distributed","mixedForest","WGS84",29.691764,-81.941828,20.1,39.0,0.1,"2016-03-21","SW20",0.2,225,"1176093","Field Book for Describing and Sampling Soils ver3","soil pit","Center of pit",100,"fshyKMkqIpUNdh/U4vcPoQ==","mT/1sxCRL5id9nxOKDyQ0A==","Natural Resource Conservation Service","S2016FL107010","Tavares","Hyperthermic, uncoated Typic Quartzipsamments","typic quartzipsamments","quartzipsamments","psamments","entisols","NEON Ordway Swisher near Gainesville, Florida.",
"c69aa16e-8463-40b5-8324-897e5ef73201","D03","OSBS","OSBS_026","OSBS_026.basePlot.all","tower","evergreenForest","WGS84",29.693584,-81.992056,20.1,42.8,0.1,"2016-03-21","SW20",0.2,45,"1169966","Field Book for Describing and Sampling Soils ver3","soil core","Center of pit",100,"mkaA34DOAEf14svOO6Lak9ezpvcbReNh","2WSlVzjay+t27MpDnzibsYI8HgP0Ekks","Natural Resource Conservation Service","S2016FL107026","Apopka","Loamy, siliceous, subactive, hyperthermic Grossarenic Paleudults","grossarenic paleudults","paleudults","udults","ultisols","NEON-Ordway Swisher Sampling Project: Tower Site.",
"a75bfda6-eb6c-49b5-aef1-26a9cd5048c1","D03","OSBS","OSBS_021","OSBS_021.basePlot.all","distributed","woodyWetlands","WGS84",29.695767,-81.953022,20.3,27.0,0.7,"2016-03-21","SW20",0.2,225,"1169965","Field Book for Describing and Sampling Soils ver3","soil pit","Center of pit",100,"mkaA34DOAEf14svOO6Lak9ezpvcbReNh","mkaA34DOAEf14svOO6Lak9ezpvcbReNh","Natural Resource Conservation Service","S2016FL107021","Samsula","Sandy or sandy-skeletal, siliceous, dysic, hyperthermic Terric Haplosaprists","terric haplosaprists","haplosaprists","saprists","histosols","Ordway Swisher NEON Sampling Project.",
"186d8ee8-88e8-488e-896f-d33b258aabb3","D03","OSBS","OSBS_003","OSBS_003.basePlot.all","distributed","deciduousForest","WGS84",29.694993,-81.947419,20.1,31.7,0.2,"2016-03-22","SW20",0.2,225,"1169967","Field Book for Describing and Sampling Soils ver3","soil pit","Center of pit",100,"2WSlVzjay+shwHq44e26yret8CKWuPPG","2WSlVzjay+shwHq44e26yret8CKWuPPG","Natural Resource Conservation Service","S2016FL107003","Tavares","Hyperthermic, uncoated Typic Quartzipsamments","typic quartzipsamments","quartzipsamments","psamments","entisols","NEON: Ordway Swisher Sampling Project",
"1573384e-2960-4db7-9abb-05e48691295a","D03","OSBS","OSBS_018","OSBS_018.basePlot.all","distributed","woodyWetlands","WGS84",29.686636,-81.942713,20.1,26.0,0.1,"2016-03-22","SW20",0.2,225,"1176092","Field Book for Describing and Sampling Soils ver3","soil pit","Center of pit",100,"GmAq6L4prO9H/i3seR5Eww==","mT/1sxCRL5id9nxOKDyQ0A==","Natural Resource Conservation Service","S2016FL107018","Arredondo","Loamy, siliceous, semiactive, hyperthermic Grossarenic Paleudults","grossarenic paleudults","paleudults","udults","ultisols","NEON Ordway Swisher near Gainesville, Florida.",
"9058d343-1631-4dfb-9867-5d967a0681e6","D03","OSBS","OSBS_008","OSBS_008.basePlot.all","distributed","evergreenForest","WGS84",29.685058,-82.007163,20.1,45.2,0.1,"2016-03-22","SW20",0.2,225,"1176097","Field Book for Describing and Sampling Soils ver3","soil pit","Center of pit",100,"fshyKMkqIpUNdh/U4vcPoQ==","mT/1sxCRL5id9nxOKDyQ0A==","Natural Resource Conservation Service","S2016FL107008","Candler","Hyperthermic, uncoated Lamellic Quartzipsamments","lamellic quartzipsamments","quartzipsamments","psamments","entisols","NEON Ordway Swisher near Gainesville, Florida.",
"70d2f7c5-6a0d-4026-8f30-3f05a980a419","D03","OSBS","OSBS_013","OSBS_013.basePlot.all","distributed","evergreenForest","WGS84",29.682160,-81.961566,20.1,42.4,0.3,"2016-03-22","SW20",0.3,225,"1163008","Field Book for Describing and Sampling Soils ver3","soil pit","Center of pit",100,"3B3Jz42v+5HOpmPyB6h8c9Tcf6bATe/N","3B3Jz42v+5ES+rYPw2U0pU8ZIYOMVDCh","Natural Resource Conservation Service","S2016FL107013","Candler","Hyperthermic, uncoated Lamellic Quartzipsamments","lamellic quartzipsamments","quartzipsamments","psamments","entisols","NEON Ordway Swisher near Gainesville, Florida.",
"02601c05-7d63-45bc-906f-f1fae3b4474c","D03","OSBS","OSBS_016","OSBS_016.basePlot.all","distributed","woodyWetlands","WGS84",29.682392,-81.967447,20.1,26.0,0.1,"2016-03-22","SW20",0.2,225,"1163010","Field Book for Describing and Sampling Soils ver3","soil pit","Center of pit",100,"3B3Jz42v+5HOpmPyB6h8c9Tcf6bATe/N","3B3Jz42v+5ES+rYPw2U0pU8ZIYOMVDCh","Natural Resource Conservation Service","S2016FL107016","Placid","Sandy, siliceous, hyperthermic Typic Humaquepts","typic humaquepts","humaquepts","aquepts","inceptisols","NEON Ordway Swisher near Gainesville, Florida.",
"1e56fbce-a643-45bf-9c7a-cb62699b8cba","D03","OSBS","OSBS_031","OSBS_031.basePlot.all","tower","evergreenForest","WGS84",29.688969,-81.991102,20.1,43.8,0.1,"2016-03-22","SW20",0.2,45,"1169968","Field Book for Describing and Sampling Soils ver3","soil core","Center of pit",100,"2WSlVzjay+shwHq44e26yret8CKWuPPG","2WSlVzjay+shwHq44e26yret8CKWuPPG","Natural Resource Conservation Service","S2016FL107031","Tavares","Hyperthermic, uncoated Typic Quartzipsamments","typic quartzipsamments","quartzipsamments","psamments","entisols","NEON-Ordway Swisher sampling project; Tower Site",
"405457a9-e809-4b2a-b1dd-688a141ec080","D03","OSBS","OSBS_022","OSBS_022.basePlot.all","distributed","emergentHerbaceousWetlands","WGS84",29.689482,-81.960693,20.1,24.0,0.1,"2016-03-22","SW20",0.2,225,"1163011","Field Book for Describing and Sampling Soils ver3","soil pit","Center of pit",100,"3B3Jz42v+5HOpmPyB6h8c9Tcf6bATe/N","3B3Jz42v+5ES+rYPw2U0pU8ZIYOMVDCh","Natural Resource Conservation Service","S2016FL107022","Pamlico","Sandy or sandy-skeletal, siliceous, dysic, thermic Terric Haplosaprists","terric haplosaprists","haplosaprists","saprists","histosols","NEON Ordway Swisher near Gainesville, Florida.",
"255a26b5-26b2-4aba-b77a-52abb3d0a806","D03","OSBS","OSBS_020","OSBS_020.basePlot.all","distributed","woodyWetlands","WGS84",29.686849,-81.950765,20.3,26.3,0.8,"2016-03-22","SW20",0.2,225,"1176096","Field Book for Describing and Sampling Soils ver3","soil pit","Center of pit",100,"GmAq6L4prO9H/i3seR5Eww==","mT/1sxCRL5id9nxOKDyQ0A==","Natural Resource Conservation Service","S2016FL107020","Adamsville","Hyperthermic, uncoated Aquic Quartzipsamments","aquic quartzipsamments","quartzipsamments","psamments","entisols","NEON Ordway Swisher near Gainesville, Florida.",
"b0a529c9-aca6-4513-82da-29013fd481b5","D03","OSBS","OSBS_051","OSBS_051.basePlot.all","distributed","emergentHerbaceousWetlands","WGS84",29.677760,-82.007709,20.1,24.2,0.1,"2016-03-22","NW40",0.2,135,"1176095","Field Book for Describing and Sampling Soils ver3","soil pit","Center of pit",100,"GmAq6L4prO9H/i3seR5Eww==","mT/1sxCRL5id9nxOKDyQ0A==","Natural Resource Conservation Service","S2016FL107051","Adamsville","Hyperthermic, uncoated Aquic Quartzipsamments","aquic quartzipsamments","quartzipsamments","psamments","entisols","NEON Ordway Swisher near Gainesville, Florida.",
"5d15f1f7-b9d5-4085-bf49-ecca56fc71f6","D03","OSBS","OSBS_050","OSBS_050.basePlot.all","distributed","emergentHerbaceousWetlands","WGS84",29.689690,-82.005389,20.1,29.4,0.2,"2016-03-22","NE40",0.2,225,"1176094","Field Book for Describing and Sampling Soils ver3","soil pit","Center of pit",100,"GmAq6L4prO9H/i3seR5Eww==","mT/1sxCRL5id9nxOKDyQ0A==","Natural Resource Conservation Service","S2016FL107050","Tavares","Hyperthermic, uncoated Typic Quartzipsamments","typic quartzipsamments","quartzipsamments","psamments","entisols","NEON Ordway Swisher near Gainesville, Florida.",
"d00f6f84-df10-43e0-b6c7-f57e2091bf0e","D03","OSBS","OSBS_048","OSBS_048.basePlot.all","distributed","deciduousForest","WGS84",29.679302,-81.946350,20.1,34.3,0.2,"2016-03-22","SW20",0.2,225,"1163009","Field Book for Describing and Sampling Soils ver3","soil pit","Center of pit",100,"3B3Jz42v+5HOpmPyB6h8c9Tcf6bATe/N","3B3Jz42v+5ES+rYPw2U0pU8ZIYOMVDCh","Natural Resource Conservation Service","S2016FL107048","Apopka","Loamy, siliceous, subactive, hyperthermic Grossarenic Paleudults","grossarenic paleudults","paleudults","udults","ultisols","NEON Ordway Swisher near Gainesville, Florida.",
"1045a145-1c37-426a-8eae-7081f183cd7e","D03","OSBS","OSBS_015","OSBS_015.basePlot.all","distributed","woodyWetlands","WGS84",29.710251,-81.969273,20.1,25.6,0.1,"2016-03-23","SW20",0.2,225,"1169969","Field Book for Describing and Sampling Soils ver3","soil core","Center of pit",100,"2WSlVzjay+shwHq44e26yret8CKWuPPG","2WSlVzjay+shwHq44e26yret8CKWuPPG","Natural Resource Conservation Service","S2016FL107015","Narcoossee","Sandy, siliceous, hyperthermic Oxyaquic Alorthods","oxyaquic alorthods","alorthods","orthods","spodosols","NEON-Ordway Swisher Sampling Project.",
"9d470b78-ba9c-4ce5-824a-a5fad5543949","D03","OSBS","OSBS_017","OSBS_017.basePlot.all","distributed","woodyWetlands","WGS84",29.703872,-81.991845,20.1,28.8,0.1,"2016-03-23","SW20",0.2,225,"1163013","Field Book for Describing and Sampling Soils ver3","soil pit","Center of pit",100,"3B3Jz42v+5HOpmPyB6h8c9Tcf6bATe/N","3B3Jz42v+5E5qyZQpyjDzA==","Natural Resource Conservation Service","S2016FL107017","Myakka","Sandy, siliceous, hyperthermic Aeric Alaquods","aeric alaquods","alaquods","aquods","spodosols","NEON Ordway Swisher near Gainesville, Florida.",
"ea31e79b-2e37-4a10-b4e0-7f9b1fb0738c","D03","OSBS","OSBS_005","OSBS_005.basePlot.all","distributed","woodyWetlands","WGS84",29.696568,-82.025580,20.2,28.8,0.5,"2016-03-24","SW20",0.2,225,"1121203","Field Book for Describing and Sampling Soils ver3","soil pit","Center of pit",100,"5Wn8jwFxFaW3MEjrJwKUcYwx7q6EI6x3Nq0aKet82maFC6d6OmBnc1C3EJH7iPl/Iu7BwiG1aMw=","o9Ly2//lZXM18gwqfiq5Bebi2owWXg/zevFGm6gI1js=","Natural Resource Conservation Service","S2016FL107005","Placid","Sandy, siliceous, hyperthermic Typic Humaquepts","typic humaquepts","humaquepts","aquepts","inceptisols","NEON Ordway Swisher near Gainesville, Florida.",
"3cae2dbc-9e95-4e35-ba9f-917915974824","D03","OSBS","OSBS_024","OSBS_024.basePlot.all","distributed","emergentHerbaceousWetlands","WGS84",29.723939,-81.986781,20.1,25.1,0.1,"2016-03-25","SW20",0.2,225,"1121200","Field Book for Describing and Sampling Soils ver3","soil pit","Center of pit",100,"5Wn8jwFxFaW3MEjrJwKUcYwx7q6EI6x3Nq0aKet82maFC6d6OmBnc1C3EJH7iPl/Iu7BwiG1aMw=","o9Ly2//lZXM18gwqfiq5Bebi2owWXg/zevFGm6gI1js=","Natural Resource Conservation Service","S2016FL107024","Samsula","Sandy or sandy-skeletal, siliceous, dysic, hyperthermic Terric Haplosaprists","terric haplosaprists","haplosaprists","saprists","histosols","NEON Ordway Swisher near Gainesville, Florida.",
"64b47c42-9890-4e7e-9c25-efd16126fb21","D03","OSBS","OSBS_023","OSBS_023.basePlot.all","distributed","emergentHerbaceousWetlands","WGS84",29.722597,-81.985527,20.1,25.8,0.1,"2016-03-25","SW20",0.2,225,"1121204","Field Book for Describing and Sampling Soils ver3","soil pit","Center of pit",100,"5Wn8jwFxFaW3MEjrJwKUcYwx7q6EI6x3Nq0aKet82maFC6d6OmBnc1C3EJH7iPl/Iu7BwiG1aMw=","o9Ly2//lZXM18gwqfiq5Bebi2owWXg/zevFGm6gI1js=","Natural Resource Conservation Service","S2016FL107023","Ona","Sandy, siliceous, hyperthermic Typic Alaquods","typic alaquods","alaquods","aquods","spodosols","NEON Ordway Swisher near Gainesville, Florida.",
"725ab0f6-bb9c-457f-ac80-cf2c6a5455a1","D03","OSBS","OSBS_002","OSBS_002.basePlot.all","distributed","evergreenForest","WGS84",29.703861,-81.956817,20.1,31.5,0.1,"2016-03-28","SW20",0.2,225,"1121201","Field Book for Describing and Sampling Soils ver3","soil pit","Center of pit",100,"5Wn8jwFxFaW3MEjrJwKUcYwx7q6EI6x3Nq0aKet82maFC6d6OmBnc1C3EJH7iPl/Iu7BwiG1aMw=","o9Ly2//lZXM18gwqfiq5Bebi2owWXg/zevFGm6gI1js=","Natural Resource Conservation Service","S2016FL107002","Candler","Hyperthermic, uncoated Lamellic Quartzipsamments","lamellic quartzipsamments","quartzipsamments","aquents","entisols","NEON Ordway Swisher near Gainesville, Florida.",
"b84eef08-533a-4855-b39d-67753681a2b1","D03","OSBS","OSBS_011","OSBS_011.basePlot.all","distributed","woodyWetlands","WGS84",29.721507,-81.987042,20.2,27.2,0.3,"2016-03-28","SW20",0.2,225,"1121202","Field Book for Describing and Sampling Soils ver3","soil pit","Center of pit",100,"5Wn8jwFxFaW3MEjrJwKUcYwx7q6EI6x3Nq0aKet82maFC6d6OmBnc1C3EJH7iPl/Iu7BwiG1aMw=","o9Ly2//lZXM18gwqfiq5Bebi2owWXg/zevFGm6gI1js=","Natural Resource Conservation Service","S2016FL107011","Adamsville","Hyperthermic, uncoated Aquic Quartzipsamments","aquic quartzipsamments","quartzipsamments","aquents","entisols","NEON Ordway Swisher near Gainesville, Florida.",
"b7427947-5c88-46c9-89bb-9bdafb8e029c","D03","OSBS","OSBS_007","OSBS_007.basePlot.all","distributed","deciduousForest","WGS84",29.690279,-81.962568,20.1,33.4,0.2,"2016-03-31","SW20",0.2,225,"1163012","Field Book for Describing and Sampling Soils ver3","soil pit","Center of pit",100,"3B3Jz42v+5HOpmPyB6h8c9Tcf6bATe/N","3B3Jz42v+5ES+rYPw2U0pU8ZIYOMVDCh","Natural Resource Conservation Service","S2016FL107007","Candler","Hyperthermic, uncoated Lamellic Quartzipsamments","lamellic quartzipsamments","quartzipsamments","psamments","entisols","NEON Ordway Swisher near Gainesville, Florida.",
