uid,domainID,siteID,pitNamedLocation,pitID,horizonID,horizonName,setDate,collectDate,archiveID,archiveLaboratoryName,archiveTopDepth,archiveBottomDepth,remarks,sampleMass
"9c1390f6-0b21-43b2-8889-a85f69cad986","D14","JORN","MEGAPT100976","14_JORNADA_PIT1","14_JORNADA_PIT1_BW","Bw","2013-03-05","2013-03-05","14_JORNADA_PIT1_18-46_ARCHIVE_BW","NEON",18.0,46.0,,1202.1
"0ca73bf7-d144-49b2-8fb4-ef8071395226","D14","JORN","MEGAPT100976","14_JORNADA_PIT1","14_JORNADA_PIT1_2BKKM","2Bkkm","2013-03-05","2013-03-05","14_JORNADA_PIT1_78-110_ARCHIVE_BKKM","NEON",78.0,110.0,,1202.4
"5b5c652b-5f18-4bbd-aa6b-ce2e6a931df5","D14","JORN","MEGAPT100976","14_JORNADA_PIT1","14_JORNADA_PIT1_A","A","2013-03-05","2013-03-05","14_JORNADA_PIT1_0-18_ARCHIVE_A","NEON",0.0,18.0,,1201.8
"c9f9701a-e850-40d5-889d-faca9cd65bd6","D14","JORN","MEGAPT100976","14_JORNADA_PIT1","14_JORNADA_PIT1_2BKK2","2Bkk2","2013-03-05","2013-03-05","14_JORNADA_PIT1_173-200_ARCHIVE_BKK2","NEON",173.0,200.0,,1202.1
"b25630e7-d43e-4978-b441-16239cb233f5","D14","JORN","MEGAPT100976","14_JORNADA_PIT1","14_JORNADA_PIT1_2BK","2Bk","2013-03-05","2013-03-05","14_JORNADA_PIT1_46-78_ARCHIVE_BK","NEON",46.0,78.0,,1202.2
"2ef92ba6-0a8c-4e5f-ba1d-f2b8790ab652","D14","JORN","MEGAPT100976","14_JORNADA_PIT1","14_JORNADA_PIT1_2BKK1","2Bkk1","2013-03-05","2013-03-05","14_JORNADA_PIT1_110-173_ARCHIVE_BKK1","NEON",110.0,173.0,,1201.5
