uid,domainID,siteID,pitNamedLocation,pitID,horizonID,bulkDensID,horizonName,setDate,collectDate,laboratoryName,labProjID,bulkDensCenterDepth,bulkDensTopDepth,bulkDensBottomDepth,bulkDensHorizonProportion,bulkDensSampleType,bulkDensExclCoarseFrag,remarks
"bebe9d34-fa01-40b9-86ee-f3bdfaba4117","D14","JORN","MEGAPT100976","14_JORNADA_PIT1","14_JORNADA_PIT1_2BK","14_JORNADA_PIT1_50-60_BULKD_BK","2Bk","2013-03-05","2013-03-05","USDA NRCS Kellogg Soil Survey Laboratory - Lincoln - NE","I2013USNM064",55.0,50.0,60.0,1.0,"Regular",1.6451,
"f4c1ee87-3640-49d5-b248-223720dfddc7","D14","JORN","MEGAPT100976","14_JORNADA_PIT1","14_JORNADA_PIT1_2BKK1","14_JORNADA_PIT1_150-153.5_BULKD_BKK1","2Bkk1","2013-03-05","2013-03-05","USDA NRCS Kellogg Soil Survey Laboratory - Lincoln - NE","I2013USNM064",151.8,150.0,153.5,1.0,"Regular",0.4485,"3 cores (3; 3.5; and 3.5 cm long)"
"c1cb6992-69bc-4873-9f18-b3fd62141ed3","D14","JORN","MEGAPT100976","14_JORNADA_PIT1","14_JORNADA_PIT1_A","14_JORNADA_PIT1_0-10_BULKD_A","A","2013-03-05","2013-03-05","USDA NRCS Kellogg Soil Survey Laboratory - Lincoln - NE","I2013USNM064",5.0,0.0,110.0,1.0,"Regular",1.4196,
"826d0d0f-7dc0-45d5-8d8b-ca5be4b250fa","D14","JORN","MEGAPT100976","14_JORNADA_PIT1","14_JORNADA_PIT1_2BKK2","14_JORNADA_PIT1_192-197_BULKD_BKK2","2Bkk2","2013-03-05","2013-03-05","USDA NRCS Kellogg Soil Survey Laboratory - Lincoln - NE","I2013USNM064",194.5,192.0,197.0,1.0,"Regular",1.6396,"2 cores (5 and 5 cm long)"
"a9aa80d0-65cc-4d14-8646-d06fffae3000","D14","JORN","MEGAPT100976","14_JORNADA_PIT1","14_JORNADA_PIT1_BW","14_JORNADA_PIT1_23-33_BULKD_BW","Bw","2013-03-05","2013-03-05","USDA NRCS Kellogg Soil Survey Laboratory - Lincoln - NE","I2013USNM064",28.0,23.0,33.0,1.0,"Regular",0.9035,
"08f59b73-59a7-473c-9529-2c17b92feab3","D14","JORN","MEGAPT100976","14_JORNADA_PIT1","14_JORNADA_PIT1_2BKKM","14_JORNADA_PIT1_96-99.5_BULKD_BKKM","2Bkkm","2013-03-05","2013-03-05","USDA NRCS Kellogg Soil Survey Laboratory - Lincoln - NE","I2013USNM064",97.8,96.0,99.5,1.0,"Regular",0.8985,"3 cores (3; 3.5; and 3.5 cm long)"
