uid,domainID,siteID,pitNamedLocation,pitID,horizonID,horizonName,setDate,collectDate,horizonTopDepth,horizonBottomDepth,nrcsDescriptionID,remarks
"e21c1a84-64f5-4c5f-a261-151cd7a70bc1","D14","JORN","MEGAPT100976","14_JORNADA_PIT1","14_JORNADA_PIT1_2BKKM","2Bkkm","2013-03-05","2013-03-05",78.0,110.0,"S2013NM0135000",
"a32cfbb6-37cd-42d4-88f5-9f006b14c91b","D14","JORN","MEGAPT100976","14_JORNADA_PIT1","14_JORNADA_PIT1_2BKK1","2Bkk1","2013-03-05","2013-03-05",110.0,173.0,"S2013NM0135000",
"018365b0-af2e-4af0-bef7-39575852de14","D14","JORN","MEGAPT100976","14_JORNADA_PIT1","14_JORNADA_PIT1_2BKK2","2Bkk2","2013-03-05","2013-03-05",173.0,200.0,"S2013NM0135000",
"c5c9ed01-f622-462d-b553-4fcaa004a057","D14","JORN","MEGAPT100976","14_JORNADA_PIT1","14_JORNADA_PIT1_2BK","2Bk","2013-03-05","2013-03-05",46.0,78.0,"S2013NM0135000",
"a57c07a5-cbef-46f0-91d3-ab9dc16ee6ff","D14","JORN","MEGAPT100976","14_JORNADA_PIT1","14_JORNADA_PIT1_A","A","2013-03-05","2013-03-05",0.0,18.0,"S2013NM0135000",
"67d4c9cf-38ad-4aaa-8f2d-26270dc86026","D14","JORN","MEGAPT100976","14_JORNADA_PIT1","14_JORNADA_PIT1_BW","Bw","2013-03-05","2013-03-05",18.0,46.0,"S2013NM0135000",
