uid,domainID,siteID,plotID,namedLocation,plotType,nlcdClass,geodeticDatum,decimalLatitude,decimalLongitude,coordinateUncertainty,elevation,elevationUncertainty,collectDate,referenceCorner,sampleDistance,sampleBearing,pitID,testProtocolVersion,soilSamplingMethod,sampleRelativeLocation,pitDepth,recordedByA,soilProfileDescriberA,soilProfileDescriberInst,nrcsDescriptionID,soilSeries,soilFamily,soilSubgroup,soilGreatGroup,soilSuborder,soilOrder,remarks,dataQF
"30b34757-f24b-46b3-ac53-4ecf4e0bc3e7","D03","DSNY","DSNY_005","DSNY_005.basePlot.all","distributed","woodyWetlands","WGS84",28.039641,-81.393323,20.1,19.5,0.1,"2017-02-07","SW20",1.4,180,"837784","Field Book for Describing and Sampling Soils ver3","soil pit","Center of pit",203,"u44dG2sQGUpcODWxh5iRRWYNUjD+YVD1QcFpeUHbjgBOUUyeKgUzDtXnew3o6222","8+WTlQtaISATmmEUJ16Xe9O7+4MQfwbbrXxsS874YLKrg0+yEDzAOJss6wCGlMTu","Natural Resource Conservation Service","S2017FL105005","Pomello","Sandy, siliceous, hyperthermic Oxyaquic Alorthods","oxyaquic alorthods","alorthods","orthods","spodosols","Nature Conservancy - Disney Wilderness Preserve",
"e6b291f2-41fd-4038-a002-464c12eaaac0","D03","DSNY","DSNY_002","DSNY_002.basePlot.all","distributed","woodyWetlands","WGS84",28.048244,-81.416879,20.1,17.7,0.1,"2017-02-09","SW20",1.3,225,"837785","Field Book for Describing and Sampling Soils ver3","soil pit","Center of pit",203,"u44dG2sQGUpcODWxh5iRRWYNUjD+YVD1QcFpeUHbjgBOUUyeKgUzDtXnew3o6222","8+WTlQtaISATmmEUJ16Xe9O7+4MQfwbbrXxsS874YLKrg0+yEDzAOJss6wCGlMTu","Natural Resource Conservation Service","S2017FL105002","Eaugallie","Sandy, siliceous, hyperthermic Alfic Alaquods","alfic alaquods","alaquods","aquods","spodosols","Nature Conservancy - Disney Wilderness Preserve",
"85469d09-ce1a-4189-a80c-40ccc979da2c","D03","DSNY","DSNY_018","DSNY_018.basePlot.all","distributed","woodyWetlands","WGS84",28.061213,-81.426376,20.1,17.5,0.1,"2017-02-14","SW20",0.2,225,"837786","Field Book for Describing and Sampling Soils ver3","soil pit","Center of pit",203,"u44dG2sQGUpcODWxh5iRRWYNUjD+YVD1QcFpeUHbjgBOUUyeKgUzDtXnew3o6222","8+WTlQtaISATmmEUJ16Xe9O7+4MQfwbbrXxsS874YLKrg0+yEDzAOJss6wCGlMTu","Natural Resource Conservation Service","S2017FL105018","Oldsmar","Sandy, siliceous, hyperthermic Alfic Arenic Alaquods","alfic arenic alaquods","alaquods","aquods","spodosols","Nature Conservancy - Disney Wilderness Preserve",
"55cc313c-af6d-4d4d-970f-ca177e285609","D03","DSNY","DSNY_011","DSNY_011.basePlot.all","distributed","woodyWetlands","WGS84",28.070798,-81.383974,20.2,20.2,0.6,"2017-02-16","SW20",0.8,200,"837787","Field Book for Describing and Sampling Soils ver3","soil pit","Center of pit",203,"u44dG2sQGUpcODWxh5iRRWYNUjD+YVD1QcFpeUHbjgBOUUyeKgUzDtXnew3o6222","8+WTlQtaISATmmEUJ16Xe9O7+4MQfwbbrXxsS874YLKrg0+yEDzAOJss6wCGlMTu","Natural Resource Conservation Service","S2017FL105011","Smyrna","Sandy, siliceous, hyperthermic Aeric Alaquods","aeric alaquods","alaquods","aquods","spodosols","Nature Conservancy - Disney Wilderness Preserve",
"3947b8be-886d-410c-98b8-fa5dfd96ddcf","D03","DSNY","DSNY_019","DSNY_019.basePlot.all","distributed","woodyWetlands","WGS84",28.074836,-81.394674,20.1,20.7,0.1,"2017-02-21","SW20",1.3,210,"837788","Field Book for Describing and Sampling Soils ver3","soil pit","Center of pit",203,"u44dG2sQGUpcODWxh5iRRWYNUjD+YVD1QcFpeUHbjgBOUUyeKgUzDtXnew3o6222","8+WTlQtaISATmmEUJ16Xe9O7+4MQfwbbrXxsS874YLKrg0+yEDzAOJss6wCGlMTu","Natural Resource Conservation Service","S2017FL105019","Pomello","Sandy, siliceous, hyperthermic Oxyaquic Alorthods","oxyaquic alorthods","alorthods","orthods","spodosols","Nature Conservancy - Disney Wilderness Preserve",
"148d9f2a-2471-4e7f-a27e-905ce8babe8e","D03","DSNY","DSNY_009","DSNY_009.basePlot.all","distributed","pastureHay","WGS84",28.073118,-81.428559,20.1,19.0,0.1,"2017-02-23","SW20",1.3,225,"837789","Field Book for Describing and Sampling Soils ver3","soil pit","Center of pit",203,"u44dG2sQGUpcODWxh5iRRWYNUjD+YVD1QcFpeUHbjgBOUUyeKgUzDtXnew3o6222","8+WTlQtaISATmmEUJ16Xe9O7+4MQfwbbrXxsS874YLKrg0+yEDzAOJss6wCGlMTu","Natural Resource Conservation Service","S2017FL105009","Smyrna","Sandy, siliceous, hyperthermic Aeric Alaquods","aeric alaquods","alaquods","aquods","spodosols","Nature Conservancy - Disney Wilderness Preserve",
"a36b737a-6cd7-41cb-b540-36714e80fa4a","D03","DSNY","DSNY_036","DSNY_036.basePlot.all","distributed","pastureHay","WGS84",28.060517,-81.384553,20.1,19.6,0.1,"2017-02-23","SW20",1.3,225,"837790","Field Book for Describing and Sampling Soils ver3","soil pit","Center of pit",203,"u44dG2sQGUpcODWxh5iRRWYNUjD+YVD1QcFpeUHbjgBOUUyeKgUzDtXnew3o6222","8+WTlQtaISATmmEUJ16Xe9O7+4MQfwbbrXxsS874YLKrg0+yEDzAOJss6wCGlMTu","Natural Resource Conservation Service","S2017FL105036","Pompano","Siliceous, hyperthermic Typic Psammaquents","typic psammaquents","psammaquents","aquents","entisols","Nature Conservancy - Disney Wilderness Preserve",
"e3649b83-d9bb-4566-ba6b-4540799226b8","D03","DSNY","DSNY_006","DSNY_006.basePlot.all","distributed","woodyWetlands","WGS84",28.092970,-81.399334,20.1,18.7,0.1,"2017-02-28","SW20",1.2,225,"837791","Field Book for Describing and Sampling Soils ver3","soil pit","Center of pit",203,"u44dG2sQGUpcODWxh5iRRWYNUjD+YVD1QcFpeUHbjgBOUUyeKgUzDtXnew3o6222","8+WTlQtaISATmmEUJ16Xe9O7+4MQfwbbrXxsS874YLKrg0+yEDzAOJss6wCGlMTu","Natural Resource Conservation Service","S2017FL097006","Satellite","Hyperthermic, uncoated Aquic Quartzipsamments","aquic quartzipsamments","quartzipsamments","psamments","entisols","Nature Conservancy - Disney Wilderness Preserve",
"614bfed3-79fc-4e5c-8382-c5b71789efad","D03","DSNY","DSNY_027","DSNY_027.basePlot.all","distributed","woodyWetlands","WGS84",28.092140,-81.405133,20.1,20.7,0.1,"2017-02-28","SW20",0.9,225,"1219892","Field Book for Describing and Sampling Soils ver3","soil pit","Center of pit",203,"u44dG2sQGUpcODWxh5iRRWYNUjD+YVD1QcFpeUHbjgBOUUyeKgUzDtXnew3o6222","8+WTlQtaISATmmEUJ16Xe9O7+4MQfwbbrXxsS874YLKrg0+yEDzAOJss6wCGlMTu","Natural Resource Conservation Service","S2017FL097027","Smyrna","Sandy, siliceous, hyperthermic Aeric Alaquods","aeric alaquods","alaquods","aquods","spodosols","Nature Conservancy - Disney Wilderness Preserve",
