uid,namedLocation,domainID,siteID,plotID,nrcsDescriptionID,collectDate,horizonID,horizonName,biogeoIDnrcs,biogeoSampleType,biogeoTopDepth,biogeoBottomDepth,biogeoCenterDepth,particleSizeDistProcessedDate,particleSizeDistMethodPub,particleSizeDistMethod,coarseFrag2To5,coarseFrag5To20,sandTotal,siltTotal,clayTotal,carbonateClay,clayFineContent,siltFineContent,siltCoarseContent,sandVeryFineContent,sandFineContent,sandMediumContent,sandCoarseContent,sandVeryCoarseContent,laboratoryName,dataQF
"865929b0-181a-418a-be77-87244fe44279","DSNY_005.basePlot.all","D03","DSNY","DSNY_005","S2017FL105005","2017-02-07","17N03254","Bh","S2017FL105005-3","bulk",86.0,97.0,91.5,"2018-02-09","Kellogg Soil Survey Laboratory Methods Manual, Soil Survey Investigations Report No. 42 Version 5.0, Issued 2014","Routine Particle Size Distribution (3A1a1a)",0.0,0.0,92.6,3.9,3.5,,,2.2,1.7,5.6,38.5,46.3,2.2,0.0,"USDA NRCS Kellogg Soil Survey Laboratory",
"a9b07710-f14a-4091-be3f-6de00af21b1c","DSNY_005.basePlot.all","D03","DSNY","DSNY_005","S2017FL105005","2017-02-07","17N03252","A","S2017FL105005-1","bulk",0.0,10.0,5.0,"2018-02-09","Kellogg Soil Survey Laboratory Methods Manual, Soil Survey Investigations Report No. 42 Version 5.0, Issued 2014","Routine Particle Size Distribution (3A1a1a)",0.0,0.0,98.0,1.0,1.0,,,0.4,0.6,5.0,37.8,53.2,2.0,0.0,"USDA NRCS Kellogg Soil Survey Laboratory",
"3830657e-7860-4015-8937-3d95e93319cd","DSNY_005.basePlot.all","D03","DSNY","DSNY_005","S2017FL105005","2017-02-07","17N03255","Bw","S2017FL105005-4","bulk",97.0,102.0,99.5,"2018-02-09","Kellogg Soil Survey Laboratory Methods Manual, Soil Survey Investigations Report No. 42 Version 5.0, Issued 2014","Routine Particle Size Distribution (3A1a1a)",0.0,0.0,95.6,1.8,2.6,,,0.9,0.9,6.4,36.9,49.8,2.5,0.0,"USDA NRCS Kellogg Soil Survey Laboratory",
"ee9af28d-ed80-4537-995a-bd60ad42dd6f","DSNY_005.basePlot.all","D03","DSNY","DSNY_005","S2017FL105005","2017-02-07","17N03253","E","S2017FL105005-2","bulk",10.0,86.0,48.0,"2018-02-09","Kellogg Soil Survey Laboratory Methods Manual, Soil Survey Investigations Report No. 42 Version 5.0, Issued 2014","Routine Particle Size Distribution (3A1a1a)",0.0,0.0,98.3,1.4,0.3,,,0.2,1.2,3.7,41.0,51.3,2.3,0.0,"USDA NRCS Kellogg Soil Survey Laboratory",
"468183f4-f64e-4049-b870-a15ba4f866de","DSNY_002.basePlot.all","D03","DSNY","DSNY_002","S2017FL105002","2017-02-09","17N03264","Bh1","S2017FL105002-3","bulk",50.0,58.0,54.0,"2018-02-09","Kellogg Soil Survey Laboratory Methods Manual, Soil Survey Investigations Report No. 42 Version 5.0, Issued 2014","Routine Particle Size Distribution (3A1a1a)",0.0,0.0,89.0,7.4,3.6,,,3.8,3.6,20.3,50.1,17.1,1.5,0.0,"USDA NRCS Kellogg Soil Survey Laboratory",
"fc5cae02-7b4f-4850-9f8c-79b42b5c68ef","DSNY_002.basePlot.all","D03","DSNY","DSNY_002","S2017FL105002","2017-02-09","17N03262","A","S2017FL105002-1","bulk",0.0,25.0,12.5,"2018-02-13","Kellogg Soil Survey Laboratory Methods Manual, Soil Survey Investigations Report No. 42 Version 5.0, Issued 2014","Routine Particle Size Distribution (3A1a1a)",0.0,0.0,92.8,6.9,0.3,,,1.7,5.2,17.4,52.1,21.3,2.0,0.0,"USDA NRCS Kellogg Soil Survey Laboratory",
"33fc14ab-4430-4c0e-aec0-a7eb198d514f","DSNY_002.basePlot.all","D03","DSNY","DSNY_002","S2017FL105002","2017-02-09","17N03263","Eg","S2017FL105002-2","bulk",25.0,50.0,37.5,"2018-02-09","Kellogg Soil Survey Laboratory Methods Manual, Soil Survey Investigations Report No. 42 Version 5.0, Issued 2014","Routine Particle Size Distribution (3A1a1a)",0.0,0.0,97.6,1.8,0.6,,,0.0,1.8,17.6,58.7,19.6,1.6,0.1,"USDA NRCS Kellogg Soil Survey Laboratory",
"965b42ce-a5cb-44c9-9e15-3e2d80dc2571","DSNY_002.basePlot.all","D03","DSNY","DSNY_002","S2017FL105002","2017-02-09","17N03265","Bh2","S2017FL105002-4","bulk",58.0,77.0,67.5,"2018-02-12","Kellogg Soil Survey Laboratory Methods Manual, Soil Survey Investigations Report No. 42 Version 5.0, Issued 2014","Routine Particle Size Distribution (3A1a1a)",0.0,0.0,93.7,4.7,1.6,,,1.5,3.2,22.2,52.9,17.5,1.1,0.0,"USDA NRCS Kellogg Soil Survey Laboratory",
"376b3450-8232-4dac-8b3e-f4bfb7cfe682","DSNY_002.basePlot.all","D03","DSNY","DSNY_002","S2017FL105002","2017-02-09","17N03266","E'g","S2017FL105002-5","bulk",77.0,135.0,106.0,"2018-02-12","Kellogg Soil Survey Laboratory Methods Manual, Soil Survey Investigations Report No. 42 Version 5.0, Issued 2014","Routine Particle Size Distribution (3A1a1a)",0.3,1.1,95.7,3.3,1.0,,,0.0,3.3,21.9,55.5,17.1,1.2,0.0,"USDA NRCS Kellogg Soil Survey Laboratory",
"3fd3c238-8694-4d16-bfad-c1735860f7ea","DSNY_018.basePlot.all","D03","DSNY","DSNY_018","S2017FL105018","2017-02-14","17N03278","A","S2017FL105018-1","bulk",0.0,10.0,5.0,"2018-02-12","Kellogg Soil Survey Laboratory Methods Manual, Soil Survey Investigations Report No. 42 Version 5.0, Issued 2014","Routine Particle Size Distribution (3A1a1a)",0.0,0.0,88.4,9.4,2.2,,,5.3,4.1,17.4,54.3,16.2,0.5,0.0,"USDA NRCS Kellogg Soil Survey Laboratory",
"3d771f4e-26ba-41db-bd7d-b02d19ce3aa7","DSNY_018.basePlot.all","D03","DSNY","DSNY_018","S2017FL105018","2017-02-14","17N03279","Eg1","S2017FL105018-2","bulk",10.0,23.0,16.5,"2018-02-12","Kellogg Soil Survey Laboratory Methods Manual, Soil Survey Investigations Report No. 42 Version 5.0, Issued 2014","Routine Particle Size Distribution (3A1a1a)",0.0,0.0,94.3,4.7,1.0,,,1.9,2.8,13.5,57.9,21.6,1.3,0.0,"USDA NRCS Kellogg Soil Survey Laboratory",
"27f22535-521f-426e-81f3-196887fd3061","DSNY_018.basePlot.all","D03","DSNY","DSNY_018","S2017FL105018","2017-02-14","17N03281","Eg3","S2017FL105018-4","bulk",46.0,104.0,75.0,"2018-02-12","Kellogg Soil Survey Laboratory Methods Manual, Soil Survey Investigations Report No. 42 Version 5.0, Issued 2014","Routine Particle Size Distribution (3A1a1a)",1.8,1.7,95.9,4.1,0.0,,,1.1,3.0,21.1,58.4,15.4,1.0,0.0,"USDA NRCS Kellogg Soil Survey Laboratory",
"1de9f45b-81dd-41b1-a911-4a84933b06eb","DSNY_018.basePlot.all","D03","DSNY","DSNY_018","S2017FL105018","2017-02-14","17N03280","Eg2","S2017FL105018-3","bulk",23.0,46.0,34.5,"2018-02-12","Kellogg Soil Survey Laboratory Methods Manual, Soil Survey Investigations Report No. 42 Version 5.0, Issued 2014","Routine Particle Size Distribution (3A1a1a)",0.0,1.2,97.7,2.1,0.2,,,0.7,1.4,20.9,55.6,19.6,1.5,0.1,"USDA NRCS Kellogg Soil Survey Laboratory",
"a2d8e095-7a98-42ae-9de4-874cc8ad25ff","DSNY_011.basePlot.all","D03","DSNY","DSNY_011","S2017FL105011","2017-02-16","17N03277","Bw1","S2017FL105011-5","bulk",71.0,142.0,106.5,"2018-02-12","Kellogg Soil Survey Laboratory Methods Manual, Soil Survey Investigations Report No. 42 Version 5.0, Issued 2014","Routine Particle Size Distribution (3A1a1a)",0.0,0.0,93.4,2.7,3.9,,,1.1,1.6,8.3,43.9,40.0,1.1,0.1,"USDA NRCS Kellogg Soil Survey Laboratory",
"d4782297-15b6-4347-a455-26662a3c60b4","DSNY_011.basePlot.all","D03","DSNY","DSNY_011","S2017FL105011","2017-02-16","17N03273","A","S2017FL105011-1","bulk",0.0,18.0,9.0,"2018-02-12","Kellogg Soil Survey Laboratory Methods Manual, Soil Survey Investigations Report No. 42 Version 5.0, Issued 2014","Routine Particle Size Distribution (3A1a1a)",0.0,0.0,94.9,4.6,0.5,,,1.4,3.2,6.1,37.6,48.5,2.7,0.0,"USDA NRCS Kellogg Soil Survey Laboratory",
"59fad187-7768-4239-b881-d41c34f72f40","DSNY_011.basePlot.all","D03","DSNY","DSNY_011","S2017FL105011","2017-02-16","17N03275","Bh1","S2017FL105011-3","bulk",41.0,51.0,46.0,"2018-02-12","Kellogg Soil Survey Laboratory Methods Manual, Soil Survey Investigations Report No. 42 Version 5.0, Issued 2014","Routine Particle Size Distribution (3A1a1a)",0.0,0.0,94.2,2.6,3.2,,,0.4,2.2,5.6,42.5,43.7,2.3,0.1,"USDA NRCS Kellogg Soil Survey Laboratory",
"396b67bf-59de-41a8-b2fe-10255b2f0b34","DSNY_011.basePlot.all","D03","DSNY","DSNY_011","S2017FL105011","2017-02-16","17N03276","Bh2","S2017FL105011-4","bulk",51.0,71.0,61.0,"2018-02-12","Kellogg Soil Survey Laboratory Methods Manual, Soil Survey Investigations Report No. 42 Version 5.0, Issued 2014","Routine Particle Size Distribution (3A1a1a)",0.0,0.0,93.8,2.4,3.8,,,0.7,1.7,7.1,44.3,40.7,1.7,0.0,"USDA NRCS Kellogg Soil Survey Laboratory",
"221ab9d0-b4db-41ca-ab29-f4fcd09d7fbe","DSNY_011.basePlot.all","D03","DSNY","DSNY_011","S2017FL105011","2017-02-16","17N03274","E","S2017FL105011-2","bulk",18.0,41.0,29.5,"2018-02-12","Kellogg Soil Survey Laboratory Methods Manual, Soil Survey Investigations Report No. 42 Version 5.0, Issued 2014","Routine Particle Size Distribution (3A1a1a)",0.0,0.0,96.7,2.5,0.8,,,0.0,2.5,6.6,49.3,39.2,1.6,0.0,"USDA NRCS Kellogg Soil Survey Laboratory",
"ff7375f8-816a-4099-848d-544c99f87498","DSNY_019.basePlot.all","D03","DSNY","DSNY_019","S2017FL105019","2017-02-21","17N03282","A","S2017FL105019-1","bulk",0.0,10.0,5.0,"2018-02-12","Kellogg Soil Survey Laboratory Methods Manual, Soil Survey Investigations Report No. 42 Version 5.0, Issued 2014","Routine Particle Size Distribution (3A1a1a)",0.0,0.0,98.5,1.5,0.0,,,0.2,1.3,4.0,40.4,51.8,2.3,0.0,"USDA NRCS Kellogg Soil Survey Laboratory",
"97a1f58d-03be-457d-ac76-470f78ce4502","DSNY_019.basePlot.all","D03","DSNY","DSNY_019","S2017FL105019","2017-02-21","17N03284","E2","S2017FL105019-3","bulk",67.0,140.0,103.5,"2018-02-12","Kellogg Soil Survey Laboratory Methods Manual, Soil Survey Investigations Report No. 42 Version 5.0, Issued 2014","Routine Particle Size Distribution (3A1a1a)",0.0,0.0,97.9,2.1,0.0,,,0.4,1.7,7.2,42.3,46.3,2.1,0.0,"USDA NRCS Kellogg Soil Survey Laboratory",
"a95a80ed-cb91-421f-9201-e1c0f7d7bef6","DSNY_019.basePlot.all","D03","DSNY","DSNY_019","S2017FL105019","2017-02-21","17N03283","E1","S2017FL105019-2","bulk",10.0,67.0,38.5,"2018-02-12","Kellogg Soil Survey Laboratory Methods Manual, Soil Survey Investigations Report No. 42 Version 5.0, Issued 2014","Routine Particle Size Distribution (3A1a1a)",0.0,0.0,96.8,3.2,0.0,,,0.6,2.6,7.0,43.8,44.0,2.0,0.0,"USDA NRCS Kellogg Soil Survey Laboratory",
"e6a96340-1e44-4afd-853e-cf4ad88dcc38","DSNY_009.basePlot.all","D03","DSNY","DSNY_009","S2017FL105009","2017-02-23","17N03268","E","S2017FL105009-2","bulk",18.0,28.0,23.0,"2018-02-12","Kellogg Soil Survey Laboratory Methods Manual, Soil Survey Investigations Report No. 42 Version 5.0, Issued 2014","Routine Particle Size Distribution (3A1a1a)",0.0,0.0,95.7,3.0,1.3,,,0.5,2.5,10.0,43.9,39.9,1.9,0.0,"USDA NRCS Kellogg Soil Survey Laboratory",
"70f29a4b-ec00-45a0-91ec-3902f3b6b015","DSNY_009.basePlot.all","D03","DSNY","DSNY_009","S2017FL105009","2017-02-23","17N03270","Bh2","S2017FL105009-4","bulk",33.0,38.0,35.5,"2018-02-12","Kellogg Soil Survey Laboratory Methods Manual, Soil Survey Investigations Report No. 42 Version 5.0, Issued 2014","Routine Particle Size Distribution (3A1a1a)",0.6,1.5,93.0,5.3,1.7,,,0.7,4.6,9.6,47.2,34.4,1.7,0.1,"USDA NRCS Kellogg Soil Survey Laboratory",
"8735ddb2-798e-414c-96bd-ef3e94106808","DSNY_036.basePlot.all","D03","DSNY","DSNY_036","S2017FL105036","2017-02-23","17N03287","C2","S2017FL105036-3","bulk",41.0,203.0,122.0,"2018-02-12","Kellogg Soil Survey Laboratory Methods Manual, Soil Survey Investigations Report No. 42 Version 5.0, Issued 2014","Routine Particle Size Distribution (3A1a1a)",0.0,0.0,97.8,2.2,0.0,,,0.4,1.8,6.3,52.5,36.6,2.4,0.0,"USDA NRCS Kellogg Soil Survey Laboratory",
"912b2922-17fe-4e7d-b923-72c64bf6e24c","DSNY_009.basePlot.all","D03","DSNY","DSNY_009","S2017FL105009","2017-02-23","17N03267","A","S2017FL105009-1","bulk",0.0,18.0,9.0,"2018-02-12","Kellogg Soil Survey Laboratory Methods Manual, Soil Survey Investigations Report No. 42 Version 5.0, Issued 2014","Routine Particle Size Distribution (3A1a1a)",0.0,0.0,94.9,3.4,1.7,,,1.1,2.3,10.4,49.3,33.8,1.4,0.0,"USDA NRCS Kellogg Soil Survey Laboratory",
"c6dcd951-b469-4893-9c2f-7af4632528d4","DSNY_009.basePlot.all","D03","DSNY","DSNY_009","S2017FL105009","2017-02-23","17N03272","E'g","S2017FL105009-6","bulk",53.0,147.0,100.0,"2018-02-12","Kellogg Soil Survey Laboratory Methods Manual, Soil Survey Investigations Report No. 42 Version 5.0, Issued 2014","Routine Particle Size Distribution (3A1a1a)",0.0,0.1,92.3,5.6,2.1,,,1.9,3.7,11.7,49.8,29.3,1.5,0.0,"USDA NRCS Kellogg Soil Survey Laboratory",
"65c49ada-6368-465e-b972-0bb203cdebbe","DSNY_009.basePlot.all","D03","DSNY","DSNY_009","S2017FL105009","2017-02-23","17N03271","Bw","S2017FL105009-5","bulk",38.0,53.0,45.5,"2018-02-12","Kellogg Soil Survey Laboratory Methods Manual, Soil Survey Investigations Report No. 42 Version 5.0, Issued 2014","Routine Particle Size Distribution (3A1a1a)",1.1,1.4,94.6,3.9,1.5,,,0.9,3.0,9.2,48.5,34.8,2.0,0.1,"USDA NRCS Kellogg Soil Survey Laboratory",
"bd14d2db-73ca-47f0-8fc7-fce812f90226","DSNY_009.basePlot.all","D03","DSNY","DSNY_009","S2017FL105009","2017-02-23","17N03269","Bh1","S2017FL105009-3","bulk",28.0,33.0,30.5,"2018-02-12","Kellogg Soil Survey Laboratory Methods Manual, Soil Survey Investigations Report No. 42 Version 5.0, Issued 2014","Routine Particle Size Distribution (3A1a1a)",0.0,1.4,92.0,5.5,2.5,,,2.2,3.3,11.5,43.2,35.7,1.5,0.1,"USDA NRCS Kellogg Soil Survey Laboratory",
"496aabed-493b-4b98-b970-33dfb22e6f23","DSNY_036.basePlot.all","D03","DSNY","DSNY_036","S2017FL105036","2017-02-23","17N03285","Ap","S2017FL105036-1","bulk",0.0,18.0,9.0,"2018-02-12","Kellogg Soil Survey Laboratory Methods Manual, Soil Survey Investigations Report No. 42 Version 5.0, Issued 2014","Routine Particle Size Distribution (3A1a1a)",0.0,0.0,97.5,2.5,0.0,,,1.3,1.2,4.4,42.9,48.4,1.8,0.0,"USDA NRCS Kellogg Soil Survey Laboratory",
"8e8310d9-0aed-4562-b217-f786e0ca97bb","DSNY_036.basePlot.all","D03","DSNY","DSNY_036","S2017FL105036","2017-02-23","17N03286","C1","S2017FL105036-2","bulk",18.0,41.0,29.5,"2018-02-12","Kellogg Soil Survey Laboratory Methods Manual, Soil Survey Investigations Report No. 42 Version 5.0, Issued 2014","Routine Particle Size Distribution (3A1a1a)",0.0,0.0,97.8,2.2,0.0,,,0.3,1.9,4.3,44.0,46.4,3.1,0.0,"USDA NRCS Kellogg Soil Survey Laboratory",
"4485dcac-0111-43c7-9227-3234550b8988","DSNY_027.basePlot.all","D03","DSNY","DSNY_027","S2017FL097027","2017-02-28","17N03247","Eg","S2017FL097027-2","bulk",13.0,28.0,20.5,"2018-02-09","Kellogg Soil Survey Laboratory Methods Manual, Soil Survey Investigations Report No. 42 Version 5.0, Issued 2014","Routine Particle Size Distribution (3A1a1a)",0.0,0.0,96.6,2.9,0.5,,,1.3,1.6,4.8,47.0,43.3,1.5,0.0,"USDA NRCS Kellogg Soil Survey Laboratory",
"448f88f4-0b93-451e-a7dc-23a158f6d27b","DSNY_006.basePlot.all","D03","DSNY","DSNY_006","S2017FL097006","2017-02-28","17N03227","A","S2017FL097006-1","bulk",0.0,10.0,5.0,"2018-02-09","Kellogg Soil Survey Laboratory Methods Manual, Soil Survey Investigations Report No. 42 Version 5.0, Issued 2014","Routine Particle Size Distribution (3A1a1a)",0.0,0.0,98.4,1.4,0.2,,,0.0,1.4,4.0,48.1,44.8,1.5,0.0,"USDA NRCS Kellogg Soil Survey Laboratory",
"5d1b77d4-b274-4f5a-ab51-a7fb6112b2e6","DSNY_027.basePlot.all","D03","DSNY","DSNY_027","S2017FL097027","2017-02-28","17N03250","Bw","S2017FL097027-5","bulk",38.0,58.0,48.0,"2018-02-09","Kellogg Soil Survey Laboratory Methods Manual, Soil Survey Investigations Report No. 42 Version 5.0, Issued 2014","Routine Particle Size Distribution (3A1a1a)",0.0,0.0,96.6,2.1,1.3,,,0.9,1.2,5.6,50.5,39.2,1.3,0.0,"USDA NRCS Kellogg Soil Survey Laboratory",
"83a6dc51-85a4-4c5e-ab61-fb0aec6a17af","DSNY_027.basePlot.all","D03","DSNY","DSNY_027","S2017FL097027","2017-02-28","17N03246","A","S2017FL097027-1","bulk",0.0,13.0,6.5,"2018-02-09","Kellogg Soil Survey Laboratory Methods Manual, Soil Survey Investigations Report No. 42 Version 5.0, Issued 2014","Routine Particle Size Distribution (3A1a1a)",0.0,0.0,92.5,6.0,1.5,,,3.8,2.2,4.9,41.8,45.1,0.7,0.0,"USDA NRCS Kellogg Soil Survey Laboratory",
"ca371772-472d-41dc-a682-caec91176343","DSNY_006.basePlot.all","D03","DSNY","DSNY_006","S2017FL097006","2017-02-28","17N03228","C1","S2017FL097006-2","bulk",10.0,41.0,25.5,"2018-02-09","Kellogg Soil Survey Laboratory Methods Manual, Soil Survey Investigations Report No. 42 Version 5.0, Issued 2014","Routine Particle Size Distribution (3A1a1a)",0.0,0.0,98.6,0.8,0.6,,,0.0,0.8,3.9,45.6,47.3,1.8,0.0,"USDA NRCS Kellogg Soil Survey Laboratory",
"1ae093bf-2375-4122-953a-3f1b4f0e1529","DSNY_027.basePlot.all","D03","DSNY","DSNY_027","S2017FL097027","2017-02-28","17N03249","Bh2","S2017FL097027-4","bulk",33.0,38.0,35.5,"2018-02-13","Kellogg Soil Survey Laboratory Methods Manual, Soil Survey Investigations Report No. 42 Version 5.0, Issued 2014","Routine Particle Size Distribution (3A1a1a)",0.0,0.0,96.5,2.5,1.0,,,1.5,1.0,4.7,47.4,42.9,1.5,0.0,"USDA NRCS Kellogg Soil Survey Laboratory",
"779a57f1-6649-4647-9b28-ef3c633079b5","DSNY_006.basePlot.all","D03","DSNY","DSNY_006","S2017FL097006","2017-02-28","17N03229","C2","S2017FL097006-3","bulk",41.0,119.0,80.0,"2018-02-09","Kellogg Soil Survey Laboratory Methods Manual, Soil Survey Investigations Report No. 42 Version 5.0, Issued 2014","Routine Particle Size Distribution (3A1a1a)",0.0,0.0,86.8,12.7,0.5,,,0.0,12.7,6.5,52.6,26.1,1.6,0.0,"USDA NRCS Kellogg Soil Survey Laboratory",
"8dff260d-9c67-46f0-ad2f-dff03da63b8b","DSNY_027.basePlot.all","D03","DSNY","DSNY_027","S2017FL097027","2017-02-28","17N03248","Bh1","S2017FL097027-3","bulk",28.0,33.0,30.5,"2018-02-13","Kellogg Soil Survey Laboratory Methods Manual, Soil Survey Investigations Report No. 42 Version 5.0, Issued 2014","Routine Particle Size Distribution (3A1a1a)",0.0,0.0,95.2,3.1,1.7,,,1.8,1.3,6.7,45.4,41.5,1.6,0.0,"USDA NRCS Kellogg Soil Survey Laboratory",
"c1305646-b410-4656-8f4e-1cfd8891425a","DSNY_027.basePlot.all","D03","DSNY","DSNY_027","S2017FL097027","2017-02-28","17N03251","Cg","S2017FL097027-6","bulk",58.0,203.0,130.5,"2018-02-09","Kellogg Soil Survey Laboratory Methods Manual, Soil Survey Investigations Report No. 42 Version 5.0, Issued 2014","Routine Particle Size Distribution (3A1a1a)",0.0,0.0,96.0,2.3,1.7,,,0.1,2.2,5.8,51.5,37.2,1.5,0.0,"USDA NRCS Kellogg Soil Survey Laboratory",
