uid,namedLocation,domainID,siteID,plotID,pitID,collectDate,testProtocolVersion,nrcsDescriptionID,horizonID,horizonName,horizonTopDepth,horizonBottomDepth,remarks,dataQF
"d0ec501c-c3fe-4cdf-ac72-3dc4c4027880","DSNY_005.basePlot.all","D03","DSNY","DSNY_005","837784","2017-02-07","Field Book for Describing and Sampling Soils ver3","S2017FL105005","17N03255","Bw",97,102,,
"3b476983-e2ab-4546-b96b-64374dfbd047","DSNY_005.basePlot.all","D03","DSNY","DSNY_005","837784","2017-02-07","Field Book for Describing and Sampling Soils ver3","S2017FL105005","17N03254","Bh",86,97,,
"50c20871-8081-4824-bb20-b177f6c0e18e","DSNY_005.basePlot.all","D03","DSNY","DSNY_005","837784","2017-02-07","Field Book for Describing and Sampling Soils ver3","S2017FL105005","17N03253","E",10,86,"below 48 cm few fine faint irregular stripped matrix grayish brown(10YR 5/2) in pores and in roots channels, many medium distinct spherical very dark gray (10YR 3/1)organic streaking throughout",
"c80b2c3d-d224-4061-a0f3-f3f04279323f","DSNY_005.basePlot.all","D03","DSNY","DSNY_005","837784","2017-02-07","Field Book for Describing and Sampling Soils ver3","S2017FL105005","17N03252","A",0,10,,
"03a3f7d0-528a-4c28-8cfe-b676a33ff6ad","DSNY_005.basePlot.all","D03","DSNY","DSNY_005","837784","2017-02-07","Field Book for Describing and Sampling Soils ver3","S2017FL105005","5971579","Cg",102,203,"few faint spherical very dark gray (10YR 3/1)organic streaking throughout",
"8864ef14-143d-42e4-9d80-e3a8aae0356d","DSNY_002.basePlot.all","D03","DSNY","DSNY_002","837785","2017-02-09","Field Book for Describing and Sampling Soils ver3","S2017FL105002","17N03264","Bh1",50,58,,
"226c1296-1dc1-4339-9414-44f2d4c5d8ed","DSNY_002.basePlot.all","D03","DSNY","DSNY_002","837785","2017-02-09","Field Book for Describing and Sampling Soils ver3","S2017FL105002","17N03266","E'g",77,135,"common medium distinct spherical very dark gray (10YR 3/1) organic streaks through",
"d6ff2210-404f-479f-99a7-04bb64f21fac","DSNY_002.basePlot.all","D03","DSNY","DSNY_002","837785","2017-02-09","Field Book for Describing and Sampling Soils ver3","S2017FL105002","4071356","Btg",135,203,,
"0d110d1a-234d-489e-9ce7-cea3f1432344","DSNY_002.basePlot.all","D03","DSNY","DSNY_002","837785","2017-02-09","Field Book for Describing and Sampling Soils ver3","S2017FL105002","17N03265","Bh2",58,77,,
"6651fc3e-f0c1-4c6c-9200-00c9430e0388","DSNY_002.basePlot.all","D03","DSNY","DSNY_002","837785","2017-02-09","Field Book for Describing and Sampling Soils ver3","S2017FL105002","17N03262","A",0,25,"common fine light gray (10YR 7/1) uncoated sand grains",
"061300aa-f185-4697-a696-ccb2e8fe98c5","DSNY_002.basePlot.all","D03","DSNY","DSNY_002","837785","2017-02-09","Field Book for Describing and Sampling Soils ver3","S2017FL105002","17N03263","Eg",25,50,"common medium distinct spherical organic streaks very dark gray(10YR 3/1)throughout, E material tonguing and/or interfingering into the Bh horizon",
"a547705a-5675-4d3d-a866-f224388a6eae","DSNY_018.basePlot.all","D03","DSNY","DSNY_018","837786","2017-02-14","Field Book for Describing and Sampling Soils ver3","S2017FL105018","4071362","Bt",117,203,,
"9615198d-422c-4299-a936-050d5fcefd2d","DSNY_018.basePlot.all","D03","DSNY","DSNY_018","837786","2017-02-14","Field Book for Describing and Sampling Soils ver3","S2017FL105018","17N03281","Eg3",46,104,"many coarse distinct spherical very dark gray (10YR 3/1) organic streaking throughout",
"a8b3b637-bd31-4c1b-879f-c06d7b8fcd2d","DSNY_018.basePlot.all","D03","DSNY","DSNY_018","837786","2017-02-14","Field Book for Describing and Sampling Soils ver3","S2017FL105018","17N03280","Eg2",23,46,"common fine faint spherical gray (10YR 6/1)stripped matrix throughout, few medium distinct spherical very dark gray (10YR 3/1) organic streaking throughout",
"e4556ff0-f0a9-4f7b-9760-2a876a8d7c2d","DSNY_018.basePlot.all","D03","DSNY","DSNY_018","837786","2017-02-14","Field Book for Describing and Sampling Soils ver3","S2017FL105018","4071361","Bh",104,117,,
"73a7c5f1-5b0d-4597-babc-9c6ed65fd41b","DSNY_018.basePlot.all","D03","DSNY","DSNY_018","837786","2017-02-14","Field Book for Describing and Sampling Soils ver3","S2017FL105018","17N03279","Eg1",10,23,"common fine faint spherical gray (10YR 6/1)stripped matrix throughout",
"62a9bc15-f8d0-4062-b09d-1d5b0671b23f","DSNY_018.basePlot.all","D03","DSNY","DSNY_018","837786","2017-02-14","Field Book for Describing and Sampling Soils ver3","S2017FL105018","17N03278","A",0,10,"common light gray (10YR 7/1)uncoated sand grains throughout",
"76f0c8f8-1f3e-4115-9e94-b80424c73812","DSNY_011.basePlot.all","D03","DSNY","DSNY_011","837787","2017-02-16","Field Book for Describing and Sampling Soils ver3","S2017FL105011","17N03277","Bw1",71,142,,
"e4278f4a-1334-41d4-bb9e-db83ab3588a3","DSNY_011.basePlot.all","D03","DSNY","DSNY_011","837787","2017-02-16","Field Book for Describing and Sampling Soils ver3","S2017FL105011","17N03274","E",18,41,"common fine and medium distinct spherical light gray (10YR 7/1) stripped matrixes throughout, common fine distinct spherical very dark grayish brown (10YR 3/2) organic streaking throughout",
"6f667da8-e367-4623-b105-181a1d5f5af3","DSNY_011.basePlot.all","D03","DSNY","DSNY_011","837787","2017-02-16","Field Book for Describing and Sampling Soils ver3","S2017FL105011","17N03276","Bh2",51,71,,
"455d7480-fd94-472d-a5b2-a1172ee2e34e","DSNY_011.basePlot.all","D03","DSNY","DSNY_011","837787","2017-02-16","Field Book for Describing and Sampling Soils ver3","S2017FL105011","4071369","Cg",173,203,,
"a98d00df-6fa8-4a32-a431-dc4088b5c929","DSNY_011.basePlot.all","D03","DSNY","DSNY_011","837787","2017-02-16","Field Book for Describing and Sampling Soils ver3","S2017FL105011","17N03275","Bh1",41,51,,
"dd3660fc-5455-4178-9f4a-3ef8f4865371","DSNY_011.basePlot.all","D03","DSNY","DSNY_011","837787","2017-02-16","Field Book for Describing and Sampling Soils ver3","S2017FL105011","17N03273","A",0,18,"few discontinuous distinct gray (10YR 5/1) uncoated sand grains throughout",
"ad23d5c8-f984-4b48-b0f8-2ba105fc3ac8","DSNY_011.basePlot.all","D03","DSNY","DSNY_011","837787","2017-02-16","Field Book for Describing and Sampling Soils ver3","S2017FL105011","4071368","Bw2",142,173,"common fine distinct spherical very dark grayish brown (10YR 3/2) organic streaking throughout",
"0ec3bdd4-57d2-4412-8881-eb3c8da1e103","DSNY_019.basePlot.all","D03","DSNY","DSNY_019","837788","2017-02-21","Field Book for Describing and Sampling Soils ver3","S2017FL105019","17N03283","E1",10,67,,
"9315ca0a-e14d-4004-b4d8-6710bf030729","DSNY_019.basePlot.all","D03","DSNY","DSNY_019","837788","2017-02-21","Field Book for Describing and Sampling Soils ver3","S2017FL105019","4071372","Bh",140,191,,
"49d66e8c-485a-4bfb-a260-b0c0e7ccc2f1","DSNY_019.basePlot.all","D03","DSNY","DSNY_019","837788","2017-02-21","Field Book for Describing and Sampling Soils ver3","S2017FL105019","17N03282","A",0,10,,
"b9c711bc-79c4-4684-895e-8831cca6713c","DSNY_019.basePlot.all","D03","DSNY","DSNY_019","837788","2017-02-21","Field Book for Describing and Sampling Soils ver3","S2017FL105019","17N03284","E2",67,140,"common fine prominent spherical very dark grayish brown (10YR 3/2) organic streaking throughout",
"7cdbf333-ecd8-40d2-ba23-6f575e5b913b","DSNY_019.basePlot.all","D03","DSNY","DSNY_019","837788","2017-02-21","Field Book for Describing and Sampling Soils ver3","S2017FL105019","4071373","Cg",191,203,,
"ff0d370d-1aec-457a-a5be-5f7abc2e7fab","DSNY_009.basePlot.all","D03","DSNY","DSNY_009","837789","2017-02-23","Field Book for Describing and Sampling Soils ver3","S2017FL105009","17N03267","A",0,18,"common light gray (10YR 7/1)uncoated sand grains throughout",
"c92879d5-93d6-48c7-9cac-d58e79ad18d3","DSNY_036.basePlot.all","D03","DSNY","DSNY_036","837790","2017-02-23","Field Book for Describing and Sampling Soils ver3","S2017FL105036","17N03287","C2",41,203,,
"a2733638-eabd-4494-a453-da7d8d63ad00","DSNY_009.basePlot.all","D03","DSNY","DSNY_009","837789","2017-02-23","Field Book for Describing and Sampling Soils ver3","S2017FL105009","17N03270","Bh2",33,38,,
"1ad19a40-278a-4723-b243-6da2e15a985b","DSNY_009.basePlot.all","D03","DSNY","DSNY_009","837789","2017-02-23","Field Book for Describing and Sampling Soils ver3","S2017FL105009","4071381","B'h",147,203,,
"60696dff-b69a-4871-98b5-d554907597c3","DSNY_009.basePlot.all","D03","DSNY","DSNY_009","837789","2017-02-23","Field Book for Describing and Sampling Soils ver3","S2017FL105009","17N03268","E",18,28,"common fine distinct spherical very dark grayish brown (10YR 3/2) organic streaking throughout",
"11b9c07b-e602-4e46-8bfc-f6feedef2f08","DSNY_036.basePlot.all","D03","DSNY","DSNY_036","837790","2017-02-23","Field Book for Describing and Sampling Soils ver3","S2017FL105036","17N03286","C1",18,41,,
"e5b561d2-7fd2-4ab6-896e-62e00e3a89ed","DSNY_009.basePlot.all","D03","DSNY","DSNY_009","837789","2017-02-23","Field Book for Describing and Sampling Soils ver3","S2017FL105009","17N03272","E'g",53,147,,
"1ba500a9-03c7-4775-8b0e-23b67bd378df","DSNY_036.basePlot.all","D03","DSNY","DSNY_036","837790","2017-02-23","Field Book for Describing and Sampling Soils ver3","S2017FL105036","17N03285","Ap",0,18,"common fine and medium distinct spherical light gray (10YR 7/1) stripped matrix throughout, common light gray (10YR 7/1)uncoated sand grains throughout",
"5cc059d1-056e-4467-a481-fdf88eab3fb1","DSNY_009.basePlot.all","D03","DSNY","DSNY_009","837789","2017-02-23","Field Book for Describing and Sampling Soils ver3","S2017FL105009","17N03271","Bw",38,53,,
"71082cbc-b241-4699-8443-553713f76bb8","DSNY_009.basePlot.all","D03","DSNY","DSNY_009","837789","2017-02-23","Field Book for Describing and Sampling Soils ver3","S2017FL105009","17N03269","Bh1",28,33,,
"a71792b6-3b0f-4abd-b476-638c69a63ff1","DSNY_006.basePlot.all","D03","DSNY","DSNY_006","837791","2017-02-28","Field Book for Describing and Sampling Soils ver3","S2017FL097006","17N03228","C1",10,41,,
"00d2fafc-68b3-483e-b5ae-0eac298c14e2","DSNY_027.basePlot.all","D03","DSNY","DSNY_027","1219892","2017-02-28","Field Book for Describing and Sampling Soils ver3","S2017FL097027","17N03249","Bh2",33,38,,
"3677546e-6e80-4b2a-abc4-acfad1e9b3ee","DSNY_027.basePlot.all","D03","DSNY","DSNY_027","1219892","2017-02-28","Field Book for Describing and Sampling Soils ver3","S2017FL097027","17N03251","Cg",58,203,,
"e4038b6e-df15-4d7e-8689-d636ea821091","DSNY_006.basePlot.all","D03","DSNY","DSNY_006","837791","2017-02-28","Field Book for Describing and Sampling Soils ver3","S2017FL097006","17N03227","A",0,10,"common fine prominent irregular black (10YR 2/1) charcoal masses throughout",
"48f0c948-b0e6-4b4a-8f6c-04a6154f1e81","DSNY_027.basePlot.all","D03","DSNY","DSNY_027","1219892","2017-02-28","Field Book for Describing and Sampling Soils ver3","S2017FL097027","17N03250","Bw",38,58,"spodic tongues",
"45a5ef9d-7023-49a8-bd48-0e75c52145a2","DSNY_006.basePlot.all","D03","DSNY","DSNY_006","837791","2017-02-28","Field Book for Describing and Sampling Soils ver3","S2017FL097006","17N03229","C2",41,119,"common fine prominent irregular very dark gray (10YR 3/1) organic streaking throughout",
"e3306095-1930-4304-b1f2-5ee7c59977c7","DSNY_027.basePlot.all","D03","DSNY","DSNY_027","1219892","2017-02-28","Field Book for Describing and Sampling Soils ver3","S2017FL097027","17N03246","A",0,13,"common light gray (10YR 7/1)uncoated sand grains throughout",
"c0b24f3f-ad2d-4bec-800f-ee42a88592a8","DSNY_006.basePlot.all","D03","DSNY","DSNY_006","837791","2017-02-28","Field Book for Describing and Sampling Soils ver3","S2017FL097006","4071388","C3",119,203,,
"5f6dbe2e-284a-4067-b9f2-9aec4f03b9c3","DSNY_027.basePlot.all","D03","DSNY","DSNY_027","1219892","2017-02-28","Field Book for Describing and Sampling Soils ver3","S2017FL097027","17N03247","Eg",13,28,"common fine and medium prominent irregular light gray (10YR 7/1) stripped matrixes throughout, common fine and medium prominent irregular black (10YR 2/1) organic streaking throughout",
"bd76124f-a2da-436f-8cd9-f49c21f54fb6","DSNY_027.basePlot.all","D03","DSNY","DSNY_027","1219892","2017-02-28","Field Book for Describing and Sampling Soils ver3","S2017FL097027","17N03248","Bh1",28,33,,
