uid,namedLocation,domainID,siteID,plotID,nrcsDescriptionID,collectDate,horizonID,horizonName,bulkDensProcessedDate,bulkDensMethodPub,bulkDensMethod,bulkDensIDnrcs,bulkDensSampleType,bulkDensCenterDepth,bulkDensTopDepth,bulkDensBottomDepth,bulkDensThirdBar,bulkDensOvenDry,bulkDensFieldMoist,waterRetentionThirdBar,fieldWaterContent,laboratoryName,remarks,dataQF
"e6b86273-76f7-4563-8af5-fa7c3266b740","DSNY_005.basePlot.all","D03","DSNY","DSNY_005","S2017FL105005","2017-02-07","17N03253","E","2017-09-28","Kellogg Soil Survey Laboratory Methods Manual, Soil Survey Investigations Report No. 42 Version 5.0, Issued 2014","Bulk Density, Field Core (3B7)","S2017FL105005-2","field core",48.0,10.0,86.0,,,1.19,,1.8,"USDA NRCS Kellogg Soil Survey Laboratory",,
"2423b331-d2db-4cfa-bd29-8982639acfeb","DSNY_005.basePlot.all","D03","DSNY","DSNY_005","S2017FL105005","2017-02-07","17N03254","Bh","2017-09-28","Kellogg Soil Survey Laboratory Methods Manual, Soil Survey Investigations Report No. 42 Version 5.0, Issued 2014","Bulk Density, Field Core (3B7)","S2017FL105005-3","field core",91.5,86.0,97.0,,,1.16,,27.3,"USDA NRCS Kellogg Soil Survey Laboratory",,
"97cd6569-34da-4dc7-9397-8cb9333e3305","DSNY_005.basePlot.all","D03","DSNY","DSNY_005","S2017FL105005","2017-02-07","17N03252","A","2017-09-28","Kellogg Soil Survey Laboratory Methods Manual, Soil Survey Investigations Report No. 42 Version 5.0, Issued 2014","Bulk Density, Field Core (3B7)","S2017FL105005-1","field core",5.0,0.0,10.0,,,0.99,,3.2,"USDA NRCS Kellogg Soil Survey Laboratory",,
"417dbca7-85d9-4dad-afcc-9498a779c62c","DSNY_005.basePlot.all","D03","DSNY","DSNY_005","S2017FL105005","2017-02-07","17N03255","Bw","2017-09-28","Kellogg Soil Survey Laboratory Methods Manual, Soil Survey Investigations Report No. 42 Version 5.0, Issued 2014","Bulk Density, Field Core (3B7)","S2017FL105005-4","field core",99.5,97.0,102.0,,,1.03,,26.5,"USDA NRCS Kellogg Soil Survey Laboratory",,
"0ab3289e-1422-4ce7-92c2-4b34c66fcb50","DSNY_002.basePlot.all","D03","DSNY","DSNY_002","S2017FL105002","2017-02-09","17N03266","E'g","2017-09-28","Kellogg Soil Survey Laboratory Methods Manual, Soil Survey Investigations Report No. 42 Version 5.0, Issued 2014","Bulk Density, Field Core (3B7)","S2017FL105002-5","field core",106.0,77.0,135.0,,,1.31,,19.3,"USDA NRCS Kellogg Soil Survey Laboratory",,
"3d180795-1c14-4b82-b047-7c76816c3406","DSNY_002.basePlot.all","D03","DSNY","DSNY_002","S2017FL105002","2017-02-09","17N03262","A","2017-09-28","Kellogg Soil Survey Laboratory Methods Manual, Soil Survey Investigations Report No. 42 Version 5.0, Issued 2014","Bulk Density, Field Core (3B7)","S2017FL105002-1","field core",12.5,0.0,25.0,,,1.23,,8.1,"USDA NRCS Kellogg Soil Survey Laboratory",,
"33a63cce-42ee-49ad-8c66-14065315a4b5","DSNY_002.basePlot.all","D03","DSNY","DSNY_002","S2017FL105002","2017-02-09","17N03265","Bh2","2017-09-28","Kellogg Soil Survey Laboratory Methods Manual, Soil Survey Investigations Report No. 42 Version 5.0, Issued 2014","Bulk Density, Field Core (3B7)","S2017FL105002-4","field core",67.5,58.0,77.0,,,1.09,,23.2,"USDA NRCS Kellogg Soil Survey Laboratory",,
"60926752-0cc0-4431-8af2-d99652f5c01e","DSNY_002.basePlot.all","D03","DSNY","DSNY_002","S2017FL105002","2017-02-09","17N03263","Eg","2017-09-28","Kellogg Soil Survey Laboratory Methods Manual, Soil Survey Investigations Report No. 42 Version 5.0, Issued 2014","Bulk Density, Field Core (3B7)","S2017FL105002-2","field core",37.5,25.0,50.0,,,1.37,,10.1,"USDA NRCS Kellogg Soil Survey Laboratory",,
"5040b313-636c-4935-a988-e2da098cfbf1","DSNY_002.basePlot.all","D03","DSNY","DSNY_002","S2017FL105002","2017-02-09","17N03264","Bh1","2017-09-28","Kellogg Soil Survey Laboratory Methods Manual, Soil Survey Investigations Report No. 42 Version 5.0, Issued 2014","Bulk Density, Field Core (3B7)","S2017FL105002-3","field core",54.0,50.0,58.0,,,1.23,,22.2,"USDA NRCS Kellogg Soil Survey Laboratory",,
"a344424a-fe8f-4143-9f7e-2ba39ad45625","DSNY_018.basePlot.all","D03","DSNY","DSNY_018","S2017FL105018","2017-02-14","17N03280","Eg2","2017-09-28","Kellogg Soil Survey Laboratory Methods Manual, Soil Survey Investigations Report No. 42 Version 5.0, Issued 2014","Bulk Density, Field Core (3B7)","S2017FL105018-3","field core",34.5,23.0,46.0,,,1.25,,13.9,"USDA NRCS Kellogg Soil Survey Laboratory",,
"41859e88-30ee-4fba-adb2-d7c39d5b3ade","DSNY_018.basePlot.all","D03","DSNY","DSNY_018","S2017FL105018","2017-02-14","17N03279","Eg1","2017-09-28","Kellogg Soil Survey Laboratory Methods Manual, Soil Survey Investigations Report No. 42 Version 5.0, Issued 2014","Bulk Density, Field Core (3B7)","S2017FL105018-2","field core",16.5,10.0,23.0,,,1.13,,9.1,"USDA NRCS Kellogg Soil Survey Laboratory",,
"c7e7b048-0107-4eb3-96f9-95e7a18efeca","DSNY_018.basePlot.all","D03","DSNY","DSNY_018","S2017FL105018","2017-02-14","17N03281","Eg3","2017-09-28","Kellogg Soil Survey Laboratory Methods Manual, Soil Survey Investigations Report No. 42 Version 5.0, Issued 2014","Bulk Density, Field Core (3B7)","S2017FL105018-4","field core",75.0,46.0,104.0,,,1.36,,17.7,"USDA NRCS Kellogg Soil Survey Laboratory",,
"ab0ed2d8-7e81-48ad-93a9-1a2124cbd34a","DSNY_018.basePlot.all","D03","DSNY","DSNY_018","S2017FL105018","2017-02-14","17N03278","A","2017-09-28","Kellogg Soil Survey Laboratory Methods Manual, Soil Survey Investigations Report No. 42 Version 5.0, Issued 2014","Bulk Density, Field Core (3B7)","S2017FL105018-1","field core",5.0,0.0,10.0,,,0.75,,33.3,"USDA NRCS Kellogg Soil Survey Laboratory",,
"7b1549cc-fff5-40e7-a66e-a28572833d0d","DSNY_011.basePlot.all","D03","DSNY","DSNY_011","S2017FL105011","2017-02-16","17N03273","A","2017-09-28","Kellogg Soil Survey Laboratory Methods Manual, Soil Survey Investigations Report No. 42 Version 5.0, Issued 2014","Bulk Density, Field Core (3B7)","S2017FL105011-1","field core",9.0,0.0,18.0,,,1.16,,6.8,"USDA NRCS Kellogg Soil Survey Laboratory",,
"ba23fd5d-a338-4d7a-8002-c653e5a5565f","DSNY_011.basePlot.all","D03","DSNY","DSNY_011","S2017FL105011","2017-02-16","17N03275","Bh1","2017-09-28","Kellogg Soil Survey Laboratory Methods Manual, Soil Survey Investigations Report No. 42 Version 5.0, Issued 2014","Bulk Density, Field Core (3B7)","S2017FL105011-3","field core",46.0,41.0,51.0,,,0.94,,28.8,"USDA NRCS Kellogg Soil Survey Laboratory",,
"1f2aaee5-5989-4e0d-be3d-85d445f724ed","DSNY_011.basePlot.all","D03","DSNY","DSNY_011","S2017FL105011","2017-02-16","17N03274","E","2017-09-28","Kellogg Soil Survey Laboratory Methods Manual, Soil Survey Investigations Report No. 42 Version 5.0, Issued 2014","Bulk Density, Field Core (3B7)","S2017FL105011-2","field core",29.5,18.0,41.0,,,1.36,,2.9,"USDA NRCS Kellogg Soil Survey Laboratory",,
"92fcd764-691f-4dfe-b5c1-1bb5b5eef4fc","DSNY_011.basePlot.all","D03","DSNY","DSNY_011","S2017FL105011","2017-02-16","17N03276","Bh2","2017-09-28","Kellogg Soil Survey Laboratory Methods Manual, Soil Survey Investigations Report No. 42 Version 5.0, Issued 2014","Bulk Density, Field Core (3B7)","S2017FL105011-4","field core",61.0,51.0,71.0,,,0.96,,15.7,"USDA NRCS Kellogg Soil Survey Laboratory",,
"da905926-2ad0-4095-9b76-26f8aeeb8f21","DSNY_011.basePlot.all","D03","DSNY","DSNY_011","S2017FL105011","2017-02-16","17N03277","Bw1","2017-09-28","Kellogg Soil Survey Laboratory Methods Manual, Soil Survey Investigations Report No. 42 Version 5.0, Issued 2014","Bulk Density, Field Core (3B7)","S2017FL105011-5","field core",106.5,71.0,142.0,,,1.16,,16.2,"USDA NRCS Kellogg Soil Survey Laboratory",,
"8a740de7-e0b9-4289-807c-642730d9e601","DSNY_019.basePlot.all","D03","DSNY","DSNY_019","S2017FL105019","2017-02-21","17N03282","A","2017-09-28","Kellogg Soil Survey Laboratory Methods Manual, Soil Survey Investigations Report No. 42 Version 5.0, Issued 2014","Bulk Density, Field Core (3B7)","S2017FL105019-1","field core",5.0,0.0,10.0,,,1.29,,0.2,"USDA NRCS Kellogg Soil Survey Laboratory",,
"810b219e-2751-476b-850a-64054bbcc252","DSNY_019.basePlot.all","D03","DSNY","DSNY_019","S2017FL105019","2017-02-21","17N03284","E2","2017-09-28","Kellogg Soil Survey Laboratory Methods Manual, Soil Survey Investigations Report No. 42 Version 5.0, Issued 2014","Bulk Density, Field Core (3B7)","S2017FL105019-3","field core",103.5,67.0,140.0,,,1.29,,16.6,"USDA NRCS Kellogg Soil Survey Laboratory",,
"46f3dd2f-55f6-4377-8c89-5042ba6e290a","DSNY_019.basePlot.all","D03","DSNY","DSNY_019","S2017FL105019","2017-02-21","17N03283","E1","2017-09-28","Kellogg Soil Survey Laboratory Methods Manual, Soil Survey Investigations Report No. 42 Version 5.0, Issued 2014","Bulk Density, Field Core (3B7)","S2017FL105019-2","field core",38.5,10.0,67.0,,,1.24,,0.0,"USDA NRCS Kellogg Soil Survey Laboratory",,
"2f737b06-14c1-4c60-b987-e5af0e32ad47","DSNY_009.basePlot.all","D03","DSNY","DSNY_009","S2017FL105009","2017-02-23","17N03270","Bh2","2017-09-28","Kellogg Soil Survey Laboratory Methods Manual, Soil Survey Investigations Report No. 42 Version 5.0, Issued 2014","Bulk Density, Field Core (3B7)","S2017FL105009-4","field core",35.5,33.0,38.0,,,0.83,,21.9,"USDA NRCS Kellogg Soil Survey Laboratory",,
"79540f60-9cf4-4462-9793-85ae807a9422","DSNY_009.basePlot.all","D03","DSNY","DSNY_009","S2017FL105009","2017-02-23","17N03268","E","2017-09-28","Kellogg Soil Survey Laboratory Methods Manual, Soil Survey Investigations Report No. 42 Version 5.0, Issued 2014","Bulk Density, Field Core (3B7)","S2017FL105009-2","field core",23.0,18.0,28.0,,,1.21,,6.6,"USDA NRCS Kellogg Soil Survey Laboratory",,
"fa8a612b-837b-4614-9d04-d7634b34e6db","DSNY_036.basePlot.all","D03","DSNY","DSNY_036","S2017FL105036","2017-02-23","17N03286","C1","2017-09-28","Kellogg Soil Survey Laboratory Methods Manual, Soil Survey Investigations Report No. 42 Version 5.0, Issued 2014","Bulk Density, Field Core (3B7)","S2017FL105036-2","field core",29.5,18.0,41.0,,,1.23,,9.4,"USDA NRCS Kellogg Soil Survey Laboratory",,
"019863c7-f745-4100-b5a0-9cd6a5d44f3f","DSNY_036.basePlot.all","D03","DSNY","DSNY_036","S2017FL105036","2017-02-23","17N03285","Ap","2017-09-28","Kellogg Soil Survey Laboratory Methods Manual, Soil Survey Investigations Report No. 42 Version 5.0, Issued 2014","Bulk Density, Field Core (3B7)","S2017FL105036-1","field core",9.0,0.0,18.0,,,1.05,,13.2,"USDA NRCS Kellogg Soil Survey Laboratory",,
"31f85144-91ec-42f2-9d7f-07a65561965a","DSNY_009.basePlot.all","D03","DSNY","DSNY_009","S2017FL105009","2017-02-23","17N03272","E'g","2017-09-28","Kellogg Soil Survey Laboratory Methods Manual, Soil Survey Investigations Report No. 42 Version 5.0, Issued 2014","Bulk Density, Field Core (3B7)","S2017FL105009-6","field core",100.0,53.0,147.0,,,1.08,,15.3,"USDA NRCS Kellogg Soil Survey Laboratory",,
"ad07bbb1-b1ff-4221-8c3c-c33232644878","DSNY_036.basePlot.all","D03","DSNY","DSNY_036","S2017FL105036","2017-02-23","17N03287","C2","2017-09-28","Kellogg Soil Survey Laboratory Methods Manual, Soil Survey Investigations Report No. 42 Version 5.0, Issued 2014","Bulk Density, Field Core (3B7)","S2017FL105036-3","field core",122.0,41.0,203.0,,,1.32,,17.3,"USDA NRCS Kellogg Soil Survey Laboratory",,
"a9d573a6-9b16-4b88-ab02-1d9c2dfc5611","DSNY_009.basePlot.all","D03","DSNY","DSNY_009","S2017FL105009","2017-02-23","17N03267","A","2017-09-28","Kellogg Soil Survey Laboratory Methods Manual, Soil Survey Investigations Report No. 42 Version 5.0, Issued 2014","Bulk Density, Field Core (3B7)","S2017FL105009-1","field core",9.0,0.0,18.0,,,0.95,,34.0,"USDA NRCS Kellogg Soil Survey Laboratory",,
"34199c13-96bc-4126-a204-80ce9555c2a3","DSNY_009.basePlot.all","D03","DSNY","DSNY_009","S2017FL105009","2017-02-23","17N03271","Bw","2017-09-28","Kellogg Soil Survey Laboratory Methods Manual, Soil Survey Investigations Report No. 42 Version 5.0, Issued 2014","Bulk Density, Field Core (3B7)","S2017FL105009-5","field core",45.5,38.0,53.0,,,0.86,,20.0,"USDA NRCS Kellogg Soil Survey Laboratory",,
"4bfe26a0-5a6a-49c7-baa9-8a96b59a6a37","DSNY_009.basePlot.all","D03","DSNY","DSNY_009","S2017FL105009","2017-02-23","17N03269","Bh1","2017-09-28","Kellogg Soil Survey Laboratory Methods Manual, Soil Survey Investigations Report No. 42 Version 5.0, Issued 2014","Bulk Density, Field Core (3B7)","S2017FL105009-3","field core",30.5,28.0,33.0,,,0.77,,23.9,"USDA NRCS Kellogg Soil Survey Laboratory",,
"bfad14b9-e864-4537-a7a2-30cd8709dcaa","DSNY_027.basePlot.all","D03","DSNY","DSNY_027","S2017FL097027","2017-02-28","17N03246","A","2017-09-28","Kellogg Soil Survey Laboratory Methods Manual, Soil Survey Investigations Report No. 42 Version 5.0, Issued 2014","Bulk Density, Field Core (3B7)","S2017FL097027-1","field core",6.5,0.0,13.0,,,0.85,,35.4,"USDA NRCS Kellogg Soil Survey Laboratory",,
"fb8d534c-5fbf-41b8-922c-2b57f344ec6a","DSNY_006.basePlot.all","D03","DSNY","DSNY_006","S2017FL097006","2017-02-28","17N03227","A","2017-09-28","Kellogg Soil Survey Laboratory Methods Manual, Soil Survey Investigations Report No. 42 Version 5.0, Issued 2014","Bulk Density, Field Core (3B7)","S2017FL097006-1","field core",5.0,0.0,10.0,,,0.97,,8.7,"USDA NRCS Kellogg Soil Survey Laboratory",,
"7b140a3b-7552-4dfa-b5cf-809cecca4dbc","DSNY_006.basePlot.all","D03","DSNY","DSNY_006","S2017FL097006","2017-02-28","17N03229","C2","2017-09-28","Kellogg Soil Survey Laboratory Methods Manual, Soil Survey Investigations Report No. 42 Version 5.0, Issued 2014","Bulk Density, Field Core (3B7)","S2017FL097006-3","field core",80.0,41.0,119.0,,,1.33,,4.6,"USDA NRCS Kellogg Soil Survey Laboratory",,
"9f17c0f1-9985-4399-847c-8cd85e025c94","DSNY_006.basePlot.all","D03","DSNY","DSNY_006","S2017FL097006","2017-02-28","17N03228","C1","2017-09-28","Kellogg Soil Survey Laboratory Methods Manual, Soil Survey Investigations Report No. 42 Version 5.0, Issued 2014","Bulk Density, Field Core (3B7)","S2017FL097006-2","field core",25.5,10.0,41.0,,,1.24,,3.9,"USDA NRCS Kellogg Soil Survey Laboratory",,
"021088e1-ba41-4412-be83-b8b87991f316","DSNY_027.basePlot.all","D03","DSNY","DSNY_027","S2017FL097027","2017-02-28","17N03248","Bh1","2017-09-28","Kellogg Soil Survey Laboratory Methods Manual, Soil Survey Investigations Report No. 42 Version 5.0, Issued 2014","Bulk Density, Field Core (3B7)","S2017FL097027-3","field core",30.5,28.0,33.0,,,1.03,,31.2,"USDA NRCS Kellogg Soil Survey Laboratory",,
"633ec8a0-dd5d-4f09-868a-b20a9d42f90a","DSNY_027.basePlot.all","D03","DSNY","DSNY_027","S2017FL097027","2017-02-28","17N03249","Bh2","2017-09-28","Kellogg Soil Survey Laboratory Methods Manual, Soil Survey Investigations Report No. 42 Version 5.0, Issued 2014","Bulk Density, Field Core (3B7)","S2017FL097027-4","field core",35.5,33.0,38.0,,,1.18,,27.7,"USDA NRCS Kellogg Soil Survey Laboratory",,
"13634ddd-67fb-4e1b-b44a-fdd241196dfc","DSNY_027.basePlot.all","D03","DSNY","DSNY_027","S2017FL097027","2017-02-28","17N03251","Cg","2017-09-28","Kellogg Soil Survey Laboratory Methods Manual, Soil Survey Investigations Report No. 42 Version 5.0, Issued 2014","Bulk Density, Field Core (3B7)","S2017FL097027-6","field core",130.5,58.0,203.0,,,1.03,,18.3,"USDA NRCS Kellogg Soil Survey Laboratory",,
"fe953a03-33a4-4021-95c8-31f1168beacf","DSNY_027.basePlot.all","D03","DSNY","DSNY_027","S2017FL097027","2017-02-28","17N03250","Bw","2017-09-28","Kellogg Soil Survey Laboratory Methods Manual, Soil Survey Investigations Report No. 42 Version 5.0, Issued 2014","Bulk Density, Field Core (3B7)","S2017FL097027-5","field core",48.0,38.0,58.0,,,0.92,,22.8,"USDA NRCS Kellogg Soil Survey Laboratory",,
"40fd0b4b-de8d-4f1e-837e-8ce236a786a4","DSNY_027.basePlot.all","D03","DSNY","DSNY_027","S2017FL097027","2017-02-28","17N03247","Eg","2017-09-28","Kellogg Soil Survey Laboratory Methods Manual, Soil Survey Investigations Report No. 42 Version 5.0, Issued 2014","Bulk Density, Field Core (3B7)","S2017FL097027-2","field core",20.5,13.0,28.0,,,1.25,,10.4,"USDA NRCS Kellogg Soil Survey Laboratory",,
