uid,domainID,siteID,pitNamedLocation,pitID,horizonID,horizonName,setDate,collectDate,horizonTopDepth,horizonBottomDepth,nrcsDescriptionID,remarks
"d8a434bb-c38f-43dc-aecf-0cf5d96e7129","D08","TALL","MEGAPT100998","D08_TALLADEGA_PIT1","D08_TALLADEGA_PIT1_BE","BE","2014-01-13","2014-01-13",25.0,37.0,"S2014AL007001",
"cc380d78-ebb6-4cc2-a0f8-f24d0f53fad7","D08","TALL","MEGAPT100998","D08_TALLADEGA_PIT1","D08_TALLADEGA_PIT1_C2","C2","2014-01-13","2014-01-13",130.0,200.0,"S2014AL007001",
"ff5ef6a3-c2cf-4741-b44a-508a407a1a21","D08","TALL","MEGAPT100998","D08_TALLADEGA_PIT1","D08_TALLADEGA_PIT1_A2","A2","2014-01-13","2014-01-13",10.0,25.0,"S2014AL007001",
"3cc64a4a-1f01-4a0a-b455-85f90caee92c","D08","TALL","MEGAPT100998","D08_TALLADEGA_PIT1","D08_TALLADEGA_PIT1_BC","Bc","2014-01-13","2014-01-13",75.0,93.0,"S2014AL007001",
"1623fc2a-81a6-49ab-a9c6-42d97c8f0183","D08","TALL","MEGAPT100998","D08_TALLADEGA_PIT1","D08_TALLADEGA_PIT1_A1","A1","2014-01-13","2014-01-13",0.0,10.0,"S2014AL007001",
"01d789af-47b5-442c-b815-20bea0841fc1","D08","TALL","MEGAPT100998","D08_TALLADEGA_PIT1","D08_TALLADEGA_PIT1_C1","C1","2014-01-13","2014-01-13",93.0,130.0,"S2014AL007001",
"00736ad3-d0b5-433e-8f20-8c8682d5391b","D08","TALL","MEGAPT100998","D08_TALLADEGA_PIT1","D08_TALLADEGA_PIT1_BT","Bt","2014-01-13","2014-01-13",37.0,75.0,"S2014AL007001",
