uid,domainID,siteID,pitNamedLocation,pitID,horizonID,horizonName,setDate,collectDate,archiveID,archiveLaboratoryName,archiveTopDepth,archiveBottomDepth,remarks,sampleMass
"15b4b56e-40c3-4df4-8a90-06255e8a2654","D08","TALL","MEGAPT100998","D08_TALLADEGA_PIT1","D08_TALLADEGA_PIT1_BE","BE","2014-01-13","2014-01-13","D08_TALLADEGA_PIT1_ARCHIVE_25-37_BE","NEON",25.0,37.0,,3601.6
"ecb4dcb9-2d9e-48dd-8c6f-243381da5585","D08","TALL","MEGAPT100998","D08_TALLADEGA_PIT1","D08_TALLADEGA_PIT1_C1","C1","2014-01-13","2014-01-13","D08_TALLADEGA_PIT1_ARCHIVE_93-130_C1","NEON",93.0,130.0,,3600.1
"32e6b060-7fcd-44b0-89aa-1cf425a01b5c","D08","TALL","MEGAPT100998","D08_TALLADEGA_PIT1","D08_TALLADEGA_PIT1_A2","A2","2014-01-13","2014-01-13","D08_TALLADEGA_PIT1_ARCHIVE_10-25CM_A2","NEON",10.0,25.0,,3601.0
"34773796-4524-4a07-8890-610fa58fcd69","D08","TALL","MEGAPT100998","D08_TALLADEGA_PIT1","D08_TALLADEGA_PIT1_BC","Bc","2014-01-13","2014-01-13","D08_TALLADEGA_PIT1_ARCHIVE_75-93_BC","NEON",75.0,93.0,,3600.6
"885c47e2-936d-48ad-a08c-c1eceb1d2fa1","D08","TALL","MEGAPT100998","D08_TALLADEGA_PIT1","D08_TALLADEGA_PIT1_BT","Bt","2014-01-13","2014-01-13","D08_TALLADEGA_PIT1_ARCHIVE_37-75_BT","NEON",37.0,75.0,,3600.0
"56fe7e19-9a99-4abc-9aa2-2e5b0566a6c9","D08","TALL","MEGAPT100998","D08_TALLADEGA_PIT1","D08_TALLADEGA_PIT1_A1","A1","2014-01-13","2014-01-13","D08_TALLADEGA_PIT1_ARCHIVE_0-10CM_A1","NEON",0.0,10.0,,3600.3
"44315b12-d221-4650-8275-a355f7e3893a","D08","TALL","MEGAPT100998","D08_TALLADEGA_PIT1","D08_TALLADEGA_PIT1_C2","C2","2014-01-13","2014-01-13","D08_TALLADEGA_PIT1_ARCHIVE_130-200_C2","NEON",130.0,200.0,,3600.7
