uid,domainID,siteID,pitNamedLocation,pitID,horizonID,bulkDensID,horizonName,setDate,collectDate,laboratoryName,labProjID,bulkDensCenterDepth,bulkDensTopDepth,bulkDensBottomDepth,bulkDensHorizonProportion,bulkDensSampleType,bulkDensExclCoarseFrag,remarks
"af618556-9374-4c16-a026-200785fdeaf9","D08","TALL","MEGAPT100998","D08_TALLADEGA_PIT1","D08_TALLADEGA_PIT1_C2","D08_TALLADEGA_PIT1_BULKD_145-155_C2","C2","2014-01-13","2014-01-13","USDA NRCS Kellogg Soil Survey Laboratory - Lincoln - NE","I2014USAL029",150.0,145.0,155.0,1.0,"Regular",1.6192,
"ddd9961e-6e7d-4a9b-8787-6fc9aecb2db9","D08","TALL","MEGAPT100998","D08_TALLADEGA_PIT1","D08_TALLADEGA_PIT1_A1","D08_TALLADEGA_PIT1_BULKD_0-10_A1","A1","2014-01-13","2014-01-13","USDA NRCS Kellogg Soil Survey Laboratory - Lincoln - NE","I2014USAL029",5.0,0.0,10.0,1.0,"Regular",1.1660,
"3ece68b4-9a9f-40ee-b00a-223d8e4b9b07","D08","TALL","MEGAPT100998","D08_TALLADEGA_PIT1","D08_TALLADEGA_PIT1_A2","D08_TALLADEGA_PIT1_BULKD_13-23_A2","A2","2014-01-13","2014-01-13","USDA NRCS Kellogg Soil Survey Laboratory - Lincoln - NE","I2014USAL029",18.0,13.0,23.0,1.0,"Regular",1.4976,
"12ea7061-7d2f-4740-9be5-aa0ee3d3a545","D08","TALL","MEGAPT100998","D08_TALLADEGA_PIT1","D08_TALLADEGA_PIT1_BT","D08_TALLADEGA_PIT1_BULKD_53-63_BT","Bt","2014-01-13","2014-01-13","USDA NRCS Kellogg Soil Survey Laboratory - Lincoln - NE","I2014USAL029",58.0,53.0,63.0,1.0,"Regular",1.6247,
"a7bb96d1-81e4-40e2-8e5e-3363f6dd9d96","D08","TALL","MEGAPT100998","D08_TALLADEGA_PIT1","D08_TALLADEGA_PIT1_BC","D08_TALLADEGA_PIT1_BULKD_79-89_BC","Bc","2014-01-13","2014-01-13","USDA NRCS Kellogg Soil Survey Laboratory - Lincoln - NE","I2014USAL029",84.0,79.0,89.0,1.0,"Regular",1.6137,
"309430dc-6c44-47d9-86e8-064b8591532d","D08","TALL","MEGAPT100998","D08_TALLADEGA_PIT1","D08_TALLADEGA_PIT1_BE","D08_TALLADEGA_PIT1_BULKD_25-35_BE","BE","2014-01-13","2014-01-13","USDA NRCS Kellogg Soil Survey Laboratory - Lincoln - NE","I2014USAL029",30.0,25.0,35.0,1.0,"Regular",1.5639,
"392295f7-5061-4d78-98fa-2569e0fefa0c","D08","TALL","MEGAPT100998","D08_TALLADEGA_PIT1","D08_TALLADEGA_PIT1_C1","D08_TALLADEGA_PIT1_BULKD_102-112_C1","C1","2014-01-13","2014-01-13","USDA NRCS Kellogg Soil Survey Laboratory - Lincoln - NE","I2014USAL029",107.0,102.0,112.0,1.0,"Regular",1.6523,
