uid,namedLocation,domainID,siteID,plotID,pitID,collectDate,testProtocolVersion,nrcsDescriptionID,horizonID,horizonName,horizonTopDepth,horizonBottomDepth,remarks,dataQF
"b2e17b48-9d30-4986-8ce4-095966808142","NOGP_006.basePlot.all","D09","NOGP","NOGP_006","1139270","2016-04-29","Field Book for Describing and Sampling Soils ver3","S2016ND059005","5877941","2C1",119,158,"Thos horizon is comprised of glacial till parent materials.",
"1bf7bee8-4dbd-4ecd-84e5-12b5b4e6ada2","NOGP_006.basePlot.all","D09","NOGP","NOGP_006","1139270","2016-04-29","Field Book for Describing and Sampling Soils ver3","S2016ND059005","16N04076","Bk1",51,72,,
"42876ced-8014-47a1-bf22-612b8c3865f7","NOGP_006.basePlot.all","D09","NOGP","NOGP_006","1139270","2016-04-29","Field Book for Describing and Sampling Soils ver3","S2016ND059005","5877942","3C2",158,185,,
"650b5410-c9ce-40c4-89e1-3161fb95bf1f","NOGP_006.basePlot.all","D09","NOGP","NOGP_006","1139270","2016-04-29","Field Book for Describing and Sampling Soils ver3","S2016ND059005","16N04075","Bw2",35,51,,
"79178865-e38e-4d82-b1dd-63255c9ce468","NOGP_006.basePlot.all","D09","NOGP","NOGP_006","1139270","2016-04-29","Field Book for Describing and Sampling Soils ver3","S2016ND059005","16N04074","Bw1",20,35,,
"92e8bdf2-19c8-42c4-a150-85cf8d3e49c0","NOGP_006.basePlot.all","D09","NOGP","NOGP_006","1139270","2016-04-29","Field Book for Describing and Sampling Soils ver3","S2016ND059005","5877940","2Bk3",101,119,"This horizon is comprised of glacial till parent materials.",
"4bc766aa-e74d-4229-96a1-eb695d12e17e","NOGP_006.basePlot.all","D09","NOGP","NOGP_006","1139270","2016-04-29","Field Book for Describing and Sampling Soils ver3","S2016ND059005","16N04077","Bk2",72,101,,
"afa66397-d6d0-4e25-9556-aefc43419c45","NOGP_006.basePlot.all","D09","NOGP","NOGP_006","1139270","2016-04-29","Field Book for Describing and Sampling Soils ver3","S2016ND059005","16N04072","Oi",0,4,,
"f09d612c-ee36-4547-9885-4582f3ddfb0e","NOGP_006.basePlot.all","D09","NOGP","NOGP_006","1139270","2016-04-29","Field Book for Describing and Sampling Soils ver3","S2016ND059005","16N04073","A",4,20,,
