uid,namedLocation,domainID,siteID,plotID,nrcsDescriptionID,collectDate,horizonID,horizonName,biogeoIDnrcs,biogeoSampleType,biogeoTopDepth,biogeoBottomDepth,biogeoCenterDepth,particleSizeDistProcessedDate,particleSizeDistMethodPub,particleSizeDistMethod,coarseFrag2To5,coarseFrag5To20,sandTotal,siltTotal,clayTotal,carbonateClay,clayFineContent,siltFineContent,siltCoarseContent,sandVeryFineContent,sandFineContent,sandMediumContent,sandCoarseContent,sandVeryCoarseContent,laboratoryName,dataQF
"3a2b6060-a602-4255-a138-630b3c112073","NOGP_006.basePlot.all","D09","NOGP","NOGP_006","S2016ND059005","2016-04-29","16N04074","Bw1","S2016ND059005-3","bulk",20.0,35.0,27.5,"2016-11-20","Kellogg Soil Survey Laboratory Methods Manual, Soil Survey Investigations Report No. 42 Version 5.0, Issued 2014","Routine Particle Size Distribution (3A1a1a)",4.0,4.6,18.6,51.8,29.6,,,22.5,29.3,13.2,3.7,0.9,0.3,0.5,"USDA NRCS Kellogg Soil Survey Laboratory",
"e4a63ce4-b1fe-4bed-b737-28c349a50e83","NOGP_006.basePlot.all","D09","NOGP","NOGP_006","S2016ND059005","2016-04-29","16N04076","Bk1","S2016ND059005-5","bulk",51.0,72.0,61.5,"2016-11-20","Kellogg Soil Survey Laboratory Methods Manual, Soil Survey Investigations Report No. 42 Version 5.0, Issued 2014","Routine Particle Size Distribution (3A1a1a)",123.5,60.0,28.2,40.1,31.7,3.8,,24.8,15.3,13.7,11.0,2.8,0.5,0.2,"USDA NRCS Kellogg Soil Survey Laboratory",
"5596f4bd-b0bc-47f7-8417-f6f2a4629da0","NOGP_006.basePlot.all","D09","NOGP","NOGP_006","S2016ND059005","2016-04-29","16N04077","Bk2","S2016ND059005-6","bulk",72.0,101.0,86.5,"2016-11-20","Kellogg Soil Survey Laboratory Methods Manual, Soil Survey Investigations Report No. 42 Version 5.0, Issued 2014","Routine Particle Size Distribution (3A1a1a)",4.9,3.5,28.8,39.8,31.4,4.6,,25.7,14.1,12.2,13.2,2.7,0.6,0.1,"USDA NRCS Kellogg Soil Survey Laboratory",
"e86cbf51-c962-41f7-9a0b-9b906990580d","NOGP_006.basePlot.all","D09","NOGP","NOGP_006","S2016ND059005","2016-04-29","16N04075","Bw2","S2016ND059005-4","bulk",35.0,51.0,43.0,"2016-11-20","Kellogg Soil Survey Laboratory Methods Manual, Soil Survey Investigations Report No. 42 Version 5.0, Issued 2014","Routine Particle Size Distribution (3A1a1a)",2.3,0.0,28.9,41.2,29.9,,,21.9,19.3,17.0,7.8,1.9,0.9,1.3,"USDA NRCS Kellogg Soil Survey Laboratory",
"45b73f75-8366-4cde-a9e9-b344cdb55f9f","NOGP_006.basePlot.all","D09","NOGP","NOGP_006","S2016ND059005","2016-04-29","16N04072","Oi","S2016ND059005-1","bulk",0.0,4.0,2.0,"2016-11-20","Kellogg Soil Survey Laboratory Methods Manual, Soil Survey Investigations Report No. 42 Version 5.0, Issued 2014","Routine Particle Size Distribution (3A1a1a)",0.0,0.0,17.1,58.5,24.4,,,28.3,30.2,10.7,4.8,1.2,0.4,0.0,"USDA NRCS Kellogg Soil Survey Laboratory",
"ba8f952e-1435-4703-b940-29c1f1d8ee41","NOGP_006.basePlot.all","D09","NOGP","NOGP_006","S2016ND059005","2016-04-29","16N04073","A","S2016ND059005-2","bulk",4.0,20.0,12.0,"2016-11-20","Kellogg Soil Survey Laboratory Methods Manual, Soil Survey Investigations Report No. 42 Version 5.0, Issued 2014","Routine Particle Size Distribution (3A1a1a)",15.5,39.7,18.9,57.8,23.3,,,26.1,31.7,11.9,5.3,1.3,0.3,0.1,"USDA NRCS Kellogg Soil Survey Laboratory",
