uid,namedLocation,domainID,siteID,plotID,nrcsDescriptionID,collectDate,horizonID,horizonName,bulkDensProcessedDate,bulkDensMethodPub,bulkDensMethod,bulkDensIDnrcs,bulkDensSampleType,bulkDensCenterDepth,bulkDensTopDepth,bulkDensBottomDepth,bulkDensThirdBar,bulkDensOvenDry,bulkDensFieldMoist,waterRetentionThirdBar,fieldWaterContent,laboratoryName,remarks,dataQF
"0c4f80c9-49da-4617-9f00-d9a0e7c3ebd1","KONA_017.basePlot.all","D06","KONA","KONA_017","S2018KS161017","2018-05-01","18N04373","Ap","2018-10-17","Kellogg Soil Survey Laboratory Methods Manual, Soil Survey Investigations Report No. 42 Version 5.0, Issued 2014","Bulk Density, Clods (3B1)","S2018KS161017-1","clod",8.0,0.0,16.0,1.39,1.51,,22.2,,"USDA NRCS Kellogg Soil Survey Laboratory",,
"6fa8ffb5-586a-4cf8-a252-424f654dd383","KONA_017.basePlot.all","D06","KONA","KONA_017","S2018KS161017","2018-05-01","18N04374","BA","2018-10-17","Kellogg Soil Survey Laboratory Methods Manual, Soil Survey Investigations Report No. 42 Version 5.0, Issued 2014","Bulk Density, Clods (3B1)","S2018KS161017-2","clod",23.0,16.0,30.0,1.41,1.56,,23.8,,"USDA NRCS Kellogg Soil Survey Laboratory",,
"93e9f9c8-516f-465a-aa85-3b89a059ea02","KONA_017.basePlot.all","D06","KONA","KONA_017","S2018KS161017","2018-05-01","18N04375","Bt1","2018-10-17","Kellogg Soil Survey Laboratory Methods Manual, Soil Survey Investigations Report No. 42 Version 5.0, Issued 2014","Bulk Density, Clods (3B1)","S2018KS161017-3","clod",47.5,30.0,65.0,1.35,1.72,,29.4,,"USDA NRCS Kellogg Soil Survey Laboratory",,
"35b38480-ea2a-4814-9ef0-d2243daa7686","KONA_022.basePlot.all","D06","KONA","KONA_022","S2018KS161022","2018-05-01","18N04368","Ap","2018-10-17","Kellogg Soil Survey Laboratory Methods Manual, Soil Survey Investigations Report No. 42 Version 5.0, Issued 2014","Bulk Density, Clods (3B1)","S2018KS161022-1","clod",7.0,0.0,14.0,1.35,1.55,,29.6,,"USDA NRCS Kellogg Soil Survey Laboratory",,
"a621c489-c525-4b70-b2c4-7b645ec22312","KONA_017.basePlot.all","D06","KONA","KONA_017","S2018KS161017","2018-05-01","18N04376","Bt2","2018-10-17","Kellogg Soil Survey Laboratory Methods Manual, Soil Survey Investigations Report No. 42 Version 5.0, Issued 2014","Bulk Density, Clods (3B1)","S2018KS161017-4","clod",81.0,65.0,97.0,1.41,1.78,,28.1,,"USDA NRCS Kellogg Soil Survey Laboratory",,
"3e58b83c-b54d-4253-a908-f5bb2ac4bdc6","KONA_008.basePlot.all","D06","KONA","KONA_008","S2018KS161008","2018-05-01","18N04379","Bt","2018-10-17","Kellogg Soil Survey Laboratory Methods Manual, Soil Survey Investigations Report No. 42 Version 5.0, Issued 2014","Bulk Density, Clods (3B1)","S2018KS161008-2","clod",31.5,15.0,48.0,1.53,1.78,,22.5,,"USDA NRCS Kellogg Soil Survey Laboratory",,
"11708f1f-3bc2-4208-a938-384e0311bd41","KONA_003.basePlot.all","D06","KONA","KONA_003","S2018KS161003","2018-05-01","18N04385","Btk1","2018-10-17","Kellogg Soil Survey Laboratory Methods Manual, Soil Survey Investigations Report No. 42 Version 5.0, Issued 2014","Bulk Density, Clods (3B1)","S2018KS161003-3","clod",51.5,37.0,66.0,1.45,1.82,,24.8,,"USDA NRCS Kellogg Soil Survey Laboratory",,
"b364827c-3c52-42ce-8729-18d2b9231c5a","KONA_022.basePlot.all","D06","KONA","KONA_022","S2018KS161022","2018-05-01","18N04372","Btk","2018-10-17","Kellogg Soil Survey Laboratory Methods Manual, Soil Survey Investigations Report No. 42 Version 5.0, Issued 2014","Bulk Density, Clods (3B1)","S2018KS161022-5","clod",89.0,78.0,100.0,1.47,1.64,,24.2,,"USDA NRCS Kellogg Soil Survey Laboratory",,
"178e64ab-ac93-4c49-bb31-0789a03427cd","KONA_008.basePlot.all","D06","KONA","KONA_008","S2018KS161008","2018-05-01","18N04378","Ap","2018-10-17","Kellogg Soil Survey Laboratory Methods Manual, Soil Survey Investigations Report No. 42 Version 5.0, Issued 2014","Bulk Density, Clods (3B1)","S2018KS161008-1","clod",7.5,0.0,15.0,1.36,1.56,,25.6,,"USDA NRCS Kellogg Soil Survey Laboratory",,
"71f47f55-c6f7-4442-8799-cc49456a41d5","KONA_022.basePlot.all","D06","KONA","KONA_022","S2018KS161022","2018-05-01","18N04371","Bt3","2018-10-17","Kellogg Soil Survey Laboratory Methods Manual, Soil Survey Investigations Report No. 42 Version 5.0, Issued 2014","Bulk Density, Clods (3B1)","S2018KS161022-4","clod",69.0,60.0,78.0,1.46,1.69,,26.3,,"USDA NRCS Kellogg Soil Survey Laboratory",,
"8b77dc7b-0317-4b3d-b642-6adf024c7b32","KONA_003.basePlot.all","D06","KONA","KONA_003","S2018KS161003","2018-05-01","18N04386","Btk2","2018-10-17","Kellogg Soil Survey Laboratory Methods Manual, Soil Survey Investigations Report No. 42 Version 5.0, Issued 2014","Bulk Density, Clods (3B1)","S2018KS161003-4","clod",83.0,66.0,100.0,1.44,1.65,,24.6,,"USDA NRCS Kellogg Soil Survey Laboratory",,
"aad9ff9e-c18d-4f2e-9589-1e75202ee48e","KONA_003.basePlot.all","D06","KONA","KONA_003","S2018KS161003","2018-05-01","18N04383","Ap","2018-10-17","Kellogg Soil Survey Laboratory Methods Manual, Soil Survey Investigations Report No. 42 Version 5.0, Issued 2014","Bulk Density, Clods (3B1)","S2018KS161003-1","clod",7.0,0.0,14.0,1.51,1.94,,25.7,,"USDA NRCS Kellogg Soil Survey Laboratory",,
"95361395-b4bf-4e0d-84a4-437a1ff35bc4","KONA_003.basePlot.all","D06","KONA","KONA_003","S2018KS161003","2018-05-01","18N04384","Bt","2018-10-17","Kellogg Soil Survey Laboratory Methods Manual, Soil Survey Investigations Report No. 42 Version 5.0, Issued 2014","Bulk Density, Clods (3B1)","S2018KS161003-2","clod",25.5,14.0,37.0,1.47,1.87,,27.5,,"USDA NRCS Kellogg Soil Survey Laboratory",,
"83344289-6ee8-4724-80d3-04b6d38279c0","KONA_008.basePlot.all","D06","KONA","KONA_008","S2018KS161008","2018-05-01","18N04381","2Btss2","2018-10-17","Kellogg Soil Survey Laboratory Methods Manual, Soil Survey Investigations Report No. 42 Version 5.0, Issued 2014","Bulk Density, Clods (3B1)","S2018KS161008-4","clod",71.5,65.0,78.0,1.53,1.79,,22.2,,"USDA NRCS Kellogg Soil Survey Laboratory",,
"dd67039c-5b4f-429a-b522-12797cf8cba4","KONA_008.basePlot.all","D06","KONA","KONA_008","S2018KS161008","2018-05-01","18N04382","2Btss3","2018-10-17","Kellogg Soil Survey Laboratory Methods Manual, Soil Survey Investigations Report No. 42 Version 5.0, Issued 2014","Bulk Density, Clods (3B1)","S2018KS161008-5","clod",89.0,78.0,100.0,1.53,1.69,,21.4,,"USDA NRCS Kellogg Soil Survey Laboratory",,
"1f7c7b10-62ad-4092-a5a5-f5a160137a25","KONA_022.basePlot.all","D06","KONA","KONA_022","S2018KS161022","2018-05-01","18N04369","Bt1","2018-10-17","Kellogg Soil Survey Laboratory Methods Manual, Soil Survey Investigations Report No. 42 Version 5.0, Issued 2014","Bulk Density, Clods (3B1)","S2018KS161022-2","clod",25.0,14.0,36.0,1.37,1.70,,27.8,,"USDA NRCS Kellogg Soil Survey Laboratory",,
"c55ca58c-229c-4313-b8cc-cc95c51f9184","KONA_008.basePlot.all","D06","KONA","KONA_008","S2018KS161008","2018-05-01","18N04380","Btss1","2018-10-17","Kellogg Soil Survey Laboratory Methods Manual, Soil Survey Investigations Report No. 42 Version 5.0, Issued 2014","Bulk Density, Clods (3B1)","S2018KS161008-3","clod",56.5,48.0,65.0,1.50,1.80,,23.6,,"USDA NRCS Kellogg Soil Survey Laboratory",,
"e98a126c-3052-4cbc-baf5-6c8eeeeb8deb","KONA_022.basePlot.all","D06","KONA","KONA_022","S2018KS161022","2018-05-01","18N04370","Bt2","2018-10-17","Kellogg Soil Survey Laboratory Methods Manual, Soil Survey Investigations Report No. 42 Version 5.0, Issued 2014","Bulk Density, Clods (3B1)","S2018KS161022-3","clod",48.0,36.0,60.0,1.44,1.72,,23.8,,"USDA NRCS Kellogg Soil Survey Laboratory",,
"bf06b1c1-601c-48c7-a119-316c333133c9","KONA_016.basePlot.all","D06","KONA","KONA_016","S2018KS161016","2018-05-02","18N04408","Bt1","2018-10-17","Kellogg Soil Survey Laboratory Methods Manual, Soil Survey Investigations Report No. 42 Version 5.0, Issued 2014","Bulk Density, Clods (3B1)","S2018KS161016-3","clod",42.0,33.0,51.0,1.42,1.56,,23.4,,"USDA NRCS Kellogg Soil Survey Laboratory",,
"fec3ff15-d42f-4c64-ac44-c30b57538880","KONA_004.basePlot.all","D06","KONA","KONA_004","S2018KS161004","2018-05-02","18N04398","Ap2","2018-10-17","Kellogg Soil Survey Laboratory Methods Manual, Soil Survey Investigations Report No. 42 Version 5.0, Issued 2014","Bulk Density, Clods (3B1)","S2018KS161004-2","clod",18.0,12.0,24.0,1.49,1.66,,20.8,,"USDA NRCS Kellogg Soil Survey Laboratory",,
"2b5677fa-1c06-4026-b2ae-f001c7e6ce0d","KONA_027.basePlot.all","D06","KONA","KONA_027","S2018KS161027","2018-05-02","18N04405","Btk2","2018-10-17","Kellogg Soil Survey Laboratory Methods Manual, Soil Survey Investigations Report No. 42 Version 5.0, Issued 2014","Bulk Density, Clods (3B1)","S2018KS161027-4","clod",83.5,67.0,100.0,1.41,1.58,,26.0,,"USDA NRCS Kellogg Soil Survey Laboratory",,
"9e795e37-05b8-4c8c-9dd6-0e5daffdbbd3","KONA_013.basePlot.all","D06","KONA","KONA_013","S2018KS161013","2018-05-02","18N04396","Btss2","2018-10-17","Kellogg Soil Survey Laboratory Methods Manual, Soil Survey Investigations Report No. 42 Version 5.0, Issued 2014","Bulk Density, Clods (3B1)","S2018KS161013-5","clod",93.0,86.0,100.0,1.53,1.79,,21.9,,"USDA NRCS Kellogg Soil Survey Laboratory",,
"17d92524-f09b-4c9a-a374-b9f3a1f785f2","KONA_016.basePlot.all","D06","KONA","KONA_016","S2018KS161016","2018-05-02","18N04407","BA","2018-10-17","Kellogg Soil Survey Laboratory Methods Manual, Soil Survey Investigations Report No. 42 Version 5.0, Issued 2014","Bulk Density, Clods (3B1)","S2018KS161016-2","clod",20.0,7.0,33.0,1.49,1.58,,20.4,,"USDA NRCS Kellogg Soil Survey Laboratory",,
"63a7c660-9b8a-4a2e-86a7-2bb3e8c5a26f","KONA_004.basePlot.all","D06","KONA","KONA_004","S2018KS161004","2018-05-02","18N04397","Ap1","2018-10-17","Kellogg Soil Survey Laboratory Methods Manual, Soil Survey Investigations Report No. 42 Version 5.0, Issued 2014","Bulk Density, Clods (3B1)","S2018KS161004-1","clod",6.0,0.0,12.0,1.53,1.64,,18.3,,"USDA NRCS Kellogg Soil Survey Laboratory",,
"a700e57c-20f3-4ad4-b5cf-7be38de881c6","KONA_020.basePlot.all","D06","KONA","KONA_020","S2018KS161020","2018-05-02","18N04389","Bt","2018-10-17","Kellogg Soil Survey Laboratory Methods Manual, Soil Survey Investigations Report No. 42 Version 5.0, Issued 2014","Bulk Density, Clods (3B1)","S2018KS161020-3","clod",40.0,26.0,54.0,1.41,1.86,,27.9,,"USDA NRCS Kellogg Soil Survey Laboratory",,
"0f2b1bbc-f0e6-4ac7-a7f2-b8175e88376c","KONA_020.basePlot.all","D06","KONA","KONA_020","S2018KS161020","2018-05-02","18N04391","Btkss","2018-10-17","Kellogg Soil Survey Laboratory Methods Manual, Soil Survey Investigations Report No. 42 Version 5.0, Issued 2014","Bulk Density, Clods (3B1)","S2018KS161020-5","clod",85.0,70.0,100.0,1.43,1.67,,25.0,,"USDA NRCS Kellogg Soil Survey Laboratory",,
"cceb3243-772c-43f5-8cba-3080569892c1","KONA_020.basePlot.all","D06","KONA","KONA_020","S2018KS161020","2018-05-02","18N04390","Btss","2018-10-17","Kellogg Soil Survey Laboratory Methods Manual, Soil Survey Investigations Report No. 42 Version 5.0, Issued 2014","Bulk Density, Clods (3B1)","S2018KS161020-4","clod",62.0,54.0,70.0,1.46,1.84,,25.9,,"USDA NRCS Kellogg Soil Survey Laboratory",,
"ebbaed98-850d-4c66-b363-d42b733bbf69","KONA_013.basePlot.all","D06","KONA","KONA_013","S2018KS161013","2018-05-02","18N04393","Ap2","2018-10-17","Kellogg Soil Survey Laboratory Methods Manual, Soil Survey Investigations Report No. 42 Version 5.0, Issued 2014","Bulk Density, Clods (3B1)","S2018KS161013-2","clod",21.5,15.0,28.0,1.46,1.55,,19.9,,"USDA NRCS Kellogg Soil Survey Laboratory",,
"b0c59053-e980-4cb4-acb6-8a454f217587","KONA_013.basePlot.all","D06","KONA","KONA_013","S2018KS161013","2018-05-02","18N04395","Btss1","2018-10-17","Kellogg Soil Survey Laboratory Methods Manual, Soil Survey Investigations Report No. 42 Version 5.0, Issued 2014","Bulk Density, Clods (3B1)","S2018KS161013-4","clod",74.0,62.0,86.0,1.48,1.84,,25.0,,"USDA NRCS Kellogg Soil Survey Laboratory",,
"acba9db8-bc44-412a-a13c-59b4a0410bfb","KONA_027.basePlot.all","D06","KONA","KONA_027","S2018KS161027","2018-05-02","18N04402","Ap","2018-10-17","Kellogg Soil Survey Laboratory Methods Manual, Soil Survey Investigations Report No. 42 Version 5.0, Issued 2014","Bulk Density, Clods (3B1)","S2018KS161027-1","clod",3.5,0.0,7.0,1.39,1.59,,24.1,,"USDA NRCS Kellogg Soil Survey Laboratory",,
"8d5d457d-c067-41c0-9b7f-965a8ec1d6c2","KONA_004.basePlot.all","D06","KONA","KONA_004","S2018KS161004","2018-05-02","18N04399","Bt","2018-10-17","Kellogg Soil Survey Laboratory Methods Manual, Soil Survey Investigations Report No. 42 Version 5.0, Issued 2014","Bulk Density, Clods (3B1)","S2018KS161004-3","clod",43.0,24.0,62.0,1.43,1.86,,28.0,,"USDA NRCS Kellogg Soil Survey Laboratory",,
"cf4d558a-db03-4855-b6f4-a92600419f9a","KONA_004.basePlot.all","D06","KONA","KONA_004","S2018KS161004","2018-05-02","18N04401","Btkss","2018-10-17","Kellogg Soil Survey Laboratory Methods Manual, Soil Survey Investigations Report No. 42 Version 5.0, Issued 2014","Bulk Density, Clods (3B1)","S2018KS161004-5","clod",88.5,77.0,100.0,1.50,1.85,,25.7,,"USDA NRCS Kellogg Soil Survey Laboratory",,
"7b36c389-6bdc-4a00-838f-c968e80bd978","KONA_004.basePlot.all","D06","KONA","KONA_004","S2018KS161004","2018-05-02","18N04400","Btss","2018-10-17","Kellogg Soil Survey Laboratory Methods Manual, Soil Survey Investigations Report No. 42 Version 5.0, Issued 2014","Bulk Density, Clods (3B1)","S2018KS161004-4","clod",69.5,62.0,77.0,1.48,1.88,,25.7,,"USDA NRCS Kellogg Soil Survey Laboratory",,
"e1b4df64-b86f-41cc-a92c-c629e2c29d51","KONA_020.basePlot.all","D06","KONA","KONA_020","S2018KS161020","2018-05-02","18N04387","Ap1","2018-10-17","Kellogg Soil Survey Laboratory Methods Manual, Soil Survey Investigations Report No. 42 Version 5.0, Issued 2014","Bulk Density, Clods (3B1)","S2018KS161020-1","clod",5.0,0.0,10.0,1.43,1.55,,19.2,,"USDA NRCS Kellogg Soil Survey Laboratory",,
"a8863b9f-358f-4181-bffb-0aa4b78f351e","KONA_013.basePlot.all","D06","KONA","KONA_013","S2018KS161013","2018-05-02","18N04392","Ap1","2018-10-17","Kellogg Soil Survey Laboratory Methods Manual, Soil Survey Investigations Report No. 42 Version 5.0, Issued 2014","Bulk Density, Clods (3B1)","S2018KS161013-1","clod",7.5,0.0,15.0,1.28,1.36,,17.8,,"USDA NRCS Kellogg Soil Survey Laboratory",,
"cb81564b-dd7f-4bd2-a161-47157c518aa6","KONA_016.basePlot.all","D06","KONA","KONA_016","S2018KS161016","2018-05-02","18N04410","Bt3","2018-10-17","Kellogg Soil Survey Laboratory Methods Manual, Soil Survey Investigations Report No. 42 Version 5.0, Issued 2014","Bulk Density, Clods (3B1)","S2018KS161016-5","clod",87.5,75.0,100.0,1.40,1.49,,22.9,,"USDA NRCS Kellogg Soil Survey Laboratory",,
"4ca79f0d-4275-4774-bf9c-7139b1646ec1","KONA_016.basePlot.all","D06","KONA","KONA_016","S2018KS161016","2018-05-02","18N04409","Bt2","2018-10-17","Kellogg Soil Survey Laboratory Methods Manual, Soil Survey Investigations Report No. 42 Version 5.0, Issued 2014","Bulk Density, Clods (3B1)","S2018KS161016-4","clod",63.0,51.0,75.0,1.40,1.56,,22.9,,"USDA NRCS Kellogg Soil Survey Laboratory",,
"8863d3b3-a0a9-4a36-aa9f-769789e56853","KONA_013.basePlot.all","D06","KONA","KONA_013","S2018KS161013","2018-05-02","18N04394","Bt","2018-10-17","Kellogg Soil Survey Laboratory Methods Manual, Soil Survey Investigations Report No. 42 Version 5.0, Issued 2014","Bulk Density, Clods (3B1)","S2018KS161013-3","clod",45.0,28.0,62.0,1.39,1.56,,23.7,,"USDA NRCS Kellogg Soil Survey Laboratory",,
"140e7e02-ea5e-4ee0-9ef8-5d39bddf6233","KONA_020.basePlot.all","D06","KONA","KONA_020","S2018KS161020","2018-05-02","18N04388","Ap2","2018-10-17","Kellogg Soil Survey Laboratory Methods Manual, Soil Survey Investigations Report No. 42 Version 5.0, Issued 2014","Bulk Density, Clods (3B1)","S2018KS161020-2","clod",18.0,10.0,26.0,1.54,1.77,,22.8,,"USDA NRCS Kellogg Soil Survey Laboratory",,
"82c92705-1215-40d3-8ffe-d5d69d5a04b2","KONA_027.basePlot.all","D06","KONA","KONA_027","S2018KS161027","2018-05-02","18N04403","Bt","2018-10-17","Kellogg Soil Survey Laboratory Methods Manual, Soil Survey Investigations Report No. 42 Version 5.0, Issued 2014","Bulk Density, Clods (3B1)","S2018KS161027-2","clod",25.0,7.0,43.0,1.49,1.88,,25.6,,"USDA NRCS Kellogg Soil Survey Laboratory",,
"8d730be1-4812-4a01-bbac-812ea0f014e5","KONA_027.basePlot.all","D06","KONA","KONA_027","S2018KS161027","2018-05-02","18N04404","Btk1","2018-10-17","Kellogg Soil Survey Laboratory Methods Manual, Soil Survey Investigations Report No. 42 Version 5.0, Issued 2014","Bulk Density, Clods (3B1)","S2018KS161027-3","clod",55.0,43.0,67.0,1.56,1.83,,20.6,,"USDA NRCS Kellogg Soil Survey Laboratory",,
"0a3b382d-6761-4488-b5c5-424632db94a0","KONA_035.basePlot.all","D06","KONA","KONA_035","S2018KS161035","2018-05-03","18N04425","BA","2018-10-17","Kellogg Soil Survey Laboratory Methods Manual, Soil Survey Investigations Report No. 42 Version 5.0, Issued 2014","Bulk Density, Clods (3B1)","S2018KS161035-2","clod",23.5,15.0,32.0,1.58,1.75,,20.0,,"USDA NRCS Kellogg Soil Survey Laboratory",,
"d5b553f1-efe0-4b66-bc08-aa5b3482ea03","KONA_019.basePlot.all","D06","KONA","KONA_019","S2018KS161019","2018-05-03","18N04423","Btkss2","2018-10-17","Kellogg Soil Survey Laboratory Methods Manual, Soil Survey Investigations Report No. 42 Version 5.0, Issued 2014","Bulk Density, Clods (3B1)","S2018KS161019-5","clod",89.5,79.0,100.0,1.52,1.80,,24.1,,"USDA NRCS Kellogg Soil Survey Laboratory",,
"f6c6e68a-3605-4c6f-b2ad-22e5f27f9da9","KONA_019.basePlot.all","D06","KONA","KONA_019","S2018KS161019","2018-05-03","18N04421","Bt2","2018-10-17","Kellogg Soil Survey Laboratory Methods Manual, Soil Survey Investigations Report No. 42 Version 5.0, Issued 2014","Bulk Density, Clods (3B1)","S2018KS161019-3","clod",48.0,33.0,63.0,1.43,1.83,,28.3,,"USDA NRCS Kellogg Soil Survey Laboratory",,
"69cf51cc-75a2-4e56-8094-7374bb920270","KONA_035.basePlot.all","D06","KONA","KONA_035","S2018KS161035","2018-05-03","18N04427","Bt2","2018-10-17","Kellogg Soil Survey Laboratory Methods Manual, Soil Survey Investigations Report No. 42 Version 5.0, Issued 2014","Bulk Density, Clods (3B1)","S2018KS161035-4","clod",76.0,63.0,89.0,1.43,1.68,,26.4,,"USDA NRCS Kellogg Soil Survey Laboratory",,
"c7ea6bdd-f7f6-4df0-ba06-d642e4b44b3e","KONA_019.basePlot.all","D06","KONA","KONA_019","S2018KS161019","2018-05-03","18N04422","Btkss1","2018-10-17","Kellogg Soil Survey Laboratory Methods Manual, Soil Survey Investigations Report No. 42 Version 5.0, Issued 2014","Bulk Density, Clods (3B1)","S2018KS161019-4","clod",71.0,63.0,79.0,1.46,1.88,,27.7,,"USDA NRCS Kellogg Soil Survey Laboratory",,
"6d8d120c-f787-4d98-9997-8eff425f3178","KONA_035.basePlot.all","D06","KONA","KONA_035","S2018KS161035","2018-05-03","18N04426","Bt1","2018-10-17","Kellogg Soil Survey Laboratory Methods Manual, Soil Survey Investigations Report No. 42 Version 5.0, Issued 2014","Bulk Density, Clods (3B1)","S2018KS161035-3","clod",47.5,32.0,63.0,1.46,1.77,,27.3,,"USDA NRCS Kellogg Soil Survey Laboratory",,
"51298f48-5077-4dc0-b878-07df193dfea3","KONA_019.basePlot.all","D06","KONA","KONA_019","S2018KS161019","2018-05-03","18N04420","Bt1","2018-10-17","Kellogg Soil Survey Laboratory Methods Manual, Soil Survey Investigations Report No. 42 Version 5.0, Issued 2014","Bulk Density, Clods (3B1)","S2018KS161019-2","clod",22.5,12.0,33.0,1.52,1.61,,19.5,,"USDA NRCS Kellogg Soil Survey Laboratory",,
"3f3f80d4-3f07-477e-9215-e3f82b0b0915","KONA_019.basePlot.all","D06","KONA","KONA_019","S2018KS161019","2018-05-03","18N04419","Ap","2018-10-17","Kellogg Soil Survey Laboratory Methods Manual, Soil Survey Investigations Report No. 42 Version 5.0, Issued 2014","Bulk Density, Clods (3B1)","S2018KS161019-1","clod",6.0,0.0,12.0,1.46,1.56,,21.8,,"USDA NRCS Kellogg Soil Survey Laboratory",,
"6231fc81-d40e-4d40-aa56-2578ba1c6261","KONA_011.basePlot.all","D06","KONA","KONA_011","S2018KS161011","2018-05-07","18N04430","Ap2","2018-10-17","Kellogg Soil Survey Laboratory Methods Manual, Soil Survey Investigations Report No. 42 Version 5.0, Issued 2014","Bulk Density, Clods (3B1)","S2018KS161011-2","clod",19.0,10.0,28.0,1.51,1.61,,19.4,,"USDA NRCS Kellogg Soil Survey Laboratory",,
"60a89623-6cd0-4986-8d15-6469122c49a9","KONA_011.basePlot.all","D06","KONA","KONA_011","S2018KS161011","2018-05-07","18N04432","Bt2","2018-10-17","Kellogg Soil Survey Laboratory Methods Manual, Soil Survey Investigations Report No. 42 Version 5.0, Issued 2014","Bulk Density, Clods (3B1)","S2018KS161011-4","clod",62.5,52.0,73.0,1.45,1.60,,23.1,,"USDA NRCS Kellogg Soil Survey Laboratory",,
"00e2c184-22cb-4db2-9b60-35958c5d3093","KONA_011.basePlot.all","D06","KONA","KONA_011","S2018KS161011","2018-05-07","18N04429","Ap1","2018-10-17","Kellogg Soil Survey Laboratory Methods Manual, Soil Survey Investigations Report No. 42 Version 5.0, Issued 2014","Bulk Density, Clods (3B1)","S2018KS161011-1","clod",5.0,0.0,10.0,1.19,1.32,,22.0,,"USDA NRCS Kellogg Soil Survey Laboratory",,
"9369021a-a449-490f-b5d8-279dfbe587ec","KONA_011.basePlot.all","D06","KONA","KONA_011","S2018KS161011","2018-05-07","18N04431","Bt1","2018-10-17","Kellogg Soil Survey Laboratory Methods Manual, Soil Survey Investigations Report No. 42 Version 5.0, Issued 2014","Bulk Density, Clods (3B1)","S2018KS161011-3","clod",40.0,28.0,52.0,1.41,1.54,,24.0,,"USDA NRCS Kellogg Soil Survey Laboratory",,
"d24f0913-3028-4901-a8d5-594a770d7b1a","KONA_005.basePlot.all","D06","KONA","KONA_005","S2018KS161005","2018-05-09","18N04435","BA","2018-10-17","Kellogg Soil Survey Laboratory Methods Manual, Soil Survey Investigations Report No. 42 Version 5.0, Issued 2014","Bulk Density, Clods (3B1)","S2018KS161005-2","clod",21.0,7.0,35.0,1.48,1.57,,19.5,,"USDA NRCS Kellogg Soil Survey Laboratory",,
"b0f14c23-1147-4e0d-bb72-92bf258a50b5","KONA_005.basePlot.all","D06","KONA","KONA_005","S2018KS161005","2018-05-09","18N04438","2Bt","2018-10-17","Kellogg Soil Survey Laboratory Methods Manual, Soil Survey Investigations Report No. 42 Version 5.0, Issued 2014","Bulk Density, Clods (3B1)","S2018KS161005-5","clod",88.5,77.0,100.0,1.42,1.76,,26.3,,"USDA NRCS Kellogg Soil Survey Laboratory",,
"160cfe42-824c-4fa7-9075-c9101a52f1e4","KONA_005.basePlot.all","D06","KONA","KONA_005","S2018KS161005","2018-05-09","18N04437","Bw2","2018-10-17","Kellogg Soil Survey Laboratory Methods Manual, Soil Survey Investigations Report No. 42 Version 5.0, Issued 2014","Bulk Density, Clods (3B1)","S2018KS161005-4","clod",67.5,58.0,77.0,1.33,1.45,,24.1,,"USDA NRCS Kellogg Soil Survey Laboratory",,
"45d62fad-6c3f-468e-b198-ab4cb7a44c24","KONA_005.basePlot.all","D06","KONA","KONA_005","S2018KS161005","2018-05-09","18N04436","Bw1","2018-10-17","Kellogg Soil Survey Laboratory Methods Manual, Soil Survey Investigations Report No. 42 Version 5.0, Issued 2014","Bulk Density, Clods (3B1)","S2018KS161005-3","clod",46.5,35.0,58.0,1.31,1.42,,25.1,,"USDA NRCS Kellogg Soil Survey Laboratory",,
"0ed8d93d-5e48-444b-a4ad-d45467d23754","KONA_005.basePlot.all","D06","KONA","KONA_005","S2018KS161005","2018-05-09","18N04434","Ap","2018-10-17","Kellogg Soil Survey Laboratory Methods Manual, Soil Survey Investigations Report No. 42 Version 5.0, Issued 2014","Bulk Density, Clods (3B1)","S2018KS161005-1","clod",3.5,0.0,7.0,1.26,1.37,,20.4,,"USDA NRCS Kellogg Soil Survey Laboratory",,
