uid,domainID,siteID,plotID,namedLocation,plotType,nlcdClass,geodeticDatum,decimalLatitude,decimalLongitude,coordinateUncertainty,elevation,elevationUncertainty,collectDate,referenceCorner,sampleDistance,sampleBearing,pitID,testProtocolVersion,soilSamplingMethod,sampleRelativeLocation,pitDepth,recordedByA,soilProfileDescriberA,soilProfileDescriberInst,nrcsDescriptionID,soilSeries,soilFamily,soilSubgroup,soilGreatGroup,soilSuborder,soilOrder,remarks,dataQF
"72972f8b-6f88-4528-8f25-711866920e2b","D06","KONA","KONA_008","KONA_008.basePlot.all","distributed","cultivatedCrops","WGS84",39.217120,-96.600871,20.1,336.0,0.1,"2018-05-01","NW40",0.6,130,"1162759","Field Book for Describing and Sampling Soils ver3","soil pit","Center of pit",100,"chO9nHebwfmL29CjjLQGxg==","ARLOZx8SJa+7vSDc4vbf8A==","Natural Resource Conservation Service","S2018KS161008","Smolan","Fine, smectitic, mesic Udic Haplustalfs","udic haplustalfs","haplustalfs","ustalfs","alfisols","KONA_008;5.7;130;40x40 NW marker;center of pit",
"7f79a8e4-aa21-4bed-9778-fed9ed30f256","D06","KONA","KONA_003","KONA_003.basePlot.all","distributed","cultivatedCrops","WGS84",39.215287,-96.599283,20.1,333.9,0.1,"2018-05-01","SW40",1.0,35,"1162760","Field Book for Describing and Sampling Soils ver3","soil pit","Center of pit",100,"chO9nHebwfmL29CjjLQGxg==","ARLOZx8SJa+7vSDc4vbf8A==","Natural Resource Conservation Service","S2018KS161003","Smolan","Fine, smectitic, mesic Udic Argiustolls","udic argiustolls","argiustolls","ustolls","mollisols","KONA_003;10;35;40x40 SW marker;center of pit",
"0d1569d7-dfa2-46a4-bbe8-e7e11c969b09","D06","KONA","KONA_017","KONA_017.basePlot.all","distributed","cultivatedCrops","WGS84",39.227868,-96.589979,20.1,328.1,0.1,"2018-05-01","SW40",0.5,45,"1162758","Field Book for Describing and Sampling Soils ver3","soil pit","Center of pit",100,"chO9nHebwfmL29CjjLQGxg==","ARLOZx8SJa+7vSDc4vbf8A==","Natural Resource Conservation Service","S2018KS161017","Tully","Fine, mixed, superactive, mesic Pachic Argiustolls","pachic argiustolls","argiustolls","ustolls","mollisols","KONA_017;5.3;45;40x40 SW marker;center of pit",
"0a7c60e5-a51d-4547-ac2b-4f4054736efe","D06","KONA","KONA_022","KONA_022.basePlot.all","distributed","cultivatedCrops","WGS84",39.228185,-96.591613,20.1,328.6,0.2,"2018-05-01","NW20",0.8,314,"1162757","Field Book for Describing and Sampling Soils ver3","soil pit","Center of pit",100,"chO9nHebwfmL29CjjLQGxg==","ARLOZx8SJa+7vSDc4vbf8A==","Natural Resource Conservation Service","S2018KS161022","Tully","Fine, mixed, superactive, mesic Udic Argiustolls","udic argiustolls","argiustolls","ustolls","mollisols","KONA_022;7.6;314;20x20 NW marker;center of pit",
"eea6382c-21c5-4f2f-afde-7a649dd930ee","D06","KONA","KONA_004","KONA_004.basePlot.all","distributed","cultivatedCrops","WGS84",39.124272,-96.637853,20.1,325.8,0.1,"2018-05-02","SW20",0.4,230,"1162763","Field Book for Describing and Sampling Soils ver3","soil pit","Center of pit",100,"chO9nHebwfmL29CjjLQGxg==","ARLOZx8SJa+7vSDc4vbf8A==","Natural Resource Conservation Service","S2018KS161004","Wymore","Fine, smectitic, mesic Aquertic Argiudolls","aquertic argiudolls","argiudolls","udolls","mollisols","KONA_004;4.3;230;20x20 SW marker;center of pit",
"085cec66-56c0-4568-8c87-8ff4bf40abee","D06","KONA","KONA_013","KONA_013.basePlot.all","distributed","cultivatedCrops","WGS84",39.126668,-96.642020,20.1,332.6,0.2,"2018-05-02","SW40",0.7,44,"1162762","Field Book for Describing and Sampling Soils ver3","soil pit","Center of pit",100,"chO9nHebwfmL29CjjLQGxg==","ARLOZx8SJa+7vSDc4vbf8A==","Natural Resource Conservation Service","S2018KS161013","Wymore","Fine-silty, smectitic, mesic Typic Argiudolls","typic argiudolls","argiudolls","udolls","mollisols","KONA_013;7;44;40x40 SW marker;center of pit",
"96206b6f-55fc-4233-909b-8bc5f7c7f5eb","D06","KONA","KONA_020","KONA_020.basePlot.all","distributed","cultivatedCrops","WGS84",39.126594,-96.639075,20.1,326.4,0.2,"2018-05-02","SW20",0.6,226,"1162761","Field Book for Describing and Sampling Soils ver3","soil pit","Center of pit",100,"chO9nHebwfmL29CjjLQGxg==","ARLOZx8SJa+7vSDc4vbf8A==","Natural Resource Conservation Service","S2018KS161020","Wymore","Fine, smectitic, mesic Aquertic Argiudolls","aquertic argiudolls","argiudolls","udolls","mollisols","KONA_020;6.4;226;20x20 SW marker;center of pit",
"6f5d307e-229d-4cb8-a9ba-ef004d4a420f","D06","KONA","KONA_027","KONA_027.basePlot.all","distributed","cultivatedCrops","WGS84",39.123842,-96.642124,20.1,336.2,0.1,"2018-05-02","SW40",0.7,40,"1162764","Field Book for Describing and Sampling Soils ver3","soil pit","Center of pit",100,"chO9nHebwfmL29CjjLQGxg==","ARLOZx8SJa+7vSDc4vbf8A==","Natural Resource Conservation Service","S2018KS161027","Wymore","Fine, smectitic, mesic Aquertic Hapludalfs","aquertic hapludalfs","hapludalfs","udalfs","alfisols","KONA_027;6.8;40;40x40 SW marker;center of pit",
"3abf46c6-3970-459f-890d-3988ca9e6026","D06","KONA","KONA_016","KONA_016.basePlot.all","distributed","cultivatedCrops","WGS84",39.120699,-96.638276,20.1,327.9,0.1,"2018-05-02","SW40",0.5,43,"1162765","Field Book for Describing and Sampling Soils ver3","soil pit","Center of pit",100,"chO9nHebwfmL29CjjLQGxg==","ARLOZx8SJa+7vSDc4vbf8A==","Natural Resource Conservation Service","S2018KS161016","Reading","Fine-silty, mixed, superactive, mesic Typic Argiudolls","typic argiudolls","argiudolls","udolls","mollisols","KONA_016;5.4;43;40x40 SW marker;center of pit",
"3e8ac083-ae6a-4c98-bb9a-71bde4c23e8c","D06","KONA","KONA_019","KONA_019.basePlot.all","distributed","cultivatedCrops","WGS84",39.213041,-96.589511,20.1,325.9,0.1,"2018-05-03","NW40",0.7,135,"1162768","Field Book for Describing and Sampling Soils ver3","soil pit","Center of pit",100,"chO9nHebwfmL29CjjLQGxg==","ARLOZx8SJa+7vSDc4vbf8A==","Natural Resource Conservation Service","S2018KS161019","Smolan","Fine, smectitic, mesic Udic Haplustalfs","udic haplustalfs","haplustalfs","ustalfs","alfisols","KONA_019;6.8;135;40x40 NW marker;center of pit",
"d40d03ea-cdb0-4293-a59c-4f89f6d9a8de","D06","KONA","KONA_035","KONA_035.basePlot.all","distributed","cultivatedCrops","WGS84",39.210049,-96.592549,20.1,328.0,0.1,"2018-05-03","SW40",0.7,32,"1162769","Field Book for Describing and Sampling Soils ver3","soil pit","Center of pit",100,"chO9nHebwfmL29CjjLQGxg==","ARLOZx8SJa+7vSDc4vbf8A==","Natural Resource Conservation Service","S2018KS161035","Smolan","Fine, smectitic, mesic Udic Argiustolls","udic argiustolls","argiustolls","ustolls","mollisols","KONA_035;7;32;40x40 SW marker;center of pit",
"7db34ee7-510c-4bef-937b-d8cdafebfce2","D06","KONA","KONA_048","KONA_048.basePlot.all","tower","cultivatedCrops","WGS84",39.108044,-96.612665,20.1,327.5,0.1,"2018-05-03","SW40",0.4,48,"1162767","Field Book for Describing and Sampling Soils ver3","soil core","Center Marker",100,"chO9nHebwfmL29CjjLQGxg==","ARLOZx8SJa+7vSDc4vbf8A==","Natural Resource Conservation Service","S2018KS161048","Reading","Fine, mixed, superactive, mesic Pachic Argiudolls","pachic argiudolls","argiudolls","udolls","mollisols","KONA_048;3.8;51;40x40 SW marker;center of 1m x 1m sampling area",
"3be8b4bf-63bd-4d8e-b07a-71a548345fe2","D06","KONA","KONA_057","KONA_057.basePlot.all","tower","cultivatedCrops","WGS84",39.108366,-96.614399,20.1,330.2,0.1,"2018-05-03","SW40",0.8,44,"1162766","Field Book for Describing and Sampling Soils ver3","soil core","Center Marker",100,"chO9nHebwfmL29CjjLQGxg==","ARLOZx8SJa+7vSDc4vbf8A==","Natural Resource Conservation Service","S2018KS161057","Irwin","Fine, mixed, superactive, mesic Udic Argiustolls","udic argiustolls","argiustolls","ustolls","mollisols","KONA_057;8;44;40x40 SW marker;center of 1m x 1m sampling area",
"a92814c6-8f7c-4162-852d-ccea81fb2fb8","D06","KONA","KONA_011","KONA_011.basePlot.all","distributed","cultivatedCrops","WGS84",39.223125,-96.595404,20.1,326.1,0.1,"2018-05-07","SW20",0.5,210,"1162770","Field Book for Describing and Sampling Soils ver3","soil pit","Center of pit",100,"chO9nHebwfmL29CjjLQGxg==","ARLOZx8SJa+7vSDc4vbf8A==","Natural Resource Conservation Service","S2018KS161011","Reading","Fine-silty, mixed, superactive, mesic Pachic Argiudolls","pachic argiudolls","argiudolls","udolls","mollisols","KONA_011;5.1;210;40x40 SW marker;center of pit",
"8cad4d96-9f5a-490c-845c-fa80ce0202be","D06","KONA","KONA_005","KONA_005.basePlot.all","distributed","cultivatedCrops","WGS84",39.221583,-96.582637,20.1,317.8,0.1,"2018-05-09","SW40",0.7,50,"1162771","Field Book for Describing and Sampling Soils ver3","soil pit","Center of pit",100,"chO9nHebwfmL29CjjLQGxg==","ARLOZx8SJa+7vSDc4vbf8A==","Natural Resource Conservation Service","S2018KS161005","Kahola","Fine, mixed, superactive, mesic Pachic Argiudolls","pachic argiudolls","argiudolls","udolls","mollisols","KONA_005;6.7;50;40x40 SW marker;center of pit",
