uid,namedLocation,domainID,siteID,plotID,nrcsDescriptionID,collectDate,horizonID,horizonName,biogeoIDnrcs,biogeoSampleType,biogeoTopDepth,biogeoBottomDepth,biogeoCenterDepth,particleSizeDistProcessedDate,particleSizeDistMethodPub,particleSizeDistMethod,coarseFrag2To5,coarseFrag5To20,sandTotal,siltTotal,clayTotal,carbonateClay,clayFineContent,siltFineContent,siltCoarseContent,sandVeryFineContent,sandFineContent,sandMediumContent,sandCoarseContent,sandVeryCoarseContent,laboratoryName,dataQF
"b8fb1745-6852-47bd-afa2-0ab99bc95e7a","KONA_008.basePlot.all","D06","KONA","KONA_008","S2018KS161008","2018-05-01","18N04378","Ap","S2018KS161008-1","bulk",0.0,15.0,7.5,"2018-09-07","Kellogg Soil Survey Laboratory Methods Manual, Soil Survey Investigations Report No. 42 Version 5.0, Issued 2014","Routine Particle Size Distribution (3A1a1a)",1.9,3.0,7.6,53.9,38.5,,,22.3,31.6,6.6,0.7,0.1,0.1,0.1,"USDA NRCS Kellogg Soil Survey Laboratory",
"25c1471e-037d-4cbf-bc11-928c80230c9c","KONA_022.basePlot.all","D06","KONA","KONA_022","S2018KS161022","2018-05-01","18N04372","Btk","S2018KS161022-5","bulk",78.0,100.0,89.0,"2018-09-07","Kellogg Soil Survey Laboratory Methods Manual, Soil Survey Investigations Report No. 42 Version 5.0, Issued 2014","Routine Particle Size Distribution (3A1a1a)",3.9,2.0,7.7,56.4,35.9,0.0,,26.9,29.5,6.0,0.9,0.1,0.4,0.3,"USDA NRCS Kellogg Soil Survey Laboratory",
"e96933d1-2f96-4e83-86e9-d031b06a9ccd","KONA_008.basePlot.all","D06","KONA","KONA_008","S2018KS161008","2018-05-01","18N04379","Bt","S2018KS161008-2","bulk",15.0,48.0,31.5,"2018-09-11","Kellogg Soil Survey Laboratory Methods Manual, Soil Survey Investigations Report No. 42 Version 5.0, Issued 2014","Routine Particle Size Distribution (3A1a1a)",0.3,1.0,3.6,46.6,49.8,,,20.9,25.7,3.2,0.2,0.1,0.1,0.0,"USDA NRCS Kellogg Soil Survey Laboratory",
"978734a7-a1e6-4da5-93aa-ccf5c336ee69","KONA_008.basePlot.all","D06","KONA","KONA_008","S2018KS161008","2018-05-01","18N04380","Btss1","S2018KS161008-3","bulk",48.0,65.0,56.5,"2018-09-11","Kellogg Soil Survey Laboratory Methods Manual, Soil Survey Investigations Report No. 42 Version 5.0, Issued 2014","Routine Particle Size Distribution (3A1a1a)",1.4,1.6,7.6,50.4,42.0,,,23.4,27.0,6.6,0.8,0.1,0.1,0.0,"USDA NRCS Kellogg Soil Survey Laboratory",
"d059e8d2-7279-4234-8297-69ad30754e35","KONA_008.basePlot.all","D06","KONA","KONA_008","S2018KS161008","2018-05-01","18N04381","2Btss2","S2018KS161008-4","bulk",65.0,78.0,71.5,"2018-09-11","Kellogg Soil Survey Laboratory Methods Manual, Soil Survey Investigations Report No. 42 Version 5.0, Issued 2014","Routine Particle Size Distribution (3A1a1a)",1.6,2.5,9.6,51.2,39.2,,,21.5,29.7,8.1,1.0,0.2,0.1,0.2,"USDA NRCS Kellogg Soil Survey Laboratory",
"07f4c4ee-1c4e-4df3-8671-0d320782a7fc","KONA_017.basePlot.all","D06","KONA","KONA_017","S2018KS161017","2018-05-01","18N04375","Bt1","S2018KS161017-3","bulk",30.0,65.0,47.5,"2018-09-07","Kellogg Soil Survey Laboratory Methods Manual, Soil Survey Investigations Report No. 42 Version 5.0, Issued 2014","Routine Particle Size Distribution (3A1a1a)",0.0,0.0,2.5,48.5,49.0,,,24.7,23.8,2.1,0.2,0.1,0.1,0.0,"USDA NRCS Kellogg Soil Survey Laboratory",
"23faa3f6-8514-4813-9efc-06547a5ed5d5","KONA_017.basePlot.all","D06","KONA","KONA_017","S2018KS161017","2018-05-01","18N04373","Ap","S2018KS161017-1","bulk",0.0,16.0,8.0,"2018-09-07","Kellogg Soil Survey Laboratory Methods Manual, Soil Survey Investigations Report No. 42 Version 5.0, Issued 2014","Routine Particle Size Distribution (3A1a1a)",11.2,16.8,20.3,53.6,26.1,,,22.2,31.4,4.8,4.7,6.4,2.7,1.7,"USDA NRCS Kellogg Soil Survey Laboratory",
"95312098-1e19-4627-9ee6-769d044f2699","KONA_003.basePlot.all","D06","KONA","KONA_003","S2018KS161003","2018-05-01","18N04384","Bt","S2018KS161003-2","bulk",14.0,37.0,25.5,"2018-09-11","Kellogg Soil Survey Laboratory Methods Manual, Soil Survey Investigations Report No. 42 Version 5.0, Issued 2014","Routine Particle Size Distribution (3A1a1a)",0.0,0.0,3.3,49.8,46.9,,,23.6,26.2,2.8,0.4,0.1,0.0,0.0,"USDA NRCS Kellogg Soil Survey Laboratory",
"8a05bb0a-bbdb-4bc5-93e8-7be34716092b","KONA_008.basePlot.all","D06","KONA","KONA_008","S2018KS161008","2018-05-01","18N04382","2Btss3","S2018KS161008-5","bulk",78.0,100.0,89.0,"2018-09-11","Kellogg Soil Survey Laboratory Methods Manual, Soil Survey Investigations Report No. 42 Version 5.0, Issued 2014","Routine Particle Size Distribution (3A1a1a)",2.9,7.9,12.1,50.9,37.0,,,21.0,29.9,10.5,1.3,0.1,0.1,0.1,"USDA NRCS Kellogg Soil Survey Laboratory",
"debc6cfa-46a4-4c12-a271-a2f744f7717c","KONA_022.basePlot.all","D06","KONA","KONA_022","S2018KS161022","2018-05-01","18N04369","Bt1","S2018KS161022-2","bulk",14.0,36.0,25.0,"2018-09-07","Kellogg Soil Survey Laboratory Methods Manual, Soil Survey Investigations Report No. 42 Version 5.0, Issued 2014","Routine Particle Size Distribution (3A1a1a)",6.4,1.4,9.8,50.4,39.8,,,21.5,28.9,3.8,1.2,1.8,1.4,1.6,"USDA NRCS Kellogg Soil Survey Laboratory",
"a4064a94-43f6-4f4f-be4e-bc5e2d997fc0","KONA_022.basePlot.all","D06","KONA","KONA_022","S2018KS161022","2018-05-01","18N04370","Bt2","S2018KS161022-3","bulk",36.0,60.0,48.0,"2018-09-07","Kellogg Soil Survey Laboratory Methods Manual, Soil Survey Investigations Report No. 42 Version 5.0, Issued 2014","Routine Particle Size Distribution (3A1a1a)",0.0,0.0,3.7,48.2,48.1,,,25.6,22.6,2.5,0.7,0.4,0.1,0.0,"USDA NRCS Kellogg Soil Survey Laboratory",
"43b0793f-d898-4789-a75e-b6bda7ae78bb","KONA_003.basePlot.all","D06","KONA","KONA_003","S2018KS161003","2018-05-01","18N04385","Btk1","S2018KS161003-3","bulk",37.0,66.0,51.5,"2018-09-11","Kellogg Soil Survey Laboratory Methods Manual, Soil Survey Investigations Report No. 42 Version 5.0, Issued 2014","Routine Particle Size Distribution (3A1a1a)",1.7,2.3,3.2,52.8,44.0,0.0,,28.6,24.2,2.6,0.4,0.1,0.1,0.0,"USDA NRCS Kellogg Soil Survey Laboratory",
"a9faa44c-6fd4-43b5-8b41-cfd6162ba987","KONA_022.basePlot.all","D06","KONA","KONA_022","S2018KS161022","2018-05-01","18N04371","Bt3","S2018KS161022-4","bulk",60.0,78.0,69.0,"2018-09-07","Kellogg Soil Survey Laboratory Methods Manual, Soil Survey Investigations Report No. 42 Version 5.0, Issued 2014","Routine Particle Size Distribution (3A1a1a)",0.0,0.0,3.8,53.8,42.4,,,26.1,27.7,3.2,0.4,0.1,0.1,0.0,"USDA NRCS Kellogg Soil Survey Laboratory",
"5671a690-cebd-47a8-8ad8-4164f2a4a6aa","KONA_022.basePlot.all","D06","KONA","KONA_022","S2018KS161022","2018-05-01","18N04368","Ap","S2018KS161022-1","bulk",0.0,14.0,7.0,"2018-09-07","Kellogg Soil Survey Laboratory Methods Manual, Soil Survey Investigations Report No. 42 Version 5.0, Issued 2014","Routine Particle Size Distribution (3A1a1a)",0.0,0.0,17.3,45.7,37.0,0.0,,23.3,22.4,4.1,6.0,4.2,2.3,0.7,"USDA NRCS Kellogg Soil Survey Laboratory",
"33da8ddd-4cc2-45d7-af0b-8ea9a5417af8","KONA_003.basePlot.all","D06","KONA","KONA_003","S2018KS161003","2018-05-01","18N04386","Btk2","S2018KS161003-4","bulk",66.0,100.0,83.0,"2018-09-11","Kellogg Soil Survey Laboratory Methods Manual, Soil Survey Investigations Report No. 42 Version 5.0, Issued 2014","Routine Particle Size Distribution (3A1a1a)",44.6,26.9,5.2,56.2,38.6,0.0,,28.5,27.7,4.0,0.5,0.2,0.1,0.4,"USDA NRCS Kellogg Soil Survey Laboratory",
"aa9b2e9b-4307-4afc-81b0-91259ab99109","KONA_017.basePlot.all","D06","KONA","KONA_017","S2018KS161017","2018-05-01","18N04376","Bt2","S2018KS161017-4","bulk",65.0,97.0,81.0,"2018-09-07","Kellogg Soil Survey Laboratory Methods Manual, Soil Survey Investigations Report No. 42 Version 5.0, Issued 2014","Routine Particle Size Distribution (3A1a1a)",0.0,0.0,3.5,51.2,45.3,,,26.8,24.4,2.9,0.4,0.1,0.1,0.0,"USDA NRCS Kellogg Soil Survey Laboratory",
"f3fcabb6-fb1c-427f-9d0e-8aa429d20d6a","KONA_017.basePlot.all","D06","KONA","KONA_017","S2018KS161017","2018-05-01","18N04377","Btk","S2018KS161017-5","bulk",97.0,100.0,98.5,"2018-09-07","Kellogg Soil Survey Laboratory Methods Manual, Soil Survey Investigations Report No. 42 Version 5.0, Issued 2014","Routine Particle Size Distribution (3A1a1a)",6.0,6.6,6.6,55.8,37.6,0.0,,27.3,28.5,3.9,0.6,0.5,0.4,1.2,"USDA NRCS Kellogg Soil Survey Laboratory",
"e9ed3ab7-68b4-47e8-83f1-ee97086e6775","KONA_017.basePlot.all","D06","KONA","KONA_017","S2018KS161017","2018-05-01","18N04374","BA","S2018KS161017-2","bulk",16.0,30.0,23.0,"2018-09-07","Kellogg Soil Survey Laboratory Methods Manual, Soil Survey Investigations Report No. 42 Version 5.0, Issued 2014","Routine Particle Size Distribution (3A1a1a)",1.3,0.8,7.2,59.0,33.8,,,25.1,33.9,4.4,2.2,0.1,0.4,0.1,"USDA NRCS Kellogg Soil Survey Laboratory",
"6c09f3f6-0a67-4aeb-9eb5-868422a1b5ac","KONA_003.basePlot.all","D06","KONA","KONA_003","S2018KS161003","2018-05-01","18N04383","Ap","S2018KS161003-1","bulk",0.0,14.0,7.0,"2018-09-11","Kellogg Soil Survey Laboratory Methods Manual, Soil Survey Investigations Report No. 42 Version 5.0, Issued 2014","Routine Particle Size Distribution (3A1a1a)",0.0,0.0,3.7,48.3,48.0,,,23.3,25.0,3.1,0.3,0.2,0.0,0.1,"USDA NRCS Kellogg Soil Survey Laboratory",
"73958dfb-dcbe-49af-84da-cede96449de6","KONA_004.basePlot.all","D06","KONA","KONA_004","S2018KS161004","2018-05-02","18N04397","Ap1","S2018KS161004-1","bulk",0.0,12.0,6.0,"2018-09-11","Kellogg Soil Survey Laboratory Methods Manual, Soil Survey Investigations Report No. 42 Version 5.0, Issued 2014","Routine Particle Size Distribution (3A1a1a)",0.0,0.0,9.9,55.9,34.2,,,23.9,32.0,9.0,0.6,0.2,0.1,0.0,"USDA NRCS Kellogg Soil Survey Laboratory",
"02b30c44-a88e-475d-a807-4a2f92b2953c","KONA_013.basePlot.all","D06","KONA","KONA_013","S2018KS161013","2018-05-02","18N04393","Ap2","S2018KS161013-2","bulk",15.0,28.0,21.5,"2018-09-11","Kellogg Soil Survey Laboratory Methods Manual, Soil Survey Investigations Report No. 42 Version 5.0, Issued 2014","Routine Particle Size Distribution (3A1a1a)",0.0,0.0,9.4,62.2,28.4,,,23.4,38.8,8.9,0.3,0.1,0.1,0.0,"USDA NRCS Kellogg Soil Survey Laboratory",
"2d6d366b-001a-4089-89b9-9ed14c9c1b63","KONA_013.basePlot.all","D06","KONA","KONA_013","S2018KS161013","2018-05-02","18N04396","Btss2","S2018KS161013-5","bulk",86.0,100.0,93.0,"2018-09-11","Kellogg Soil Survey Laboratory Methods Manual, Soil Survey Investigations Report No. 42 Version 5.0, Issued 2014","Routine Particle Size Distribution (3A1a1a)",0.0,0.0,5.3,54.7,40.0,,,29.8,24.9,4.9,0.3,0.1,0.0,0.0,"USDA NRCS Kellogg Soil Survey Laboratory",
"dde57a5e-d544-40f3-9960-a33d6f1a3af8","KONA_020.basePlot.all","D06","KONA","KONA_020","S2018KS161020","2018-05-02","18N04389","Bt","S2018KS161020-3","bulk",26.0,54.0,40.0,"2018-09-11","Kellogg Soil Survey Laboratory Methods Manual, Soil Survey Investigations Report No. 42 Version 5.0, Issued 2014","Routine Particle Size Distribution (3A1a1a)",0.0,0.0,4.2,49.2,46.6,,,27.9,21.3,4.0,0.2,0.0,0.0,0.0,"USDA NRCS Kellogg Soil Survey Laboratory",
"94ba69c6-ed8b-4127-a761-3f4bc549d6c7","KONA_020.basePlot.all","D06","KONA","KONA_020","S2018KS161020","2018-05-02","18N04390","Btss","S2018KS161020-4","bulk",54.0,70.0,62.0,"2018-10-01","Kellogg Soil Survey Laboratory Methods Manual, Soil Survey Investigations Report No. 42 Version 5.0, Issued 2014","Routine Particle Size Distribution (3A1a1a)",0.0,0.0,5.4,53.6,41.0,,,28.8,24.8,5.1,0.2,0.1,0.0,0.0,"USDA NRCS Kellogg Soil Survey Laboratory",
"384beb62-86fe-4a68-aca6-7a508ea1706d","KONA_027.basePlot.all","D06","KONA","KONA_027","S2018KS161027","2018-05-02","18N04405","Btk2","S2018KS161027-4","bulk",67.0,100.0,83.5,"2018-09-11","Kellogg Soil Survey Laboratory Methods Manual, Soil Survey Investigations Report No. 42 Version 5.0, Issued 2014","Routine Particle Size Distribution (3A1a1a)",11.9,8.1,7.3,59.5,33.2,0.0,,28.7,30.8,6.6,0.3,0.2,0.1,0.1,"USDA NRCS Kellogg Soil Survey Laboratory",
"1359cf64-95b4-45b5-91ad-8068c243e66e","KONA_016.basePlot.all","D06","KONA","KONA_016","S2018KS161016","2018-05-02","18N04410","Bt3","S2018KS161016-5","bulk",75.0,100.0,87.5,"2018-09-11","Kellogg Soil Survey Laboratory Methods Manual, Soil Survey Investigations Report No. 42 Version 5.0, Issued 2014","Routine Particle Size Distribution (3A1a1a)",0.0,0.0,8.4,61.0,30.6,,,25.9,35.1,8.3,0.1,0.0,0.0,0.0,"USDA NRCS Kellogg Soil Survey Laboratory",
"d1d48e5d-d3b4-4bdd-9dbb-0587a4ff0b00","KONA_004.basePlot.all","D06","KONA","KONA_004","S2018KS161004","2018-05-02","18N04398","Ap2","S2018KS161004-2","bulk",12.0,24.0,18.0,"2018-09-11","Kellogg Soil Survey Laboratory Methods Manual, Soil Survey Investigations Report No. 42 Version 5.0, Issued 2014","Routine Particle Size Distribution (3A1a1a)",0.0,0.0,7.5,51.5,41.0,,,22.1,29.4,6.8,0.4,0.2,0.1,0.0,"USDA NRCS Kellogg Soil Survey Laboratory",
"fcf41895-c22b-4ab8-85de-ce2c3519449f","KONA_016.basePlot.all","D06","KONA","KONA_016","S2018KS161016","2018-05-02","18N04406","Ap","S2018KS161016-1","bulk",0.0,7.0,3.5,"2018-09-11","Kellogg Soil Survey Laboratory Methods Manual, Soil Survey Investigations Report No. 42 Version 5.0, Issued 2014","Routine Particle Size Distribution (3A1a1a)",0.0,0.0,11.8,64.6,23.6,,,23.4,41.2,11.4,0.2,0.1,0.1,0.0,"USDA NRCS Kellogg Soil Survey Laboratory",
"b07c9640-9eba-4c46-bbaf-e28bcd5f2f36","KONA_020.basePlot.all","D06","KONA","KONA_020","S2018KS161020","2018-05-02","18N04387","Ap1","S2018KS161020-1","bulk",0.0,10.0,5.0,"2018-09-11","Kellogg Soil Survey Laboratory Methods Manual, Soil Survey Investigations Report No. 42 Version 5.0, Issued 2014","Routine Particle Size Distribution (3A1a1a)",0.0,0.0,9.9,56.1,34.0,,,22.6,33.5,9.3,0.3,0.2,0.1,0.0,"USDA NRCS Kellogg Soil Survey Laboratory",
"3f6a1666-e8ae-4c02-a2a0-0839d5b770a6","KONA_013.basePlot.all","D06","KONA","KONA_013","S2018KS161013","2018-05-02","18N04395","Btss1","S2018KS161013-4","bulk",62.0,86.0,74.0,"2018-09-11","Kellogg Soil Survey Laboratory Methods Manual, Soil Survey Investigations Report No. 42 Version 5.0, Issued 2014","Routine Particle Size Distribution (3A1a1a)",0.0,0.0,5.9,52.5,41.6,,,27.8,24.7,5.8,0.1,0.0,0.0,0.0,"USDA NRCS Kellogg Soil Survey Laboratory",
"d5ca39ca-4d3c-46d1-a548-7f9b43b835f3","KONA_013.basePlot.all","D06","KONA","KONA_013","S2018KS161013","2018-05-02","18N04394","Bt","S2018KS161013-3","bulk",28.0,62.0,45.0,"2018-09-11","Kellogg Soil Survey Laboratory Methods Manual, Soil Survey Investigations Report No. 42 Version 5.0, Issued 2014","Routine Particle Size Distribution (3A1a1a)",0.0,0.0,6.3,56.1,37.6,,,27.2,28.9,5.8,0.3,0.1,0.1,0.0,"USDA NRCS Kellogg Soil Survey Laboratory",
"46900cbd-6bd7-4b95-82d1-3be9620f913a","KONA_020.basePlot.all","D06","KONA","KONA_020","S2018KS161020","2018-05-02","18N04388","Ap2","S2018KS161020-2","bulk",10.0,26.0,18.0,"2018-09-11","Kellogg Soil Survey Laboratory Methods Manual, Soil Survey Investigations Report No. 42 Version 5.0, Issued 2014","Routine Particle Size Distribution (3A1a1a)",0.0,0.0,7.2,52.6,40.2,,,23.7,28.9,6.5,0.4,0.2,0.0,0.1,"USDA NRCS Kellogg Soil Survey Laboratory",
"670b16a1-fbea-4871-9f20-b4a80f337c98","KONA_020.basePlot.all","D06","KONA","KONA_020","S2018KS161020","2018-05-02","18N04391","Btkss","S2018KS161020-5","bulk",70.0,100.0,85.0,"2018-09-11","Kellogg Soil Survey Laboratory Methods Manual, Soil Survey Investigations Report No. 42 Version 5.0, Issued 2014","Routine Particle Size Distribution (3A1a1a)",0.0,0.0,8.2,55.6,36.2,,,26.2,29.4,7.9,0.2,0.1,0.0,0.0,"USDA NRCS Kellogg Soil Survey Laboratory",
"bc17bdb0-0a40-421f-8644-dbcc8a8de089","KONA_004.basePlot.all","D06","KONA","KONA_004","S2018KS161004","2018-05-02","18N04399","Bt","S2018KS161004-3","bulk",24.0,62.0,43.0,"2018-09-11","Kellogg Soil Survey Laboratory Methods Manual, Soil Survey Investigations Report No. 42 Version 5.0, Issued 2014","Routine Particle Size Distribution (3A1a1a)",0.0,0.0,4.7,44.5,50.8,,,23.1,21.4,4.1,0.4,0.1,0.1,0.0,"USDA NRCS Kellogg Soil Survey Laboratory",
"1ed0b893-b969-4e22-ab1e-89c0c73db275","KONA_016.basePlot.all","D06","KONA","KONA_016","S2018KS161016","2018-05-02","18N04407","BA","S2018KS161016-2","bulk",7.0,33.0,20.0,"2018-09-11","Kellogg Soil Survey Laboratory Methods Manual, Soil Survey Investigations Report No. 42 Version 5.0, Issued 2014","Routine Particle Size Distribution (3A1a1a)",0.0,0.0,10.4,63.0,26.6,,,22.8,40.2,9.8,0.5,0.1,0.0,0.0,"USDA NRCS Kellogg Soil Survey Laboratory",
"d8e7b82f-28e8-4733-af19-5031b0cc3bdb","KONA_004.basePlot.all","D06","KONA","KONA_004","S2018KS161004","2018-05-02","18N04400","Btss","S2018KS161004-4","bulk",62.0,77.0,69.5,"2018-09-11","Kellogg Soil Survey Laboratory Methods Manual, Soil Survey Investigations Report No. 42 Version 5.0, Issued 2014","Routine Particle Size Distribution (3A1a1a)",0.0,0.0,3.5,51.0,45.5,,,28.1,22.9,2.9,0.6,0.0,0.0,0.0,"USDA NRCS Kellogg Soil Survey Laboratory",
"7879fa3f-26ff-4a9f-a6d7-9d37e671a440","KONA_013.basePlot.all","D06","KONA","KONA_013","S2018KS161013","2018-05-02","18N04392","Ap1","S2018KS161013-1","bulk",0.0,15.0,7.5,"2018-09-11","Kellogg Soil Survey Laboratory Methods Manual, Soil Survey Investigations Report No. 42 Version 5.0, Issued 2014","Routine Particle Size Distribution (3A1a1a)",0.0,0.0,13.4,61.8,24.8,,,21.5,40.3,12.0,1.0,0.3,0.1,0.0,"USDA NRCS Kellogg Soil Survey Laboratory",
"7568d7da-178d-4c08-8f3b-2da297198c93","KONA_027.basePlot.all","D06","KONA","KONA_027","S2018KS161027","2018-05-02","18N04403","Bt","S2018KS161027-2","bulk",7.0,43.0,25.0,"2018-09-11","Kellogg Soil Survey Laboratory Methods Manual, Soil Survey Investigations Report No. 42 Version 5.0, Issued 2014","Routine Particle Size Distribution (3A1a1a)",0.0,0.0,4.7,49.4,45.9,,,27.6,21.8,4.2,0.3,0.1,0.1,0.0,"USDA NRCS Kellogg Soil Survey Laboratory",
"2d3b40df-50e7-4ef8-8f61-21005c48a59a","KONA_016.basePlot.all","D06","KONA","KONA_016","S2018KS161016","2018-05-02","18N04409","Bt2","S2018KS161016-4","bulk",51.0,75.0,63.0,"2018-09-11","Kellogg Soil Survey Laboratory Methods Manual, Soil Survey Investigations Report No. 42 Version 5.0, Issued 2014","Routine Particle Size Distribution (3A1a1a)",0.0,0.0,9.1,56.5,34.4,,,21.7,34.8,8.9,0.2,0.0,0.0,0.0,"USDA NRCS Kellogg Soil Survey Laboratory",
"2f7be3e6-ea45-4055-8368-f0ddc821459b","KONA_027.basePlot.all","D06","KONA","KONA_027","S2018KS161027","2018-05-02","18N04404","Btk1","S2018KS161027-3","bulk",43.0,67.0,55.0,"2018-09-11","Kellogg Soil Survey Laboratory Methods Manual, Soil Survey Investigations Report No. 42 Version 5.0, Issued 2014","Routine Particle Size Distribution (3A1a1a)",11.6,11.6,6.3,54.0,39.7,0.0,,30.3,23.7,5.1,0.3,0.2,0.3,0.4,"USDA NRCS Kellogg Soil Survey Laboratory",
"3f99fbcc-f38a-4975-a48e-22eac9fd166f","KONA_016.basePlot.all","D06","KONA","KONA_016","S2018KS161016","2018-05-02","18N04408","Bt1","S2018KS161016-3","bulk",33.0,51.0,42.0,"2018-09-11","Kellogg Soil Survey Laboratory Methods Manual, Soil Survey Investigations Report No. 42 Version 5.0, Issued 2014","Routine Particle Size Distribution (3A1a1a)",0.0,0.0,8.5,54.7,36.8,,,21.6,33.1,8.4,0.1,0.0,0.0,0.0,"USDA NRCS Kellogg Soil Survey Laboratory",
"ceae736a-6ce2-4fb4-981c-33e9171f86b7","KONA_004.basePlot.all","D06","KONA","KONA_004","S2018KS161004","2018-05-02","18N04401","Btkss","S2018KS161004-5","bulk",77.0,100.0,88.5,"2018-09-11","Kellogg Soil Survey Laboratory Methods Manual, Soil Survey Investigations Report No. 42 Version 5.0, Issued 2014","Routine Particle Size Distribution (3A1a1a)",3.6,0.0,4.0,54.3,41.7,,,29.9,24.4,3.3,0.3,0.1,0.1,0.2,"USDA NRCS Kellogg Soil Survey Laboratory",
"92b4b82c-fcd3-4278-86aa-642a299521ed","KONA_027.basePlot.all","D06","KONA","KONA_027","S2018KS161027","2018-05-02","18N04402","Ap","S2018KS161027-1","bulk",0.0,7.0,3.5,"2018-09-11","Kellogg Soil Survey Laboratory Methods Manual, Soil Survey Investigations Report No. 42 Version 5.0, Issued 2014","Routine Particle Size Distribution (3A1a1a)",0.0,0.0,8.8,48.9,42.3,,,21.6,27.3,8.3,0.2,0.1,0.1,0.1,"USDA NRCS Kellogg Soil Survey Laboratory",
"813d6e28-9340-4bb7-bfd1-152bb7603a70","KONA_048.basePlot.all","D06","KONA","KONA_048","S2018KS161048","2018-05-03","18N04415","Ap1","S2018KS161048-1","bulk",0.0,15.0,7.5,"2018-09-11","Kellogg Soil Survey Laboratory Methods Manual, Soil Survey Investigations Report No. 42 Version 5.0, Issued 2014","Routine Particle Size Distribution (3A1a1a)",0.7,1.3,10.1,60.5,29.4,,,23.0,37.5,9.2,0.5,0.1,0.2,0.1,"USDA NRCS Kellogg Soil Survey Laboratory",
"e20b3c02-8a91-4307-90ff-0800508fe264","KONA_035.basePlot.all","D06","KONA","KONA_035","S2018KS161035","2018-05-03","18N04427","Bt2","S2018KS161035-4","bulk",63.0,89.0,76.0,"2018-08-21","Kellogg Soil Survey Laboratory Methods Manual, Soil Survey Investigations Report No. 42 Version 5.0, Issued 2014","Routine Particle Size Distribution (3A1a1a)",0.0,0.0,13.8,51.0,35.2,,,21.5,29.5,9.1,4.3,0.2,0.2,0.0,"USDA NRCS Kellogg Soil Survey Laboratory",
"82c9abda-0c49-46af-bbfe-2d28a87fdb7d","KONA_035.basePlot.all","D06","KONA","KONA_035","S2018KS161035","2018-05-03","18N04428","Bt3","S2018KS161035-5","bulk",89.0,100.0,94.5,"2018-08-21","Kellogg Soil Survey Laboratory Methods Manual, Soil Survey Investigations Report No. 42 Version 5.0, Issued 2014","Routine Particle Size Distribution (3A1a1a)",0.0,0.0,16.6,50.1,33.3,,,18.9,31.2,11.2,4.0,1.3,0.1,0.0,"USDA NRCS Kellogg Soil Survey Laboratory",
"ec5f5564-8328-4fd4-adc5-0177d93fd914","KONA_019.basePlot.all","D06","KONA","KONA_019","S2018KS161019","2018-05-03","18N04419","Ap","S2018KS161019-1","bulk",0.0,12.0,6.0,"2018-09-11","Kellogg Soil Survey Laboratory Methods Manual, Soil Survey Investigations Report No. 42 Version 5.0, Issued 2014","Routine Particle Size Distribution (3A1a1a)",0.0,0.0,8.6,62.2,29.2,,,23.6,38.6,7.2,1.0,0.3,0.1,0.0,"USDA NRCS Kellogg Soil Survey Laboratory",
"6bf15045-b906-438f-8a6d-19f6ab4c589c","KONA_035.basePlot.all","D06","KONA","KONA_035","S2018KS161035","2018-05-03","18N04424","Ap","S2018KS161035-1","bulk",0.0,15.0,7.5,"2018-08-21","Kellogg Soil Survey Laboratory Methods Manual, Soil Survey Investigations Report No. 42 Version 5.0, Issued 2014","Routine Particle Size Distribution (3A1a1a)",0.0,0.0,11.4,53.1,35.5,,,19.7,33.4,7.3,3.4,0.6,0.1,0.0,"USDA NRCS Kellogg Soil Survey Laboratory",
"a4bafc4c-a0a5-4ef0-bae4-fbbc1601801b","KONA_057.basePlot.all","D06","KONA","KONA_057","S2018KS161057","2018-05-03","18N04411","Ap","S2018KS161057-1","bulk",0.0,16.0,8.0,"2018-09-11","Kellogg Soil Survey Laboratory Methods Manual, Soil Survey Investigations Report No. 42 Version 5.0, Issued 2014","Routine Particle Size Distribution (3A1a1a)",1.7,5.1,14.8,46.2,39.0,,,18.2,28.0,12.8,1.2,0.4,0.3,0.1,"USDA NRCS Kellogg Soil Survey Laboratory",
"71bcfcaa-b9a3-4a5f-8688-3c49079ebe27","KONA_057.basePlot.all","D06","KONA","KONA_057","S2018KS161057","2018-05-03","18N04414","2Bt3","S2018KS161057-4","bulk",82.0,100.0,91.0,"2018-09-11","Kellogg Soil Survey Laboratory Methods Manual, Soil Survey Investigations Report No. 42 Version 5.0, Issued 2014","Routine Particle Size Distribution (3A1a1a)",13.2,8.9,12.9,43.5,43.6,,,14.1,29.4,9.7,1.5,0.6,0.4,0.7,"USDA NRCS Kellogg Soil Survey Laboratory",
"4649f0d4-0b76-4f7a-b456-30c9d7bed61e","KONA_035.basePlot.all","D06","KONA","KONA_035","S2018KS161035","2018-05-03","18N04426","Bt1","S2018KS161035-3","bulk",32.0,63.0,47.5,"2018-08-21","Kellogg Soil Survey Laboratory Methods Manual, Soil Survey Investigations Report No. 42 Version 5.0, Issued 2014","Routine Particle Size Distribution (3A1a1a)",0.0,0.0,4.6,51.4,44.0,,,24.9,26.5,3.4,1.1,0.1,0.0,0.0,"USDA NRCS Kellogg Soil Survey Laboratory",
"51458e7f-6ab1-4b58-b827-09e6bc702067","KONA_048.basePlot.all","D06","KONA","KONA_048","S2018KS161048","2018-05-03","18N04418","Bt2","S2018KS161048-4","bulk",75.0,100.0,87.5,"2018-09-11","Kellogg Soil Survey Laboratory Methods Manual, Soil Survey Investigations Report No. 42 Version 5.0, Issued 2014","Routine Particle Size Distribution (3A1a1a)",0.0,0.0,4.5,52.2,43.3,,,25.2,27.0,3.8,0.3,0.2,0.1,0.1,"USDA NRCS Kellogg Soil Survey Laboratory",
"13254846-0c9e-4ac9-86b0-1484ef80fac7","KONA_019.basePlot.all","D06","KONA","KONA_019","S2018KS161019","2018-05-03","18N04421","Bt2","S2018KS161019-3","bulk",33.0,63.0,48.0,"2018-09-11","Kellogg Soil Survey Laboratory Methods Manual, Soil Survey Investigations Report No. 42 Version 5.0, Issued 2014","Routine Particle Size Distribution (3A1a1a)",0.0,0.0,2.7,50.9,46.4,,,28.0,22.9,2.4,0.2,0.1,0.0,0.0,"USDA NRCS Kellogg Soil Survey Laboratory",
"3f8bdfe9-3cd4-40e0-a6fe-4ca1b3be1e6f","KONA_057.basePlot.all","D06","KONA","KONA_057","S2018KS161057","2018-05-03","18N04412","2Bt1","S2018KS161057-2","bulk",16.0,46.0,31.0,"2018-09-11","Kellogg Soil Survey Laboratory Methods Manual, Soil Survey Investigations Report No. 42 Version 5.0, Issued 2014","Routine Particle Size Distribution (3A1a1a)",5.9,4.5,10.8,45.5,43.7,,,19.2,26.3,9.4,0.6,0.3,0.3,0.2,"USDA NRCS Kellogg Soil Survey Laboratory",
"777c7140-c109-43d1-b00f-59c477288aa4","KONA_048.basePlot.all","D06","KONA","KONA_048","S2018KS161048","2018-05-03","18N04417","Bt1","S2018KS161048-3","bulk",45.0,75.0,60.0,"2018-09-11","Kellogg Soil Survey Laboratory Methods Manual, Soil Survey Investigations Report No. 42 Version 5.0, Issued 2014","Routine Particle Size Distribution (3A1a1a)",0.0,0.0,5.2,60.2,34.6,,,27.1,33.1,4.9,0.2,0.1,0.0,0.0,"USDA NRCS Kellogg Soil Survey Laboratory",
"80601711-0fcd-494b-99f9-c8b071c49be1","KONA_019.basePlot.all","D06","KONA","KONA_019","S2018KS161019","2018-05-03","18N04420","Bt1","S2018KS161019-2","bulk",12.0,33.0,22.5,"2018-09-11","Kellogg Soil Survey Laboratory Methods Manual, Soil Survey Investigations Report No. 42 Version 5.0, Issued 2014","Routine Particle Size Distribution (3A1a1a)",0.0,0.0,5.4,59.4,35.2,,,23.9,35.5,4.6,0.5,0.2,0.1,0.0,"USDA NRCS Kellogg Soil Survey Laboratory",
"2697a7e9-01c5-4a96-a902-02a2c92ac1b6","KONA_048.basePlot.all","D06","KONA","KONA_048","S2018KS161048","2018-05-03","18N04416","Ap2","S2018KS161048-2","bulk",15.0,45.0,30.0,"2018-09-11","Kellogg Soil Survey Laboratory Methods Manual, Soil Survey Investigations Report No. 42 Version 5.0, Issued 2014","Routine Particle Size Distribution (3A1a1a)",1.3,0.8,5.7,61.0,33.3,,,25.8,35.2,5.1,0.3,0.1,0.1,0.1,"USDA NRCS Kellogg Soil Survey Laboratory",
"350ec8db-792d-4572-9332-d985ae2d3822","KONA_057.basePlot.all","D06","KONA","KONA_057","S2018KS161057","2018-05-03","18N04413","2Bt2","S2018KS161057-3","bulk",46.0,82.0,64.0,"2018-09-11","Kellogg Soil Survey Laboratory Methods Manual, Soil Survey Investigations Report No. 42 Version 5.0, Issued 2014","Routine Particle Size Distribution (3A1a1a)",19.4,24.4,15.0,41.3,43.7,,,14.5,26.8,11.7,0.9,0.7,0.7,1.0,"USDA NRCS Kellogg Soil Survey Laboratory",
"45551775-2bc5-4773-9ead-3937ccb7465a","KONA_019.basePlot.all","D06","KONA","KONA_019","S2018KS161019","2018-05-03","18N04423","Btkss2","S2018KS161019-5","bulk",79.0,100.0,89.5,"2018-09-11","Kellogg Soil Survey Laboratory Methods Manual, Soil Survey Investigations Report No. 42 Version 5.0, Issued 2014","Routine Particle Size Distribution (3A1a1a)",0.0,0.0,3.6,55.3,41.1,,,29.3,26.0,2.9,0.6,0.0,0.1,0.0,"USDA NRCS Kellogg Soil Survey Laboratory",
"dc6971cf-a5c3-446d-b3d9-66f828442fa9","KONA_035.basePlot.all","D06","KONA","KONA_035","S2018KS161035","2018-05-03","18N04425","BA","S2018KS161035-2","bulk",15.0,32.0,23.5,"2018-08-21","Kellogg Soil Survey Laboratory Methods Manual, Soil Survey Investigations Report No. 42 Version 5.0, Issued 2014","Routine Particle Size Distribution (3A1a1a)",0.0,0.0,7.7,50.8,41.5,,,21.0,29.8,5.3,2.2,0.2,0.0,0.0,"USDA NRCS Kellogg Soil Survey Laboratory",
"a7b211fd-63ad-473b-b942-b3dda14c81d4","KONA_019.basePlot.all","D06","KONA","KONA_019","S2018KS161019","2018-05-03","18N04422","Btkss1","S2018KS161019-4","bulk",63.0,79.0,71.0,"2018-09-11","Kellogg Soil Survey Laboratory Methods Manual, Soil Survey Investigations Report No. 42 Version 5.0, Issued 2014","Routine Particle Size Distribution (3A1a1a)",0.0,0.0,3.0,52.3,44.7,,,27.4,24.9,2.6,0.3,0.1,0.0,0.0,"USDA NRCS Kellogg Soil Survey Laboratory",
"d466ae29-50fd-4af8-92a9-53afdfdb64d7","KONA_011.basePlot.all","D06","KONA","KONA_011","S2018KS161011","2018-05-07","18N04431","Bt1","S2018KS161011-3","bulk",28.0,52.0,40.0,"2018-08-21","Kellogg Soil Survey Laboratory Methods Manual, Soil Survey Investigations Report No. 42 Version 5.0, Issued 2014","Routine Particle Size Distribution (3A1a1a)",1.5,1.0,13.3,53.5,33.2,,,20.5,33.0,9.1,4.1,0.1,0.0,0.0,"USDA NRCS Kellogg Soil Survey Laboratory",
"cbb20b0a-b328-439f-8275-4f74fc7abdf5","KONA_011.basePlot.all","D06","KONA","KONA_011","S2018KS161011","2018-05-07","18N04433","Bt3","S2018KS161011-5","bulk",73.0,100.0,86.5,"2018-08-21","Kellogg Soil Survey Laboratory Methods Manual, Soil Survey Investigations Report No. 42 Version 5.0, Issued 2014","Routine Particle Size Distribution (3A1a1a)",1.3,1.1,4.9,62.3,32.8,,,27.3,35.0,4.2,0.6,0.1,0.0,0.0,"USDA NRCS Kellogg Soil Survey Laboratory",
"25216e28-cfb4-4130-98ac-6904df58fb58","KONA_011.basePlot.all","D06","KONA","KONA_011","S2018KS161011","2018-05-07","18N04432","Bt2","S2018KS161011-4","bulk",52.0,73.0,62.5,"2018-08-21","Kellogg Soil Survey Laboratory Methods Manual, Soil Survey Investigations Report No. 42 Version 5.0, Issued 2014","Routine Particle Size Distribution (3A1a1a)",0.0,0.0,10.7,56.5,32.8,,,21.7,34.8,7.3,3.0,0.3,0.0,0.1,"USDA NRCS Kellogg Soil Survey Laboratory",
"57895265-4427-485d-a7c0-ef69124f3ca3","KONA_011.basePlot.all","D06","KONA","KONA_011","S2018KS161011","2018-05-07","18N04430","Ap2","S2018KS161011-2","bulk",10.0,28.0,19.0,"2018-08-21","Kellogg Soil Survey Laboratory Methods Manual, Soil Survey Investigations Report No. 42 Version 5.0, Issued 2014","Routine Particle Size Distribution (3A1a1a)",0.0,0.0,14.7,57.9,27.4,,,18.4,39.5,8.1,4.3,1.5,0.6,0.2,"USDA NRCS Kellogg Soil Survey Laboratory",
"1eb7f016-6a2d-4cbf-9970-220fbd8d255e","KONA_011.basePlot.all","D06","KONA","KONA_011","S2018KS161011","2018-05-07","18N04429","Ap1","S2018KS161011-1","bulk",0.0,10.0,5.0,"2018-08-21","Kellogg Soil Survey Laboratory Methods Manual, Soil Survey Investigations Report No. 42 Version 5.0, Issued 2014","Routine Particle Size Distribution (3A1a1a)",0.0,0.0,17.2,58.0,24.8,,,18.9,39.1,9.3,5.1,2.4,0.4,0.0,"USDA NRCS Kellogg Soil Survey Laboratory",
"f27cc5cf-a8e7-4e9b-abd9-d1aa4fd8fa81","KONA_005.basePlot.all","D06","KONA","KONA_005","S2018KS161005","2018-05-09","18N04437","Bw2","S2018KS161005-4","bulk",58.0,77.0,67.5,"2018-08-21","Kellogg Soil Survey Laboratory Methods Manual, Soil Survey Investigations Report No. 42 Version 5.0, Issued 2014","Routine Particle Size Distribution (3A1a1a)",0.0,0.0,6.0,62.5,31.5,,,24.0,38.5,5.7,0.2,0.1,0.0,0.0,"USDA NRCS Kellogg Soil Survey Laboratory",
"cf40efd3-c7db-4b8d-a9a0-e8016dcf59bd","KONA_005.basePlot.all","D06","KONA","KONA_005","S2018KS161005","2018-05-09","18N04434","Ap","S2018KS161005-1","bulk",0.0,7.0,3.5,"2018-08-21","Kellogg Soil Survey Laboratory Methods Manual, Soil Survey Investigations Report No. 42 Version 5.0, Issued 2014","Routine Particle Size Distribution (3A1a1a)",2.4,1.5,13.0,63.6,23.4,,,19.7,43.9,8.4,1.6,1.6,0.9,0.5,"USDA NRCS Kellogg Soil Survey Laboratory",
"9d816ef6-03fe-4b74-ab1c-f9d87eedba25","KONA_005.basePlot.all","D06","KONA","KONA_005","S2018KS161005","2018-05-09","18N04436","Bw1","S2018KS161005-3","bulk",35.0,58.0,46.5,"2018-08-21","Kellogg Soil Survey Laboratory Methods Manual, Soil Survey Investigations Report No. 42 Version 5.0, Issued 2014","Routine Particle Size Distribution (3A1a1a)",0.0,0.0,6.2,64.3,29.5,,,21.5,42.8,5.6,0.4,0.1,0.1,0.0,"USDA NRCS Kellogg Soil Survey Laboratory",
"192cde84-0751-4a31-a6b4-96dc3950fc0a","KONA_005.basePlot.all","D06","KONA","KONA_005","S2018KS161005","2018-05-09","18N04438","2Bt","S2018KS161005-5","bulk",77.0,100.0,88.5,"2018-08-21","Kellogg Soil Survey Laboratory Methods Manual, Soil Survey Investigations Report No. 42 Version 5.0, Issued 2014","Routine Particle Size Distribution (3A1a1a)",0.0,0.0,3.7,52.0,44.3,,,22.7,29.3,3.4,0.3,0.0,0.0,0.0,"USDA NRCS Kellogg Soil Survey Laboratory",
"c295d9e9-4a8d-4699-af24-fc059d8aa644","KONA_005.basePlot.all","D06","KONA","KONA_005","S2018KS161005","2018-05-09","18N04435","BA","S2018KS161005-2","bulk",7.0,35.0,21.0,"2018-08-21","Kellogg Soil Survey Laboratory Methods Manual, Soil Survey Investigations Report No. 42 Version 5.0, Issued 2014","Routine Particle Size Distribution (3A1a1a)",1.3,0.0,10.9,64.2,24.9,,,20.2,44.0,8.1,1.5,0.7,0.5,0.1,"USDA NRCS Kellogg Soil Survey Laboratory",
