uid,namedLocation,domainID,siteID,plotID,nrcsDescriptionID,collectDate,horizonID,horizonName,bulkDensProcessedDate,bulkDensMethodPub,bulkDensMethod,bulkDensIDnrcs,bulkDensSampleType,bulkDensCenterDepth,bulkDensTopDepth,bulkDensBottomDepth,bulkDensThirdBar,bulkDensOvenDry,bulkDensFieldMoist,waterRetentionThirdBar,fieldWaterContent,laboratoryName,remarks,dataQF
"e7c087cc-9c94-4fd4-9d84-b2b39899224b","BART_018.basePlot.all","D01","BART","BART_018","S2016NH003001","2016-05-11","16N04934","E/B","2017-06-21","Kellogg Soil Survey Laboratory Methods Manual, Soil Survey Investigations Report No. 42 Version 5.0, Issued 2014","Bulk Density, Clods (3B1)","S2016NH003001-2","clod",18.0,13.0,23.0,0.99,1.03,,27.4,,"USDA NRCS Kellogg Soil Survey Laboratory",,
"455fe1b5-f9ea-4cc1-be1b-52c912fa6426","BART_018.basePlot.all","D01","BART","BART_018","S2016NH003001","2016-05-11","16N04935","Bs1","2017-06-21","Kellogg Soil Survey Laboratory Methods Manual, Soil Survey Investigations Report No. 42 Version 5.0, Issued 2014","Bulk Density, Clods (3B1)","S2016NH003001-3","clod",28.0,23.0,33.0,0.93,0.95,,30.8,,"USDA NRCS Kellogg Soil Survey Laboratory",,
"692bed58-2ec1-4a81-b616-3fce683dba34","BART_018.basePlot.all","D01","BART","BART_018","S2016NH003001","2016-05-11","16N04937","Cd","2018-05-31","Kellogg Soil Survey Laboratory Methods Manual, Soil Survey Investigations Report No. 42 Version 5.0, Issued 2014","Bulk Density, Clods (3B1)","S2016NH003001-5","clod",74.5,49.0,100.0,,,,,,"USDA NRCS Kellogg Soil Survey Laboratory","Sample could not be analyzed.",
"1cd01d96-c028-4cca-be75-fe7e798a2ba9","BART_018.basePlot.all","D01","BART","BART_018","S2016NH003001","2016-05-11","16N04933","Oa","2016-11-01","Kellogg Soil Survey Laboratory Methods Manual, Soil Survey Investigations Report No. 42 Version 5.0, Issued 2014","Bulk Density, Compliant Cavity (3B3)","S2016NH003001-1","compliant cavity",6.5,0.0,13.0,,,0.11,,334.5,"USDA NRCS Kellogg Soil Survey Laboratory",,
"caf22661-f0ae-4297-95af-8c5dd0c4ac2f","BART_081.basePlot.all","D01","BART","BART_081","S2016NH003002","2016-05-17","16N04941","Bs","2016-11-01","Kellogg Soil Survey Laboratory Methods Manual, Soil Survey Investigations Report No. 42 Version 5.0, Issued 2014","Bulk Density, Compliant Cavity (3B3)","S2016NH003002-4","compliant cavity",22.5,18.0,27.0,,,0.84,,23.2,"USDA NRCS Kellogg Soil Survey Laboratory",,
"a4b4e5fc-2c1f-44f1-b562-778c6f951324","BART_081.basePlot.all","D01","BART","BART_081","S2016NH003002","2016-05-17","16N04942","BC1","2018-05-31","Kellogg Soil Survey Laboratory Methods Manual, Soil Survey Investigations Report No. 42 Version 5.0, Issued 2014","Bulk Density, Clods (3B1)","S2016NH003002-5","clod",40.5,27.0,54.0,,,,,,"USDA NRCS Kellogg Soil Survey Laboratory","Sample could not be analyzed.",
"565428b2-cc9f-441d-85f4-7be42c4c22f2","BART_081.basePlot.all","D01","BART","BART_081","S2016NH003002","2016-05-17","16N04943","BC2","2017-06-21","Kellogg Soil Survey Laboratory Methods Manual, Soil Survey Investigations Report No. 42 Version 5.0, Issued 2014","Bulk Density, Clods (3B1)","S2016NH003002-6","clod",77.0,54.0,100.0,1.46,1.48,,14.0,,"USDA NRCS Kellogg Soil Survey Laboratory",,
"07f481d3-96bb-42d4-a0fc-f8585599eb3c","BART_081.basePlot.all","D01","BART","BART_081","S2016NH003002","2016-05-17","16N04939","E","2016-11-01","Kellogg Soil Survey Laboratory Methods Manual, Soil Survey Investigations Report No. 42 Version 5.0, Issued 2014","Bulk Density, Compliant Cavity (3B3)","S2016NH003002-2","compliant cavity",11.0,9.0,13.0,,,0.68,,28.2,"USDA NRCS Kellogg Soil Survey Laboratory",,
"50e264cd-ad3b-4ed6-b659-de83ceebaf1c","BART_081.basePlot.all","D01","BART","BART_081","S2016NH003002","2016-05-17","16N04938","Oa","2016-11-01","Kellogg Soil Survey Laboratory Methods Manual, Soil Survey Investigations Report No. 42 Version 5.0, Issued 2014","Bulk Density, Compliant Cavity (3B3)","S2016NH003002-1","compliant cavity",4.5,0.0,9.0,,,0.15,,241.2,"USDA NRCS Kellogg Soil Survey Laboratory",,
"ee6a21a4-6415-4946-9ee3-7cf62bd0bc8d","BART_012.basePlot.all","D01","BART","BART_012","S2016NH003003","2016-05-19","16N04946","Bw1","2017-06-21","Kellogg Soil Survey Laboratory Methods Manual, Soil Survey Investigations Report No. 42 Version 5.0, Issued 2014","Bulk Density, Clods (3B1)","S2016NH003003-3","clod",18.0,7.0,29.0,1.57,1.58,,15.7,,"USDA NRCS Kellogg Soil Survey Laboratory",,
"747f8c78-74b9-4ae2-a9e7-6122104b71c0","BART_012.basePlot.all","D01","BART","BART_012","S2016NH003003","2016-05-19","16N04947","Bw2","2018-05-31","Kellogg Soil Survey Laboratory Methods Manual, Soil Survey Investigations Report No. 42 Version 5.0, Issued 2014","Bulk Density, Clods (3B1)","S2016NH003003-4","clod",40.5,29.0,52.0,,,,,,"USDA NRCS Kellogg Soil Survey Laboratory","Sample could not be analyzed.",
"e92fe444-5494-4bbc-9996-bd3214429236","BART_062.basePlot.all","D01","BART","BART_062","S2016NH003004","2016-05-23","16N04951","Bs1","2016-11-01","Kellogg Soil Survey Laboratory Methods Manual, Soil Survey Investigations Report No. 42 Version 5.0, Issued 2014","Bulk Density, Compliant Cavity (3B3)","S2016NH003004-3","compliant cavity",49.0,36.0,62.0,,,0.79,,44.4,"USDA NRCS Kellogg Soil Survey Laboratory",,
"a5323af9-3db4-4c75-a7fc-abe878ec5e89","BART_062.basePlot.all","D01","BART","BART_062","S2016NH003004","2016-05-23","16N04949","Oa","2016-11-01","Kellogg Soil Survey Laboratory Methods Manual, Soil Survey Investigations Report No. 42 Version 5.0, Issued 2014","Bulk Density, Compliant Cavity (3B3)","S2016NH003004-1","compliant cavity",6.5,0.0,13.0,,,0.29,,122.4,"USDA NRCS Kellogg Soil Survey Laboratory",,
"4645e92e-65dd-4b96-b2dd-5f46851fb8d5","BART_027.basePlot.all","D01","BART","BART_027","S2016NH003005","2016-05-31","16N04956","Bhs","2017-06-21","Kellogg Soil Survey Laboratory Methods Manual, Soil Survey Investigations Report No. 42 Version 5.0, Issued 2014","Bulk Density, Clods (3B1)","S2016NH003005-4","clod",41.0,35.0,47.0,1.11,1.15,,15.2,,"USDA NRCS Kellogg Soil Survey Laboratory",,
"9d144e1b-6112-43a3-96e9-b60777221ff2","BART_027.basePlot.all","D01","BART","BART_027","S2016NH003005","2016-05-31","16N04953","Oa1","2016-11-01","Kellogg Soil Survey Laboratory Methods Manual, Soil Survey Investigations Report No. 42 Version 5.0, Issued 2014","Bulk Density, Compliant Cavity (3B3)","S2016NH003005-1","compliant cavity",12.0,0.0,24.0,,,0.10,,177.0,"USDA NRCS Kellogg Soil Survey Laboratory",,
"583f6df9-be73-40b0-9793-b0b752512cef","BART_027.basePlot.all","D01","BART","BART_027","S2016NH003005","2016-05-31","16N04955","E","2017-06-21","Kellogg Soil Survey Laboratory Methods Manual, Soil Survey Investigations Report No. 42 Version 5.0, Issued 2014","Bulk Density, Clods (3B1)","S2016NH003005-3","clod",32.5,30.0,35.0,1.25,1.25,,12.6,,"USDA NRCS Kellogg Soil Survey Laboratory",,
"5cad3406-4fbb-4fb7-9df5-7834e099e88c","BART_027.basePlot.all","D01","BART","BART_027","S2016NH003005","2016-05-31","16N04957","BC","2017-06-21","Kellogg Soil Survey Laboratory Methods Manual, Soil Survey Investigations Report No. 42 Version 5.0, Issued 2014","Bulk Density, Clods (3B1)","S2016NH003005-5","clod",60.0,47.0,73.0,1.31,1.32,,8.7,,"USDA NRCS Kellogg Soil Survey Laboratory",,
