uid,namedLocation,domainID,siteID,plotID,pitID,collectDate,testProtocolVersion,nrcsDescriptionID,horizonID,horizonName,horizonTopDepth,horizonBottomDepth,remarks,dataQF
"d56ec70d-df99-49dd-828e-973ca047e6c5","BART_018.basePlot.all","D01","BART","BART_018","1091219","2016-05-11","Field Book for Describing and Sampling Soils ver3","S2016NH003001","16N04937","Cd",49,100,,
"179540b7-0a6a-45c6-b939-e69c32c77c78","BART_018.basePlot.all","D01","BART","BART_018","1091219","2016-05-11","Field Book for Describing and Sampling Soils ver3","S2016NH003001","16N04934","E/B",13,23,,
"c8d0fde0-06d4-4323-b1d3-408d98a2033b","BART_018.basePlot.all","D01","BART","BART_018","1091219","2016-05-11","Field Book for Describing and Sampling Soils ver3","S2016NH003001","16N04935","Bs1",23,33,,
"8c86686f-2f45-4d49-b696-223af8bfb567","BART_018.basePlot.all","D01","BART","BART_018","1091219","2016-05-11","Field Book for Describing and Sampling Soils ver3","S2016NH003001","16N04936","Bs2",33,49,"includes some buried O horizon",
"7487715c-d340-4e20-88a7-e9aa354bf668","BART_018.basePlot.all","D01","BART","BART_018","1091219","2016-05-11","Field Book for Describing and Sampling Soils ver3","S2016NH003001","16N04933","Oa",0,13,,
"c4f6d13f-7cbd-4c41-9614-6cf4d5792b56","BART_081.basePlot.all","D01","BART","BART_081","1091221","2016-05-17","Field Book for Describing and Sampling Soils ver3","S2016NH003002","16N04943","BC2",54,100,"at 100 cm there is a large root mass",
"56a9fe85-6e95-4be0-8e75-c550c546d86c","BART_081.basePlot.all","D01","BART","BART_081","1091221","2016-05-17","Field Book for Describing and Sampling Soils ver3","S2016NH003002","16N04938","Oa",0,9,,
"58c77915-87ea-432a-8183-6c753af5ed0c","BART_081.basePlot.all","D01","BART","BART_081","1091221","2016-05-17","Field Book for Describing and Sampling Soils ver3","S2016NH003002","16N04939","E",9,13,,
"3dec4ce3-8c11-4c8e-aab2-4bf8bdcde0ab","BART_081.basePlot.all","D01","BART","BART_081","1091221","2016-05-17","Field Book for Describing and Sampling Soils ver3","S2016NH003002","16N04942","BC1",27,54,,
"0809444a-7efb-432f-be7f-9de29478a357","BART_081.basePlot.all","D01","BART","BART_081","1091221","2016-05-17","Field Book for Describing and Sampling Soils ver3","S2016NH003002","16N04941","Bs",18,27,,
"ba217b1c-84eb-4904-9144-37a96c3eed77","BART_081.basePlot.all","D01","BART","BART_081","1091221","2016-05-17","Field Book for Describing and Sampling Soils ver3","S2016NH003002","16N04940","Bhs",13,18,"5% cemented",
"0cea3eb8-5158-47e4-ac17-a19ac7c704e8","BART_012.basePlot.all","D01","BART","BART_012","1091222","2016-05-19","Field Book for Describing and Sampling Soils ver3","S2016NH003003","16N04948","C",52,100,,
"736520dd-4241-4a2a-b348-2573365eea71","BART_012.basePlot.all","D01","BART","BART_012","1091222","2016-05-19","Field Book for Describing and Sampling Soils ver3","S2016NH003003","16N04944","Oa",0,3,,
"c7082b4e-9ec6-4e53-abd6-ed2ae5756cad","BART_012.basePlot.all","D01","BART","BART_012","1091222","2016-05-19","Field Book for Describing and Sampling Soils ver3","S2016NH003003","16N04946","Bw1",7,29,,
"1f38c4de-9830-4f95-be93-e4b703f8c00b","BART_012.basePlot.all","D01","BART","BART_012","1091222","2016-05-19","Field Book for Describing and Sampling Soils ver3","S2016NH003003","16N04945","A",3,7,,
"66d7c377-219f-48e2-9d64-b1e231a66fdf","BART_012.basePlot.all","D01","BART","BART_012","1091222","2016-05-19","Field Book for Describing and Sampling Soils ver3","S2016NH003003","16N04947","Bw2",29,52,,
"a94a0ecd-28da-4a9a-8e5f-9e60f40dc7c6","BART_062.basePlot.all","D01","BART","BART_062","1091223","2016-05-23","Field Book for Describing and Sampling Soils ver3","S2016NH003004","16N04951","Bs1",36,62,,
"85b80442-97d6-4588-a157-1a09bed187f3","BART_062.basePlot.all","D01","BART","BART_062","1091223","2016-05-23","Field Book for Describing and Sampling Soils ver3","S2016NH003004","16N04952","Bs2",62,100,,
"b9727d67-6c02-4911-b24a-ba56ac9c513a","BART_062.basePlot.all","D01","BART","BART_062","1091223","2016-05-23","Field Book for Describing and Sampling Soils ver3","S2016NH003004","16N04949","Oa",0,13,,
"ca5a0980-ffe6-4e90-9b9f-8f6deedca9cf","BART_062.basePlot.all","D01","BART","BART_062","1091223","2016-05-23","Field Book for Describing and Sampling Soils ver3","S2016NH003004","16N04950","E",13,36,,
"7c8e24f2-5c32-4fef-8b28-630eb809ef66","BART_027.basePlot.all","D01","BART","BART_027","1091224","2016-05-31","Field Book for Describing and Sampling Soils ver3","S2016NH003005","16N04957","BC",47,73,,
"74ac114a-4dfb-4bb1-be47-e44d8ad88fab","BART_027.basePlot.all","D01","BART","BART_027","1091224","2016-05-31","Field Book for Describing and Sampling Soils ver3","S2016NH003005","16N04955","E",30,35,,
"1f034ca8-e4be-4315-822e-caaf91082ab4","BART_027.basePlot.all","D01","BART","BART_027","1091224","2016-05-31","Field Book for Describing and Sampling Soils ver3","S2016NH003005","16N04958","C",73,100,"consistence is firm in place but friable in hand",
"18ff696e-3303-4449-a197-0ecb2a6ad6dc","BART_027.basePlot.all","D01","BART","BART_027","1091224","2016-05-31","Field Book for Describing and Sampling Soils ver3","S2016NH003005","16N04954","Oa2",24,30,,
"9076ecf6-15a3-44c2-aa40-85b76ad9797d","BART_027.basePlot.all","D01","BART","BART_027","1091224","2016-05-31","Field Book for Describing and Sampling Soils ver3","S2016NH003005","16N04953","Oa1",0,24,"decomposed log makes up 10% of horizon",
"a203fc06-c104-4062-9707-b8bd729ccb86","BART_027.basePlot.all","D01","BART","BART_027","1091224","2016-05-31","Field Book for Describing and Sampling Soils ver3","S2016NH003005","16N04956","Bhs",35,47,"30% cemented",
