uid,domainID,siteID,plotID,namedLocation,plotType,nlcdClass,geodeticDatum,decimalLatitude,decimalLongitude,coordinateUncertainty,elevation,elevationUncertainty,collectDate,referenceCorner,sampleDistance,sampleBearing,pitID,testProtocolVersion,soilSamplingMethod,sampleRelativeLocation,pitDepth,recordedByA,soilProfileDescriberA,soilProfileDescriberInst,nrcsDescriptionID,soilSeries,soilFamily,soilSubgroup,soilGreatGroup,soilSuborder,soilOrder,remarks,dataQF
"6faf4b09-6804-41fc-b9a7-c3041b84d0c7","D01","BART","BART_018","BART_018.basePlot.all","distributed","mixedForest","WGS84",44.058473,-71.277866,20.2,314.9,0.5,"2016-05-11","NW40",0.7,140,"1091219","Field Book for Describing and Sampling Soils ver3","soil pit","Center of pit",100,"ZMAzjxpsatlP5Z3MpTDKhQ==","ZMAzjxpsatlP5Z3MpTDKhQ==","Natural Resource Conservation Service","S2016NH003001","Wilmington","Loamy, isotic, frigid, shallow Typic Endoaquods","typic endoaquods","endoaquods","aquods","spodosols","pit;BART;20160511;BART_018;Roger DeKett Jessica Philippe Martha Stuart;7.2;140;40x40 NW marker;center of pit",
"d2456650-0bee-4314-ad4b-dac5e9f04e0b","D01","BART","BART_081","BART_081.basePlot.all","distributed","mixedForest","WGS84",44.060682,-71.262947,20.2,411.5,0.2,"2016-05-17","SW40",1.7,43,"1091221","Field Book for Describing and Sampling Soils ver3","soil pit","Center of pit",100,"ZMAzjxpsatlP5Z3MpTDKhQ==","ZMAzjxpsatlP5Z3MpTDKhQ==","Natural Resource Conservation Service","S2016NH003002","Adirondack","Coarse-loamy, isotic, frigid Aquic Haplorthods","aquic haplorthods","haplorthods","orthods","spodosols","pit;BART;20160517;BART_081;Roger DeKett Martha Stuart;17.1;043;40x40 SW marker;center of pit",
"1fe8672f-f6aa-4342-a814-d219bfe3107a","D01","BART","BART_012","BART_012.basePlot.all","distributed","deciduousForest","WGS84",44.046097,-71.316312,20.3,556.9,0.4,"2016-05-19","NW40",1.1,115,"1091222","Field Book for Describing and Sampling Soils ver3","soil pit","Center of pit",100,"ZMAzjxpsatlP5Z3MpTDKhQ==","ZMAzjxpsatlP5Z3MpTDKhQ==","Natural Resource Conservation Service","S2016NH003003","Danforth","Loamy-skeletal, mixed, active, frigid Typic Dystrudepts","typic dystrudepts","dystrudepts","udepts","inceptisols","pit;BART;20160519;BART_012;Roger DeKett Martha Stuart;11.0;115;40x40 NW marker;center of pit",
"92cb033e-9af4-4dbb-9d49-d247c4af1b8b","D01","BART","BART_062","BART_062.basePlot.all","distributed","deciduousForest","WGS84",44.057361,-71.305891,20.3,391.8,0.3,"2016-05-23","SW20",0.9,284,"1091223","Field Book for Describing and Sampling Soils ver3","soil pit","Center of pit",100,"khnyfeTHrVrnoE60k+Xq+OCoadk+UCyh","khnyfeTHrVrnoE60k+Xq+OCoadk+UCyh","Natural Resource Conservation Service","S2016NH003004","Monadnock or Berkshire","Frigid Typic Haplorthods","typic haplorthods","haplorthods","orthods","spodosols","pit;BART;20160523;BART_062;Jessica Philippe Martha Stuart;9.2;284;20x20 SW marker;center of pit",
"2d8c4a4a-6e1a-4373-bf6d-c297d80040da","D01","BART","BART_027","BART_027.basePlot.all","distributed","evergreenForest","WGS84",44.057941,-71.261742,20.2,425.1,0.3,"2016-05-31","SW40",1.3,10,"1091224","Field Book for Describing and Sampling Soils ver3","soil pit","Center of pit",100,"ZMAzjxpsatlP5Z3MpTDKhQ==","ZMAzjxpsatlP5Z3MpTDKhQ==","Natural Resource Conservation Service","S2016NH003005","Danforth","Loamy-skeletal, isotic, frigid Typic Haplorthods","typic haplorthods","haplorthods","orthods","spodosols","pit;BART;20160531;BART_027;Roger DeKett Jessica Philippe Martha Stuart;12.7;010;40x40 SW marker;center of pit",
