uid,namedLocation,domainID,siteID,plotID,nrcsDescriptionID,collectDate,horizonID,horizonName,biogeoIDnrcs,biogeoSampleType,biogeoTopDepth,biogeoBottomDepth,biogeoCenterDepth,particleSizeDistProcessedDate,particleSizeDistMethodPub,particleSizeDistMethod,coarseFrag2To5,coarseFrag5To20,sandTotal,siltTotal,clayTotal,carbonateClay,clayFineContent,siltFineContent,siltCoarseContent,sandVeryFineContent,sandFineContent,sandMediumContent,sandCoarseContent,sandVeryCoarseContent,laboratoryName,dataQF
"f3f4a13c-b256-4d3e-9959-52fcf0eb49ae","OAES_020.basePlot.all","D11","OAES","OAES_020","S2016OK149020","2016-01-25","16N02152","Bw/Cr","S2016OK149020-2","bulk",7.0,18.0,12.5,"2016-06-29","Kellogg Soil Survey Laboratory Methods Manual, Soil Survey Investigations Report No. 42 Version 5.0, Issued 2014","Routine Particle Size Distribution (3A1a1a)",324.0,429.4,16.5,67.1,16.4,1.3,,32.8,34.3,8.0,1.4,2.1,3.7,1.3,"USDA NRCS Kellogg Soil Survey Laboratory",
"aaf0fa9e-1321-4d6e-a2a1-112ca53a2753","OAES_020.basePlot.all","D11","OAES","OAES_020","S2016OK149020","2016-01-25","16N02153","Cr","S2016OK149020-3","bulk",18.0,30.0,24.0,"2016-06-29","Kellogg Soil Survey Laboratory Methods Manual, Soil Survey Investigations Report No. 42 Version 5.0, Issued 2014","Routine Particle Size Distribution (3A1a1a)",115.4,767.0,22.1,57.8,20.1,3.6,,35.2,22.6,5.3,3.0,5.4,6.7,1.7,"USDA NRCS Kellogg Soil Survey Laboratory",
"d8debc9d-9a87-48ab-8ad1-485308b536c0","OAES_020.basePlot.all","D11","OAES","OAES_020","S2016OK149020","2016-01-25","16N02151","A","S2016OK149020-1","bulk",0.0,7.0,3.5,"2016-06-29","Kellogg Soil Survey Laboratory Methods Manual, Soil Survey Investigations Report No. 42 Version 5.0, Issued 2014","Routine Particle Size Distribution (3A1a1a)",186.9,117.4,13.7,72.4,13.9,0.0,,27.5,44.9,10.0,1.2,1.5,0.9,0.1,"USDA NRCS Kellogg Soil Survey Laboratory",
"e6993c4d-630f-43c5-8255-de3f11dd6004","OAES_014.basePlot.all","D11","OAES","OAES_014","S2016OK149014","2016-01-26","16N02143","Bw2","S2016OK149014-3","bulk",55.0,84.0,69.5,"2016-06-29","Kellogg Soil Survey Laboratory Methods Manual, Soil Survey Investigations Report No. 42 Version 5.0, Issued 2014","Routine Particle Size Distribution (3A1a1a)",0.0,19.7,15.3,71.5,13.2,0.0,,32.7,38.8,9.9,2.0,1.4,1.5,0.5,"USDA NRCS Kellogg Soil Survey Laboratory",
"7b9e28ba-fe23-4bb2-ba1c-550e9d9f650a","OAES_014.basePlot.all","D11","OAES","OAES_014","S2016OK149014","2016-01-26","16N02142","Bw1","S2016OK149014-2","bulk",28.0,55.0,41.5,"2016-06-29","Kellogg Soil Survey Laboratory Methods Manual, Soil Survey Investigations Report No. 42 Version 5.0, Issued 2014","Routine Particle Size Distribution (3A1a1a)",0.8,18.7,15.2,70.3,14.5,0.0,,31.3,39.0,9.5,2.4,1.6,1.3,0.4,"USDA NRCS Kellogg Soil Survey Laboratory",
"11712e46-6447-4273-8c3c-dcfebcc4eb29","OAES_014.basePlot.all","D11","OAES","OAES_014","S2016OK149014","2016-01-26","16N02141","A","S2016OK149014-1","bulk",0.0,28.0,14.0,"2016-06-29","Kellogg Soil Survey Laboratory Methods Manual, Soil Survey Investigations Report No. 42 Version 5.0, Issued 2014","Routine Particle Size Distribution (3A1a1a)",38.6,4.0,11.8,71.9,16.3,0.0,,32.0,39.9,7.7,1.6,1.8,0.5,0.2,"USDA NRCS Kellogg Soil Survey Laboratory",
"fb0007a9-d4e3-4d6d-a399-40f24ad39671","OAES_004.basePlot.all","D11","OAES","OAES_004","S2016OK149004","2016-01-27","16N02129","Bw2","S2016OK149004-4","bulk",65.0,100.0,82.5,"2016-06-26","Kellogg Soil Survey Laboratory Methods Manual, Soil Survey Investigations Report No. 42 Version 5.0, Issued 2014","Routine Particle Size Distribution (3A1a1a)",0.0,0.0,20.2,51.5,28.3,0.0,,24.1,27.4,17.0,2.4,0.5,0.3,0.0,"USDA NRCS Kellogg Soil Survey Laboratory",
"b5e52f41-d33e-4241-998a-3d109b75d385","OAES_012.basePlot.all","D11","OAES","OAES_012","S2016OK149012","2016-01-27","16N02139","A","S2016OK149012-1","bulk",0.0,6.0,3.0,"2016-06-29","Kellogg Soil Survey Laboratory Methods Manual, Soil Survey Investigations Report No. 42 Version 5.0, Issued 2014","Routine Particle Size Distribution (3A1a1a)",36.3,17.1,14.3,70.0,15.7,1.6,,30.3,39.7,10.6,1.5,0.9,1.2,0.1,"USDA NRCS Kellogg Soil Survey Laboratory",
"0c90fd0a-72d5-40be-a8e8-4f7a6dda0d4b","OAES_010.basePlot.all","D11","OAES","OAES_010","S2016OK149010","2016-01-27","16N02136","BA","S2016OK149010-2","bulk",18.0,38.0,28.0,"2016-06-29","Kellogg Soil Survey Laboratory Methods Manual, Soil Survey Investigations Report No. 42 Version 5.0, Issued 2014","Routine Particle Size Distribution (3A1a1a)",0.0,0.0,10.6,68.9,20.5,0.0,,28.2,40.7,9.2,0.9,0.3,0.2,0.0,"USDA NRCS Kellogg Soil Survey Laboratory",
"06117663-2998-4161-9997-b49c9216da93","OAES_004.basePlot.all","D11","OAES","OAES_004","S2016OK149004","2016-01-27","16N02128","Bw1","S2016OK149004-3","bulk",38.0,65.0,51.5,"2016-06-26","Kellogg Soil Survey Laboratory Methods Manual, Soil Survey Investigations Report No. 42 Version 5.0, Issued 2014","Routine Particle Size Distribution (3A1a1a)",0.0,0.0,16.9,53.7,29.4,0.0,,24.3,29.4,14.6,1.9,0.3,0.1,0.0,"USDA NRCS Kellogg Soil Survey Laboratory",
"c147ec10-df7a-458a-8e1a-83e5a2169f03","OAES_003.basePlot.all","D11","OAES","OAES_003","S2016OK149003","2016-01-27","16N02125","A","S2016OK149003-1","bulk",0.0,10.0,5.0,"2016-06-26","Kellogg Soil Survey Laboratory Methods Manual, Soil Survey Investigations Report No. 42 Version 5.0, Issued 2014","Routine Particle Size Distribution (3A1a1a)",26.8,42.1,26.0,57.0,17.0,0.0,,17.5,39.5,20.3,2.1,1.9,1.5,0.2,"USDA NRCS Kellogg Soil Survey Laboratory",
"51e044e3-bd46-4825-93fb-753ddac8ff7f","OAES_004.basePlot.all","D11","OAES","OAES_004","S2016OK149004","2016-01-27","16N02126","A","S2016OK149004-1","bulk",0.0,18.0,9.0,"2016-06-26","Kellogg Soil Survey Laboratory Methods Manual, Soil Survey Investigations Report No. 42 Version 5.0, Issued 2014","Routine Particle Size Distribution (3A1a1a)",0.0,0.0,11.3,55.1,33.6,0.0,,28.3,26.8,9.4,1.4,0.3,0.1,0.1,"USDA NRCS Kellogg Soil Survey Laboratory",
"7295939b-1fae-4ac1-8235-a46287687d9c","OAES_010.basePlot.all","D11","OAES","OAES_010","S2016OK149010","2016-01-27","16N02137","Bw1","S2016OK149010-3","bulk",38.0,68.0,53.0,"2016-06-29","Kellogg Soil Survey Laboratory Methods Manual, Soil Survey Investigations Report No. 42 Version 5.0, Issued 2014","Routine Particle Size Distribution (3A1a1a)",0.0,0.0,11.5,68.0,20.5,0.0,,29.9,38.1,9.3,1.4,0.4,0.4,0.0,"USDA NRCS Kellogg Soil Survey Laboratory",
"216b61ee-1bda-4917-90f9-19a033426f99","OAES_004.basePlot.all","D11","OAES","OAES_004","S2016OK149004","2016-01-27","16N02127","BA","S2016OK149004-2","bulk",18.0,38.0,28.0,"2016-06-26","Kellogg Soil Survey Laboratory Methods Manual, Soil Survey Investigations Report No. 42 Version 5.0, Issued 2014","Routine Particle Size Distribution (3A1a1a)",0.0,0.0,10.1,55.5,34.4,0.0,,30.2,25.3,8.6,1.1,0.3,0.1,0.0,"USDA NRCS Kellogg Soil Survey Laboratory",
"2fa87254-c49c-4e52-a2a5-6ed7c564b672","OAES_010.basePlot.all","D11","OAES","OAES_010","S2016OK149010","2016-01-27","16N02138","Bw2","S2016OK149010-4","bulk",68.0,100.0,84.0,"2016-06-29","Kellogg Soil Survey Laboratory Methods Manual, Soil Survey Investigations Report No. 42 Version 5.0, Issued 2014","Routine Particle Size Distribution (3A1a1a)",0.0,0.0,11.0,69.7,19.3,1.5,,34.1,35.6,8.1,1.6,0.6,0.6,0.1,"USDA NRCS Kellogg Soil Survey Laboratory",
"b87095d0-4dfd-4848-a4b0-3e749b996ef5","OAES_010.basePlot.all","D11","OAES","OAES_010","S2016OK149010","2016-01-27","16N02135","A","S2016OK149010-1","bulk",0.0,18.0,9.0,"2016-06-29","Kellogg Soil Survey Laboratory Methods Manual, Soil Survey Investigations Report No. 42 Version 5.0, Issued 2014","Routine Particle Size Distribution (3A1a1a)",0.0,3.2,8.7,69.6,21.7,0.0,,29.7,39.9,7.7,0.7,0.1,0.1,0.1,"USDA NRCS Kellogg Soil Survey Laboratory",
"f99b7523-eb01-4d61-a470-0e7e45242eb9","OAES_012.basePlot.all","D11","OAES","OAES_012","S2016OK149012","2016-01-27","16N02140","Bw","S2016OK149012-2","bulk",6.0,17.0,11.5,"2016-06-29","Kellogg Soil Survey Laboratory Methods Manual, Soil Survey Investigations Report No. 42 Version 5.0, Issued 2014","Routine Particle Size Distribution (3A1a1a)",100.5,70.6,19.0,64.3,16.7,1.2,,32.8,31.5,11.2,3.2,2.0,1.7,0.9,"USDA NRCS Kellogg Soil Survey Laboratory",
"0d6762a2-9a4a-456f-86ac-1cd0eb38fae8","OAES_025.basePlot.all","D11","OAES","OAES_025","S2016OK149025","2016-01-28","16N02154","A","S2016OK149025-1","bulk",0.0,21.0,10.5,"2016-06-29","Kellogg Soil Survey Laboratory Methods Manual, Soil Survey Investigations Report No. 42 Version 5.0, Issued 2014","Routine Particle Size Distribution (3A1a1a)",16.5,0.5,12.4,69.3,18.3,0.0,,32.4,36.9,9.8,1.5,0.7,0.4,0.0,"USDA NRCS Kellogg Soil Survey Laboratory",
"c305d10d-a5e2-43f2-9bc9-30484510e0d7","OAES_029.basePlot.all","D11","OAES","OAES_029","S2016OK149029","2016-01-28","16N02157","Bw","S2016OK149029-2","bulk",16.0,42.0,29.0,"2016-07-01","Kellogg Soil Survey Laboratory Methods Manual, Soil Survey Investigations Report No. 42 Version 5.0, Issued 2014","Routine Particle Size Distribution (3A1a1a)",214.8,89.7,14.0,70.5,15.5,2.1,,39.2,31.3,7.8,2.6,2.0,1.4,0.2,"USDA NRCS Kellogg Soil Survey Laboratory",
"5e9a862d-09de-4b7b-bcd6-261b600e5fce","OAES_025.basePlot.all","D11","OAES","OAES_025","S2016OK149025","2016-01-28","16N02155","Cr","S2016OK149025-2","bulk",21.0,37.0,29.0,"2016-06-29","Kellogg Soil Survey Laboratory Methods Manual, Soil Survey Investigations Report No. 42 Version 5.0, Issued 2014","Routine Particle Size Distribution (3A1a1a)",533.4,208.4,17.0,70.7,12.3,0.0,,36.3,34.4,9.7,3.0,2.4,1.4,0.5,"USDA NRCS Kellogg Soil Survey Laboratory",
"c033e981-1e85-4642-968e-2cbe1e51e843","OAES_015.basePlot.all","D11","OAES","OAES_015","S2016OK149015","2016-01-28","16N02146","Cr","S2016OK149015-3","bulk",46.0,58.0,52.0,"2016-06-29","Kellogg Soil Survey Laboratory Methods Manual, Soil Survey Investigations Report No. 42 Version 5.0, Issued 2014","Routine Particle Size Distribution (3A1a1a)",111.8,736.9,15.0,72.4,12.6,2.4,,35.3,37.1,10.2,2.8,0.8,1.0,0.2,"USDA NRCS Kellogg Soil Survey Laboratory",
"b4adff42-e890-4de6-8a39-0b3fb876182b","OAES_029.basePlot.all","D11","OAES","OAES_029","S2016OK149029","2016-01-28","16N02158","Bw/Cr","S2016OK149029-3","bulk",42.0,58.0,50.0,"2016-07-01","Kellogg Soil Survey Laboratory Methods Manual, Soil Survey Investigations Report No. 42 Version 5.0, Issued 2014","Routine Particle Size Distribution (3A1a1a)",176.5,91.5,13.0,73.0,14.0,2.3,,41.7,31.3,6.7,2.4,2.1,1.2,0.6,"USDA NRCS Kellogg Soil Survey Laboratory",
"73bfb7ab-90e3-4621-8bd5-0b88ac2be1c2","OAES_002.basePlot.all","D11","OAES","OAES_002","S2016OK149002","2016-01-28","16N02123","A","S2016OK149002-1","bulk",0.0,11.0,5.5,"2016-06-26","Kellogg Soil Survey Laboratory Methods Manual, Soil Survey Investigations Report No. 42 Version 5.0, Issued 2014","Routine Particle Size Distribution (3A1a1a)",43.0,0.0,11.3,68.7,20.0,0.0,,27.5,41.2,8.7,1.3,0.6,0.6,0.1,"USDA NRCS Kellogg Soil Survey Laboratory",
"9af8d42d-74e1-4468-8a4d-3f78e47a6263","OAES_029.basePlot.all","D11","OAES","OAES_029","S2016OK149029","2016-01-28","16N02159","Cr","S2016OK149029-4","bulk",58.0,79.0,68.5,"2016-07-01","Kellogg Soil Survey Laboratory Methods Manual, Soil Survey Investigations Report No. 42 Version 5.0, Issued 2014","Routine Particle Size Distribution (3A1a1a)",235.4,87.8,14.2,71.3,14.5,1.5,,42.4,28.9,7.0,2.1,2.6,1.9,0.6,"USDA NRCS Kellogg Soil Survey Laboratory",
"84d758e5-4681-4663-8fe6-8420439becc5","OAES_015.basePlot.all","D11","OAES","OAES_015","S2016OK149015","2016-01-28","16N02144","A","S2016OK149015-1","bulk",0.0,20.0,10.0,"2016-06-29","Kellogg Soil Survey Laboratory Methods Manual, Soil Survey Investigations Report No. 42 Version 5.0, Issued 2014","Routine Particle Size Distribution (3A1a1a)",0.0,65.3,17.7,67.5,14.8,0.0,,29.1,38.4,13.9,1.9,0.9,0.8,0.2,"USDA NRCS Kellogg Soil Survey Laboratory",
"bc0a7856-c8cb-42b3-9a74-7e4e7a6da4fa","OAES_007.basePlot.all","D11","OAES","OAES_007","S2016OK149007","2016-01-28","16N02133","A","S2016OK149007-1","bulk",0.0,15.0,7.5,"2016-06-26","Kellogg Soil Survey Laboratory Methods Manual, Soil Survey Investigations Report No. 42 Version 5.0, Issued 2014","Routine Particle Size Distribution (3A1a1a)",95.9,9.0,17.0,65.2,17.8,0.0,,35.3,29.9,11.0,2.7,1.3,1.6,0.4,"USDA NRCS Kellogg Soil Survey Laboratory",
"31750417-dcb5-4200-9afa-ac6833595433","OAES_002.basePlot.all","D11","OAES","OAES_002","S2016OK149002","2016-01-28","16N02124","Bw","S2016OK149002-2","bulk",11.0,26.0,18.5,"2016-06-26","Kellogg Soil Survey Laboratory Methods Manual, Soil Survey Investigations Report No. 42 Version 5.0, Issued 2014","Routine Particle Size Distribution (3A1a1a)",118.5,35.4,14.9,66.8,18.3,0.0,,30.6,36.2,9.0,1.8,1.4,1.5,1.2,"USDA NRCS Kellogg Soil Survey Laboratory",
"46c7b8df-7de6-4ebc-86ee-b752bbd486ae","OAES_015.basePlot.all","D11","OAES","OAES_015","S2016OK149015","2016-01-28","16N02145","Bw","S2016OK149015-2","bulk",20.0,46.0,33.0,"2016-06-29","Kellogg Soil Survey Laboratory Methods Manual, Soil Survey Investigations Report No. 42 Version 5.0, Issued 2014","Routine Particle Size Distribution (3A1a1a)",121.0,17.6,16.8,67.0,16.2,0.0,,27.2,39.8,12.9,1.9,0.9,0.8,0.3,"USDA NRCS Kellogg Soil Survey Laboratory",
"4677a0f0-c523-4503-b5ab-cc183b5b5313","OAES_007.basePlot.all","D11","OAES","OAES_007","S2016OK149007","2016-01-28","16N02134","Cr","S2016OK149007-2","bulk",15.0,30.0,22.5,"2016-06-29","Kellogg Soil Survey Laboratory Methods Manual, Soil Survey Investigations Report No. 42 Version 5.0, Issued 2014","Routine Particle Size Distribution (3A1a1a)",160.3,701.5,13.1,65.3,21.6,1.8,,52.1,13.2,2.4,2.0,4.5,2.8,1.4,"USDA NRCS Kellogg Soil Survey Laboratory",
"773f9e7c-6921-493d-b10f-4581a398532a","OAES_029.basePlot.all","D11","OAES","OAES_029","S2016OK149029","2016-01-28","16N02156","A","S2016OK149029-1","bulk",0.0,16.0,8.0,"2016-06-29","Kellogg Soil Survey Laboratory Methods Manual, Soil Survey Investigations Report No. 42 Version 5.0, Issued 2014","Routine Particle Size Distribution (3A1a1a)",57.5,18.8,16.9,66.8,16.3,0.0,,29.1,37.7,13.1,2.5,0.7,0.4,0.2,"USDA NRCS Kellogg Soil Survey Laboratory",
