uid,domainID,siteID,plotID,namedLocation,plotType,nlcdClass,geodeticDatum,decimalLatitude,decimalLongitude,coordinateUncertainty,elevation,elevationUncertainty,collectDate,referenceCorner,sampleDistance,sampleBearing,pitID,testProtocolVersion,soilSamplingMethod,sampleRelativeLocation,pitDepth,recordedByA,soilProfileDescriberA,soilProfileDescriberInst,nrcsDescriptionID,soilSeries,soilFamily,soilSubgroup,soilGreatGroup,soilSuborder,soilOrder,remarks,dataQF
"395e04af-f973-47da-9eff-0c17beec6a8a","D11","OAES","OAES_020","OAES_020.basePlot.all","distributed","grasslandHerbaceous","WGS84",35.401617,-99.056250,20.1,513.8,0.1,"2016-01-25","SW40",1.9,160,"1165602","Field Book for Describing and Sampling Soils ver3","soil pit","Center marker",200,"YUP4yULhrfJ0PUALwDe9Wg==","YUP4yULhrfJ0PUALwDe9Wg==","Natural Resource Conservation Service","S2016OK149020","Cordell","Loamy, mixed, active, thermic Lithic Haplustepts","lithic haplustepts","haplustepts","ustepts","inceptisols","19.0;160; 40X40 center marker",
"a864b1d6-9feb-411b-bf0d-d025c88735c6","D11","OAES","OAES_014","OAES_014.basePlot.all","distributed","grasslandHerbaceous","WGS84",35.399702,-99.057894,20.1,507.9,0.1,"2016-01-26","SW40",1.6,260,"1165608","Field Book for Describing and Sampling Soils ver3","soil pit","Center marker",200,"YUP4yULhrfJ0PUALwDe9Wg==","YUP4yULhrfJ0PUALwDe9Wg==","Natural Resource Conservation Service","S2016OK149014","Obaro","Fine-silty, mixed, superactive, thermic Typic Haplustepts","typic haplustepts","haplustepts","ustepts","inceptisols","16.0;260; 40X40 center marker",
"25edfc32-35da-4ffb-a9a6-e6d4987432fa","D11","OAES","OAES_010","OAES_010.basePlot.all","distributed","grasslandHerbaceous","WGS84",35.399175,-99.060560,20.1,498.2,0.1,"2016-01-27","SW40",1.8,130,"1165606","Field Book for Describing and Sampling Soils ver3","soil pit","Center marker",100,"YUP4yULhrfJ0PUALwDe9Wg==","YUP4yULhrfJ0PUALwDe9Wg==","Natural Resource Conservation Service","S2016OK149010","Obaro","Fine-silty, mixed, superactive, thermic Typic Haplustepts","typic haplustepts","haplustepts","ustepts","inceptisols","18.1;130; 40X40 center marker",
"4a60a9db-205d-4d79-9371-22449b836ccf","D11","OAES","OAES_003","OAES_003.basePlot.all","distributed","grasslandHerbaceous","WGS84",35.412139,-99.069792,20.1,510.5,0.1,"2016-01-27","SW40",1.8,50,"1165599","Field Book for Describing and Sampling Soils ver3","soil pit","Center marker",200,"YUP4yULhrfJ0PUALwDe9Wg==","YUP4yULhrfJ0PUALwDe9Wg==","Natural Resource Conservation Service","S2016OK149003","Cordell-LIKE","Loamy, mixed, active, thermic Lithic Ustorthents","lithic ustorthents","ustorthents","orthents","entisols","17.5;50; 40X40 center marker",
"1b32b929-a80f-49f7-9c46-b4307756827a","D11","OAES","OAES_004","OAES_004.basePlot.all","distributed","grasslandHerbaceous","WGS84",35.412130,-99.085338,20.1,507.5,0.1,"2016-01-27","SW40",1.7,40,"1165605","Field Book for Describing and Sampling Soils ver3","soil pit","Center marker",100,"YUP4yULhrfJ0PUALwDe9Wg==","YUP4yULhrfJ0PUALwDe9Wg==","Natural Resource Conservation Service","S2016OK149004","Obaro","Fine-silty, mixed, superactive, thermic Typic Haplustepts","typic haplustepts","haplustepts","ustepts","inceptisols","17.2;40; 40X40 center marker",
"1f62aa64-ebdc-45b9-adb7-893d2b3434ff","D11","OAES","OAES_012","OAES_012.basePlot.all","distributed","grasslandHerbaceous","WGS84",35.402943,-99.064829,20.3,507.4,0.7,"2016-01-27","SW40",1.6,150,"1165607","Field Book for Describing and Sampling Soils ver3","soil pit","Center marker",200,"YUP4yULhrfJ0PUALwDe9Wg==","YUP4yULhrfJ0PUALwDe9Wg==","Natural Resource Conservation Service","S2016OK149012","Cordell","Loamy, mixed, active, thermic Lithic Haplustepts","lithic haplustepts","haplustepts","ustepts","inceptisols","16.4;150; 40X40 center marker",
"29c2a1d6-3a6a-43b0-bfe7-b504abaef533","D11","OAES","OAES_015","OAES_015.basePlot.all","distributed","grasslandHerbaceous","WGS84",35.421331,-99.052968,20.1,520.5,0.2,"2016-01-28","SW40",1.7,150,"1165595","Field Book for Describing and Sampling Soils ver3","soil pit","Center marker",200,"YUP4yULhrfJ0PUALwDe9Wg==","YUP4yULhrfJ0PUALwDe9Wg==","Natural Resource Conservation Service","S2016OK149015","Cordell-like","Loamy, mixed, active, thermic Typic Haplustepts","typic haplustepts","haplustepts","ustepts","inceptisols","17.0;150; 40X40 center marker",
"f71d22e4-8645-4644-b3f2-62edc95ce6db","D11","OAES","OAES_002","OAES_002.basePlot.all","distributed","grasslandHerbaceous","WGS84",35.419716,-99.052304,20.1,521.6,0.1,"2016-01-28","SW40",1.6,320,"1165596","Field Book for Describing and Sampling Soils ver3","soil pit","Center marker",200,"YUP4yULhrfJ0PUALwDe9Wg==","YUP4yULhrfJ0PUALwDe9Wg==","Natural Resource Conservation Service","S2016OK149002","Cordell","Loamy, mixed, active, thermic Lithic Haplustepts","lithic haplustepts","haplustepts","ustepts","inceptisols","15.8;320; 40X40 center marker",
"d7602540-e277-4e15-aa02-316b8998acc7","D11","OAES","OAES_029","OAES_029.basePlot.all","distributed","shrubScrub","WGS84",35.415640,-99.049970,20.1,512.1,0.1,"2016-01-28","SW40",1.8,120,"1165598","Field Book for Describing and Sampling Soils ver3","soil pit","Center marker",200,"YUP4yULhrfJ0PUALwDe9Wg==","YUP4yULhrfJ0PUALwDe9Wg==","Natural Resource Conservation Service","S2016OK149029","Obaro","Fine-silty, mixed, superactive, thermic Typic Haplustepts","typic haplustepts","haplustepts","ustepts","inceptisols","18.0;120; 40X40 center marker",
"1be5e587-2b91-4f6d-8d0b-96276291e954","D11","OAES","OAES_025","OAES_025.basePlot.all","distributed","shrubScrub","WGS84",35.418916,-99.047009,20.1,510.1,0.1,"2016-01-28","SW40",1.8,260,"1165597","Field Book for Describing and Sampling Soils ver3","soil pit","Center marker",200,"YUP4yULhrfJ0PUALwDe9Wg==","YUP4yULhrfJ0PUALwDe9Wg==","Natural Resource Conservation Service","S2016OK149025","Cordell-LIKE","Loamy, mixed, active, thermic Lithic Ustorthents","lithic ustorthents","ustorthents","orthents","entisols","17.5;260; 40X40 center marker",
"e68d55b5-70b7-41f7-b30a-c7f3a32e4b49","D11","OAES","OAES_007","OAES_007.basePlot.all","distributed","shrubScrub","WGS84",35.419991,-99.057264,20.2,519.4,0.5,"2016-01-28","SW40",1.9,260,"1165594","Field Book for Describing and Sampling Soils ver3","soil pit","Center marker",200,"YUP4yULhrfJ0PUALwDe9Wg==","YUP4yULhrfJ0PUALwDe9Wg==","Natural Resource Conservation Service","S2016OK149007","Cordell-like","Loamy, mixed, active, thermic Lithic Ustorthents","lithic ustorthents","ustorthents","orthents","entisols","19.0;260; 40X40 center marker",
