uid,namedLocation,domainID,siteID,plotID,pitID,collectDate,testProtocolVersion,nrcsDescriptionID,horizonID,horizonName,horizonTopDepth,horizonBottomDepth,remarks,dataQF
"10596f4b-2071-4daa-8b28-9a4589c52fda","OAES_020.basePlot.all","D11","OAES","OAES_020","1165602","2016-01-25","Field Book for Describing and Sampling Soils ver3","S2016OK149020","16N02152","Bw/Cr",7,18,,
"f321117c-70e6-442e-babb-68e2a1dbbb1f","OAES_020.basePlot.all","D11","OAES","OAES_020","1165602","2016-01-25","Field Book for Describing and Sampling Soils ver3","S2016OK149020","5763707","R",30,200,,
"11b79617-cb3c-4f22-889e-4230493f724c","OAES_020.basePlot.all","D11","OAES","OAES_020","1165602","2016-01-25","Field Book for Describing and Sampling Soils ver3","S2016OK149020","16N02153","Cr",18,30,,
"da407c49-90d0-4a4d-a485-ba144bad14bb","OAES_020.basePlot.all","D11","OAES","OAES_020","1165602","2016-01-25","Field Book for Describing and Sampling Soils ver3","S2016OK149020","16N02151","A",0,7,,
"1c9638e4-c253-4827-a982-81c9c8b66945","OAES_014.basePlot.all","D11","OAES","OAES_014","1165608","2016-01-26","Field Book for Describing and Sampling Soils ver3","S2016OK149014","16N02141","A",0,28,,
"8977a2a5-7987-41e2-b1b5-ddd1d6ea354f","OAES_014.basePlot.all","D11","OAES","OAES_014","1165608","2016-01-26","Field Book for Describing and Sampling Soils ver3","S2016OK149014","5763729","R",84,200,,
"6a7ed629-db9e-40e3-8943-77f4c5a2d29f","OAES_014.basePlot.all","D11","OAES","OAES_014","1165608","2016-01-26","Field Book for Describing and Sampling Soils ver3","S2016OK149014","16N02142","Bw1",28,55,,
"d651358d-f57d-49eb-b1ef-7acab81139fb","OAES_014.basePlot.all","D11","OAES","OAES_014","1165608","2016-01-26","Field Book for Describing and Sampling Soils ver3","S2016OK149014","16N02143","Bw2",55,84,,
"99f8f29d-7df2-4aae-ba40-39c8070549ef","OAES_010.basePlot.all","D11","OAES","OAES_010","1165606","2016-01-27","Field Book for Describing and Sampling Soils ver3","S2016OK149010","16N02137","Bw1",38,68,,
"3a7505d6-a6d7-483f-9265-75c74ba031ce","OAES_010.basePlot.all","D11","OAES","OAES_010","1165606","2016-01-27","Field Book for Describing and Sampling Soils ver3","S2016OK149010","16N02135","A",0,18,,
"9e2ced9b-02aa-4304-8eee-7a1932259bbe","OAES_004.basePlot.all","D11","OAES","OAES_004","1165605","2016-01-27","Field Book for Describing and Sampling Soils ver3","S2016OK149004","16N02128","Bw1",38,65,,
"c606b9fb-bf43-4e20-9607-27926a05df12","OAES_003.basePlot.all","D11","OAES","OAES_003","1165599","2016-01-27","Field Book for Describing and Sampling Soils ver3","S2016OK149003","5763697","R",10,200,,
"bf481a0d-be95-4a3e-a536-dcb58ca3a86b","OAES_012.basePlot.all","D11","OAES","OAES_012","1165607","2016-01-27","Field Book for Describing and Sampling Soils ver3","S2016OK149012","16N02139","A",0,6,,
"ef6c8cf6-31c4-4d55-9646-17ced9eb3604","OAES_004.basePlot.all","D11","OAES","OAES_004","1165605","2016-01-27","Field Book for Describing and Sampling Soils ver3","S2016OK149004","16N02129","Bw2",65,100,,
"a9b3e9c4-696e-4a02-82f2-19d0d24b117e","OAES_010.basePlot.all","D11","OAES","OAES_010","1165606","2016-01-27","Field Book for Describing and Sampling Soils ver3","S2016OK149010","16N02136","BA",18,38,,
"a1babe45-3251-4e6b-b153-9bfcd302835f","OAES_012.basePlot.all","D11","OAES","OAES_012","1165607","2016-01-27","Field Book for Describing and Sampling Soils ver3","S2016OK149012","5763726","R",17,200,,
"1ee37df7-03d1-4f32-956f-4bae7f806730","OAES_004.basePlot.all","D11","OAES","OAES_004","1165605","2016-01-27","Field Book for Describing and Sampling Soils ver3","S2016OK149004","16N02127","BA",18,38,,
"a084801e-8390-4afc-a162-ea7e38a822db","OAES_004.basePlot.all","D11","OAES","OAES_004","1165605","2016-01-27","Field Book for Describing and Sampling Soils ver3","S2016OK149004","16N02126","A",0,18,,
"eba868bd-499c-454c-bc26-4586bb45fd30","OAES_012.basePlot.all","D11","OAES","OAES_012","1165607","2016-01-27","Field Book for Describing and Sampling Soils ver3","S2016OK149012","16N02140","Bw",6,17,,
"b75a4467-3c33-4783-9b5a-c1974fd13a72","OAES_010.basePlot.all","D11","OAES","OAES_010","1165606","2016-01-27","Field Book for Describing and Sampling Soils ver3","S2016OK149010","16N02138","Bw2",68,100,,
"c999337d-56a2-4293-b000-d7c369f44102","OAES_003.basePlot.all","D11","OAES","OAES_003","1165599","2016-01-27","Field Book for Describing and Sampling Soils ver3","S2016OK149003","16N02125","A",0,10,,
"d0b259a8-feb4-4900-a994-665e448b734c","OAES_025.basePlot.all","D11","OAES","OAES_025","1165597","2016-01-28","Field Book for Describing and Sampling Soils ver3","S2016OK149025","16N02154","A",0,21,,
"73bbfffe-8337-47fe-bbae-e3dc898aae64","OAES_007.basePlot.all","D11","OAES","OAES_007","1165594","2016-01-28","Field Book for Describing and Sampling Soils ver3","S2016OK149007","5763678","R",30,200,,
"fa35561f-dffb-4033-b103-7bd73a4dd1ac","OAES_025.basePlot.all","D11","OAES","OAES_025","1165597","2016-01-28","Field Book for Describing and Sampling Soils ver3","S2016OK149025","5763689","R",37,200,,
"d8602d92-db09-4d6b-b8fa-da0b1973a8c3","OAES_029.basePlot.all","D11","OAES","OAES_029","1165598","2016-01-28","Field Book for Describing and Sampling Soils ver3","S2016OK149029","16N02156","A",0,16,,
"d3d1a79e-8cca-4353-9522-643a083a3293","OAES_029.basePlot.all","D11","OAES","OAES_029","1165598","2016-01-28","Field Book for Describing and Sampling Soils ver3","S2016OK149029","5763693","R",79,200,,
"da7fcc54-d948-4a04-ab94-c759c08298eb","OAES_002.basePlot.all","D11","OAES","OAES_002","1165596","2016-01-28","Field Book for Describing and Sampling Soils ver3","S2016OK149002","16N02124","Bw",11,26,,
"d7267932-329a-4b50-b1f7-7ef3caea6022","OAES_015.basePlot.all","D11","OAES","OAES_015","1165595","2016-01-28","Field Book for Describing and Sampling Soils ver3","S2016OK149015","16N02144","A",0,20,,
"262c3d9f-7d77-4338-bc11-3383bc1d26ff","OAES_002.basePlot.all","D11","OAES","OAES_002","1165596","2016-01-28","Field Book for Describing and Sampling Soils ver3","S2016OK149002","16N02123","A",0,11,,
"718638f7-8845-4fbe-aea8-7af34349952e","OAES_015.basePlot.all","D11","OAES","OAES_015","1165595","2016-01-28","Field Book for Describing and Sampling Soils ver3","S2016OK149015","16N02146","Cr",46,58,,
"cce24c11-0306-42b1-a4d4-baa3c64ec9a1","OAES_007.basePlot.all","D11","OAES","OAES_007","1165594","2016-01-28","Field Book for Describing and Sampling Soils ver3","S2016OK149007","16N02133","A",0,15,,
"09395ee4-8d92-4063-8076-ad33876fe7f7","OAES_007.basePlot.all","D11","OAES","OAES_007","1165594","2016-01-28","Field Book for Describing and Sampling Soils ver3","S2016OK149007","16N02134","Cr",15,30,,
"449d1a6f-1940-4ccd-9d77-e618192ed531","OAES_029.basePlot.all","D11","OAES","OAES_029","1165598","2016-01-28","Field Book for Describing and Sampling Soils ver3","S2016OK149029","16N02159","Cr",58,79,,
"373e922c-b495-4797-90ae-d7214a3f1892","OAES_015.basePlot.all","D11","OAES","OAES_015","1165595","2016-01-28","Field Book for Describing and Sampling Soils ver3","S2016OK149015","5763682","R",58,200,,
"503c44e8-973f-46ac-9e8b-ef06d7d12180","OAES_025.basePlot.all","D11","OAES","OAES_025","1165597","2016-01-28","Field Book for Describing and Sampling Soils ver3","S2016OK149025","16N02155","Cr",21,37,,
"9d61fc3e-1cdc-4d63-901e-12c3319eebf2","OAES_002.basePlot.all","D11","OAES","OAES_002","1165596","2016-01-28","Field Book for Describing and Sampling Soils ver3","S2016OK149002","5763686","R",26,200,,
"b591be03-fa2b-4486-b71a-68dd709ff14b","OAES_029.basePlot.all","D11","OAES","OAES_029","1165598","2016-01-28","Field Book for Describing and Sampling Soils ver3","S2016OK149029","16N02158","Bw/Cr",42,58,,
"db877da4-ab4c-4cb2-9cca-9a37208f3dc6","OAES_029.basePlot.all","D11","OAES","OAES_029","1165598","2016-01-28","Field Book for Describing and Sampling Soils ver3","S2016OK149029","16N02157","Bw",16,42,,
"0abc8fa8-538c-4839-9197-f17ae373df74","OAES_015.basePlot.all","D11","OAES","OAES_015","1165595","2016-01-28","Field Book for Describing and Sampling Soils ver3","S2016OK149015","16N02145","Bw",20,46,,
