uid,namedLocation,domainID,siteID,plotID,nrcsDescriptionID,collectDate,horizonID,horizonName,bulkDensProcessedDate,bulkDensMethodPub,bulkDensMethod,bulkDensIDnrcs,bulkDensSampleType,bulkDensCenterDepth,bulkDensTopDepth,bulkDensBottomDepth,bulkDensThirdBar,bulkDensOvenDry,bulkDensFieldMoist,waterRetentionThirdBar,fieldWaterContent,laboratoryName,remarks,dataQF
"63fe33a3-7d69-49e0-97fd-ca3880a95bdf","OAES_020.basePlot.all","D11","OAES","OAES_020","S2016OK149020","2016-01-25","16N02151","A","2016-05-25","Kellogg Soil Survey Laboratory Methods Manual, Soil Survey Investigations Report No. 42 Version 5.0, Issued 2014","Bulk Density, Compliant Cavity (3B3)","S2016OK149020-1","compliant cavity",3.5,0.0,7.0,,,1.14,,26.1,"USDA NRCS Kellogg Soil Survey Laboratory",,
"bb7dc431-5b3e-43af-9056-b1c63f50b1cf","OAES_020.basePlot.all","D11","OAES","OAES_020","S2016OK149020","2016-01-25","16N02152","Bw/Cr","2016-05-25","Kellogg Soil Survey Laboratory Methods Manual, Soil Survey Investigations Report No. 42 Version 5.0, Issued 2014","Bulk Density, Compliant Cavity (3B3)","S2016OK149020-2","compliant cavity",12.5,7.0,18.0,,,1.77,,13.1,"USDA NRCS Kellogg Soil Survey Laboratory",,
"8ac9843a-1a53-4e78-8f2f-dfd9b0a8652d","OAES_014.basePlot.all","D11","OAES","OAES_014","S2016OK149014","2016-01-26","16N02142","Bw1","2016-10-05","Kellogg Soil Survey Laboratory Methods Manual, Soil Survey Investigations Report No. 42 Version 5.0, Issued 2014","Bulk Density, Clods (3B1)","S2016OK149014-2","clod",41.5,28.0,55.0,1.31,1.42,,18.8,,"USDA NRCS Kellogg Soil Survey Laboratory",,
"5aa49827-8d12-463b-9a60-72a9c5337d55","OAES_014.basePlot.all","D11","OAES","OAES_014","S2016OK149014","2016-01-26","16N02141","A","2016-10-05","Kellogg Soil Survey Laboratory Methods Manual, Soil Survey Investigations Report No. 42 Version 5.0, Issued 2014","Bulk Density, Clods (3B1)","S2016OK149014-1","clod",14.0,0.0,28.0,1.24,1.32,,25.0,,"USDA NRCS Kellogg Soil Survey Laboratory",,
"a9a0c218-ddf6-4013-b213-2d45567ac363","OAES_014.basePlot.all","D11","OAES","OAES_014","S2016OK149014","2016-01-26","16N02143","Bw2","2016-10-05","Kellogg Soil Survey Laboratory Methods Manual, Soil Survey Investigations Report No. 42 Version 5.0, Issued 2014","Bulk Density, Clods (3B1)","S2016OK149014-3","clod",69.5,55.0,84.0,1.38,1.47,,16.4,,"USDA NRCS Kellogg Soil Survey Laboratory",,
"7c4b843a-9145-4167-afcd-d27fcd13fdf4","OAES_004.basePlot.all","D11","OAES","OAES_004","S2016OK149004","2016-01-27","16N02127","BA","2016-10-05","Kellogg Soil Survey Laboratory Methods Manual, Soil Survey Investigations Report No. 42 Version 5.0, Issued 2014","Bulk Density, Clods (3B1)","S2016OK149004-2","clod",28.0,18.0,38.0,1.38,1.53,,22.3,,"USDA NRCS Kellogg Soil Survey Laboratory",,
"447127aa-86a0-4bc5-b47c-e7e69033be7e","OAES_010.basePlot.all","D11","OAES","OAES_010","S2016OK149010","2016-01-27","16N02135","A","2016-10-05","Kellogg Soil Survey Laboratory Methods Manual, Soil Survey Investigations Report No. 42 Version 5.0, Issued 2014","Bulk Density, Clods (3B1)","S2016OK149010-1","clod",9.0,0.0,18.0,1.36,1.51,,22.0,,"USDA NRCS Kellogg Soil Survey Laboratory",,
"fc932b3f-a953-4790-8f0e-44d960c237cd","OAES_010.basePlot.all","D11","OAES","OAES_010","S2016OK149010","2016-01-27","16N02136","BA","2016-10-05","Kellogg Soil Survey Laboratory Methods Manual, Soil Survey Investigations Report No. 42 Version 5.0, Issued 2014","Bulk Density, Clods (3B1)","S2016OK149010-2","clod",28.0,18.0,38.0,1.37,1.47,,16.8,,"USDA NRCS Kellogg Soil Survey Laboratory",,
"b54f57a2-30e4-4496-bef1-c1a5e4cf14ca","OAES_010.basePlot.all","D11","OAES","OAES_010","S2016OK149010","2016-01-27","16N02137","Bw1","2016-10-05","Kellogg Soil Survey Laboratory Methods Manual, Soil Survey Investigations Report No. 42 Version 5.0, Issued 2014","Bulk Density, Clods (3B1)","S2016OK149010-3","clod",53.0,38.0,68.0,1.38,1.49,,16.9,,"USDA NRCS Kellogg Soil Survey Laboratory",,
"b1da196c-00f5-492d-b4c1-b6a49af2fc7d","OAES_004.basePlot.all","D11","OAES","OAES_004","S2016OK149004","2016-01-27","16N02128","Bw1","2016-10-05","Kellogg Soil Survey Laboratory Methods Manual, Soil Survey Investigations Report No. 42 Version 5.0, Issued 2014","Bulk Density, Clods (3B1)","S2016OK149004-3","clod",51.5,38.0,65.0,1.44,1.55,,15.8,,"USDA NRCS Kellogg Soil Survey Laboratory",,
"3aab4521-5459-495c-95be-89e01552025e","OAES_012.basePlot.all","D11","OAES","OAES_012","S2016OK149012","2016-01-27","16N02139","A","2016-05-25","Kellogg Soil Survey Laboratory Methods Manual, Soil Survey Investigations Report No. 42 Version 5.0, Issued 2014","Bulk Density, Compliant Cavity (3B3)","S2016OK149012-1","compliant cavity",3.0,0.0,6.0,,,1.28,,22.9,"USDA NRCS Kellogg Soil Survey Laboratory",,
"b0878fcb-05f4-4870-b732-c82a1905229d","OAES_004.basePlot.all","D11","OAES","OAES_004","S2016OK149004","2016-01-27","16N02129","Bw2","2016-10-05","Kellogg Soil Survey Laboratory Methods Manual, Soil Survey Investigations Report No. 42 Version 5.0, Issued 2014","Bulk Density, Clods (3B1)","S2016OK149004-4","clod",82.5,65.0,100.0,1.53,1.65,,14.1,,"USDA NRCS Kellogg Soil Survey Laboratory",,
"02d524a8-6321-4198-87d9-f24979341e59","OAES_010.basePlot.all","D11","OAES","OAES_010","S2016OK149010","2016-01-27","16N02138","Bw2","2016-10-05","Kellogg Soil Survey Laboratory Methods Manual, Soil Survey Investigations Report No. 42 Version 5.0, Issued 2014","Bulk Density, Clods (3B1)","S2016OK149010-4","clod",84.0,68.0,100.0,1.34,1.44,,18.6,,"USDA NRCS Kellogg Soil Survey Laboratory",,
"ab0e06ba-70e6-4f21-99bc-983db37a03d9","OAES_004.basePlot.all","D11","OAES","OAES_004","S2016OK149004","2016-01-27","16N02126","A","2016-10-05","Kellogg Soil Survey Laboratory Methods Manual, Soil Survey Investigations Report No. 42 Version 5.0, Issued 2014","Bulk Density, Clods (3B1)","S2016OK149004-1","clod",9.0,0.0,18.0,1.19,1.33,,27.9,,"USDA NRCS Kellogg Soil Survey Laboratory",,
"00f3a927-4c1e-4fdc-9111-3b0940d5baad","OAES_012.basePlot.all","D11","OAES","OAES_012","S2016OK149012","2016-01-27","16N02140","Bw","2016-05-25","Kellogg Soil Survey Laboratory Methods Manual, Soil Survey Investigations Report No. 42 Version 5.0, Issued 2014","Bulk Density, Compliant Cavity (3B3)","S2016OK149012-2","compliant cavity",11.5,6.0,17.0,,,1.73,,21.1,"USDA NRCS Kellogg Soil Survey Laboratory",,
"1b1e8630-9c58-4c40-a45f-0516b6804642","OAES_003.basePlot.all","D11","OAES","OAES_003","S2016OK149003","2016-01-27","16N02125","A","2016-10-05","Kellogg Soil Survey Laboratory Methods Manual, Soil Survey Investigations Report No. 42 Version 5.0, Issued 2014","Bulk Density, Clods (3B1)","S2016OK149003-1","clod",5.0,0.0,10.0,1.30,1.44,,22.4,,"USDA NRCS Kellogg Soil Survey Laboratory",,
"b2d77a50-59c5-45c0-852a-0466d2c2e2a8","OAES_029.basePlot.all","D11","OAES","OAES_029","S2016OK149029","2016-01-28","16N02157","Bw","2016-10-05","Kellogg Soil Survey Laboratory Methods Manual, Soil Survey Investigations Report No. 42 Version 5.0, Issued 2014","Bulk Density, Clods (3B1)","S2016OK149029-2","clod",29.0,16.0,42.0,1.33,1.40,,18.8,,"USDA NRCS Kellogg Soil Survey Laboratory",,
"0289e70d-56bb-4a59-bc05-8fcf85f9e632","OAES_002.basePlot.all","D11","OAES","OAES_002","S2016OK149002","2016-01-28","16N02124","Bw","2016-10-05","Kellogg Soil Survey Laboratory Methods Manual, Soil Survey Investigations Report No. 42 Version 5.0, Issued 2014","Bulk Density, Clods (3B1)","S2016OK149002-2","clod",18.5,11.0,26.0,1.38,1.45,,22.6,,"USDA NRCS Kellogg Soil Survey Laboratory",,
"58b29ec9-f7e3-4e68-af43-9bb11db10ab4","OAES_015.basePlot.all","D11","OAES","OAES_015","S2016OK149015","2016-01-28","16N02144","A","2016-10-05","Kellogg Soil Survey Laboratory Methods Manual, Soil Survey Investigations Report No. 42 Version 5.0, Issued 2014","Bulk Density, Clods (3B1)","S2016OK149015-1","clod",10.0,0.0,20.0,1.12,1.23,,24.4,,"USDA NRCS Kellogg Soil Survey Laboratory",,
"5e231cfd-1daf-4b11-8460-78d5e44387c7","OAES_029.basePlot.all","D11","OAES","OAES_029","S2016OK149029","2016-01-28","16N02158","Bw/Cr","2016-10-05","Kellogg Soil Survey Laboratory Methods Manual, Soil Survey Investigations Report No. 42 Version 5.0, Issued 2014","Bulk Density, Clods (3B1)","S2016OK149029-3","clod",50.0,42.0,58.0,1.31,1.41,,20.7,,"USDA NRCS Kellogg Soil Survey Laboratory",,
"9ca686b3-6f76-4ceb-a9c8-13cde3053791","OAES_029.basePlot.all","D11","OAES","OAES_029","S2016OK149029","2016-01-28","16N02156","A","2016-10-05","Kellogg Soil Survey Laboratory Methods Manual, Soil Survey Investigations Report No. 42 Version 5.0, Issued 2014","Bulk Density, Clods (3B1)","S2016OK149029-1","clod",8.0,0.0,16.0,1.37,1.43,,20.1,,"USDA NRCS Kellogg Soil Survey Laboratory",,
"94db9d29-fad3-4236-b661-8a5c47cbedd0","OAES_015.basePlot.all","D11","OAES","OAES_015","S2016OK149015","2016-01-28","16N02145","Bw","2016-10-05","Kellogg Soil Survey Laboratory Methods Manual, Soil Survey Investigations Report No. 42 Version 5.0, Issued 2014","Bulk Density, Clods (3B1)","S2016OK149015-2","clod",33.0,20.0,46.0,1.44,1.47,,18.7,,"USDA NRCS Kellogg Soil Survey Laboratory",,
"13c0f303-d897-48ca-87a1-dfd5e6334525","OAES_002.basePlot.all","D11","OAES","OAES_002","S2016OK149002","2016-01-28","16N02123","A","2016-10-05","Kellogg Soil Survey Laboratory Methods Manual, Soil Survey Investigations Report No. 42 Version 5.0, Issued 2014","Bulk Density, Clods (3B1)","S2016OK149002-1","clod",5.5,0.0,11.0,1.36,1.47,,25.6,,"USDA NRCS Kellogg Soil Survey Laboratory",,
"3266767b-5d73-4780-ab62-51bdcc4a3d1e","OAES_007.basePlot.all","D11","OAES","OAES_007","S2016OK149007","2016-01-28","16N02133","A","2016-10-05","Kellogg Soil Survey Laboratory Methods Manual, Soil Survey Investigations Report No. 42 Version 5.0, Issued 2014","Bulk Density, Clods (3B1)","S2016OK149007-1","clod",7.5,0.0,15.0,1.36,1.42,,18.6,,"USDA NRCS Kellogg Soil Survey Laboratory",,
"c5dca21b-37cd-45d4-9b75-71e7f780ead9","OAES_025.basePlot.all","D11","OAES","OAES_025","S2016OK149025","2016-01-28","16N02154","A","2016-10-05","Kellogg Soil Survey Laboratory Methods Manual, Soil Survey Investigations Report No. 42 Version 5.0, Issued 2014","Bulk Density, Clods (3B1)","S2016OK149025-1","clod",10.5,0.0,21.0,1.36,1.51,,21.7,,"USDA NRCS Kellogg Soil Survey Laboratory",,
