uid,domainID,siteID,plotID,namedLocation,plotType,nlcdClass,geodeticDatum,decimalLatitude,decimalLongitude,coordinateUncertainty,elevation,elevationUncertainty,collectDate,referenceCorner,sampleDistance,sampleBearing,pitID,testProtocolVersion,soilSamplingMethod,sampleRelativeLocation,pitDepth,recordedByA,soilProfileDescriberA,soilProfileDescriberInst,nrcsDescriptionID,soilSeries,soilFamily,soilSubgroup,soilGreatGroup,soilSuborder,soilOrder,remarks,dataQF
"c22405b9-d4c2-46a0-a3bb-717eee376e29","D10","CPER","CPER_018","CPER_018.basePlot.all","distributed","grasslandHerbaceous","WGS84",40.825715,-104.695047,20.1,1627.7,0.1,"2016-03-16","SW20",1.1,235,"1171098","Field Book for Describing and Sampling Soils ver3","soil pit","Center of pit",100,"O4+vonUL7auarEjkIN/OQQ==","O4+vonUL7auarEjkIN/OQQ==","Natural Resource Conservation Service","S2016CO123003","Haxtun","Fine-loamy, mixed, superactive, mesic Pachic Argiustolls","pachic argiustolls","argiustolls","ustolls","mollisols","Soil pit located 10.5 meters at a 235 degree angle from the southwest corner of the 20m x 20m plot to the center of the soil pit.",
"63b2ee8b-08fa-495d-9f3b-998aebfbebe2","D10","CPER","CPER_005","CPER_005.basePlot.all","distributed","grasslandHerbaceous","WGS84",40.853093,-104.728006,20.1,1664.4,0.1,"2016-03-16","NE20",0.5,332,"1171103","Field Book for Describing and Sampling Soils ver3","soil pit","Center of pit",100,"O4+vonUL7auarEjkIN/OQQ==","eVjFbarFLlHRDzEsuPBXhA==","Natural Resource Conservation Service","S2016CO123008","Wapiti","Fine-loamy, mixed, superactive, mesic Calcidic Argiustolls","calcidic argiustolls","argiustolls","ustolls","mollisols","Soil pit located 4.65 meters at a 332 degree angle from the northeast corner of the 20m x 20m plot to the center of the soil pit.",
"90b21095-26dc-4c4b-b0e3-dacbdbbed75d","D10","CPER","CPER_013","CPER_013.basePlot.all","distributed","grasslandHerbaceous","WGS84",40.821979,-104.712840,20.1,1623.6,0.1,"2016-03-16","SW20",0.8,255,"1171097","Field Book for Describing and Sampling Soils ver3","soil pit","Center of pit",100,"O4+vonUL7auarEjkIN/OQQ==","eVjFbarFLlHRDzEsuPBXhA==","Natural Resource Conservation Service","S2016CO123002","Haverson","Fine-loamy, mixed, superactive, mesic Torrifluventic Haplustepts","torrifluventic haplustepts","haplustepts","ustepts","inceptisols","Soil pit located 8.4 meters at a 255 degree angle from the southwest corner of the 20m x 20m plot to the center of the soil pit.",
"6be0a2d1-08aa-4b85-8633-c36f9fa11147","D10","CPER","CPER_030","CPER_030.basePlot.all","distributed","grasslandHerbaceous","WGS84",40.798116,-104.684496,20.1,1602.6,0.1,"2016-03-16","SE20",1.0,244,"1171106","Field Book for Describing and Sampling Soils ver3","soil pit","Center of pit",100,"O4+vonUL7auarEjkIN/OQQ==","O4+vonUL7auarEjkIN/OQQ==","Natural Resource Conservation Service","S2016CO123011","Ascalon","Fine-loamy, mixed, superactive, mesic Aridic Argiustolls","aridic argiustolls","argiustolls","ustolls","mollisols","Soil pit located 10.3 meters at a 244 degree angle from the southeast corner of the 20m x 20m plot to the center of the soil pit.",
"d5a9e140-f4ce-4d6e-bc86-bb33b1be81a4","D10","CPER","CPER_015","CPER_015.basePlot.all","distributed","grasslandHerbaceous","WGS84",40.853133,-104.744736,20.1,1670.5,0.1,"2016-03-16","SW20",0.6,188,"1171104","Field Book for Describing and Sampling Soils ver3","soil pit","Center of pit",100,"O4+vonUL7auarEjkIN/OQQ==","O4+vonUL7auarEjkIN/OQQ==","Natural Resource Conservation Service","S2016CO123009","Cascajo","Sandy-skeletal, mixed, mesic Ustic Haplocalcids","ustic haplocalcids","haplocalcids","calcids","aridisols","Soil pit located 5.8 meters at a 188 degree angle from the southwest corner of the 20m x 20m plot to the center of the soil pit.",
"efa71ed9-4366-4ec2-bf7d-77e3fe4b58a7","D10","CPER","CPER_020","CPER_020.basePlot.all","distributed","grasslandHerbaceous","WGS84",40.785746,-104.707657,20.1,1604.3,0.1,"2016-03-17","NW20",0.8,314,"1171107","Field Book for Describing and Sampling Soils ver3","soil pit","Center of pit",100,"O4+vonUL7auarEjkIN/OQQ==","eVjFbarFLlHRDzEsuPBXhA==","Natural Resource Conservation Service","S2016CO123012","Ulmet","Fine, smectitic, mesic Aridic Haplustalfs","aridic haplustalfs","haplustalfs","ustalfs","alfisols","Soil pit located 7.5 meters at a 314 degree angle from the northwest corner of the 20m x 20m plot to the center of the soil pit.",
"9ca5a94d-8c77-44fe-bcfa-ada7df03ce9d","D10","CPER","CPER_014","CPER_014.basePlot.all","distributed","grasslandHerbaceous","WGS84",40.807905,-104.697947,20.1,1611.8,0.1,"2016-03-17","SE20",0.6,210,"1171105","Field Book for Describing and Sampling Soils ver3","soil pit","Center of pit",100,"O4+vonUL7auarEjkIN/OQQ==","O4+vonUL7auarEjkIN/OQQ==","Natural Resource Conservation Service","S2016CO123010","Otero","Coarse-loamy, mixed, superactive, calcareous, mesic Aridic Ustorthents","aridic ustorthents","ustorthents","orthents","entisols","Soil pit located 5.5 meters at a 210 degree angle from the southeast corner of the 20m x 20m plot to the center of the soil pit.",
"053b4594-70b2-45e9-b05d-29cec7728090","D10","CPER","CPER_002","CPER_002.basePlot.all","distributed","grasslandHerbaceous","WGS84",40.810934,-104.729248,20.1,1651.1,0.1,"2016-03-21","NW20",0.6,280,"1171096","Field Book for Describing and Sampling Soils ver3","soil pit","Center of pit",100,"O4+vonUL7auarEjkIN/OQQ==","O4+vonUL7auarEjkIN/OQQ==","Natural Resource Conservation Service","S2016CO123001","Ascalon","Fine-loamy, mixed, superactive, mesic Aridic Argiustolls","aridic argiustolls","argiustolls","ustolls","mollisols","Soil pit located 6.1 meters at a 280 degree angle from the northwest corner of the 20m x 20m plot to the center of the soil pit.",
"9e8594ff-0b37-4cf4-b5fb-854eeef87ec2","D10","CPER","CPER_008","CPER_008.basePlot.all","distributed","grasslandHerbaceous","WGS84",40.798822,-104.749212,20.1,1644.8,0.1,"2016-03-21","SE20",0.7,76,"1171109","Field Book for Describing and Sampling Soils ver3","soil pit","Center of pit",100,"O4+vonUL7auarEjkIN/OQQ==","eVjFbarFLlHRDzEsuPBXhA==","Natural Resource Conservation Service","S2016CO123014","Renohill","Fine, smectitic, mesic Aridic Haplustalfs","aridic haplustalfs","haplustalfs","ustalfs","alfisols","Soil pit located 6.5 meters at a 76 degree angle from the southeast corner of the 20m x 20m plot to the center of the soil pit.",
"6ddc1c41-fea1-46c9-969d-f6fe4bd76f10","D10","CPER","CPER_022","CPER_022.basePlot.all","distributed","grasslandHerbaceous","WGS84",40.842486,-104.698179,20.1,1642.9,0.1,"2016-03-21","SE20",0.8,225,"1171099","Field Book for Describing and Sampling Soils ver3","soil pit","Center of pit",100,"O4+vonUL7auarEjkIN/OQQ==","O4+vonUL7auarEjkIN/OQQ==","Natural Resource Conservation Service","S2016CO123004","Ascalon","Fine-loamy, mixed, superactive, mesic Aridic Argiustolls","aridic argiustolls","argiustolls","ustolls","mollisols","Soil pit located 7.7 meters at a 225 degree angle from the southeast corner of the 20m x 20m plot to the center of the soil pit.",
"ad15b46e-85df-4104-9cc6-67e32d5612a6","D10","CPER","CPER_001","CPER_001.basePlot.all","distributed","grasslandHerbaceous","WGS84",40.850866,-104.699535,20.1,1637.9,0.1,"2016-03-21","SE20",0.5,163,"1171100","Field Book for Describing and Sampling Soils ver3","soil pit","Center of pit",100,"O4+vonUL7auarEjkIN/OQQ==","O4+vonUL7auarEjkIN/OQQ==","Natural Resource Conservation Service","S2016CO123005","Avar","Coarse-loamy, mixed, superactive, mesic Aridic Argiustolls","aridic argiustolls","argiustolls","ustolls","mollisols","Soil pit located 5.2 meters at a 163 degree angle from the southeast corner of the 20m x 20m plot to the center of the soil pit.",
"f5514231-9670-4175-9520-9fa7cb0293db","D10","CPER","CPER_016","CPER_016.basePlot.all","distributed","grasslandHerbaceous","WGS84",40.804501,-104.756306,20.1,1640.3,0.1,"2016-03-22","SE20",0.6,170,"1171110","Field Book for Describing and Sampling Soils ver3","soil pit","Center of pit",100,"O4+vonUL7auarEjkIN/OQQ==","eVjFbarFLlHRDzEsuPBXhA==","Natural Resource Conservation Service","S2016CO123015","Olnest","Fine-loamy, mixed, superactive, mesic Aridic Haplustalfs","aridic haplustalfs","haplustalfs","ustalfs","alfisols","Soil pit located 6.3 meters at a 170 degree angle from the southeast corner of the 20m x 20m plot to the center of the soil pit.",
"3099eb8b-33a9-4d83-88a3-a8458afd522e","D10","CPER","CPER_023","CPER_023.basePlot.all","distributed","grasslandHerbaceous","WGS84",40.800962,-104.741743,20.1,1649.6,0.1,"2016-03-22","SE20",0.7,196,"1171108","Field Book for Describing and Sampling Soils ver3","soil pit","Center of pit",100,"O4+vonUL7auarEjkIN/OQQ==","eVjFbarFLlHRDzEsuPBXhA==","Natural Resource Conservation Service","S2016CO123013","Ascalon","Fine-loamy, mixed, superactive, mesic Aridic Argiustolls","aridic argiustolls","argiustolls","ustolls","mollisols","Soil pit located 6.7 meters at a 196 degree angle from the southeast corner of the 20m x 20m plot to the center of the soil pit.",
"a3bf5b3a-d20a-4ff2-8db7-5c597bac85f2","D10","CPER","CPER_017","CPER_017.basePlot.all","distributed","grasslandHerbaceous","WGS84",40.856261,-104.691691,20.1,1640.4,0.1,"2016-03-22","NE20",0.6,4,"1171101","Field Book for Describing and Sampling Soils ver3","soil pit","Center of pit",100,"O4+vonUL7auarEjkIN/OQQ==","O4+vonUL7auarEjkIN/OQQ==","Natural Resource Conservation Service","S2016CO123006","Wapiti","Fine-loamy, mixed, superactive, mesic Calcidic Argiustolls","calcidic argiustolls","argiustolls","ustolls","mollisols","Soil pit located 6.45 meters at a 4 degree angle from the northeast corner of the 20m x 20m plot to the center of the soil pit.",
"816bd8fd-263a-4752-84c4-a4caeef156a9","D10","CPER","CPER_007","CPER_007.basePlot.all","distributed","grasslandHerbaceous","WGS84",40.861915,-104.683832,20.1,1646.7,0.1,"2016-03-22","SW20",1.1,338,"1171102","Field Book for Describing and Sampling Soils ver3","soil pit","Center of pit",100,"O4+vonUL7auarEjkIN/OQQ==","O4+vonUL7auarEjkIN/OQQ==","Natural Resource Conservation Service","S2016CO123007","Otero","Coarse-loamy, mixed, superactive, calcareous, mesic Aridic Ustorthents","aridic ustorthents","ustorthents","orthents","entisols","Soil pit located 11.1 meters at a 338 degree angle from the southwest corner of the 20m x 20m plot to the center of the soil pit.",
"926555b6-5b20-425b-a415-68823fa8a47d","D10","CPER","CPER_019","CPER_019.basePlot.all","distributed","grasslandHerbaceous","WGS84",40.824819,-104.785759,20.1,1666.0,0.1,"2016-03-28","SW20",0.8,214,"1171112","Field Book for Describing and Sampling Soils ver3","soil pit","Center of pit",100,"O4+vonUL7auarEjkIN/OQQ==","O4+vonUL7auarEjkIN/OQQ==","Natural Resource Conservation Service","S2016CO123017","Renohill","Fine, smectitic, mesic Aridic Argiustolls","aridic argiustolls","argiustolls","ustolls","mollisols","Soil pit located 7.5 meters at a 214 degree angle from the southwest corner of the 20m x 20m plot to the center of the soil pit.",
"072a9a97-7e5e-4fe8-ab53-dad30ab5a9ef","D10","CPER","CPER_012","CPER_012.basePlot.all","distributed","grasslandHerbaceous","WGS84",40.802126,-104.771251,20.1,1644.6,0.1,"2016-03-28","SW20",1.1,310,"1171111","Field Book for Describing and Sampling Soils ver3","soil pit","Center of pit",100,"O4+vonUL7auarEjkIN/OQQ==","O4+vonUL7auarEjkIN/OQQ==","Natural Resource Conservation Service","S2016CO123016","Cushman","Fine-loamy, mixed, superactive, mesic Aridic Argiustolls","aridic argiustolls","argiustolls","ustolls","mollisols","Soil pit located 11.4 meters at a 310 degree angle from the southwest corner of the 20m x 20m plot to the center of the soil pit.",
