uid,namedLocation,domainID,siteID,plotID,nrcsDescriptionID,collectDate,horizonID,horizonName,bulkDensProcessedDate,bulkDensMethodPub,bulkDensMethod,bulkDensIDnrcs,bulkDensSampleType,bulkDensCenterDepth,bulkDensTopDepth,bulkDensBottomDepth,bulkDensThirdBar,bulkDensOvenDry,bulkDensFieldMoist,waterRetentionThirdBar,fieldWaterContent,laboratoryName,remarks,dataQF
"5f63265f-e96a-4348-b808-d7186bc28ab4","CPER_030.basePlot.all","D10","CPER","CPER_030","S2016CO123011","2016-03-16","16N02740","Btk","2017-01-31","Kellogg Soil Survey Laboratory Methods Manual, Soil Survey Investigations Report No. 42 Version 5.0, Issued 2014","Bulk Density, Clods (3B1)","S2016CO123011-3","clod",54.5,41.0,68.0,1.52,1.59,,13.0,,"USDA NRCS Kellogg Soil Survey Laboratory",,
"a31f717c-f1af-451a-bace-fe9e4112afc3","CPER_030.basePlot.all","D10","CPER","CPER_030","S2016CO123011","2016-03-16","16N02738","A","2017-01-31","Kellogg Soil Survey Laboratory Methods Manual, Soil Survey Investigations Report No. 42 Version 5.0, Issued 2014","Bulk Density, Clods (3B1)","S2016CO123011-1","clod",10.0,0.0,20.0,1.32,1.39,,14.0,,"USDA NRCS Kellogg Soil Survey Laboratory",,
"28993680-b365-4619-8def-0fc55514220c","CPER_013.basePlot.all","D10","CPER","CPER_013","S2016CO123002","2016-03-16","16N02701","Bkb3","2017-01-31","Kellogg Soil Survey Laboratory Methods Manual, Soil Survey Investigations Report No. 42 Version 5.0, Issued 2014","Bulk Density, Clods (3B1)","S2016CO123002-4","clod",84.0,68.0,100.0,1.20,1.51,,16.5,,"USDA NRCS Kellogg Soil Survey Laboratory",,
"f3658f17-1dec-4c22-acfa-7e255093a8b6","CPER_018.basePlot.all","D10","CPER","CPER_018","S2016CO123003","2016-03-16","16N02702","A","2017-01-31","Kellogg Soil Survey Laboratory Methods Manual, Soil Survey Investigations Report No. 42 Version 5.0, Issued 2014","Bulk Density, Clods (3B1)","S2016CO123003-1","clod",7.5,0.0,15.0,1.50,1.64,,9.3,,"USDA NRCS Kellogg Soil Survey Laboratory",,
"a443ecdc-ec75-4d32-8a37-2e3edd63849b","CPER_005.basePlot.all","D10","CPER","CPER_005","S2016CO123008","2016-03-16","16N02726","Btk","2017-01-31","Kellogg Soil Survey Laboratory Methods Manual, Soil Survey Investigations Report No. 42 Version 5.0, Issued 2014","Bulk Density, Clods (3B1)","S2016CO123008-3","clod",36.5,27.0,46.0,1.50,1.66,,17.7,,"USDA NRCS Kellogg Soil Survey Laboratory",,
"bc5e065a-a65c-4a97-b54f-ce9d9817cfcf","CPER_015.basePlot.all","D10","CPER","CPER_015","S2016CO123009","2016-03-16","16N02729","A","2017-01-31","Kellogg Soil Survey Laboratory Methods Manual, Soil Survey Investigations Report No. 42 Version 5.0, Issued 2014","Bulk Density, Clods (3B1)","S2016CO123009-1","clod",5.0,0.0,10.0,1.52,1.54,,6.8,,"USDA NRCS Kellogg Soil Survey Laboratory",,
"e544dd09-158c-494d-96b5-63a9b1ef27c1","CPER_005.basePlot.all","D10","CPER","CPER_005","S2016CO123008","2016-03-16","16N02727","Bk1","2017-01-31","Kellogg Soil Survey Laboratory Methods Manual, Soil Survey Investigations Report No. 42 Version 5.0, Issued 2014","Bulk Density, Clods (3B1)","S2016CO123008-4","clod",57.0,46.0,68.0,1.44,1.53,,16.6,,"USDA NRCS Kellogg Soil Survey Laboratory",,
"f9576f54-bf18-4609-ae5c-a309b581a77c","CPER_030.basePlot.all","D10","CPER","CPER_030","S2016CO123011","2016-03-16","16N02739","Bt","2017-01-31","Kellogg Soil Survey Laboratory Methods Manual, Soil Survey Investigations Report No. 42 Version 5.0, Issued 2014","Bulk Density, Clods (3B1)","S2016CO123011-2","clod",30.5,20.0,41.0,1.47,1.59,,17.3,,"USDA NRCS Kellogg Soil Survey Laboratory",,
"be0209af-8fc0-44db-9bee-c0005c1050b6","CPER_015.basePlot.all","D10","CPER","CPER_015","S2016CO123009","2016-03-16","16N02731","Bw2","2017-01-31","Kellogg Soil Survey Laboratory Methods Manual, Soil Survey Investigations Report No. 42 Version 5.0, Issued 2014","Bulk Density, Clods (3B1)","S2016CO123009-3","clod",44.0,23.0,65.0,1.58,1.62,,4.4,,"USDA NRCS Kellogg Soil Survey Laboratory",,
"f60f4eea-2945-4b9b-b664-88027c33d0d7","CPER_018.basePlot.all","D10","CPER","CPER_018","S2016CO123003","2016-03-16","16N02704","Bt2","2017-01-31","Kellogg Soil Survey Laboratory Methods Manual, Soil Survey Investigations Report No. 42 Version 5.0, Issued 2014","Bulk Density, Clods (3B1)","S2016CO123003-3","clod",56.0,40.0,72.0,1.61,1.80,,15.6,,"USDA NRCS Kellogg Soil Survey Laboratory",,
"1dfad148-da4a-4793-8022-681f6705159c","CPER_015.basePlot.all","D10","CPER","CPER_015","S2016CO123009","2016-03-16","16N02732","2Atb","2017-01-31","Kellogg Soil Survey Laboratory Methods Manual, Soil Survey Investigations Report No. 42 Version 5.0, Issued 2014","Bulk Density, Clods (3B1)","S2016CO123009-4","clod",74.5,65.0,84.0,1.56,1.61,,7.9,,"USDA NRCS Kellogg Soil Survey Laboratory",,
"f71190f1-86b8-49e1-9ed7-e0614dfd0713","CPER_030.basePlot.all","D10","CPER","CPER_030","S2016CO123011","2016-03-16","16N02741","BCk","2017-01-31","Kellogg Soil Survey Laboratory Methods Manual, Soil Survey Investigations Report No. 42 Version 5.0, Issued 2014","Bulk Density, Clods (3B1)","S2016CO123011-4","clod",84.0,68.0,100.0,1.55,1.57,,12.7,,"USDA NRCS Kellogg Soil Survey Laboratory",,
"b4635366-98c2-4f02-859d-a01823ffb203","CPER_005.basePlot.all","D10","CPER","CPER_005","S2016CO123008","2016-03-16","16N02724","A","2017-01-31","Kellogg Soil Survey Laboratory Methods Manual, Soil Survey Investigations Report No. 42 Version 5.0, Issued 2014","Bulk Density, Clods (3B1)","S2016CO123008-1","clod",5.0,0.0,10.0,1.42,1.49,,12.2,,"USDA NRCS Kellogg Soil Survey Laboratory",,
"b0cc1f88-6669-4943-8d55-8b3071851916","CPER_015.basePlot.all","D10","CPER","CPER_015","S2016CO123009","2016-03-16","16N02730","Bw1","2017-01-31","Kellogg Soil Survey Laboratory Methods Manual, Soil Survey Investigations Report No. 42 Version 5.0, Issued 2014","Bulk Density, Clods (3B1)","S2016CO123009-2","clod",16.5,10.0,23.0,1.59,1.61,,6.2,,"USDA NRCS Kellogg Soil Survey Laboratory",,
"122c9e27-defc-49eb-8a39-cb43eaa4cc52","CPER_005.basePlot.all","D10","CPER","CPER_005","S2016CO123008","2016-03-16","16N02728","Bk2","2017-01-31","Kellogg Soil Survey Laboratory Methods Manual, Soil Survey Investigations Report No. 42 Version 5.0, Issued 2014","Bulk Density, Clods (3B1)","S2016CO123008-5","clod",84.0,68.0,100.0,1.42,1.50,,19.0,,"USDA NRCS Kellogg Soil Survey Laboratory",,
"2ea3943b-a433-45ec-9eef-9d8c50e1c95d","CPER_015.basePlot.all","D10","CPER","CPER_015","S2016CO123009","2016-03-16","16N02733","2Btk","2017-01-31","Kellogg Soil Survey Laboratory Methods Manual, Soil Survey Investigations Report No. 42 Version 5.0, Issued 2014","Bulk Density, Clods (3B1)","S2016CO123009-5","clod",92.0,84.0,100.0,1.56,1.62,,8.6,,"USDA NRCS Kellogg Soil Survey Laboratory",,
"040c5f24-3a78-401e-8915-22b63a5609f6","CPER_005.basePlot.all","D10","CPER","CPER_005","S2016CO123008","2016-03-16","16N02725","Bt","2017-01-31","Kellogg Soil Survey Laboratory Methods Manual, Soil Survey Investigations Report No. 42 Version 5.0, Issued 2014","Bulk Density, Clods (3B1)","S2016CO123008-2","clod",18.5,10.0,27.0,1.42,1.59,,20.0,,"USDA NRCS Kellogg Soil Survey Laboratory",,
"7bd482f6-5bab-4cbe-bea3-ee43f800df12","CPER_018.basePlot.all","D10","CPER","CPER_018","S2016CO123003","2016-03-16","16N02703","Bt1","2017-01-31","Kellogg Soil Survey Laboratory Methods Manual, Soil Survey Investigations Report No. 42 Version 5.0, Issued 2014","Bulk Density, Clods (3B1)","S2016CO123003-2","clod",27.5,15.0,40.0,1.40,1.58,,12.2,,"USDA NRCS Kellogg Soil Survey Laboratory",,
"0c02d772-6d1e-49b4-a8ee-402ce2fb1290","CPER_013.basePlot.all","D10","CPER","CPER_013","S2016CO123002","2016-03-16","16N02698","A","2017-01-31","Kellogg Soil Survey Laboratory Methods Manual, Soil Survey Investigations Report No. 42 Version 5.0, Issued 2014","Bulk Density, Clods (3B1)","S2016CO123002-1","clod",9.5,0.0,19.0,1.04,1.37,,29.1,,"USDA NRCS Kellogg Soil Survey Laboratory",,
"265e95c4-79a8-4f98-96e5-780d6ada4abc","CPER_013.basePlot.all","D10","CPER","CPER_013","S2016CO123002","2016-03-16","16N02699","Bkb1","2017-01-31","Kellogg Soil Survey Laboratory Methods Manual, Soil Survey Investigations Report No. 42 Version 5.0, Issued 2014","Bulk Density, Clods (3B1)","S2016CO123002-2","clod",32.0,19.0,45.0,1.08,1.39,,19.7,,"USDA NRCS Kellogg Soil Survey Laboratory",,
"683ed334-2a86-4aad-a6fb-588f27a48b6d","CPER_018.basePlot.all","D10","CPER","CPER_018","S2016CO123003","2016-03-16","16N02705","Btk","2017-01-31","Kellogg Soil Survey Laboratory Methods Manual, Soil Survey Investigations Report No. 42 Version 5.0, Issued 2014","Bulk Density, Clods (3B1)","S2016CO123003-4","clod",77.5,72.0,83.0,1.49,1.63,,18.6,,"USDA NRCS Kellogg Soil Survey Laboratory",,
"7af5863e-69e3-4e64-bfbc-fb08549ee8e3","CPER_013.basePlot.all","D10","CPER","CPER_013","S2016CO123002","2016-03-16","16N02700","Bkb2","2017-01-31","Kellogg Soil Survey Laboratory Methods Manual, Soil Survey Investigations Report No. 42 Version 5.0, Issued 2014","Bulk Density, Clods (3B1)","S2016CO123002-3","clod",56.5,45.0,68.0,1.06,1.42,,23.2,,"USDA NRCS Kellogg Soil Survey Laboratory",,
"29675051-4b14-46a8-a846-5416343fee24","CPER_020.basePlot.all","D10","CPER","CPER_020","S2016CO123012","2016-03-17","16N02744","Bt2","2017-01-31","Kellogg Soil Survey Laboratory Methods Manual, Soil Survey Investigations Report No. 42 Version 5.0, Issued 2014","Bulk Density, Clods (3B1)","S2016CO123012-3","clod",60.5,39.0,82.0,1.60,1.65,,12.1,,"USDA NRCS Kellogg Soil Survey Laboratory",,
"2534733a-618b-4981-bb5c-a55a2e3da423","CPER_014.basePlot.all","D10","CPER","CPER_014","S2016CO123010","2016-03-17","16N02734","A","2017-01-31","Kellogg Soil Survey Laboratory Methods Manual, Soil Survey Investigations Report No. 42 Version 5.0, Issued 2014","Bulk Density, Clods (3B1)","S2016CO123010-1","clod",7.5,0.0,15.0,1.48,1.53,,11.0,,"USDA NRCS Kellogg Soil Survey Laboratory",,
"e95ba64b-e621-45fc-9d7c-af1d09e352f0","CPER_014.basePlot.all","D10","CPER","CPER_014","S2016CO123010","2016-03-17","16N02735","Bw","2017-01-31","Kellogg Soil Survey Laboratory Methods Manual, Soil Survey Investigations Report No. 42 Version 5.0, Issued 2014","Bulk Density, Clods (3B1)","S2016CO123010-2","clod",39.0,15.0,63.0,1.58,1.60,,7.6,,"USDA NRCS Kellogg Soil Survey Laboratory",,
"fcdd94e2-b681-4d61-93f0-6ce45d57f6f0","CPER_020.basePlot.all","D10","CPER","CPER_020","S2016CO123012","2016-03-17","16N02745","2Btk","2017-01-31","Kellogg Soil Survey Laboratory Methods Manual, Soil Survey Investigations Report No. 42 Version 5.0, Issued 2014","Bulk Density, Clods (3B1)","S2016CO123012-4","clod",91.0,82.0,100.0,1.47,1.55,,15.3,,"USDA NRCS Kellogg Soil Survey Laboratory",,
"9da5a40a-714b-4e81-b453-51b389425f2c","CPER_014.basePlot.all","D10","CPER","CPER_014","S2016CO123010","2016-03-17","16N02737","C","2017-01-31","Kellogg Soil Survey Laboratory Methods Manual, Soil Survey Investigations Report No. 42 Version 5.0, Issued 2014","Bulk Density, Clods (3B1)","S2016CO123010-4","clod",93.5,87.0,100.0,1.46,1.50,,13.8,,"USDA NRCS Kellogg Soil Survey Laboratory",,
"01ae9a3f-f80c-4198-99e9-e2037bb569a6","CPER_020.basePlot.all","D10","CPER","CPER_020","S2016CO123012","2016-03-17","16N02742","A","2017-01-31","Kellogg Soil Survey Laboratory Methods Manual, Soil Survey Investigations Report No. 42 Version 5.0, Issued 2014","Bulk Density, Clods (3B1)","S2016CO123012-1","clod",7.0,0.0,14.0,1.28,1.35,,13.5,,"USDA NRCS Kellogg Soil Survey Laboratory",,
"13184cf4-40ca-424a-a8ab-e02f04210bc2","CPER_014.basePlot.all","D10","CPER","CPER_014","S2016CO123010","2016-03-17","16N02736","Bk","2017-01-31","Kellogg Soil Survey Laboratory Methods Manual, Soil Survey Investigations Report No. 42 Version 5.0, Issued 2014","Bulk Density, Clods (3B1)","S2016CO123010-3","clod",75.0,63.0,87.0,1.53,1.57,,9.6,,"USDA NRCS Kellogg Soil Survey Laboratory",,
"68704447-02ae-49ee-a874-482c10ede11b","CPER_020.basePlot.all","D10","CPER","CPER_020","S2016CO123012","2016-03-17","16N02743","Bt1","2017-01-31","Kellogg Soil Survey Laboratory Methods Manual, Soil Survey Investigations Report No. 42 Version 5.0, Issued 2014","Bulk Density, Clods (3B1)","S2016CO123012-2","clod",26.5,14.0,39.0,1.55,1.64,,12.1,,"USDA NRCS Kellogg Soil Survey Laboratory",,
"e53d6280-eb6d-4e75-9e7a-ac707682c8fc","CPER_002.basePlot.all","D10","CPER","CPER_002","S2016CO123001","2016-03-21","16N02696","Bt3","2017-01-31","Kellogg Soil Survey Laboratory Methods Manual, Soil Survey Investigations Report No. 42 Version 5.0, Issued 2014","Bulk Density, Clods (3B1)","S2016CO123001-4","clod",68.5,56.0,81.0,1.48,1.69,,7.7,,"USDA NRCS Kellogg Soil Survey Laboratory",,
"47331c2f-ec79-4ef4-9b83-2466947afcce","CPER_008.basePlot.all","D10","CPER","CPER_008","S2016CO123014","2016-03-21","16N02754","CBk","2017-01-31","Kellogg Soil Survey Laboratory Methods Manual, Soil Survey Investigations Report No. 42 Version 5.0, Issued 2014","Bulk Density, Clods (3B1)","S2016CO123014-5","clod",88.5,77.0,100.0,1.45,1.57,,17.9,,"USDA NRCS Kellogg Soil Survey Laboratory",,
"d055fbe7-af9f-4c30-963f-73e2ef5bf5db","CPER_008.basePlot.all","D10","CPER","CPER_008","S2016CO123014","2016-03-21","16N02753","BCk","2017-01-31","Kellogg Soil Survey Laboratory Methods Manual, Soil Survey Investigations Report No. 42 Version 5.0, Issued 2014","Bulk Density, Clods (3B1)","S2016CO123014-4","clod",67.0,57.0,77.0,1.59,1.66,,12.5,,"USDA NRCS Kellogg Soil Survey Laboratory",,
"257344ae-7c77-4d84-97d0-f4f5af4f0efa","CPER_008.basePlot.all","D10","CPER","CPER_008","S2016CO123014","2016-03-21","16N02750","A","2017-01-31","Kellogg Soil Survey Laboratory Methods Manual, Soil Survey Investigations Report No. 42 Version 5.0, Issued 2014","Bulk Density, Clods (3B1)","S2016CO123014-1","clod",3.5,0.0,7.0,1.30,1.44,,17.3,,"USDA NRCS Kellogg Soil Survey Laboratory",,
"b6720de3-9e72-4deb-a442-be2ab17c8406","CPER_008.basePlot.all","D10","CPER","CPER_008","S2016CO123014","2016-03-21","16N02752","Bk","2017-01-31","Kellogg Soil Survey Laboratory Methods Manual, Soil Survey Investigations Report No. 42 Version 5.0, Issued 2014","Bulk Density, Clods (3B1)","S2016CO123014-3","clod",42.5,28.0,57.0,1.62,1.68,,11.5,,"USDA NRCS Kellogg Soil Survey Laboratory",,
"9d51c52a-2c9b-41f2-95bd-50ade10a1abb","CPER_008.basePlot.all","D10","CPER","CPER_008","S2016CO123014","2016-03-21","16N02751","Bt","2017-01-31","Kellogg Soil Survey Laboratory Methods Manual, Soil Survey Investigations Report No. 42 Version 5.0, Issued 2014","Bulk Density, Clods (3B1)","S2016CO123014-2","clod",17.5,7.0,28.0,1.42,1.55,,16.9,,"USDA NRCS Kellogg Soil Survey Laboratory",,
"40a33f65-cc7f-48c0-a0d2-7926df4c67ce","CPER_001.basePlot.all","D10","CPER","CPER_001","S2016CO123005","2016-03-21","16N02713","2Bz1","2017-01-31","Kellogg Soil Survey Laboratory Methods Manual, Soil Survey Investigations Report No. 42 Version 5.0, Issued 2014","Bulk Density, Clods (3B1)","S2016CO123005-3","clod",47.5,37.0,58.0,1.21,1.31,,26.4,,"USDA NRCS Kellogg Soil Survey Laboratory",,
"2aed2613-172e-4fe5-9d55-e7ee218667a4","CPER_022.basePlot.all","D10","CPER","CPER_022","S2016CO123004","2016-03-21","16N02707","A","2017-01-31","Kellogg Soil Survey Laboratory Methods Manual, Soil Survey Investigations Report No. 42 Version 5.0, Issued 2014","Bulk Density, Clods (3B1)","S2016CO123004-1","clod",7.0,0.0,14.0,1.43,1.46,,12.2,,"USDA NRCS Kellogg Soil Survey Laboratory",,
"74c9bc18-20cf-41bf-8f06-7d3d3f91bcbc","CPER_002.basePlot.all","D10","CPER","CPER_002","S2016CO123001","2016-03-21","16N02694","Bt1","2017-01-31","Kellogg Soil Survey Laboratory Methods Manual, Soil Survey Investigations Report No. 42 Version 5.0, Issued 2014","Bulk Density, Clods (3B1)","S2016CO123001-2","clod",19.5,12.0,27.0,1.32,1.66,,15.1,,"USDA NRCS Kellogg Soil Survey Laboratory",,
"f0e18d60-2798-452a-92cd-b85e4684ffab","CPER_001.basePlot.all","D10","CPER","CPER_001","S2016CO123005","2016-03-21","16N02712","Bt","2017-01-31","Kellogg Soil Survey Laboratory Methods Manual, Soil Survey Investigations Report No. 42 Version 5.0, Issued 2014","Bulk Density, Clods (3B1)","S2016CO123005-2","clod",25.0,13.0,37.0,1.66,1.74,,10.7,,"USDA NRCS Kellogg Soil Survey Laboratory",,
"318b8fa7-14db-4bf1-b1ce-83be0a062c1d","CPER_001.basePlot.all","D10","CPER","CPER_001","S2016CO123005","2016-03-21","16N02711","A","2017-01-31","Kellogg Soil Survey Laboratory Methods Manual, Soil Survey Investigations Report No. 42 Version 5.0, Issued 2014","Bulk Density, Clods (3B1)","S2016CO123005-1","clod",6.5,0.0,13.0,1.39,1.45,,9.8,,"USDA NRCS Kellogg Soil Survey Laboratory",,
"9f6e912c-f874-4995-bc17-938cd1c47c83","CPER_002.basePlot.all","D10","CPER","CPER_002","S2016CO123001","2016-03-21","16N02695","Bt2","2017-01-31","Kellogg Soil Survey Laboratory Methods Manual, Soil Survey Investigations Report No. 42 Version 5.0, Issued 2014","Bulk Density, Clods (3B1)","S2016CO123001-3","clod",41.5,27.0,56.0,1.43,1.66,,9.1,,"USDA NRCS Kellogg Soil Survey Laboratory",,
"211cede3-95a2-4e77-ac6c-5623e7b50c52","CPER_002.basePlot.all","D10","CPER","CPER_002","S2016CO123001","2016-03-21","16N02693","A","2017-01-31","Kellogg Soil Survey Laboratory Methods Manual, Soil Survey Investigations Report No. 42 Version 5.0, Issued 2014","Bulk Density, Clods (3B1)","S2016CO123001-1","clod",6.0,0.0,12.0,1.29,1.43,,9.1,,"USDA NRCS Kellogg Soil Survey Laboratory",,
"00519d0f-666f-4818-accd-d27b47481a48","CPER_001.basePlot.all","D10","CPER","CPER_001","S2016CO123005","2016-03-21","16N02714","2Bz2","2017-01-31","Kellogg Soil Survey Laboratory Methods Manual, Soil Survey Investigations Report No. 42 Version 5.0, Issued 2014","Bulk Density, Clods (3B1)","S2016CO123005-4","clod",79.0,58.0,100.0,1.12,1.25,,30.1,,"USDA NRCS Kellogg Soil Survey Laboratory",,
"366161f1-d5d0-46e2-b995-b65f5bf76d71","CPER_022.basePlot.all","D10","CPER","CPER_022","S2016CO123004","2016-03-21","16N02709","Bk1","2017-01-31","Kellogg Soil Survey Laboratory Methods Manual, Soil Survey Investigations Report No. 42 Version 5.0, Issued 2014","Bulk Density, Clods (3B1)","S2016CO123004-3","clod",58.0,37.0,79.0,1.51,1.57,,12.4,,"USDA NRCS Kellogg Soil Survey Laboratory",,
"7d28705d-bd81-4a5a-94e6-0cc38631d67e","CPER_002.basePlot.all","D10","CPER","CPER_002","S2016CO123001","2016-03-21","16N02697","Bk","2017-01-31","Kellogg Soil Survey Laboratory Methods Manual, Soil Survey Investigations Report No. 42 Version 5.0, Issued 2014","Bulk Density, Clods (3B1)","S2016CO123001-5","clod",90.5,81.0,100.0,1.50,1.70,,6.8,,"USDA NRCS Kellogg Soil Survey Laboratory",,
"b2d7e14b-8c6d-44e0-829c-f18af907a9e6","CPER_022.basePlot.all","D10","CPER","CPER_022","S2016CO123004","2016-03-21","16N02708","Bt","2017-01-31","Kellogg Soil Survey Laboratory Methods Manual, Soil Survey Investigations Report No. 42 Version 5.0, Issued 2014","Bulk Density, Clods (3B1)","S2016CO123004-2","clod",25.5,14.0,37.0,1.47,1.56,,11.5,,"USDA NRCS Kellogg Soil Survey Laboratory",,
"13f44d68-a805-43af-8e44-a68b0a7bd1cb","CPER_022.basePlot.all","D10","CPER","CPER_022","S2016CO123004","2016-03-21","16N02710","Bk2","2017-01-31","Kellogg Soil Survey Laboratory Methods Manual, Soil Survey Investigations Report No. 42 Version 5.0, Issued 2014","Bulk Density, Clods (3B1)","S2016CO123004-4","clod",89.5,79.0,100.0,1.55,1.60,,9.4,,"USDA NRCS Kellogg Soil Survey Laboratory",,
"3bf600dc-9a6e-44b1-a8e8-51dea1054338","CPER_017.basePlot.all","D10","CPER","CPER_017","S2016CO123006","2016-03-22","16N02716","Bt","2017-01-31","Kellogg Soil Survey Laboratory Methods Manual, Soil Survey Investigations Report No. 42 Version 5.0, Issued 2014","Bulk Density, Clods (3B1)","S2016CO123006-2","clod",27.0,23.0,31.0,1.35,1.38,,17.9,,"USDA NRCS Kellogg Soil Survey Laboratory",,
"f629b16d-bb3f-428a-b265-b7cec8919908","CPER_017.basePlot.all","D10","CPER","CPER_017","S2016CO123006","2016-03-22","16N02717","Bk1","2017-01-31","Kellogg Soil Survey Laboratory Methods Manual, Soil Survey Investigations Report No. 42 Version 5.0, Issued 2014","Bulk Density, Clods (3B1)","S2016CO123006-3","clod",43.5,31.0,56.0,1.23,1.31,,25.1,,"USDA NRCS Kellogg Soil Survey Laboratory",,
"500f52b2-572d-4537-9134-500e4259b9e0","CPER_017.basePlot.all","D10","CPER","CPER_017","S2016CO123006","2016-03-22","16N02719","Bk2","2017-01-31","Kellogg Soil Survey Laboratory Methods Manual, Soil Survey Investigations Report No. 42 Version 5.0, Issued 2014","Bulk Density, Clods (3B1)","S2016CO123006-5","clod",92.0,84.0,100.0,1.31,1.32,,25.1,,"USDA NRCS Kellogg Soil Survey Laboratory",,
"eee2b443-a734-4e88-becf-fe2e7eff048b","CPER_017.basePlot.all","D10","CPER","CPER_017","S2016CO123006","2016-03-22","16N02715","A","2017-01-31","Kellogg Soil Survey Laboratory Methods Manual, Soil Survey Investigations Report No. 42 Version 5.0, Issued 2014","Bulk Density, Clods (3B1)","S2016CO123006-1","clod",11.5,0.0,23.0,1.45,1.53,,13.2,,"USDA NRCS Kellogg Soil Survey Laboratory",,
"2f26af96-90d6-4039-9a3c-0954605dfc77","CPER_023.basePlot.all","D10","CPER","CPER_023","S2016CO123013","2016-03-22","16N02749","2Btb","2017-01-31","Kellogg Soil Survey Laboratory Methods Manual, Soil Survey Investigations Report No. 42 Version 5.0, Issued 2014","Bulk Density, Clods (3B1)","S2016CO123013-4","clod",86.0,72.0,100.0,1.63,1.70,,12.6,,"USDA NRCS Kellogg Soil Survey Laboratory",,
"b49a4a0f-50b3-40bc-9e43-8ee9c9993bed","CPER_016.basePlot.all","D10","CPER","CPER_016","S2016CO123015","2016-03-22","16N02756","Bt","2017-01-31","Kellogg Soil Survey Laboratory Methods Manual, Soil Survey Investigations Report No. 42 Version 5.0, Issued 2014","Bulk Density, Clods (3B1)","S2016CO123015-2","clod",25.0,12.0,38.0,1.46,1.52,,11.0,,"USDA NRCS Kellogg Soil Survey Laboratory",,
"1737a2a2-9d1f-456f-af54-31050388f20a","CPER_023.basePlot.all","D10","CPER","CPER_023","S2016CO123013","2016-03-22","16N02747","Bt1","2017-01-31","Kellogg Soil Survey Laboratory Methods Manual, Soil Survey Investigations Report No. 42 Version 5.0, Issued 2014","Bulk Density, Clods (3B1)","S2016CO123013-2","clod",27.0,17.0,37.0,1.55,1.57,,9.5,,"USDA NRCS Kellogg Soil Survey Laboratory",,
"9b886056-d6e3-4586-8232-95e846fbb9d6","CPER_016.basePlot.all","D10","CPER","CPER_016","S2016CO123015","2016-03-22","16N02755","A","2017-01-31","Kellogg Soil Survey Laboratory Methods Manual, Soil Survey Investigations Report No. 42 Version 5.0, Issued 2014","Bulk Density, Clods (3B1)","S2016CO123015-1","clod",6.0,0.0,12.0,1.44,1.47,,9.7,,"USDA NRCS Kellogg Soil Survey Laboratory",,
"e3f0041d-8a42-4d9b-8661-4b756fe6e393","CPER_016.basePlot.all","D10","CPER","CPER_016","S2016CO123015","2016-03-22","16N02758","Bk2","2017-01-31","Kellogg Soil Survey Laboratory Methods Manual, Soil Survey Investigations Report No. 42 Version 5.0, Issued 2014","Bulk Density, Clods (3B1)","S2016CO123015-4","clod",59.0,51.0,67.0,1.50,1.54,,10.5,,"USDA NRCS Kellogg Soil Survey Laboratory",,
"b5535e9a-1ed6-4194-80d3-02c9a29ca8ba","CPER_023.basePlot.all","D10","CPER","CPER_023","S2016CO123013","2016-03-22","16N02746","A","2017-01-31","Kellogg Soil Survey Laboratory Methods Manual, Soil Survey Investigations Report No. 42 Version 5.0, Issued 2014","Bulk Density, Clods (3B1)","S2016CO123013-1","clod",8.5,0.0,17.0,1.50,1.54,,9.0,,"USDA NRCS Kellogg Soil Survey Laboratory",,
"ec23afd8-3eb3-43ee-a3a1-025da94f49d8","CPER_023.basePlot.all","D10","CPER","CPER_023","S2016CO123013","2016-03-22","16N02748","Bt2","2017-01-31","Kellogg Soil Survey Laboratory Methods Manual, Soil Survey Investigations Report No. 42 Version 5.0, Issued 2014","Bulk Density, Clods (3B1)","S2016CO123013-3","clod",54.5,37.0,72.0,1.59,1.70,,13.9,,"USDA NRCS Kellogg Soil Survey Laboratory",,
"566a3465-9c24-412d-97d3-6ff01cfe1d86","CPER_007.basePlot.all","D10","CPER","CPER_007","S2016CO123007","2016-03-22","16N02720","A","2017-01-31","Kellogg Soil Survey Laboratory Methods Manual, Soil Survey Investigations Report No. 42 Version 5.0, Issued 2014","Bulk Density, Clods (3B1)","S2016CO123007-1","clod",9.5,0.0,19.0,1.52,1.60,,9.2,,"USDA NRCS Kellogg Soil Survey Laboratory",,
"02f08f01-beed-4b65-917a-46a98653ad32","CPER_007.basePlot.all","D10","CPER","CPER_007","S2016CO123007","2016-03-22","16N02721","Ab","2017-01-31","Kellogg Soil Survey Laboratory Methods Manual, Soil Survey Investigations Report No. 42 Version 5.0, Issued 2014","Bulk Density, Clods (3B1)","S2016CO123007-2","clod",32.5,19.0,46.0,1.60,1.62,,9.2,,"USDA NRCS Kellogg Soil Survey Laboratory",,
"6a878e1e-1baa-4f17-8889-af50352a569f","CPER_017.basePlot.all","D10","CPER","CPER_017","S2016CO123006","2016-03-22","16N02718","Bk1","2017-01-31","Kellogg Soil Survey Laboratory Methods Manual, Soil Survey Investigations Report No. 42 Version 5.0, Issued 2014","Bulk Density, Clods (3B1)","S2016CO123006-4","clod",70.0,56.0,84.0,1.31,1.43,,25.9,,"USDA NRCS Kellogg Soil Survey Laboratory",,
"bc72777a-6d0f-4d1c-91ae-ffcab33bbb69","CPER_007.basePlot.all","D10","CPER","CPER_007","S2016CO123007","2016-03-22","16N02722","Bk1","2017-01-31","Kellogg Soil Survey Laboratory Methods Manual, Soil Survey Investigations Report No. 42 Version 5.0, Issued 2014","Bulk Density, Clods (3B1)","S2016CO123007-3","clod",57.5,46.0,69.0,1.63,1.65,,6.3,,"USDA NRCS Kellogg Soil Survey Laboratory",,
"500ffcc8-6a5d-41f8-bbf5-8f5797855ae7","CPER_007.basePlot.all","D10","CPER","CPER_007","S2016CO123007","2016-03-22","16N02723","Bk2","2017-01-31","Kellogg Soil Survey Laboratory Methods Manual, Soil Survey Investigations Report No. 42 Version 5.0, Issued 2014","Bulk Density, Clods (3B1)","S2016CO123007-4","clod",84.5,69.0,100.0,1.53,1.63,,10.7,,"USDA NRCS Kellogg Soil Survey Laboratory",,
"e4241ef0-6d64-465c-9fdb-a33b11095d83","CPER_016.basePlot.all","D10","CPER","CPER_016","S2016CO123015","2016-03-22","16N02757","Bk1","2017-01-31","Kellogg Soil Survey Laboratory Methods Manual, Soil Survey Investigations Report No. 42 Version 5.0, Issued 2014","Bulk Density, Clods (3B1)","S2016CO123015-3","clod",44.5,38.0,51.0,1.50,1.54,,7.5,,"USDA NRCS Kellogg Soil Survey Laboratory",,
"c4473494-0e40-4838-9733-297ff984f178","CPER_016.basePlot.all","D10","CPER","CPER_016","S2016CO123015","2016-03-22","16N02759","Bk3","2017-01-31","Kellogg Soil Survey Laboratory Methods Manual, Soil Survey Investigations Report No. 42 Version 5.0, Issued 2014","Bulk Density, Clods (3B1)","S2016CO123015-5","clod",83.5,67.0,100.0,1.47,1.52,,13.0,,"USDA NRCS Kellogg Soil Survey Laboratory",,
"414861ce-67f2-41ea-a7e6-943881ab585f","CPER_019.basePlot.all","D10","CPER","CPER_019","S2016CO123017","2016-03-28","16N02765","A","2017-01-31","Kellogg Soil Survey Laboratory Methods Manual, Soil Survey Investigations Report No. 42 Version 5.0, Issued 2014","Bulk Density, Clods (3B1)","S2016CO123017-1","clod",10.5,0.0,21.0,1.42,1.51,,15.2,,"USDA NRCS Kellogg Soil Survey Laboratory",,
"2f2f87cc-2ffc-43e5-9e5a-3c5e78fee5f9","CPER_019.basePlot.all","D10","CPER","CPER_019","S2016CO123017","2016-03-28","16N02766","Bt","2017-01-31","Kellogg Soil Survey Laboratory Methods Manual, Soil Survey Investigations Report No. 42 Version 5.0, Issued 2014","Bulk Density, Clods (3B1)","S2016CO123017-2","clod",34.5,21.0,48.0,1.40,1.59,,20.9,,"USDA NRCS Kellogg Soil Survey Laboratory",,
"7adba63c-1001-4f71-a4dd-a311dc24a257","CPER_012.basePlot.all","D10","CPER","CPER_012","S2016CO123016","2016-03-28","16N02762","Bt2","2017-01-31","Kellogg Soil Survey Laboratory Methods Manual, Soil Survey Investigations Report No. 42 Version 5.0, Issued 2014","Bulk Density, Clods (3B1)","S2016CO123016-3","clod",35.5,21.0,50.0,1.47,1.58,,13.1,,"USDA NRCS Kellogg Soil Survey Laboratory",,
"73b91f1b-a559-4d22-bf84-b06e1c6db670","CPER_012.basePlot.all","D10","CPER","CPER_012","S2016CO123016","2016-03-28","16N02764","CBk","2017-01-31","Kellogg Soil Survey Laboratory Methods Manual, Soil Survey Investigations Report No. 42 Version 5.0, Issued 2014","Bulk Density, Clods (3B1)","S2016CO123016-5","clod",89.0,78.0,100.0,1.45,1.70,,26.4,,"USDA NRCS Kellogg Soil Survey Laboratory",,
"ff777842-cb4c-4424-acab-a34d39ef4dba","CPER_012.basePlot.all","D10","CPER","CPER_012","S2016CO123016","2016-03-28","16N02760","A","2017-01-31","Kellogg Soil Survey Laboratory Methods Manual, Soil Survey Investigations Report No. 42 Version 5.0, Issued 2014","Bulk Density, Clods (3B1)","S2016CO123016-1","clod",5.0,0.0,10.0,1.46,1.51,,11.3,,"USDA NRCS Kellogg Soil Survey Laboratory",,
"f133a648-6f21-4eba-8db6-a7a6b497f5a0","CPER_012.basePlot.all","D10","CPER","CPER_012","S2016CO123016","2016-03-28","16N02761","Bt1","2017-01-31","Kellogg Soil Survey Laboratory Methods Manual, Soil Survey Investigations Report No. 42 Version 5.0, Issued 2014","Bulk Density, Clods (3B1)","S2016CO123016-2","clod",15.5,10.0,21.0,1.45,1.53,,13.0,,"USDA NRCS Kellogg Soil Survey Laboratory",,
"d7bcceb2-4228-465e-b87c-9324a545ef53","CPER_019.basePlot.all","D10","CPER","CPER_019","S2016CO123017","2016-03-28","16N02767","Bk","2017-01-31","Kellogg Soil Survey Laboratory Methods Manual, Soil Survey Investigations Report No. 42 Version 5.0, Issued 2014","Bulk Density, Clods (3B1)","S2016CO123017-3","clod",59.5,48.0,71.0,1.39,1.52,,21.8,,"USDA NRCS Kellogg Soil Survey Laboratory",,
"a7966ec5-ff74-491c-960c-4dd2a1506155","CPER_012.basePlot.all","D10","CPER","CPER_012","S2016CO123016","2016-03-28","16N02763","Bk","2017-01-31","Kellogg Soil Survey Laboratory Methods Manual, Soil Survey Investigations Report No. 42 Version 5.0, Issued 2014","Bulk Density, Clods (3B1)","S2016CO123016-4","clod",64.0,50.0,78.0,1.36,1.46,,16.0,,"USDA NRCS Kellogg Soil Survey Laboratory",,
"34d4ad14-0c92-4620-a93b-9b93d14aaf42","CPER_019.basePlot.all","D10","CPER","CPER_019","S2016CO123017","2016-03-28","16N02768","BCk","2017-01-31","Kellogg Soil Survey Laboratory Methods Manual, Soil Survey Investigations Report No. 42 Version 5.0, Issued 2014","Bulk Density, Clods (3B1)","S2016CO123017-4","clod",85.5,71.0,100.0,1.38,1.68,,27.7,,"USDA NRCS Kellogg Soil Survey Laboratory",,
