uid,namedLocation,domainID,siteID,plotID,pitID,collectDate,testProtocolVersion,nrcsDescriptionID,horizonID,horizonName,horizonTopDepth,horizonBottomDepth,remarks,dataQF
"8878ad23-7b54-4b77-a1b6-fd10c8a8f937","CPER_030.basePlot.all","D10","CPER","CPER_030","1171106","2016-03-16","Field Book for Describing and Sampling Soils ver3","S2016CO123011","16N02740","Btk",41,68,,
"e5333d84-bade-4e09-aafa-6382edf15726","CPER_005.basePlot.all","D10","CPER","CPER_005","1171103","2016-03-16","Field Book for Describing and Sampling Soils ver3","S2016CO123008","16N02726","Btk",27,46,,
"de690283-4479-45ea-83c5-6601f775b4f2","CPER_013.basePlot.all","D10","CPER","CPER_013","1171097","2016-03-16","Field Book for Describing and Sampling Soils ver3","S2016CO123002","16N02700","Bkb2",45,68,,
"9ee85815-8ab6-4d81-ad94-0ab85d534b26","CPER_015.basePlot.all","D10","CPER","CPER_015","1171104","2016-03-16","Field Book for Describing and Sampling Soils ver3","S2016CO123009","16N02732","2Atb",65,84,"very slight effervescence on calcium carbonate threads only",
"ce553559-d3a1-4ad9-8f80-0c57cf542127","CPER_018.basePlot.all","D10","CPER","CPER_018","1171098","2016-03-16","Field Book for Describing and Sampling Soils ver3","S2016CO123003","16N02704","Bt2",40,72,,
"2197e625-4006-485b-b700-75312e40e792","CPER_015.basePlot.all","D10","CPER","CPER_015","1171104","2016-03-16","Field Book for Describing and Sampling Soils ver3","S2016CO123009","16N02729","A",0,10,,
"560ec434-533f-4d06-8a12-349aee67107a","CPER_015.basePlot.all","D10","CPER","CPER_015","1171104","2016-03-16","Field Book for Describing and Sampling Soils ver3","S2016CO123009","16N02730","Bw1",10,23,,
"5d9a1af0-0856-4f4e-bdf3-6546ca7681ca","CPER_030.basePlot.all","D10","CPER","CPER_030","1171106","2016-03-16","Field Book for Describing and Sampling Soils ver3","S2016CO123011","16N02739","Bt",20,41,,
"8fb65547-0e03-43a5-bbf6-70287af1c4d1","CPER_005.basePlot.all","D10","CPER","CPER_005","1171103","2016-03-16","Field Book for Describing and Sampling Soils ver3","S2016CO123008","16N02728","Bk2",68,100,,
"bb9b95a4-f348-4b54-be4d-33057d28bdf2","CPER_015.basePlot.all","D10","CPER","CPER_015","1171104","2016-03-16","Field Book for Describing and Sampling Soils ver3","S2016CO123009","16N02733","2Btk",84,100,"very slight effervescence on calcium carbonate threads only",
"120a7ed3-023d-42f4-9bf2-b479581d7300","CPER_013.basePlot.all","D10","CPER","CPER_013","1171097","2016-03-16","Field Book for Describing and Sampling Soils ver3","S2016CO123002","16N02699","Bkb1",19,45,,
"f346b516-d3f5-49c6-8d3b-cafa05e2ae89","CPER_018.basePlot.all","D10","CPER","CPER_018","1171098","2016-03-16","Field Book for Describing and Sampling Soils ver3","S2016CO123003","16N02705","Btk",72,83,,
"dc979687-257f-47cf-b52f-9e170da85a57","CPER_005.basePlot.all","D10","CPER","CPER_005","1171103","2016-03-16","Field Book for Describing and Sampling Soils ver3","S2016CO123008","16N02724","A",0,10,,
"5f32d958-26b2-4020-850c-74cefb0a21b1","CPER_015.basePlot.all","D10","CPER","CPER_015","1171104","2016-03-16","Field Book for Describing and Sampling Soils ver3","S2016CO123009","16N02731","Bw2",23,65,,
"2372f7cf-075f-433e-be8c-4a19f9a1c2a9","CPER_030.basePlot.all","D10","CPER","CPER_030","1171106","2016-03-16","Field Book for Describing and Sampling Soils ver3","S2016CO123011","16N02738","A",0,20,,
"355dd128-6502-4594-8ad8-6f5add1df8ac","CPER_013.basePlot.all","D10","CPER","CPER_013","1171097","2016-03-16","Field Book for Describing and Sampling Soils ver3","S2016CO123002","16N02698","A",0,19,,
"f4e1b52a-7c2c-454c-a696-e2b14644c8dd","CPER_005.basePlot.all","D10","CPER","CPER_005","1171103","2016-03-16","Field Book for Describing and Sampling Soils ver3","S2016CO123008","16N02725","Bt",10,27,,
"70e190fb-fde8-4a5c-9003-8673b7acbbc1","CPER_005.basePlot.all","D10","CPER","CPER_005","1171103","2016-03-16","Field Book for Describing and Sampling Soils ver3","S2016CO123008","16N02727","Bk1",46,68,,
"ebedda19-d732-4a51-8e16-6e003ec626d0","CPER_018.basePlot.all","D10","CPER","CPER_018","1171098","2016-03-16","Field Book for Describing and Sampling Soils ver3","S2016CO123003","16N02703","Bt1",15,40,,
"9629c02f-fecb-46be-8b5c-173cebf521d6","CPER_013.basePlot.all","D10","CPER","CPER_013","1171097","2016-03-16","Field Book for Describing and Sampling Soils ver3","S2016CO123002","16N02701","Bkb3",68,100,,
"358da174-5f90-401e-a8fc-f78981c3e2b7","CPER_018.basePlot.all","D10","CPER","CPER_018","1171098","2016-03-16","Field Book for Describing and Sampling Soils ver3","S2016CO123003","16N02702","A",0,15,,
"31747bc7-fca2-499f-a832-b7e91e9fa198","CPER_030.basePlot.all","D10","CPER","CPER_030","1171106","2016-03-16","Field Book for Describing and Sampling Soils ver3","S2016CO123011","16N02741","BCk",68,100,,
"0031f529-b714-410f-8162-69a122279b87","CPER_018.basePlot.all","D10","CPER","CPER_018","1171098","2016-03-16","Field Book for Describing and Sampling Soils ver3","S2016CO123003","16N02706","2C",83,100,,
"29760371-3b0d-43e8-b162-274b2a4f8964","CPER_020.basePlot.all","D10","CPER","CPER_020","1171107","2016-03-17","Field Book for Describing and Sampling Soils ver3","S2016CO123012","16N02745","2Btk",82,100,,
"80b4f4a8-68ca-4939-8292-2bfebc9944f7","CPER_014.basePlot.all","D10","CPER","CPER_014","1171105","2016-03-17","Field Book for Describing and Sampling Soils ver3","S2016CO123010","16N02737","C",87,100,,
"116eb307-5bbb-4024-96cf-ae28089715c6","CPER_014.basePlot.all","D10","CPER","CPER_014","1171105","2016-03-17","Field Book for Describing and Sampling Soils ver3","S2016CO123010","16N02734","A",0,15,,
"e34c78c0-09b1-4627-9181-cc9a78a9df34","CPER_014.basePlot.all","D10","CPER","CPER_014","1171105","2016-03-17","Field Book for Describing and Sampling Soils ver3","S2016CO123010","16N02735","Bw",15,63,,
"d4bfde82-d4d3-4c91-bc16-256eb8b2a6ab","CPER_014.basePlot.all","D10","CPER","CPER_014","1171105","2016-03-17","Field Book for Describing and Sampling Soils ver3","S2016CO123010","16N02736","Bk",63,87,"very slight effervescence on calcium carbonate threads only",
"a979bf7d-1ee8-48fc-915c-4a341885d38e","CPER_020.basePlot.all","D10","CPER","CPER_020","1171107","2016-03-17","Field Book for Describing and Sampling Soils ver3","S2016CO123012","16N02744","Bt2",39,82,,
"a2508b53-369b-4f11-b29b-fd754c53d27f","CPER_020.basePlot.all","D10","CPER","CPER_020","1171107","2016-03-17","Field Book for Describing and Sampling Soils ver3","S2016CO123012","16N02743","Bt1",14,39,,
"4cbc718f-3ef6-4c13-ba9a-a7f4d6a1598f","CPER_020.basePlot.all","D10","CPER","CPER_020","1171107","2016-03-17","Field Book for Describing and Sampling Soils ver3","S2016CO123012","16N02742","A",0,14,,
"c0f4c155-b696-415e-82e6-3a34d4bb94a5","CPER_001.basePlot.all","D10","CPER","CPER_001","1171100","2016-03-21","Field Book for Describing and Sampling Soils ver3","S2016CO123005","16N02711","A",0,13,"texture high in coarse sand",
"4335c373-3d9f-48ce-a90a-5a93a220ce1a","CPER_008.basePlot.all","D10","CPER","CPER_008","1171109","2016-03-21","Field Book for Describing and Sampling Soils ver3","S2016CO123014","16N02751","Bt",7,28,,
"523186d9-41e0-480c-8e78-eae6b159c45f","CPER_008.basePlot.all","D10","CPER","CPER_008","1171109","2016-03-21","Field Book for Describing and Sampling Soils ver3","S2016CO123014","16N02753","BCk",57,77,,
"45c273bd-4c7b-4f6a-a0cf-c79c34e3a063","CPER_008.basePlot.all","D10","CPER","CPER_008","1171109","2016-03-21","Field Book for Describing and Sampling Soils ver3","S2016CO123014","16N02752","Bk",28,57,,
"806dd0f1-315c-45c5-9d9f-81f87de39dcd","CPER_008.basePlot.all","D10","CPER","CPER_008","1171109","2016-03-21","Field Book for Describing and Sampling Soils ver3","S2016CO123014","16N02754","CBk",77,100,,
"b721b2fa-e21a-4f6f-adbc-a68b75aa399c","CPER_008.basePlot.all","D10","CPER","CPER_008","1171109","2016-03-21","Field Book for Describing and Sampling Soils ver3","S2016CO123014","16N02750","A",0,7,,
"50ed7c9c-4486-47a9-b503-c8b9d51e2613","CPER_002.basePlot.all","D10","CPER","CPER_002","1171096","2016-03-21","Field Book for Describing and Sampling Soils ver3","S2016CO123001","16N02695","Bt2",27,56,,
"520e70ac-80da-4b5c-920a-19a5d90d40c8","CPER_001.basePlot.all","D10","CPER","CPER_001","1171100","2016-03-21","Field Book for Describing and Sampling Soils ver3","S2016CO123005","16N02712","Bt",13,37,,
"a71e9e07-57ec-401c-9b75-dbb35047ba9d","CPER_002.basePlot.all","D10","CPER","CPER_002","1171096","2016-03-21","Field Book for Describing and Sampling Soils ver3","S2016CO123001","16N02696","Bt3",56,81,,
"472868d2-37c7-4c69-88bb-5bbac228c754","CPER_022.basePlot.all","D10","CPER","CPER_022","1171099","2016-03-21","Field Book for Describing and Sampling Soils ver3","S2016CO123004","16N02707","A",0,14,,
"5108fe46-d4da-4c72-96c5-90ab1188275f","CPER_022.basePlot.all","D10","CPER","CPER_022","1171099","2016-03-21","Field Book for Describing and Sampling Soils ver3","S2016CO123004","16N02710","Bk2",79,100,,
"814d3220-d130-42f8-8b56-3bf60c7a6051","CPER_002.basePlot.all","D10","CPER","CPER_002","1171096","2016-03-21","Field Book for Describing and Sampling Soils ver3","S2016CO123001","16N02693","A",0,12,,
"a001af38-8177-4aa2-85ee-16a7de2be3a3","CPER_022.basePlot.all","D10","CPER","CPER_022","1171099","2016-03-21","Field Book for Describing and Sampling Soils ver3","S2016CO123004","16N02708","Bt",14,37,,
"62cfbab9-bddd-4ead-bb42-31139158b5a6","CPER_002.basePlot.all","D10","CPER","CPER_002","1171096","2016-03-21","Field Book for Describing and Sampling Soils ver3","S2016CO123001","16N02697","Bk",81,100,,
"59049d9e-07aa-44f9-a491-b6612e65e1d6","CPER_022.basePlot.all","D10","CPER","CPER_022","1171099","2016-03-21","Field Book for Describing and Sampling Soils ver3","S2016CO123004","16N02709","Bk1",37,79,,
"a187132e-91ed-4df6-ae10-9280d6fca073","CPER_001.basePlot.all","D10","CPER","CPER_001","1171100","2016-03-21","Field Book for Describing and Sampling Soils ver3","S2016CO123005","16N02714","2Bz2",58,100,,
"4f06df49-c035-46f4-95a3-69edc6ce9df5","CPER_001.basePlot.all","D10","CPER","CPER_001","1171100","2016-03-21","Field Book for Describing and Sampling Soils ver3","S2016CO123005","16N02713","2Bz1",37,58,,
"1ede7bb5-6945-492e-8bf6-37ab549e29c1","CPER_002.basePlot.all","D10","CPER","CPER_002","1171096","2016-03-21","Field Book for Describing and Sampling Soils ver3","S2016CO123001","16N02694","Bt1",12,27,,
"394d44bd-a97e-4f53-9d13-c36aba8ae6a2","CPER_007.basePlot.all","D10","CPER","CPER_007","1171102","2016-03-22","Field Book for Describing and Sampling Soils ver3","S2016CO123007","16N02723","Bk2",69,100,,
"a8a01bfd-1aa0-4fe2-a34a-a3ab377b5130","CPER_017.basePlot.all","D10","CPER","CPER_017","1171101","2016-03-22","Field Book for Describing and Sampling Soils ver3","S2016CO123006","16N02717","Bk1",31,56,"few iron-manganese nodules on ped faces",
"8555080c-746d-4ee8-bdbb-57d802d42b04","CPER_017.basePlot.all","D10","CPER","CPER_017","1171101","2016-03-22","Field Book for Describing and Sampling Soils ver3","S2016CO123006","16N02718","Bk1",56,84,"few iron-manganese nodules on ped faces",
"79faa07c-eca3-4337-9eb4-a572a654d783","CPER_017.basePlot.all","D10","CPER","CPER_017","1171101","2016-03-22","Field Book for Describing and Sampling Soils ver3","S2016CO123006","16N02716","Bt",23,31,,
"06222854-fb76-4e3a-8112-3f76e420611e","CPER_007.basePlot.all","D10","CPER","CPER_007","1171102","2016-03-22","Field Book for Describing and Sampling Soils ver3","S2016CO123007","16N02721","Ab",19,46,,
"a8aacadc-2d0d-4209-9e0d-6b0b260e76b7","CPER_007.basePlot.all","D10","CPER","CPER_007","1171102","2016-03-22","Field Book for Describing and Sampling Soils ver3","S2016CO123007","16N02722","Bk1",46,69,,
"181ad480-9c62-41e1-8646-a541278dfbe9","CPER_017.basePlot.all","D10","CPER","CPER_017","1171101","2016-03-22","Field Book for Describing and Sampling Soils ver3","S2016CO123006","16N02719","Bk2",84,100,"common iron-manganese nodules on ped faces",
"b521c61c-3b4a-466d-8870-35118d8a301c","CPER_017.basePlot.all","D10","CPER","CPER_017","1171101","2016-03-22","Field Book for Describing and Sampling Soils ver3","S2016CO123006","16N02715","A",0,23,,
"2a48970c-cfb8-4773-9580-c8467c60ef8f","CPER_007.basePlot.all","D10","CPER","CPER_007","1171102","2016-03-22","Field Book for Describing and Sampling Soils ver3","S2016CO123007","16N02720","A",0,19,,
"05466e3b-8f45-46ba-96a3-8f108ef68e7c","CPER_023.basePlot.all","D10","CPER","CPER_023","1171108","2016-03-22","Field Book for Describing and Sampling Soils ver3","S2016CO123013","16N02747","Bt1",17,37,,
"0b4aba24-b036-46b6-ac9d-f3d4e6eca74d","CPER_023.basePlot.all","D10","CPER","CPER_023","1171108","2016-03-22","Field Book for Describing and Sampling Soils ver3","S2016CO123013","16N02746","A",0,17,,
"55f76f5c-b79e-49fc-8df6-be85b83e292a","CPER_023.basePlot.all","D10","CPER","CPER_023","1171108","2016-03-22","Field Book for Describing and Sampling Soils ver3","S2016CO123013","16N02749","2Btb",72,100,,
"7dc17cb0-e0d8-4fe8-bdd0-286bc012df20","CPER_016.basePlot.all","D10","CPER","CPER_016","1171110","2016-03-22","Field Book for Describing and Sampling Soils ver3","S2016CO123015","16N02755","A",0,12,,
"145b39a0-2292-4ab4-9891-77dedc37a120","CPER_016.basePlot.all","D10","CPER","CPER_016","1171110","2016-03-22","Field Book for Describing and Sampling Soils ver3","S2016CO123015","16N02756","Bt",12,38,,
"d0283835-0a1a-4b75-a5ff-1ac8f14a5d7a","CPER_023.basePlot.all","D10","CPER","CPER_023","1171108","2016-03-22","Field Book for Describing and Sampling Soils ver3","S2016CO123013","16N02748","Bt2",37,72,,
"0e1d177a-55c9-4632-9138-87d01169da04","CPER_016.basePlot.all","D10","CPER","CPER_016","1171110","2016-03-22","Field Book for Describing and Sampling Soils ver3","S2016CO123015","16N02758","Bk2",51,67,,
"459321c1-3f33-4872-bcdc-7884274a222e","CPER_016.basePlot.all","D10","CPER","CPER_016","1171110","2016-03-22","Field Book for Describing and Sampling Soils ver3","S2016CO123015","16N02759","Bk3",67,100,,
"93a24206-c12e-471a-a8ee-1c539fe4b28c","CPER_016.basePlot.all","D10","CPER","CPER_016","1171110","2016-03-22","Field Book for Describing and Sampling Soils ver3","S2016CO123015","16N02757","Bk1",38,51,,
"d2e78eb2-f1c6-4464-a286-40c61c09d830","CPER_012.basePlot.all","D10","CPER","CPER_012","1171111","2016-03-28","Field Book for Describing and Sampling Soils ver3","S2016CO123016","16N02761","Bt1",10,21,,
"9d4599c4-11a7-40a0-a36a-796b953eea80","CPER_019.basePlot.all","D10","CPER","CPER_019","1171112","2016-03-28","Field Book for Describing and Sampling Soils ver3","S2016CO123017","16N02768","BCk",71,100,"texture high in fine sand",
"dd228b39-b758-43c3-9be8-f99f29be65e2","CPER_012.basePlot.all","D10","CPER","CPER_012","1171111","2016-03-28","Field Book for Describing and Sampling Soils ver3","S2016CO123016","16N02763","Bk",50,78,"texture high in fine sand",
"519095be-a43c-438b-b7d9-cf17905386ce","CPER_012.basePlot.all","D10","CPER","CPER_012","1171111","2016-03-28","Field Book for Describing and Sampling Soils ver3","S2016CO123016","16N02762","Bt2",21,50,,
"ed82cedf-bd7f-46d8-a5e5-aa448a3d6cd8","CPER_019.basePlot.all","D10","CPER","CPER_019","1171112","2016-03-28","Field Book for Describing and Sampling Soils ver3","S2016CO123017","16N02765","A",0,21,,
"65e36ffa-9e43-4757-88ab-1c2ba936d43c","CPER_019.basePlot.all","D10","CPER","CPER_019","1171112","2016-03-28","Field Book for Describing and Sampling Soils ver3","S2016CO123017","16N02767","Bk",48,71,"2% 10YR 3/2 colored soil material in cracks",
"83f705bf-3469-446e-93df-70b67a70f118","CPER_012.basePlot.all","D10","CPER","CPER_012","1171111","2016-03-28","Field Book for Describing and Sampling Soils ver3","S2016CO123016","16N02764","CBk",78,100,,
"7c4f2828-495e-4d8c-8e3c-32d49c4760c4","CPER_012.basePlot.all","D10","CPER","CPER_012","1171111","2016-03-28","Field Book for Describing and Sampling Soils ver3","S2016CO123016","16N02760","A",0,10,,
"ce3d3ecc-7e07-481d-b81d-72350253d333","CPER_019.basePlot.all","D10","CPER","CPER_019","1171112","2016-03-28","Field Book for Describing and Sampling Soils ver3","S2016CO123017","16N02766","Bt",21,48,"2% 10YR 3/2 colored soil material in cracks",
