uid,namedLocation,domainID,siteID,plotID,nrcsDescriptionID,collectDate,horizonID,horizonName,biogeoIDnrcs,biogeoSampleType,biogeoTopDepth,biogeoBottomDepth,biogeoCenterDepth,particleSizeDistProcessedDate,particleSizeDistMethodPub,particleSizeDistMethod,coarseFrag2To5,coarseFrag5To20,sandTotal,siltTotal,clayTotal,carbonateClay,clayFineContent,siltFineContent,siltCoarseContent,sandVeryFineContent,sandFineContent,sandMediumContent,sandCoarseContent,sandVeryCoarseContent,laboratoryName,dataQF
"a07f28c2-fa5d-434c-84df-c36efcabaee2","CPER_005.basePlot.all","D10","CPER","CPER_005","S2016CO123008","2016-03-16","16N02725","Bt","S2016CO123008-2","bulk",10.0,27.0,18.5,"2016-07-26","Kellogg Soil Survey Laboratory Methods Manual, Soil Survey Investigations Report No. 42 Version 5.0, Issued 2014","Routine Particle Size Distribution (3A1a1a)",0.6,0.0,51.8,16.5,31.7,,,6.9,9.6,22.0,17.0,11.2,1.3,0.3,"USDA NRCS Kellogg Soil Survey Laboratory",
"38004880-e24e-4975-bb12-9ce7bbc1b898","CPER_018.basePlot.all","D10","CPER","CPER_018","S2016CO123003","2016-03-16","16N02702","A","S2016CO123003-1","bulk",0.0,15.0,7.5,"2016-08-17","Kellogg Soil Survey Laboratory Methods Manual, Soil Survey Investigations Report No. 42 Version 5.0, Issued 2014","Routine Particle Size Distribution (3A1a1a)",16.8,28.5,82.3,9.2,8.5,,,4.3,4.9,14.8,31.5,26.4,7.2,2.4,"USDA NRCS Kellogg Soil Survey Laboratory",
"158303cf-cbbb-46ed-81cd-587183144603","CPER_018.basePlot.all","D10","CPER","CPER_018","S2016CO123003","2016-03-16","16N02704","Bt2","S2016CO123003-3","bulk",40.0,72.0,56.0,"2016-08-01","Kellogg Soil Survey Laboratory Methods Manual, Soil Survey Investigations Report No. 42 Version 5.0, Issued 2014","Routine Particle Size Distribution (3A1a1a)",5.3,7.2,56.9,17.0,26.1,,,6.4,10.6,17.4,19.2,15.2,4.4,0.7,"USDA NRCS Kellogg Soil Survey Laboratory",
"7352d035-786e-44dd-afac-14499d9aa9db","CPER_018.basePlot.all","D10","CPER","CPER_018","S2016CO123003","2016-03-16","16N02706","2C","S2016CO123003-5","bulk",83.0,100.0,91.5,"2016-08-01","Kellogg Soil Survey Laboratory Methods Manual, Soil Survey Investigations Report No. 42 Version 5.0, Issued 2014","Routine Particle Size Distribution (3A1a1a)",166.4,371.9,86.1,4.9,9.0,0.0,,1.4,3.5,5.7,19.0,28.7,25.2,7.5,"USDA NRCS Kellogg Soil Survey Laboratory",
"164aabb5-1080-4ea3-a028-2559029ab8d3","CPER_013.basePlot.all","D10","CPER","CPER_013","S2016CO123002","2016-03-16","16N02701","Bkb3","S2016CO123002-4","bulk",68.0,100.0,84.0,"2016-08-01","Kellogg Soil Survey Laboratory Methods Manual, Soil Survey Investigations Report No. 42 Version 5.0, Issued 2014","Routine Particle Size Distribution (3A1a1a)",0.2,2.4,58.0,20.2,21.8,1.5,,8.4,11.8,19.7,23.1,12.6,2.1,0.5,"USDA NRCS Kellogg Soil Survey Laboratory",
"d65f7ff2-b014-4206-b267-282152e58463","CPER_013.basePlot.all","D10","CPER","CPER_013","S2016CO123002","2016-03-16","16N02698","A","S2016CO123002-1","bulk",0.0,19.0,9.5,"2016-08-01","Kellogg Soil Survey Laboratory Methods Manual, Soil Survey Investigations Report No. 42 Version 5.0, Issued 2014","Routine Particle Size Distribution (3A1a1a)",0.3,0.0,23.6,40.3,36.1,0.0,,24.1,16.2,15.2,5.3,2.4,0.6,0.1,"USDA NRCS Kellogg Soil Survey Laboratory",
"0d871807-4577-412a-a4f6-019e8654e12c","CPER_013.basePlot.all","D10","CPER","CPER_013","S2016CO123002","2016-03-16","16N02700","Bkb2","S2016CO123002-3","bulk",45.0,68.0,56.5,"2016-08-01","Kellogg Soil Survey Laboratory Methods Manual, Soil Survey Investigations Report No. 42 Version 5.0, Issued 2014","Routine Particle Size Distribution (3A1a1a)",3.6,2.5,37.9,23.4,38.7,0.0,,14.6,8.8,14.1,13.3,8.6,1.8,0.1,"USDA NRCS Kellogg Soil Survey Laboratory",
"de6a5796-f58d-4160-8203-7960557ecd77","CPER_018.basePlot.all","D10","CPER","CPER_018","S2016CO123003","2016-03-16","16N02705","Btk","S2016CO123003-4","bulk",72.0,83.0,77.5,"2016-08-01","Kellogg Soil Survey Laboratory Methods Manual, Soil Survey Investigations Report No. 42 Version 5.0, Issued 2014","Routine Particle Size Distribution (3A1a1a)",16.0,38.6,57.3,17.5,25.2,0.0,,6.5,11.0,23.4,19.8,11.0,2.5,0.6,"USDA NRCS Kellogg Soil Survey Laboratory",
"a8317a39-4a19-4849-9ca2-9e8c3d68c328","CPER_018.basePlot.all","D10","CPER","CPER_018","S2016CO123003","2016-03-16","16N02703","Bt1","S2016CO123003-2","bulk",15.0,40.0,27.5,"2016-08-01","Kellogg Soil Survey Laboratory Methods Manual, Soil Survey Investigations Report No. 42 Version 5.0, Issued 2014","Routine Particle Size Distribution (3A1a1a)",5.0,6.5,75.8,8.9,15.3,,,2.1,6.8,17.1,29.3,22.6,5.9,0.9,"USDA NRCS Kellogg Soil Survey Laboratory",
"8e613f2f-6fae-455b-a8ed-628239aaff2d","CPER_013.basePlot.all","D10","CPER","CPER_013","S2016CO123002","2016-03-16","16N02699","Bkb1","S2016CO123002-2","bulk",19.0,45.0,32.0,"2016-08-01","Kellogg Soil Survey Laboratory Methods Manual, Soil Survey Investigations Report No. 42 Version 5.0, Issued 2014","Routine Particle Size Distribution (3A1a1a)",2.1,3.9,46.0,24.9,29.1,0.0,,14.2,10.7,16.0,16.0,12.9,0.9,0.2,"USDA NRCS Kellogg Soil Survey Laboratory",
"5d0fe613-3b47-4819-a0d3-ee69ea37c2d4","CPER_015.basePlot.all","D10","CPER","CPER_015","S2016CO123009","2016-03-16","16N02729","A","S2016CO123009-1","bulk",0.0,10.0,5.0,"2016-07-26","Kellogg Soil Survey Laboratory Methods Manual, Soil Survey Investigations Report No. 42 Version 5.0, Issued 2014","Routine Particle Size Distribution (3A1a1a)",34.7,36.1,82.7,9.0,8.3,,,3.3,5.7,12.5,28.0,31.6,7.7,2.9,"USDA NRCS Kellogg Soil Survey Laboratory",
"3e3ec423-12bb-4f41-9dc1-b5965033ee85","CPER_030.basePlot.all","D10","CPER","CPER_030","S2016CO123011","2016-03-16","16N02741","BCk","S2016CO123011-4","bulk",68.0,100.0,84.0,"2016-08-03","Kellogg Soil Survey Laboratory Methods Manual, Soil Survey Investigations Report No. 42 Version 5.0, Issued 2014","Routine Particle Size Distribution (3A1a1a)",32.4,27.3,81.5,7.7,10.8,1.2,,4.0,3.7,14.4,33.0,24.0,8.4,1.7,"USDA NRCS Kellogg Soil Survey Laboratory",
"07d5e119-02bb-478f-9f74-fbe5f74c720c","CPER_015.basePlot.all","D10","CPER","CPER_015","S2016CO123009","2016-03-16","16N02733","2Btk","S2016CO123009-5","bulk",84.0,100.0,92.0,"2016-07-26","Kellogg Soil Survey Laboratory Methods Manual, Soil Survey Investigations Report No. 42 Version 5.0, Issued 2014","Routine Particle Size Distribution (3A1a1a)",56.8,56.3,78.3,8.1,13.6,,,3.2,4.9,13.3,28.5,25.8,6.5,4.2,"USDA NRCS Kellogg Soil Survey Laboratory",
"9febadf9-720a-4798-a44b-6fb7c1dcb3c6","CPER_005.basePlot.all","D10","CPER","CPER_005","S2016CO123008","2016-03-16","16N02726","Btk","S2016CO123008-3","bulk",27.0,46.0,36.5,"2016-07-26","Kellogg Soil Survey Laboratory Methods Manual, Soil Survey Investigations Report No. 42 Version 5.0, Issued 2014","Routine Particle Size Distribution (3A1a1a)",0.0,0.0,63.0,13.6,23.4,,,7.1,6.5,23.5,24.7,13.7,0.9,0.2,"USDA NRCS Kellogg Soil Survey Laboratory",
"b7782a72-dd47-4083-af6c-1a9b24f5c139","CPER_005.basePlot.all","D10","CPER","CPER_005","S2016CO123008","2016-03-16","16N02728","Bk2","S2016CO123008-5","bulk",68.0,100.0,84.0,"2016-08-17","Kellogg Soil Survey Laboratory Methods Manual, Soil Survey Investigations Report No. 42 Version 5.0, Issued 2014","Routine Particle Size Distribution (3A1a1a)",7.1,11.5,61.3,16.0,22.7,3.5,,7.4,8.6,24.7,20.6,13.4,2.1,0.5,"USDA NRCS Kellogg Soil Survey Laboratory",
"515f0d29-45d0-49b2-a6c2-6a2c8c40d992","CPER_005.basePlot.all","D10","CPER","CPER_005","S2016CO123008","2016-03-16","16N02724","A","S2016CO123008-1","bulk",0.0,10.0,5.0,"2016-07-26","Kellogg Soil Survey Laboratory Methods Manual, Soil Survey Investigations Report No. 42 Version 5.0, Issued 2014","Routine Particle Size Distribution (3A1a1a)",20.9,24.3,70.4,11.2,18.4,,,5.3,5.9,19.0,29.2,17.6,3.3,1.3,"USDA NRCS Kellogg Soil Survey Laboratory",
"96c53798-fae2-419b-a2b8-ada0a82e9679","CPER_015.basePlot.all","D10","CPER","CPER_015","S2016CO123009","2016-03-16","16N02731","Bw2","S2016CO123009-3","bulk",23.0,65.0,44.0,"2016-07-26","Kellogg Soil Survey Laboratory Methods Manual, Soil Survey Investigations Report No. 42 Version 5.0, Issued 2014","Routine Particle Size Distribution (3A1a1a)",50.7,57.2,89.7,4.1,6.2,,,2.2,1.9,7.8,30.6,34.6,10.3,6.4,"USDA NRCS Kellogg Soil Survey Laboratory",
"df14d06b-f0fa-4998-83bd-22bdd35ca25d","CPER_030.basePlot.all","D10","CPER","CPER_030","S2016CO123011","2016-03-16","16N02739","Bt","S2016CO123011-2","bulk",20.0,41.0,30.5,"2016-08-03","Kellogg Soil Survey Laboratory Methods Manual, Soil Survey Investigations Report No. 42 Version 5.0, Issued 2014","Routine Particle Size Distribution (3A1a1a)",13.6,12.2,67.5,9.9,22.6,,,4.5,5.4,15.7,32.5,15.4,3.2,0.7,"USDA NRCS Kellogg Soil Survey Laboratory",
"d0992def-4618-4b27-b70f-9c97fbd77a4c","CPER_015.basePlot.all","D10","CPER","CPER_015","S2016CO123009","2016-03-16","16N02730","Bw1","S2016CO123009-2","bulk",10.0,23.0,16.5,"2016-07-26","Kellogg Soil Survey Laboratory Methods Manual, Soil Survey Investigations Report No. 42 Version 5.0, Issued 2014","Routine Particle Size Distribution (3A1a1a)",70.4,92.4,87.9,4.3,7.8,,,2.4,1.9,10.6,33.4,32.4,8.5,3.0,"USDA NRCS Kellogg Soil Survey Laboratory",
"43cbf0ed-7ea7-4273-beda-a32ac1cff8e1","CPER_015.basePlot.all","D10","CPER","CPER_015","S2016CO123009","2016-03-16","16N02732","2Atb","S2016CO123009-4","bulk",65.0,84.0,74.5,"2016-07-26","Kellogg Soil Survey Laboratory Methods Manual, Soil Survey Investigations Report No. 42 Version 5.0, Issued 2014","Routine Particle Size Distribution (3A1a1a)",50.9,46.3,80.2,7.5,12.3,,,3.1,4.4,10.7,29.2,26.3,10.1,3.9,"USDA NRCS Kellogg Soil Survey Laboratory",
"104c7c12-5601-48a0-9479-7d813b6c2a9f","CPER_030.basePlot.all","D10","CPER","CPER_030","S2016CO123011","2016-03-16","16N02738","A","S2016CO123011-1","bulk",0.0,20.0,10.0,"2016-08-03","Kellogg Soil Survey Laboratory Methods Manual, Soil Survey Investigations Report No. 42 Version 5.0, Issued 2014","Routine Particle Size Distribution (3A1a1a)",20.3,18.5,75.9,10.4,13.7,,,4.7,5.7,17.7,35.0,21.5,1.1,0.6,"USDA NRCS Kellogg Soil Survey Laboratory",
"81bed739-603a-4a8b-98cd-cc779858e489","CPER_005.basePlot.all","D10","CPER","CPER_005","S2016CO123008","2016-03-16","16N02727","Bk1","S2016CO123008-4","bulk",46.0,68.0,57.0,"2016-07-26","Kellogg Soil Survey Laboratory Methods Manual, Soil Survey Investigations Report No. 42 Version 5.0, Issued 2014","Routine Particle Size Distribution (3A1a1a)",0.0,0.0,58.5,18.0,23.5,,,9.4,8.6,23.5,21.5,12.6,0.8,0.1,"USDA NRCS Kellogg Soil Survey Laboratory",
"d58c0c0b-def5-4580-9ff0-7c5450966f21","CPER_030.basePlot.all","D10","CPER","CPER_030","S2016CO123011","2016-03-16","16N02740","Btk","S2016CO123011-3","bulk",41.0,68.0,54.5,"2016-08-03","Kellogg Soil Survey Laboratory Methods Manual, Soil Survey Investigations Report No. 42 Version 5.0, Issued 2014","Routine Particle Size Distribution (3A1a1a)",6.4,6.4,73.6,10.4,16.0,0.0,,4.4,6.0,18.3,33.6,18.2,2.8,0.7,"USDA NRCS Kellogg Soil Survey Laboratory",
"8132dc00-92a6-41a7-9786-97c558e56529","CPER_014.basePlot.all","D10","CPER","CPER_014","S2016CO123010","2016-03-17","16N02736","Bk","S2016CO123010-3","bulk",63.0,87.0,75.0,"2016-07-26","Kellogg Soil Survey Laboratory Methods Manual, Soil Survey Investigations Report No. 42 Version 5.0, Issued 2014","Routine Particle Size Distribution (3A1a1a)",0.7,0.0,82.6,8.4,9.0,,,3.8,4.6,14.1,33.4,28.6,6.0,0.5,"USDA NRCS Kellogg Soil Survey Laboratory",
"727b90ac-846c-43c4-a4e2-449a8d7af496","CPER_014.basePlot.all","D10","CPER","CPER_014","S2016CO123010","2016-03-17","16N02737","C","S2016CO123010-4","bulk",87.0,100.0,93.5,"2016-07-26","Kellogg Soil Survey Laboratory Methods Manual, Soil Survey Investigations Report No. 42 Version 5.0, Issued 2014","Routine Particle Size Distribution (3A1a1a)",1.4,0.0,81.5,8.6,9.9,,,4.5,4.1,14.0,31.9,28.5,6.5,0.6,"USDA NRCS Kellogg Soil Survey Laboratory",
"9247a43f-3956-4183-ba63-5325cae38232","CPER_020.basePlot.all","D10","CPER","CPER_020","S2016CO123012","2016-03-17","16N02743","Bt1","S2016CO123012-2","bulk",14.0,39.0,26.5,"2016-08-03","Kellogg Soil Survey Laboratory Methods Manual, Soil Survey Investigations Report No. 42 Version 5.0, Issued 2014","Routine Particle Size Distribution (3A1a1a)",0.3,0.6,72.2,9.6,18.2,,,4.1,5.5,19.0,36.7,15.8,0.6,0.1,"USDA NRCS Kellogg Soil Survey Laboratory",
"0739417f-d867-4df2-b3a4-da4d6497dbd9","CPER_014.basePlot.all","D10","CPER","CPER_014","S2016CO123010","2016-03-17","16N02735","Bw","S2016CO123010-2","bulk",15.0,63.0,39.0,"2016-07-26","Kellogg Soil Survey Laboratory Methods Manual, Soil Survey Investigations Report No. 42 Version 5.0, Issued 2014","Routine Particle Size Distribution (3A1a1a)",0.0,0.0,86.4,6.5,7.1,,,3.2,3.3,14.6,40.4,26.7,4.4,0.3,"USDA NRCS Kellogg Soil Survey Laboratory",
"8586d106-fcb4-4d24-8386-4013d2ceb65d","CPER_020.basePlot.all","D10","CPER","CPER_020","S2016CO123012","2016-03-17","16N02742","A","S2016CO123012-1","bulk",0.0,14.0,7.0,"2016-08-03","Kellogg Soil Survey Laboratory Methods Manual, Soil Survey Investigations Report No. 42 Version 5.0, Issued 2014","Routine Particle Size Distribution (3A1a1a)",0.0,0.0,78.8,9.9,11.3,,,4.8,5.1,14.5,40.0,23.4,0.8,0.1,"USDA NRCS Kellogg Soil Survey Laboratory",
"2550f0eb-f3e6-4cff-aa12-9436ea9d3ea2","CPER_020.basePlot.all","D10","CPER","CPER_020","S2016CO123012","2016-03-17","16N02745","2Btk","S2016CO123012-4","bulk",82.0,100.0,91.0,"2016-08-03","Kellogg Soil Survey Laboratory Methods Manual, Soil Survey Investigations Report No. 42 Version 5.0, Issued 2014","Routine Particle Size Distribution (3A1a1a)",0.0,0.0,51.3,24.1,24.6,0.0,,11.7,12.4,29.3,18.2,3.6,0.2,0.0,"USDA NRCS Kellogg Soil Survey Laboratory",
"1459e00a-a2ec-4906-9735-94f543d8d047","CPER_020.basePlot.all","D10","CPER","CPER_020","S2016CO123012","2016-03-17","16N02744","Bt2","S2016CO123012-3","bulk",39.0,82.0,60.5,"2016-08-03","Kellogg Soil Survey Laboratory Methods Manual, Soil Survey Investigations Report No. 42 Version 5.0, Issued 2014","Routine Particle Size Distribution (3A1a1a)",3.1,1.7,73.7,10.3,16.0,,,4.7,5.6,18.5,36.3,18.2,0.6,0.1,"USDA NRCS Kellogg Soil Survey Laboratory",
"80d531d8-992d-401c-b0f1-ee093f8d404c","CPER_014.basePlot.all","D10","CPER","CPER_014","S2016CO123010","2016-03-17","16N02734","A","S2016CO123010-1","bulk",0.0,15.0,7.5,"2016-07-26","Kellogg Soil Survey Laboratory Methods Manual, Soil Survey Investigations Report No. 42 Version 5.0, Issued 2014","Routine Particle Size Distribution (3A1a1a)",0.0,0.0,84.7,6.9,8.4,,,3.0,3.9,13.5,35.0,31.7,4.2,0.3,"USDA NRCS Kellogg Soil Survey Laboratory",
"5b426cea-27f0-4b11-b83a-ef11f610bb69","CPER_001.basePlot.all","D10","CPER","CPER_001","S2016CO123005","2016-03-21","16N02714","2Bz2","S2016CO123005-4","bulk",58.0,100.0,79.0,"2016-08-01","Kellogg Soil Survey Laboratory Methods Manual, Soil Survey Investigations Report No. 42 Version 5.0, Issued 2014","Routine Particle Size Distribution (3A1a1a)",0.9,0.0,18.1,52.7,29.2,8.5,,29.6,23.1,11.6,3.7,2.2,0.5,0.1,"USDA NRCS Kellogg Soil Survey Laboratory",
"57f50613-68b8-47fa-9087-d338def8741c","CPER_008.basePlot.all","D10","CPER","CPER_008","S2016CO123014","2016-03-21","16N02750","A","S2016CO123014-1","bulk",0.0,7.0,3.5,"2016-08-03","Kellogg Soil Survey Laboratory Methods Manual, Soil Survey Investigations Report No. 42 Version 5.0, Issued 2014","Routine Particle Size Distribution (3A1a1a)",24.5,8.5,56.1,18.0,25.9,,,9.0,9.0,16.2,21.9,13.6,3.1,1.3,"USDA NRCS Kellogg Soil Survey Laboratory",
"564c6706-1005-4af5-8f0b-657ade7f460b","CPER_008.basePlot.all","D10","CPER","CPER_008","S2016CO123014","2016-03-21","16N02754","CBk","S2016CO123014-5","bulk",77.0,100.0,88.5,"2016-08-02","Kellogg Soil Survey Laboratory Methods Manual, Soil Survey Investigations Report No. 42 Version 5.0, Issued 2014","Routine Particle Size Distribution (3A1a1a)",412.3,73.2,25.4,33.3,41.3,3.6,,22.9,10.4,17.1,5.3,2.2,0.7,0.1,"USDA NRCS Kellogg Soil Survey Laboratory",
"15c46cfe-df4f-426f-bf10-b53cdd6f6ece","CPER_008.basePlot.all","D10","CPER","CPER_008","S2016CO123014","2016-03-21","16N02753","BCk","S2016CO123014-4","bulk",57.0,77.0,67.0,"2016-08-02","Kellogg Soil Survey Laboratory Methods Manual, Soil Survey Investigations Report No. 42 Version 5.0, Issued 2014","Routine Particle Size Distribution (3A1a1a)",97.5,12.3,35.5,31.2,33.3,4.7,,17.8,13.4,14.3,10.9,6.6,2.7,1.0,"USDA NRCS Kellogg Soil Survey Laboratory",
"1d44dccb-57b6-419c-85b7-9d6811abed25","CPER_008.basePlot.all","D10","CPER","CPER_008","S2016CO123014","2016-03-21","16N02751","Bt","S2016CO123014-2","bulk",7.0,28.0,17.5,"2016-08-03","Kellogg Soil Survey Laboratory Methods Manual, Soil Survey Investigations Report No. 42 Version 5.0, Issued 2014","Routine Particle Size Distribution (3A1a1a)",0.2,0.2,52.3,19.5,28.2,0.0,,9.3,10.2,20.8,18.8,10.8,1.6,0.3,"USDA NRCS Kellogg Soil Survey Laboratory",
"b72fd02a-7d57-4539-93ad-5aa833dfd8f4","CPER_008.basePlot.all","D10","CPER","CPER_008","S2016CO123014","2016-03-21","16N02752","Bk","S2016CO123014-3","bulk",28.0,57.0,42.5,"2016-08-03","Kellogg Soil Survey Laboratory Methods Manual, Soil Survey Investigations Report No. 42 Version 5.0, Issued 2014","Routine Particle Size Distribution (3A1a1a)",0.2,1.2,61.3,16.7,22.0,3.2,,9.4,7.3,17.4,24.9,12.9,5.2,0.9,"USDA NRCS Kellogg Soil Survey Laboratory",
"22b53102-081d-4da8-ae24-3c5db1d63356","CPER_001.basePlot.all","D10","CPER","CPER_001","S2016CO123005","2016-03-21","16N02713","2Bz1","S2016CO123005-3","bulk",37.0,58.0,47.5,"2016-08-01","Kellogg Soil Survey Laboratory Methods Manual, Soil Survey Investigations Report No. 42 Version 5.0, Issued 2014","Routine Particle Size Distribution (3A1a1a)",0.0,0.0,47.3,25.3,27.4,2.8,,12.6,12.7,13.3,17.0,14.1,2.9,0.0,"USDA NRCS Kellogg Soil Survey Laboratory",
"4e6e6afd-f380-4994-8d4c-4eb9bacb5682","CPER_001.basePlot.all","D10","CPER","CPER_001","S2016CO123005","2016-03-21","16N02711","A","S2016CO123005-1","bulk",0.0,13.0,6.5,"2016-08-01","Kellogg Soil Survey Laboratory Methods Manual, Soil Survey Investigations Report No. 42 Version 5.0, Issued 2014","Routine Particle Size Distribution (3A1a1a)",0.0,0.0,82.5,10.3,7.2,,,3.5,6.8,14.9,27.9,26.9,12.4,0.4,"USDA NRCS Kellogg Soil Survey Laboratory",
"8c8b457f-6d12-4bce-8a73-e842167f254c","CPER_001.basePlot.all","D10","CPER","CPER_001","S2016CO123005","2016-03-21","16N02712","Bt","S2016CO123005-2","bulk",13.0,37.0,25.0,"2016-08-01","Kellogg Soil Survey Laboratory Methods Manual, Soil Survey Investigations Report No. 42 Version 5.0, Issued 2014","Routine Particle Size Distribution (3A1a1a)",0.0,0.0,82.8,5.1,12.1,0.0,,1.2,3.9,12.0,27.8,39.3,3.4,0.3,"USDA NRCS Kellogg Soil Survey Laboratory",
"a3437901-ca08-47c3-9c2b-1d8ea581cd98","CPER_022.basePlot.all","D10","CPER","CPER_022","S2016CO123004","2016-03-21","16N02710","Bk2","S2016CO123004-4","bulk",79.0,100.0,89.5,"2016-08-01","Kellogg Soil Survey Laboratory Methods Manual, Soil Survey Investigations Report No. 42 Version 5.0, Issued 2014","Routine Particle Size Distribution (3A1a1a)",2.2,0.4,74.6,10.8,14.6,1.5,,3.3,7.5,22.9,28.1,18.6,4.0,1.0,"USDA NRCS Kellogg Soil Survey Laboratory",
"70d5618f-a245-4bf0-9e88-a3a838e25629","CPER_002.basePlot.all","D10","CPER","CPER_002","S2016CO123001","2016-03-21","16N02693","A","S2016CO123001-1","bulk",0.0,12.0,6.0,"2016-08-01","Kellogg Soil Survey Laboratory Methods Manual, Soil Survey Investigations Report No. 42 Version 5.0, Issued 2014","Routine Particle Size Distribution (3A1a1a)",0.0,0.4,75.8,12.4,11.8,,,4.4,8.0,14.0,33.6,27.2,0.6,0.4,"USDA NRCS Kellogg Soil Survey Laboratory",
"438d3ddd-d923-48e4-b0df-c75e798ef915","CPER_002.basePlot.all","D10","CPER","CPER_002","S2016CO123001","2016-03-21","16N02696","Bt3","S2016CO123001-4","bulk",56.0,81.0,68.5,"2016-08-01","Kellogg Soil Survey Laboratory Methods Manual, Soil Survey Investigations Report No. 42 Version 5.0, Issued 2014","Routine Particle Size Distribution (3A1a1a)",0.0,0.0,80.1,6.1,13.8,0.0,,2.4,3.7,10.5,40.8,26.4,2.2,0.2,"USDA NRCS Kellogg Soil Survey Laboratory",
"d6ffe26d-5f1f-4677-9bb0-a4a970b76b16","CPER_022.basePlot.all","D10","CPER","CPER_022","S2016CO123004","2016-03-21","16N02709","Bk1","S2016CO123004-3","bulk",37.0,79.0,58.0,"2016-08-01","Kellogg Soil Survey Laboratory Methods Manual, Soil Survey Investigations Report No. 42 Version 5.0, Issued 2014","Routine Particle Size Distribution (3A1a1a)",3.1,0.0,73.4,9.7,16.9,4.3,,2.6,7.1,20.3,27.6,18.9,6.1,0.5,"USDA NRCS Kellogg Soil Survey Laboratory",
"d298dcf9-28ce-42a4-8249-2b3237c4305a","CPER_002.basePlot.all","D10","CPER","CPER_002","S2016CO123001","2016-03-21","16N02695","Bt2","S2016CO123001-3","bulk",27.0,56.0,41.5,"2016-08-01","Kellogg Soil Survey Laboratory Methods Manual, Soil Survey Investigations Report No. 42 Version 5.0, Issued 2014","Routine Particle Size Distribution (3A1a1a)",0.0,0.0,76.9,7.1,16.0,,,2.3,4.8,9.4,34.0,30.8,2.6,0.1,"USDA NRCS Kellogg Soil Survey Laboratory",
"9ee87d00-bd88-4439-b31a-7ef98e81652f","CPER_022.basePlot.all","D10","CPER","CPER_022","S2016CO123004","2016-03-21","16N02707","A","S2016CO123004-1","bulk",0.0,14.0,7.0,"2016-08-01","Kellogg Soil Survey Laboratory Methods Manual, Soil Survey Investigations Report No. 42 Version 5.0, Issued 2014","Routine Particle Size Distribution (3A1a1a)",4.2,3.1,74.2,12.9,12.9,,,4.0,8.9,19.4,28.0,20.0,5.9,0.9,"USDA NRCS Kellogg Soil Survey Laboratory",
"05356b5a-2930-4a7a-ae0f-9943f7be3316","CPER_002.basePlot.all","D10","CPER","CPER_002","S2016CO123001","2016-03-21","16N02697","Bk","S2016CO123001-5","bulk",81.0,100.0,90.5,"2016-08-01","Kellogg Soil Survey Laboratory Methods Manual, Soil Survey Investigations Report No. 42 Version 5.0, Issued 2014","Routine Particle Size Distribution (3A1a1a)",0.0,0.0,82.5,5.4,12.1,0.0,,2.3,3.1,8.5,37.0,33.0,3.7,0.3,"USDA NRCS Kellogg Soil Survey Laboratory",
"7e02d5ca-12ba-4112-a6e6-578f0a044c64","CPER_022.basePlot.all","D10","CPER","CPER_022","S2016CO123004","2016-03-21","16N02708","Bt","S2016CO123004-2","bulk",14.0,37.0,25.5,"2016-08-01","Kellogg Soil Survey Laboratory Methods Manual, Soil Survey Investigations Report No. 42 Version 5.0, Issued 2014","Routine Particle Size Distribution (3A1a1a)",3.3,0.4,75.8,8.3,15.9,,,2.0,6.3,17.7,31.0,22.7,3.6,0.8,"USDA NRCS Kellogg Soil Survey Laboratory",
"99bd862d-5889-4987-9771-5b743433f038","CPER_002.basePlot.all","D10","CPER","CPER_002","S2016CO123001","2016-03-21","16N02694","Bt1","S2016CO123001-2","bulk",12.0,27.0,19.5,"2016-08-01","Kellogg Soil Survey Laboratory Methods Manual, Soil Survey Investigations Report No. 42 Version 5.0, Issued 2014","Routine Particle Size Distribution (3A1a1a)",0.0,0.0,71.1,6.8,22.1,,,2.9,3.9,11.3,36.2,21.4,2.1,0.1,"USDA NRCS Kellogg Soil Survey Laboratory",
"8bd174a2-6fb4-4698-8e70-ddba2c2d1807","CPER_017.basePlot.all","D10","CPER","CPER_017","S2016CO123006","2016-03-22","16N02715","A","S2016CO123006-1","bulk",0.0,23.0,11.5,"2016-08-01","Kellogg Soil Survey Laboratory Methods Manual, Soil Survey Investigations Report No. 42 Version 5.0, Issued 2014","Routine Particle Size Distribution (3A1a1a)",0.0,0.0,57.9,20.5,21.6,0.0,,10.7,9.8,15.7,22.9,15.1,3.9,0.3,"USDA NRCS Kellogg Soil Survey Laboratory",
"d276f8a6-eeb6-414c-b7d4-5a3fff7c2471","CPER_017.basePlot.all","D10","CPER","CPER_017","S2016CO123006","2016-03-22","16N02716","Bt","S2016CO123006-2","bulk",23.0,31.0,27.0,"2016-07-26","Kellogg Soil Survey Laboratory Methods Manual, Soil Survey Investigations Report No. 42 Version 5.0, Issued 2014","Routine Particle Size Distribution (3A1a1a)",1.0,0.2,57.2,20.5,22.3,,,10.5,10.0,15.1,21.9,16.3,3.6,0.3,"USDA NRCS Kellogg Soil Survey Laboratory",
"cf9d0435-29b4-4a67-8e22-e40055e02c05","CPER_017.basePlot.all","D10","CPER","CPER_017","S2016CO123006","2016-03-22","16N02717","Bk1","S2016CO123006-3","bulk",31.0,56.0,43.5,"2016-07-26","Kellogg Soil Survey Laboratory Methods Manual, Soil Survey Investigations Report No. 42 Version 5.0, Issued 2014","Routine Particle Size Distribution (3A1a1a)",8.4,0.0,30.8,42.0,27.2,,,22.5,19.5,20.1,7.4,2.6,0.7,0.0,"USDA NRCS Kellogg Soil Survey Laboratory",
"f10b6d14-ade6-4ba5-be64-3b4ad8cfd99f","CPER_016.basePlot.all","D10","CPER","CPER_016","S2016CO123015","2016-03-22","16N02759","Bk3","S2016CO123015-5","bulk",67.0,100.0,83.5,"2016-08-02","Kellogg Soil Survey Laboratory Methods Manual, Soil Survey Investigations Report No. 42 Version 5.0, Issued 2014","Routine Particle Size Distribution (3A1a1a)",0.8,0.2,69.2,15.0,15.8,2.3,,6.8,8.2,18.7,31.0,17.8,1.6,0.1,"USDA NRCS Kellogg Soil Survey Laboratory",
"e860dd5f-12dd-4a0b-8961-f92791921ec3","CPER_023.basePlot.all","D10","CPER","CPER_023","S2016CO123013","2016-03-22","16N02749","2Btb","S2016CO123013-4","bulk",72.0,100.0,86.0,"2016-08-03","Kellogg Soil Survey Laboratory Methods Manual, Soil Survey Investigations Report No. 42 Version 5.0, Issued 2014","Routine Particle Size Distribution (3A1a1a)",0.4,0.4,52.9,22.1,25.0,0.0,,12.1,10.0,19.0,20.7,12.9,0.2,0.1,"USDA NRCS Kellogg Soil Survey Laboratory",
"3575adce-b632-400b-9100-52583849787d","CPER_017.basePlot.all","D10","CPER","CPER_017","S2016CO123006","2016-03-22","16N02719","Bk2","S2016CO123006-5","bulk",84.0,100.0,92.0,"2016-07-26","Kellogg Soil Survey Laboratory Methods Manual, Soil Survey Investigations Report No. 42 Version 5.0, Issued 2014","Routine Particle Size Distribution (3A1a1a)",0.0,0.0,30.7,48.5,20.8,,,28.8,19.7,19.7,9.5,1.4,0.1,0.0,"USDA NRCS Kellogg Soil Survey Laboratory",
"39782b4b-306b-4e7d-854e-8594efe43015","CPER_016.basePlot.all","D10","CPER","CPER_016","S2016CO123015","2016-03-22","16N02756","Bt","S2016CO123015-2","bulk",12.0,38.0,25.0,"2016-08-02","Kellogg Soil Survey Laboratory Methods Manual, Soil Survey Investigations Report No. 42 Version 5.0, Issued 2014","Routine Particle Size Distribution (3A1a1a)",2.0,1.4,76.6,8.4,15.0,,,4.4,4.0,13.2,37.5,23.3,2.5,0.1,"USDA NRCS Kellogg Soil Survey Laboratory",
"6b391c60-87a1-4edd-af68-7311c2481e82","CPER_007.basePlot.all","D10","CPER","CPER_007","S2016CO123007","2016-03-22","16N02722","Bk1","S2016CO123007-3","bulk",46.0,69.0,57.5,"2016-07-26","Kellogg Soil Survey Laboratory Methods Manual, Soil Survey Investigations Report No. 42 Version 5.0, Issued 2014","Routine Particle Size Distribution (3A1a1a)",0.5,1.8,85.0,5.4,9.6,,,2.9,2.5,9.8,30.3,32.9,11.4,0.6,"USDA NRCS Kellogg Soil Survey Laboratory",
"38fa2a82-d75e-49cd-bb17-e43c1ff61083","CPER_016.basePlot.all","D10","CPER","CPER_016","S2016CO123015","2016-03-22","16N02755","A","S2016CO123015-1","bulk",0.0,12.0,6.0,"2016-08-02","Kellogg Soil Survey Laboratory Methods Manual, Soil Survey Investigations Report No. 42 Version 5.0, Issued 2014","Routine Particle Size Distribution (3A1a1a)",5.4,7.2,75.7,14.2,10.1,,,6.3,7.9,16.0,32.0,24.2,3.0,0.5,"USDA NRCS Kellogg Soil Survey Laboratory",
"5992e9f0-a047-43a4-8102-a4b503ccada9","CPER_016.basePlot.all","D10","CPER","CPER_016","S2016CO123015","2016-03-22","16N02758","Bk2","S2016CO123015-4","bulk",51.0,67.0,59.0,"2016-08-02","Kellogg Soil Survey Laboratory Methods Manual, Soil Survey Investigations Report No. 42 Version 5.0, Issued 2014","Routine Particle Size Distribution (3A1a1a)",0.6,0.4,80.2,8.1,11.7,1.8,,4.6,3.5,13.4,39.9,22.4,4.5,0.0,"USDA NRCS Kellogg Soil Survey Laboratory",
"27065f7a-d7c6-42ab-ae8c-f1b5143d2a4c","CPER_007.basePlot.all","D10","CPER","CPER_007","S2016CO123007","2016-03-22","16N02720","A","S2016CO123007-1","bulk",0.0,19.0,9.5,"2016-07-26","Kellogg Soil Survey Laboratory Methods Manual, Soil Survey Investigations Report No. 42 Version 5.0, Issued 2014","Routine Particle Size Distribution (3A1a1a)",0.7,3.5,80.7,7.4,11.9,,,3.8,3.6,11.8,31.2,27.5,9.5,0.7,"USDA NRCS Kellogg Soil Survey Laboratory",
"46996728-2270-4400-90d7-b40b3144c177","CPER_007.basePlot.all","D10","CPER","CPER_007","S2016CO123007","2016-03-22","16N02721","Ab","S2016CO123007-2","bulk",19.0,46.0,32.5,"2016-07-26","Kellogg Soil Survey Laboratory Methods Manual, Soil Survey Investigations Report No. 42 Version 5.0, Issued 2014","Routine Particle Size Distribution (3A1a1a)",3.8,8.1,83.0,6.8,10.2,,,3.5,3.3,11.1,31.4,30.3,8.8,1.4,"USDA NRCS Kellogg Soil Survey Laboratory",
"d9b189d0-ab00-4b3f-a525-6689f8e20898","CPER_007.basePlot.all","D10","CPER","CPER_007","S2016CO123007","2016-03-22","16N02723","Bk2","S2016CO123007-4","bulk",69.0,100.0,84.5,"2016-07-26","Kellogg Soil Survey Laboratory Methods Manual, Soil Survey Investigations Report No. 42 Version 5.0, Issued 2014","Routine Particle Size Distribution (3A1a1a)",0.6,1.3,84.1,6.8,9.1,,,3.7,3.1,9.1,30.0,34.4,9.6,1.0,"USDA NRCS Kellogg Soil Survey Laboratory",
"d28f8072-374f-4e38-9ae5-7c0fe731b66d","CPER_023.basePlot.all","D10","CPER","CPER_023","S2016CO123013","2016-03-22","16N02746","A","S2016CO123013-1","bulk",0.0,17.0,8.5,"2016-08-03","Kellogg Soil Survey Laboratory Methods Manual, Soil Survey Investigations Report No. 42 Version 5.0, Issued 2014","Routine Particle Size Distribution (3A1a1a)",0.7,0.4,73.1,15.5,11.4,,,7.6,7.9,19.2,30.9,20.1,2.8,0.1,"USDA NRCS Kellogg Soil Survey Laboratory",
"634db6d5-d724-4c36-9feb-74bd05ddd0bf","CPER_016.basePlot.all","D10","CPER","CPER_016","S2016CO123015","2016-03-22","16N02757","Bk1","S2016CO123015-3","bulk",38.0,51.0,44.5,"2016-08-02","Kellogg Soil Survey Laboratory Methods Manual, Soil Survey Investigations Report No. 42 Version 5.0, Issued 2014","Routine Particle Size Distribution (3A1a1a)",0.8,3.1,80.6,7.4,12.0,0.0,,4.7,2.7,13.3,38.6,27.7,0.7,0.3,"USDA NRCS Kellogg Soil Survey Laboratory",
"0c7b269b-16da-49b5-8e42-5cd7e8b65170","CPER_023.basePlot.all","D10","CPER","CPER_023","S2016CO123013","2016-03-22","16N02748","Bt2","S2016CO123013-3","bulk",37.0,72.0,54.5,"2016-08-03","Kellogg Soil Survey Laboratory Methods Manual, Soil Survey Investigations Report No. 42 Version 5.0, Issued 2014","Routine Particle Size Distribution (3A1a1a)",0.0,0.0,61.7,14.7,23.6,,,7.8,6.9,17.5,25.9,16.2,2.0,0.1,"USDA NRCS Kellogg Soil Survey Laboratory",
"9b90cd84-56f9-4b2e-9e01-15e8677e8029","CPER_023.basePlot.all","D10","CPER","CPER_023","S2016CO123013","2016-03-22","16N02747","Bt1","S2016CO123013-2","bulk",17.0,37.0,27.0,"2016-08-03","Kellogg Soil Survey Laboratory Methods Manual, Soil Survey Investigations Report No. 42 Version 5.0, Issued 2014","Routine Particle Size Distribution (3A1a1a)",0.6,0.2,70.7,13.1,16.2,,,6.6,6.5,18.4,29.4,21.4,1.4,0.1,"USDA NRCS Kellogg Soil Survey Laboratory",
"1b0baefa-2d85-4059-b7b4-2e3cbb05efad","CPER_017.basePlot.all","D10","CPER","CPER_017","S2016CO123006","2016-03-22","16N02718","Bk1","S2016CO123006-4","bulk",56.0,84.0,70.0,"2016-07-26","Kellogg Soil Survey Laboratory Methods Manual, Soil Survey Investigations Report No. 42 Version 5.0, Issued 2014","Routine Particle Size Distribution (3A1a1a)",0.0,0.0,24.2,45.8,30.0,,,33.7,12.1,11.1,8.6,4.0,0.4,0.1,"USDA NRCS Kellogg Soil Survey Laboratory",
"15f3ef54-3ed2-49aa-8392-40ea2551ee6d","CPER_012.basePlot.all","D10","CPER","CPER_012","S2016CO123016","2016-03-28","16N02764","CBk","S2016CO123016-5","bulk",78.0,100.0,89.0,"2016-08-02","Kellogg Soil Survey Laboratory Methods Manual, Soil Survey Investigations Report No. 42 Version 5.0, Issued 2014","Routine Particle Size Distribution (3A1a1a)",237.9,398.9,27.2,32.5,40.3,3.3,,25.7,6.8,13.6,9.3,1.6,1.5,1.2,"USDA NRCS Kellogg Soil Survey Laboratory",
"a9dc8b8c-0480-4aa4-a9d2-636d866d0bd5","CPER_019.basePlot.all","D10","CPER","CPER_019","S2016CO123017","2016-03-28","16N02767","Bk","S2016CO123017-3","bulk",48.0,71.0,59.5,"2016-08-02","Kellogg Soil Survey Laboratory Methods Manual, Soil Survey Investigations Report No. 42 Version 5.0, Issued 2014","Routine Particle Size Distribution (3A1a1a)",318.1,56.7,31.1,37.1,31.8,1.3,,19.7,17.4,22.6,6.4,1.4,0.5,0.2,"USDA NRCS Kellogg Soil Survey Laboratory",
"165141d8-2f17-456a-8811-ca6128091706","CPER_019.basePlot.all","D10","CPER","CPER_019","S2016CO123017","2016-03-28","16N02766","Bt","S2016CO123017-2","bulk",21.0,48.0,34.5,"2016-08-02","Kellogg Soil Survey Laboratory Methods Manual, Soil Survey Investigations Report No. 42 Version 5.0, Issued 2014","Routine Particle Size Distribution (3A1a1a)",334.0,19.8,39.4,24.2,36.4,,,17.8,6.4,9.1,19.2,8.8,1.8,0.5,"USDA NRCS Kellogg Soil Survey Laboratory",
"a3897f7b-ee96-46f3-8e0f-207e672b2f80","CPER_012.basePlot.all","D10","CPER","CPER_012","S2016CO123016","2016-03-28","16N02761","Bt1","S2016CO123016-2","bulk",10.0,21.0,15.5,"2016-08-02","Kellogg Soil Survey Laboratory Methods Manual, Soil Survey Investigations Report No. 42 Version 5.0, Issued 2014","Routine Particle Size Distribution (3A1a1a)",26.7,16.7,64.6,18.6,16.8,,,8.0,10.6,23.6,24.0,14.7,0.7,1.6,"USDA NRCS Kellogg Soil Survey Laboratory",
"1faaceab-b3a7-4583-8597-72c089981efd","CPER_019.basePlot.all","D10","CPER","CPER_019","S2016CO123017","2016-03-28","16N02765","A","S2016CO123017-1","bulk",0.0,21.0,10.5,"2016-08-02","Kellogg Soil Survey Laboratory Methods Manual, Soil Survey Investigations Report No. 42 Version 5.0, Issued 2014","Routine Particle Size Distribution (3A1a1a)",33.8,51.6,67.0,12.2,20.8,,,7.8,4.4,14.8,34.7,14.3,2.3,0.9,"USDA NRCS Kellogg Soil Survey Laboratory",
"680ab2ff-4fb3-4e0f-b2bb-f9e939a35b5e","CPER_012.basePlot.all","D10","CPER","CPER_012","S2016CO123016","2016-03-28","16N02763","Bk","S2016CO123016-4","bulk",50.0,78.0,64.0,"2016-08-02","Kellogg Soil Survey Laboratory Methods Manual, Soil Survey Investigations Report No. 42 Version 5.0, Issued 2014","Routine Particle Size Distribution (3A1a1a)",29.4,10.5,56.0,24.0,20.0,0.0,,11.8,12.2,29.5,21.8,3.3,1.0,0.4,"USDA NRCS Kellogg Soil Survey Laboratory",
"dcf36a45-43d4-4f1a-a661-9d0960c82f12","CPER_012.basePlot.all","D10","CPER","CPER_012","S2016CO123016","2016-03-28","16N02760","A","S2016CO123016-1","bulk",0.0,10.0,5.0,"2016-08-02","Kellogg Soil Survey Laboratory Methods Manual, Soil Survey Investigations Report No. 42 Version 5.0, Issued 2014","Routine Particle Size Distribution (3A1a1a)",9.1,2.0,67.9,18.9,13.2,,,7.1,11.8,28.5,22.8,11.9,3.8,0.9,"USDA NRCS Kellogg Soil Survey Laboratory",
"2a9c1096-d345-4919-9a6f-73ae4232399a","CPER_012.basePlot.all","D10","CPER","CPER_012","S2016CO123016","2016-03-28","16N02762","Bt2","S2016CO123016-3","bulk",21.0,50.0,35.5,"2016-08-02","Kellogg Soil Survey Laboratory Methods Manual, Soil Survey Investigations Report No. 42 Version 5.0, Issued 2014","Routine Particle Size Distribution (3A1a1a)",183.3,25.3,49.9,23.9,26.2,,,10.9,13.0,23.3,21.0,3.9,1.5,0.2,"USDA NRCS Kellogg Soil Survey Laboratory",
"4c61fd23-f8be-467d-9ba7-55ec457c960c","CPER_019.basePlot.all","D10","CPER","CPER_019","S2016CO123017","2016-03-28","16N02768","BCk","S2016CO123017-4","bulk",71.0,100.0,85.5,"2016-08-02","Kellogg Soil Survey Laboratory Methods Manual, Soil Survey Investigations Report No. 42 Version 5.0, Issued 2014","Routine Particle Size Distribution (3A1a1a)",468.3,75.6,7.5,32.7,59.8,1.9,,29.2,3.5,3.3,2.4,1.2,0.5,0.1,"USDA NRCS Kellogg Soil Survey Laboratory",
