uid,domainID,siteID,pitNamedLocation,pitID,horizonID,bulkDensID,horizonName,setDate,collectDate,laboratoryName,labProjID,bulkDensCenterDepth,bulkDensTopDepth,bulkDensBottomDepth,bulkDensHorizonProportion,bulkDensSampleType,bulkDensExclCoarseFrag,remarks
"d099a93f-29dd-4045-8d67-ef92f0568bec","D09","WOOD","MEGAPT101002","9_WOODWORTH_PIT1","9_WOODWORTH_PIT1_AP","9_WOODWORTH_PIT1_6-16_BULKD_AP","Ap","2012-09-18","2012-09-18","USDA NRCS Kellogg Soil Survey Laboratory - Lincoln - NE","I2012USND099",11.0,6.0,16.0,1.0,"Regular",1.1478,
"059a5add-43af-457f-9257-cd3028ab84d5","D09","WOOD","MEGAPT101002","9_WOODWORTH_PIT1","9_WOODWORTH_PIT1_2BK2","9_WOODWORTH_PIT1_60-67.5_BULKD_2BK2","2Bk2","2012-09-18","2012-09-18","USDA NRCS Kellogg Soil Survey Laboratory - Lincoln - NE","I2012USND099",63.8,60.0,67.5,1.0,"Regular",1.1567,"2 x 7.5 cm long cores."
"6de51059-6bb2-4f74-90f9-7b0c0a96d90d","D09","WOOD","MEGAPT101002","9_WOODWORTH_PIT1","9_WOODWORTH_PIT1_2BK1","9_WOODWORTH_PIT1_40-50_BULKD_2BK1","2Bk1","2012-09-18","2012-09-18","USDA NRCS Kellogg Soil Survey Laboratory - Lincoln - NE","I2012USND099",45.0,40.0,50.0,1.0,"Regular",1.0925,
"8525d099-520f-462b-a3e9-dab3a0d259db","D09","WOOD","MEGAPT101002","9_WOODWORTH_PIT1","9_WOODWORTH_PIT1_2C","9_WOODWORTH_PIT1_165-168.5_BULKD_2C","2C","2012-09-18","2012-09-18","USDA NRCS Kellogg Soil Survey Laboratory - Lincoln - NE","I2012USND099",166.8,165.0,168.5,1.0,"Regular",1.3330,"3 cores (3; 3.5; & 3.5 cm long)"
"297592bf-b323-42a0-b765-0fe68e6309ab","D09","WOOD","MEGAPT101002","9_WOODWORTH_PIT1","9_WOODWORTH_PIT1_2BCK","9_WOODWORTH_PIT1_115-118.5_BULKD_2BCK","2BCk","2012-09-18","2012-09-18","USDA NRCS Kellogg Soil Survey Laboratory - Lincoln - NE","I2012USND099",116.8,115.0,118.5,1.0,"Regular",1.1700,"3 cores (3; 3.5; & 3.5 cm long)"
"086d03cc-887e-4d15-9661-3f6ed0b4783f","D09","WOOD","MEGAPT101002","9_WOODWORTH_PIT1","9_WOODWORTH_PIT1_AO","9_WOODWORTH_PIT1_0-6_BULKD_AO","AO","2012-09-18","2012-09-18","USDA NRCS Kellogg Soil Survey Laboratory - Lincoln - NE","I2012USND099",3.0,0.0,6.0,1.0,"Regular",0.6936,
"f28ca439-77fb-4b1a-9ce8-22d19e434e4c","D09","WOOD","MEGAPT101002","9_WOODWORTH_PIT1","9_WOODWORTH_PIT1_2BW","9_WOODWORTH_PIT1_20-30_BULKD_2BW","2Bw","2012-09-18","2012-09-18","USDA NRCS Kellogg Soil Survey Laboratory - Lincoln - NE","I2012USND099",25.0,10.0,20.0,1.0,"Regular",1.3352,
