uid,domainID,siteID,pitNamedLocation,pitID,horizonID,horizonName,setDate,collectDate,archiveID,archiveLaboratoryName,archiveTopDepth,archiveBottomDepth,remarks,sampleMass
"7af70877-4c79-4535-8e41-0ccb08a6c491","D09","WOOD","MEGAPT101002","9_WOODWORTH_PIT1","9_WOODWORTH_PIT1_2BK1","2Bk1","2012-09-18","2012-09-18","9_WOODWORTH_PIT1_32-58_ARCHIVE_2BK1","NEON",32.0,58.0,,1201.7
"458390e4-ca0e-4231-b783-4ed2916f41c6","D09","WOOD","MEGAPT101002","9_WOODWORTH_PIT1","9_WOODWORTH_PIT1_2C","2C","2012-09-18","2012-09-18","9_WOODWORTH_PIT1_133-200_ARCHIVE_2C","NEON",133.0,200.0,,1201.4
"c382af9a-8c19-4da1-a2cf-1ca2b7503616","D09","WOOD","MEGAPT101002","9_WOODWORTH_PIT1","9_WOODWORTH_PIT1_AO","AO","2012-09-18","2012-09-18","9_WOODWORTH_PIT1_0-6_ARCHIVE_AO","NEON",0.0,6.0,,1200.3
"465c6afd-64b2-421e-96a2-6bcce209cc8d","D09","WOOD","MEGAPT101002","9_WOODWORTH_PIT1","9_WOODWORTH_PIT1_2BW","2Bw","2012-09-18","2012-09-18","9_WOODWORTH_PIT1_16-32_ARCHIVE_2BW","NEON",16.0,32.0,,1200.3
"5ac3eb50-0b03-47c7-b68c-8b024d316e09","D09","WOOD","MEGAPT101002","9_WOODWORTH_PIT1","9_WOODWORTH_PIT1_2BK2","2Bk2","2012-09-18","2012-09-18","9_WOODWORTH_PIT1_58-92_ARCHIVE_2BK2","NEON",58.0,92.0,,1202.2
"25b2cf41-6f82-4b81-8205-cbb9b1fb567b","D09","WOOD","MEGAPT101002","9_WOODWORTH_PIT1","9_WOODWORTH_PIT1_AP","Ap","2012-09-18","2012-09-18","9_WOODWORTH_PIT1_6-16_ARCHIVE_AP","NEON",6.0,16.0,,1200.3
"92df2fa6-5fae-4f7b-8334-ebbb698ad2a0","D09","WOOD","MEGAPT101002","9_WOODWORTH_PIT1","9_WOODWORTH_PIT1_2BCK","2BCk","2012-09-18","2012-09-18","9_WOODWORTH_PIT1_92-133_ARCHIVE_2BCK","NEON",92.0,133.0,,1202.1
