uid,domainID,siteID,pitNamedLocation,pitID,horizonID,horizonName,setDate,collectDate,horizonTopDepth,horizonBottomDepth,nrcsDescriptionID,remarks
"eeeed190-b3ce-485e-8925-0432a81c8820","D09","WOOD","MEGAPT101002","9_WOODWORTH_PIT1","9_WOODWORTH_PIT1_2BK1","2Bk1","2012-09-18","2012-09-18",32.0,58.0,"12ND093001",
"b3b86b1b-86e1-4f43-bd0c-9ae4973643c4","D09","WOOD","MEGAPT101002","9_WOODWORTH_PIT1","9_WOODWORTH_PIT1_2BW","2Bw","2012-09-18","2012-09-18",16.0,32.0,"12ND093001",
"45eb6398-a6c7-4145-9c97-801cb5192237","D09","WOOD","MEGAPT101002","9_WOODWORTH_PIT1","9_WOODWORTH_PIT1_AP","Ap","2012-09-18","2012-09-18",6.0,16.0,"12ND093001",
"73b36abe-371c-4d55-b753-9ac87be7c262","D09","WOOD","MEGAPT101002","9_WOODWORTH_PIT1","9_WOODWORTH_PIT1_2BK2","2Bk2","2012-09-18","2012-09-18",58.0,92.0,"12ND093001",
"e1440673-363f-4f6a-aac3-f4356da13058","D09","WOOD","MEGAPT101002","9_WOODWORTH_PIT1","9_WOODWORTH_PIT1_AO","AO","2012-09-18","2012-09-18",0.0,6.0,"12ND093001",
"33f4f22c-10a6-42af-94dc-1d13258f4431","D09","WOOD","MEGAPT101002","9_WOODWORTH_PIT1","9_WOODWORTH_PIT1_2C","2C","2012-09-18","2012-09-18",133.0,190.0,"12ND093001",
"cc363a13-2276-4a18-9a45-af6c1e620d10","D09","WOOD","MEGAPT101002","9_WOODWORTH_PIT1","9_WOODWORTH_PIT1_2BCK","2BCk","2012-09-18","2012-09-18",92.0,133.0,"12ND093001",
