{
  "uuid": "2ff4bf3c-9a7c-4dd4-b122-0cae2ad8e7b7",
  "timestamp": "2024-04-20T23:42:43Z",
  "zipFileName": "NEON_traits-foliar",
  "mimeType": "application/zip",
  "productCode": "DP1.10026.001",
  "productName": "Plant foliar traits",
  "siteCodes": [
    "ABBY",
    "SJER",
    "SOAP",
    "TEAK",
    "WREF"
  ],
  "startDate": "2016-06-01T00:00:00Z",
  "endDate": "2023-07-31T23:59:59Z",
  "packageType": "basic",
  "documents": [
    {
      "fileName": "AndLGreatLakes_FoliarDigest_20201210.pdf",
      "downloadFileName": null,
      "type": "application/pdf",
      "fileSizeBytes": 462303,
      "description": "A & L Great Lakes Laboratories, Inc. SOP Microwave Digestion for Plant Tissues and Feeds",
      "uri": "https://data.neonscience.org/api/v0/documents/AndLGreatLakes_FoliarDigest_20201210"
    },
    {
      "fileName": "AndLGreatLakes_Lignin_20201210.pdf",
      "downloadFileName": null,
      "type": "application/pdf",
      "fileSizeBytes": 611801,
      "description": "A & L Great Lakes Laboratories Inc. SOP: Acid Detergent Fiber and Lignin Analysis in Feeds - Filter Bag Technique (for A200 and A200I)",
      "uri": "https://data.neonscience.org/api/v0/documents/AndLGreatLakes_Lignin_20201210"
    },
    {
      "fileName": "NEON.DOC.001024vK.pdf",
      "downloadFileName": null,
      "type": "application/pdf",
      "fileSizeBytes": 4542947,
      "description": "TOS Protocol and Procedure: CFC – Canopy Foliage Sampling",
      "uri": "https://data.neonscience.org/api/v0/documents/NEON.DOC.001024vK"
    },
    {
      "fileName": "Ecoanalysts_Foliar-Pigments_20210901.pdf",
      "downloadFileName": null,
      "type": "application/pdf",
      "fileSizeBytes": 265788,
      "description": "STANDARD OPERATING PROCEDURES\nfor Spectrophotometric Measurement of\nChlorophyll a, Chlorophyll b, and Bulk Carotenoids Using \nMethanol Solvent",
      "uri": "https://data.neonscience.org/api/v0/documents/Ecoanalysts_Foliar-Pigments_20210901"
    },
    {
      "fileName": "NEON.DOC.000914vC.pdf",
      "downloadFileName": null,
      "type": "application/pdf",
      "fileSizeBytes": 3012240,
      "description": "TOS Science Design for Plant Biomass and Productivity",
      "uri": "https://data.neonscience.org/api/v0/documents/NEON.DOC.000914vC"
    },
    {
      "fileName": "NEON.DOC.000906vC.pdf",
      "downloadFileName": null,
      "type": "application/pdf",
      "fileSizeBytes": 2106919,
      "description": "TOS Science Design for Terrestrial Biogeochemistry",
      "uri": "https://data.neonscience.org/api/v0/documents/NEON.DOC.000906vC"
    },
    {
      "fileName": "AndLGreatLakes_FoliarICP_20230420.pdf",
      "downloadFileName": null,
      "type": "application/pdf",
      "fileSizeBytes": 953189,
      "description": "A & L Great Lakes Laboratories Inc. SOP: Mineral Analysis of Microwave Plant Tissues",
      "uri": "https://data.neonscience.org/api/v0/documents/AndLGreatLakes_FoliarICP_20230420"
    },
    {
      "fileName": "UofWyomingSIF_CNiso_20220909.pdf",
      "downloadFileName": null,
      "type": "application/pdf",
      "fileSizeBytes": 1687512,
      "description": "University of Wyoming Stable Isotope Facility Standard Operating Procedures (NEON abbreviated version)",
      "uri": "https://data.neonscience.org/api/v0/documents/UofWyomingSIF_CNiso_20220909"
    },
    {
      "fileName": "NEON_CFC_userGuide_vF.pdf",
      "downloadFileName": null,
      "type": "application/pdf",
      "fileSizeBytes": 1010099,
      "description": "NEON User Guide to Plant Foliar Traits (DP1.10026.001)",
      "uri": "https://data.neonscience.org/api/v0/documents/NEON_CFC_userGuide_vF"
    },
    {
      "fileName": "NEON.QSG.DP1.10026.001v1.pdf",
      "downloadFileName": null,
      "type": "application/pdf",
      "fileSizeBytes": 503714,
      "description": "Quick Start Guide for Plant foliar traits (DP1.10026.001)",
      "uri": "https://data.neonscience.org/api/v0/documents/quick-start-guides/NEON.QSG.DP1.10026.001v1.pdf"
    }
  ],
  "releases": [
    {
      "release": "RELEASE-2024",
      "generationDate": "2024-01-27T00:04:25Z",
      "packages": [
        {
          "release": "RELEASE-2024",
          "productCode": "DP1.10026.001",
          "domainCode": "D16",
          "siteCode": "ABBY",
          "month": "2022-07",
          "packageType": "basic",
          "generationDate": "2024-01-27T00:04:25Z",
          "files": [
            {
              "fileName": "NEON.D16.ABBY.DP1.10026.001.cfc_elements.2022-07.basic.20240104T222804Z.csv",
              "downloadFileName": null,
              "uri": "https://data.neonscience.org/api/v0/releases/RELEASE-2024/data/DP1.10026.001/ABBY/2022-07/NEON.D16.ABBY.DP1.10026.001.cfc_elements.2022-07.basic.20240104T222804Z.csv",
              "fileSizeBytes": 4732,
              "checksum": "12a752efdd3f7be0766c41580ed9a2ec",
              "checksumAlgorithm": "MD5"
            },
            {
              "fileName": "NEON.D16.ABBY.DP1.10026.001.cfc_carbonNitrogen.2022-07.basic.20240104T222804Z.csv",
              "downloadFileName": null,
              "uri": "https://data.neonscience.org/api/v0/releases/RELEASE-2024/data/DP1.10026.001/ABBY/2022-07/NEON.D16.ABBY.DP1.10026.001.cfc_carbonNitrogen.2022-07.basic.20240104T222804Z.csv",
              "fileSizeBytes": 5578,
              "checksum": "8c1c99a21955a28dcbdc7075e21e9048",
              "checksumAlgorithm": "MD5"
            },
            {
              "fileName": "NEON.D16.ABBY.DP1.10026.001.cfc_fieldData.2022-07.basic.20240104T222804Z.csv",
              "downloadFileName": null,
              "uri": "https://data.neonscience.org/api/v0/releases/RELEASE-2024/data/DP1.10026.001/ABBY/2022-07/NEON.D16.ABBY.DP1.10026.001.cfc_fieldData.2022-07.basic.20240104T222804Z.csv",
              "fileSizeBytes": 6230,
              "checksum": "b29c44e20136a5c77be83748d0123d99",
              "checksumAlgorithm": "MD5"
            },
            {
              "fileName": "NEON.D16.ABBY.DP1.10026.001.readme.20240127T000425Z.txt",
              "downloadFileName": null,
              "uri": "https://data.neonscience.org/api/v0/releases/RELEASE-2024/data/DP1.10026.001/ABBY/2022-07/NEON.D16.ABBY.DP1.10026.001.readme.20240127T000425Z.txt",
              "fileSizeBytes": 31610,
              "checksum": "70d9c9109d9a6c3db0724ebc179c2410",
              "checksumAlgorithm": "MD5"
            },
            {
              "fileName": "NEON.D16.ABBY.DP1.10026.001.EML.20220721-20220728.20240127T000425Z.xml",
              "downloadFileName": null,
              "uri": "https://data.neonscience.org/api/v0/releases/RELEASE-2024/data/DP1.10026.001/ABBY/2022-07/NEON.D16.ABBY.DP1.10026.001.EML.20220721-20220728.20240127T000425Z.xml",
              "fileSizeBytes": 454040,
              "checksum": "0743c84ddd6e7708329919437634f463",
              "checksumAlgorithm": "MD5"
            },
            {
              "fileName": "NEON.D16.ABBY.DP0.10026.001.categoricalCodes.20240104T222804Z.csv",
              "downloadFileName": null,
              "uri": "https://data.neonscience.org/api/v0/releases/RELEASE-2024/data/DP1.10026.001/ABBY/2022-07/NEON.D16.ABBY.DP0.10026.001.categoricalCodes.20240104T222804Z.csv",
              "fileSizeBytes": 78214,
              "checksum": "337d951f7bc5beafae5672dc513f06ef",
              "checksumAlgorithm": "MD5"
            },
            {
              "fileName": "NEON.D16.ABBY.DP1.10026.001.cfc_lignin.2022-07.basic.20240104T222804Z.csv",
              "downloadFileName": null,
              "uri": "https://data.neonscience.org/api/v0/releases/RELEASE-2024/data/DP1.10026.001/ABBY/2022-07/NEON.D16.ABBY.DP1.10026.001.cfc_lignin.2022-07.basic.20240104T222804Z.csv",
              "fileSizeBytes": 3657,
              "checksum": "5187603da6500ba5a9fffe3cecfada3d",
              "checksumAlgorithm": "MD5"
            },
            {
              "fileName": "NEON.D16.ABBY.DP0.10026.001.validation.20240104T222804Z.csv",
              "downloadFileName": null,
              "uri": "https://data.neonscience.org/api/v0/releases/RELEASE-2024/data/DP1.10026.001/ABBY/2022-07/NEON.D16.ABBY.DP0.10026.001.validation.20240104T222804Z.csv",
              "fileSizeBytes": 164524,
              "checksum": "6d355bfb316b73713695a6082995afdf",
              "checksumAlgorithm": "MD5"
            },
            {
              "fileName": "NEON.D16.ABBY.DP1.10026.001.cfc_chlorophyll.2022-07.basic.20240104T222804Z.csv",
              "downloadFileName": null,
              "uri": "https://data.neonscience.org/api/v0/releases/RELEASE-2024/data/DP1.10026.001/ABBY/2022-07/NEON.D16.ABBY.DP1.10026.001.cfc_chlorophyll.2022-07.basic.20240104T222804Z.csv",
              "fileSizeBytes": 4417,
              "checksum": "78d9e20172f3839f19e61738559c9635",
              "checksumAlgorithm": "MD5"
            },
            {
              "fileName": "NEON.D16.ABBY.DP1.10026.001.variables.20240104T222804Z.csv",
              "downloadFileName": null,
              "uri": "https://data.neonscience.org/api/v0/releases/RELEASE-2024/data/DP1.10026.001/ABBY/2022-07/NEON.D16.ABBY.DP1.10026.001.variables.20240104T222804Z.csv",
              "fileSizeBytes": 44070,
              "checksum": "63a8fcef7db9be3e806b21db927858a3",
              "checksumAlgorithm": "MD5"
            },
            {
              "fileName": "NEON.D16.ABBY.DP1.10026.001.cfc_LMA.2022-07.basic.20240104T222804Z.csv",
              "downloadFileName": null,
              "uri": "https://data.neonscience.org/api/v0/releases/RELEASE-2024/data/DP1.10026.001/ABBY/2022-07/NEON.D16.ABBY.DP1.10026.001.cfc_LMA.2022-07.basic.20240104T222804Z.csv",
              "fileSizeBytes": 717,
              "checksum": "daef376ef92a2d6c63a36424db6a1393",
              "checksumAlgorithm": "MD5"
            },
            {
              "fileName": "NEON.D16.ABBY.DP1.10026.001.cfc_chemistrySubsampling.2022-07.basic.20240104T222804Z.csv",
              "downloadFileName": null,
              "uri": "https://data.neonscience.org/api/v0/releases/RELEASE-2024/data/DP1.10026.001/ABBY/2022-07/NEON.D16.ABBY.DP1.10026.001.cfc_chemistrySubsampling.2022-07.basic.20240104T222804Z.csv",
              "fileSizeBytes": 4322,
              "checksum": "17f74e9964d7386177cbf1cddc885b2a",
              "checksumAlgorithm": "MD5"
            }
          ]
        },
        {
          "release": "RELEASE-2024",
          "productCode": "DP1.10026.001",
          "domainCode": "D16",
          "siteCode": "ABBY",
          "month": "2022-08",
          "packageType": "basic",
          "generationDate": "2024-01-27T00:04:25Z",
          "files": [
            {
              "fileName": "NEON.D16.ABBY.DP1.10026.001.cfc_lignin.2022-08.basic.20240104T225752Z.csv",
              "downloadFileName": null,
              "uri": "https://data.neonscience.org/api/v0/releases/RELEASE-2024/data/DP1.10026.001/ABBY/2022-08/NEON.D16.ABBY.DP1.10026.001.cfc_lignin.2022-08.basic.20240104T225752Z.csv",
              "fileSizeBytes": 5508,
              "checksum": "233b6d7d6db26825136285b2c68036aa",
              "checksumAlgorithm": "MD5"
            },
            {
              "fileName": "NEON.D16.ABBY.DP0.10026.001.categoricalCodes.20240104T225752Z.csv",
              "downloadFileName": null,
              "uri": "https://data.neonscience.org/api/v0/releases/RELEASE-2024/data/DP1.10026.001/ABBY/2022-08/NEON.D16.ABBY.DP0.10026.001.categoricalCodes.20240104T225752Z.csv",
              "fileSizeBytes": 78214,
              "checksum": "337d951f7bc5beafae5672dc513f06ef",
              "checksumAlgorithm": "MD5"
            },
            {
              "fileName": "NEON.D16.ABBY.DP1.10026.001.readme.20240127T000425Z.txt",
              "downloadFileName": null,
              "uri": "https://data.neonscience.org/api/v0/releases/RELEASE-2024/data/DP1.10026.001/ABBY/2022-08/NEON.D16.ABBY.DP1.10026.001.readme.20240127T000425Z.txt",
              "fileSizeBytes": 31741,
              "checksum": "5ecde1d9f1e75bd576e0e1ad0950bcec",
              "checksumAlgorithm": "MD5"
            },
            {
              "fileName": "NEON.D16.ABBY.DP1.10026.001.cfc_chemistrySubsampling.2022-08.basic.20240104T225752Z.csv",
              "downloadFileName": null,
              "uri": "https://data.neonscience.org/api/v0/releases/RELEASE-2024/data/DP1.10026.001/ABBY/2022-08/NEON.D16.ABBY.DP1.10026.001.cfc_chemistrySubsampling.2022-08.basic.20240104T225752Z.csv",
              "fileSizeBytes": 6601,
              "checksum": "0c196b77c0dd8fc229f53f0aff09d52a",
              "checksumAlgorithm": "MD5"
            },
            {
              "fileName": "NEON.D16.ABBY.DP1.10026.001.cfc_carbonNitrogen.2022-08.basic.20240104T225752Z.csv",
              "downloadFileName": null,
              "uri": "https://data.neonscience.org/api/v0/releases/RELEASE-2024/data/DP1.10026.001/ABBY/2022-08/NEON.D16.ABBY.DP1.10026.001.cfc_carbonNitrogen.2022-08.basic.20240104T225752Z.csv",
              "fileSizeBytes": 8219,
              "checksum": "46aaac1126c9854287e158d27f3a61e7",
              "checksumAlgorithm": "MD5"
            },
            {
              "fileName": "NEON.D16.ABBY.DP1.10026.001.cfc_fieldData.2022-08.basic.20240104T225752Z.csv",
              "downloadFileName": null,
              "uri": "https://data.neonscience.org/api/v0/releases/RELEASE-2024/data/DP1.10026.001/ABBY/2022-08/NEON.D16.ABBY.DP1.10026.001.cfc_fieldData.2022-08.basic.20240104T225752Z.csv",
              "fileSizeBytes": 14292,
              "checksum": "04b394b5645f90454715bedd67f48afe",
              "checksumAlgorithm": "MD5"
            },
            {
              "fileName": "NEON.D16.ABBY.DP1.10026.001.cfc_elements.2022-08.basic.20240104T225752Z.csv",
              "downloadFileName": null,
              "uri": "https://data.neonscience.org/api/v0/releases/RELEASE-2024/data/DP1.10026.001/ABBY/2022-08/NEON.D16.ABBY.DP1.10026.001.cfc_elements.2022-08.basic.20240104T225752Z.csv",
              "fileSizeBytes": 7031,
              "checksum": "1fcfa20712b0d1530b2dd2ce408f3009",
              "checksumAlgorithm": "MD5"
            },
            {
              "fileName": "NEON.D16.ABBY.DP1.10026.001.EML.20220721-20220815.20240127T000425Z.xml",
              "downloadFileName": null,
              "uri": "https://data.neonscience.org/api/v0/releases/RELEASE-2024/data/DP1.10026.001/ABBY/2022-08/NEON.D16.ABBY.DP1.10026.001.EML.20220721-20220815.20240127T000425Z.xml",
              "fileSizeBytes": 465580,
              "checksum": "967f07de6eca199cfc0bd6437398bc07",
              "checksumAlgorithm": "MD5"
            },
            {
              "fileName": "NEON.D16.ABBY.DP1.10026.001.cfc_shapefile.2022-08.basic.20240104T225752Z.csv",
              "downloadFileName": null,
              "uri": "https://data.neonscience.org/api/v0/releases/RELEASE-2024/data/DP1.10026.001/ABBY/2022-08/NEON.D16.ABBY.DP1.10026.001.cfc_shapefile.2022-08.basic.20240104T225752Z.csv",
              "fileSizeBytes": 283,
              "checksum": "90ddffcd78a0ce604836921f6847e152",
              "checksumAlgorithm": "MD5"
            },
            {
              "fileName": "NEON.D16.ABBY.DP0.10026.001.validation.20240104T225752Z.csv",
              "downloadFileName": null,
              "uri": "https://data.neonscience.org/api/v0/releases/RELEASE-2024/data/DP1.10026.001/ABBY/2022-08/NEON.D16.ABBY.DP0.10026.001.validation.20240104T225752Z.csv",
              "fileSizeBytes": 164524,
              "checksum": "6d355bfb316b73713695a6082995afdf",
              "checksumAlgorithm": "MD5"
            },
            {
              "fileName": "NEON.D16.ABBY.DP1.10026.001.cfc_chlorophyll.2022-08.basic.20240104T225752Z.csv",
              "downloadFileName": null,
              "uri": "https://data.neonscience.org/api/v0/releases/RELEASE-2024/data/DP1.10026.001/ABBY/2022-08/NEON.D16.ABBY.DP1.10026.001.cfc_chlorophyll.2022-08.basic.20240104T225752Z.csv",
              "fileSizeBytes": 6631,
              "checksum": "97b5fb030399f41130121aac8d794608",
              "checksumAlgorithm": "MD5"
            },
            {
              "fileName": "NEON.D16.ABBY.DP1.10026.001.cfc_LMA.2022-08.basic.20240104T225752Z.csv",
              "downloadFileName": null,
              "uri": "https://data.neonscience.org/api/v0/releases/RELEASE-2024/data/DP1.10026.001/ABBY/2022-08/NEON.D16.ABBY.DP1.10026.001.cfc_LMA.2022-08.basic.20240104T225752Z.csv",
              "fileSizeBytes": 9017,
              "checksum": "3f3b0c0868a6f46ca396733ca1ab82e6",
              "checksumAlgorithm": "MD5"
            },
            {
              "fileName": "NEON.D16.ABBY.DP1.10026.001.variables.20240104T225752Z.csv",
              "downloadFileName": null,
              "uri": "https://data.neonscience.org/api/v0/releases/RELEASE-2024/data/DP1.10026.001/ABBY/2022-08/NEON.D16.ABBY.DP1.10026.001.variables.20240104T225752Z.csv",
              "fileSizeBytes": 44070,
              "checksum": "63a8fcef7db9be3e806b21db927858a3",
              "checksumAlgorithm": "MD5"
            }
          ]
        },
        {
          "release": "RELEASE-2024",
          "productCode": "DP1.10026.001",
          "domainCode": "D17",
          "siteCode": "SJER",
          "month": "2019-03",
          "packageType": "basic",
          "generationDate": "2024-01-27T00:04:25Z",
          "files": [
            {
              "fileName": "NEON.D17.SJER.DP1.10026.001.cfc_LMA.2019-03.basic.20240104T223229Z.csv",
              "downloadFileName": null,
              "uri": "https://data.neonscience.org/api/v0/releases/RELEASE-2024/data/DP1.10026.001/SJER/2019-03/NEON.D17.SJER.DP1.10026.001.cfc_LMA.2019-03.basic.20240104T223229Z.csv",
              "fileSizeBytes": 10113,
              "checksum": "1d04610b9f168a5b52471b1f27aef459",
              "checksumAlgorithm": "MD5"
            },
            {
              "fileName": "NEON.D17.SJER.DP1.10026.001.cfc_elements.2019-03.basic.20240104T223229Z.csv",
              "downloadFileName": null,
              "uri": "https://data.neonscience.org/api/v0/releases/RELEASE-2024/data/DP1.10026.001/SJER/2019-03/NEON.D17.SJER.DP1.10026.001.cfc_elements.2019-03.basic.20240104T223229Z.csv",
              "fileSizeBytes": 12361,
              "checksum": "33936521aec769b90ad13dd52311a935",
              "checksumAlgorithm": "MD5"
            },
            {
              "fileName": "NEON.D17.SJER.DP1.10026.001.readme.20240127T000425Z.txt",
              "downloadFileName": null,
              "uri": "https://data.neonscience.org/api/v0/releases/RELEASE-2024/data/DP1.10026.001/SJER/2019-03/NEON.D17.SJER.DP1.10026.001.readme.20240127T000425Z.txt",
              "fileSizeBytes": 31610,
              "checksum": "4cd577dca692c1630619195ba212f418",
              "checksumAlgorithm": "MD5"
            },
            {
              "fileName": "NEON.D17.SJER.DP1.10026.001.cfc_chlorophyll.2019-03.basic.20240104T223229Z.csv",
              "downloadFileName": null,
              "uri": "https://data.neonscience.org/api/v0/releases/RELEASE-2024/data/DP1.10026.001/SJER/2019-03/NEON.D17.SJER.DP1.10026.001.cfc_chlorophyll.2019-03.basic.20240104T223229Z.csv",
              "fileSizeBytes": 11020,
              "checksum": "a5e376584e536dcf636f603ae6a247c6",
              "checksumAlgorithm": "MD5"
            },
            {
              "fileName": "NEON.D17.SJER.DP1.10026.001.EML.20190320-20190328.20240127T000425Z.xml",
              "downloadFileName": null,
              "uri": "https://data.neonscience.org/api/v0/releases/RELEASE-2024/data/DP1.10026.001/SJER/2019-03/NEON.D17.SJER.DP1.10026.001.EML.20190320-20190328.20240127T000425Z.xml",
              "fileSizeBytes": 451643,
              "checksum": "c2a8796f3139b63c8068aaa3ba5a2831",
              "checksumAlgorithm": "MD5"
            },
            {
              "fileName": "NEON.D17.SJER.DP1.10026.001.cfc_chemistrySubsampling.2019-03.basic.20240104T223229Z.csv",
              "downloadFileName": null,
              "uri": "https://data.neonscience.org/api/v0/releases/RELEASE-2024/data/DP1.10026.001/SJER/2019-03/NEON.D17.SJER.DP1.10026.001.cfc_chemistrySubsampling.2019-03.basic.20240104T223229Z.csv",
              "fileSizeBytes": 11459,
              "checksum": "fc1ecfc6cccb6e01252a1649c1ce7020",
              "checksumAlgorithm": "MD5"
            },
            {
              "fileName": "NEON.D17.SJER.DP0.10026.001.categoricalCodes.20240104T223229Z.csv",
              "downloadFileName": null,
              "uri": "https://data.neonscience.org/api/v0/releases/RELEASE-2024/data/DP1.10026.001/SJER/2019-03/NEON.D17.SJER.DP0.10026.001.categoricalCodes.20240104T223229Z.csv",
              "fileSizeBytes": 78214,
              "checksum": "337d951f7bc5beafae5672dc513f06ef",
              "checksumAlgorithm": "MD5"
            },
            {
              "fileName": "NEON.D17.SJER.DP1.10026.001.cfc_lignin.2019-03.basic.20240104T223229Z.csv",
              "downloadFileName": null,
              "uri": "https://data.neonscience.org/api/v0/releases/RELEASE-2024/data/DP1.10026.001/SJER/2019-03/NEON.D17.SJER.DP1.10026.001.cfc_lignin.2019-03.basic.20240104T223229Z.csv",
              "fileSizeBytes": 9260,
              "checksum": "9ddf96a307d8cdad3ca16d46203eb9d3",
              "checksumAlgorithm": "MD5"
            },
            {
              "fileName": "NEON.D17.SJER.DP1.10026.001.cfc_carbonNitrogen.2019-03.basic.20240104T223229Z.csv",
              "downloadFileName": null,
              "uri": "https://data.neonscience.org/api/v0/releases/RELEASE-2024/data/DP1.10026.001/SJER/2019-03/NEON.D17.SJER.DP1.10026.001.cfc_carbonNitrogen.2019-03.basic.20240104T223229Z.csv",
              "fileSizeBytes": 16199,
              "checksum": "e37b7772857f0597e5456a8f275700f8",
              "checksumAlgorithm": "MD5"
            },
            {
              "fileName": "NEON.D17.SJER.DP0.10026.001.validation.20240104T223229Z.csv",
              "downloadFileName": null,
              "uri": "https://data.neonscience.org/api/v0/releases/RELEASE-2024/data/DP1.10026.001/SJER/2019-03/NEON.D17.SJER.DP0.10026.001.validation.20240104T223229Z.csv",
              "fileSizeBytes": 164524,
              "checksum": "6d355bfb316b73713695a6082995afdf",
              "checksumAlgorithm": "MD5"
            },
            {
              "fileName": "NEON.D17.SJER.DP1.10026.001.cfc_fieldData.2019-03.basic.20240104T223229Z.csv",
              "downloadFileName": null,
              "uri": "https://data.neonscience.org/api/v0/releases/RELEASE-2024/data/DP1.10026.001/SJER/2019-03/NEON.D17.SJER.DP1.10026.001.cfc_fieldData.2019-03.basic.20240104T223229Z.csv",
              "fileSizeBytes": 14029,
              "checksum": "3fd7e57cbb22778a9c1f7a76f0804565",
              "checksumAlgorithm": "MD5"
            },
            {
              "fileName": "NEON.D17.SJER.DP1.10026.001.variables.20240104T223229Z.csv",
              "downloadFileName": null,
              "uri": "https://data.neonscience.org/api/v0/releases/RELEASE-2024/data/DP1.10026.001/SJER/2019-03/NEON.D17.SJER.DP1.10026.001.variables.20240104T223229Z.csv",
              "fileSizeBytes": 44070,
              "checksum": "63a8fcef7db9be3e806b21db927858a3",
              "checksumAlgorithm": "MD5"
            }
          ]
        },
        {
          "release": "RELEASE-2024",
          "productCode": "DP1.10026.001",
          "domainCode": "D17",
          "siteCode": "SJER",
          "month": "2019-04",
          "packageType": "basic",
          "generationDate": "2024-01-27T00:04:25Z",
          "files": [
            {
              "fileName": "NEON.D17.SJER.DP1.10026.001.cfc_carbonNitrogen.2019-04.basic.20240104T222904Z.csv",
              "downloadFileName": null,
              "uri": "https://data.neonscience.org/api/v0/releases/RELEASE-2024/data/DP1.10026.001/SJER/2019-04/NEON.D17.SJER.DP1.10026.001.cfc_carbonNitrogen.2019-04.basic.20240104T222904Z.csv",
              "fileSizeBytes": 13140,
              "checksum": "c60d774b3b9c7968893178a9640456bf",
              "checksumAlgorithm": "MD5"
            },
            {
              "fileName": "NEON.D17.SJER.DP0.10026.001.validation.20240104T222904Z.csv",
              "downloadFileName": null,
              "uri": "https://data.neonscience.org/api/v0/releases/RELEASE-2024/data/DP1.10026.001/SJER/2019-04/NEON.D17.SJER.DP0.10026.001.validation.20240104T222904Z.csv",
              "fileSizeBytes": 164524,
              "checksum": "6d355bfb316b73713695a6082995afdf",
              "checksumAlgorithm": "MD5"
            },
            {
              "fileName": "NEON.D17.SJER.DP1.10026.001.cfc_fieldData.2019-04.basic.20240104T222904Z.csv",
              "downloadFileName": null,
              "uri": "https://data.neonscience.org/api/v0/releases/RELEASE-2024/data/DP1.10026.001/SJER/2019-04/NEON.D17.SJER.DP1.10026.001.cfc_fieldData.2019-04.basic.20240104T222904Z.csv",
              "fileSizeBytes": 9719,
              "checksum": "41bbc63bbff3fcee4c478fc3d69a4f4c",
              "checksumAlgorithm": "MD5"
            },
            {
              "fileName": "NEON.D17.SJER.DP1.10026.001.EML.20190401-20190404.20240127T000425Z.xml",
              "downloadFileName": null,
              "uri": "https://data.neonscience.org/api/v0/releases/RELEASE-2024/data/DP1.10026.001/SJER/2019-04/NEON.D17.SJER.DP1.10026.001.EML.20190401-20190404.20240127T000425Z.xml",
              "fileSizeBytes": 451643,
              "checksum": "99f79462247321fb528adba1c926ae43",
              "checksumAlgorithm": "MD5"
            },
            {
              "fileName": "NEON.D17.SJER.DP0.10026.001.categoricalCodes.20240104T222904Z.csv",
              "downloadFileName": null,
              "uri": "https://data.neonscience.org/api/v0/releases/RELEASE-2024/data/DP1.10026.001/SJER/2019-04/NEON.D17.SJER.DP0.10026.001.categoricalCodes.20240104T222904Z.csv",
              "fileSizeBytes": 78214,
              "checksum": "337d951f7bc5beafae5672dc513f06ef",
              "checksumAlgorithm": "MD5"
            },
            {
              "fileName": "NEON.D17.SJER.DP1.10026.001.cfc_lignin.2019-04.basic.20240104T222904Z.csv",
              "downloadFileName": null,
              "uri": "https://data.neonscience.org/api/v0/releases/RELEASE-2024/data/DP1.10026.001/SJER/2019-04/NEON.D17.SJER.DP1.10026.001.cfc_lignin.2019-04.basic.20240104T222904Z.csv",
              "fileSizeBytes": 6516,
              "checksum": "88e3ca8cadff1093128b40585770483a",
              "checksumAlgorithm": "MD5"
            },
            {
              "fileName": "NEON.D17.SJER.DP1.10026.001.cfc_elements.2019-04.basic.20240104T222904Z.csv",
              "downloadFileName": null,
              "uri": "https://data.neonscience.org/api/v0/releases/RELEASE-2024/data/DP1.10026.001/SJER/2019-04/NEON.D17.SJER.DP1.10026.001.cfc_elements.2019-04.basic.20240104T222904Z.csv",
              "fileSizeBytes": 8638,
              "checksum": "e08036475a21d7432542c6a2ce321083",
              "checksumAlgorithm": "MD5"
            },
            {
              "fileName": "NEON.D17.SJER.DP1.10026.001.cfc_chemistrySubsampling.2019-04.basic.20240104T222904Z.csv",
              "downloadFileName": null,
              "uri": "https://data.neonscience.org/api/v0/releases/RELEASE-2024/data/DP1.10026.001/SJER/2019-04/NEON.D17.SJER.DP1.10026.001.cfc_chemistrySubsampling.2019-04.basic.20240104T222904Z.csv",
              "fileSizeBytes": 8018,
              "checksum": "3a7ee526435c9cc627fcb210487c7f56",
              "checksumAlgorithm": "MD5"
            },
            {
              "fileName": "NEON.D17.SJER.DP1.10026.001.readme.20240127T000425Z.txt",
              "downloadFileName": null,
              "uri": "https://data.neonscience.org/api/v0/releases/RELEASE-2024/data/DP1.10026.001/SJER/2019-04/NEON.D17.SJER.DP1.10026.001.readme.20240127T000425Z.txt",
              "fileSizeBytes": 31610,
              "checksum": "355c3fd9cfafdb7a2aff3f37e3adf156",
              "checksumAlgorithm": "MD5"
            },
            {
              "fileName": "NEON.D17.SJER.DP1.10026.001.variables.20240104T222904Z.csv",
              "downloadFileName": null,
              "uri": "https://data.neonscience.org/api/v0/releases/RELEASE-2024/data/DP1.10026.001/SJER/2019-04/NEON.D17.SJER.DP1.10026.001.variables.20240104T222904Z.csv",
              "fileSizeBytes": 44070,
              "checksum": "63a8fcef7db9be3e806b21db927858a3",
              "checksumAlgorithm": "MD5"
            },
            {
              "fileName": "NEON.D17.SJER.DP1.10026.001.cfc_chlorophyll.2019-04.basic.20240104T222904Z.csv",
              "downloadFileName": null,
              "uri": "https://data.neonscience.org/api/v0/releases/RELEASE-2024/data/DP1.10026.001/SJER/2019-04/NEON.D17.SJER.DP1.10026.001.cfc_chlorophyll.2019-04.basic.20240104T222904Z.csv",
              "fileSizeBytes": 7762,
              "checksum": "7d9553326c28e9a76aee130e02844528",
              "checksumAlgorithm": "MD5"
            },
            {
              "fileName": "NEON.D17.SJER.DP1.10026.001.cfc_LMA.2019-04.basic.20240104T222904Z.csv",
              "downloadFileName": null,
              "uri": "https://data.neonscience.org/api/v0/releases/RELEASE-2024/data/DP1.10026.001/SJER/2019-04/NEON.D17.SJER.DP1.10026.001.cfc_LMA.2019-04.basic.20240104T222904Z.csv",
              "fileSizeBytes": 7105,
              "checksum": "7669f722838a3bf069394182de9f2a2f",
              "checksumAlgorithm": "MD5"
            }
          ]
        },
        {
          "release": "RELEASE-2024",
          "productCode": "DP1.10026.001",
          "domainCode": "D17",
          "siteCode": "SOAP",
          "month": "2018-06",
          "packageType": "basic",
          "generationDate": "2024-01-27T00:04:25Z",
          "files": [
            {
              "fileName": "NEON.D17.SOAP.DP1.10026.001.cfc_lignin.2018-06.basic.20240104T223629Z.csv",
              "downloadFileName": null,
              "uri": "https://data.neonscience.org/api/v0/releases/RELEASE-2024/data/DP1.10026.001/SOAP/2018-06/NEON.D17.SOAP.DP1.10026.001.cfc_lignin.2018-06.basic.20240104T223629Z.csv",
              "fileSizeBytes": 12811,
              "checksum": "e17b8c353a2018990b1486c809018f5c",
              "checksumAlgorithm": "MD5"
            },
            {
              "fileName": "NEON.D17.SOAP.DP1.10026.001.cfc_chemistrySubsampling.2018-06.basic.20240104T223629Z.csv",
              "downloadFileName": null,
              "uri": "https://data.neonscience.org/api/v0/releases/RELEASE-2024/data/DP1.10026.001/SOAP/2018-06/NEON.D17.SOAP.DP1.10026.001.cfc_chemistrySubsampling.2018-06.basic.20240104T223629Z.csv",
              "fileSizeBytes": 13081,
              "checksum": "c44d65b51fd2a3cdebfffb03cb893cc3",
              "checksumAlgorithm": "MD5"
            },
            {
              "fileName": "NEON.D17.SOAP.DP1.10026.001.EML.20180620-20180628.20240127T000425Z.xml",
              "downloadFileName": null,
              "uri": "https://data.neonscience.org/api/v0/releases/RELEASE-2024/data/DP1.10026.001/SOAP/2018-06/NEON.D17.SOAP.DP1.10026.001.EML.20180620-20180628.20240127T000425Z.xml",
              "fileSizeBytes": 453916,
              "checksum": "4fc46d47e2569514aa70022a2d0f3338",
              "checksumAlgorithm": "MD5"
            },
            {
              "fileName": "NEON.D17.SOAP.DP1.10026.001.readme.20240127T000425Z.txt",
              "downloadFileName": null,
              "uri": "https://data.neonscience.org/api/v0/releases/RELEASE-2024/data/DP1.10026.001/SOAP/2018-06/NEON.D17.SOAP.DP1.10026.001.readme.20240127T000425Z.txt",
              "fileSizeBytes": 31610,
              "checksum": "3a4e390334cb858863c7f23f4b9d09ac",
              "checksumAlgorithm": "MD5"
            },
            {
              "fileName": "NEON.D17.SOAP.DP1.10026.001.cfc_chlorophyll.2018-06.basic.20240104T223629Z.csv",
              "downloadFileName": null,
              "uri": "https://data.neonscience.org/api/v0/releases/RELEASE-2024/data/DP1.10026.001/SOAP/2018-06/NEON.D17.SOAP.DP1.10026.001.cfc_chlorophyll.2018-06.basic.20240104T223629Z.csv",
              "fileSizeBytes": 12157,
              "checksum": "55efd491d9cf86713fbf0287beac2267",
              "checksumAlgorithm": "MD5"
            },
            {
              "fileName": "NEON.D17.SOAP.DP1.10026.001.cfc_LMA.2018-06.basic.20240104T223629Z.csv",
              "downloadFileName": null,
              "uri": "https://data.neonscience.org/api/v0/releases/RELEASE-2024/data/DP1.10026.001/SOAP/2018-06/NEON.D17.SOAP.DP1.10026.001.cfc_LMA.2018-06.basic.20240104T223629Z.csv",
              "fileSizeBytes": 11971,
              "checksum": "1d9ff2e9f4f0b774ec37012baf40b825",
              "checksumAlgorithm": "MD5"
            },
            {
              "fileName": "NEON.D17.SOAP.DP1.10026.001.cfc_elements.2018-06.basic.20240104T223629Z.csv",
              "downloadFileName": null,
              "uri": "https://data.neonscience.org/api/v0/releases/RELEASE-2024/data/DP1.10026.001/SOAP/2018-06/NEON.D17.SOAP.DP1.10026.001.cfc_elements.2018-06.basic.20240104T223629Z.csv",
              "fileSizeBytes": 13517,
              "checksum": "7e5bd30d41b3909b9a85d0cd863360a3",
              "checksumAlgorithm": "MD5"
            },
            {
              "fileName": "NEON.D17.SOAP.DP1.10026.001.cfc_fieldData.2018-06.basic.20240104T223629Z.csv",
              "downloadFileName": null,
              "uri": "https://data.neonscience.org/api/v0/releases/RELEASE-2024/data/DP1.10026.001/SOAP/2018-06/NEON.D17.SOAP.DP1.10026.001.cfc_fieldData.2018-06.basic.20240104T223629Z.csv",
              "fileSizeBytes": 16184,
              "checksum": "7ecae4bbfabb94f2a43ce09cf795162a",
              "checksumAlgorithm": "MD5"
            },
            {
              "fileName": "NEON.D17.SOAP.DP0.10026.001.validation.20240104T223629Z.csv",
              "downloadFileName": null,
              "uri": "https://data.neonscience.org/api/v0/releases/RELEASE-2024/data/DP1.10026.001/SOAP/2018-06/NEON.D17.SOAP.DP0.10026.001.validation.20240104T223629Z.csv",
              "fileSizeBytes": 164524,
              "checksum": "6d355bfb316b73713695a6082995afdf",
              "checksumAlgorithm": "MD5"
            },
            {
              "fileName": "NEON.D17.SOAP.DP1.10026.001.variables.20240104T223629Z.csv",
              "downloadFileName": null,
              "uri": "https://data.neonscience.org/api/v0/releases/RELEASE-2024/data/DP1.10026.001/SOAP/2018-06/NEON.D17.SOAP.DP1.10026.001.variables.20240104T223629Z.csv",
              "fileSizeBytes": 44070,
              "checksum": "63a8fcef7db9be3e806b21db927858a3",
              "checksumAlgorithm": "MD5"
            },
            {
              "fileName": "NEON.D17.SOAP.DP0.10026.001.categoricalCodes.20240104T223629Z.csv",
              "downloadFileName": null,
              "uri": "https://data.neonscience.org/api/v0/releases/RELEASE-2024/data/DP1.10026.001/SOAP/2018-06/NEON.D17.SOAP.DP0.10026.001.categoricalCodes.20240104T223629Z.csv",
              "fileSizeBytes": 78214,
              "checksum": "337d951f7bc5beafae5672dc513f06ef",
              "checksumAlgorithm": "MD5"
            },
            {
              "fileName": "NEON.D17.SOAP.DP1.10026.001.cfc_carbonNitrogen.2018-06.basic.20240104T223629Z.csv",
              "downloadFileName": null,
              "uri": "https://data.neonscience.org/api/v0/releases/RELEASE-2024/data/DP1.10026.001/SOAP/2018-06/NEON.D17.SOAP.DP1.10026.001.cfc_carbonNitrogen.2018-06.basic.20240104T223629Z.csv",
              "fileSizeBytes": 19986,
              "checksum": "941ea0c6a222b47176b12ff224e813f4",
              "checksumAlgorithm": "MD5"
            }
          ]
        },
        {
          "release": "RELEASE-2024",
          "productCode": "DP1.10026.001",
          "domainCode": "D17",
          "siteCode": "SOAP",
          "month": "2018-07",
          "packageType": "basic",
          "generationDate": "2024-01-27T00:04:25Z",
          "files": [
            {
              "fileName": "NEON.D17.SOAP.DP0.10026.001.categoricalCodes.20240104T223043Z.csv",
              "downloadFileName": null,
              "uri": "https://data.neonscience.org/api/v0/releases/RELEASE-2024/data/DP1.10026.001/SOAP/2018-07/NEON.D17.SOAP.DP0.10026.001.categoricalCodes.20240104T223043Z.csv",
              "fileSizeBytes": 78214,
              "checksum": "337d951f7bc5beafae5672dc513f06ef",
              "checksumAlgorithm": "MD5"
            },
            {
              "fileName": "NEON.D17.SOAP.DP1.10026.001.cfc_chemistrySubsampling.2018-07.basic.20240104T223043Z.csv",
              "downloadFileName": null,
              "uri": "https://data.neonscience.org/api/v0/releases/RELEASE-2024/data/DP1.10026.001/SOAP/2018-07/NEON.D17.SOAP.DP1.10026.001.cfc_chemistrySubsampling.2018-07.basic.20240104T223043Z.csv",
              "fileSizeBytes": 4271,
              "checksum": "53ac798b394573509eb5f2fdb844d17a",
              "checksumAlgorithm": "MD5"
            },
            {
              "fileName": "NEON.D17.SOAP.DP1.10026.001.cfc_LMA.2018-07.basic.20240104T223043Z.csv",
              "downloadFileName": null,
              "uri": "https://data.neonscience.org/api/v0/releases/RELEASE-2024/data/DP1.10026.001/SOAP/2018-07/NEON.D17.SOAP.DP1.10026.001.cfc_LMA.2018-07.basic.20240104T223043Z.csv",
              "fileSizeBytes": 3991,
              "checksum": "509f5012504afdb11720a85bc136253e",
              "checksumAlgorithm": "MD5"
            },
            {
              "fileName": "NEON.D17.SOAP.DP1.10026.001.cfc_lignin.2018-07.basic.20240104T223043Z.csv",
              "downloadFileName": null,
              "uri": "https://data.neonscience.org/api/v0/releases/RELEASE-2024/data/DP1.10026.001/SOAP/2018-07/NEON.D17.SOAP.DP1.10026.001.cfc_lignin.2018-07.basic.20240104T223043Z.csv",
              "fileSizeBytes": 3976,
              "checksum": "314d90cf09f7bb60eda197d492a6724d",
              "checksumAlgorithm": "MD5"
            },
            {
              "fileName": "NEON.D17.SOAP.DP1.10026.001.cfc_elements.2018-07.basic.20240104T223043Z.csv",
              "downloadFileName": null,
              "uri": "https://data.neonscience.org/api/v0/releases/RELEASE-2024/data/DP1.10026.001/SOAP/2018-07/NEON.D17.SOAP.DP1.10026.001.cfc_elements.2018-07.basic.20240104T223043Z.csv",
              "fileSizeBytes": 4652,
              "checksum": "b9d6e238256eeb9edb16b1b9d9b9f2cd",
              "checksumAlgorithm": "MD5"
            },
            {
              "fileName": "NEON.D17.SOAP.DP1.10026.001.EML.20180703-20180703.20240127T000425Z.xml",
              "downloadFileName": null,
              "uri": "https://data.neonscience.org/api/v0/releases/RELEASE-2024/data/DP1.10026.001/SOAP/2018-07/NEON.D17.SOAP.DP1.10026.001.EML.20180703-20180703.20240127T000425Z.xml",
              "fileSizeBytes": 453909,
              "checksum": "c657db1837dded3a904c9388c68f5e0b",
              "checksumAlgorithm": "MD5"
            },
            {
              "fileName": "NEON.D17.SOAP.DP1.10026.001.cfc_fieldData.2018-07.basic.20240104T223043Z.csv",
              "downloadFileName": null,
              "uri": "https://data.neonscience.org/api/v0/releases/RELEASE-2024/data/DP1.10026.001/SOAP/2018-07/NEON.D17.SOAP.DP1.10026.001.cfc_fieldData.2018-07.basic.20240104T223043Z.csv",
              "fileSizeBytes": 5712,
              "checksum": "e77c079f7d4d255a692faf7f74c41aa6",
              "checksumAlgorithm": "MD5"
            },
            {
              "fileName": "NEON.D17.SOAP.DP1.10026.001.cfc_chlorophyll.2018-07.basic.20240104T223043Z.csv",
              "downloadFileName": null,
              "uri": "https://data.neonscience.org/api/v0/releases/RELEASE-2024/data/DP1.10026.001/SOAP/2018-07/NEON.D17.SOAP.DP1.10026.001.cfc_chlorophyll.2018-07.basic.20240104T223043Z.csv",
              "fileSizeBytes": 4264,
              "checksum": "536ab98fae3466d37c761b797b69162a",
              "checksumAlgorithm": "MD5"
            },
            {
              "fileName": "NEON.D17.SOAP.DP1.10026.001.readme.20240127T000425Z.txt",
              "downloadFileName": null,
              "uri": "https://data.neonscience.org/api/v0/releases/RELEASE-2024/data/DP1.10026.001/SOAP/2018-07/NEON.D17.SOAP.DP1.10026.001.readme.20240127T000425Z.txt",
              "fileSizeBytes": 31610,
              "checksum": "07ea8d722e8ec9be7ebbbb77467a6925",
              "checksumAlgorithm": "MD5"
            },
            {
              "fileName": "NEON.D17.SOAP.DP1.10026.001.variables.20240104T223043Z.csv",
              "downloadFileName": null,
              "uri": "https://data.neonscience.org/api/v0/releases/RELEASE-2024/data/DP1.10026.001/SOAP/2018-07/NEON.D17.SOAP.DP1.10026.001.variables.20240104T223043Z.csv",
              "fileSizeBytes": 44070,
              "checksum": "63a8fcef7db9be3e806b21db927858a3",
              "checksumAlgorithm": "MD5"
            },
            {
              "fileName": "NEON.D17.SOAP.DP1.10026.001.cfc_carbonNitrogen.2018-07.basic.20240104T223043Z.csv",
              "downloadFileName": null,
              "uri": "https://data.neonscience.org/api/v0/releases/RELEASE-2024/data/DP1.10026.001/SOAP/2018-07/NEON.D17.SOAP.DP1.10026.001.cfc_carbonNitrogen.2018-07.basic.20240104T223043Z.csv",
              "fileSizeBytes": 5867,
              "checksum": "af4789cc37f344f909cde32e12095b9c",
              "checksumAlgorithm": "MD5"
            },
            {
              "fileName": "NEON.D17.SOAP.DP0.10026.001.validation.20240104T223043Z.csv",
              "downloadFileName": null,
              "uri": "https://data.neonscience.org/api/v0/releases/RELEASE-2024/data/DP1.10026.001/SOAP/2018-07/NEON.D17.SOAP.DP0.10026.001.validation.20240104T223043Z.csv",
              "fileSizeBytes": 164524,
              "checksum": "6d355bfb316b73713695a6082995afdf",
              "checksumAlgorithm": "MD5"
            }
          ]
        },
        {
          "release": "RELEASE-2024",
          "productCode": "DP1.10026.001",
          "domainCode": "D17",
          "siteCode": "TEAK",
          "month": "2021-07",
          "packageType": "basic",
          "generationDate": "2024-01-27T00:04:25Z",
          "files": [
            {
              "fileName": "NEON.D17.TEAK.DP1.10026.001.cfc_LMA.2021-07.basic.20240104T224850Z.csv",
              "downloadFileName": null,
              "uri": "https://data.neonscience.org/api/v0/releases/RELEASE-2024/data/DP1.10026.001/TEAK/2021-07/NEON.D17.TEAK.DP1.10026.001.cfc_LMA.2021-07.basic.20240104T224850Z.csv",
              "fileSizeBytes": 11201,
              "checksum": "3a1c9faa9fd9b7cf3d754f17f787461f",
              "checksumAlgorithm": "MD5"
            },
            {
              "fileName": "NEON.D17.TEAK.DP1.10026.001.cfc_lignin.2021-07.basic.20240104T224850Z.csv",
              "downloadFileName": null,
              "uri": "https://data.neonscience.org/api/v0/releases/RELEASE-2024/data/DP1.10026.001/TEAK/2021-07/NEON.D17.TEAK.DP1.10026.001.cfc_lignin.2021-07.basic.20240104T224850Z.csv",
              "fileSizeBytes": 10268,
              "checksum": "7c5d722f4ec1e369c31885b241cfef1f",
              "checksumAlgorithm": "MD5"
            },
            {
              "fileName": "NEON.D17.TEAK.DP1.10026.001.cfc_chlorophyll.2021-07.basic.20240104T224850Z.csv",
              "downloadFileName": null,
              "uri": "https://data.neonscience.org/api/v0/releases/RELEASE-2024/data/DP1.10026.001/TEAK/2021-07/NEON.D17.TEAK.DP1.10026.001.cfc_chlorophyll.2021-07.basic.20240104T224850Z.csv",
              "fileSizeBytes": 11666,
              "checksum": "2f05f7afc35d3ceb3f46682742c4d08a",
              "checksumAlgorithm": "MD5"
            },
            {
              "fileName": "NEON.D17.TEAK.DP1.10026.001.cfc_carbonNitrogen.2021-07.basic.20240104T224850Z.csv",
              "downloadFileName": null,
              "uri": "https://data.neonscience.org/api/v0/releases/RELEASE-2024/data/DP1.10026.001/TEAK/2021-07/NEON.D17.TEAK.DP1.10026.001.cfc_carbonNitrogen.2021-07.basic.20240104T224850Z.csv",
              "fileSizeBytes": 17829,
              "checksum": "095acc3b046c7dd253ba26b7902cc6b4",
              "checksumAlgorithm": "MD5"
            },
            {
              "fileName": "NEON.D17.TEAK.DP1.10026.001.variables.20240104T224850Z.csv",
              "downloadFileName": null,
              "uri": "https://data.neonscience.org/api/v0/releases/RELEASE-2024/data/DP1.10026.001/TEAK/2021-07/NEON.D17.TEAK.DP1.10026.001.variables.20240104T224850Z.csv",
              "fileSizeBytes": 44070,
              "checksum": "63a8fcef7db9be3e806b21db927858a3",
              "checksumAlgorithm": "MD5"
            },
            {
              "fileName": "NEON.D17.TEAK.DP1.10026.001.cfc_elements.2021-07.basic.20240104T224850Z.csv",
              "downloadFileName": null,
              "uri": "https://data.neonscience.org/api/v0/releases/RELEASE-2024/data/DP1.10026.001/TEAK/2021-07/NEON.D17.TEAK.DP1.10026.001.cfc_elements.2021-07.basic.20240104T224850Z.csv",
              "fileSizeBytes": 12934,
              "checksum": "ae4362610bfa46c288cba51029f77fb9",
              "checksumAlgorithm": "MD5"
            },
            {
              "fileName": "NEON.D17.TEAK.DP1.10026.001.cfc_shapefile.2021-07.basic.20240104T224850Z.csv",
              "downloadFileName": null,
              "uri": "https://data.neonscience.org/api/v0/releases/RELEASE-2024/data/DP1.10026.001/TEAK/2021-07/NEON.D17.TEAK.DP1.10026.001.cfc_shapefile.2021-07.basic.20240104T224850Z.csv",
              "fileSizeBytes": 283,
              "checksum": "a17947a2e0b1ad64678e5d095d265109",
              "checksumAlgorithm": "MD5"
            },
            {
              "fileName": "NEON.D17.TEAK.DP0.10026.001.categoricalCodes.20240104T224850Z.csv",
              "downloadFileName": null,
              "uri": "https://data.neonscience.org/api/v0/releases/RELEASE-2024/data/DP1.10026.001/TEAK/2021-07/NEON.D17.TEAK.DP0.10026.001.categoricalCodes.20240104T224850Z.csv",
              "fileSizeBytes": 78214,
              "checksum": "337d951f7bc5beafae5672dc513f06ef",
              "checksumAlgorithm": "MD5"
            },
            {
              "fileName": "NEON.D17.TEAK.DP1.10026.001.cfc_chemistrySubsampling.2021-07.basic.20240104T224850Z.csv",
              "downloadFileName": null,
              "uri": "https://data.neonscience.org/api/v0/releases/RELEASE-2024/data/DP1.10026.001/TEAK/2021-07/NEON.D17.TEAK.DP1.10026.001.cfc_chemistrySubsampling.2021-07.basic.20240104T224850Z.csv",
              "fileSizeBytes": 12273,
              "checksum": "584b0dcbc18af44f98f3525546a16a60",
              "checksumAlgorithm": "MD5"
            },
            {
              "fileName": "NEON.D17.TEAK.DP0.10026.001.validation.20240104T224850Z.csv",
              "downloadFileName": null,
              "uri": "https://data.neonscience.org/api/v0/releases/RELEASE-2024/data/DP1.10026.001/TEAK/2021-07/NEON.D17.TEAK.DP0.10026.001.validation.20240104T224850Z.csv",
              "fileSizeBytes": 164524,
              "checksum": "6d355bfb316b73713695a6082995afdf",
              "checksumAlgorithm": "MD5"
            },
            {
              "fileName": "NEON.D17.TEAK.DP1.10026.001.cfc_fieldData.2021-07.basic.20240104T224850Z.csv",
              "downloadFileName": null,
              "uri": "https://data.neonscience.org/api/v0/releases/RELEASE-2024/data/DP1.10026.001/TEAK/2021-07/NEON.D17.TEAK.DP1.10026.001.cfc_fieldData.2021-07.basic.20240104T224850Z.csv",
              "fileSizeBytes": 16669,
              "checksum": "3dff435a81d34689f241f411d42f62f0",
              "checksumAlgorithm": "MD5"
            },
            {
              "fileName": "NEON.D17.TEAK.DP1.10026.001.readme.20240127T000425Z.txt",
              "downloadFileName": null,
              "uri": "https://data.neonscience.org/api/v0/releases/RELEASE-2024/data/DP1.10026.001/TEAK/2021-07/NEON.D17.TEAK.DP1.10026.001.readme.20240127T000425Z.txt",
              "fileSizeBytes": 31741,
              "checksum": "2db2aaf33b9586277836afd30c4d4bc7",
              "checksumAlgorithm": "MD5"
            },
            {
              "fileName": "NEON.D17.TEAK.DP1.10026.001.EML.20210706-20210720.20240127T000425Z.xml",
              "downloadFileName": null,
              "uri": "https://data.neonscience.org/api/v0/releases/RELEASE-2024/data/DP1.10026.001/TEAK/2021-07/NEON.D17.TEAK.DP1.10026.001.EML.20210706-20210720.20240127T000425Z.xml",
              "fileSizeBytes": 464422,
              "checksum": "ed22728b5caba11105d426e4c37dc5d6",
              "checksumAlgorithm": "MD5"
            }
          ]
        },
        {
          "release": "RELEASE-2024",
          "productCode": "DP1.10026.001",
          "domainCode": "D16",
          "siteCode": "WREF",
          "month": "2019-07",
          "packageType": "basic",
          "generationDate": "2024-01-27T00:04:25Z",
          "files": [
            {
              "fileName": "NEON.D16.WREF.DP1.10026.001.cfc_carbonNitrogen.2019-07.basic.20240104T225634Z.csv",
              "downloadFileName": null,
              "uri": "https://data.neonscience.org/api/v0/releases/RELEASE-2024/data/DP1.10026.001/WREF/2019-07/NEON.D16.WREF.DP1.10026.001.cfc_carbonNitrogen.2019-07.basic.20240104T225634Z.csv",
              "fileSizeBytes": 14080,
              "checksum": "3ba2fb4c121650f1819f531a28f058f4",
              "checksumAlgorithm": "MD5"
            },
            {
              "fileName": "NEON.D16.WREF.DP1.10026.001.EML.20190715-20190724.20240127T000425Z.xml",
              "downloadFileName": null,
              "uri": "https://data.neonscience.org/api/v0/releases/RELEASE-2024/data/DP1.10026.001/WREF/2019-07/NEON.D16.WREF.DP1.10026.001.EML.20190715-20190724.20240127T000425Z.xml",
              "fileSizeBytes": 451640,
              "checksum": "28a09ee7695fceb16044734c04290980",
              "checksumAlgorithm": "MD5"
            },
            {
              "fileName": "NEON.D16.WREF.DP1.10026.001.cfc_chemistrySubsampling.2019-07.basic.20240104T225634Z.csv",
              "downloadFileName": null,
              "uri": "https://data.neonscience.org/api/v0/releases/RELEASE-2024/data/DP1.10026.001/WREF/2019-07/NEON.D16.WREF.DP1.10026.001.cfc_chemistrySubsampling.2019-07.basic.20240104T225634Z.csv",
              "fileSizeBytes": 9596,
              "checksum": "4175e53bf55ef797872807494f72c996",
              "checksumAlgorithm": "MD5"
            },
            {
              "fileName": "NEON.D16.WREF.DP1.10026.001.cfc_chlorophyll.2019-07.basic.20240104T225634Z.csv",
              "downloadFileName": null,
              "uri": "https://data.neonscience.org/api/v0/releases/RELEASE-2024/data/DP1.10026.001/WREF/2019-07/NEON.D16.WREF.DP1.10026.001.cfc_chlorophyll.2019-07.basic.20240104T225634Z.csv",
              "fileSizeBytes": 9757,
              "checksum": "4ceeaaafce7f7e254062401a6b7ab0b3",
              "checksumAlgorithm": "MD5"
            },
            {
              "fileName": "NEON.D16.WREF.DP0.10026.001.categoricalCodes.20240104T225634Z.csv",
              "downloadFileName": null,
              "uri": "https://data.neonscience.org/api/v0/releases/RELEASE-2024/data/DP1.10026.001/WREF/2019-07/NEON.D16.WREF.DP0.10026.001.categoricalCodes.20240104T225634Z.csv",
              "fileSizeBytes": 78214,
              "checksum": "337d951f7bc5beafae5672dc513f06ef",
              "checksumAlgorithm": "MD5"
            },
            {
              "fileName": "NEON.D16.WREF.DP1.10026.001.cfc_fieldData.2019-07.basic.20240104T225634Z.csv",
              "downloadFileName": null,
              "uri": "https://data.neonscience.org/api/v0/releases/RELEASE-2024/data/DP1.10026.001/WREF/2019-07/NEON.D16.WREF.DP1.10026.001.cfc_fieldData.2019-07.basic.20240104T225634Z.csv",
              "fileSizeBytes": 13253,
              "checksum": "c643cf990787acd045e18ff98a23c1b8",
              "checksumAlgorithm": "MD5"
            },
            {
              "fileName": "NEON.D16.WREF.DP1.10026.001.cfc_lignin.2019-07.basic.20240104T225634Z.csv",
              "downloadFileName": null,
              "uri": "https://data.neonscience.org/api/v0/releases/RELEASE-2024/data/DP1.10026.001/WREF/2019-07/NEON.D16.WREF.DP1.10026.001.cfc_lignin.2019-07.basic.20240104T225634Z.csv",
              "fileSizeBytes": 7919,
              "checksum": "aeaec328eb85afb1c7b24845a25c09f8",
              "checksumAlgorithm": "MD5"
            },
            {
              "fileName": "NEON.D16.WREF.DP1.10026.001.variables.20240104T225634Z.csv",
              "downloadFileName": null,
              "uri": "https://data.neonscience.org/api/v0/releases/RELEASE-2024/data/DP1.10026.001/WREF/2019-07/NEON.D16.WREF.DP1.10026.001.variables.20240104T225634Z.csv",
              "fileSizeBytes": 44070,
              "checksum": "63a8fcef7db9be3e806b21db927858a3",
              "checksumAlgorithm": "MD5"
            },
            {
              "fileName": "NEON.D16.WREF.DP1.10026.001.readme.20240127T000425Z.txt",
              "downloadFileName": null,
              "uri": "https://data.neonscience.org/api/v0/releases/RELEASE-2024/data/DP1.10026.001/WREF/2019-07/NEON.D16.WREF.DP1.10026.001.readme.20240127T000425Z.txt",
              "fileSizeBytes": 31610,
              "checksum": "445049de966ae7cd59370348b4e3db60",
              "checksumAlgorithm": "MD5"
            },
            {
              "fileName": "NEON.D16.WREF.DP0.10026.001.validation.20240104T225634Z.csv",
              "downloadFileName": null,
              "uri": "https://data.neonscience.org/api/v0/releases/RELEASE-2024/data/DP1.10026.001/WREF/2019-07/NEON.D16.WREF.DP0.10026.001.validation.20240104T225634Z.csv",
              "fileSizeBytes": 164524,
              "checksum": "6d355bfb316b73713695a6082995afdf",
              "checksumAlgorithm": "MD5"
            },
            {
              "fileName": "NEON.D16.WREF.DP1.10026.001.cfc_LMA.2019-07.basic.20240104T225634Z.csv",
              "downloadFileName": null,
              "uri": "https://data.neonscience.org/api/v0/releases/RELEASE-2024/data/DP1.10026.001/WREF/2019-07/NEON.D16.WREF.DP1.10026.001.cfc_LMA.2019-07.basic.20240104T225634Z.csv",
              "fileSizeBytes": 9333,
              "checksum": "7d301f41f0345d91709c7f54d2ca291d",
              "checksumAlgorithm": "MD5"
            },
            {
              "fileName": "NEON.D16.WREF.DP1.10026.001.cfc_elements.2019-07.basic.20240104T225634Z.csv",
              "downloadFileName": null,
              "uri": "https://data.neonscience.org/api/v0/releases/RELEASE-2024/data/DP1.10026.001/WREF/2019-07/NEON.D16.WREF.DP1.10026.001.cfc_elements.2019-07.basic.20240104T225634Z.csv",
              "fileSizeBytes": 10139,
              "checksum": "6f51b7cc668fb8847cefa79c688128c9",
              "checksumAlgorithm": "MD5"
            }
          ]
        }
      ]
    }
  ]
}