uid,domainID,siteID,pitNamedLocation,pitID,horizonID,horizonName,setDate,collectDate,horizonTopDepth,horizonBottomDepth,nrcsDescriptionID,remarks
"6c49a9de-eac2-48ed-a4c0-6d54bef10f90","D06","KONZ","MEGAPT100978","6_KONZACORE_PIT1","6_KONZACORE_PIT1_2BCY","2BCy","2014-06-24","2014-06-24",132.0,164.0,"2014KS161502",
"d0b098fa-1c14-4ec9-aacf-079584195d7f","D06","KONZ","MEGAPT100978","6_KONZACORE_PIT1","6_KONZACORE_PIT1_3BT","3Bt","2014-06-24","2014-06-24",164.0,200.0,"2014KS161502",
"21d79a96-9b28-49dd-b11d-df4f16833803","D06","KONZ","MEGAPT100978","6_KONZACORE_PIT1","6_KONZACORE_PIT1_BT1","Bt1","2014-06-24","2014-06-24",10.0,26.0,"2014KS161502",
"8871e99a-bdf7-48bc-ba17-a32572a0e7b9","D06","KONZ","MEGAPT100978","6_KONZACORE_PIT1","6_KONZACORE_PIT1_BTKSS","Btkss","2014-06-24","2014-06-24",66.0,89.0,"2014KS161502",
"0f303d5f-c734-4d57-a9be-47f0a45ad0d9","D06","KONZ","MEGAPT100978","6_KONZACORE_PIT1","6_KONZACORE_PIT1_A","A","2014-06-24","2014-06-24",0.0,10.0,"2014KS161502",
"9bae42f7-bc27-471c-b707-6ed51cf16b26","D06","KONZ","MEGAPT100978","6_KONZACORE_PIT1","6_KONZACORE_PIT1_BT2","Bt2","2014-06-24","2014-06-24",26.0,66.0,"2014KS161502",
"db2d72d8-07f2-414e-be48-ebeb9ec19181","D06","KONZ","MEGAPT100978","6_KONZACORE_PIT1","6_KONZACORE_PIT1_BTKY","Btky","2014-06-24","2014-06-24",89.0,132.0,"2014KS161502",
