uid,domainID,siteID,pitNamedLocation,pitID,horizonID,bulkDensID,horizonName,setDate,collectDate,laboratoryName,labProjID,bulkDensCenterDepth,bulkDensTopDepth,bulkDensBottomDepth,bulkDensHorizonProportion,bulkDensSampleType,bulkDensExclCoarseFrag,remarks
"3f0c3faf-50e4-4194-84d2-19ad3e3ecef9","D06","KONZ","MEGAPT100978","6_KONZACORE_PIT1","6_KONZACORE_PIT1_BTKSS","6_KONZACORE_PIT1_BULKD_69-72_BTSS","Btkss","2014-06-24","2014-06-24","USDA NRCS Kellogg Soil Survey Laboratory - Lincoln - NE","S2014KS161502",70.5,69.0,72.0,1.0,"Regular",1.6026,"4x3cm long cores"
"c43939e5-183d-4b58-8741-b72455d52705","D06","KONZ","MEGAPT100978","6_KONZACORE_PIT1","6_KONZACORE_PIT1_BTKY","6_KONZACORE_PIT1_BULKD_102-106_B'T","Btky","2014-06-24","2014-06-24","USDA NRCS Kellogg Soil Survey Laboratory - Lincoln - NE","S2014KS161502",104.0,102.0,106.0,1.0,"Regular",2.2215,
"ebb23dc5-af3f-4fc5-8f5e-8f99254a5237","D06","KONZ","MEGAPT100978","6_KONZACORE_PIT1","6_KONZACORE_PIT1_BT2","6_KONZACORE_PIT1_BULKD1","Bt2","2014-06-24","2014-06-24","USDA NRCS Kellogg Soil Survey Laboratory - Lincoln - NE","S2014KS161502",36.5,34.0,39.0,1.0,"Audit",1.4810,"2x5cm long cores"
"362a83d0-eb1c-4259-9bf0-2c7e87409cb2","D06","KONZ","MEGAPT100978","6_KONZACORE_PIT1","6_KONZACORE_PIT1_2BCY","6_KONZACORE_PIT1_BULKD_140-143_2BC","2BCy","2014-06-24","2014-06-24","USDA NRCS Kellogg Soil Survey Laboratory - Lincoln - NE","S2014KS161502",141.5,140.0,143.0,1.0,"Regular",1.4783,"4x3cm long cores"
"c14d06e9-8054-4209-bbb7-f8fc3b6f7d14","D06","KONZ","MEGAPT100978","6_KONZACORE_PIT1","6_KONZACORE_PIT1_BT2","6_KONZACORE_PIT1_BULKD_34-39_BT2","Bt2","2014-06-24","2014-06-24","USDA NRCS Kellogg Soil Survey Laboratory - Lincoln - NE","S2014KS161502",36.5,34.0,39.0,1.0,"Regular",1.2710,"2x5cm long cores"
"ac018d36-f37d-47fb-b529-4406f2e270de","D06","KONZ","MEGAPT100978","6_KONZACORE_PIT1","6_KONZACORE_PIT1_A","6_KONZACORE_PIT1_BULKD_0-10_A","A","2014-06-24","2014-06-24","USDA NRCS Kellogg Soil Survey Laboratory - Lincoln - NE","S2014KS161502",5.0,0.0,10.0,1.0,"Regular",0.6826,
"4d543ee2-7baf-48f0-acc3-12334f12b570","D06","KONZ","MEGAPT100978","6_KONZACORE_PIT1","6_KONZACORE_PIT1_3BT","6_KONZACORE_PIT1_BULKD_170-173_3BT","3Bt","2014-06-24","2014-06-24","USDA NRCS Kellogg Soil Survey Laboratory - Lincoln - NE","S2014KS161502",171.5,170.0,173.0,1.0,"Regular",1.0868,"4x3cm long cores"
"cf4ee459-88be-4d08-8075-3fc51860a35d","D06","KONZ","MEGAPT100978","6_KONZACORE_PIT1","6_KONZACORE_PIT1_BT1","6_KONZACORE_PIT1_BULKD_10-20_BT1","Bt1","2014-06-24","2014-06-24","USDA NRCS Kellogg Soil Survey Laboratory - Lincoln - NE","S2014KS161502",15.0,10.0,20.0,1.0,"Regular",1.0389,"2x horizontal cores -->1@7cm; 1@5cm"
