uid,domainID,siteID,pitNamedLocation,pitID,horizonID,horizonName,setDate,collectDate,archiveID,archiveLaboratoryName,archiveTopDepth,archiveBottomDepth,remarks,sampleMass
"9d3f12fb-933d-4ec1-ad1f-a14f0501ff23","D06","KONZ","MEGAPT100978","6_KONZACORE_PIT1","6_KONZACORE_PIT1_BTKY","Btky","2014-06-24","2014-06-24","6_KONZACORE_PIT1_ARCHIVE_89-132_B1T","NEON",89.0,132.0,,3597.0
"421b8469-7ee4-4935-aa61-ebcf5cb528f0","D06","KONZ","MEGAPT100978","6_KONZACORE_PIT1","6_KONZACORE_PIT1_3BT","3Bt","2014-06-24","2014-06-24","6_KONZACORE_PIT1_ARCHIVE164-200_3BT","NEON",164.0,200.0,,3601.1
"66b9918b-04d9-4c33-b79d-5b1b712eeda5","D06","KONZ","MEGAPT100978","6_KONZACORE_PIT1","6_KONZACORE_PIT1_BTKSS","Btkss","2014-06-24","2014-06-24","6_KONZACORE_PIT1_ARCHIVE_66-89_BTSS","NEON",66.0,89.0,,3608.0
"eb7c691e-0001-4874-813f-410446cdbd29","D06","KONZ","MEGAPT100978","6_KONZACORE_PIT1","6_KONZACORE_PIT1_BT2","Bt2","2014-06-24","2014-06-24",,,,,,
"7c803572-0806-4609-83c4-8d3f3f255412","D06","KONZ","MEGAPT100978","6_KONZACORE_PIT1","6_KONZACORE_PIT1_A","A","2014-06-24","2014-06-24","6_KONZACORE_PIT1_ARCHIVE_0-10_A","NEON",0.0,10.0,,3608.3
"abde114b-ed0a-446a-be3a-694bc70fad89","D06","KONZ","MEGAPT100978","6_KONZACORE_PIT1","6_KONZACORE_PIT1_2BCY","2BCy","2014-06-24","2014-06-24","6_KONZACORE_PIT1_ARCHIVE_132-164_2BC","NEON",132.0,164.0,,3601.5
"7ea6c5d3-6da3-414c-babb-36a84d454891","D06","KONZ","MEGAPT100978","6_KONZACORE_PIT1","6_KONZACORE_PIT1_BT2","Bt2","2014-06-24","2014-06-24","6_KONZACORE_PIT1_ARCHIVE_26-66_BT2","NEON",26.0,66.0,,3609.7
"feab7342-00cc-437d-996c-29c2e09caf89","D06","KONZ","MEGAPT100978","6_KONZACORE_PIT1","6_KONZACORE_PIT1_BT1","Bt1","2014-06-24","2014-06-24","6_KONZACORE_PIT1_ARCHIVE_10-26_BT1","NEON",10.0,26.0,,3600.2
