uid,domainID,siteID,pitNamedLocation,pitID,horizonID,horizonName,setDate,collectDate,horizonTopDepth,horizonBottomDepth,nrcsDescriptionID,remarks
"ea73f1af-4d9a-4645-8417-c13159732853","D17","SJER","MEGAPT100994","D17_SJER_PIT1","D17_SJER_PIT1_BW","Bw","2016-11-15","2016-11-15",57.0,81.0,"S2016CA019003",
"79be4ed9-59a8-4005-8f14-95f13285dddc","D17","SJER","MEGAPT100994","D17_SJER_PIT1","D17_SJER_PIT1_R","R","2016-11-15","2016-11-15",170.0,185.0,"S2016CA019003",
"0b87bb2e-f54d-4a21-b41c-b6d1a8e0a079","D17","SJER","MEGAPT100994","D17_SJER_PIT1","D17_SJER_PIT1_C","C","2016-11-15","2016-11-15",81.0,129.0,"S2016CA019003",
"03276a98-6de4-4f9a-97b7-ba8d8a83b410","D17","SJER","MEGAPT100994","D17_SJER_PIT1","D17_SJER_PIT1_BA","BA","2016-11-15","2016-11-15",34.0,57.0,"S2016CA019003",
"39583111-59f1-47cf-be3a-abaec0ba8d13","D17","SJER","MEGAPT100994","D17_SJER_PIT1","D17_SJER_PIT1_CR","Cr","2016-11-15","2016-11-15",129.0,170.0,"S2016CA019003",
"c38f4a97-8b3f-458d-9972-1a4ebfcd560a","D17","SJER","MEGAPT100994","D17_SJER_PIT1","D17_SJER_PIT1_A2","A2","2016-11-15","2016-11-15",8.0,34.0,"S2016CA019003",
"317c60e1-57f2-41ff-a125-a0eb4cdae4e2","D17","SJER","MEGAPT100994","D17_SJER_PIT1","D17_SJER_PIT1_A1","A1","2016-11-15","2016-11-15",0.0,8.0,"S2016CA019003",
