uid,domainID,siteID,pitNamedLocation,pitID,horizonID,biogeoID,horizonName,biogeoHorizonProportion,biogeoSampleType,setDate,collectDate,coarseFrag2To5,coarseFrag5To20,sandTotal,siltTotal,clayTotal,carbonateClay,clayFineContent,siltFineContent,siltCoarseContent,sandVeryFineContent,sandFineContent,sandMediumContent,sandCoarseContent,sandVeryCoarseContent,carbonTot,nitrogenTot,sulfurTot,estimatedOC,airDryOvenDry,alMjelm,caMjelm,feMjelm,kMjelm,mgMjelm,mnMjelm,naMjelm,pMjelm,siMjelm,srMjelm,tiMjelm,zrMjelm,phCacl2,phH2o,ec12pre,gypsumConc,caco3Conc,caNh4d,kNh4d,mgNh4d,naNh4d,cecdNh4,alSatCecd33,baseSumCecd10,bsesatCecd10,ececCecd33,alKcl,feKcl,mnKcl,bSatx,brSatx,caSatx,clSatx,co3Satx,ecSatp,flSatx,waterSatx,hco3Sx,kSatx,mgSatx,naSatx,no2Satx,no3Satx,pSatx,phSp,resist,so4Satx,laboratoryName,labProjID,biogeoTopDepth,biogeoBottomDepth,biogeoCenterDepth,remarks
"f11c194b-8dc2-405e-a01e-6285ef586baf","D17","SJER","MEGAPT100994","D17_SJER_PIT1","D17_SJER_PIT1_A1","D17_SJER_PIT1_BIOGEO_0-8_A1","A1",1.0,"Regular","2016-11-15","2016-11-15",35,9,78.8,16.2,5.0,,,11.1,5.1,7.6,14.5,22.3,25.6,8.8,12.4,1.10,0.10,12.0,1.006,58583,12396,11578,11458,2578,268,23442,338,269748,302,1491,24,5.2,5.4,0.47,,,4.3,0.4,0.5,0.0,4.9,,5.2,100,,,,,,0.0,13.2,1.0,0.0,2.13,0.1,34.20,1.1,1.8,3.5,0.8,1.2,15.9,0.3,5.5,,0.4,"USDA NRCS Kellogg Soil Survey Laboratory - Lincoln - NE","I2017USCA032",0.0,8.0,4.0,"Bottom depth initially erroneously recorded as 6 cm; but changed to 8 cm on 20161213"
"baaedbbb-ffcb-4474-a235-d4cf6ec00be7","D17","SJER","MEGAPT100994","D17_SJER_PIT1","D17_SJER_PIT1_A2","D17_SJER_PIT1_BIOGEO_8-34_A2","A2",1.0,"Regular","2016-11-15","2016-11-15",45,4,79.1,15.3,5.6,,,9.7,5.6,8.1,16.1,22.6,24.5,7.8,3.8,0.30,0.00,4.0,1.004,77960,15842,13832,13047,3129,289,26531,307,310938,361,1719,22,5.1,5.8,0.06,,,2.6,0.2,0.2,0.0,3.5,,3.0,86,,,,,,,,,,,,,,,,,,,,,,,"USDA NRCS Kellogg Soil Survey Laboratory - Lincoln - NE","I2017USCA032",8.0,34.0,21.0,
"cda6eb01-dd46-485c-94dc-07f8098a7d57","D17","SJER","MEGAPT100994","D17_SJER_PIT1","D17_SJER_PIT1_CR","D17_SJER_PIT1_BIOGEO_129-170_CR","Cr",1.0,"Regular","2016-11-15","2016-11-15",61,9,92.0,4.4,3.6,,,2.3,2.1,5.3,15.2,23.4,32.1,16.0,0.5,0.00,0.00,1.0,1.003,71733,17048,13752,12237,2806,173,31897,179,321815,400,1670,19,5.2,6.0,0.03,,,2.0,0.1,0.4,0.0,1.4,,2.5,100,,,,,,,,,,,,,,,,,,,,,,,"USDA NRCS Kellogg Soil Survey Laboratory - Lincoln - NE","I2017USCA032",129.0,170.0,149.5,
"a7ed9389-9c73-4d89-b5f6-ed722eabaaec","D17","SJER","MEGAPT100994","D17_SJER_PIT1","D17_SJER_PIT1_C","D17_SJER_PIT1_BIOGEO_81-129_C","C",1.0,"Regular","2016-11-15","2016-11-15",70,3,86.8,7.1,6.1,,,3.8,3.3,6.5,15.9,26.4,27.9,10.1,0.8,0.00,0.00,1.0,1.005,68165,15600,13094,10632,2679,189,30151,159,301968,367,1592,21,5.4,6.1,0.03,,,2.3,0.1,0.4,0.0,2.0,,2.8,100,,,,,,,,,,,,,,,,,,,,,,,"USDA NRCS Kellogg Soil Survey Laboratory - Lincoln - NE","I2017USCA032",81.0,129.0,105.0,
"c2415214-ca4e-4819-8680-b97b8a331c67","D17","SJER","MEGAPT100994","D17_SJER_PIT1","D17_SJER_PIT1_BA","D17_SJER_PIT1_BIOGEO_34-57_BA","BA",1.0,"Regular","2016-11-15","2016-11-15",42,3,77.4,15.8,6.8,,,10.1,5.7,6.9,16.0,22.1,22.8,9.6,2.3,0.10,0.00,2.0,1.005,74380,14443,13595,12938,3193,256,26048,289,315835,351,1703,24,5.2,6.0,0.04,,,2.5,0.1,0.2,0.0,2.8,,2.8,100,,,,,,,,,,,,,,,,,,,,,,,"USDA NRCS Kellogg Soil Survey Laboratory - Lincoln - NE","I2017USCA032",34.0,57.0,45.5,
"ab66da81-a8c3-4757-aac3-d167df719e9b","D17","SJER","MEGAPT100994","D17_SJER_PIT1","D17_SJER_PIT1_R",,"R",,,"2016-11-15","2016-11-15",,,,,,,,,,,,,,,,,,,,,,,,,,,,,,,,,,,,,,,,,,,,,,,,,,,,,,,,,,,,,,,,,,,,,,,,
"23568cca-f261-4421-91da-c5ee0696506c","D17","SJER","MEGAPT100994","D17_SJER_PIT1","D17_SJER_PIT1_BW","D17_SJER_PIT1_BIOGEO_57-81_BW","Bw",1.0,"Regular","2016-11-15","2016-11-15",57,5,78.6,14.2,7.2,,,9.1,5.1,6.9,16.5,22.0,23.2,10.0,1.4,0.10,0.00,1.0,1.005,75838,14616,16035,13946,3679,261,28797,256,316954,362,2006,25,5.2,5.9,0.03,,,1.9,0.1,0.2,0.0,1.8,,2.2,100,,,,,,,,,,,,,,,,,,,,,,,"USDA NRCS Kellogg Soil Survey Laboratory - Lincoln - NE","I2017USCA032",57.0,81.0,69.0,
