uid,domainID,siteID,pitNamedLocation,pitID,horizonID,horizonName,setDate,collectDate,archiveID,archiveLaboratoryName,archiveTopDepth,archiveBottomDepth,remarks,sampleMass
"6f002b43-e2b9-4d81-8202-145323383853","D17","SJER","MEGAPT100994","D17_SJER_PIT1","D17_SJER_PIT1_A1","A1","2016-11-15","2016-11-15","D17_SJER_PIT1_ARCHIVE_0-8_A1","NEON",0.0,8.0,,3600.3
"100de30d-b02e-4da2-a42b-5cd72f616762","D17","SJER","MEGAPT100994","D17_SJER_PIT1","D17_SJER_PIT1_CR","Cr","2016-11-15","2016-11-15","D17_SJER_PIT1_ARCHIVE_129-170_CR","NEON",129.0,170.0,,3600.4
"30a1898a-e55a-4240-9a53-8b7ba0d3620f","D17","SJER","MEGAPT100994","D17_SJER_PIT1","D17_SJER_PIT1_BW","Bw","2016-11-15","2016-11-15","D17_SJER_PIT1_ARCHIVE_57-81_BW","NEON",57.0,81.0,,3600.5
"cb99ef18-e514-4874-b1b3-4fd8629f23ce","D17","SJER","MEGAPT100994","D17_SJER_PIT1","D17_SJER_PIT1_A2","A2","2016-11-15","2016-11-15","D17_SJER_PIT1_ARCHIVE_8-34_A2","NEON",8.0,34.0,,3600.3
"e575b1b5-f3ea-471c-8c02-d42dec6d5244","D17","SJER","MEGAPT100994","D17_SJER_PIT1","D17_SJER_PIT1_BA","BA","2016-11-15","2016-11-15","D17_SJER_PIT1_ARCHIVE_34-57_BA","NEON",34.0,57.0,,3600.3
"36709b22-2011-4f8d-974d-b907a4ee8033","D17","SJER","MEGAPT100994","D17_SJER_PIT1","D17_SJER_PIT1_C","C","2016-11-15","2016-11-15","D17_SJER_PIT1_ARCHIVE_81-129_C","NEON",81.0,129.0,,3600.3
"d005494e-ff4f-47a4-810f-57a82dea28c0","D17","SJER","MEGAPT100994","D17_SJER_PIT1","D17_SJER_PIT1_R","R","2016-11-15","2016-11-15","D17_SJER_PIT1_ARCHIVE_180-185_R","NEON",180.0,185.0,,1986.2
