uid,domainID,siteID,pitNamedLocation,pitID,horizonID,bulkDensID,horizonName,setDate,collectDate,laboratoryName,labProjID,bulkDensCenterDepth,bulkDensTopDepth,bulkDensBottomDepth,bulkDensHorizonProportion,bulkDensSampleType,bulkDensExclCoarseFrag,remarks
"b5ed83e5-9ee3-4d88-b115-a444d40d91d7","D17","SJER","MEGAPT100994","D17_SJER_PIT1","D17_SJER_PIT1_C","D17_SJER_PIT1_BULKD_83-88_C","C","2016-11-15","2016-11-15","USDA NRCS Kellogg Soil Survey Laboratory - Lincoln - NE","I2017USCA032",85.5,83.0,88.0,1.0,"Regular",1.6782,
"fbf09e69-9f90-4cb8-a8de-5bdff4ad6f45","D17","SJER","MEGAPT100994","D17_SJER_PIT1","D17_SJER_PIT1_A1","D17_SJER_PIT1_BULKD_1-6_A1","A1","2016-11-15","2016-11-15","USDA NRCS Kellogg Soil Survey Laboratory - Lincoln - NE","I2017USCA032",3.5,1.0,6.0,1.0,"Regular",1.4125,
"3eb953a5-a28f-4897-b60f-e7ff410379ef","D17","SJER","MEGAPT100994","D17_SJER_PIT1","D17_SJER_PIT1_R",,"R","2016-11-15","2016-11-15",,,,,,,,,
"c5abf425-9b48-4571-93aa-b4a7eabd60cf","D17","SJER","MEGAPT100994","D17_SJER_PIT1","D17_SJER_PIT1_BA","D17_SJER_PIT1_BULKD_51-56_BA","BA","2016-11-15","2016-11-15","USDA NRCS Kellogg Soil Survey Laboratory - Lincoln - NE","I2017USCA032",53.5,51.0,56.0,1.0,"Regular",1.5478,
"92ebb73a-b53b-4ef1-8bec-c2cfb6457b76","D17","SJER","MEGAPT100994","D17_SJER_PIT1","D17_SJER_PIT1_A2","D17_SJER_PIT1_BULKD_17-22_A2","A2","2016-11-15","2016-11-15","USDA NRCS Kellogg Soil Survey Laboratory - Lincoln - NE","I2017USCA032",19.5,17.0,22.0,1.0,"Regular",1.4523,
"e140cd67-b181-409f-ad86-591812fc41c4","D17","SJER","MEGAPT100994","D17_SJER_PIT1","D17_SJER_PIT1_BW","D17_SJER_PIT1_BULKD_58-63_BW","Bw","2016-11-15","2016-11-15","USDA NRCS Kellogg Soil Survey Laboratory - Lincoln - NE","I2017USCA032",60.5,58.0,63.0,1.0,"Regular",1.5518,
"1ae897cf-59c9-494d-8002-000a18895bf2","D17","SJER","MEGAPT100994","D17_SJER_PIT1","D17_SJER_PIT1_CR","D17_SJER_PIT1_BULKD_136-141_CR","Cr","2016-11-15","2016-11-15","USDA NRCS Kellogg Soil Survey Laboratory - Lincoln - NE","I2017USCA032",138.5,136.0,141.0,1.0,"Regular",1.5563,
