uid,domainID,siteID,plotID,namedLocation,plotType,nlcdClass,geodeticDatum,decimalLatitude,decimalLongitude,coordinateUncertainty,elevation,elevationUncertainty,collectDate,referenceCorner,sampleDistance,sampleBearing,pitID,testProtocolVersion,soilSamplingMethod,sampleRelativeLocation,pitDepth,recordedByA,soilProfileDescriberA,soilProfileDescriberInst,nrcsDescriptionID,soilSeries,soilFamily,soilSubgroup,soilGreatGroup,soilSuborder,soilOrder,remarks,dataQF
"383f65bb-3111-4fee-a712-aee6cfb3d3f7","D03","DSNY","DSNY_004","DSNY_004.basePlot.all","distributed","woodyWetlands","WGS84",28.099732,-81.399974,20.1,18.8,0.1,"2017-03-02","SW20",1.3,220,"1219893","Field Book for Describing and Sampling Soils ver3","soil pit","Center of pit",203,"u44dG2sQGUpcODWxh5iRRWYNUjD+YVD1QcFpeUHbjgBOUUyeKgUzDtXnew3o6222","8+WTlQtaISATmmEUJ16Xe9O7+4MQfwbbrXxsS874YLKrg0+yEDzAOJss6wCGlMTu","Natural Resource Conservation Service","S2017FL097004","Myakka","Sandy, siliceous, hyperthermic Aeric Alaquods","aeric alaquods","alaquods","aquods","spodosols","Nature Conservancy - Disney Wilderness Preserve",
"58533889-f1dd-4dad-8a5b-aecd62dbca48","D03","DSNY","DSNY_022","DSNY_022.basePlot.all","distributed","woodyWetlands","WGS84",28.083234,-81.392260,20.1,20.4,0.1,"2017-03-02","SW20",0.5,225,"1219894","Field Book for Describing and Sampling Soils ver3","soil pit","Center of pit",203,"u44dG2sQGUpcODWxh5iRRWYNUjD+YVD1QcFpeUHbjgBOUUyeKgUzDtXnew3o6222","8+WTlQtaISATmmEUJ16Xe9O7+4MQfwbbrXxsS874YLKrg0+yEDzAOJss6wCGlMTu","Natural Resource Conservation Service","S2017FL105022","Satellite","Hyperthermic, uncoated Aquic Quartzipsamments","aquic quartzipsamments","quartzipsamments","psamments","entisols","Nature Conservancy - Disney Wilderness Preserve",
"7bf7e3ae-55ea-4b45-86da-8f944884e4a0","D03","DSNY","DSNY_001","DSNY_001.basePlot.all","distributed","woodyWetlands","WGS84",28.096700,-81.418579,20.1,20.7,0.1,"2017-03-07","SW20",1.2,220,"1219895","Field Book for Describing and Sampling Soils ver3","soil pit","Center of pit",203,"u44dG2sQGUpcODWxh5iRRWYNUjD+YVD1QcFpeUHbjgBOUUyeKgUzDtXnew3o6222","8+WTlQtaISATmmEUJ16Xe9O7+4MQfwbbrXxsS874YLKrg0+yEDzAOJss6wCGlMTu","Natural Resource Conservation Service","S2017FL097001","Zolfo","Sandy, siliceous, hyperthermic Oxyaquic Alorthods","oxyaquic alorthods","alorthods","orthods","spodosols","Nature Conservancy - Disney Wilderness Preserve",
"15c45f2e-4f94-4bf7-bc46-51b8891a70c2","D03","DSNY","DSNY_023","DSNY_023.basePlot.all","distributed","woodyWetlands","WGS84",28.094781,-81.423147,20.1,19.5,0.1,"2017-03-07","SW20",1.3,225,"1219896","Field Book for Describing and Sampling Soils ver3","soil pit","Center of pit",203,"u44dG2sQGUpcODWxh5iRRWYNUjD+YVD1QcFpeUHbjgBOUUyeKgUzDtXnew3o6222","8+WTlQtaISATmmEUJ16Xe9O7+4MQfwbbrXxsS874YLKrg0+yEDzAOJss6wCGlMTu","Natural Resource Conservation Service","S2017FL097023","Basinger","Siliceous, hyperthermic Spodic Psammaquents","spodic psammaquents","psammaquents","aquents","entisols","Nature Conservancy - Disney Wilderness Preserve",
"bd5120bc-99eb-4d2f-a203-71c6fe8b5ba4","D03","DSNY","DSNY_044","DSNY_044.basePlot.all","tower","pastureHay","WGS84",28.126189,-81.433661,20.1,20.3,0.1,"2017-03-09","SW20",1.3,225,"1219897","Field Book for Describing and Sampling Soils ver3","soil pit","Center of pit",203,"u44dG2sQGUpcODWxh5iRRWYNUjD+YVD1QcFpeUHbjgBOUUyeKgUzDtXnew3o6222","8+WTlQtaISATmmEUJ16Xe9O7+4MQfwbbrXxsS874YLKrg0+yEDzAOJss6wCGlMTu","Natural Resource Conservation Service","S2017FL097044","Smyrna","Sandy, siliceous, hyperthermic Aeric Alaquods","aeric alaquods","alaquods","aquods","spodosols","Nature Conservancy - Disney Wilderness Preserve",
"d93eebef-0139-4b43-8905-94f1f5a23c73","D03","DSNY","DSNY_015","DSNY_015.basePlot.all","distributed","woodyWetlands","WGS84",28.111848,-81.421680,20.1,19.2,0.1,"2017-03-09","SW20",1.3,200,"1219898","Field Book for Describing and Sampling Soils ver3","soil pit","Center of pit",203,"u44dG2sQGUpcODWxh5iRRWYNUjD+YVD1QcFpeUHbjgBOUUyeKgUzDtXnew3o6222","8+WTlQtaISATmmEUJ16Xe9O7+4MQfwbbrXxsS874YLKrg0+yEDzAOJss6wCGlMTu","Natural Resource Conservation Service","S2017FL097015","Cassia","Sandy, siliceous, hyperthermic Oxyaquic Alorthods","oxyaquic alorthods","alorthods","orthods","spodosols","Nature Conservancy - Disney Wilderness Preserve",
"fce5258a-d9ee-42c1-9898-62e2aedca460","D03","DSNY","DSNY_010","DSNY_010.basePlot.all","distributed","woodyWetlands","WGS84",28.118590,-81.435161,20.1,20.0,0.1,"2017-03-14","SW20",1.0,210,"1219899","Field Book for Describing and Sampling Soils ver3","soil pit","Center of pit",203,"u44dG2sQGUpcODWxh5iRRWYNUjD+YVD1QcFpeUHbjgBOUUyeKgUzDtXnew3o6222","8+WTlQtaISATmmEUJ16Xe9O7+4MQfwbbrXxsS874YLKrg0+yEDzAOJss6wCGlMTu","Natural Resource Conservation Service","S2017FL097010","Smyrna","Sandy, siliceous, hyperthermic Aeric Alaquods","aeric alaquods","alaquods","aquods","spodosols","Nature Conservancy - Disney Wilderness Preserve",
