uid,namedLocation,domainID,siteID,plotID,nrcsDescriptionID,collectDate,horizonID,horizonName,bulkDensProcessedDate,bulkDensMethodPub,bulkDensMethod,bulkDensIDnrcs,bulkDensSampleType,bulkDensCenterDepth,bulkDensTopDepth,bulkDensBottomDepth,bulkDensThirdBar,bulkDensOvenDry,bulkDensFieldMoist,waterRetentionThirdBar,fieldWaterContent,laboratoryName,remarks,dataQF
"32e68675-b602-473b-beb8-15b6e76b18b0","DSNY_004.basePlot.all","D03","DSNY","DSNY_004","S2017FL097004","2017-03-02","17N03224","Bh1","2017-09-28","Kellogg Soil Survey Laboratory Methods Manual, Soil Survey Investigations Report No. 42 Version 5.0, Issued 2014","Bulk Density, Field Core (3B7)","S2017FL097004-4","field core",68.5,61.0,76.0,,,0.88,,27.8,"USDA NRCS Kellogg Soil Survey Laboratory",,
"5ac816dd-3277-4513-8ccb-8f46d49fb7d7","DSNY_022.basePlot.all","D03","DSNY","DSNY_022","S2017FL105022","2017-03-02","17N03240","A","2017-09-28","Kellogg Soil Survey Laboratory Methods Manual, Soil Survey Investigations Report No. 42 Version 5.0, Issued 2014","Bulk Density, Field Core (3B7)","S2017FL105022-1","field core",6.5,0.0,13.0,,,1.07,,2.7,"USDA NRCS Kellogg Soil Survey Laboratory",,
"92289217-51b4-4ff0-aa65-3443b1b7d407","DSNY_004.basePlot.all","D03","DSNY","DSNY_004","S2017FL097004","2017-03-02","17N03223","Eg2","2017-09-28","Kellogg Soil Survey Laboratory Methods Manual, Soil Survey Investigations Report No. 42 Version 5.0, Issued 2014","Bulk Density, Field Core (3B7)","S2017FL097004-3","field core",51.0,41.0,61.0,,,1.28,,11.4,"USDA NRCS Kellogg Soil Survey Laboratory",,
"76817c59-4ca7-457b-9bc3-d4ecee076322","DSNY_022.basePlot.all","D03","DSNY","DSNY_022","S2017FL105022","2017-03-02","17N03242","C2","2017-09-28","Kellogg Soil Survey Laboratory Methods Manual, Soil Survey Investigations Report No. 42 Version 5.0, Issued 2014","Bulk Density, Field Core (3B7)","S2017FL105022-3","field core",100.5,49.0,152.0,,,1.26,,7.6,"USDA NRCS Kellogg Soil Survey Laboratory",,
"26083639-631f-4237-bd75-bc8a801815e4","DSNY_004.basePlot.all","D03","DSNY","DSNY_004","S2017FL097004","2017-03-02","17N03221","A","2017-09-28","Kellogg Soil Survey Laboratory Methods Manual, Soil Survey Investigations Report No. 42 Version 5.0, Issued 2014","Bulk Density, Field Core (3B7)","S2017FL097004-1","field core",5.0,0.0,10.0,,,0.82,,25.1,"USDA NRCS Kellogg Soil Survey Laboratory",,
"e8d6d862-cf83-491a-b9dd-e6d6a032830d","DSNY_004.basePlot.all","D03","DSNY","DSNY_004","S2017FL097004","2017-03-02","17N03225","Bh2","2017-09-28","Kellogg Soil Survey Laboratory Methods Manual, Soil Survey Investigations Report No. 42 Version 5.0, Issued 2014","Bulk Density, Field Core (3B7)","S2017FL097004-5","field core",82.5,76.0,89.0,,,0.74,,22.2,"USDA NRCS Kellogg Soil Survey Laboratory",,
"bbd133d4-b04c-48aa-bc10-b67302e56d5c","DSNY_004.basePlot.all","D03","DSNY","DSNY_004","S2017FL097004","2017-03-02","17N03222","Eg1","2017-09-28","Kellogg Soil Survey Laboratory Methods Manual, Soil Survey Investigations Report No. 42 Version 5.0, Issued 2014","Bulk Density, Field Core (3B7)","S2017FL097004-2","field core",25.5,10.0,41.0,,,1.13,,10.4,"USDA NRCS Kellogg Soil Survey Laboratory",,
"3da73af5-5da6-47a6-8d28-60e90952edc7","DSNY_004.basePlot.all","D03","DSNY","DSNY_004","S2017FL097004","2017-03-02","17N03226","Bw1","2017-09-28","Kellogg Soil Survey Laboratory Methods Manual, Soil Survey Investigations Report No. 42 Version 5.0, Issued 2014","Bulk Density, Field Core (3B7)","S2017FL097004-6","field core",98.0,89.0,107.0,,,1.09,,19.4,"USDA NRCS Kellogg Soil Survey Laboratory",,
"a66ffaf7-4d4b-4bf5-aca5-fe02a4d9506a","DSNY_022.basePlot.all","D03","DSNY","DSNY_022","S2017FL105022","2017-03-02","17N03241","C1","2017-09-28","Kellogg Soil Survey Laboratory Methods Manual, Soil Survey Investigations Report No. 42 Version 5.0, Issued 2014","Bulk Density, Field Core (3B7)","S2017FL105022-2","field core",31.0,13.0,49.0,,,1.16,,1.1,"USDA NRCS Kellogg Soil Survey Laboratory",,
"1a3145d8-c926-4549-9137-62b4afd79800","DSNY_023.basePlot.all","D03","DSNY","DSNY_023","S2017FL097023","2017-03-07","17N03245","Eg2","2017-09-28","Kellogg Soil Survey Laboratory Methods Manual, Soil Survey Investigations Report No. 42 Version 5.0, Issued 2014","Bulk Density, Field Core (3B7)","S2017FL097023-3","field core",67.5,20.0,115.0,,,1.11,,21.9,"USDA NRCS Kellogg Soil Survey Laboratory",,
"29436fce-9ad4-4e51-a564-77c068013a5f","DSNY_001.basePlot.all","D03","DSNY","DSNY_001","S2017FL097001","2017-03-07","17N03218","A","2017-09-28","Kellogg Soil Survey Laboratory Methods Manual, Soil Survey Investigations Report No. 42 Version 5.0, Issued 2014","Bulk Density, Field Core (3B7)","S2017FL097001-1","field core",5.0,0.0,10.0,,,1.15,,3.2,"USDA NRCS Kellogg Soil Survey Laboratory",,
"7d0a3784-701e-4082-8b35-b8f0b85c891e","DSNY_001.basePlot.all","D03","DSNY","DSNY_001","S2017FL097001","2017-03-07","17N03219","E1","2017-09-28","Kellogg Soil Survey Laboratory Methods Manual, Soil Survey Investigations Report No. 42 Version 5.0, Issued 2014","Bulk Density, Field Core (3B7)","S2017FL097001-2","field core",30.5,10.0,51.0,,,1.24,,2.8,"USDA NRCS Kellogg Soil Survey Laboratory",,
"71112600-ded8-4aaf-b53b-8b63e6cf1426","DSNY_023.basePlot.all","D03","DSNY","DSNY_023","S2017FL097023","2017-03-07","17N03244","Eg1","2017-09-28","Kellogg Soil Survey Laboratory Methods Manual, Soil Survey Investigations Report No. 42 Version 5.0, Issued 2014","Bulk Density, Field Core (3B7)","S2017FL097023-2","field core",15.0,10.0,20.0,,,1.11,,23.4,"USDA NRCS Kellogg Soil Survey Laboratory",,
"d2d307ea-b9e6-4340-a994-88cf5270b3f3","DSNY_001.basePlot.all","D03","DSNY","DSNY_001","S2017FL097001","2017-03-07","17N03220","E2","2017-09-28","Kellogg Soil Survey Laboratory Methods Manual, Soil Survey Investigations Report No. 42 Version 5.0, Issued 2014","Bulk Density, Field Core (3B7)","S2017FL097001-3","field core",90.5,51.0,130.0,,,1.19,,18.7,"USDA NRCS Kellogg Soil Survey Laboratory",,
"1a68a70b-557f-4484-ad44-87bc71771fa9","DSNY_023.basePlot.all","D03","DSNY","DSNY_023","S2017FL097023","2017-03-07","17N03243","A","2017-09-28","Kellogg Soil Survey Laboratory Methods Manual, Soil Survey Investigations Report No. 42 Version 5.0, Issued 2014","Bulk Density, Field Core (3B7)","S2017FL097023-1","field core",5.0,0.0,10.0,,,0.87,,32.6,"USDA NRCS Kellogg Soil Survey Laboratory",,
"e9fa5c40-3b7a-49c4-8a86-d945df395f23","DSNY_015.basePlot.all","D03","DSNY","DSNY_015","S2017FL097015","2017-03-09","17N03238","E2","2017-09-28","Kellogg Soil Survey Laboratory Methods Manual, Soil Survey Investigations Report No. 42 Version 5.0, Issued 2014","Bulk Density, Field Core (3B7)","S2017FL097015-3","field core",62.5,51.0,74.0,,,1.26,,3.3,"USDA NRCS Kellogg Soil Survey Laboratory",,
"ae8d0a5c-7e6b-4695-be8f-045d13536c1e","DSNY_044.basePlot.all","D03","DSNY","DSNY_044","S2017FL097044","2017-03-09","17N03257","E","2017-09-28","Kellogg Soil Survey Laboratory Methods Manual, Soil Survey Investigations Report No. 42 Version 5.0, Issued 2014","Bulk Density, Field Core (3B7)","S2017FL097044-2","field core",34.0,20.0,48.0,,,1.16,,3.1,"USDA NRCS Kellogg Soil Survey Laboratory",,
"f8261412-ff23-4749-bc31-e76ffee000cb","DSNY_044.basePlot.all","D03","DSNY","DSNY_044","S2017FL097044","2017-03-09","17N03259","Bh2","2017-09-28","Kellogg Soil Survey Laboratory Methods Manual, Soil Survey Investigations Report No. 42 Version 5.0, Issued 2014","Bulk Density, Field Core (3B7)","S2017FL097044-4","field core",55.5,53.0,58.0,,,0.89,,19.6,"USDA NRCS Kellogg Soil Survey Laboratory",,
"6ea1a131-01a0-462c-ba3c-ce63200853be","DSNY_015.basePlot.all","D03","DSNY","DSNY_015","S2017FL097015","2017-03-09","17N03237","E1","2017-09-28","Kellogg Soil Survey Laboratory Methods Manual, Soil Survey Investigations Report No. 42 Version 5.0, Issued 2014","Bulk Density, Field Core (3B7)","S2017FL097015-2","field core",32.0,13.0,51.0,,,1.24,,2.4,"USDA NRCS Kellogg Soil Survey Laboratory",,
"88eda9d3-fd81-4fc3-a66a-141c461b1f0b","DSNY_044.basePlot.all","D03","DSNY","DSNY_044","S2017FL097044","2017-03-09","17N03260","Bw","2017-09-28","Kellogg Soil Survey Laboratory Methods Manual, Soil Survey Investigations Report No. 42 Version 5.0, Issued 2014","Bulk Density, Field Core (3B7)","S2017FL097044-5","field core",72.0,58.0,86.0,,,1.20,,10.1,"USDA NRCS Kellogg Soil Survey Laboratory",,
"25f36380-6145-44b9-889f-c4bc98e702df","DSNY_044.basePlot.all","D03","DSNY","DSNY_044","S2017FL097044","2017-03-09","17N03256","Ap","2017-09-28","Kellogg Soil Survey Laboratory Methods Manual, Soil Survey Investigations Report No. 42 Version 5.0, Issued 2014","Bulk Density, Field Core (3B7)","S2017FL097044-1","field core",10.0,0.0,20.0,,,1.07,,3.2,"USDA NRCS Kellogg Soil Survey Laboratory",,
"3000c571-4f80-4fd9-9c90-dab4137b3e2e","DSNY_044.basePlot.all","D03","DSNY","DSNY_044","S2017FL097044","2017-03-09","17N03258","Bh1","2017-09-28","Kellogg Soil Survey Laboratory Methods Manual, Soil Survey Investigations Report No. 42 Version 5.0, Issued 2014","Bulk Density, Field Core (3B7)","S2017FL097044-3","field core",50.5,48.0,53.0,,,0.84,,26.1,"USDA NRCS Kellogg Soil Survey Laboratory",,
"77f9a2d8-64fa-4334-894a-21e12a775546","DSNY_044.basePlot.all","D03","DSNY","DSNY_044","S2017FL097044","2017-03-09","17N03261","E'g1","2017-09-28","Kellogg Soil Survey Laboratory Methods Manual, Soil Survey Investigations Report No. 42 Version 5.0, Issued 2014","Bulk Density, Field Core (3B7)","S2017FL097044-6","field core",100.0,86.0,114.0,,,1.35,,13.3,"USDA NRCS Kellogg Soil Survey Laboratory",,
"edaa06e4-f0c6-4a9c-b9ee-e6af383c70e9","DSNY_015.basePlot.all","D03","DSNY","DSNY_015","S2017FL097015","2017-03-09","17N03236","A","2017-09-28","Kellogg Soil Survey Laboratory Methods Manual, Soil Survey Investigations Report No. 42 Version 5.0, Issued 2014","Bulk Density, Field Core (3B7)","S2017FL097015-1","field core",6.5,0.0,13.0,,,1.18,,3.9,"USDA NRCS Kellogg Soil Survey Laboratory",,
"907114f0-bee6-44b0-bd7f-52687aa5b652","DSNY_015.basePlot.all","D03","DSNY","DSNY_015","S2017FL097015","2017-03-09","17N03239","Bh","2017-09-28","Kellogg Soil Survey Laboratory Methods Manual, Soil Survey Investigations Report No. 42 Version 5.0, Issued 2014","Bulk Density, Field Core (3B7)","S2017FL097015-4","field core",94.5,74.0,115.0,,,1.00,,23.1,"USDA NRCS Kellogg Soil Survey Laboratory",,
"d041679d-f69f-4c6a-b5f5-3e07ec455c78","DSNY_010.basePlot.all","D03","DSNY","DSNY_010","S2017FL097010","2017-03-14","17N03232","Bh1","2017-09-28","Kellogg Soil Survey Laboratory Methods Manual, Soil Survey Investigations Report No. 42 Version 5.0, Issued 2014","Bulk Density, Field Core (3B7)","S2017FL097010-3","field core",52.0,48.0,56.0,,,0.76,,27.3,"USDA NRCS Kellogg Soil Survey Laboratory",,
"9799b454-d9d2-4661-a54d-c41adc852ac9","DSNY_010.basePlot.all","D03","DSNY","DSNY_010","S2017FL097010","2017-03-14","17N03233","Bh2","2017-09-28","Kellogg Soil Survey Laboratory Methods Manual, Soil Survey Investigations Report No. 42 Version 5.0, Issued 2014","Bulk Density, Field Core (3B7)","S2017FL097010-4","field core",60.0,56.0,64.0,,,0.88,,18.5,"USDA NRCS Kellogg Soil Survey Laboratory",,
"3790a3b3-8e30-4f4c-a360-02ba3a557855","DSNY_010.basePlot.all","D03","DSNY","DSNY_010","S2017FL097010","2017-03-14","17N03235","C1","2017-09-28","Kellogg Soil Survey Laboratory Methods Manual, Soil Survey Investigations Report No. 42 Version 5.0, Issued 2014","Bulk Density, Field Core (3B7)","S2017FL097010-6","field core",116.5,81.0,152.0,,,1.46,,17.2,"USDA NRCS Kellogg Soil Survey Laboratory",,
"f25bc644-3488-4d97-85e1-a97f2bb33e6c","DSNY_010.basePlot.all","D03","DSNY","DSNY_010","S2017FL097010","2017-03-14","17N03230","A","2017-09-28","Kellogg Soil Survey Laboratory Methods Manual, Soil Survey Investigations Report No. 42 Version 5.0, Issued 2014","Bulk Density, Field Core (3B7)","S2017FL097010-1","field core",6.5,0.0,13.0,,,0.59,,21.1,"USDA NRCS Kellogg Soil Survey Laboratory",,
"073589aa-9960-4a46-a252-5b85d4dc2c4b","DSNY_010.basePlot.all","D03","DSNY","DSNY_010","S2017FL097010","2017-03-14","17N03231","E","2017-09-28","Kellogg Soil Survey Laboratory Methods Manual, Soil Survey Investigations Report No. 42 Version 5.0, Issued 2014","Bulk Density, Field Core (3B7)","S2017FL097010-2","field core",30.5,13.0,48.0,,,1.27,,2.1,"USDA NRCS Kellogg Soil Survey Laboratory",,
"05625109-6a34-453b-ba60-9dc0c575957f","DSNY_010.basePlot.all","D03","DSNY","DSNY_010","S2017FL097010","2017-03-14","17N03234","Bw","2017-09-28","Kellogg Soil Survey Laboratory Methods Manual, Soil Survey Investigations Report No. 42 Version 5.0, Issued 2014","Bulk Density, Field Core (3B7)","S2017FL097010-5","field core",72.5,64.0,81.0,,,1.30,,17.9,"USDA NRCS Kellogg Soil Survey Laboratory",,
