uid,namedLocation,domainID,siteID,plotID,pitID,collectDate,testProtocolVersion,nrcsDescriptionID,horizonID,horizonName,horizonTopDepth,horizonBottomDepth,remarks,dataQF
"50b239a3-ab56-4e74-99c0-8e20e194791f","DSNY_004.basePlot.all","D03","DSNY","DSNY_004","1219893","2017-03-02","Field Book for Describing and Sampling Soils ver3","S2017FL097004","17N03222","Eg1",10,41,"common fine distinct spherical light gray (10YR 7/1) stripped matrix throughout, common fine distinct irregular very dark gray (10YR 3/1) organic streaking throughout, common light gray (10YR 7/1)uncoated sand grains throughout",
"1a326163-1137-4b26-b335-10cbb54c0c52","DSNY_004.basePlot.all","D03","DSNY","DSNY_004","1219893","2017-03-02","Field Book for Describing and Sampling Soils ver3","S2017FL097004","17N03223","Eg2",41,61,"common fine and medium distinct irregular very dark brown (10YR 2/2) organic streaking throughout",
"7e45a230-b6ec-4812-9960-400d6c7f6048","DSNY_004.basePlot.all","D03","DSNY","DSNY_004","1219893","2017-03-02","Field Book for Describing and Sampling Soils ver3","S2017FL097004","17N03224","Bh1",61,76,,
"4f9ac3ac-1e72-4b9e-8667-1d027aa73c8e","DSNY_022.basePlot.all","D03","DSNY","DSNY_022","1219894","2017-03-02","Field Book for Describing and Sampling Soils ver3","S2017FL105022","17N03241","C1",13,49,"common fine and medium distinct spherical very dark gray (10YR 3/1) organic streaking throughout",
"2944e516-80da-4e6c-8250-11055d62ac7b","DSNY_022.basePlot.all","D03","DSNY","DSNY_022","1219894","2017-03-02","Field Book for Describing and Sampling Soils ver3","S2017FL105022","4071407","C3",152,203,,
"d37b27a2-0c5f-4e61-9638-98dba07eeaab","DSNY_022.basePlot.all","D03","DSNY","DSNY_022","1219894","2017-03-02","Field Book for Describing and Sampling Soils ver3","S2017FL105022","17N03240","A",0,13,"common light gray (10YR 7/1)uncoated sand grains throughout",
"1043ab15-2c9f-4583-be07-c89c313ed894","DSNY_004.basePlot.all","D03","DSNY","DSNY_004","1219893","2017-03-02","Field Book for Describing and Sampling Soils ver3","S2017FL097004","4071403","Cg2",173,203,,
"8872ab0a-6886-4ee1-b9e0-ec7a137522bc","DSNY_004.basePlot.all","D03","DSNY","DSNY_004","1219893","2017-03-02","Field Book for Describing and Sampling Soils ver3","S2017FL097004","4071402","Cg1",137,173,,
"a3d6dd56-557c-4df8-8730-d42b9a02e22a","DSNY_004.basePlot.all","D03","DSNY","DSNY_004","1219893","2017-03-02","Field Book for Describing and Sampling Soils ver3","S2017FL097004","4071401","Bw2",107,137,,
"77adb6e3-47ea-4d0d-b83a-78447e5f01b3","DSNY_004.basePlot.all","D03","DSNY","DSNY_004","1219893","2017-03-02","Field Book for Describing and Sampling Soils ver3","S2017FL097004","17N03225","Bh2",76,89,,
"9453dcbe-02f2-4441-9ca3-7f71ac2c4570","DSNY_022.basePlot.all","D03","DSNY","DSNY_022","1219894","2017-03-02","Field Book for Describing and Sampling Soils ver3","S2017FL105022","17N03242","C2",49,152,"common fine and medium distinct spherical very dark gray (10YR 3/1) organic streaking throughout",
"ad09a6cc-8a4e-421a-a45c-a0898e67c3a8","DSNY_004.basePlot.all","D03","DSNY","DSNY_004","1219893","2017-03-02","Field Book for Describing and Sampling Soils ver3","S2017FL097004","17N03221","A",0,10,"common light gray (10YR 7/1)uncoated sand grains throughout",
"0e0ab21c-73e9-4213-b64b-72c1c3a4d4ed","DSNY_004.basePlot.all","D03","DSNY","DSNY_004","1219893","2017-03-02","Field Book for Describing and Sampling Soils ver3","S2017FL097004","17N03226","Bw1",89,107,"3% spodic fragments",
"ae5a4f7e-3068-48df-9fd2-ea135c1ed36f","DSNY_023.basePlot.all","D03","DSNY","DSNY_023","1219896","2017-03-07","Field Book for Describing and Sampling Soils ver3","S2017FL097023","4071415","Bh/Eg",115,203,,
"890062b3-6c10-494f-b02b-b19d1a46803a","DSNY_023.basePlot.all","D03","DSNY","DSNY_023","1219896","2017-03-07","Field Book for Describing and Sampling Soils ver3","S2017FL097023","17N03245","Eg2",20,115,"common fine prominent irregular very dark grayish brown (10YR 3/2) organic streaking throughout",
"28442420-e350-427f-9c01-d271d980ce93","DSNY_023.basePlot.all","D03","DSNY","DSNY_023","1219896","2017-03-07","Field Book for Describing and Sampling Soils ver3","S2017FL097023","17N03244","Eg1",10,20,"common fine prominent irregular black (10YR 2/1) organic streaking throughout",
"d1ca14b1-069d-4823-b97c-ac2410744df7","DSNY_001.basePlot.all","D03","DSNY","DSNY_001","1219895","2017-03-07","Field Book for Describing and Sampling Soils ver3","S2017FL097001","4071411","Bh",130,203,,
"4deaae2f-50af-443d-9834-9470ae7f4218","DSNY_001.basePlot.all","D03","DSNY","DSNY_001","1219895","2017-03-07","Field Book for Describing and Sampling Soils ver3","S2017FL097001","17N03220","E2",51,130,"common fine and medium prominent spherical black (10YR 2/1) and very dark gray (10YR 3/1) organic streaking throughout",
"4fd0d0ec-8e3b-4277-84ea-a9adf3412884","DSNY_001.basePlot.all","D03","DSNY","DSNY_001","1219895","2017-03-07","Field Book for Describing and Sampling Soils ver3","S2017FL097001","17N03219","E1",10,51,,
"8deef609-664a-418e-b2fb-0a7f9d29af19","DSNY_023.basePlot.all","D03","DSNY","DSNY_023","1219896","2017-03-07","Field Book for Describing and Sampling Soils ver3","S2017FL097023","17N03243","A",0,10,"common light gray (10YR 7/1)uncoated sand grains throughout",
"502bebf5-99a7-401e-ba89-b8f96e33f6e7","DSNY_001.basePlot.all","D03","DSNY","DSNY_001","1219895","2017-03-07","Field Book for Describing and Sampling Soils ver3","S2017FL097001","17N03218","A",0,10,"common light gray (10YR 7/1)uncoated sand grains throughout",
"e08d7b92-a6ec-453d-9c23-52db30875b7e","DSNY_015.basePlot.all","D03","DSNY","DSNY_015","1219898","2017-03-09","Field Book for Describing and Sampling Soils ver3","S2017FL097015","17N03237","E1",13,51,,
"f4383d49-1d04-46f7-8f68-c054993f781e","DSNY_044.basePlot.all","D03","DSNY","DSNY_044","1219897","2017-03-09","Field Book for Describing and Sampling Soils ver3","S2017FL097044","17N03258","Bh1",48,53,,
"a06a28f9-0ca5-4be7-a2c7-e6caa359cfcf","DSNY_044.basePlot.all","D03","DSNY","DSNY_044","1219897","2017-03-09","Field Book for Describing and Sampling Soils ver3","S2017FL097044","17N03260","Bw",58,86,,
"8ab03e71-b89d-438b-99c8-e8306caf7d0a","DSNY_044.basePlot.all","D03","DSNY","DSNY_044","1219897","2017-03-09","Field Book for Describing and Sampling Soils ver3","S2017FL097044","17N03257","E",20,48,"common medium distinct spherical white (10YR 8/1) stripped matrix throughout, common fine and medium prominent irregular very dark grey (10YR 3/1) organic streaking throughout",
"7fdcfcb9-322f-4f14-a7c1-7eb45a6ffc66","DSNY_015.basePlot.all","D03","DSNY","DSNY_015","1219898","2017-03-09","Field Book for Describing and Sampling Soils ver3","S2017FL097015","17N03239","Bh",74,115,,
"c407dda3-f0ea-47ac-b5d8-bbebb24f2bda","DSNY_044.basePlot.all","D03","DSNY","DSNY_044","1219897","2017-03-09","Field Book for Describing and Sampling Soils ver3","S2017FL097044","4071422","E'g2",114,165,,
"f284ab6c-7b89-4319-857f-aba7766bc826","DSNY_044.basePlot.all","D03","DSNY","DSNY_044","1219897","2017-03-09","Field Book for Describing and Sampling Soils ver3","S2017FL097044","17N03261","E'g1",86,114,,
"496f5833-08b3-43b0-86ed-cece21f5f367","DSNY_015.basePlot.all","D03","DSNY","DSNY_015","1219898","2017-03-09","Field Book for Describing and Sampling Soils ver3","S2017FL097015","17N03238","E2",51,74,"common fine and medium distinct spherical white (10YR 8/1) stripped matrixes throughout, common medium prominent irregular very dark gray (10YR 3/1) organic streaking throughout",
"bcf2e563-d513-4a3a-981b-7ef38f59b7df","DSNY_015.basePlot.all","D03","DSNY","DSNY_015","1219898","2017-03-09","Field Book for Describing and Sampling Soils ver3","S2017FL097015","4071428","Bw",115,152,"common fine distinct spherical dark brown (7.5YR 3/3) spodic materials",
"d716566f-dabf-4d8c-8ea8-3cb2c209adbf","DSNY_044.basePlot.all","D03","DSNY","DSNY_044","1219897","2017-03-09","Field Book for Describing and Sampling Soils ver3","S2017FL097044","4071423","B'h",165,203,,
"4ad96e8f-065d-46c8-8eaf-a34721f7dfe3","DSNY_044.basePlot.all","D03","DSNY","DSNY_044","1219897","2017-03-09","Field Book for Describing and Sampling Soils ver3","S2017FL097044","17N03259","Bh2",53,58,,
"a4c7e70f-0453-4e48-bd9c-a623cf6ce906","DSNY_044.basePlot.all","D03","DSNY","DSNY_044","1219897","2017-03-09","Field Book for Describing and Sampling Soils ver3","S2017FL097044","17N03256","Ap",0,20,"common light gray (10YR 7/1)uncoated sand grains throughout",
"325236ee-3105-4c9c-87f3-b6ece4775ae2","DSNY_015.basePlot.all","D03","DSNY","DSNY_015","1219898","2017-03-09","Field Book for Describing and Sampling Soils ver3","S2017FL097015","17N03236","A",0,13,"common light gray (10YR 7/1)uncoated sand grains throughout",
"a085318c-71a1-4e12-8cc7-1cb4cada8924","DSNY_015.basePlot.all","D03","DSNY","DSNY_015","1219898","2017-03-09","Field Book for Describing and Sampling Soils ver3","S2017FL097015","4071429","C",152,203,,
"6e1e7223-0963-4f3e-9a82-45d874602649","DSNY_010.basePlot.all","D03","DSNY","DSNY_010","1219899","2017-03-14","Field Book for Describing and Sampling Soils ver3","S2017FL097010","17N03231","E",13,48,"common medium distinct spherical light gray (10YR 7/1) stripped matrix throughout, common fine distinct irregular very dark gray (10YR 3/1) organic streaking throughout",
"e84f81d9-7f3a-4ef7-996c-95f5443f9ab4","DSNY_010.basePlot.all","D03","DSNY","DSNY_010","1219899","2017-03-14","Field Book for Describing and Sampling Soils ver3","S2017FL097010","17N03233","Bh2",56,64,,
"4cbfa732-5709-4f95-9f0c-02917c76b221","DSNY_010.basePlot.all","D03","DSNY","DSNY_010","1219899","2017-03-14","Field Book for Describing and Sampling Soils ver3","S2017FL097010","17N03232","Bh1",48,56,,
"6146a45f-8a1d-4602-b6a6-22f4372ce4a8","DSNY_010.basePlot.all","D03","DSNY","DSNY_010","1219899","2017-03-14","Field Book for Describing and Sampling Soils ver3","S2017FL097010","4071436","C2",152,203,,
"44904f88-4842-48b8-ad60-6f8e39c4ce67","DSNY_010.basePlot.all","D03","DSNY","DSNY_010","1219899","2017-03-14","Field Book for Describing and Sampling Soils ver3","S2017FL097010","17N03235","C1",81,152,"common fine and medium prominent spherical dark reddish brown (5YR 3/2) spodic materials throughout",
"f38ffc02-65d9-4897-a075-880a908f3531","DSNY_010.basePlot.all","D03","DSNY","DSNY_010","1219899","2017-03-14","Field Book for Describing and Sampling Soils ver3","S2017FL097010","17N03230","A",0,13,"common light gray (10YR 7/1)uncoated sand grains throughout",
"df32a32d-7f80-4748-9372-2a256d8604e0","DSNY_010.basePlot.all","D03","DSNY","DSNY_010","1219899","2017-03-14","Field Book for Describing and Sampling Soils ver3","S2017FL097010","17N03234","Bw",64,81,"common fine and medium distinct spherical dark reddish brown (5YR 3/2) spodic materials throughout",
