uid,namedLocation,domainID,siteID,plotID,nrcsDescriptionID,collectDate,horizonID,horizonName,biogeoIDnrcs,biogeoSampleType,biogeoTopDepth,biogeoBottomDepth,biogeoCenterDepth,particleSizeDistProcessedDate,particleSizeDistMethodPub,particleSizeDistMethod,coarseFrag2To5,coarseFrag5To20,sandTotal,siltTotal,clayTotal,carbonateClay,clayFineContent,siltFineContent,siltCoarseContent,sandVeryFineContent,sandFineContent,sandMediumContent,sandCoarseContent,sandVeryCoarseContent,laboratoryName,dataQF
"cc4567ea-0cf4-4c54-9988-1d2e5d11049c","DSNY_022.basePlot.all","D03","DSNY","DSNY_022","S2017FL105022","2017-03-02","17N03240","A","S2017FL105022-1","bulk",0.0,13.0,6.5,"2018-02-09","Kellogg Soil Survey Laboratory Methods Manual, Soil Survey Investigations Report No. 42 Version 5.0, Issued 2014","Routine Particle Size Distribution (3A1a1a)",0.0,0.0,96.7,3.0,0.3,,,0.0,3.0,3.2,38.9,51.9,2.6,0.1,"USDA NRCS Kellogg Soil Survey Laboratory",
"e7a4456b-f2da-4b25-a670-345a1c93221c","DSNY_004.basePlot.all","D03","DSNY","DSNY_004","S2017FL097004","2017-03-02","17N03224","Bh1","S2017FL097004-4","bulk",61.0,76.0,68.5,"2018-02-09","Kellogg Soil Survey Laboratory Methods Manual, Soil Survey Investigations Report No. 42 Version 5.0, Issued 2014","Routine Particle Size Distribution (3A1a1a)",0.0,0.0,87.5,10.4,2.1,,,2.7,7.7,1.9,45.4,36.1,3.8,0.3,"USDA NRCS Kellogg Soil Survey Laboratory",
"cb330357-f6de-4903-938a-b2b4831d939e","DSNY_022.basePlot.all","D03","DSNY","DSNY_022","S2017FL105022","2017-03-02","17N03241","C1","S2017FL105022-2","bulk",13.0,49.0,31.0,"2018-02-09","Kellogg Soil Survey Laboratory Methods Manual, Soil Survey Investigations Report No. 42 Version 5.0, Issued 2014","Routine Particle Size Distribution (3A1a1a)",0.0,0.0,98.2,1.8,0.0,,,0.0,1.8,5.0,36.7,53.9,2.6,0.0,"USDA NRCS Kellogg Soil Survey Laboratory",
"e20a2b5f-5c35-4aa7-86b5-c6a815b2a0d9","DSNY_004.basePlot.all","D03","DSNY","DSNY_004","S2017FL097004","2017-03-02","17N03223","Eg2","S2017FL097004-3","bulk",41.0,61.0,51.0,"2018-02-09","Kellogg Soil Survey Laboratory Methods Manual, Soil Survey Investigations Report No. 42 Version 5.0, Issued 2014","Routine Particle Size Distribution (3A1a1a)",0.0,0.0,96.9,2.7,0.4,,,0.0,2.7,5.2,49.1,40.7,1.8,0.1,"USDA NRCS Kellogg Soil Survey Laboratory",
"6993a6a7-ab3f-494a-a9c1-40ba41756cfd","DSNY_004.basePlot.all","D03","DSNY","DSNY_004","S2017FL097004","2017-03-02","17N03222","Eg1","S2017FL097004-2","bulk",10.0,41.0,25.5,"2018-02-09","Kellogg Soil Survey Laboratory Methods Manual, Soil Survey Investigations Report No. 42 Version 5.0, Issued 2014","Routine Particle Size Distribution (3A1a1a)",0.0,0.0,97.3,2.7,0.0,,,1.1,1.6,4.6,49.5,41.4,1.8,0.0,"USDA NRCS Kellogg Soil Survey Laboratory",
"b8ed20b1-4761-4dd0-aa62-59b498b85287","DSNY_004.basePlot.all","D03","DSNY","DSNY_004","S2017FL097004","2017-03-02","17N03225","Bh2","S2017FL097004-5","bulk",76.0,89.0,82.5,"2018-02-09","Kellogg Soil Survey Laboratory Methods Manual, Soil Survey Investigations Report No. 42 Version 5.0, Issued 2014","Routine Particle Size Distribution (3A1a1a)",0.0,0.0,95.4,2.0,2.6,,,0.4,1.6,4.0,49.1,39.1,2.8,0.4,"USDA NRCS Kellogg Soil Survey Laboratory",
"f5c01dc6-e155-4eaf-b8b7-eb54f8f527ae","DSNY_004.basePlot.all","D03","DSNY","DSNY_004","S2017FL097004","2017-03-02","17N03221","A","S2017FL097004-1","bulk",0.0,10.0,5.0,"2018-02-09","Kellogg Soil Survey Laboratory Methods Manual, Soil Survey Investigations Report No. 42 Version 5.0, Issued 2014","Routine Particle Size Distribution (3A1a1a)",0.0,0.0,95.8,3.2,1.0,,,2.7,0.5,2.9,45.2,45.4,2.1,0.2,"USDA NRCS Kellogg Soil Survey Laboratory",
"51a16fcb-5ab7-4645-82cc-013559d251d0","DSNY_004.basePlot.all","D03","DSNY","DSNY_004","S2017FL097004","2017-03-02","17N03226","Bw1","S2017FL097004-6","bulk",89.0,107.0,98.0,"2018-02-09","Kellogg Soil Survey Laboratory Methods Manual, Soil Survey Investigations Report No. 42 Version 5.0, Issued 2014","Routine Particle Size Distribution (3A1a1a)",0.0,0.0,95.0,3.3,1.7,,,0.5,2.8,5.3,56.1,32.0,1.6,0.0,"USDA NRCS Kellogg Soil Survey Laboratory",
"94394ff6-4317-4dcb-ac06-0b02bcfaf19f","DSNY_022.basePlot.all","D03","DSNY","DSNY_022","S2017FL105022","2017-03-02","17N03242","C2","S2017FL105022-3","bulk",49.0,152.0,100.5,"2018-02-09","Kellogg Soil Survey Laboratory Methods Manual, Soil Survey Investigations Report No. 42 Version 5.0, Issued 2014","Routine Particle Size Distribution (3A1a1a)",0.0,0.0,96.7,3.1,0.2,,,0.5,2.6,7.3,41.7,46.0,1.7,0.0,"USDA NRCS Kellogg Soil Survey Laboratory",
"9eee348f-d347-4da1-8224-e347fbc2fefc","DSNY_023.basePlot.all","D03","DSNY","DSNY_023","S2017FL097023","2017-03-07","17N03243","A","S2017FL097023-1","bulk",0.0,10.0,5.0,"2018-02-09","Kellogg Soil Survey Laboratory Methods Manual, Soil Survey Investigations Report No. 42 Version 5.0, Issued 2014","Routine Particle Size Distribution (3A1a1a)",0.0,0.0,93.4,4.2,2.4,,,4.1,0.1,7.8,41.2,43.1,1.3,0.0,"USDA NRCS Kellogg Soil Survey Laboratory",
"7a93d568-c11a-499e-9f98-26c509911a99","DSNY_023.basePlot.all","D03","DSNY","DSNY_023","S2017FL097023","2017-03-07","17N03244","Eg1","S2017FL097023-2","bulk",10.0,20.0,15.0,"2018-02-09","Kellogg Soil Survey Laboratory Methods Manual, Soil Survey Investigations Report No. 42 Version 5.0, Issued 2014","Routine Particle Size Distribution (3A1a1a)",1.0,0.0,92.4,6.6,1.0,,,3.7,2.9,7.0,45.6,38.3,1.5,0.0,"USDA NRCS Kellogg Soil Survey Laboratory",
"a77f6aa4-00bb-49a0-b2e2-5f7562900390","DSNY_001.basePlot.all","D03","DSNY","DSNY_001","S2017FL097001","2017-03-07","17N03220","E2","S2017FL097001-3","bulk",51.0,130.0,90.5,"2018-02-09","Kellogg Soil Survey Laboratory Methods Manual, Soil Survey Investigations Report No. 42 Version 5.0, Issued 2014","Routine Particle Size Distribution (3A1a1a)",0.0,0.0,97.8,1.6,0.6,,,1.5,0.1,6.2,49.7,40.6,1.3,0.0,"USDA NRCS Kellogg Soil Survey Laboratory",
"2a0a8d48-6366-4ba9-ae4c-05b6c655b696","DSNY_023.basePlot.all","D03","DSNY","DSNY_023","S2017FL097023","2017-03-07","17N03245","Eg2","S2017FL097023-3","bulk",20.0,115.0,67.5,"2018-02-09","Kellogg Soil Survey Laboratory Methods Manual, Soil Survey Investigations Report No. 42 Version 5.0, Issued 2014","Routine Particle Size Distribution (3A1a1a)",0.2,1.4,93.3,5.4,1.3,,,2.3,3.1,7.6,43.2,41.1,1.4,0.0,"USDA NRCS Kellogg Soil Survey Laboratory",
"499dac27-710b-468c-b406-e7ea32114970","DSNY_001.basePlot.all","D03","DSNY","DSNY_001","S2017FL097001","2017-03-07","17N03219","E1","S2017FL097001-2","bulk",10.0,51.0,30.5,"2018-02-09","Kellogg Soil Survey Laboratory Methods Manual, Soil Survey Investigations Report No. 42 Version 5.0, Issued 2014","Routine Particle Size Distribution (3A1a1a)",0.0,0.0,97.0,3.0,0.0,,,1.4,1.6,5.8,41.8,47.5,1.9,0.0,"USDA NRCS Kellogg Soil Survey Laboratory",
"a1f1ea65-0b1a-4c9e-b19c-22a2322fff93","DSNY_001.basePlot.all","D03","DSNY","DSNY_001","S2017FL097001","2017-03-07","17N03218","A","S2017FL097001-1","bulk",0.0,10.0,5.0,"2018-02-09","Kellogg Soil Survey Laboratory Methods Manual, Soil Survey Investigations Report No. 42 Version 5.0, Issued 2014","Routine Particle Size Distribution (3A1a1a)",0.0,0.0,96.4,3.3,0.3,,,1.9,1.4,3.9,36.3,53.0,3.1,0.1,"USDA NRCS Kellogg Soil Survey Laboratory",
"7207d4ee-4277-4828-b8fd-86e029ab8fb1","DSNY_015.basePlot.all","D03","DSNY","DSNY_015","S2017FL097015","2017-03-09","17N03239","Bh","S2017FL097015-4","bulk",74.0,115.0,94.5,"2018-02-09","Kellogg Soil Survey Laboratory Methods Manual, Soil Survey Investigations Report No. 42 Version 5.0, Issued 2014","Routine Particle Size Distribution (3A1a1a)",0.0,0.0,95.4,3.2,1.4,,,0.0,3.2,6.3,44.1,42.8,2.2,0.0,"USDA NRCS Kellogg Soil Survey Laboratory",
"8878e172-aab0-47c2-be16-5ad9427d6988","DSNY_044.basePlot.all","D03","DSNY","DSNY_044","S2017FL097044","2017-03-09","17N03261","E'g1","S2017FL097044-6","bulk",86.0,114.0,100.0,"2018-02-13","Kellogg Soil Survey Laboratory Methods Manual, Soil Survey Investigations Report No. 42 Version 5.0, Issued 2014","Routine Particle Size Distribution (3A1a1a)",0.0,0.0,96.7,3.0,0.3,,,1.4,1.6,8.4,47.7,39.0,1.6,0.0,"USDA NRCS Kellogg Soil Survey Laboratory",
"df7d15b3-996f-444b-804b-0e2f6b48be19","DSNY_044.basePlot.all","D03","DSNY","DSNY_044","S2017FL097044","2017-03-09","17N03258","Bh1","S2017FL097044-3","bulk",48.0,53.0,50.5,"2018-02-09","Kellogg Soil Survey Laboratory Methods Manual, Soil Survey Investigations Report No. 42 Version 5.0, Issued 2014","Routine Particle Size Distribution (3A1a1a)",0.0,0.0,96.0,3.1,0.9,,,1.3,1.8,7.8,45.7,41.1,1.4,0.0,"USDA NRCS Kellogg Soil Survey Laboratory",
"be6690c0-fab6-4af4-a09c-271bfe611ad5","DSNY_015.basePlot.all","D03","DSNY","DSNY_015","S2017FL097015","2017-03-09","17N03237","E1","S2017FL097015-2","bulk",13.0,51.0,32.0,"2018-02-09","Kellogg Soil Survey Laboratory Methods Manual, Soil Survey Investigations Report No. 42 Version 5.0, Issued 2014","Routine Particle Size Distribution (3A1a1a)",0.0,0.0,97.5,2.5,0.0,,,0.0,2.5,5.9,42.5,47.3,1.8,0.0,"USDA NRCS Kellogg Soil Survey Laboratory",
"9ac96b3e-106d-48d3-ad6f-e289a5fc3d7a","DSNY_015.basePlot.all","D03","DSNY","DSNY_015","S2017FL097015","2017-03-09","17N03236","A","S2017FL097015-1","bulk",0.0,13.0,6.5,"2018-02-09","Kellogg Soil Survey Laboratory Methods Manual, Soil Survey Investigations Report No. 42 Version 5.0, Issued 2014","Routine Particle Size Distribution (3A1a1a)",0.0,0.0,97.7,2.3,0.0,,,0.6,1.7,4.4,38.9,52.1,2.3,0.0,"USDA NRCS Kellogg Soil Survey Laboratory",
"af2f0bd8-a01e-4c1d-bd8d-eff1c2f0d392","DSNY_044.basePlot.all","D03","DSNY","DSNY_044","S2017FL097044","2017-03-09","17N03260","Bw","S2017FL097044-5","bulk",58.0,86.0,72.0,"2018-02-09","Kellogg Soil Survey Laboratory Methods Manual, Soil Survey Investigations Report No. 42 Version 5.0, Issued 2014","Routine Particle Size Distribution (3A1a1a)",0.0,0.0,96.0,2.2,1.8,,,0.8,1.4,8.6,44.6,41.7,1.1,0.0,"USDA NRCS Kellogg Soil Survey Laboratory",
"e178b81b-6956-4ff3-ba5a-0150900f790f","DSNY_044.basePlot.all","D03","DSNY","DSNY_044","S2017FL097044","2017-03-09","17N03259","Bh2","S2017FL097044-4","bulk",53.0,58.0,55.5,"2018-02-09","Kellogg Soil Survey Laboratory Methods Manual, Soil Survey Investigations Report No. 42 Version 5.0, Issued 2014","Routine Particle Size Distribution (3A1a1a)",0.0,0.0,94.3,2.4,3.3,,,0.0,2.4,8.7,40.7,43.5,1.4,0.0,"USDA NRCS Kellogg Soil Survey Laboratory",
"083bcf8a-433f-46a1-9c28-e29948bd602e","DSNY_044.basePlot.all","D03","DSNY","DSNY_044","S2017FL097044","2017-03-09","17N03256","Ap","S2017FL097044-1","bulk",0.0,20.0,10.0,"2018-02-09","Kellogg Soil Survey Laboratory Methods Manual, Soil Survey Investigations Report No. 42 Version 5.0, Issued 2014","Routine Particle Size Distribution (3A1a1a)",0.0,0.0,96.5,2.3,1.2,,,0.3,2.0,5.7,42.6,46.7,1.4,0.1,"USDA NRCS Kellogg Soil Survey Laboratory",
"ccd4f59e-78e9-40b3-8a73-06459bd8d8c3","DSNY_015.basePlot.all","D03","DSNY","DSNY_015","S2017FL097015","2017-03-09","17N03238","E2","S2017FL097015-3","bulk",51.0,74.0,62.5,"2018-02-09","Kellogg Soil Survey Laboratory Methods Manual, Soil Survey Investigations Report No. 42 Version 5.0, Issued 2014","Routine Particle Size Distribution (3A1a1a)",0.0,0.0,97.6,1.8,0.6,,,0.0,1.8,6.7,38.9,50.4,1.6,0.0,"USDA NRCS Kellogg Soil Survey Laboratory",
"45eed341-3a16-4bb1-b16e-bdfa794ef06d","DSNY_044.basePlot.all","D03","DSNY","DSNY_044","S2017FL097044","2017-03-09","17N03257","E","S2017FL097044-2","bulk",20.0,48.0,34.0,"2018-02-09","Kellogg Soil Survey Laboratory Methods Manual, Soil Survey Investigations Report No. 42 Version 5.0, Issued 2014","Routine Particle Size Distribution (3A1a1a)",0.0,0.0,96.5,3.2,0.3,,,1.1,2.1,6.9,46.1,41.7,1.7,0.1,"USDA NRCS Kellogg Soil Survey Laboratory",
"5b73f71d-fe4c-4355-881d-ef7471305c56","DSNY_010.basePlot.all","D03","DSNY","DSNY_010","S2017FL097010","2017-03-14","17N03230","A","S2017FL097010-1","bulk",0.0,13.0,6.5,"2018-02-09","Kellogg Soil Survey Laboratory Methods Manual, Soil Survey Investigations Report No. 42 Version 5.0, Issued 2014","Routine Particle Size Distribution (3A1a1a)",0.0,0.0,93.8,4.9,1.3,,,0.3,4.6,5.7,38.7,48.5,0.7,0.2,"USDA NRCS Kellogg Soil Survey Laboratory",
"7c3cae04-040b-4933-9775-a5c7c35cbd86","DSNY_010.basePlot.all","D03","DSNY","DSNY_010","S2017FL097010","2017-03-14","17N03235","C1","S2017FL097010-6","bulk",81.0,152.0,116.5,"2018-02-09","Kellogg Soil Survey Laboratory Methods Manual, Soil Survey Investigations Report No. 42 Version 5.0, Issued 2014","Routine Particle Size Distribution (3A1a1a)",0.0,0.0,97.2,2.3,0.5,,,0.1,2.2,8.7,49.7,37.5,1.3,0.0,"USDA NRCS Kellogg Soil Survey Laboratory",
"7fb7bf32-d73d-4f04-9c3b-e9f491806c30","DSNY_010.basePlot.all","D03","DSNY","DSNY_010","S2017FL097010","2017-03-14","17N03231","E","S2017FL097010-2","bulk",13.0,48.0,30.5,"2018-02-09","Kellogg Soil Survey Laboratory Methods Manual, Soil Survey Investigations Report No. 42 Version 5.0, Issued 2014","Routine Particle Size Distribution (3A1a1a)",0.0,0.0,97.8,1.4,0.8,,,0.0,1.4,7.1,45.8,43.4,1.5,0.0,"USDA NRCS Kellogg Soil Survey Laboratory",
"6baf5fe0-8785-4956-aa15-d2c458286f24","DSNY_010.basePlot.all","D03","DSNY","DSNY_010","S2017FL097010","2017-03-14","17N03234","Bw","S2017FL097010-5","bulk",64.0,81.0,72.5,"2018-02-09","Kellogg Soil Survey Laboratory Methods Manual, Soil Survey Investigations Report No. 42 Version 5.0, Issued 2014","Routine Particle Size Distribution (3A1a1a)",0.0,0.0,96.0,2.6,1.4,,,0.6,2.0,9.3,44.7,40.2,1.7,0.1,"USDA NRCS Kellogg Soil Survey Laboratory",
"de06a0fc-cd1d-4d44-9f70-bc9786708474","DSNY_010.basePlot.all","D03","DSNY","DSNY_010","S2017FL097010","2017-03-14","17N03232","Bh1","S2017FL097010-3","bulk",48.0,56.0,52.0,"2018-02-09","Kellogg Soil Survey Laboratory Methods Manual, Soil Survey Investigations Report No. 42 Version 5.0, Issued 2014","Routine Particle Size Distribution (3A1a1a)",0.0,0.0,94.8,3.5,1.7,,,0.2,3.3,6.3,43.6,41.9,2.7,0.3,"USDA NRCS Kellogg Soil Survey Laboratory",
"61733215-5ad2-4574-bd0d-bf091911b4bb","DSNY_010.basePlot.all","D03","DSNY","DSNY_010","S2017FL097010","2017-03-14","17N03233","Bh2","S2017FL097010-4","bulk",56.0,64.0,60.0,"2018-02-09","Kellogg Soil Survey Laboratory Methods Manual, Soil Survey Investigations Report No. 42 Version 5.0, Issued 2014","Routine Particle Size Distribution (3A1a1a)",0.0,0.0,93.6,3.8,2.6,,,0.0,3.8,7.0,42.2,42.8,1.6,0.0,"USDA NRCS Kellogg Soil Survey Laboratory",
