uid,domainID,siteID,pitNamedLocation,pitID,horizonID,bulkDensID,horizonName,setDate,collectDate,laboratoryName,labProjID,bulkDensCenterDepth,bulkDensTopDepth,bulkDensBottomDepth,bulkDensHorizonProportion,bulkDensSampleType,bulkDensExclCoarseFrag,remarks
"0f0dac4a-40ec-41fb-98bd-8172b8424913","D04","LAJA","MEGAPT100979","4_LAJAS_PIT1","4_LAJAS_PIT1_2C","4_LAJAS_PIT1_BULKD_145-155_2C1","2C","2014-04-07","2014-04-07","USDA NRCS Kellogg Soil Survey Laboratory - Lincoln - NE","I2014USPR044",150.0,145.0,155.0,1.0,"Regular",1.5694,
"b1bd31ee-9981-4613-a687-4c598ecf778f","D04","LAJA","MEGAPT100979","4_LAJAS_PIT1","4_LAJAS_PIT1_BSSYZ","4_LAJAS_PIT1_BULKD_64-74_BSSYZ1","Bssyz","2014-04-07","2014-04-07","USDA NRCS Kellogg Soil Survey Laboratory - Lincoln - NE","I2014USPR044",69.0,64.0,74.0,1.0,"Regular",1.3429,
"12ca5181-b9d9-4b93-bc1a-8473eceb2a1d","D04","LAJA","MEGAPT100979","4_LAJAS_PIT1","4_LAJAS_PIT1_AP","4_LAJAS_PIT1_BULKD_0-10_AP","Ap","2014-04-07","2014-04-07","USDA NRCS Kellogg Soil Survey Laboratory - Lincoln - NE","I2014USPR044",5.0,0.0,10.0,1.0,"Regular",1.0721,
"13d56794-49dc-4cf5-9e57-fece893d2beb","D04","LAJA","MEGAPT100979","4_LAJAS_PIT1","4_LAJAS_PIT1_4C","4_LAJAS_PIT1_BULKD_178-188_4C","4C","2014-04-07","2014-04-07","USDA NRCS Kellogg Soil Survey Laboratory - Lincoln - NE","I2014USPR044",183.0,178.0,188.0,1.0,"Regular",1.5252,
"e22558d9-9dfd-4e51-9d19-9b152007daf7","D04","LAJA","MEGAPT100979","4_LAJAS_PIT1","4_LAJAS_PIT1_2BKY","4_LAJAS_PIT1_BULKD_120-130_2BKY","2Bky","2014-04-07","2014-04-07","USDA NRCS Kellogg Soil Survey Laboratory - Lincoln - NE","I2014USPR044",125.0,120.0,130.0,1.0,"Regular",1.7629,
"251ce994-42fc-4bb3-ad43-3230b2c8cb35","D04","LAJA","MEGAPT100979","4_LAJAS_PIT1","4_LAJAS_PIT1_3C","4_LAJAS_PIT1_BULKD_164-174_3C2","3C","2014-04-07","2014-04-07","USDA NRCS Kellogg Soil Survey Laboratory - Lincoln - NE","I2014USPR044",169.0,164.0,174.0,1.0,"Regular",1.6800,
"63f3c80b-78c7-4127-b0dc-ea33820f2422","D04","LAJA","MEGAPT100979","4_LAJAS_PIT1","4_LAJAS_PIT1_ABSS","4_LAJAS_PIT1_BULKD_30-40_BSS","Abss","2014-04-07","2014-04-07","USDA NRCS Kellogg Soil Survey Laboratory - Lincoln - NE","I2014USPR044",35.0,30.0,40.0,1.0,"Regular",1.3926,
"d5630c84-42c5-48ec-9705-79557568404c","D04","LAJA","MEGAPT100979","4_LAJAS_PIT1","4_LAJAS_PIT1_BKSSYZ","4_LAJAS_PIT1_BULKD_83-93_BKSSYZ","Bkssyz","2014-04-07","2014-04-07","USDA NRCS Kellogg Soil Survey Laboratory - Lincoln - NE","I2014USPR044",88.0,83.0,93.0,1.0,"Regular",1.5197,
