uid,domainID,siteID,pitNamedLocation,pitID,horizonID,horizonName,setDate,collectDate,horizonTopDepth,horizonBottomDepth,nrcsDescriptionID,remarks
"cb345060-f681-4912-a536-fae1e545871d","D04","LAJA","MEGAPT100979","4_LAJAS_PIT1","4_LAJAS_PIT1_BKSSYZ","Bkssyz","2014-04-07","2014-04-07",83.0,107.0,"2014PR079001",
"2ba01894-1a42-455a-a938-7f91d1ee263a","D04","LAJA","MEGAPT100979","4_LAJAS_PIT1","4_LAJAS_PIT1_2C","2C","2014-04-07","2014-04-07",145.0,164.0,"2014PR079001",
"985b8dbd-4753-4f20-aa96-326e5da19606","D04","LAJA","MEGAPT100979","4_LAJAS_PIT1","4_LAJAS_PIT1_AP","Ap","2014-04-07","2014-04-07",0.0,27.0,"2014PR079001",
"e98dcfe5-77d3-4498-a10a-64a0a8932cfc","D04","LAJA","MEGAPT100979","4_LAJAS_PIT1","4_LAJAS_PIT1_3C","3C","2014-04-07","2014-04-07",164.0,176.0,"2014PR079001",
"6af85185-a318-4fee-ae08-63db0785eda1","D04","LAJA","MEGAPT100979","4_LAJAS_PIT1","4_LAJAS_PIT1_BSSYZ","Bssyz","2014-04-07","2014-04-07",55.0,83.0,"2014PR079001",
"29c6721d-6ce3-498e-a696-7035548fef92","D04","LAJA","MEGAPT100979","4_LAJAS_PIT1","4_LAJAS_PIT1_ABSS","Abss","2014-04-07","2014-04-07",27.0,55.0,"2014PR079001",
"f8064735-3983-487a-af39-889fa32097b0","D04","LAJA","MEGAPT100979","4_LAJAS_PIT1","4_LAJAS_PIT1_4C","4C","2014-04-07","2014-04-07",176.0,203.0,"2014PR079001",
"2902d542-dee1-49fd-938e-cdc76ce1c6c6","D04","LAJA","MEGAPT100979","4_LAJAS_PIT1","4_LAJAS_PIT1_2BKY","2Bky","2014-04-07","2014-04-07",107.0,145.0,"2014PR079001",
