uid,domainID,siteID,pitNamedLocation,pitID,horizonID,horizonName,setDate,collectDate,archiveID,archiveLaboratoryName,archiveTopDepth,archiveBottomDepth,remarks,sampleMass
"d5525862-be4f-4510-b94a-dc4614965826","D04","LAJA","MEGAPT100979","4_LAJAS_PIT1","4_LAJAS_PIT1_BKSSYZ","Bkssyz","2014-04-07","2014-04-07","4_LAJAS_PIT1_ARCHIVE_83-107_BKSSYZ","NEON",83.0,107.0,,3600.8
"b520bb3c-c1e6-44ea-b3b4-f4c24b008230","D04","LAJA","MEGAPT100979","4_LAJAS_PIT1","4_LAJAS_PIT1_3C","3C","2014-04-07","2014-04-07","4_LAJAS_PIT1_ARCHIVE_164-176_3C2","NEON",164.0,176.0,,3600.5
"31f11c12-62b3-4c5e-9287-003968286fa1","D04","LAJA","MEGAPT100979","4_LAJAS_PIT1","4_LAJAS_PIT1_2C","2C","2014-04-07","2014-04-07","4_LAJAS_PIT1_ARCHIVE_145-164_2C1","NEON",145.0,164.0,,3600.7
"504f1a0a-a0d8-4004-919f-344f1fb7d049","D04","LAJA","MEGAPT100979","4_LAJAS_PIT1","4_LAJAS_PIT1_BSSYZ","Bssyz","2014-04-07","2014-04-07","4_LAJAS_PIT1_ARCHIVE_55-83_BSSYZ","NEON",55.0,83.0,,3416.1
"ffce3ed9-f18d-4918-b46e-75087eddbd10","D04","LAJA","MEGAPT100979","4_LAJAS_PIT1","4_LAJAS_PIT1_2BKY","2Bky","2014-04-07","2014-04-07","4_LAJAS_PIT1_ARCHIVE_107-145_2BKY","NEON",107.0,145.0,,3601.1
"172e5477-7214-4251-ac1d-5d61ce029eea","D04","LAJA","MEGAPT100979","4_LAJAS_PIT1","4_LAJAS_PIT1_4C","4C","2014-04-07","2014-04-07","4_LAJAS_PIT1_ARCHIVE_176-203_4C","NEON",176.0,203.0,,3596.0
"3eeefb55-49ec-404a-93ca-ae40101b8b6a","D04","LAJA","MEGAPT100979","4_LAJAS_PIT1","4_LAJAS_PIT1_AP","Ap","2014-04-07","2014-04-07","4_LAJAS_PIT1_ARCHIVE_0 -27_AP","NEON",0.0,27.0,,3206.2
"a942ef4b-705b-4021-967d-0e94bcd3612a","D04","LAJA","MEGAPT100979","4_LAJAS_PIT1","4_LAJAS_PIT1_ABSS","Abss","2014-04-07","2014-04-07","4_LAJAS_PIT1_ARCHIVE_27-55_BSS","NEON",27.0,55.0,,3086.1
