uid,domainID,siteID,pitNamedLocation,pitID,horizonID,biogeoID,horizonName,biogeoHorizonProportion,biogeoSampleType,setDate,collectDate,coarseFrag2To5,coarseFrag5To20,sandTotal,siltTotal,clayTotal,carbonateClay,clayFineContent,siltFineContent,siltCoarseContent,sandVeryFineContent,sandFineContent,sandMediumContent,sandCoarseContent,sandVeryCoarseContent,carbonTot,nitrogenTot,sulfurTot,estimatedOC,airDryOvenDry,alMjelm,caMjelm,feMjelm,kMjelm,mgMjelm,mnMjelm,naMjelm,pMjelm,siMjelm,srMjelm,tiMjelm,zrMjelm,phCacl2,phH2o,ec12pre,gypsumConc,caco3Conc,caNh4d,kNh4d,mgNh4d,naNh4d,cecdNh4,alSatCecd33,baseSumCecd10,bsesatCecd10,ececCecd33,alKcl,feKcl,mnKcl,bSatx,brSatx,caSatx,clSatx,co3Satx,ecSatp,flSatx,waterSatx,hco3Sx,kSatx,mgSatx,naSatx,no2Satx,no3Satx,pSatx,phSp,resist,so4Satx,laboratoryName,labProjID,biogeoTopDepth,biogeoBottomDepth,biogeoCenterDepth,remarks
"db112b49-a517-494d-9693-a6c542af1d1d","D04","LAJA","MEGAPT100979","4_LAJAS_PIT1","4_LAJAS_PIT1_AP","4_LAJAS_PIT1_BIOGEO_0 -27_AP","Ap",1.0,"Regular","2014-04-07","2014-04-07",231,4,18.7,26.0,55.3,0.0,,18.0,8.0,8.5,5.3,2.0,1.5,1.4,29.2,3.00,0.20,29.0,1.071,78691,11660,68831,7053,13222,1351,11521,1255,240270,237,8620,97,7.4,8.0,0.76,0,10,35.2,1.0,21.7,1.2,47.7,,59.1,100,,,,,,0.0,5.9,2.2,0.0,1.22,0.0,86.00,7.5,0.2,5.0,3.4,0.2,0.0,0.0,7.1,,2.6,"USDA NRCS Kellogg Soil Survey Laboratory - Lincoln - NE","I2014USPR044",0.0,27.0,13.5,
"3d9a02e1-60ca-451c-ad88-4ba44c85df1c","D04","LAJA","MEGAPT100979","4_LAJAS_PIT1","4_LAJAS_PIT1_BKSSYZ","4_LAJAS_PIT1_BIOGEO_83-107_BKSSYZ","Bkssyz",1.0,"Regular","2014-04-07","2014-04-07",105,2,40.2,22.9,36.9,0.0,,15.7,7.2,10.2,13.2,6.6,7.1,3.1,3.8,0.00,20.10,1.0,1.067,64931,41118,66723,5942,15229,1271,13928,517,211693,267,8097,86,7.9,7.9,5.22,90,20,142.0,0.2,20.4,9.8,26.7,,172.4,100,,,,,,0.0,23.8,36.3,0.0,9.68,0.0,66.30,1.4,0.0,43.4,60.8,0.0,0.0,0.0,7.7,,91.4,"USDA NRCS Kellogg Soil Survey Laboratory - Lincoln - NE","I2014USPR044",83.0,107.0,95.0,
"e7ae0a9d-b5ce-4f96-a0a0-1fc174b74232","D04","LAJA","MEGAPT100979","4_LAJAS_PIT1","4_LAJAS_PIT1_4C","4_LAJAS_PIT1_BIOGEO_176-203_4C","4C",1.0,"Regular","2014-04-07","2014-04-07",168,71,16.7,31.6,51.7,0.0,,20.9,10.7,7.5,5.0,3.1,1.1,0.0,1.7,0.10,0.40,0.0,1.064,77196,14109,62160,7750,13940,1288,13065,655,249586,255,7640,107,8.0,8.4,1.60,0,10,29.3,0.3,25.2,5.3,35.8,,60.1,100,,,,,,0.1,8.2,13.2,0.0,3.38,0.0,79.70,1.4,0.0,11.4,18.7,0.2,0.2,0.0,7.8,,23.5,"USDA NRCS Kellogg Soil Survey Laboratory - Lincoln - NE","I2014USPR044",176.0,203.0,189.5,
"85926672-b4c8-48dc-a63d-bbc95206016d","D04","LAJA","MEGAPT100979","4_LAJAS_PIT1","4_LAJAS_PIT1_BSSYZ","4_LAJAS_PIT1_BIOGEO_55-83_BSSYZ","Bssyz",1.0,"Regular","2014-04-07","2014-04-07",0,0,16.8,24.2,59.0,0.0,,18.5,5.7,8.2,5.9,1.1,1.1,0.5,8.5,0.30,6.30,7.0,1.076,82303,17021,71529,5870,15661,1278,13108,521,233246,257,8689,98,7.8,8.0,4.16,20,10,76.1,0.3,29.0,9.2,40.2,,114.6,100,,,,,,0.1,25.2,29.9,0.0,7.88,0.0,87.20,1.6,0.0,35.6,41.6,0.2,0.0,0.0,7.6,,74.2,"USDA NRCS Kellogg Soil Survey Laboratory - Lincoln - NE","I2014USPR044",55.0,83.0,69.0,
"603bfd92-85e2-4734-9fb7-b0a42201d803","D04","LAJA","MEGAPT100979","4_LAJAS_PIT1","4_LAJAS_PIT1_2BKY","4_LAJAS_PIT1_BIOGEO_107-145_2BKY","2Bky",1.0,"Regular","2014-04-07","2014-04-07",86,10,47.8,22.7,29.5,0.0,,14.4,8.3,13.3,17.9,8.0,4.8,3.8,2.3,0.00,1.00,0.0,1.044,69085,20153,74104,7477,16540,1081,16327,846,243319,281,9348,97,8.0,8.3,2.91,0,20,30.9,0.2,20.4,9.7,27.6,,61.2,100,,,,,,0.2,16.3,41.2,0.0,8.18,0.0,60.60,1.5,0.0,26.4,54.3,0.0,0.0,0.0,7.7,,55.8,"USDA NRCS Kellogg Soil Survey Laboratory - Lincoln - NE","I2014USPR044",107.0,145.0,126.0,
"4bc25895-b9eb-4d13-808c-e6f5201e4480","D04","LAJA","MEGAPT100979","4_LAJAS_PIT1","4_LAJAS_PIT1_ABSS","4_LAJAS_PIT1_BIOGEO_27-55_BSS","Abss",1.0,"Regular","2014-04-07","2014-04-07",0,0,15.7,24.0,60.3,0.0,,17.4,6.6,6.6,4.5,3.4,1.1,0.1,19.6,1.30,0.80,19.0,1.078,82969,11719,68958,5714,13182,1410,11731,553,238529,242,8644,100,7.7,8.0,2.54,0,0,44.7,0.4,26.7,4.8,50.3,,76.6,100,,,,,,0.1,23.4,12.3,0.0,4.89,0.0,94.40,3.0,0.0,22.0,20.2,0.3,0.0,0.0,7.4,,50.1,"USDA NRCS Kellogg Soil Survey Laboratory - Lincoln - NE","I2014USPR044",27.0,55.0,41.0,
"73221167-5049-4fe3-81dd-7f1484d0b598","D04","LAJA","MEGAPT100979","4_LAJAS_PIT1","4_LAJAS_PIT1_3C","4_LAJAS_PIT1_BIOGEO_164-176_3C2","3C",1.0,"Regular","2014-04-07","2014-04-07",97,94,63.2,15.2,21.6,0.0,,10.4,4.8,8.6,18.9,17.9,13.8,4.0,0.6,0.00,0.30,0.0,1.038,62416,22142,80371,7709,17067,1222,15744,1014,239337,279,9925,90,7.9,8.1,1.35,0,0,16.5,0.1,16.6,4.8,23.8,,38.0,100,,,,,,0.1,11.6,26.1,0.0,4.99,0.0,43.30,1.2,0.0,17.7,26.8,0.0,0.0,0.0,7.7,,29.0,"USDA NRCS Kellogg Soil Survey Laboratory - Lincoln - NE","I2014USPR044",164.0,176.0,170.0,
"89b6d291-92ea-449e-88e5-2ccf02f01312","D04","LAJA","MEGAPT100979","4_LAJAS_PIT1","4_LAJAS_PIT1_2C","4_LAJAS_PIT1_BIOGEO_145-164_2C1","2C",1.0,"Regular","2014-04-07","2014-04-07",81,25,61.2,18.1,20.7,0.0,,12.1,6.0,11.7,21.3,17.5,8.4,2.3,0.8,0.10,0.30,0.0,1.038,63816,21428,82838,7686,17493,1378,16418,1039,240945,288,10419,93,8.1,8.4,1.46,0,10,17.1,0.1,15.7,6.4,24.2,,39.3,100,,,,,,0.1,8.6,29.0,0.0,4.99,0.0,48.10,1.6,0.0,14.6,32.4,0.2,0.0,0.0,7.9,,31.0,"USDA NRCS Kellogg Soil Survey Laboratory - Lincoln - NE","I2014USPR044",145.0,164.0,154.5,
