uid,domainID,siteID,pitNamedLocation,pitID,horizonID,horizonName,setDate,collectDate,archiveID,archiveLaboratoryName,archiveTopDepth,archiveBottomDepth,remarks,sampleMass
"914f9ad9-71f2-4c91-bdd3-df4b2d5d30b6","D13","MOAB","MEGAPT100983","13_MOAB_PIT1","13_MOAB_PIT1_BK1","Bk1","2014-02-24","2014-02-24","13_MOAB_PIT1_ARCHIVE_31_47_BK1","NEON",31.0,47.0,,3600.9
"74d91fec-63bf-4382-9d86-50889bdde065","D13","MOAB","MEGAPT100983","13_MOAB_PIT1","13_MOAB_PIT1_CK","Ck","2014-02-24","2014-02-24","13_MOAB_PIT1_ARCHIVE_82_116_CK","NEON",82.0,116.0,,3601.3
"ffb088d9-fe66-4186-8e7d-50ba4cc3b12d","D13","MOAB","MEGAPT100983","13_MOAB_PIT1","13_MOAB_PIT1_BW","Bw","2014-02-24","2014-02-24","13_MOAB_PIT1_ARCHIVE_6_31_BW","NEON",6.0,31.0,,3600.5
"537bc52c-f8d8-4d34-be14-e5b03995da45","D13","MOAB","MEGAPT100983","13_MOAB_PIT1","13_MOAB_PIT1_C1","C1","2014-02-24","2014-02-24","13_MOAB_PIT1_ARCHIVE_116_160_C1","NEON",116.0,160.0,,3600.3
"e9257081-5ebf-49a2-b13f-a7bb967f62b3","D13","MOAB","MEGAPT100983","13_MOAB_PIT1","13_MOAB_PIT1_BK3","Bk3","2014-02-24","2014-02-24","13_MOAB_PIT1_ARCHIVE_62_82_BK3","NEON",62.0,82.0,,3600.3
"53110ee5-0f9c-4957-813c-9796a47cb5be","D13","MOAB","MEGAPT100983","13_MOAB_PIT1","13_MOAB_PIT1_C2","C2","2014-02-24","2014-02-24",,,,,,
"5bf5e1ae-94f2-4aeb-b7db-f35adba7ff19","D13","MOAB","MEGAPT100983","13_MOAB_PIT1","13_MOAB_PIT1_C2","C2","2014-02-24","2014-02-24","13_MOAB_PIT1_ARCHIVE_160_200_C2","NEON",160.0,200.0,,3600.2
"d4b6acaa-bb04-4253-8513-df6223af6960","D13","MOAB","MEGAPT100983","13_MOAB_PIT1","13_MOAB_PIT1_BK2","Bk2","2014-02-24","2014-02-24","13_MOAB_PIT1_ARCHIVE_47_62_BK2","NEON",47.0,62.0,,3600.3
"7fbaa3f5-0774-4b73-a304-a6352e22ce01","D13","MOAB","MEGAPT100983","13_MOAB_PIT1","13_MOAB_PIT1_A","A","2014-02-24","2014-02-24","13_MOAB_PIT1_ARCHIVE_O_6_A","NEON",0.0,6.0,,3600.9
