uid,domainID,siteID,pitNamedLocation,pitID,horizonID,bulkDensID,horizonName,setDate,collectDate,laboratoryName,labProjID,bulkDensCenterDepth,bulkDensTopDepth,bulkDensBottomDepth,bulkDensHorizonProportion,bulkDensSampleType,bulkDensExclCoarseFrag,remarks
"5b9c3931-5a19-4061-ade9-b0b0e3a35d06","D13","MOAB","MEGAPT100983","13_MOAB_PIT1","13_MOAB_PIT1_A","13_MOAB_PIT1_BULKD_0_6_A","A","2014-02-24","2014-02-24","USDA NRCS Kellogg Soil Survey Laboratory - Lincoln - NE","I2014USUT037",3.0,0.0,6.0,1.0,"Regular",1.5197,
"48c332d9-ea0e-4af2-b4ea-d99ee43f5aef","D13","MOAB","MEGAPT100983","13_MOAB_PIT1","13_MOAB_PIT1_C1","13_MOAB_PIT1_BULKD_126_129_C1","C1","2014-02-24","2014-02-24","USDA NRCS Kellogg Soil Survey Laboratory - Lincoln - NE","I2014USUT037",127.5,126.0,129.0,1.0,"Regular",1.7462,"4 x 3 cm cores"
"0270dfbe-fa83-4733-9284-6ff6c42d9b21","D13","MOAB","MEGAPT100983","13_MOAB_PIT1","13_MOAB_PIT1_BK1","13_MOAB_PIT1_BULKD_31_41_BK1","Bk1","2014-02-24","2014-02-24","USDA NRCS Kellogg Soil Survey Laboratory - Lincoln - NE","I2014USUT037",36.0,31.0,41.0,1.0,"Regular",1.4488,
"1772f53c-6d6b-49ce-85cc-52e28ce6d450","D13","MOAB","MEGAPT100983","13_MOAB_PIT1","13_MOAB_PIT1_C2","13_MOAB_PIT1_BULKD_BULK D_1","C2","2014-02-24","2014-02-24","USDA NRCS Kellogg Soil Survey Laboratory - Lincoln - NE","I2014USUT037",181.0,176.0,186.0,1.0,"Audit",1.8679,
"6bbf4f4f-6096-4113-9e33-dc2a133db952","D13","MOAB","MEGAPT100983","13_MOAB_PIT1","13_MOAB_PIT1_BK2","13_MOAB_PIT1_BULKD_54_59_BK2","Bk2","2014-02-24","2014-02-24","USDA NRCS Kellogg Soil Survey Laboratory - Lincoln - NE","I2014USUT037",56.5,54.0,59.0,1.0,"Regular",1.2388,"2 x 5 cm cores"
"3c1d5d49-c10e-44d0-8eb2-ce0a769e79d0","D13","MOAB","MEGAPT100983","13_MOAB_PIT1","13_MOAB_PIT1_CK","13_MOAB_PIT1_BULKD_90_93_CK","Ck","2014-02-24","2014-02-24","USDA NRCS Kellogg Soil Survey Laboratory - Lincoln - NE","I2014USUT037",91.5,90.0,93.0,1.0,"Regular",1.4734,"4 x 3 cm cores"
"2063b19c-24d4-4ac0-b5ea-949e958e4b10","D13","MOAB","MEGAPT100983","13_MOAB_PIT1","13_MOAB_PIT1_BK3","13_MOAB_PIT1_BULKD_65_68_BK3","Bk3","2014-02-24","2014-02-24","USDA NRCS Kellogg Soil Survey Laboratory - Lincoln - NE","I2014USUT037",66.5,65.0,68.0,1.0,"Regular",1.6053,"4 x 3 cm cores"
"93ff7952-4c00-4882-998c-2407618adfc1","D13","MOAB","MEGAPT100983","13_MOAB_PIT1","13_MOAB_PIT1_C2","13_MOAB_PIT1_BULKD_176_186_C2","C2","2014-02-24","2014-02-24","USDA NRCS Kellogg Soil Survey Laboratory - Lincoln - NE","I2014USUT037",181.0,176.0,186.0,1.0,"Regular",2.0171,
"9b1e8e57-630d-4de8-9fb5-b6a14f418c20","D13","MOAB","MEGAPT100983","13_MOAB_PIT1","13_MOAB_PIT1_BW","13_MOAB_PIT1_BULKD_11_21_BW","Bw","2014-02-24","2014-02-24","USDA NRCS Kellogg Soil Survey Laboratory - Lincoln - NE","I2014USUT037",16.0,11.0,21.0,1.0,"Regular",1.4818,
