uid,domainID,siteID,pitNamedLocation,pitID,horizonID,horizonName,setDate,collectDate,horizonTopDepth,horizonBottomDepth,nrcsDescriptionID,remarks
"9f73626e-abb4-4b1f-a566-0cb37030067d","D13","MOAB","MEGAPT100983","13_MOAB_PIT1","13_MOAB_PIT1_BW","Bw","2014-02-24","2014-02-24",6.0,31.0,"S2014UT037001",
"7a867f99-ec3f-46ee-84ed-ca9fa65c920d","D13","MOAB","MEGAPT100983","13_MOAB_PIT1","13_MOAB_PIT1_BK2","Bk2","2014-02-24","2014-02-24",47.0,62.0,"S2014UT037001","Calcium carbonate building up on the bottom of rocks."
"b7721ee0-bee5-4999-bd7c-35f8b024f44b","D13","MOAB","MEGAPT100983","13_MOAB_PIT1","13_MOAB_PIT1_CK","Ck","2014-02-24","2014-02-24",82.0,116.0,"S2014UT037001","Calcium carbonate building up on the bottom of rocks."
"c406f01c-3cac-4315-b8c4-63b58f7ec7bf","D13","MOAB","MEGAPT100983","13_MOAB_PIT1","13_MOAB_PIT1_C2","C2","2014-02-24","2014-02-24",160.0,200.0,"S2014UT037001","Eolian sediment; 0/few rocks"
"060f9422-9cb5-4f6d-bcb5-fa09b0b776e7","D13","MOAB","MEGAPT100983","13_MOAB_PIT1","13_MOAB_PIT1_BK1","Bk1","2014-02-24","2014-02-24",31.0,47.0,"S2014UT037001","Calcium carbonate building up on the bottom of rocks."
"40cc1956-671e-41f4-9901-6c85d54fb12e","D13","MOAB","MEGAPT100983","13_MOAB_PIT1","13_MOAB_PIT1_A","A","2014-02-24","2014-02-24",0.0,6.0,"S2014UT037001",
"94109d8b-de52-40d3-a9ad-b8198eb5f889","D13","MOAB","MEGAPT100983","13_MOAB_PIT1","13_MOAB_PIT1_C1","C1","2014-02-24","2014-02-24",116.0,160.0,"S2014UT037001","Illuvial sediment deposits; rocks present."
"738295e4-a248-46cd-9c99-8e513ba0e483","D13","MOAB","MEGAPT100983","13_MOAB_PIT1","13_MOAB_PIT1_BK3","Bk3","2014-02-24","2014-02-24",62.0,82.0,"S2014UT037001","Calcium carbonate building up on the bottom of rocks."
