uid,domainID,siteID,pitNamedLocation,pitID,horizonID,horizonName,setDate,collectDate,archiveID,archiveLaboratoryName,archiveTopDepth,archiveBottomDepth,remarks,sampleMass
"05ce4cfd-4147-4d24-b030-8956dbeba9d6","D05","UNDE","MEGAPT101001","5_UNDERC_PIT1","5_UNDERC_PIT1_BS1","BS1","2013-09-09","2013-09-09","5_UNDERC_PIT1_23-31_ARCHIVE_BS1","NEON",23.0,31.0,,3601.3
"49d49b46-cfc7-4e96-9aa6-2148f693062a","D05","UNDE","MEGAPT101001","5_UNDERC_PIT1","5_UNDERC_PIT1_2BT1","2Bt1","2013-09-09","2013-09-09","5_UNDERC_PIT1_57-83_ARCHIVE_2BT1","NEON",57.0,83.0,,3601.7
"61cc5768-956a-489d-b790-76ca66d33a59","D05","UNDE","MEGAPT101001","5_UNDERC_PIT1","5_UNDERC_PIT1_A","A","2013-09-09","2013-09-09",,,,,,
"7f0fe27a-68e5-4854-8f53-fae62e1f710e","D05","UNDE","MEGAPT101001","5_UNDERC_PIT1","5_UNDERC_PIT1_2C1","2C1","2013-09-09","2013-09-09","5_UNDERC_PIT1_114-147_ARCHIVE_2C1","NEON",114.0,147.0,,3608.7
"ad71da33-b22a-411e-9007-301846f8f57f","D05","UNDE","MEGAPT101001","5_UNDERC_PIT1","5_UNDERC_PIT1_3C2","3C2","2013-09-09","2013-09-09","5_UNDERC_PIT1_147-200_ARCHIVE_3C2","NEON",147.0,200.0,,3618.3
"1475dea5-b92a-4b13-abd1-e6c21edddfd5","D05","UNDE","MEGAPT101001","5_UNDERC_PIT1","5_UNDERC_PIT1_E","E","2013-09-09","2013-09-09","5_UNDERC_PIT1_15-23_ARCHIVE_E","NEON",15.0,23.0,,3600.7
"7af189fe-1076-4211-a1e8-0e56d4b2b1bb","D05","UNDE","MEGAPT101001","5_UNDERC_PIT1","5_UNDERC_PIT1_A","A","2013-09-09","2013-09-09","5_UNDERC_PIT1_0-8_ARCHIVE_A","NEON",0.0,8.0,,2648.9
"d4c6367d-3103-4754-a9b1-a9c3b05cb35e","D05","UNDE","MEGAPT101001","5_UNDERC_PIT1","5_UNDERC_PIT1_BS2","BS2","2013-09-09","2013-09-09","5_UNDERC_PIT1_31-48_ARCHIVE_BS2","NEON",31.0,48.0,,3601.7
"bb42cb50-805f-4f1c-a398-9266f984d877","D05","UNDE","MEGAPT101001","5_UNDERC_PIT1","5_UNDERC_PIT1_2BT2","2Bt2","2013-09-09","2013-09-09","5_UNDERC_PIT1_83-114_ARCHIVE_2BT2","NEON",83.0,114.0,,3612.0
"8398217e-61c2-42be-9dd0-c9b91dd67f8b","D05","UNDE","MEGAPT101001","5_UNDERC_PIT1","5_UNDERC_PIT1_BS","Bs","2013-09-09","2013-09-09","5_UNDERC_PIT1_8-15_ARCHIVE_BS","NEON",8.0,15.0,,3600.0
"318ea6fa-5474-41cd-b7b5-127aacf6ab66","D05","UNDE","MEGAPT101001","5_UNDERC_PIT1","5_UNDERC_PIT1_E/BX","E/Bx","2013-09-09","2013-09-09","5_UNDERC_PIT1_48-57_ARCHIVE_E/BX","NEON",48.0,57.0,,3617.6
