uid,domainID,siteID,pitNamedLocation,pitID,horizonID,bulkDensID,horizonName,setDate,collectDate,laboratoryName,labProjID,bulkDensCenterDepth,bulkDensTopDepth,bulkDensBottomDepth,bulkDensHorizonProportion,bulkDensSampleType,bulkDensExclCoarseFrag,remarks
"e8b8cade-2c60-4c57-b67f-7042e8fff1ac","D05","UNDE","MEGAPT101001","5_UNDERC_PIT1","5_UNDERC_PIT1_2BT1","5_UNDERC_PIT1_60-70_BULKD_2BT1","2Bt1","2013-09-09","2013-09-09","USDA NRCS Kellogg Soil Survey Laboratory - Lincoln - NE","I2013USMI131",65.0,60.0,70.0,1.0,"Regular",1.7408,
"40aced6a-d93b-4612-b965-16fc779f61d8","D05","UNDE","MEGAPT101001","5_UNDERC_PIT1","5_UNDERC_PIT1_2C1","5_UNDERC_PIT1_120-130_BULKD_2C1","2C1","2013-09-09","2013-09-09","USDA NRCS Kellogg Soil Survey Laboratory - Lincoln - NE","I2013USMI131",125.0,120.0,130.0,1.0,"Regular",1.7794,
"2ad28f66-f7c8-45cb-a102-c4cfa97c3144","D05","UNDE","MEGAPT101001","5_UNDERC_PIT1","5_UNDERC_PIT1_E/BX","5_UNDERC_PIT1_51-56_BULKD_E/BX","E/Bx","2013-09-09","2013-09-09","USDA NRCS Kellogg Soil Survey Laboratory - Lincoln - NE","I2013USMI131",53.5,51.0,56.0,1.0,"Regular",1.7021,"2 x 5 cm long cores"
"5653f493-383c-447a-91ea-2baa87f0e5b3","D05","UNDE","MEGAPT101001","5_UNDERC_PIT1","5_UNDERC_PIT1_A","5_UNDERC_PIT1_0-5_BULKD_A","A","2013-09-09","2013-09-09","USDA NRCS Kellogg Soil Survey Laboratory - Lincoln - NE","I2013USMI131",2.5,0.0,5.0,1.0,"Regular",1.0625,"2 x 5 cm long cores"
"f26ddfba-12eb-4687-9eb5-fc40b4b81a4c","D05","UNDE","MEGAPT101001","5_UNDERC_PIT1","5_UNDERC_PIT1_BS2","5_UNDERC_PIT1_33-43_BULKD_BS2","BS2","2013-09-09","2013-09-09","USDA NRCS Kellogg Soil Survey Laboratory - Lincoln - NE","I2013USMI131",38.0,33.0,43.0,1.0,"Regular",1.4875,
"d02d1d7e-cd7f-4b8c-bf6d-afb47467788d","D05","UNDE","MEGAPT101001","5_UNDERC_PIT1","5_UNDERC_PIT1_BS1","5_UNDERC_PIT1_25-30_BULKD_BS1","BS1","2013-09-09","2013-09-09","USDA NRCS Kellogg Soil Survey Laboratory - Lincoln - NE","I2013USMI131",27.5,25.0,30.0,1.0,"Regular",1.2637,"2 x 5 cm long cores"
"e7b47903-c42b-4148-a350-7ceda2b048d1","D05","UNDE","MEGAPT101001","5_UNDERC_PIT1","5_UNDERC_PIT1_BS","5_UNDERC_PIT1_8-13_BULKD_BS","Bs","2013-09-09","2013-09-09","USDA NRCS Kellogg Soil Survey Laboratory - Lincoln - NE","I2013USMI131",10.5,8.0,13.0,1.0,"Regular",1.3925,"2 x 5 cm long cores"
"39674e2b-cac6-4e94-ab0f-f9a8e2726d87","D05","UNDE","MEGAPT101001","5_UNDERC_PIT1","5_UNDERC_PIT1_3C2","5_UNDERC_PIT1_152-160_BULKD_3C2","3C2","2013-09-09","2013-09-09","USDA NRCS Kellogg Soil Survey Laboratory - Lincoln - NE","I2013USMI131",157.0,152.0,162.0,1.0,"Regular",1.6523,
"284c178c-19e3-42ea-bea1-7efd1b02f1a4","D05","UNDE","MEGAPT101001","5_UNDERC_PIT1","5_UNDERC_PIT1_E","5_UNDERC_PIT1_16-21_BULKD_E","E","2013-09-09","2013-09-09","USDA NRCS Kellogg Soil Survey Laboratory - Lincoln - NE","I2013USMI131",18.5,16.0,21.0,1.0,"Regular",1.8300,"2 x 5 cm long cores"
"cb6530be-86a7-4d19-9177-088f8711bf9f","D05","UNDE","MEGAPT101001","5_UNDERC_PIT1","5_UNDERC_PIT1_2BT2","5_UNDERC_PIT1_91-101_BULKD_2BT2","2Bt2","2013-09-09","2013-09-09","USDA NRCS Kellogg Soil Survey Laboratory - Lincoln - NE","I2013USMI131",96.0,91.0,101.0,1.0,"Regular",1.7629,
"68fe902e-0d66-461e-8793-f19a3e28924e","D05","UNDE","MEGAPT101001","5_UNDERC_PIT1","5_UNDERC_PIT1_A","5_UNDERC_PIT1_BULKD1","A","2013-09-09","2013-09-09","USDA NRCS Kellogg Soil Survey Laboratory - Lincoln - NE","I2013USMI131",2.5,0.0,5.0,1.0,"Audit",1.0168,"2 x 5 cm long cores"
