uid,domainID,siteID,pitNamedLocation,pitID,horizonID,horizonName,setDate,collectDate,horizonTopDepth,horizonBottomDepth,nrcsDescriptionID,remarks
"79c540f6-8751-47e8-aee1-a93d5131243b","D05","UNDE","MEGAPT101001","5_UNDERC_PIT1","5_UNDERC_PIT1_E/BX","E/Bx","2013-09-09","2013-09-09",48.0,57.0,"2013MI053001",
"792d6c6a-44e4-4ad6-93f0-fe553f825361","D05","UNDE","MEGAPT101001","5_UNDERC_PIT1","5_UNDERC_PIT1_2BT1","2Bt1","2013-09-09","2013-09-09",57.0,83.0,"2013MI053001",
"1b86b316-3c75-4e40-98ab-a9e1857ad179","D05","UNDE","MEGAPT101001","5_UNDERC_PIT1","5_UNDERC_PIT1_2BT2","2Bt2","2013-09-09","2013-09-09",83.0,114.0,"2013MI053001",
"96d46f01-accc-4ee9-84e6-478fbde6cd07","D05","UNDE","MEGAPT101001","5_UNDERC_PIT1","5_UNDERC_PIT1_2C1","2C1","2013-09-09","2013-09-09",114.0,147.0,"2013MI053001",
"4d3d1e7f-d6bc-4768-a383-28357182fdd4","D05","UNDE","MEGAPT101001","5_UNDERC_PIT1","5_UNDERC_PIT1_3C2","3C2","2013-09-09","2013-09-09",147.0,235.0,"2013MI053001",
"5958fd3d-cac0-4f99-ad01-01d9ecfae72a","D05","UNDE","MEGAPT101001","5_UNDERC_PIT1","5_UNDERC_PIT1_BS2","BS2","2013-09-09","2013-09-09",31.0,48.0,"2013MI053001",
"5748ba8c-c499-431f-8e3a-2e119e71814f","D05","UNDE","MEGAPT101001","5_UNDERC_PIT1","5_UNDERC_PIT1_E","E","2013-09-09","2013-09-09",15.0,23.0,"2013MI053001",
"f704b7b5-7c23-448a-9cfc-77dee591a874","D05","UNDE","MEGAPT101001","5_UNDERC_PIT1","5_UNDERC_PIT1_A","A","2013-09-09","2013-09-09",0.0,8.0,"2013MI053001",
"278f0a49-adae-4ce0-bc29-6e678cf30dc9","D05","UNDE","MEGAPT101001","5_UNDERC_PIT1","5_UNDERC_PIT1_BS","Bs","2013-09-09","2013-09-09",8.0,15.0,"2013MI053001",
"fe19f558-a286-471a-acfd-e46f701d02b5","D05","UNDE","MEGAPT101001","5_UNDERC_PIT1","5_UNDERC_PIT1_BS1","BS1","2013-09-09","2013-09-09",23.0,31.0,"2013MI053001",
