uid,domainID,siteID,plotID,namedLocation,plotType,nlcdClass,geodeticDatum,decimalLatitude,decimalLongitude,coordinateUncertainty,elevation,elevationUncertainty,collectDate,referenceCorner,sampleDistance,sampleBearing,pitID,testProtocolVersion,soilSamplingMethod,sampleRelativeLocation,pitDepth,recordedByA,soilProfileDescriberA,soilProfileDescriberInst,nrcsDescriptionID,soilSeries,soilFamily,soilSubgroup,soilGreatGroup,soilSuborder,soilOrder,remarks,dataQF
"1b44da3e-ebc6-436b-8e9f-106496fb2b1e","D08","LENO","LENO_020","LENO_020.basePlot.all","distributed","woodyWetlands","WGS84",31.824786,-88.192507,20.2,14.0,0.3,"2018-07-19","SW20",0.2,225,"1296902","Field Book for Describing and Sampling Soils ver3","soil pit","Center or pit",100,"IjCDuXQPots=","khnyfeTHrVpQyJFOJnKXAQ==","Natural Resource Conservation Service","S2018AL023020","Lenoir","Fine, mixed, semiactive, thermic Aeric Paleaquults","aeric paleaquults","paleaquults","aquults","ultisols",,
"f09de788-5379-4196-8af1-f7a7d5e7e4e0","D08","LENO","LENO_012","LENO_012.basePlot.all","distributed","woodyWetlands","WGS84",31.808120,-88.179966,20.1,11.0,0.1,"2018-07-19","SW20",0.2,225,"1296893","Field Book for Describing and Sampling Soils ver3","soil pit","Center or pit",100,"CGeKVIiqWzu45wamDzEKXA==","Th4/1R6ksr7CW42i0cY+bQ8CzC54qBCJ","Natural Resource Conservation Service","S2018AL023012","Urbo","Fine, mixed, active, acid, thermic Vertic Epiaquepts","vertic epiaquepts","epiaquepts","aquepts","inceptisols",,
"b448802f-79cf-4307-9d56-71224934ca85","D08","LENO","LENO_011","LENO_011.basePlot.all","distributed","woodyWetlands","WGS84",31.825952,-88.183042,20.1,18.4,0.2,"2018-07-20","SW20",0.2,135,"1296900","Field Book for Describing and Sampling Soils ver3","soil pit","Center or pit",100,"IjCDuXQPots=","khnyfeTHrVpQyJFOJnKXAQ==","Natural Resource Conservation Service","S2018AL023011","Mooreville","Fine-loamy, siliceous, active, thermic Fluvaquentic Dystrudepts","fluvaquentic dystrudepts","dystrudepts","udepts","inceptisols",,
"233d6525-e5f3-4b7b-836b-95f53cb225b9","D08","LENO","LENO_021","LENO_021.basePlot.all","distributed","deciduousForest","WGS84",31.834450,-88.170173,20.1,13.5,0.2,"2018-07-20","SW20",0.2,225,"1296899","Field Book for Describing and Sampling Soils ver3","soil pit","Center or pit",100,"IjCDuXQPots=","Th4/1R6ksr7CW42i0cY+bQ8CzC54qBCJ","Natural Resource Conservation Service","S2018AL023021","Mooreville","Fine-loamy, siliceous, active, thermic Fluvaquentic Dystrudepts","fluvaquentic dystrudepts","dystrudepts","udepts","inceptisols",,
"060c428b-f613-42aa-945f-201ec20e4e55","D08","LENO","LENO_029","LENO_029.basePlot.all","distributed","deciduousForest","WGS84",31.830931,-88.171035,20.1,12.7,0.1,"2018-07-21","SW20",0.2,225,"1296904","Field Book for Describing and Sampling Soils ver3","soil pit","Center or pit",100,"IjCDuXQPots=","82Rtp+bLfz8=","Natural Resource Conservation Service","S2018AL023029","Riverview","Fine-loamy, mixed, active, thermic Fluventic Dystrudepts","fluventic dystrudepts","dystrudepts","udepts","inceptisols",,
"0f26e2f6-14bf-499e-b278-be93666cdc23","D08","LENO","LENO_017","LENO_017.basePlot.all","distributed","woodyWetlands","WGS84",31.841773,-88.168348,20.4,17.2,0.5,"2018-07-22","SW20",0.2,225,"1296896","Field Book for Describing and Sampling Soils ver3","soil pit","Center or pit",100,"IjCDuXQPots=","khnyfeTHrVpQyJFOJnKXAQ==","Natural Resource Conservation Service","S2018AL023017","Mooreville","Fine-loamy, siliceous, active, thermic Fluvaquentic Dystrudepts","fluvaquentic dystrudepts","dystrudepts","udepts","inceptisols",,
"1f11292c-8182-4218-9e86-95b000694101","D08","LENO","LENO_003","LENO_003.basePlot.all","distributed","deciduousForest","WGS84",31.808316,-88.188214,20.1,9.8,0.1,"2018-07-23","SW20",0.2,225,"1182550","Field Book for Describing and Sampling Soils ver3","soil pit","Center or pit",100,"F9eZEgwRDaElc+CMsR6fArBeu9Z9muA47hTVoYm41K7UsJ3kMZ6MDSLuqCyjm16N","svqWcR0MQRaWOJ8ZBBCrWQAQazB0FH5ckaegU0sm3vY+2nGToXOHFf73unqiHi5y","Natural Resource Conservation Service","S2018AL023003","Mooreville","Fine-loamy, siliceous, active, thermic Fluvaquentic Dystrudepts","fluvaquentic dystrudepts","dystrudepts","udepts","inceptisols",,
"02522c86-5c4d-4a65-807e-d373e767c44e","D08","LENO","LENO_006","LENO_006.basePlot.all","distributed","woodyWetlands","WGS84",31.814261,-88.187361,20.1,11.0,0.1,"2018-07-23","SW20",0.2,225,"1296892","Field Book for Describing and Sampling Soils ver3","soil pit","Center or pit",100,"CGeKVIiqWzu45wamDzEKXA==","Th4/1R6ksr7CW42i0cY+bQ8CzC54qBCJ","Natural Resource Conservation Service","S2018AL023006","Urbo","Fine, mixed, active, acid, thermic Vertic Epiaquepts","vertic epiaquepts","epiaquepts","aquepts","inceptisols",,
"25bc6234-fd33-425c-b4dd-715d87d749ed","D08","LENO","LENO_002","LENO_002.basePlot.all","distributed","woodyWetlands","WGS84",31.806908,-88.193888,20.1,12.2,0.1,"2018-07-23","SW20",0.2,225,"1182549","Field Book for Describing and Sampling Soils ver3","soil pit","Center or pit",100,"F9eZEgwRDaElc+CMsR6fArBeu9Z9muA47hTVoYm41K7UsJ3kMZ6MDSLuqCyjm16N","svqWcR0MQRaWOJ8ZBBCrWQAQazB0FH5ckaegU0sm3vY+2nGToXOHFf73unqiHi5y","Natural Resource Conservation Service","S2018AL023002","Urbo","Fine, mixed, active, acid, thermic Vertic Epiaquepts","vertic epiaquepts","epiaquepts","aquepts","inceptisols",,
"e217065d-b31e-4e6f-8936-c553756b6914","D08","LENO","LENO_016","LENO_016.basePlot.all","distributed","woodyWetlands","WGS84",31.817833,-88.184532,20.1,10.4,0.2,"2018-07-23","SW20",0.2,225,"1296894","Field Book for Describing and Sampling Soils ver3","soil pit","Center or pit",100,"CGeKVIiqWzu45wamDzEKXA==","Th4/1R6ksr7CW42i0cY+bQ8CzC54qBCJ","Natural Resource Conservation Service","S2018AL023016","Urbo","Fine, mixed, active, acid, thermic Vertic Epiaquepts","vertic epiaquepts","epiaquepts","aquepts","inceptisols",,
"41c21a94-15cd-4a82-bc80-ab6669b7ddff","D08","LENO","LENO_014","LENO_014.basePlot.all","distributed","woodyWetlands","WGS84",31.810657,-88.199030,20.2,5.5,0.2,"2018-07-24","SW20",0.2,225,"1182552","Field Book for Describing and Sampling Soils ver3","soil pit","Center or pit",100,"IjCDuXQPots=","svqWcR0MQRaWOJ8ZBBCrWQAQazB0FH5ckaegU0sm3vY+2nGToXOHFf73unqiHi5y","Natural Resource Conservation Service","S2018AL023014","Urbo","Fine, mixed, active, acid, thermic Vertic Epiaquepts","vertic epiaquepts","epiaquepts","aquepts","inceptisols",,
"fba212d5-a0e7-4f48-bebb-fe669ea0c3de","D08","LENO","LENO_007","LENO_007.basePlot.all","distributed","deciduousForest","WGS84",31.812516,-88.202238,20.2,14.8,0.3,"2018-07-24","SW20",0.2,225,"1182551","Field Book for Describing and Sampling Soils ver3","soil pit","Center or pit",100,"F9eZEgwRDaElc+CMsR6fArBeu9Z9muA47hTVoYm41K7UsJ3kMZ6MDSLuqCyjm16N","F9eZEgwRDaElc+CMsR6fArBeu9Z9muA47hTVoYm41K7UsJ3kMZ6MDSLuqCyjm16N","Natural Resource Conservation Service","S2018AL023007","Una","Fine, mixed, active, acid, thermic Typic Epiaquepts","typic epiaquepts","epiaquepts","aquepts","inceptisols",,
"03365ca7-211b-4d43-aca6-6169cab1b92b","D08","LENO","LENO_009","LENO_009.basePlot.all","distributed","woodyWetlands","WGS84",31.811631,-88.181314,20.3,15.2,0.4,"2018-07-24","SW20",0.2,225,"1296898","Field Book for Describing and Sampling Soils ver3","soil pit","Center or pit",100,"CGeKVIiqWzu45wamDzEKXA==","Th4/1R6ksr7CW42i0cY+bQ8CzC54qBCJ","Natural Resource Conservation Service","S2018AL023009","Mooreville","Fine-loamy, siliceous, active, thermic Fluvaquentic Dystrudepts","fluvaquentic dystrudepts","dystrudepts","udepts","inceptisols",,
"c90d25c9-fcf4-4abb-b8e7-f6616dd6bc37","D08","LENO","LENO_027","LENO_027.basePlot.all","distributed","deciduousForest","WGS84",31.817949,-88.202252,20.2,19.1,0.6,"2018-07-25","SW20",0.2,225,"1182554","Field Book for Describing and Sampling Soils ver3","soil pit","Center or pit",100,"svqWcR0MQRaWOJ8ZBBCrWQAQazB0FH5ckaegU0sm3vY+2nGToXOHFf73unqiHi5y","svqWcR0MQRaWOJ8ZBBCrWQAQazB0FH5ckaegU0sm3vY+2nGToXOHFf73unqiHi5y","Natural Resource Conservation Service","S2018AL023027","Urbo","Fine, mixed, active, acid, thermic Vertic Epiaquepts","vertic epiaquepts","epiaquepts","aquepts","inceptisols",,
"ead91c38-89d3-49d7-8558-bcd130746381","D08","LENO","LENO_022","LENO_022.basePlot.all","distributed","deciduousForest","WGS84",31.815463,-88.204148,20.3,17.1,0.7,"2018-07-25","SW20",0.2,225,"1182553","Field Book for Describing and Sampling Soils ver3","soil pit","Center or pit",100,"svqWcR0MQRaWOJ8ZBBCrWQAQazB0FH5ckaegU0sm3vY+2nGToXOHFf73unqiHi5y","F9eZEgwRDaElc+CMsR6fArBeu9Z9muA47hTVoYm41K7UsJ3kMZ6MDSLuqCyjm16N","Natural Resource Conservation Service","S2018AL023022","Mantachie","Fine-loamy, siliceous, active, acid, thermic Fluventic Endoaquepts","fluventic endoaquepts","endoaquepts","aquepts","inceptisols",,
"b0897448-57fc-49c1-8eeb-7c76e6eb655c","D08","LENO","LENO_019","LENO_019.basePlot.all","distributed","woodyWetlands","WGS84",31.818793,-88.194691,20.3,11.6,0.5,"2018-07-25","SW20",0.2,225,"1296895","Field Book for Describing and Sampling Soils ver3","soil pit","Center or pit",100,"CGeKVIiqWzu45wamDzEKXA==","Th4/1R6ksr7CW42i0cY+bQ8CzC54qBCJ","Natural Resource Conservation Service","S2018AL023019","Urbo","Fine, mixed, active, acid, thermic Vertic Epiaquepts","vertic epiaquepts","epiaquepts","aquepts","inceptisols",,
"ae94105d-ab53-4ef3-a24a-248985662119","D08","LENO","LENO_015","LENO_015.basePlot.all","distributed","woodyWetlands","WGS84",31.815894,-88.191496,20.3,14.1,0.6,"2018-07-25","SW20",0.2,225,"1296897","Field Book for Describing and Sampling Soils ver3","soil pit","Center or pit",100,"CGeKVIiqWzu45wamDzEKXA==","Th4/1R6ksr7CW42i0cY+bQ8CzC54qBCJ","Natural Resource Conservation Service","S2018AL023015","Mooreville","Fine-loamy, siliceous, active, thermic Fluvaquentic Dystrudepts","fluvaquentic dystrudepts","dystrudepts","udepts","inceptisols",,
"f4540a99-402e-4ddb-bd19-9bf6c29ccd50","D08","LENO","LENO_023","LENO_023.basePlot.all","distributed","deciduousForest","WGS84",31.808936,-88.179975,20.2,15.1,0.2,"2018-07-25","SW20",0.2,195,"1296901","Field Book for Describing and Sampling Soils ver3","soil pit","Center or pit",100,"svqWcR0MQRaWOJ8ZBBCrWQAQazB0FH5ckaegU0sm3vY+2nGToXOHFf73unqiHi5y","Th4/1R6ksr7CW42i0cY+bQ8CzC54qBCJ","Natural Resource Conservation Service","S2018AL023023","Riverview","Fine-loamy, active, thermic Fluventic Dystrudepts","fluventic dystrudepts","dystrudepts","udepts","inceptisols",,
