uid,namedLocation,domainID,siteID,plotID,nrcsDescriptionID,collectDate,horizonID,horizonName,biogeoIDnrcs,biogeoSampleType,biogeoTopDepth,biogeoBottomDepth,biogeoCenterDepth,particleSizeDistProcessedDate,particleSizeDistMethodPub,particleSizeDistMethod,coarseFrag2To5,coarseFrag5To20,sandTotal,siltTotal,clayTotal,carbonateClay,clayFineContent,siltFineContent,siltCoarseContent,sandVeryFineContent,sandFineContent,sandMediumContent,sandCoarseContent,sandVeryCoarseContent,laboratoryName,dataQF
"ac83b651-b117-4af2-a5b1-8ed1ae0c3c46","LENO_020.basePlot.all","D08","LENO","LENO_020","S2018AL023020","2018-07-19","18N06224","Bt1","S2018AL023020-3","bulk",32.0,60.0,46.0,"2018-10-28","Kellogg Soil Survey Laboratory Methods Manual, Soil Survey Investigations Report No. 42 Version 5.0, Issued 2014","Routine Particle Size Distribution (3A1a1a)",0.0,0.0,11.7,48.6,39.7,,,27.4,21.2,10.9,0.7,0.1,0.0,0.0,"USDA NRCS Kellogg Soil Survey Laboratory",
"443fb7c7-051c-4f20-a147-c148420b355e","LENO_012.basePlot.all","D08","LENO","LENO_012","S2018AL023012","2018-07-19","18N06203","Bw","S2018AL023012-2","bulk",18.0,40.0,29.0,"2018-11-09","Kellogg Soil Survey Laboratory Methods Manual, Soil Survey Investigations Report No. 42 Version 5.0, Issued 2014","Routine Particle Size Distribution (3A1a1a)",0.0,0.0,19.9,42.6,37.5,,,24.0,18.6,16.7,2.9,0.2,0.1,0.0,"USDA NRCS Kellogg Soil Survey Laboratory",
"90660d20-45bb-49bc-9813-fab90c81b558","LENO_012.basePlot.all","D08","LENO","LENO_012","S2018AL023012","2018-07-19","18N06202","A","S2018AL023012-1","bulk",0.0,18.0,9.0,"2018-11-09","Kellogg Soil Survey Laboratory Methods Manual, Soil Survey Investigations Report No. 42 Version 5.0, Issued 2014","Routine Particle Size Distribution (3A1a1a)",0.0,0.0,10.8,46.6,42.6,,,26.6,20.0,9.3,1.2,0.3,0.0,0.0,"USDA NRCS Kellogg Soil Survey Laboratory",
"4541145e-b73a-424c-8fbe-919576bc6dff","LENO_012.basePlot.all","D08","LENO","LENO_012","S2018AL023012","2018-07-19","18N06204","Bg","S2018AL023012-3","bulk",40.0,100.0,70.0,"2018-11-09","Kellogg Soil Survey Laboratory Methods Manual, Soil Survey Investigations Report No. 42 Version 5.0, Issued 2014","Routine Particle Size Distribution (3A1a1a)",0.0,0.0,12.5,44.7,42.8,,,25.2,19.5,11.1,1.3,0.1,0.0,0.0,"USDA NRCS Kellogg Soil Survey Laboratory",
"6b4dd20b-3747-487f-9ad0-36fcddee9a5a","LENO_020.basePlot.all","D08","LENO","LENO_020","S2018AL023020","2018-07-19","18N06226","Bt3","S2018AL023020-5","bulk",75.0,100.0,87.5,"2018-10-28","Kellogg Soil Survey Laboratory Methods Manual, Soil Survey Investigations Report No. 42 Version 5.0, Issued 2014","Routine Particle Size Distribution (3A1a1a)",0.0,0.0,4.6,50.7,44.7,,,31.7,19.0,3.5,0.8,0.2,0.1,0.0,"USDA NRCS Kellogg Soil Survey Laboratory",
"256d474d-598e-4f25-9894-da1c0125adf1","LENO_020.basePlot.all","D08","LENO","LENO_020","S2018AL023020","2018-07-19","18N06223","Bw","S2018AL023020-2","bulk",12.0,32.0,22.0,"2018-10-28","Kellogg Soil Survey Laboratory Methods Manual, Soil Survey Investigations Report No. 42 Version 5.0, Issued 2014","Routine Particle Size Distribution (3A1a1a)",0.0,0.0,22.1,47.9,30.0,,,21.1,26.8,21.4,0.6,0.1,0.0,0.0,"USDA NRCS Kellogg Soil Survey Laboratory",
"65827d14-b04e-4a9d-b758-af1dbb2e4b6d","LENO_020.basePlot.all","D08","LENO","LENO_020","S2018AL023020","2018-07-19","18N06222","A","S2018AL023020-1","bulk",0.0,12.0,6.0,"2018-10-28","Kellogg Soil Survey Laboratory Methods Manual, Soil Survey Investigations Report No. 42 Version 5.0, Issued 2014","Routine Particle Size Distribution (3A1a1a)",0.0,0.0,18.1,48.6,33.3,,,24.7,23.9,16.5,1.2,0.3,0.1,0.0,"USDA NRCS Kellogg Soil Survey Laboratory",
"6231abaa-4560-49fd-a915-1876a119e01c","LENO_020.basePlot.all","D08","LENO","LENO_020","S2018AL023020","2018-07-19","18N06225","Bt2","S2018AL023020-4","bulk",60.0,75.0,67.5,"2018-10-28","Kellogg Soil Survey Laboratory Methods Manual, Soil Survey Investigations Report No. 42 Version 5.0, Issued 2014","Routine Particle Size Distribution (3A1a1a)",0.0,0.0,10.1,45.6,44.3,,,27.5,18.1,8.5,1.4,0.1,0.1,0.0,"USDA NRCS Kellogg Soil Survey Laboratory",
"46ea1be7-c2a4-4581-a7b0-aa309ae8a878","LENO_021.basePlot.all","D08","LENO","LENO_021","S2018AL023021","2018-07-20","18N06230","Bg","S2018AL023021-4","bulk",68.0,100.0,84.0,"2018-10-28","Kellogg Soil Survey Laboratory Methods Manual, Soil Survey Investigations Report No. 42 Version 5.0, Issued 2014","Routine Particle Size Distribution (3A1a1a)",0.0,0.0,27.9,42.3,29.8,,,19.7,22.6,24.6,3.3,0.0,0.0,0.0,"USDA NRCS Kellogg Soil Survey Laboratory",
"e30492ae-47c2-4262-9924-01ac7a6ad232","LENO_011.basePlot.all","D08","LENO","LENO_011","S2018AL023011","2018-07-20","18N06198","A","S2018AL023011-1","bulk",0.0,5.0,2.5,"2018-11-09","Kellogg Soil Survey Laboratory Methods Manual, Soil Survey Investigations Report No. 42 Version 5.0, Issued 2014","Routine Particle Size Distribution (3A1a1a)",0.0,0.0,12.4,53.4,34.2,,,32.0,21.4,11.5,0.7,0.1,0.1,0.0,"USDA NRCS Kellogg Soil Survey Laboratory",
"7ab7f623-4c8b-44ac-93f1-ebc1e17e4ab9","LENO_011.basePlot.all","D08","LENO","LENO_011","S2018AL023011","2018-07-20","18N06201","Bw3","S2018AL023011-4","bulk",64.0,100.0,82.0,"2018-11-09","Kellogg Soil Survey Laboratory Methods Manual, Soil Survey Investigations Report No. 42 Version 5.0, Issued 2014","Routine Particle Size Distribution (3A1a1a)",0.0,0.0,5.8,51.6,42.6,,,30.9,20.7,5.1,0.6,0.1,0.0,0.0,"USDA NRCS Kellogg Soil Survey Laboratory",
"95346e26-8e5e-49f2-a5db-6dcbe05c7d2c","LENO_011.basePlot.all","D08","LENO","LENO_011","S2018AL023011","2018-07-20","18N06199","Bw1","S2018AL023011-2","bulk",5.0,16.0,10.5,"2018-11-09","Kellogg Soil Survey Laboratory Methods Manual, Soil Survey Investigations Report No. 42 Version 5.0, Issued 2014","Routine Particle Size Distribution (3A1a1a)",0.0,0.0,9.1,48.3,42.6,,,31.0,17.3,8.5,0.4,0.1,0.0,0.1,"USDA NRCS Kellogg Soil Survey Laboratory",
"c1590e30-a8a9-4c3d-a6a8-8e374df827ba","LENO_021.basePlot.all","D08","LENO","LENO_021","S2018AL023021","2018-07-20","18N06228","Bw1","S2018AL023021-2","bulk",9.0,26.0,17.5,"2018-10-28","Kellogg Soil Survey Laboratory Methods Manual, Soil Survey Investigations Report No. 42 Version 5.0, Issued 2014","Routine Particle Size Distribution (3A1a1a)",0.0,0.0,20.8,44.5,34.7,,,26.7,17.8,17.2,3.4,0.1,0.1,0.0,"USDA NRCS Kellogg Soil Survey Laboratory",
"670eb621-9f90-4940-b258-990d2237e925","LENO_021.basePlot.all","D08","LENO","LENO_021","S2018AL023021","2018-07-20","18N06229","Bw2","S2018AL023021-3","bulk",26.0,68.0,47.0,"2018-10-28","Kellogg Soil Survey Laboratory Methods Manual, Soil Survey Investigations Report No. 42 Version 5.0, Issued 2014","Routine Particle Size Distribution (3A1a1a)",0.0,0.0,34.3,37.3,28.4,,,21.3,16.0,18.7,15.4,0.2,0.0,0.0,"USDA NRCS Kellogg Soil Survey Laboratory",
"a02f024f-de8d-465f-8d3d-fb9e451ce630","LENO_011.basePlot.all","D08","LENO","LENO_011","S2018AL023011","2018-07-20","18N06200","Bw2","S2018AL023011-3","bulk",16.0,64.0,40.0,"2018-11-09","Kellogg Soil Survey Laboratory Methods Manual, Soil Survey Investigations Report No. 42 Version 5.0, Issued 2014","Routine Particle Size Distribution (3A1a1a)",0.0,0.0,16.3,48.9,34.8,,,26.8,22.1,14.4,1.7,0.1,0.1,0.0,"USDA NRCS Kellogg Soil Survey Laboratory",
"1cb2b043-8cc6-4a2c-a466-5defbf7d88a6","LENO_021.basePlot.all","D08","LENO","LENO_021","S2018AL023021","2018-07-20","18N06227","A","S2018AL023021-1","bulk",0.0,9.0,4.5,"2018-10-28","Kellogg Soil Survey Laboratory Methods Manual, Soil Survey Investigations Report No. 42 Version 5.0, Issued 2014","Routine Particle Size Distribution (3A1a1a)",0.0,0.0,19.3,45.2,35.5,,,24.9,20.3,17.1,1.8,0.3,0.1,0.0,"USDA NRCS Kellogg Soil Survey Laboratory",
"4b24e18c-c203-4dcc-88e5-41347b16cf86","LENO_029.basePlot.all","D08","LENO","LENO_029","S2018AL023029","2018-07-21","18N06243","Bw","S2018AL023029-2","bulk",34.0,81.0,57.5,"2018-11-04","Kellogg Soil Survey Laboratory Methods Manual, Soil Survey Investigations Report No. 42 Version 5.0, Issued 2014","Routine Particle Size Distribution (3A1a1a)",0.0,0.0,23.9,48.0,28.1,,,21.2,26.8,22.0,1.8,0.1,0.0,0.0,"USDA NRCS Kellogg Soil Survey Laboratory",
"76a8ef35-f3ec-45fc-b450-1bf4c795c06d","LENO_029.basePlot.all","D08","LENO","LENO_029","S2018AL023029","2018-07-21","18N06244","C","S2018AL023029-3","bulk",81.0,100.0,90.5,"2018-11-04","Kellogg Soil Survey Laboratory Methods Manual, Soil Survey Investigations Report No. 42 Version 5.0, Issued 2014","Routine Particle Size Distribution (3A1a1a)",0.0,0.0,29.8,43.8,26.4,,,18.6,25.2,26.7,2.9,0.1,0.1,0.0,"USDA NRCS Kellogg Soil Survey Laboratory",
"a2abd6c3-49dc-44e6-bf4c-820259eccfbc","LENO_029.basePlot.all","D08","LENO","LENO_029","S2018AL023029","2018-07-21","18N06242","A","S2018AL023029-1","bulk",0.0,34.0,17.0,"2018-11-04","Kellogg Soil Survey Laboratory Methods Manual, Soil Survey Investigations Report No. 42 Version 5.0, Issued 2014","Routine Particle Size Distribution (3A1a1a)",0.0,0.0,49.6,34.6,15.8,,,12.6,22.0,36.2,13.2,0.2,0.0,0.0,"USDA NRCS Kellogg Soil Survey Laboratory",
"94f4f1e6-1115-450f-a097-8d0a559a4a60","LENO_017.basePlot.all","D08","LENO","LENO_017","S2018AL023017","2018-07-22","18N06218","Bgb","S2018AL023017-4","bulk",69.0,100.0,84.5,"2018-11-09","Kellogg Soil Survey Laboratory Methods Manual, Soil Survey Investigations Report No. 42 Version 5.0, Issued 2014","Routine Particle Size Distribution (3A1a1a)",0.0,0.0,49.5,26.3,24.2,,,13.3,13.0,21.2,28.1,0.2,0.0,0.0,"USDA NRCS Kellogg Soil Survey Laboratory",
"aba3c39b-3cb1-4364-81c6-0f3e3cd8635a","LENO_017.basePlot.all","D08","LENO","LENO_017","S2018AL023017","2018-07-22","18N06216","Bw","S2018AL023017-2","bulk",23.0,46.0,34.5,"2018-11-09","Kellogg Soil Survey Laboratory Methods Manual, Soil Survey Investigations Report No. 42 Version 5.0, Issued 2014","Routine Particle Size Distribution (3A1a1a)",0.0,0.0,51.1,26.6,22.3,,,13.9,12.7,17.0,29.1,5.0,0.0,0.0,"USDA NRCS Kellogg Soil Survey Laboratory",
"949eca28-9ff5-4127-af8b-22e43371edbf","LENO_017.basePlot.all","D08","LENO","LENO_017","S2018AL023017","2018-07-22","18N06217","Ab","S2018AL023017-3","bulk",46.0,69.0,57.5,"2018-11-09","Kellogg Soil Survey Laboratory Methods Manual, Soil Survey Investigations Report No. 42 Version 5.0, Issued 2014","Routine Particle Size Distribution (3A1a1a)",0.0,0.0,40.5,31.9,27.6,,,15.7,16.2,19.2,20.7,0.6,0.0,0.0,"USDA NRCS Kellogg Soil Survey Laboratory",
"c128ccd5-5aa5-4b39-8c6c-d0a45c6a38c8","LENO_017.basePlot.all","D08","LENO","LENO_017","S2018AL023017","2018-07-22","18N06215","A","S2018AL023017-1","bulk",0.0,23.0,11.5,"2018-11-09","Kellogg Soil Survey Laboratory Methods Manual, Soil Survey Investigations Report No. 42 Version 5.0, Issued 2014","Routine Particle Size Distribution (3A1a1a)",0.0,0.0,24.7,29.5,45.8,,,14.9,14.6,4.9,17.1,2.4,0.3,0.0,"USDA NRCS Kellogg Soil Survey Laboratory",
"d92230d1-840a-4942-add2-18bbe7754898","LENO_003.basePlot.all","D08","LENO","LENO_003","S2018AL023003","2018-07-23","18N06185","Bw1","S2018AL023003-2","bulk",12.0,48.0,30.0,"2018-11-09","Kellogg Soil Survey Laboratory Methods Manual, Soil Survey Investigations Report No. 42 Version 5.0, Issued 2014","Routine Particle Size Distribution (3A1a1a)",0.0,0.0,6.3,28.8,64.9,,,25.5,3.3,2.1,2.6,1.4,0.0,0.2,"USDA NRCS Kellogg Soil Survey Laboratory",
"070263aa-466e-484f-a095-4718ff96538b","LENO_002.basePlot.all","D08","LENO","LENO_002","S2018AL023002","2018-07-23","18N06181","Bw","S2018AL023002-2","bulk",16.0,37.0,26.5,"2018-10-27","Kellogg Soil Survey Laboratory Methods Manual, Soil Survey Investigations Report No. 42 Version 5.0, Issued 2014","Routine Particle Size Distribution (3A1a1a)",0.0,0.0,7.4,22.1,70.5,,,21.9,0.2,3.4,2.3,1.0,0.4,0.3,"USDA NRCS Kellogg Soil Survey Laboratory",
"5bb194ff-1c08-4bfb-85d8-93fa65617d91","LENO_006.basePlot.all","D08","LENO","LENO_006","S2018AL023006","2018-07-23","18N06188","A","S2018AL023006-1","bulk",0.0,28.0,14.0,"2018-11-09","Kellogg Soil Survey Laboratory Methods Manual, Soil Survey Investigations Report No. 42 Version 5.0, Issued 2014","Routine Particle Size Distribution (3A1a1a)",0.0,0.0,3.6,40.6,55.8,,,35.3,5.3,1.9,1.1,0.4,0.1,0.1,"USDA NRCS Kellogg Soil Survey Laboratory",
"2dd793df-f259-44f1-bff6-f69c7fdc63af","LENO_003.basePlot.all","D08","LENO","LENO_003","S2018AL023003","2018-07-23","18N06186","Bw2","S2018AL023003-3","bulk",48.0,82.0,65.0,"2018-11-09","Kellogg Soil Survey Laboratory Methods Manual, Soil Survey Investigations Report No. 42 Version 5.0, Issued 2014","Routine Particle Size Distribution (3A1a1a)",0.0,0.0,9.4,25.2,65.4,,,24.1,1.1,2.2,3.1,1.6,2.1,0.4,"USDA NRCS Kellogg Soil Survey Laboratory",
"c636a63b-4182-4072-82aa-b4b51d30f1af","LENO_016.basePlot.all","D08","LENO","LENO_016","S2018AL023016","2018-07-23","18N06213","Bg2","S2018AL023016-3","bulk",34.0,65.0,49.5,"2018-11-09","Kellogg Soil Survey Laboratory Methods Manual, Soil Survey Investigations Report No. 42 Version 5.0, Issued 2014","Routine Particle Size Distribution (3A1a1a)",0.0,0.0,1.7,48.5,49.8,,,33.8,14.7,1.2,0.5,0.0,0.0,0.0,"USDA NRCS Kellogg Soil Survey Laboratory",
"4f718053-bb6a-4193-8334-5f5b0a74a878","LENO_016.basePlot.all","D08","LENO","LENO_016","S2018AL023016","2018-07-23","18N06211","A","S2018AL023016-1","bulk",0.0,16.0,8.0,"2018-11-09","Kellogg Soil Survey Laboratory Methods Manual, Soil Survey Investigations Report No. 42 Version 5.0, Issued 2014","Routine Particle Size Distribution (3A1a1a)",0.0,0.0,10.3,49.5,40.2,,,29.3,20.2,9.4,0.6,0.2,0.1,0.0,"USDA NRCS Kellogg Soil Survey Laboratory",
"ba1ab045-9c09-4e43-a93b-4dc5bd9ef1c1","LENO_006.basePlot.all","D08","LENO","LENO_006","S2018AL023006","2018-07-23","18N06190","Bg","S2018AL023006-3","bulk",50.0,100.0,75.0,"2018-11-09","Kellogg Soil Survey Laboratory Methods Manual, Soil Survey Investigations Report No. 42 Version 5.0, Issued 2014","Routine Particle Size Distribution (3A1a1a)",0.0,0.0,4.8,44.9,50.3,,,34.5,10.4,1.5,1.1,0.9,0.8,0.5,"USDA NRCS Kellogg Soil Survey Laboratory",
"1bacffda-87b5-4f1c-8daf-7413e2990dc1","LENO_003.basePlot.all","D08","LENO","LENO_003","S2018AL023003","2018-07-23","18N06187","Bss","S2018AL023003-4","bulk",82.0,100.0,91.0,"2018-11-09","Kellogg Soil Survey Laboratory Methods Manual, Soil Survey Investigations Report No. 42 Version 5.0, Issued 2014","Routine Particle Size Distribution (3A1a1a)",0.0,0.0,19.0,22.3,58.7,,,21.4,0.9,2.8,4.2,5.8,5.3,0.9,"USDA NRCS Kellogg Soil Survey Laboratory",
"8c10092e-92b9-4716-b2c3-05e44df53d98","LENO_002.basePlot.all","D08","LENO","LENO_002","S2018AL023002","2018-07-23","18N06180","A","S2018AL023002-1","bulk",0.0,16.0,8.0,"2018-10-27","Kellogg Soil Survey Laboratory Methods Manual, Soil Survey Investigations Report No. 42 Version 5.0, Issued 2014","Routine Particle Size Distribution (3A1a1a)",0.0,0.0,7.4,28.6,64.0,,,28.4,0.2,2.5,3.8,0.5,0.4,0.2,"USDA NRCS Kellogg Soil Survey Laboratory",
"af935fc8-c18d-45e2-b180-7e02a4533018","LENO_003.basePlot.all","D08","LENO","LENO_003","S2018AL023003","2018-07-23","18N06184","A","S2018AL023003-1","bulk",0.0,12.0,6.0,"2018-10-27","Kellogg Soil Survey Laboratory Methods Manual, Soil Survey Investigations Report No. 42 Version 5.0, Issued 2014","Routine Particle Size Distribution (3A1a1a)",0.0,0.0,2.7,38.1,59.2,,,38.1,0.0,0.9,1.2,0.2,0.3,0.1,"USDA NRCS Kellogg Soil Survey Laboratory",
"146e631c-934b-4216-b16e-38be14f80380","LENO_016.basePlot.all","D08","LENO","LENO_016","S2018AL023016","2018-07-23","18N06212","Bg1","S2018AL023016-2","bulk",16.0,34.0,25.0,"2018-11-09","Kellogg Soil Survey Laboratory Methods Manual, Soil Survey Investigations Report No. 42 Version 5.0, Issued 2014","Routine Particle Size Distribution (3A1a1a)",0.0,0.0,7.2,49.3,43.5,,,30.9,18.4,4.7,1.4,0.9,0.2,0.0,"USDA NRCS Kellogg Soil Survey Laboratory",
"7caa151e-610d-4d8a-9630-70813ecac94c","LENO_006.basePlot.all","D08","LENO","LENO_006","S2018AL023006","2018-07-23","18N06189","Bw","S2018AL023006-2","bulk",28.0,50.0,39.0,"2018-11-09","Kellogg Soil Survey Laboratory Methods Manual, Soil Survey Investigations Report No. 42 Version 5.0, Issued 2014","Routine Particle Size Distribution (3A1a1a)",0.0,0.0,3.5,41.1,55.4,,,34.8,6.3,1.4,1.0,0.4,0.5,0.2,"USDA NRCS Kellogg Soil Survey Laboratory",
"79cea276-22cb-4058-843c-d7b9b3ad10d2","LENO_016.basePlot.all","D08","LENO","LENO_016","S2018AL023016","2018-07-23","18N06214","Bg3","S2018AL023016-4","bulk",65.0,100.0,82.5,"2018-11-09","Kellogg Soil Survey Laboratory Methods Manual, Soil Survey Investigations Report No. 42 Version 5.0, Issued 2014","Routine Particle Size Distribution (3A1a1a)",0.0,0.0,3.7,47.0,49.3,,,34.3,12.7,2.7,0.7,0.3,0.0,0.0,"USDA NRCS Kellogg Soil Survey Laboratory",
"aa9a616f-5829-4fe8-a622-5d33f09059a0","LENO_002.basePlot.all","D08","LENO","LENO_002","S2018AL023002","2018-07-23","18N06183","Bssg","S2018AL023002-4","bulk",55.0,100.0,77.5,"2018-10-27","Kellogg Soil Survey Laboratory Methods Manual, Soil Survey Investigations Report No. 42 Version 5.0, Issued 2014","Routine Particle Size Distribution (3A1a1a)",0.0,0.0,10.4,21.6,68.0,,,20.5,1.1,3.2,3.9,2.2,0.9,0.2,"USDA NRCS Kellogg Soil Survey Laboratory",
"3bb1466c-14a2-4602-901c-fdae87492c56","LENO_002.basePlot.all","D08","LENO","LENO_002","S2018AL023002","2018-07-23","18N06182","Bg","S2018AL023002-3","bulk",37.0,55.0,46.0,"2018-10-27","Kellogg Soil Survey Laboratory Methods Manual, Soil Survey Investigations Report No. 42 Version 5.0, Issued 2014","Routine Particle Size Distribution (3A1a1a)",0.0,0.0,8.2,19.5,72.3,,,19.4,0.1,3.0,2.7,1.6,0.7,0.2,"USDA NRCS Kellogg Soil Survey Laboratory",
"4d84b877-3454-46ff-96eb-d8f5bcfb23e7","LENO_007.basePlot.all","D08","LENO","LENO_007","S2018AL023007","2018-07-24","18N06192","Bg1","S2018AL023007-2","bulk",9.0,48.0,28.5,"2018-11-09","Kellogg Soil Survey Laboratory Methods Manual, Soil Survey Investigations Report No. 42 Version 5.0, Issued 2014","Routine Particle Size Distribution (3A1a1a)",0.0,0.0,57.8,11.1,31.1,,,9.0,2.1,11.6,40.1,5.3,0.7,0.1,"USDA NRCS Kellogg Soil Survey Laboratory",
"8318d949-f817-4455-b16c-c78723c6b184","LENO_009.basePlot.all","D08","LENO","LENO_009","S2018AL023009","2018-07-24","18N06195","Bw","S2018AL023009-2","bulk",17.0,31.0,24.0,"2018-11-09","Kellogg Soil Survey Laboratory Methods Manual, Soil Survey Investigations Report No. 42 Version 5.0, Issued 2014","Routine Particle Size Distribution (3A1a1a)",0.0,0.0,32.3,35.9,31.8,,,19.3,16.6,28.0,4.1,0.2,0.0,0.0,"USDA NRCS Kellogg Soil Survey Laboratory",
"6cb1133e-bad5-4134-b4d2-1010cc582cfc","LENO_014.basePlot.all","D08","LENO","LENO_014","S2018AL023014","2018-07-24","18N06207","Bg","S2018AL023014-3","bulk",48.0,100.0,74.0,"2018-11-09","Kellogg Soil Survey Laboratory Methods Manual, Soil Survey Investigations Report No. 42 Version 5.0, Issued 2014","Routine Particle Size Distribution (3A1a1a)",0.7,0.3,17.9,16.7,65.4,,,15.3,1.4,2.9,4.9,4.4,4.6,1.1,"USDA NRCS Kellogg Soil Survey Laboratory",
"a9a4b96f-e781-424e-be8c-aacaee121512","LENO_014.basePlot.all","D08","LENO","LENO_014","S2018AL023014","2018-07-24","18N06205","A","S2018AL023014-1","bulk",0.0,13.0,6.5,"2018-11-09","Kellogg Soil Survey Laboratory Methods Manual, Soil Survey Investigations Report No. 42 Version 5.0, Issued 2014","Routine Particle Size Distribution (3A1a1a)",0.0,0.0,11.2,25.5,63.3,,,24.3,1.2,3.0,3.0,1.2,2.9,1.1,"USDA NRCS Kellogg Soil Survey Laboratory",
"6defe6fd-d1f5-40c6-8fd8-e11061f9514a","LENO_009.basePlot.all","D08","LENO","LENO_009","S2018AL023009","2018-07-24","18N06196","Bg1","S2018AL023009-3","bulk",31.0,59.0,45.0,"2018-11-09","Kellogg Soil Survey Laboratory Methods Manual, Soil Survey Investigations Report No. 42 Version 5.0, Issued 2014","Routine Particle Size Distribution (3A1a1a)",0.0,0.0,26.6,40.5,32.9,,,21.4,19.1,17.9,8.5,0.2,0.0,0.0,"USDA NRCS Kellogg Soil Survey Laboratory",
"1401e983-bc6f-46c8-9a1f-2ccbdec6bba3","LENO_009.basePlot.all","D08","LENO","LENO_009","S2018AL023009","2018-07-24","18N06197","Bg2","S2018AL023009-4","bulk",59.0,100.0,79.5,"2018-11-09","Kellogg Soil Survey Laboratory Methods Manual, Soil Survey Investigations Report No. 42 Version 5.0, Issued 2014","Routine Particle Size Distribution (3A1a1a)",0.0,0.0,7.5,47.6,44.9,,,29.8,17.8,6.4,0.9,0.2,0.0,0.0,"USDA NRCS Kellogg Soil Survey Laboratory",
"43e2b0ce-8c2b-4b50-ab87-85fbf426431a","LENO_014.basePlot.all","D08","LENO","LENO_014","S2018AL023014","2018-07-24","18N06206","Bw","S2018AL023014-2","bulk",13.0,48.0,30.5,"2018-11-09","Kellogg Soil Survey Laboratory Methods Manual, Soil Survey Investigations Report No. 42 Version 5.0, Issued 2014","Routine Particle Size Distribution (3A1a1a)",0.0,0.0,18.0,20.0,62.0,,,18.8,1.2,2.4,4.1,4.9,5.6,1.0,"USDA NRCS Kellogg Soil Survey Laboratory",
"5a0dde5d-3c92-41d8-aee4-9e6832452d47","LENO_007.basePlot.all","D08","LENO","LENO_007","S2018AL023007","2018-07-24","18N06191","A","S2018AL023007-1","bulk",0.0,9.0,4.5,"2018-11-09","Kellogg Soil Survey Laboratory Methods Manual, Soil Survey Investigations Report No. 42 Version 5.0, Issued 2014","Routine Particle Size Distribution (3A1a1a)",0.0,0.0,29.8,31.4,38.8,,,27.3,4.1,18.6,9.2,1.8,0.1,0.1,"USDA NRCS Kellogg Soil Survey Laboratory",
"a1995a51-8655-47ee-9277-d4150bfeb7c7","LENO_007.basePlot.all","D08","LENO","LENO_007","S2018AL023007","2018-07-24","18N06193","Bg2","S2018AL023007-3","bulk",48.0,100.0,74.0,"2018-11-09","Kellogg Soil Survey Laboratory Methods Manual, Soil Survey Investigations Report No. 42 Version 5.0, Issued 2014","Routine Particle Size Distribution (3A1a1a)",0.0,0.0,56.9,11.6,31.5,,,8.1,3.5,14.7,38.0,3.6,0.6,0.0,"USDA NRCS Kellogg Soil Survey Laboratory",
"f1261fe1-fdf0-45ab-9391-e71a239a0390","LENO_009.basePlot.all","D08","LENO","LENO_009","S2018AL023009","2018-07-24","18N06194","A","S2018AL023009-1","bulk",0.0,17.0,8.5,"2018-11-09","Kellogg Soil Survey Laboratory Methods Manual, Soil Survey Investigations Report No. 42 Version 5.0, Issued 2014","Routine Particle Size Distribution (3A1a1a)",0.0,0.0,44.6,31.9,23.5,,,13.2,18.7,37.3,6.7,0.5,0.1,0.0,"USDA NRCS Kellogg Soil Survey Laboratory",
"88e76ed4-7fe2-4b53-a1b4-0f32a1c6fd80","LENO_023.basePlot.all","D08","LENO","LENO_023","S2018AL023023","2018-07-25","18N06236","Ab","S2018AL023023-3","bulk",27.0,52.0,39.5,"2018-11-04","Kellogg Soil Survey Laboratory Methods Manual, Soil Survey Investigations Report No. 42 Version 5.0, Issued 2014","Routine Particle Size Distribution (3A1a1a)",0.0,0.0,22.6,43.7,33.7,,,21.2,22.5,19.7,2.9,0.0,0.0,0.0,"USDA NRCS Kellogg Soil Survey Laboratory",
"d5889875-9f92-46ae-934f-b77978f55140","LENO_019.basePlot.all","D08","LENO","LENO_019","S2018AL023019","2018-07-25","18N06221","Bg","S2018AL023019-3","bulk",38.0,100.0,69.0,"2018-10-28","Kellogg Soil Survey Laboratory Methods Manual, Soil Survey Investigations Report No. 42 Version 5.0, Issued 2014","Routine Particle Size Distribution (3A1a1a)",0.0,0.0,10.0,37.9,52.1,,,28.0,9.9,3.8,4.5,1.0,0.5,0.2,"USDA NRCS Kellogg Soil Survey Laboratory",
"33cc3103-030a-45e7-b57c-eaaefddb29c4","LENO_027.basePlot.all","D08","LENO","LENO_027","S2018AL023027","2018-07-25","18N06241","Bssg","S2018AL023027-4","bulk",76.0,100.0,88.0,"2018-11-04","Kellogg Soil Survey Laboratory Methods Manual, Soil Survey Investigations Report No. 42 Version 5.0, Issued 2014","Routine Particle Size Distribution (3A1a1a)",0.0,0.0,7.2,18.4,74.4,,,15.6,2.8,2.8,3.8,0.6,0.0,0.0,"USDA NRCS Kellogg Soil Survey Laboratory",
"801c537d-4a70-42f8-ad01-3f8a22a67255","LENO_023.basePlot.all","D08","LENO","LENO_023","S2018AL023023","2018-07-25","18N06235","Bw","S2018AL023023-2","bulk",10.0,27.0,18.5,"2018-11-04","Kellogg Soil Survey Laboratory Methods Manual, Soil Survey Investigations Report No. 42 Version 5.0, Issued 2014","Routine Particle Size Distribution (3A1a1a)",0.0,0.0,40.3,36.3,23.4,,,17.0,19.3,26.4,13.6,0.2,0.1,0.0,"USDA NRCS Kellogg Soil Survey Laboratory",
"67ef0540-72a4-4dd7-8d12-318fcf7b3ecf","LENO_019.basePlot.all","D08","LENO","LENO_019","S2018AL023019","2018-07-25","18N06220","Bw","S2018AL023019-2","bulk",17.0,38.0,27.5,"2018-10-28","Kellogg Soil Survey Laboratory Methods Manual, Soil Survey Investigations Report No. 42 Version 5.0, Issued 2014","Routine Particle Size Distribution (3A1a1a)",0.0,0.0,7.7,45.8,46.5,,,31.1,14.7,5.5,1.5,0.4,0.2,0.1,"USDA NRCS Kellogg Soil Survey Laboratory",
"f14700a5-9b08-4975-a61b-5f4d9d5d3edb","LENO_015.basePlot.all","D08","LENO","LENO_015","S2018AL023015","2018-07-25","18N06208","A","S2018AL023015-1","bulk",0.0,18.0,9.0,"2018-11-09","Kellogg Soil Survey Laboratory Methods Manual, Soil Survey Investigations Report No. 42 Version 5.0, Issued 2014","Routine Particle Size Distribution (3A1a1a)",0.0,0.0,2.1,39.6,58.3,,,36.9,2.7,1.0,0.6,0.2,0.1,0.2,"USDA NRCS Kellogg Soil Survey Laboratory",
"6df65c54-8278-4db8-a1f1-c771666b005e","LENO_027.basePlot.all","D08","LENO","LENO_027","S2018AL023027","2018-07-25","18N06238","A","S2018AL023027-1","bulk",0.0,13.0,6.5,"2018-11-04","Kellogg Soil Survey Laboratory Methods Manual, Soil Survey Investigations Report No. 42 Version 5.0, Issued 2014","Routine Particle Size Distribution (3A1a1a)",0.0,0.0,3.3,30.9,65.8,,,27.6,3.3,1.9,0.9,0.3,0.1,0.1,"USDA NRCS Kellogg Soil Survey Laboratory",
"93648351-5dfc-47c8-b829-d6e1b57ceb8c","LENO_015.basePlot.all","D08","LENO","LENO_015","S2018AL023015","2018-07-25","18N06209","Bw1","S2018AL023015-2","bulk",18.0,47.0,32.5,"2018-11-09","Kellogg Soil Survey Laboratory Methods Manual, Soil Survey Investigations Report No. 42 Version 5.0, Issued 2014","Routine Particle Size Distribution (3A1a1a)",0.0,0.0,5.0,31.4,63.6,,,29.3,2.1,3.2,1.3,0.2,0.3,0.0,"USDA NRCS Kellogg Soil Survey Laboratory",
"eb3627e9-6cf6-4293-b9dc-094807223dd2","LENO_027.basePlot.all","D08","LENO","LENO_027","S2018AL023027","2018-07-25","18N06239","Bw","S2018AL023027-2","bulk",13.0,42.0,27.5,"2018-11-04","Kellogg Soil Survey Laboratory Methods Manual, Soil Survey Investigations Report No. 42 Version 5.0, Issued 2014","Routine Particle Size Distribution (3A1a1a)",0.0,0.0,7.2,25.0,67.8,,,21.8,3.2,2.7,3.3,1.1,0.1,0.0,"USDA NRCS Kellogg Soil Survey Laboratory",
"6676b044-5777-403d-a338-3198ca7480a7","LENO_023.basePlot.all","D08","LENO","LENO_023","S2018AL023023","2018-07-25","18N06234","A","S2018AL023023-1","bulk",0.0,10.0,5.0,"2018-11-04","Kellogg Soil Survey Laboratory Methods Manual, Soil Survey Investigations Report No. 42 Version 5.0, Issued 2014","Routine Particle Size Distribution (3A1a1a)",0.0,0.0,14.3,49.2,36.5,,,27.9,21.3,11.2,2.7,0.2,0.1,0.1,"USDA NRCS Kellogg Soil Survey Laboratory",
"a55428ed-c373-4ac6-b290-f0155e8f1769","LENO_027.basePlot.all","D08","LENO","LENO_027","S2018AL023027","2018-07-25","18N06240","Bg","S2018AL023027-3","bulk",42.0,76.0,59.0,"2018-11-04","Kellogg Soil Survey Laboratory Methods Manual, Soil Survey Investigations Report No. 42 Version 5.0, Issued 2014","Routine Particle Size Distribution (3A1a1a)",0.0,0.0,5.6,18.7,75.7,,,16.5,2.2,2.1,3.2,0.1,0.2,0.0,"USDA NRCS Kellogg Soil Survey Laboratory",
"dcce53e8-7a1d-4049-ad83-ab49b5f07f1a","LENO_022.basePlot.all","D08","LENO","LENO_022","S2018AL023022","2018-07-25","18N06233","Bg","S2018AL023022-3","bulk",42.0,100.0,71.0,"2018-11-04","Kellogg Soil Survey Laboratory Methods Manual, Soil Survey Investigations Report No. 42 Version 5.0, Issued 2014","Routine Particle Size Distribution (3A1a1a)",0.2,0.0,71.3,9.8,18.9,,,5.2,4.6,18.9,51.3,0.9,0.2,0.0,"USDA NRCS Kellogg Soil Survey Laboratory",
"caede208-2089-4869-a7b1-a95c3ff907a1","LENO_019.basePlot.all","D08","LENO","LENO_019","S2018AL023019","2018-07-25","18N06219","A","S2018AL023019-1","bulk",0.0,17.0,8.5,"2018-10-28","Kellogg Soil Survey Laboratory Methods Manual, Soil Survey Investigations Report No. 42 Version 5.0, Issued 2014","Routine Particle Size Distribution (3A1a1a)",0.0,0.0,11.6,50.2,38.2,,,28.9,21.3,10.4,0.8,0.3,0.1,0.0,"USDA NRCS Kellogg Soil Survey Laboratory",
"7ca32b67-49d2-422f-82c2-e6c65861448a","LENO_015.basePlot.all","D08","LENO","LENO_015","S2018AL023015","2018-07-25","18N06210","Bw2","S2018AL023015-3","bulk",47.0,100.0,73.5,"2018-11-09","Kellogg Soil Survey Laboratory Methods Manual, Soil Survey Investigations Report No. 42 Version 5.0, Issued 2014","Routine Particle Size Distribution (3A1a1a)",0.0,0.0,5.1,31.7,63.2,,,30.1,1.6,1.7,1.5,1.4,0.4,0.1,"USDA NRCS Kellogg Soil Survey Laboratory",
"67788da0-b4ff-4ef1-bf4d-52a1168f69bc","LENO_022.basePlot.all","D08","LENO","LENO_022","S2018AL023022","2018-07-25","18N06232","Bw","S2018AL023022-2","bulk",10.0,42.0,26.0,"2018-10-28","Kellogg Soil Survey Laboratory Methods Manual, Soil Survey Investigations Report No. 42 Version 5.0, Issued 2014","Routine Particle Size Distribution (3A1a1a)",0.0,0.0,65.8,9.7,24.5,,,6.9,2.8,17.1,47.5,1.1,0.1,0.0,"USDA NRCS Kellogg Soil Survey Laboratory",
"f712d1a6-9863-4779-bb0b-8f677c65d896","LENO_023.basePlot.all","D08","LENO","LENO_023","S2018AL023023","2018-07-25","18N06237","Bwb","S2018AL023023-4","bulk",52.0,100.0,76.0,"2018-11-04","Kellogg Soil Survey Laboratory Methods Manual, Soil Survey Investigations Report No. 42 Version 5.0, Issued 2014","Routine Particle Size Distribution (3A1a1a)",0.0,0.0,29.0,39.3,31.7,,,20.9,18.4,22.0,6.9,0.1,0.0,0.0,"USDA NRCS Kellogg Soil Survey Laboratory",
"8ae00d44-c788-4a7c-89a8-150d43491c09","LENO_022.basePlot.all","D08","LENO","LENO_022","S2018AL023022","2018-07-25","18N06231","A","S2018AL023022-1","bulk",0.0,10.0,5.0,"2018-10-28","Kellogg Soil Survey Laboratory Methods Manual, Soil Survey Investigations Report No. 42 Version 5.0, Issued 2014","Routine Particle Size Distribution (3A1a1a)",0.0,0.0,59.5,13.5,27.0,,,9.9,3.6,14.5,41.8,3.0,0.1,0.1,"USDA NRCS Kellogg Soil Survey Laboratory",
