uid,namedLocation,domainID,siteID,plotID,nrcsDescriptionID,collectDate,horizonID,horizonName,bulkDensProcessedDate,bulkDensMethodPub,bulkDensMethod,bulkDensIDnrcs,bulkDensSampleType,bulkDensCenterDepth,bulkDensTopDepth,bulkDensBottomDepth,bulkDensThirdBar,bulkDensOvenDry,bulkDensFieldMoist,waterRetentionThirdBar,fieldWaterContent,laboratoryName,remarks,dataQF
"203a22f1-dc16-4baf-9472-881c16eafa74","LENO_012.basePlot.all","D08","LENO","LENO_012","S2018AL023012","2018-07-19","18N06204","Bg","2018-12-11","Kellogg Soil Survey Laboratory Methods Manual, Soil Survey Investigations Report No. 42 Version 5.0, Issued 2014","Bulk Density, Clods (3B1)","S2018AL023012-3.CLOD","clod",70.0,40.0,100.0,1.29,1.55,,34.1,,"USDA NRCS Kellogg Soil Survey Laboratory",,
"6b457563-02b0-42ae-8e3b-f4551eac8c8f","LENO_012.basePlot.all","D08","LENO","LENO_012","S2018AL023012","2018-07-19","18N06203","Bw","2018-12-11","Kellogg Soil Survey Laboratory Methods Manual, Soil Survey Investigations Report No. 42 Version 5.0, Issued 2014","Bulk Density, Clods (3B1)","S2018AL023012-2.CLOD","clod",29.0,18.0,40.0,1.30,1.55,,31.2,,"USDA NRCS Kellogg Soil Survey Laboratory",,
"a9821422-b48f-4f02-bec6-f23cc164f567","LENO_020.basePlot.all","D08","LENO","LENO_020","S2018AL023020","2018-07-19","18N06225","Bt2","2018-12-11","Kellogg Soil Survey Laboratory Methods Manual, Soil Survey Investigations Report No. 42 Version 5.0, Issued 2014","Bulk Density, Clods (3B1)","S2018AL023020-4.CLOD","clod",67.5,60.0,75.0,1.17,1.45,,34.2,,"USDA NRCS Kellogg Soil Survey Laboratory",,
"c43c0155-2d59-4be8-bf56-3726d417c88a","LENO_020.basePlot.all","D08","LENO","LENO_020","S2018AL023020","2018-07-19","18N06223","Bw","2018-12-11","Kellogg Soil Survey Laboratory Methods Manual, Soil Survey Investigations Report No. 42 Version 5.0, Issued 2014","Bulk Density, Clods (3B1)","S2018AL023020-2.CLOD","clod",22.0,12.0,32.0,1.30,1.47,,29.1,,"USDA NRCS Kellogg Soil Survey Laboratory",,
"aa729f48-8234-4ba6-ada2-c34b99ca5916","LENO_020.basePlot.all","D08","LENO","LENO_020","S2018AL023020","2018-07-19","18N06222","A","2018-12-11","Kellogg Soil Survey Laboratory Methods Manual, Soil Survey Investigations Report No. 42 Version 5.0, Issued 2014","Bulk Density, Clods (3B1)","S2018AL023020-1.CLOD","clod",6.0,0.0,12.0,1.14,1.41,,40.7,,"USDA NRCS Kellogg Soil Survey Laboratory",,
"0a5a2d7f-ece7-4720-976d-b5d7ca44682f","LENO_020.basePlot.all","D08","LENO","LENO_020","S2018AL023020","2018-07-19","18N06226","Bt3","2018-12-11","Kellogg Soil Survey Laboratory Methods Manual, Soil Survey Investigations Report No. 42 Version 5.0, Issued 2014","Bulk Density, Clods (3B1)","S2018AL023020-5.CLOD","clod",87.5,75.0,100.0,1.21,1.40,,33.8,,"USDA NRCS Kellogg Soil Survey Laboratory",,
"cdde6710-5761-4088-8bca-9f5a02214cc1","LENO_012.basePlot.all","D08","LENO","LENO_012","S2018AL023012","2018-07-19","18N06202","A","2018-12-11","Kellogg Soil Survey Laboratory Methods Manual, Soil Survey Investigations Report No. 42 Version 5.0, Issued 2014","Bulk Density, Clods (3B1)","S2018AL023012-1.CLOD","clod",9.0,0.0,18.0,1.30,1.54,,32.0,,"USDA NRCS Kellogg Soil Survey Laboratory",,
"cf00bb0f-9425-46bd-80e8-62fdaf15541c","LENO_020.basePlot.all","D08","LENO","LENO_020","S2018AL023020","2018-07-19","18N06224","Bt1","2018-12-11","Kellogg Soil Survey Laboratory Methods Manual, Soil Survey Investigations Report No. 42 Version 5.0, Issued 2014","Bulk Density, Clods (3B1)","S2018AL023020-3.CLOD","clod",46.0,32.0,60.0,1.35,1.59,,28.8,,"USDA NRCS Kellogg Soil Survey Laboratory",,
"a94c0257-0698-4a5b-81ff-e6f408cd4cfe","LENO_011.basePlot.all","D08","LENO","LENO_011","S2018AL023011","2018-07-20","18N06200","Bw2","2018-12-11","Kellogg Soil Survey Laboratory Methods Manual, Soil Survey Investigations Report No. 42 Version 5.0, Issued 2014","Bulk Density, Clods (3B1)","S2018AL023011-3.CLOD","clod",40.0,16.0,64.0,1.41,1.55,,25.1,,"USDA NRCS Kellogg Soil Survey Laboratory",,
"b160b29f-4565-4e29-98ee-4562c6100157","LENO_021.basePlot.all","D08","LENO","LENO_021","S2018AL023021","2018-07-20","18N06228","Bw1","2018-12-11","Kellogg Soil Survey Laboratory Methods Manual, Soil Survey Investigations Report No. 42 Version 5.0, Issued 2014","Bulk Density, Clods (3B1)","S2018AL023021-2.CLOD","clod",17.5,9.0,26.0,1.39,1.49,,22.4,,"USDA NRCS Kellogg Soil Survey Laboratory",,
"02f6b24f-4975-4793-a8a3-ca366e6311a5","LENO_021.basePlot.all","D08","LENO","LENO_021","S2018AL023021","2018-07-20","18N06227","A","2018-12-11","Kellogg Soil Survey Laboratory Methods Manual, Soil Survey Investigations Report No. 42 Version 5.0, Issued 2014","Bulk Density, Clods (3B1)","S2018AL023021-1.CLOD","clod",4.5,0.0,9.0,1.18,1.43,,35.2,,"USDA NRCS Kellogg Soil Survey Laboratory",,
"4bc7b7e0-0f52-4e9b-a5ac-9011ea6f85dd","LENO_011.basePlot.all","D08","LENO","LENO_011","S2018AL023011","2018-07-20","18N06201","Bw3","2018-12-11","Kellogg Soil Survey Laboratory Methods Manual, Soil Survey Investigations Report No. 42 Version 5.0, Issued 2014","Bulk Density, Clods (3B1)","S2018AL023011-4.CLOD","clod",82.0,64.0,100.0,1.35,1.54,,30.2,,"USDA NRCS Kellogg Soil Survey Laboratory",,
"bd6e6920-bd03-49f2-8a5a-652c227d9196","LENO_011.basePlot.all","D08","LENO","LENO_011","S2018AL023011","2018-07-20","18N06198","A","2018-12-11","Kellogg Soil Survey Laboratory Methods Manual, Soil Survey Investigations Report No. 42 Version 5.0, Issued 2014","Bulk Density, Clods (3B1)","S2018AL023011-1.CLOD","clod",2.5,0.0,5.0,1.21,1.46,,35.1,,"USDA NRCS Kellogg Soil Survey Laboratory",,
"f342543b-2305-440d-830a-1a1728789cfc","LENO_021.basePlot.all","D08","LENO","LENO_021","S2018AL023021","2018-07-20","18N06229","Bw2","2018-12-11","Kellogg Soil Survey Laboratory Methods Manual, Soil Survey Investigations Report No. 42 Version 5.0, Issued 2014","Bulk Density, Clods (3B1)","S2018AL023021-3.CLOD","clod",47.0,26.0,68.0,1.46,1.55,,20.2,,"USDA NRCS Kellogg Soil Survey Laboratory",,
"d4bf2513-2096-4e51-a900-35224d8ea50d","LENO_021.basePlot.all","D08","LENO","LENO_021","S2018AL023021","2018-07-20","18N06230","Bg","2018-12-11","Kellogg Soil Survey Laboratory Methods Manual, Soil Survey Investigations Report No. 42 Version 5.0, Issued 2014","Bulk Density, Clods (3B1)","S2018AL023021-4.CLOD","clod",84.0,68.0,100.0,1.42,1.50,,19.0,,"USDA NRCS Kellogg Soil Survey Laboratory",,
"42a76e15-07a8-46e4-a422-21ef342497a0","LENO_011.basePlot.all","D08","LENO","LENO_011","S2018AL023011","2018-07-20","18N06199","Bw1","2018-12-11","Kellogg Soil Survey Laboratory Methods Manual, Soil Survey Investigations Report No. 42 Version 5.0, Issued 2014","Bulk Density, Clods (3B1)","S2018AL023011-2.CLOD","clod",10.5,5.0,16.0,1.28,1.59,,33.5,,"USDA NRCS Kellogg Soil Survey Laboratory",,
"02d295cb-c4bd-4061-a126-c88fddc09cd3","LENO_029.basePlot.all","D08","LENO","LENO_029","S2018AL023029","2018-07-21","18N06244","C","2018-12-11","Kellogg Soil Survey Laboratory Methods Manual, Soil Survey Investigations Report No. 42 Version 5.0, Issued 2014","Bulk Density, Clods (3B1)","S2018AL023029-3.CLOD","clod",90.5,81.0,100.0,1.44,1.54,,22.1,,"USDA NRCS Kellogg Soil Survey Laboratory",,
"431fdfd1-d6b6-4437-9a2b-3922a194ef96","LENO_029.basePlot.all","D08","LENO","LENO_029","S2018AL023029","2018-07-21","18N06242","A","2018-12-11","Kellogg Soil Survey Laboratory Methods Manual, Soil Survey Investigations Report No. 42 Version 5.0, Issued 2014","Bulk Density, Clods (3B1)","S2018AL023029-1.CLOD","clod",17.0,0.0,34.0,1.38,1.43,,16.5,,"USDA NRCS Kellogg Soil Survey Laboratory",,
"ecfabc27-917a-4d11-8ca4-269786cc7871","LENO_029.basePlot.all","D08","LENO","LENO_029","S2018AL023029","2018-07-21","18N06243","Bw","2018-12-11","Kellogg Soil Survey Laboratory Methods Manual, Soil Survey Investigations Report No. 42 Version 5.0, Issued 2014","Bulk Density, Clods (3B1)","S2018AL023029-2.CLOD","clod",57.5,34.0,81.0,1.45,1.66,,23.5,,"USDA NRCS Kellogg Soil Survey Laboratory",,
"26b1c9e1-0801-4e9f-8f73-3eb5014e45dd","LENO_017.basePlot.all","D08","LENO","LENO_017","S2018AL023017","2018-07-22","18N06218","Bgb","2018-12-11","Kellogg Soil Survey Laboratory Methods Manual, Soil Survey Investigations Report No. 42 Version 5.0, Issued 2014","Bulk Density, Clods (3B1)","S2018AL023017-4.CLOD","clod",84.5,69.0,100.0,1.43,1.47,,12.9,,"USDA NRCS Kellogg Soil Survey Laboratory",,
"4915773b-b9c1-4509-a1fe-a6f4a65f0117","LENO_017.basePlot.all","D08","LENO","LENO_017","S2018AL023017","2018-07-22","18N06217","Ab","2018-12-11","Kellogg Soil Survey Laboratory Methods Manual, Soil Survey Investigations Report No. 42 Version 5.0, Issued 2014","Bulk Density, Clods (3B1)","S2018AL023017-3.CLOD","clod",57.5,46.0,69.0,1.34,1.49,,22.2,,"USDA NRCS Kellogg Soil Survey Laboratory",,
"f7b915c3-87e4-484c-b073-a850abf52773","LENO_017.basePlot.all","D08","LENO","LENO_017","S2018AL023017","2018-07-22","18N06215","A","2018-12-11","Kellogg Soil Survey Laboratory Methods Manual, Soil Survey Investigations Report No. 42 Version 5.0, Issued 2014","Bulk Density, Clods (3B1)","S2018AL023017-1.CLOD","clod",11.5,0.0,23.0,1.26,1.47,,29.9,,"USDA NRCS Kellogg Soil Survey Laboratory",,
"b87dd188-a926-476f-ba9d-6df5521929a3","LENO_017.basePlot.all","D08","LENO","LENO_017","S2018AL023017","2018-07-22","18N06216","Bw","2018-12-11","Kellogg Soil Survey Laboratory Methods Manual, Soil Survey Investigations Report No. 42 Version 5.0, Issued 2014","Bulk Density, Clods (3B1)","S2018AL023017-2.CLOD","clod",34.5,23.0,46.0,1.50,1.59,,17.3,,"USDA NRCS Kellogg Soil Survey Laboratory",,
"b74121ff-0649-44ae-b271-0678277ead8d","LENO_016.basePlot.all","D08","LENO","LENO_016","S2018AL023016","2018-07-23","18N06214","Bg3","2018-12-11","Kellogg Soil Survey Laboratory Methods Manual, Soil Survey Investigations Report No. 42 Version 5.0, Issued 2014","Bulk Density, Clods (3B1)","S2018AL023016-4.CLOD","clod",82.5,65.0,100.0,1.24,1.48,,33.4,,"USDA NRCS Kellogg Soil Survey Laboratory",,
"d376f07a-8267-4ff3-ad28-964c5489e165","LENO_016.basePlot.all","D08","LENO","LENO_016","S2018AL023016","2018-07-23","18N06212","Bg1","2018-12-11","Kellogg Soil Survey Laboratory Methods Manual, Soil Survey Investigations Report No. 42 Version 5.0, Issued 2014","Bulk Density, Clods (3B1)","S2018AL023016-2.CLOD","clod",25.0,16.0,34.0,1.33,1.53,,28.9,,"USDA NRCS Kellogg Soil Survey Laboratory",,
"c64abb8e-c15d-4096-a629-154e6c233ce6","LENO_003.basePlot.all","D08","LENO","LENO_003","S2018AL023003","2018-07-23","18N06184","A","2018-12-11","Kellogg Soil Survey Laboratory Methods Manual, Soil Survey Investigations Report No. 42 Version 5.0, Issued 2014","Bulk Density, Clods (3B1)","S2018AL023003-1.CLOD","clod",6.0,0.0,12.0,1.13,1.55,,38.9,,"USDA NRCS Kellogg Soil Survey Laboratory",,
"c848076d-24ef-4037-ab5e-3407eec2abf5","LENO_002.basePlot.all","D08","LENO","LENO_002","S2018AL023002","2018-07-23","18N06180","A","2018-12-11","Kellogg Soil Survey Laboratory Methods Manual, Soil Survey Investigations Report No. 42 Version 5.0, Issued 2014","Bulk Density, Clods (3B1)","S2018AL023002-1.CLOD","clod",8.0,0.0,16.0,1.04,1.43,,41.8,,"USDA NRCS Kellogg Soil Survey Laboratory",,
"ce3a3ef5-59b7-4c9b-876e-32ce2268cca4","LENO_003.basePlot.all","D08","LENO","LENO_003","S2018AL023003","2018-07-23","18N06186","Bw2","2018-12-11","Kellogg Soil Survey Laboratory Methods Manual, Soil Survey Investigations Report No. 42 Version 5.0, Issued 2014","Bulk Density, Clods (3B1)","S2018AL023003-3.CLOD","clod",65.0,48.0,82.0,1.18,1.56,,42.4,,"USDA NRCS Kellogg Soil Survey Laboratory",,
"7f69c652-3849-48ff-b372-661353518763","LENO_006.basePlot.all","D08","LENO","LENO_006","S2018AL023006","2018-07-23","18N06188","A","2018-12-11","Kellogg Soil Survey Laboratory Methods Manual, Soil Survey Investigations Report No. 42 Version 5.0, Issued 2014","Bulk Density, Clods (3B1)","S2018AL023006-1.CLOD","clod",14.0,0.0,28.0,1.09,1.49,,40.5,,"USDA NRCS Kellogg Soil Survey Laboratory",,
"5b280659-5e9f-4396-a702-de3069494e67","LENO_006.basePlot.all","D08","LENO","LENO_006","S2018AL023006","2018-07-23","18N06190","Bg","2018-12-11","Kellogg Soil Survey Laboratory Methods Manual, Soil Survey Investigations Report No. 42 Version 5.0, Issued 2014","Bulk Density, Clods (3B1)","S2018AL023006-3.CLOD","clod",75.0,50.0,100.0,1.34,1.58,,30.8,,"USDA NRCS Kellogg Soil Survey Laboratory",,
"7013c030-5ec3-4249-b442-a769e3b14290","LENO_006.basePlot.all","D08","LENO","LENO_006","S2018AL023006","2018-07-23","18N06189","Bw","2018-12-11","Kellogg Soil Survey Laboratory Methods Manual, Soil Survey Investigations Report No. 42 Version 5.0, Issued 2014","Bulk Density, Clods (3B1)","S2018AL023006-2.CLOD","clod",39.0,28.0,50.0,1.27,1.60,,31.7,,"USDA NRCS Kellogg Soil Survey Laboratory",,
"ca498c44-4cff-4eaf-8630-b5161cbc6574","LENO_003.basePlot.all","D08","LENO","LENO_003","S2018AL023003","2018-07-23","18N06185","Bw1","2018-12-11","Kellogg Soil Survey Laboratory Methods Manual, Soil Survey Investigations Report No. 42 Version 5.0, Issued 2014","Bulk Density, Clods (3B1)","S2018AL023003-2.CLOD","clod",30.0,12.0,48.0,1.16,1.63,,44.1,,"USDA NRCS Kellogg Soil Survey Laboratory",,
"bcf8db52-3f2f-4236-9d51-1fadef35a008","LENO_002.basePlot.all","D08","LENO","LENO_002","S2018AL023002","2018-07-23","18N06183","Bssg","2018-12-11","Kellogg Soil Survey Laboratory Methods Manual, Soil Survey Investigations Report No. 42 Version 5.0, Issued 2014","Bulk Density, Clods (3B1)","S2018AL023002-4.CLOD","clod",77.5,55.0,100.0,1.14,1.82,,44.2,,"USDA NRCS Kellogg Soil Survey Laboratory",,
"1553423a-00ce-4d6f-a240-876f37553ea6","LENO_003.basePlot.all","D08","LENO","LENO_003","S2018AL023003","2018-07-23","18N06187","Bss","2018-12-11","Kellogg Soil Survey Laboratory Methods Manual, Soil Survey Investigations Report No. 42 Version 5.0, Issued 2014","Bulk Density, Clods (3B1)","S2018AL023003-4.CLOD","clod",91.0,82.0,100.0,1.29,1.84,,36.0,,"USDA NRCS Kellogg Soil Survey Laboratory",,
"70c3e75d-6a6f-4316-9cc4-9125f8e71784","LENO_002.basePlot.all","D08","LENO","LENO_002","S2018AL023002","2018-07-23","18N06181","Bw","2018-12-11","Kellogg Soil Survey Laboratory Methods Manual, Soil Survey Investigations Report No. 42 Version 5.0, Issued 2014","Bulk Density, Clods (3B1)","S2018AL023002-2.CLOD","clod",26.5,16.0,37.0,1.05,1.52,,44.9,,"USDA NRCS Kellogg Soil Survey Laboratory",,
"cc30b65c-d1b0-4b18-8445-b1261ef440e1","LENO_016.basePlot.all","D08","LENO","LENO_016","S2018AL023016","2018-07-23","18N06213","Bg2","2018-12-11","Kellogg Soil Survey Laboratory Methods Manual, Soil Survey Investigations Report No. 42 Version 5.0, Issued 2014","Bulk Density, Clods (3B1)","S2018AL023016-3.CLOD","clod",49.5,34.0,65.0,1.22,1.45,,32.4,,"USDA NRCS Kellogg Soil Survey Laboratory",,
"522bd263-3680-4041-8e0c-30f6a03a46f3","LENO_002.basePlot.all","D08","LENO","LENO_002","S2018AL023002","2018-07-23","18N06182","Bg","2018-12-11","Kellogg Soil Survey Laboratory Methods Manual, Soil Survey Investigations Report No. 42 Version 5.0, Issued 2014","Bulk Density, Clods (3B1)","S2018AL023002-3.CLOD","clod",46.0,37.0,55.0,1.07,1.67,,47.5,,"USDA NRCS Kellogg Soil Survey Laboratory",,
"4c03e099-931c-4030-8f62-602b14cb5835","LENO_016.basePlot.all","D08","LENO","LENO_016","S2018AL023016","2018-07-23","18N06211","A","2018-12-11","Kellogg Soil Survey Laboratory Methods Manual, Soil Survey Investigations Report No. 42 Version 5.0, Issued 2014","Bulk Density, Clods (3B1)","S2018AL023016-1.CLOD","clod",8.0,0.0,16.0,1.18,1.44,,36.5,,"USDA NRCS Kellogg Soil Survey Laboratory",,
"92acc8c7-8b74-4b52-8219-57e793c5fcd9","LENO_009.basePlot.all","D08","LENO","LENO_009","S2018AL023009","2018-07-24","18N06197","Bg2","2018-12-11","Kellogg Soil Survey Laboratory Methods Manual, Soil Survey Investigations Report No. 42 Version 5.0, Issued 2014","Bulk Density, Clods (3B1)","S2018AL023009-4.CLOD","clod",79.5,59.0,100.0,1.26,1.45,,31.9,,"USDA NRCS Kellogg Soil Survey Laboratory",,
"fddf6ba0-e30a-41fd-bc19-571992e29057","LENO_009.basePlot.all","D08","LENO","LENO_009","S2018AL023009","2018-07-24","18N06195","Bw","2018-12-11","Kellogg Soil Survey Laboratory Methods Manual, Soil Survey Investigations Report No. 42 Version 5.0, Issued 2014","Bulk Density, Clods (3B1)","S2018AL023009-2.CLOD","clod",24.0,17.0,31.0,1.35,1.50,,24.9,,"USDA NRCS Kellogg Soil Survey Laboratory",,
"2ae6c64c-88b6-40ee-93b5-099ad1c83f1a","LENO_009.basePlot.all","D08","LENO","LENO_009","S2018AL023009","2018-07-24","18N06196","Bg1","2018-12-11","Kellogg Soil Survey Laboratory Methods Manual, Soil Survey Investigations Report No. 42 Version 5.0, Issued 2014","Bulk Density, Clods (3B1)","S2018AL023009-3.CLOD","clod",45.0,31.0,59.0,1.34,1.46,,25.0,,"USDA NRCS Kellogg Soil Survey Laboratory",,
"021f5b9f-453f-4d77-9361-b029be391c58","LENO_014.basePlot.all","D08","LENO","LENO_014","S2018AL023014","2018-07-24","18N06207","Bg","2018-12-11","Kellogg Soil Survey Laboratory Methods Manual, Soil Survey Investigations Report No. 42 Version 5.0, Issued 2014","Bulk Density, Clods (3B1)","S2018AL023014-3.CLOD","clod",74.0,48.0,100.0,1.05,1.47,,46.5,,"USDA NRCS Kellogg Soil Survey Laboratory",,
"58d6f1d6-410c-48c0-a6c1-694804cd01f4","LENO_014.basePlot.all","D08","LENO","LENO_014","S2018AL023014","2018-07-24","18N06205","A","2018-12-11","Kellogg Soil Survey Laboratory Methods Manual, Soil Survey Investigations Report No. 42 Version 5.0, Issued 2014","Bulk Density, Clods (3B1)","S2018AL023014-1.CLOD","clod",6.5,0.0,13.0,1.06,1.44,,41.7,,"USDA NRCS Kellogg Soil Survey Laboratory",,
"684e2f22-09a4-4e26-98c2-c60a13ee26e6","LENO_009.basePlot.all","D08","LENO","LENO_009","S2018AL023009","2018-07-24","18N06194","A","2018-12-11","Kellogg Soil Survey Laboratory Methods Manual, Soil Survey Investigations Report No. 42 Version 5.0, Issued 2014","Bulk Density, Clods (3B1)","S2018AL023009-1.CLOD","clod",8.5,0.0,17.0,1.34,1.47,,22.4,,"USDA NRCS Kellogg Soil Survey Laboratory",,
"12ba2745-d1bb-40e6-9f9e-6a78fe25b1c2","LENO_014.basePlot.all","D08","LENO","LENO_014","S2018AL023014","2018-07-24","18N06206","Bw","2018-12-11","Kellogg Soil Survey Laboratory Methods Manual, Soil Survey Investigations Report No. 42 Version 5.0, Issued 2014","Bulk Density, Clods (3B1)","S2018AL023014-2.CLOD","clod",30.5,13.0,48.0,1.13,1.45,,37.2,,"USDA NRCS Kellogg Soil Survey Laboratory",,
"1928e1d8-f0ed-4c28-a3ae-700909ac8c13","LENO_007.basePlot.all","D08","LENO","LENO_007","S2018AL023007","2018-07-24","18N06193","Bg2","2018-12-11","Kellogg Soil Survey Laboratory Methods Manual, Soil Survey Investigations Report No. 42 Version 5.0, Issued 2014","Bulk Density, Clods (3B1)","S2018AL023007-3.CLOD","clod",74.0,48.0,100.0,1.51,1.65,,21.6,,"USDA NRCS Kellogg Soil Survey Laboratory",,
"e45258f6-4c8c-4804-a9d1-fb7678927b90","LENO_007.basePlot.all","D08","LENO","LENO_007","S2018AL023007","2018-07-24","18N06191","A","2018-12-11","Kellogg Soil Survey Laboratory Methods Manual, Soil Survey Investigations Report No. 42 Version 5.0, Issued 2014","Bulk Density, Clods (3B1)","S2018AL023007-1.CLOD","clod",4.5,0.0,9.0,0.95,1.37,,50.1,,"USDA NRCS Kellogg Soil Survey Laboratory",,
"d988a747-7150-48cd-aa85-f85cb8b71fb1","LENO_007.basePlot.all","D08","LENO","LENO_007","S2018AL023007","2018-07-24","18N06192","Bg1","2018-12-11","Kellogg Soil Survey Laboratory Methods Manual, Soil Survey Investigations Report No. 42 Version 5.0, Issued 2014","Bulk Density, Clods (3B1)","S2018AL023007-2.CLOD","clod",28.5,9.0,48.0,1.28,1.53,,30.5,,"USDA NRCS Kellogg Soil Survey Laboratory",,
"7d2eff76-6a64-4f98-9e90-93ea303467c8","LENO_023.basePlot.all","D08","LENO","LENO_023","S2018AL023023","2018-07-25","18N06235","Bw","2018-12-11","Kellogg Soil Survey Laboratory Methods Manual, Soil Survey Investigations Report No. 42 Version 5.0, Issued 2014","Bulk Density, Clods (3B1)","S2018AL023023-2.CLOD","clod",18.5,10.0,27.0,1.38,1.44,,19.7,,"USDA NRCS Kellogg Soil Survey Laboratory",,
"16d66b1a-3430-43b7-879e-86e98a85ef72","LENO_022.basePlot.all","D08","LENO","LENO_022","S2018AL023022","2018-07-25","18N06233","Bg","2018-12-11","Kellogg Soil Survey Laboratory Methods Manual, Soil Survey Investigations Report No. 42 Version 5.0, Issued 2014","Bulk Density, Clods (3B1)","S2018AL023022-3.CLOD","clod",71.0,42.0,100.0,1.42,1.46,,14.8,,"USDA NRCS Kellogg Soil Survey Laboratory",,
"9a2400e0-c5b6-4dff-8414-49eb5ce502ab","LENO_027.basePlot.all","D08","LENO","LENO_027","S2018AL023027","2018-07-25","18N06238","A","2018-12-11","Kellogg Soil Survey Laboratory Methods Manual, Soil Survey Investigations Report No. 42 Version 5.0, Issued 2014","Bulk Density, Clods (3B1)","S2018AL023027-1.CLOD","clod",6.5,0.0,13.0,0.98,1.51,,49.8,,"USDA NRCS Kellogg Soil Survey Laboratory",,
"ca92de16-3f88-431a-a6ca-ba80ee229650","LENO_015.basePlot.all","D08","LENO","LENO_015","S2018AL023015","2018-07-25","18N06208","A","2018-12-11","Kellogg Soil Survey Laboratory Methods Manual, Soil Survey Investigations Report No. 42 Version 5.0, Issued 2014","Bulk Density, Clods (3B1)","S2018AL023015-1.CLOD","clod",9.0,0.0,18.0,1.12,1.38,,34.3,,"USDA NRCS Kellogg Soil Survey Laboratory",,
"91206b5e-4f12-4312-8b4f-734b2a3314e5","LENO_015.basePlot.all","D08","LENO","LENO_015","S2018AL023015","2018-07-25","18N06210","Bw2","2018-12-11","Kellogg Soil Survey Laboratory Methods Manual, Soil Survey Investigations Report No. 42 Version 5.0, Issued 2014","Bulk Density, Clods (3B1)","S2018AL023015-3.CLOD","clod",73.5,47.0,100.0,1.17,1.50,,38.6,,"USDA NRCS Kellogg Soil Survey Laboratory",,
"42d693d5-d0ca-4460-90a0-9e581b8d1975","LENO_027.basePlot.all","D08","LENO","LENO_027","S2018AL023027","2018-07-25","18N06241","Bssg","2018-12-11","Kellogg Soil Survey Laboratory Methods Manual, Soil Survey Investigations Report No. 42 Version 5.0, Issued 2014","Bulk Density, Clods (3B1)","S2018AL023027-4.CLOD","clod",88.0,76.0,100.0,1.05,1.57,,47.4,,"USDA NRCS Kellogg Soil Survey Laboratory",,
"dbb5b197-0446-4cd0-9d26-a8cfc0a4a7c2","LENO_023.basePlot.all","D08","LENO","LENO_023","S2018AL023023","2018-07-25","18N06236","Ab","2018-12-11","Kellogg Soil Survey Laboratory Methods Manual, Soil Survey Investigations Report No. 42 Version 5.0, Issued 2014","Bulk Density, Clods (3B1)","S2018AL023023-3.CLOD","clod",39.5,27.0,52.0,1.24,1.36,,26.8,,"USDA NRCS Kellogg Soil Survey Laboratory",,
"9e71d946-e820-4ef1-ae3b-b5d4e7ad5b1b","LENO_019.basePlot.all","D08","LENO","LENO_019","S2018AL023019","2018-07-25","18N06219","A","2018-12-11","Kellogg Soil Survey Laboratory Methods Manual, Soil Survey Investigations Report No. 42 Version 5.0, Issued 2014","Bulk Density, Clods (3B1)","S2018AL023019-1.CLOD","clod",8.5,0.0,17.0,1.30,1.53,,30.6,,"USDA NRCS Kellogg Soil Survey Laboratory",,
"88b604ce-3732-4654-89a3-27785fc82103","LENO_023.basePlot.all","D08","LENO","LENO_023","S2018AL023023","2018-07-25","18N06237","Bwb","2018-12-11","Kellogg Soil Survey Laboratory Methods Manual, Soil Survey Investigations Report No. 42 Version 5.0, Issued 2014","Bulk Density, Clods (3B1)","S2018AL023023-4.CLOD","clod",76.0,52.0,100.0,1.39,1.52,,24.9,,"USDA NRCS Kellogg Soil Survey Laboratory",,
"5047657d-759b-40ee-a498-00ff223c8d16","LENO_027.basePlot.all","D08","LENO","LENO_027","S2018AL023027","2018-07-25","18N06239","Bw","2018-12-11","Kellogg Soil Survey Laboratory Methods Manual, Soil Survey Investigations Report No. 42 Version 5.0, Issued 2014","Bulk Density, Clods (3B1)","S2018AL023027-2.CLOD","clod",27.5,13.0,42.0,1.05,1.58,,47.9,,"USDA NRCS Kellogg Soil Survey Laboratory",,
"fa99f30d-d4bc-42bc-ae01-d6e0dfb6b436","LENO_022.basePlot.all","D08","LENO","LENO_022","S2018AL023022","2018-07-25","18N06231","A","2018-12-11","Kellogg Soil Survey Laboratory Methods Manual, Soil Survey Investigations Report No. 42 Version 5.0, Issued 2014","Bulk Density, Clods (3B1)","S2018AL023022-1.CLOD","clod",5.0,0.0,10.0,1.27,1.51,,29.6,,"USDA NRCS Kellogg Soil Survey Laboratory",,
"b74fa733-ac74-4d78-b627-fdfea9760f26","LENO_023.basePlot.all","D08","LENO","LENO_023","S2018AL023023","2018-07-25","18N06234","A","2018-12-11","Kellogg Soil Survey Laboratory Methods Manual, Soil Survey Investigations Report No. 42 Version 5.0, Issued 2014","Bulk Density, Clods (3B1)","S2018AL023023-1.CLOD","clod",5.0,0.0,10.0,1.22,1.45,,30.5,,"USDA NRCS Kellogg Soil Survey Laboratory",,
"d96094bb-a6b5-4a4d-adb4-585b56478fe4","LENO_027.basePlot.all","D08","LENO","LENO_027","S2018AL023027","2018-07-25","18N06240","Bg","2018-12-11","Kellogg Soil Survey Laboratory Methods Manual, Soil Survey Investigations Report No. 42 Version 5.0, Issued 2014","Bulk Density, Clods (3B1)","S2018AL023027-3.CLOD","clod",59.0,42.0,76.0,1.08,1.60,,47.2,,"USDA NRCS Kellogg Soil Survey Laboratory",,
"2103fb83-4807-441d-804a-65c9e6d62b15","LENO_022.basePlot.all","D08","LENO","LENO_022","S2018AL023022","2018-07-25","18N06232","Bw","2018-12-11","Kellogg Soil Survey Laboratory Methods Manual, Soil Survey Investigations Report No. 42 Version 5.0, Issued 2014","Bulk Density, Clods (3B1)","S2018AL023022-2.CLOD","clod",26.0,10.0,42.0,1.42,1.53,,21.0,,"USDA NRCS Kellogg Soil Survey Laboratory",,
"09c92b01-9d2c-4d6b-ac0c-dab36ff1ac72","LENO_019.basePlot.all","D08","LENO","LENO_019","S2018AL023019","2018-07-25","18N06220","Bw","2018-12-11","Kellogg Soil Survey Laboratory Methods Manual, Soil Survey Investigations Report No. 42 Version 5.0, Issued 2014","Bulk Density, Clods (3B1)","S2018AL023019-2.CLOD","clod",27.5,17.0,38.0,1.34,1.63,,30.1,,"USDA NRCS Kellogg Soil Survey Laboratory",,
"1d5a33bc-e181-4564-93a8-4fda734e75fb","LENO_015.basePlot.all","D08","LENO","LENO_015","S2018AL023015","2018-07-25","18N06209","Bw1","2018-12-11","Kellogg Soil Survey Laboratory Methods Manual, Soil Survey Investigations Report No. 42 Version 5.0, Issued 2014","Bulk Density, Clods (3B1)","S2018AL023015-2.CLOD","clod",32.5,18.0,47.0,1.16,1.40,,33.4,,"USDA NRCS Kellogg Soil Survey Laboratory",,
"ad23052c-444d-4ecb-a46b-63e47c417494","LENO_019.basePlot.all","D08","LENO","LENO_019","S2018AL023019","2018-07-25","18N06221","Bg","2018-12-11","Kellogg Soil Survey Laboratory Methods Manual, Soil Survey Investigations Report No. 42 Version 5.0, Issued 2014","Bulk Density, Clods (3B1)","S2018AL023019-3.CLOD","clod",69.0,38.0,100.0,1.36,1.71,,29.8,,"USDA NRCS Kellogg Soil Survey Laboratory",,
