uid,domainID,siteID,pitNamedLocation,pitID,horizonID,bulkDensID,horizonName,setDate,collectDate,laboratoryName,labProjID,bulkDensCenterDepth,bulkDensTopDepth,bulkDensBottomDepth,bulkDensHorizonProportion,bulkDensSampleType,bulkDensExclCoarseFrag,remarks
"5d16d7ec-35a8-4d1e-9bf1-44b3696387a4","D18","BARR","MEGAPT100964","D18_BARR_PIT1","D18_BARR_PIT1_OA","D18_BARR_PIT1_BULKD_OA","Oa","2016-05-14","2016-05-14","USDA NRCS Kellogg Soil Survey Laboratory - Lincoln - NE","I2016USAK117",19.5,7.0,32.0,1.0,"Regular",0.3050,"Depth of bulk density sample not recorded; top/bottom depths are min/max possible depths"
"a9f69511-46ba-4e02-8b39-a66bad60666e","D18","BARR","MEGAPT100964","D18_BARR_PIT1","D18_BARR_PIT1_OE",,"Oe","2016-05-14","2016-05-14","USDA NRCS Kellogg Soil Survey Laboratory - Lincoln - NE","I2016USAK117",,,,,,,
"ca576760-5673-4e53-bc00-8ed73c50b496","D18","BARR","MEGAPT100964","D18_BARR_PIT1","D18_BARR_PIT1_CGJJ/OAJJ","D18_BARR_PIT1_BULKD_CGJJ/OAJJ","Cgjj/Oajj","2016-05-14","2016-05-14","USDA NRCS Kellogg Soil Survey Laboratory - Lincoln - NE","I2016USAK117",38.5,32.0,45.0,1.0,"Regular",0.1523,"Depth of bulk density sample not recorded; top/bottom depths are min/max possible depths"
"68699176-1b20-4a39-af71-0388eff74e80","D18","BARR","MEGAPT100964","D18_BARR_PIT1","D18_BARR_PIT1_CGJJF2/OAJJF2","D18_BARR_PIT1_BULKD_CGJJF2/OAJJF2","Cgjff/Oajjf","2016-05-14","2016-05-14","USDA NRCS Kellogg Soil Survey Laboratory - Lincoln - NE","I2016USAK117",145.0,110.0,180.0,1.0,"Regular",1.0714,"Depth of bulk density sample not recorded; top/bottom depths are min/max possible depths"
"3794b622-be59-4857-9631-04280857ede5","D18","BARR","MEGAPT100964","D18_BARR_PIT1","D18_BARR_PIT1_OAJJF1/CGJJF1","D18_BARR_PIT1_BULKD_OAJJF1/CGJJF1","Oaf/Cgjjf","2016-05-14","2016-05-14","USDA NRCS Kellogg Soil Survey Laboratory - Lincoln - NE","I2016USAK117",84.0,58.0,110.0,1.0,"Regular",0.3525,"Depth of bulk density sample not recorded; top/bottom depths are min/max possible depths"
"7eb874c0-f19c-4526-a15e-a34d388550a4","D18","BARR","MEGAPT100964","D18_BARR_PIT1","D18_BARR_PIT1_WF",,"Wf","2016-05-14","2016-05-14","USDA NRCS Kellogg Soil Survey Laboratory - Lincoln - NE","I2016USAK117",,,,,,,
