uid,domainID,siteID,pitNamedLocation,pitID,horizonID,horizonName,setDate,collectDate,horizonTopDepth,horizonBottomDepth,nrcsDescriptionID,remarks
"8ef88e0a-4ba2-4f5a-9078-a53e5b4b3778","D18","BARR","MEGAPT100964","D18_BARR_PIT1","D18_BARR_PIT1_CGJJ/OAJJ","Cgjj/Oajj","2016-05-14","2016-05-14",32.0,45.0,"S2016AK185002","Soil horizons described from intact frozen soil cores"
"ec38fdb3-0fa6-45f4-8604-acdf40a716ea","D18","BARR","MEGAPT100964","D18_BARR_PIT1","D18_BARR_PIT1_OE","Oe","2016-05-14","2016-05-14",0.0,7.0,"S2016AK185002","Soil horizons described from intact frozen cores. Insufficient material collected for a bulk density sample"
"6daea584-0788-4050-a1ed-942628829607","D18","BARR","MEGAPT100964","D18_BARR_PIT1","D18_BARR_PIT1_OA","Oa","2016-05-14","2016-05-14",7.0,32.0,"S2016AK185002","Soil horizons described from intact frozen cores. Insufficient material collected for a bulk density sample"
"dc7fa4fe-8f11-4c82-a195-13a228e0dffe","D18","BARR","MEGAPT100964","D18_BARR_PIT1","D18_BARR_PIT1_OAJJF1/CGJJF1","Oaf/Cgjjf","2016-05-14","2016-05-14",58.0,110.0,"S2016AK185002","Soil horizons described from intact frozen soil cores"
"270fdaba-bb0d-4f99-959b-a5965ed544e3","D18","BARR","MEGAPT100964","D18_BARR_PIT1","D18_BARR_PIT1_WF","Wf","2016-05-14","2016-05-14",45.0,58.0,"S2016AK185002","Frozen water layer. Soil horizons described from intact frozen soil cores"
"32b2ecd3-cbe6-42f4-8760-fe090cf2bbf2","D18","BARR","MEGAPT100964","D18_BARR_PIT1","D18_BARR_PIT1_CGJJF2/OAJJF2","Cgjff/Oajjf","2016-05-14","2016-05-14",110.0,180.0,"S2016AK185002","Soil horizons described from intact frozen soil cores"
