uid,domainID,siteID,pitNamedLocation,pitID,horizonID,horizonName,setDate,collectDate,archiveID,archiveLaboratoryName,archiveTopDepth,archiveBottomDepth,remarks,sampleMass
"104492be-b8b5-41b8-9351-31fcd6266cb0","D18","BARR","MEGAPT100964","D18_BARR_PIT1","D18_BARR_PIT1_CGJJF2/OAJJF2","Cgjff/Oajjf","2016-05-14","2016-05-14","D18_BARR_PIT1_ARCHIVE_110-180_CGJJF2/OAJJF2","NEON",110.0,180.0,,3600.3
"978577a9-5d62-4568-9910-f0a26766f0eb","D18","BARR","MEGAPT100964","D18_BARR_PIT1","D18_BARR_PIT1_OA","Oa","2016-05-14","2016-05-14","D18_BARR_PIT1_ARCHIVE_7-32_OA","NEON",7.0,32.0,,1220.2
"0ef3874d-74f2-4a0d-acf3-89250488cc5f","D18","BARR","MEGAPT100964","D18_BARR_PIT1","D18_BARR_PIT1_CGJJ/OAJJ","Cgjj/Oajj","2016-05-14","2016-05-14","D18_BARR_PIT1_ARCHIVE_32-45_CGJJ/OAJJ","NEON",32.0,45.0,,1064.3
"2bc29471-de01-4687-8f17-1d62f90b9394","D18","BARR","MEGAPT100964","D18_BARR_PIT1","D18_BARR_PIT1_OAJJF1/CGJJF1","Oaf/Cgjjf","2016-05-14","2016-05-14","D18_BARR_PIT1_ARCHIVE_58-110_OAJJF1/CGJJF1","NEON",58.0,110.0,,3600.0
"7a292683-cc80-443d-8abe-b58b07dc208c","D18","BARR","MEGAPT100964","D18_BARR_PIT1","D18_BARR_PIT1_OE","Oe","2016-05-14","2016-05-14","D18_BARR_PIT1_ARCHIVE_0-7_OE","NEON",0.0,7.0,,21.8
"2eac40fe-0ef9-492b-b4fd-9006bab59fb0","D18","BARR","MEGAPT100964","D18_BARR_PIT1","D18_BARR_PIT1_WF","Wf","2016-05-14","2016-05-14",,,,,,
