uid,namedLocation,domainID,siteID,plotID,pitID,collectDate,testProtocolVersion,nrcsDescriptionID,horizonID,horizonName,horizonTopDepth,horizonBottomDepth,remarks,dataQF
"b9f2cb33-ad59-45e4-8707-8db0285fb692","KONZ_010.basePlot.all","D06","KONZ","KONZ_010","1117482","2015-10-26","Field Book for Describing and Sampling Soils ver3","S2015KS161100","16N00950","2Bt3",72,100,,
"4ee54b46-687a-4796-891e-eeb714e9a0ba","KONZ_010.basePlot.all","D06","KONZ","KONZ_010","1117482","2015-10-26","Field Book for Describing and Sampling Soils ver3","S2015KS161100","16N00949","Bt2",44,72,,
"7e943b42-36b3-42dd-bc87-8dc54ef5fc67","KONZ_006.basePlot.all","D06","KONZ","KONZ_006","1117480","2015-10-26","Field Book for Describing and Sampling Soils ver3","S2015KS061100","16N00946","Bt",66,100,,
"4e34511b-39b2-4db3-83d8-814520e0ddef","KONZ_006.basePlot.all","D06","KONZ","KONZ_006","1117480","2015-10-26","Field Book for Describing and Sampling Soils ver3","S2015KS061100","16N00943","A1",0,15,,
"5c3eca42-316b-44d7-972d-ee8399e5029f","KONZ_001.basePlot.all","D06","KONZ","KONZ_001","1117483","2015-10-26","Field Book for Describing and Sampling Soils ver3","S2015KS161101","16N00953","Bt",34,70,,
"de3f0114-6d60-4503-bcc2-f05af525dd48","KONZ_006.basePlot.all","D06","KONZ","KONZ_006","1117480","2015-10-26","Field Book for Describing and Sampling Soils ver3","S2015KS061100","16N00944","A2",15,44,,
"f9d025bb-02a1-4ad6-b39b-86613a0eb7b5","KONZ_001.basePlot.all","D06","KONZ","KONZ_001","1117483","2015-10-26","Field Book for Describing and Sampling Soils ver3","S2015KS161101","16N00951","A1",0,20,,
"84ee00b4-c83d-4e39-b1b2-8742bdf16892","KONZ_010.basePlot.all","D06","KONZ","KONZ_010","1117482","2015-10-26","Field Book for Describing and Sampling Soils ver3","S2015KS161100","16N00948","Bt1",27,44,,
"9f741f61-99dc-423d-bfaf-f72162d5d213","KONZ_001.basePlot.all","D06","KONZ","KONZ_001","1117483","2015-10-26","Field Book for Describing and Sampling Soils ver3","S2015KS161101","16N00952","A2",20,34,,
"e63db01e-f66b-468c-a716-5d4495900a85","KONZ_006.basePlot.all","D06","KONZ","KONZ_006","1117480","2015-10-26","Field Book for Describing and Sampling Soils ver3","S2015KS061100","16N00945","BA",44,66,,
"6e957289-620e-4e4d-a2b9-7fe6df19d1fa","KONZ_010.basePlot.all","D06","KONZ","KONZ_010","1117482","2015-10-26","Field Book for Describing and Sampling Soils ver3","S2015KS161100","16N00947","A",0,27,,
"8a0d4db2-d129-4e51-ad86-1fe220066075","KONZ_024.basePlot.all","D06","KONZ","KONZ_024","1117486","2015-10-27","Field Book for Describing and Sampling Soils ver3","S2015KS161104","16N00962","Bw1",27,50,,
"06502dac-a336-4eb7-ae9f-9c005cbce461","KONZ_024.basePlot.all","D06","KONZ","KONZ_024","1117486","2015-10-27","Field Book for Describing and Sampling Soils ver3","S2015KS161104","16N00960","A",0,12,,
"f65407fb-2d49-424a-8ae1-57deb6a30f52","KONZ_025.basePlot.all","D06","KONZ","KONZ_025","1117487","2015-10-27","Field Book for Describing and Sampling Soils ver3","S2015KS161105","16N00968","Bt3",54,74,,
"190e2058-3fec-47cc-9c31-3834589348eb","KONZ_002.basePlot.all","D06","KONZ","KONZ_002","1117484","2015-10-27","Field Book for Describing and Sampling Soils ver3","S2015KS161102","16N00957","2Cr",44,83,,
"0ac1024e-028e-49b3-b3e4-72fc51b648ca","KONZ_002.basePlot.all","D06","KONZ","KONZ_002","1117484","2015-10-27","Field Book for Describing and Sampling Soils ver3","S2015KS161102","16N00954","A1",0,16,,
"293e25b5-d62f-4fec-9634-a83e74aefdcf","KONZ_025.basePlot.all","D06","KONZ","KONZ_025","1117487","2015-10-27","Field Book for Describing and Sampling Soils ver3","S2015KS161105","16N00965","A",0,20,,
"74a515fa-8600-41f0-a535-e06151f95223","KONZ_002.basePlot.all","D06","KONZ","KONZ_002","1117484","2015-10-27","Field Book for Describing and Sampling Soils ver3","S2015KS161102","16N00955","A2",16,27,,
"73aaa7e3-992b-4433-bb87-db61c804f4e8","KONZ_004.basePlot.all","D06","KONZ","KONZ_004","1117485","2015-10-27","Field Book for Describing and Sampling Soils ver3","S2015KS161103","5512618","R",27,200,,
"ffa8f717-ef2a-49a0-a6a1-c699082e6497","KONZ_004.basePlot.all","D06","KONZ","KONZ_004","1117485","2015-10-27","Field Book for Describing and Sampling Soils ver3","S2015KS161103","16N00958","A1",0,12,,
"3bdf4644-1291-4a68-b281-919072d1b83f","KONZ_002.basePlot.all","D06","KONZ","KONZ_002","1117484","2015-10-27","Field Book for Describing and Sampling Soils ver3","S2015KS161102","5512614","2R",83,108,,
"b6f314ab-4f31-4790-b94c-8a315998e354","KONZ_025.basePlot.all","D06","KONZ","KONZ_025","1117487","2015-10-27","Field Book for Describing and Sampling Soils ver3","S2015KS161105","16N00967","Bt2",32,54,,
"8d50cc98-c481-4347-8af0-288d9f757ae8","KONZ_025.basePlot.all","D06","KONZ","KONZ_025","1117487","2015-10-27","Field Book for Describing and Sampling Soils ver3","S2015KS161105","16N00966","Bt1",20,32,,
"55a933e0-ba93-4fd5-9efc-43d043fa2f16","KONZ_025.basePlot.all","D06","KONZ","KONZ_025","1117487","2015-10-27","Field Book for Describing and Sampling Soils ver3","S2015KS161105","16N00969","Bt4",74,100,,
"b54fe50b-fc7c-42cf-a6f6-d0b3970556d3","KONZ_024.basePlot.all","D06","KONZ","KONZ_024","1117486","2015-10-27","Field Book for Describing and Sampling Soils ver3","S2015KS161104","16N00963","Bw2",50,78,,
"48dbf4e2-de98-4ea5-a784-2e1f63a0014d","KONZ_024.basePlot.all","D06","KONZ","KONZ_024","1117486","2015-10-27","Field Book for Describing and Sampling Soils ver3","S2015KS161104","16N00961","BA",12,27,,
"2443c95d-25d2-4101-a5da-59de55226921","KONZ_024.basePlot.all","D06","KONZ","KONZ_024","1117486","2015-10-27","Field Book for Describing and Sampling Soils ver3","S2015KS161104","16N00964","2BC",78,100,,
"0971ad90-3429-43e5-90c1-4c297e089b66","KONZ_004.basePlot.all","D06","KONZ","KONZ_004","1117485","2015-10-27","Field Book for Describing and Sampling Soils ver3","S2015KS161103","16N00959","A2",12,27,,
"ed2397db-fb97-4b75-97e7-2ca55b1a22df","KONZ_002.basePlot.all","D06","KONZ","KONZ_002","1117484","2015-10-27","Field Book for Describing and Sampling Soils ver3","S2015KS161102","16N00956","Bw",27,44,,
"9eacadd0-c34a-46be-b0db-7ebd786f9250","KONZ_027.basePlot.all","D06","KONZ","KONZ_027","1117491","2015-10-28","Field Book for Describing and Sampling Soils ver3","S2015KS161109","16N00984","Bt2",32,62,,
"3ad8edf8-bee8-4ac5-963b-e517f19a2491","KONZ_011.basePlot.all","D06","KONZ","KONZ_011","1117488","2015-10-28","Field Book for Describing and Sampling Soils ver3","S2015KS161106","16N00970","A1",0,17,,
"7a194eed-5363-497e-8620-d50f27a4e3e9","KONZ_029.basePlot.all","D06","KONZ","KONZ_029","1117489","2015-10-28","Field Book for Describing and Sampling Soils ver3","S2015KS161107","16N00976","Bw1",37,64,,
"f259070a-1736-469b-b26a-d4638ca676cd","KONZ_011.basePlot.all","D06","KONZ","KONZ_011","1117488","2015-10-28","Field Book for Describing and Sampling Soils ver3","S2015KS161106","16N00972","2Bw",40,60,,
"a96a73ac-21e9-49a6-a864-e3320a305603","KONZ_027.basePlot.all","D06","KONZ","KONZ_027","1117491","2015-10-28","Field Book for Describing and Sampling Soils ver3","S2015KS161109","16N00982","A",0,17,,
"8ffd3838-9936-4a7c-900c-30d59f83ed57","KONZ_011.basePlot.all","D06","KONZ","KONZ_011","1117488","2015-10-28","Field Book for Describing and Sampling Soils ver3","S2015KS161106","5512633","2R",80,105,,
"59ec3215-cad0-4b05-a778-28659ce15de3","KONZ_029.basePlot.all","D06","KONZ","KONZ_029","1117489","2015-10-28","Field Book for Describing and Sampling Soils ver3","S2015KS161107","16N00975","A2",18,37,,
"a08dfb67-443c-4c80-99b5-64fa2c857baa","KONZ_011.basePlot.all","D06","KONZ","KONZ_011","1117488","2015-10-28","Field Book for Describing and Sampling Soils ver3","S2015KS161106","16N00971","A2",17,40,,
"12e5eb8c-240b-4742-b75e-480b8d44212d","KONZ_027.basePlot.all","D06","KONZ","KONZ_027","1117491","2015-10-28","Field Book for Describing and Sampling Soils ver3","S2015KS161109","16N00985","Btk",62,100,,
"90125ac3-001a-46bb-a2a6-e5e9084bcd27","KONZ_029.basePlot.all","D06","KONZ","KONZ_029","1117489","2015-10-28","Field Book for Describing and Sampling Soils ver3","S2015KS161107","16N00974","A1",0,18,"There is a gravel line present at the bottom of this horizon.",
"bb405b40-2529-49d0-8aca-1d3de67c4e64","KONZ_016.basePlot.all","D06","KONZ","KONZ_016","1117490","2015-10-28","Field Book for Describing and Sampling Soils ver3","S2015KS161108","16N00979","A2",11,34,,
"b92c22f1-790c-449e-ab73-5d5f27773422","KONZ_029.basePlot.all","D06","KONZ","KONZ_029","1117489","2015-10-28","Field Book for Describing and Sampling Soils ver3","S2015KS161107","16N00977","Bw2",64,100,"There is a gravel line present in the top of this horizon.",
"03c4d04b-62bf-4743-9774-68a6aa728589","KONZ_011.basePlot.all","D06","KONZ","KONZ_011","1117488","2015-10-28","Field Book for Describing and Sampling Soils ver3","S2015KS161106","16N00973","2Bk",60,80,,
"85a7ae9d-a059-4f62-85fc-28c4ad64375a","KONZ_027.basePlot.all","D06","KONZ","KONZ_027","1117491","2015-10-28","Field Book for Describing and Sampling Soils ver3","S2015KS161109","16N00983","Bt1",17,32,,
"ea423158-c3c0-4174-bc2e-7c254cd61c9a","KONZ_016.basePlot.all","D06","KONZ","KONZ_016","1117490","2015-10-28","Field Book for Describing and Sampling Soils ver3","S2015KS161108","16N00980","2Bw",34,49,,
"c87d4761-1f8c-420c-a4b6-190b162baac4","KONZ_016.basePlot.all","D06","KONZ","KONZ_016","1117490","2015-10-28","Field Book for Describing and Sampling Soils ver3","S2015KS161108","16N00978","A1",0,11,,
"718f5eb5-87e6-4f29-96c8-4e243ef0212e","KONZ_016.basePlot.all","D06","KONZ","KONZ_016","1117490","2015-10-28","Field Book for Describing and Sampling Soils ver3","S2015KS161108","16N00981","2Cr",49,62,"Roots found in horizon were only present in cracks that occurred more than 4 inches apart.",
"e699e3be-e3f7-4d6a-81b0-fdb07d2d3c6b","KONZ_020.basePlot.all","D06","KONZ","KONZ_020","1117492","2015-10-29","Field Book for Describing and Sampling Soils ver3","S2015KS161110","16N00987","A2",14,23,,
"975674cf-beff-4be6-a2e9-3fd54cea8a70","KONZ_020.basePlot.all","D06","KONZ","KONZ_020","1117492","2015-10-29","Field Book for Describing and Sampling Soils ver3","S2015KS161110","16N00986","A1",0,14,,
"14607b87-2e59-4509-8c98-5cfc33d7ecc5","KONZ_012.basePlot.all","D06","KONZ","KONZ_012","1117493","2015-10-29","Field Book for Describing and Sampling Soils ver3","S2015KS161111","16N00990","A1",0,15,,
"8c3e9ccb-6c53-4b5a-9b90-fb346fa502e7","KONZ_012.basePlot.all","D06","KONZ","KONZ_012","1117493","2015-10-29","Field Book for Describing and Sampling Soils ver3","S2015KS161111","16N00991","A2",15,29,,
"33e57a21-cf3f-4153-bf7c-57b0c8eba8d9","KONZ_012.basePlot.all","D06","KONZ","KONZ_012","1117493","2015-10-29","Field Book for Describing and Sampling Soils ver3","S2015KS161111","16N00993","Bt2",57,100,,
"fff3b021-6580-429b-a207-bc0e5b3df1d5","KONZ_012.basePlot.all","D06","KONZ","KONZ_012","1117493","2015-10-29","Field Book for Describing and Sampling Soils ver3","S2015KS161111","16N00992","Bt1",29,57,,
"1e2ded85-00f4-4eb0-8093-097046c3778d","KONZ_020.basePlot.all","D06","KONZ","KONZ_020","1117492","2015-10-29","Field Book for Describing and Sampling Soils ver3","S2015KS161110","16N00989","2R",52,77,,
"a38542b7-9ea8-4104-971c-112fd04c5a9e","KONZ_020.basePlot.all","D06","KONZ","KONZ_020","1117492","2015-10-29","Field Book for Describing and Sampling Soils ver3","S2015KS161110","16N00988","Bt",23,52,,
