uid,namedLocation,domainID,siteID,plotID,nrcsDescriptionID,collectDate,horizonID,horizonName,biogeoIDnrcs,biogeoSampleType,biogeoTopDepth,biogeoBottomDepth,biogeoCenterDepth,particleSizeDistProcessedDate,particleSizeDistMethodPub,particleSizeDistMethod,coarseFrag2To5,coarseFrag5To20,sandTotal,siltTotal,clayTotal,carbonateClay,clayFineContent,siltFineContent,siltCoarseContent,sandVeryFineContent,sandFineContent,sandMediumContent,sandCoarseContent,sandVeryCoarseContent,laboratoryName,dataQF
"8bab86e7-d3c4-46b3-9d06-8dd0b1ff0675","KONZ_001.basePlot.all","D06","KONZ","KONZ_001","S2015KS161101","2015-10-26","16N00952","A2","S2015KS161101-2","bulk",20.0,34.0,27.0,"2016-03-17","Kellogg Soil Survey Laboratory Methods Manual, Soil Survey Investigations Report No. 42 Version 5.0, Issued 2014","Routine Particle Size Distribution (3A1a1a)",237.4,0.0,19.7,45.2,35.1,,,20.3,24.9,5.5,2.2,2.8,5.1,4.1,"USDA NRCS Kellogg Soil Survey Laboratory",
"e8fb1c40-b38c-4697-8176-ab779dfedbde","KONZ_001.basePlot.all","D06","KONZ","KONZ_001","S2015KS161101","2015-10-26","16N00953","Bt","S2015KS161101-3","bulk",34.0,70.0,52.0,"2016-03-17","Kellogg Soil Survey Laboratory Methods Manual, Soil Survey Investigations Report No. 42 Version 5.0, Issued 2014","Routine Particle Size Distribution (3A1a1a)",527.4,63.6,15.0,16.8,68.2,0.0,,11.1,5.7,1.5,1.4,2.5,4.2,5.4,"USDA NRCS Kellogg Soil Survey Laboratory",
"394ee343-443d-44cb-875f-23aa32b5355a","KONZ_001.basePlot.all","D06","KONZ","KONZ_001","S2015KS161101","2015-10-26","16N00951","A1","S2015KS161101-1","bulk",0.0,20.0,10.0,"2016-03-17","Kellogg Soil Survey Laboratory Methods Manual, Soil Survey Investigations Report No. 42 Version 5.0, Issued 2014","Routine Particle Size Distribution (3A1a1a)",193.0,148.8,10.1,58.7,31.2,,,22.0,36.7,5.7,0.8,0.5,1.0,2.1,"USDA NRCS Kellogg Soil Survey Laboratory",
"442eac44-aa58-4ef2-9a8f-acb6498cb6fd","KONZ_006.basePlot.all","D06","KONZ","KONZ_006","S2015KS061100","2015-10-26","16N00944","A2","S2015KS061100-2","bulk",15.0,44.0,29.5,"2016-03-17","Kellogg Soil Survey Laboratory Methods Manual, Soil Survey Investigations Report No. 42 Version 5.0, Issued 2014","Routine Particle Size Distribution (3A1a1a)",24.7,4.0,6.9,58.1,35.0,,,24.2,33.9,4.9,0.6,0.4,0.6,0.4,"USDA NRCS Kellogg Soil Survey Laboratory",
"1490c9d9-0105-4236-b31e-9a0a4f1e02c1","KONZ_010.basePlot.all","D06","KONZ","KONZ_010","S2015KS161100","2015-10-26","16N00947","A","S2015KS161100-1","bulk",0.0,27.0,13.5,"2016-03-17","Kellogg Soil Survey Laboratory Methods Manual, Soil Survey Investigations Report No. 42 Version 5.0, Issued 2014","Routine Particle Size Distribution (3A1a1a)",69.8,11.1,6.0,57.4,36.6,,,24.8,32.6,4.6,0.4,0.4,0.4,0.2,"USDA NRCS Kellogg Soil Survey Laboratory",
"93ed41bc-08db-4af3-b763-5ee70201211d","KONZ_006.basePlot.all","D06","KONZ","KONZ_006","S2015KS061100","2015-10-26","16N00946","Bt","S2015KS061100-4","bulk",66.0,100.0,83.0,"2016-03-17","Kellogg Soil Survey Laboratory Methods Manual, Soil Survey Investigations Report No. 42 Version 5.0, Issued 2014","Routine Particle Size Distribution (3A1a1a)",113.5,2.7,6.1,57.3,36.6,,,26.1,31.2,5.0,0.5,0.2,0.3,0.1,"USDA NRCS Kellogg Soil Survey Laboratory",
"8becc508-93bf-4175-85b5-ae5f0ab79ae6","KONZ_010.basePlot.all","D06","KONZ","KONZ_010","S2015KS161100","2015-10-26","16N00950","2Bt3","S2015KS161100-4","bulk",72.0,100.0,86.0,"2016-03-17","Kellogg Soil Survey Laboratory Methods Manual, Soil Survey Investigations Report No. 42 Version 5.0, Issued 2014","Routine Particle Size Distribution (3A1a1a)",0.0,0.0,1.8,53.2,45.0,0.0,,32.1,21.1,1.5,0.1,0.1,0.1,0.0,"USDA NRCS Kellogg Soil Survey Laboratory",
"3b449b5b-d237-446a-a406-4c440a53d1a6","KONZ_006.basePlot.all","D06","KONZ","KONZ_006","S2015KS061100","2015-10-26","16N00945","BA","S2015KS061100-3","bulk",44.0,66.0,55.0,"2016-03-17","Kellogg Soil Survey Laboratory Methods Manual, Soil Survey Investigations Report No. 42 Version 5.0, Issued 2014","Routine Particle Size Distribution (3A1a1a)",99.5,7.2,7.0,55.8,37.2,,,24.9,30.9,5.6,0.4,0.3,0.4,0.3,"USDA NRCS Kellogg Soil Survey Laboratory",
"4aee3ca0-a1fb-4220-a47b-8562fa2dd104","KONZ_010.basePlot.all","D06","KONZ","KONZ_010","S2015KS161100","2015-10-26","16N00949","Bt2","S2015KS161100-3","bulk",44.0,72.0,58.0,"2016-03-17","Kellogg Soil Survey Laboratory Methods Manual, Soil Survey Investigations Report No. 42 Version 5.0, Issued 2014","Routine Particle Size Distribution (3A1a1a)",0.3,0.0,1.8,48.3,49.9,0.0,,29.9,18.4,1.4,0.2,0.1,0.1,0.0,"USDA NRCS Kellogg Soil Survey Laboratory",
"840ea6f0-bf76-45e0-978b-de1e577d4d8b","KONZ_010.basePlot.all","D06","KONZ","KONZ_010","S2015KS161100","2015-10-26","16N00948","Bt1","S2015KS161100-2","bulk",27.0,44.0,35.5,"2016-03-17","Kellogg Soil Survey Laboratory Methods Manual, Soil Survey Investigations Report No. 42 Version 5.0, Issued 2014","Routine Particle Size Distribution (3A1a1a)",113.8,29.7,4.3,50.9,44.8,,,24.5,26.4,2.9,0.3,0.3,0.5,0.3,"USDA NRCS Kellogg Soil Survey Laboratory",
"93470dda-a36d-4c9b-914e-c1967e774ce4","KONZ_006.basePlot.all","D06","KONZ","KONZ_006","S2015KS061100","2015-10-26","16N00943","A1","S2015KS061100-1","bulk",0.0,15.0,7.5,"2016-03-23","Kellogg Soil Survey Laboratory Methods Manual, Soil Survey Investigations Report No. 42 Version 5.0, Issued 2014","Routine Particle Size Distribution (3A1a1a)",113.1,7.6,7.5,63.3,29.2,,,23.9,39.4,6.3,0.3,0.3,0.3,0.3,"USDA NRCS Kellogg Soil Survey Laboratory",
"4e1ef9ed-6d27-4cce-b834-5133e32a44ad","KONZ_002.basePlot.all","D06","KONZ","KONZ_002","S2015KS161102","2015-10-27","16N00955","A2","S2015KS161102-2","bulk",16.0,27.0,21.5,"2016-03-17","Kellogg Soil Survey Laboratory Methods Manual, Soil Survey Investigations Report No. 42 Version 5.0, Issued 2014","Routine Particle Size Distribution (3A1a1a)",130.2,315.2,12.1,39.7,48.2,1.3,,26.6,13.1,1.9,1.1,1.8,3.9,3.4,"USDA NRCS Kellogg Soil Survey Laboratory",
"0c7a2ee8-0933-4aa3-87d5-b4e16f3a3912","KONZ_024.basePlot.all","D06","KONZ","KONZ_024","S2015KS161104","2015-10-27","16N00961","BA","S2015KS161104-2","bulk",12.0,27.0,19.5,"2016-03-23","Kellogg Soil Survey Laboratory Methods Manual, Soil Survey Investigations Report No. 42 Version 5.0, Issued 2014","Routine Particle Size Distribution (3A1a1a)",240.9,81.1,14.8,50.8,34.4,0.0,,31.1,19.7,3.8,2.7,2.6,3.4,2.3,"USDA NRCS Kellogg Soil Survey Laboratory",
"6868ac15-4921-4773-ad02-f483f5f4d84f","KONZ_025.basePlot.all","D06","KONZ","KONZ_025","S2015KS161105","2015-10-27","16N00966","Bt1","S2015KS161105-2","bulk",20.0,32.0,26.0,"2016-03-23","Kellogg Soil Survey Laboratory Methods Manual, Soil Survey Investigations Report No. 42 Version 5.0, Issued 2014","Routine Particle Size Distribution (3A1a1a)",0.3,1.9,6.5,50.9,42.6,0.0,,21.0,29.9,5.8,0.4,0.2,0.0,0.1,"USDA NRCS Kellogg Soil Survey Laboratory",
"f86b2926-f017-4dd1-8fdc-adf477377374","KONZ_002.basePlot.all","D06","KONZ","KONZ_002","S2015KS161102","2015-10-27","16N00956","Bw","S2015KS161102-3","bulk",27.0,44.0,35.5,"2016-03-17","Kellogg Soil Survey Laboratory Methods Manual, Soil Survey Investigations Report No. 42 Version 5.0, Issued 2014","Routine Particle Size Distribution (3A1a1a)",165.2,312.5,26.8,33.3,39.9,2.7,,28.0,5.3,0.9,1.1,2.5,8.9,13.4,"USDA NRCS Kellogg Soil Survey Laboratory",
"22879190-f731-49ef-b109-87c6a74859c2","KONZ_004.basePlot.all","D06","KONZ","KONZ_004","S2015KS161103","2015-10-27","16N00959","A2","S2015KS161103-2","bulk",12.0,27.0,19.5,"2016-03-23","Kellogg Soil Survey Laboratory Methods Manual, Soil Survey Investigations Report No. 42 Version 5.0, Issued 2014","Routine Particle Size Distribution (3A1a1a)",178.6,9.3,11.9,59.4,28.7,1.9,,28.4,31.0,4.6,2.5,2.0,1.6,1.2,"USDA NRCS Kellogg Soil Survey Laboratory",
"f69e0ed6-9990-48d2-b0e5-85d5478b65be","KONZ_025.basePlot.all","D06","KONZ","KONZ_025","S2015KS161105","2015-10-27","16N00965","A","S2015KS161105-1","bulk",0.0,20.0,10.0,"2016-03-23","Kellogg Soil Survey Laboratory Methods Manual, Soil Survey Investigations Report No. 42 Version 5.0, Issued 2014","Routine Particle Size Distribution (3A1a1a)",0.5,2.1,7.3,55.6,37.1,0.0,,21.3,34.3,6.6,0.3,0.2,0.1,0.1,"USDA NRCS Kellogg Soil Survey Laboratory",
"7ad95b10-b474-4545-bfa2-9d4cd505ff2e","KONZ_025.basePlot.all","D06","KONZ","KONZ_025","S2015KS161105","2015-10-27","16N00968","Bt3","S2015KS161105-4","bulk",54.0,74.0,64.0,"2016-03-23","Kellogg Soil Survey Laboratory Methods Manual, Soil Survey Investigations Report No. 42 Version 5.0, Issued 2014","Routine Particle Size Distribution (3A1a1a)",0.5,0.5,8.0,53.5,38.5,0.0,,23.7,29.8,7.4,0.4,0.1,0.1,0.0,"USDA NRCS Kellogg Soil Survey Laboratory",
"a10fbcb2-9531-495d-b3be-0a9c9551bbae","KONZ_024.basePlot.all","D06","KONZ","KONZ_024","S2015KS161104","2015-10-27","16N00963","Bw2","S2015KS161104-4","bulk",50.0,78.0,64.0,"2016-03-23","Kellogg Soil Survey Laboratory Methods Manual, Soil Survey Investigations Report No. 42 Version 5.0, Issued 2014","Routine Particle Size Distribution (3A1a1a)",73.9,73.5,12.7,50.3,37.0,2.6,,29.8,20.5,4.0,2.2,1.9,2.5,2.1,"USDA NRCS Kellogg Soil Survey Laboratory",
"5ce66d62-674e-4cfa-80d0-6b6c43a23661","KONZ_025.basePlot.all","D06","KONZ","KONZ_025","S2015KS161105","2015-10-27","16N00967","Bt2","S2015KS161105-3","bulk",32.0,54.0,43.0,"2016-03-23","Kellogg Soil Survey Laboratory Methods Manual, Soil Survey Investigations Report No. 42 Version 5.0, Issued 2014","Routine Particle Size Distribution (3A1a1a)",0.3,0.3,6.1,50.4,43.5,0.0,,23.4,27.0,5.6,0.3,0.1,0.1,0.0,"USDA NRCS Kellogg Soil Survey Laboratory",
"ea3e265b-2c65-48fd-9c79-c099bb4356ec","KONZ_024.basePlot.all","D06","KONZ","KONZ_024","S2015KS161104","2015-10-27","16N00960","A","S2015KS161104-1","bulk",0.0,12.0,6.0,"2016-03-23","Kellogg Soil Survey Laboratory Methods Manual, Soil Survey Investigations Report No. 42 Version 5.0, Issued 2014","Routine Particle Size Distribution (3A1a1a)",156.3,30.3,13.5,53.0,33.5,1.7,,29.9,23.1,3.5,2.3,2.7,2.8,2.2,"USDA NRCS Kellogg Soil Survey Laboratory",
"dc0c7d00-b5bc-444a-8abe-40f4e7b3609f","KONZ_024.basePlot.all","D06","KONZ","KONZ_024","S2015KS161104","2015-10-27","16N00964","2BC","S2015KS161104-5","bulk",78.0,100.0,89.0,"2016-03-23","Kellogg Soil Survey Laboratory Methods Manual, Soil Survey Investigations Report No. 42 Version 5.0, Issued 2014","Routine Particle Size Distribution (3A1a1a)",205.4,125.6,15.7,50.3,34.0,1.8,,28.6,21.7,4.1,2.5,2.4,3.7,3.0,"USDA NRCS Kellogg Soil Survey Laboratory",
"d44502f1-96fa-4474-8805-eeb346fe1002","KONZ_002.basePlot.all","D06","KONZ","KONZ_002","S2015KS161102","2015-10-27","16N00957","2Cr","S2015KS161102-4","bulk",44.0,83.0,63.5,"2016-03-17","Kellogg Soil Survey Laboratory Methods Manual, Soil Survey Investigations Report No. 42 Version 5.0, Issued 2014","Routine Particle Size Distribution (3A1a1a)",229.3,270.0,25.5,48.6,25.9,4.3,,43.5,5.1,1.3,2.0,4.3,7.5,10.4,"USDA NRCS Kellogg Soil Survey Laboratory",
"36912460-6452-4dc2-9674-7d1b39dffb09","KONZ_004.basePlot.all","D06","KONZ","KONZ_004","S2015KS161103","2015-10-27","16N00958","A1","S2015KS161103-1","bulk",0.0,12.0,6.0,"2016-03-23","Kellogg Soil Survey Laboratory Methods Manual, Soil Survey Investigations Report No. 42 Version 5.0, Issued 2014","Routine Particle Size Distribution (3A1a1a)",0.2,0.9,8.8,60.2,31.0,0.0,,25.8,34.4,3.9,1.8,1.8,1.1,0.2,"USDA NRCS Kellogg Soil Survey Laboratory",
"14fcb9fc-5752-42ab-9853-fda136a4d338","KONZ_025.basePlot.all","D06","KONZ","KONZ_025","S2015KS161105","2015-10-27","16N00969","Bt4","S2015KS161105-5","bulk",74.0,100.0,87.0,"2016-03-23","Kellogg Soil Survey Laboratory Methods Manual, Soil Survey Investigations Report No. 42 Version 5.0, Issued 2014","Routine Particle Size Distribution (3A1a1a)",0.6,2.3,10.8,50.3,38.9,0.0,,20.9,29.4,9.9,0.4,0.2,0.2,0.1,"USDA NRCS Kellogg Soil Survey Laboratory",
"849e41ba-871f-4b80-a203-63c3e147baff","KONZ_002.basePlot.all","D06","KONZ","KONZ_002","S2015KS161102","2015-10-27","16N00954","A1","S2015KS161102-1","bulk",0.0,16.0,8.0,"2016-03-17","Kellogg Soil Survey Laboratory Methods Manual, Soil Survey Investigations Report No. 42 Version 5.0, Issued 2014","Routine Particle Size Distribution (3A1a1a)",275.5,222.9,5.8,42.0,52.2,0.0,,24.7,17.3,2.0,0.6,0.9,1.6,0.7,"USDA NRCS Kellogg Soil Survey Laboratory",
"a52cd0ed-12fb-4d08-996f-6e02f88c6fcc","KONZ_024.basePlot.all","D06","KONZ","KONZ_024","S2015KS161104","2015-10-27","16N00962","Bw1","S2015KS161104-3","bulk",27.0,50.0,38.5,"2016-03-23","Kellogg Soil Survey Laboratory Methods Manual, Soil Survey Investigations Report No. 42 Version 5.0, Issued 2014","Routine Particle Size Distribution (3A1a1a)",99.3,30.5,13.1,49.2,37.7,3.8,,30.9,18.3,3.5,2.1,1.9,2.5,3.1,"USDA NRCS Kellogg Soil Survey Laboratory",
"66d09d53-d233-4de4-bdcd-37f731d8593a","KONZ_027.basePlot.all","D06","KONZ","KONZ_027","S2015KS161109","2015-10-28","16N00982","A","S2015KS161109-1","bulk",0.0,17.0,8.5,"2016-03-23","Kellogg Soil Survey Laboratory Methods Manual, Soil Survey Investigations Report No. 42 Version 5.0, Issued 2014","Routine Particle Size Distribution (3A1a1a)",170.7,20.8,8.4,48.6,43.0,0.0,,22.4,26.2,4.1,1.1,1.3,1.2,0.7,"USDA NRCS Kellogg Soil Survey Laboratory",
"e5d69cb5-b7ab-429b-9615-f7b72f1f7289","KONZ_027.basePlot.all","D06","KONZ","KONZ_027","S2015KS161109","2015-10-28","16N00984","Bt2","S2015KS161109-3","bulk",32.0,62.0,47.0,"2016-03-23","Kellogg Soil Survey Laboratory Methods Manual, Soil Survey Investigations Report No. 42 Version 5.0, Issued 2014","Routine Particle Size Distribution (3A1a1a)",156.2,152.0,18.5,45.2,36.3,1.5,,24.8,20.4,3.4,1.6,2.3,5.2,6.0,"USDA NRCS Kellogg Soil Survey Laboratory",
"81f6d106-3e11-4602-9986-c7fbd189519e","KONZ_029.basePlot.all","D06","KONZ","KONZ_029","S2015KS161107","2015-10-28","16N00975","A2","S2015KS161107-2","bulk",18.0,37.0,27.5,"2016-03-23","Kellogg Soil Survey Laboratory Methods Manual, Soil Survey Investigations Report No. 42 Version 5.0, Issued 2014","Routine Particle Size Distribution (3A1a1a)",130.8,6.3,10.0,52.2,37.8,0.0,,24.7,27.5,6.2,1.3,1.0,0.7,0.8,"USDA NRCS Kellogg Soil Survey Laboratory",
"43b083ad-fe5b-4788-accf-7723997d1b69","KONZ_016.basePlot.all","D06","KONZ","KONZ_016","S2015KS161108","2015-10-28","16N00979","A2","S2015KS161108-2","bulk",11.0,34.0,22.5,"2016-03-23","Kellogg Soil Survey Laboratory Methods Manual, Soil Survey Investigations Report No. 42 Version 5.0, Issued 2014","Routine Particle Size Distribution (3A1a1a)",166.1,312.4,22.7,49.2,28.1,4.9,,32.9,16.3,3.4,3.1,3.8,5.5,6.9,"USDA NRCS Kellogg Soil Survey Laboratory",
"0e409932-4090-46e3-996b-dc01fc40b82e","KONZ_029.basePlot.all","D06","KONZ","KONZ_029","S2015KS161107","2015-10-28","16N00974","A1","S2015KS161107-1","bulk",0.0,18.0,9.0,"2016-03-23","Kellogg Soil Survey Laboratory Methods Manual, Soil Survey Investigations Report No. 42 Version 5.0, Issued 2014","Routine Particle Size Distribution (3A1a1a)",83.4,39.8,9.9,52.4,37.7,0.0,,24.5,27.9,6.1,1.1,0.9,1.2,0.6,"USDA NRCS Kellogg Soil Survey Laboratory",
"afd4e3ee-22a0-453f-bf73-028a86e6483c","KONZ_011.basePlot.all","D06","KONZ","KONZ_011","S2015KS161106","2015-10-28","16N00973","2Bk","S2015KS161106-4","bulk",60.0,80.0,70.0,"2016-03-23","Kellogg Soil Survey Laboratory Methods Manual, Soil Survey Investigations Report No. 42 Version 5.0, Issued 2014","Routine Particle Size Distribution (3A1a1a)",150.4,76.0,6.7,58.9,34.4,10.0,,52.0,6.9,0.9,0.9,1.6,1.6,1.7,"USDA NRCS Kellogg Soil Survey Laboratory",
"1587de7f-89ed-47de-8516-8ead9dd51ec6","KONZ_029.basePlot.all","D06","KONZ","KONZ_029","S2015KS161107","2015-10-28","16N00976","Bw1","S2015KS161107-3","bulk",37.0,64.0,50.5,"2016-03-23","Kellogg Soil Survey Laboratory Methods Manual, Soil Survey Investigations Report No. 42 Version 5.0, Issued 2014","Routine Particle Size Distribution (3A1a1a)",70.0,0.9,9.6,50.8,39.6,0.0,,24.1,26.7,6.5,1.4,0.9,0.5,0.3,"USDA NRCS Kellogg Soil Survey Laboratory",
"21839e47-3644-45da-a77d-6b2ac8683c15","KONZ_011.basePlot.all","D06","KONZ","KONZ_011","S2015KS161106","2015-10-28","16N00970","A1","S2015KS161106-1","bulk",0.0,17.0,8.5,"2016-03-23","Kellogg Soil Survey Laboratory Methods Manual, Soil Survey Investigations Report No. 42 Version 5.0, Issued 2014","Routine Particle Size Distribution (3A1a1a)",309.0,29.5,6.8,50.6,42.6,0.8,,29.9,20.7,2.1,0.9,1.2,2.1,0.5,"USDA NRCS Kellogg Soil Survey Laboratory",
"a34bf23a-b533-473d-a17a-6027c1fdea5c","KONZ_029.basePlot.all","D06","KONZ","KONZ_029","S2015KS161107","2015-10-28","16N00977","Bw2","S2015KS161107-4","bulk",64.0,100.0,82.0,"2016-03-23","Kellogg Soil Survey Laboratory Methods Manual, Soil Survey Investigations Report No. 42 Version 5.0, Issued 2014","Routine Particle Size Distribution (3A1a1a)",194.9,7.5,6.3,51.3,42.4,0.0,,24.8,26.5,4.1,0.7,0.5,0.5,0.5,"USDA NRCS Kellogg Soil Survey Laboratory",
"fca0e6d7-267b-4e90-9caa-e84e104e2c75","KONZ_016.basePlot.all","D06","KONZ","KONZ_016","S2015KS161108","2015-10-28","16N00981","2Cr","S2015KS161108-4","bulk",49.0,62.0,55.5,"2016-03-23","Kellogg Soil Survey Laboratory Methods Manual, Soil Survey Investigations Report No. 42 Version 5.0, Issued 2014","Routine Particle Size Distribution (3A1a1a)",151.6,184.0,11.3,56.0,32.7,7.4,,36.4,19.6,3.9,2.2,2.5,1.2,1.5,"USDA NRCS Kellogg Soil Survey Laboratory",
"c18df7f5-b12e-4fa7-a264-b80bac45fecd","KONZ_016.basePlot.all","D06","KONZ","KONZ_016","S2015KS161108","2015-10-28","16N00980","2Bw","S2015KS161108-3","bulk",34.0,49.0,41.5,"2016-03-23","Kellogg Soil Survey Laboratory Methods Manual, Soil Survey Investigations Report No. 42 Version 5.0, Issued 2014","Routine Particle Size Distribution (3A1a1a)",230.6,174.7,13.8,54.4,31.8,3.8,,36.0,18.4,3.9,2.7,2.1,2.8,2.3,"USDA NRCS Kellogg Soil Survey Laboratory",
"008d1f1b-2949-4dcc-9459-f17a029076b9","KONZ_011.basePlot.all","D06","KONZ","KONZ_011","S2015KS161106","2015-10-28","16N00972","2Bw","S2015KS161106-3","bulk",40.0,60.0,50.0,"2016-03-23","Kellogg Soil Survey Laboratory Methods Manual, Soil Survey Investigations Report No. 42 Version 5.0, Issued 2014","Routine Particle Size Distribution (3A1a1a)",387.4,25.6,5.0,36.0,59.0,4.7,,29.7,6.3,0.7,0.6,0.8,1.5,1.4,"USDA NRCS Kellogg Soil Survey Laboratory",
"527f51c7-f208-4fc1-a3f9-0a85bc506e6c","KONZ_027.basePlot.all","D06","KONZ","KONZ_027","S2015KS161109","2015-10-28","16N00985","Btk","S2015KS161109-4","bulk",62.0,100.0,81.0,"2016-03-23","Kellogg Soil Survey Laboratory Methods Manual, Soil Survey Investigations Report No. 42 Version 5.0, Issued 2014","Routine Particle Size Distribution (3A1a1a)",234.6,9.9,8.0,49.3,42.7,1.8,,25.0,24.3,3.9,1.2,2.4,0.0,0.5,"USDA NRCS Kellogg Soil Survey Laboratory",
"01fe1f28-db1e-4c5e-ac6f-6d0492967051","KONZ_011.basePlot.all","D06","KONZ","KONZ_011","S2015KS161106","2015-10-28","16N00971","A2","S2015KS161106-2","bulk",17.0,40.0,28.5,"2016-03-23","Kellogg Soil Survey Laboratory Methods Manual, Soil Survey Investigations Report No. 42 Version 5.0, Issued 2014","Routine Particle Size Distribution (3A1a1a)",239.0,381.9,16.1,41.3,42.6,1.3,,26.6,14.7,2.0,1.6,2.5,4.6,5.4,"USDA NRCS Kellogg Soil Survey Laboratory",
"c8c60457-d9b1-4333-be78-b3b98b1b2668","KONZ_016.basePlot.all","D06","KONZ","KONZ_016","S2015KS161108","2015-10-28","16N00978","A1","S2015KS161108-1","bulk",0.0,11.0,5.5,"2016-03-23","Kellogg Soil Survey Laboratory Methods Manual, Soil Survey Investigations Report No. 42 Version 5.0, Issued 2014","Routine Particle Size Distribution (3A1a1a)",77.6,244.3,13.1,50.0,36.9,1.9,,30.2,19.8,3.1,2.2,2.1,2.6,3.1,"USDA NRCS Kellogg Soil Survey Laboratory",
"043a6bc3-714d-4767-9ab7-92c2185f4c32","KONZ_027.basePlot.all","D06","KONZ","KONZ_027","S2015KS161109","2015-10-28","16N00983","Bt1","S2015KS161109-2","bulk",17.0,32.0,24.5,"2016-03-23","Kellogg Soil Survey Laboratory Methods Manual, Soil Survey Investigations Report No. 42 Version 5.0, Issued 2014","Routine Particle Size Distribution (3A1a1a)",21.4,24.7,11.0,48.2,40.8,1.8,,24.9,23.3,3.8,1.6,1.7,2.0,1.9,"USDA NRCS Kellogg Soil Survey Laboratory",
"5a025100-e4d8-470b-9e03-ef8d58058b97","KONZ_012.basePlot.all","D06","KONZ","KONZ_012","S2015KS161111","2015-10-29","16N00993","Bt2","S2015KS161111-4","bulk",57.0,100.0,78.5,"2016-03-23","Kellogg Soil Survey Laboratory Methods Manual, Soil Survey Investigations Report No. 42 Version 5.0, Issued 2014","Routine Particle Size Distribution (3A1a1a)",84.3,2.2,5.9,54.7,39.4,0.0,,25.4,29.3,4.7,0.6,0.4,0.2,0.0,"USDA NRCS Kellogg Soil Survey Laboratory",
"e9c5df6c-0405-45a0-8ed8-46042c1af4eb","KONZ_012.basePlot.all","D06","KONZ","KONZ_012","S2015KS161111","2015-10-29","16N00991","A2","S2015KS161111-2","bulk",15.0,29.0,22.0,"2016-03-23","Kellogg Soil Survey Laboratory Methods Manual, Soil Survey Investigations Report No. 42 Version 5.0, Issued 2014","Routine Particle Size Distribution (3A1a1a)",2.1,7.5,4.4,54.5,41.1,0.0,,23.8,30.7,2.7,0.4,0.3,0.4,0.6,"USDA NRCS Kellogg Soil Survey Laboratory",
"58924bff-cd2b-44e2-81f1-403c05967471","KONZ_020.basePlot.all","D06","KONZ","KONZ_020","S2015KS161110","2015-10-29","16N00987","A2","S2015KS161110-2","bulk",14.0,23.0,18.5,"2016-03-23","Kellogg Soil Survey Laboratory Methods Manual, Soil Survey Investigations Report No. 42 Version 5.0, Issued 2014","Routine Particle Size Distribution (3A1a1a)",209.8,149.1,12.3,49.8,37.9,,,18.3,31.5,7.2,1.0,0.8,1.4,1.9,"USDA NRCS Kellogg Soil Survey Laboratory",
"72b7eedf-daa0-47a0-b6c6-2819ec2ad94f","KONZ_020.basePlot.all","D06","KONZ","KONZ_020","S2015KS161110","2015-10-29","16N00986","A1","S2015KS161110-1","bulk",0.0,14.0,7.0,"2016-03-23","Kellogg Soil Survey Laboratory Methods Manual, Soil Survey Investigations Report No. 42 Version 5.0, Issued 2014","Routine Particle Size Distribution (3A1a1a)",7.3,14.2,11.2,56.3,32.5,,,21.1,35.2,8.5,0.8,0.7,0.6,0.6,"USDA NRCS Kellogg Soil Survey Laboratory",
"b253995d-f116-483a-b6d1-68e4dedc6b8a","KONZ_012.basePlot.all","D06","KONZ","KONZ_012","S2015KS161111","2015-10-29","16N00992","Bt1","S2015KS161111-3","bulk",29.0,57.0,43.0,"2016-03-23","Kellogg Soil Survey Laboratory Methods Manual, Soil Survey Investigations Report No. 42 Version 5.0, Issued 2014","Routine Particle Size Distribution (3A1a1a)",4.8,4.3,4.5,54.1,41.4,0.0,,24.5,29.6,3.6,0.3,0.3,0.2,0.1,"USDA NRCS Kellogg Soil Survey Laboratory",
"9cabe98d-ab19-4b9f-83dc-00c83d19f365","KONZ_012.basePlot.all","D06","KONZ","KONZ_012","S2015KS161111","2015-10-29","16N00990","A1","S2015KS161111-1","bulk",0.0,15.0,7.5,"2016-03-23","Kellogg Soil Survey Laboratory Methods Manual, Soil Survey Investigations Report No. 42 Version 5.0, Issued 2014","Routine Particle Size Distribution (3A1a1a)",1.2,2.0,3.1,55.4,41.5,0.0,,26.1,29.3,2.1,0.3,0.2,0.3,0.2,"USDA NRCS Kellogg Soil Survey Laboratory",
"c124b86d-c480-4cd8-a78b-8cf01ede6147","KONZ_020.basePlot.all","D06","KONZ","KONZ_020","S2015KS161110","2015-10-29","16N00988","Bt","S2015KS161110-3","bulk",23.0,52.0,37.5,"2016-03-23","Kellogg Soil Survey Laboratory Methods Manual, Soil Survey Investigations Report No. 42 Version 5.0, Issued 2014","Routine Particle Size Distribution (3A1a1a)",174.8,188.8,13.5,34.9,51.6,0.0,,14.1,20.8,4.6,1.1,1.4,2.7,3.7,"USDA NRCS Kellogg Soil Survey Laboratory",
