uid,domainID,siteID,plotID,namedLocation,plotType,nlcdClass,geodeticDatum,decimalLatitude,decimalLongitude,coordinateUncertainty,elevation,elevationUncertainty,collectDate,referenceCorner,sampleDistance,sampleBearing,pitID,testProtocolVersion,soilSamplingMethod,sampleRelativeLocation,pitDepth,recordedByA,soilProfileDescriberA,soilProfileDescriberInst,nrcsDescriptionID,soilSeries,soilFamily,soilSubgroup,soilGreatGroup,soilSuborder,soilOrder,remarks,dataQF
"cbf00787-d2b7-4038-9d56-bc024973caa5","D06","KONZ","KONZ_010","KONZ_010.basePlot.all","distributed","grasslandHerbaceous","WGS84",39.073755,-96.571173,20.1,420.9,0.2,"2015-10-26","SW40",0.7,45,"1117482","Field Book for Describing and Sampling Soils ver3","soil pit","Center of pit",100,"UnaQAV2tMSeCp8mO1I14tA==","ARLOZx8SJa+7vSDc4vbf8A==","Natural Resource Conservation Service","S2015KS161100","Benfield","Fine, mixed, superactive, mesic Udertic Argiustolls","udertic argiustolls","argiustolls","ustolls","mollisols","KONZ_010;7;45;40x40 SW marker;center of pit",
"5c4ef024-fc06-4cd2-989a-8eeb7991c310","D06","KONZ","KONZ_001","KONZ_001.basePlot.all","distributed","grasslandHerbaceous","WGS84",39.075067,-96.555874,20.1,437.8,0.2,"2015-10-26","SW40",1.3,89,"1117483","Field Book for Describing and Sampling Soils ver3","soil pit","Center of pit",70,"UnaQAV2tMSeCp8mO1I14tA==","ARLOZx8SJa+7vSDc4vbf8A==","Natural Resource Conservation Service","S2015KS161101","Florence","Clayey-skeletal, smectitic, mesic Udic Argiustolls","udic argiustolls","argiustolls","ustolls","mollisols","KONZ_001;13;89;40x40 SW marker;center of pit",
"c35aca58-6449-4811-83f1-1f6dd5887fa2","D06","KONZ","KONZ_006","KONZ_006.basePlot.all","distributed","grasslandHerbaceous","WGS84",39.071160,-96.588940,20.2,409.9,0.3,"2015-10-26","SW40",2.5,85,"1117480","Field Book for Describing and Sampling Soils ver3","soil pit","Center of pit",100,"UnaQAV2tMSeCp8mO1I14tA==","ARLOZx8SJa+7vSDc4vbf8A==","Natural Resource Conservation Service","S2015KS061100","Tully","Fine, mixed, superactive, mesic Pachic Argiustolls","pachic argiustolls","argiustolls","ustolls","mollisols","KONZ_006;25.3;85;40x40 SW marker;center of pit",
"8fa1e611-17de-4fe2-9c66-2fe59d84ba9d","D06","KONZ","KONZ_004","KONZ_004.basePlot.all","distributed","grasslandHerbaceous","WGS84",39.110568,-96.550145,20.2,374.5,0.3,"2015-10-27","SW40",0.6,45,"1117485","Field Book for Describing and Sampling Soils ver3","soil pit","Center of pit",200,"UnaQAV2tMSeCp8mO1I14tA==","ARLOZx8SJa+7vSDc4vbf8A==","Natural Resource Conservation Service","S2015KS161103","Sogn","Loamy, mixed, superactive, mesic Lithic Haplustolls","lithic haplustolls","haplustolls","ustolls","mollisols","KONZ_004;5.6;45;40x40 SW marker;center of pit",
"d1a934a8-05a1-42a7-a5bc-dcae4b13e4df","D06","KONZ","KONZ_025","KONZ_025.basePlot.all","distributed","deciduousForest","WGS84",39.103998,-96.596161,20.3,339.5,0.4,"2015-10-27","SW40",0.9,25,"1117487","Field Book for Describing and Sampling Soils ver3","soil pit","Center of pit",100,"UnaQAV2tMSeCp8mO1I14tA==","ARLOZx8SJa+7vSDc4vbf8A==","Natural Resource Conservation Service","S2015KS161105","Tully","Fine, mixed, superactive, mesic Pachic Argiustolls","pachic argiustolls","argiustolls","ustolls","mollisols","KONZ_025;8.9;25;40x40 SW marker;center of pit",
"804594ee-98fc-4b89-883f-ea52e91ed89c","D06","KONZ","KONZ_024","KONZ_024.basePlot.all","distributed","deciduousForest","WGS84",39.110903,-96.552209,20.2,351.0,0.2,"2015-10-27","SW40",0.5,45,"1117486","Field Book for Describing and Sampling Soils ver3","soil pit","Center of pit",100,"UnaQAV2tMSeCp8mO1I14tA==","ARLOZx8SJa+7vSDc4vbf8A==","Natural Resource Conservation Service","S2015KS161104","Tuttle","Fine, mixed, mesic Pachic Haplustolls","pachic haplustolls","haplustolls","ustolls","mollisols","KONZ_024;4.8;45;40x40 SW marker;center of pit",
"84d13424-c48e-4942-bb9e-ebe7bb6e43dc","D06","KONZ","KONZ_002","KONZ_002.basePlot.all","distributed","grasslandHerbaceous","WGS84",39.119992,-96.546015,20.1,400.0,0.2,"2015-10-27","SW40",0.8,45,"1117484","Field Book for Describing and Sampling Soils ver3","soil pit","Center of pit",108,"UnaQAV2tMSeCp8mO1I14tA==","ARLOZx8SJa+7vSDc4vbf8A==","Natural Resource Conservation Service","S2015KS161102","Clime","Fine, mixed, active, mesic Udorthentic Haplustolls","udorthentic haplustolls","haplustolls","ustolls","mollisols","KONZ_002;8.1;45;40x40 SW marker;center of pit",
"e00da762-e397-49c7-8baa-1e8fc4e4f4bb","D06","KONZ","KONZ_029","KONZ_029.basePlot.all","distributed","deciduousForest","WGS84",39.098959,-96.601546,20.3,341.8,0.4,"2015-10-28","SW40",0.6,45,"1117489","Field Book for Describing and Sampling Soils ver3","soil pit","Center of pit",100,"UnaQAV2tMSeCp8mO1I14tA==","ARLOZx8SJa+7vSDc4vbf8A==","Natural Resource Conservation Service","S2015KS161107","Ivan","Fine, mixed, superactive, mesic Cumulic Haplustolls","cumulic haplustolls","haplustolls","ustolls","mollisols","KONZ_029;6.1;45;40x40 SW marker;center of pit",
"14fe5e46-ea39-4489-8163-4eef3feb42df","D06","KONZ","KONZ_027","KONZ_027.basePlot.all","distributed","deciduousForest","WGS84",39.100800,-96.585472,20.2,353.0,0.2,"2015-10-28","SW40",0.4,45,"1117491","Field Book for Describing and Sampling Soils ver3","soil pit","Center of pit",100,"UnaQAV2tMSeCp8mO1I14tA==","ARLOZx8SJa+7vSDc4vbf8A==","Natural Resource Conservation Service","S2015KS161109","Tully","Fine, mixed, superactive, mesic Pachic Argiustolls","pachic argiustolls","argiustolls","ustolls","mollisols","KONZ_027;9.2;45;40x40 SW marker;center of pit",
"9f6aff5b-1fa7-4697-873d-3d907d4a89cd","D06","KONZ","KONZ_011","KONZ_011.basePlot.all","distributed","grasslandHerbaceous","WGS84",39.106213,-96.597472,20.2,367.4,0.3,"2015-10-28","SW40",0.5,89,"1117488","Field Book for Describing and Sampling Soils ver3","soil pit","Center of pit",105,"UnaQAV2tMSeCp8mO1I14tA==","ARLOZx8SJa+7vSDc4vbf8A==","Natural Resource Conservation Service","S2015KS161106","Clime","Fine, mixed, active, mesic Udorthentic Haplustolls","udorthentic haplustolls","haplustolls","ustolls","mollisols","KONZ_011;5;89;40x40 SW marker;center of pit",
"91908949-1722-4f03-923d-9eef37bb6ef0","D06","KONZ","KONZ_016","KONZ_016.basePlot.all","distributed","grasslandHerbaceous","WGS84",39.092147,-96.584061,20.2,368.8,0.3,"2015-10-28","SW40",1.3,45,"1117490","Field Book for Describing and Sampling Soils ver3","soil pit","Center of pit",62,"UnaQAV2tMSeCp8mO1I14tA==","ARLOZx8SJa+7vSDc4vbf8A==","Natural Resource Conservation Service","S2015KS161108","Kipson","Fine, mixed, superactive, mesic, shallow Udorthentic Haplustolls","udorthentic haplustolls","haplustolls","ustolls","mollisols","KONZ_016;13.4;45;40x40 SW marker;center of pit",
"a07cbf0a-cde4-4dbb-a307-145a1c2067e1","D06","KONZ","KONZ_020","KONZ_020.basePlot.all","distributed","grasslandHerbaceous","WGS84",39.090612,-96.562599,20.1,410.0,0.2,"2015-10-29","SW40",0.2,89,"1117492","Field Book for Describing and Sampling Soils ver3","soil pit","Center of pit",77,"UnaQAV2tMSeCp8mO1I14tA==","ARLOZx8SJa+7vSDc4vbf8A==","Natural Resource Conservation Service","S2015KS161110","Florence","Clayey-skeletal, mixed, mesic Udic Argiustolls","udic argiustolls","argiustolls","ustolls","mollisols","KONZ_020;10.5;89;40x40 SW marker;center of pit",
"a627e967-80cd-4b6a-b06a-65301b554b22","D06","KONZ","KONZ_012","KONZ_012.basePlot.all","distributed","grasslandHerbaceous","WGS84",39.084519,-96.582247,20.0,378.1,0.0,"2015-10-29","SW40",0.3,45,"1117493","Field Book for Describing and Sampling Soils ver3","soil pit","Center of pit",100,"UnaQAV2tMSeCp8mO1I14tA==","ARLOZx8SJa+7vSDc4vbf8A==","Natural Resource Conservation Service","S2015KS161111","Tully","Fine, mixed, superactive, mesic Pachic Argiustolls","pachic argiustolls","argiustolls","ustolls","mollisols","KONZ_012;3;45;40x40 SW marker;center of pit",
