uid,domainID,siteID,pitNamedLocation,pitID,horizonID,bulkDensID,horizonName,setDate,collectDate,laboratoryName,labProjID,bulkDensCenterDepth,bulkDensTopDepth,bulkDensBottomDepth,bulkDensHorizonProportion,bulkDensSampleType,bulkDensExclCoarseFrag,remarks
"96ce7985-be6e-42ae-8fcf-53bf97e8fe4a","D01","BART","MEGAPT100963","1_BARTLETT_PIT1","1_BARTLETT_PIT1_E","1_BARTLETT_PIT1_5-8_BULKD_E","E","2013-08-19","2013-08-19","USDA NRCS Kellogg Soil Survey Laboratory - Lincoln - NE","I2013USNH119",6.5,5.0,8.0,1.0,"Regular",0.5650,
"19d08a56-d18c-4522-a6f7-0be627dce900","D01","BART","MEGAPT100963","1_BARTLETT_PIT1","1_BARTLETT_PIT1_BS2","1_BARTLETT_PIT1_16-21_BULKD_BS2","Bs2","2013-08-19","2013-08-19","USDA NRCS Kellogg Soil Survey Laboratory - Lincoln - NE","I2013USNH119",18.5,16.0,21.0,1.0,"Regular",0.9176,
"f696d701-2d0c-4fe3-8af3-a70ec810e6cd","D01","BART","MEGAPT100963","1_BARTLETT_PIT1","1_BARTLETT_PIT1_A","1_BARTLETT_PIT1_3-5_BULKD_A","A","2013-08-19","2013-08-19","USDA NRCS Kellogg Soil Survey Laboratory - Lincoln - NE","I2013USNH119",4.0,3.0,5.0,1.0,"Regular",0.1658,
"e4f9339a-4340-44d6-b07c-d2b000b8fc0d","D01","BART","MEGAPT100963","1_BARTLETT_PIT1","1_BARTLETT_PIT1_BS1","1_BARTLETT_PIT1_9-15_BULKD_BS1","Bs1","2013-08-19","2013-08-19","USDA NRCS Kellogg Soil Survey Laboratory - Lincoln - NE","I2013USNH119",12.0,9.0,15.0,1.0,"Regular",0.7032,
"4aca4d79-9768-4d5d-b1f5-8e048ffb4e25","D01","BART","MEGAPT100963","1_BARTLETT_PIT1","1_BARTLETT_PIT1_OE","1_BARTLETT_PIT1_0-3_BULKD_OE","Oe","2013-08-19","2013-08-19","USDA NRCS Kellogg Soil Survey Laboratory - Lincoln - NE","I2013USNH119",1.5,0.0,3.0,1.0,"Regular",0.1059,
"f2940c43-8dac-4047-97da-bf8c95ad79d6","D01","BART","MEGAPT100963","1_BARTLETT_PIT1","1_BARTLETT_PIT1_C2","1_BARTLETT_PIT1_153-156_BULKD_C2","C2","2013-08-19","2013-08-19","USDA NRCS Kellogg Soil Survey Laboratory - Lincoln - NE","I2013USNH119",154.5,153.0,156.0,1.0,"Regular",1.4733,
"a699595a-31c7-406f-a923-84666b2a4b68","D01","BART","MEGAPT100963","1_BARTLETT_PIT1","1_BARTLETT_PIT1_BC","1_BARTLETT_PIT1_50-60_BULKD_BC","BC","2013-08-19","2013-08-19","USDA NRCS Kellogg Soil Survey Laboratory - Lincoln - NE","I2013USNH119",55.0,50.0,60.0,1.0,"Regular",1.2104,
"e50b6acf-c6e1-47d7-b959-485a7f563e7d","D01","BART","MEGAPT100963","1_BARTLETT_PIT1","1_BARTLETT_PIT1_C1","1_BARTLETT_PIT1_83-93_BULKD_C1","C1","2013-08-19","2013-08-19","USDA NRCS Kellogg Soil Survey Laboratory - Lincoln - NE","I2013USNH119",88.0,83.0,93.0,1.0,"Regular",1.5689,
"634f9ff0-2c7b-44c5-b558-5e941bcc396c","D01","BART","MEGAPT100963","1_BARTLETT_PIT1","1_BARTLETT_PIT1_BW","1_BARTLETT_PIT1_28-38_BULKD_BW","Bw","2013-08-19","2013-08-19","USDA NRCS Kellogg Soil Survey Laboratory - Lincoln - NE","I2013USNH119",33.0,28.0,38.0,1.0,"Regular",0.9195,
