uid,domainID,siteID,pitNamedLocation,pitID,horizonID,horizonName,setDate,collectDate,horizonTopDepth,horizonBottomDepth,nrcsDescriptionID,remarks
"8cb7f8c8-3e9a-467d-b43d-5b706ce3f05c","D01","BART","MEGAPT100963","1_BARTLETT_PIT1","1_BARTLETT_PIT1_BW","Bw","2013-08-19","2013-08-19",22.0,40.0,"S2013NH003001",
"b2397609-6f37-4955-87f2-ef21a7c150c0","D01","BART","MEGAPT100963","1_BARTLETT_PIT1","1_BARTLETT_PIT1_BS1","Bs1","2013-08-19","2013-08-19",9.0,15.0,"S2013NH003001",
"8e0cf9f4-1c7f-4c57-a32b-0b10e841159a","D01","BART","MEGAPT100963","1_BARTLETT_PIT1","1_BARTLETT_PIT1_BS2","Bs2","2013-08-19","2013-08-19",15.0,22.0,"S2013NH003001",
"aeda1284-5e05-4d22-9072-4053461f1f69","D01","BART","MEGAPT100963","1_BARTLETT_PIT1","1_BARTLETT_PIT1_BC","BC","2013-08-19","2013-08-19",40.0,73.0,"S2013NH003001",
"c7905837-9f42-4bf5-af6f-40d5e1091838","D01","BART","MEGAPT100963","1_BARTLETT_PIT1","1_BARTLETT_PIT1_C2","C2","2013-08-19","2013-08-19",140.0,200.0,"S2013NH003001",
"8dd91102-206a-4d31-b6c2-229ef2471831","D01","BART","MEGAPT100963","1_BARTLETT_PIT1","1_BARTLETT_PIT1_A","A","2013-08-19","2013-08-19",3.0,5.0,"S2013NH003001",
"e772d78d-2196-4af1-be83-8800d820d69f","D01","BART","MEGAPT100963","1_BARTLETT_PIT1","1_BARTLETT_PIT1_C1","C1","2013-08-19","2013-08-19",73.0,140.0,"S2013NH003001",
"133a5068-b2f5-4358-9f34-f70aa0c52ca2","D01","BART","MEGAPT100963","1_BARTLETT_PIT1","1_BARTLETT_PIT1_E","E","2013-08-19","2013-08-19",5.0,9.0,"S2013NH003001",
"a598fc0b-c8b8-4093-a550-c1141cd94d2a","D01","BART","MEGAPT100963","1_BARTLETT_PIT1","1_BARTLETT_PIT1_OE","Oe","2013-08-19","2013-08-19",0.0,3.0,"S2013NH003001",
