uid,domainID,siteID,pitNamedLocation,pitID,horizonID,horizonName,setDate,collectDate,archiveID,archiveLaboratoryName,archiveTopDepth,archiveBottomDepth,remarks,sampleMass
"ae725582-eeba-4148-b21c-212fd7b1bb4a","D01","BART","MEGAPT100963","1_BARTLETT_PIT1","1_BARTLETT_PIT1_A","A","2013-08-19","2013-08-19","1_BARTLETT_PIT1_3-5_ARCHIVE_A","NEON",3.0,5.0,,567.2
"681f6978-79a5-4e5e-bf04-6cef4a856380","D01","BART","MEGAPT100963","1_BARTLETT_PIT1","1_BARTLETT_PIT1_BS1","Bs1","2013-08-19","2013-08-19","1_BARTLETT_PIT1_9-15_ARCHIVE_BS1","NEON",9.0,15.0,,2169.4
"d0ba5803-bdfc-46de-b924-68c295ea2b72","D01","BART","MEGAPT100963","1_BARTLETT_PIT1","1_BARTLETT_PIT1_C1","C1","2013-08-19","2013-08-19","1_BARTLETT_PIT1_73-140_ARCHIVE_C1","NEON",73.0,140.0,,3555.8
"a2a8eb14-6060-46f9-a366-0011f03886fe","D01","BART","MEGAPT100963","1_BARTLETT_PIT1","1_BARTLETT_PIT1_C2","C2","2013-08-19","2013-08-19","1_BARTLETT_PIT1_140-200_ARCHIVE_C2","NEON",140.0,200.0,,3601.2
"a33c0631-57cd-476e-993b-048ea86343aa","D01","BART","MEGAPT100963","1_BARTLETT_PIT1","1_BARTLETT_PIT1_E","E","2013-08-19","2013-08-19","1_BARTLETT_PIT1_5-9_ARCHIVE_E","NEON",5.0,9.0,,1662.2
"ad4aec6b-1e8c-466e-94ae-d33647e6b894","D01","BART","MEGAPT100963","1_BARTLETT_PIT1","1_BARTLETT_PIT1_OE","Oe","2013-08-19","2013-08-19","1_BARTLETT_PIT1_0-3_ARCHIVE_OE","NEON",0.0,3.0,,897.0
"a5716f9a-91f8-45a1-ba96-bd5b9bc13b9f","D01","BART","MEGAPT100963","1_BARTLETT_PIT1","1_BARTLETT_PIT1_BS2","Bs2","2013-08-19","2013-08-19","1_BARTLETT_PIT1_15-22_ARCHIVE_BS2","NEON",15.0,22.0,,2519.6
"18677df3-7f13-4b58-8d85-f5e7a0ec51d8","D01","BART","MEGAPT100963","1_BARTLETT_PIT1","1_BARTLETT_PIT1_BW","Bw","2013-08-19","2013-08-19","1_BARTLETT_PIT1_22-40_ARCHIVE_BW","NEON",22.0,40.0,,3150.9
"3e6db4af-762b-45f2-b4d6-cdbf37b37427","D01","BART","MEGAPT100963","1_BARTLETT_PIT1","1_BARTLETT_PIT1_BC","BC","2013-08-19","2013-08-19","1_BARTLETT_PIT1_40-73_ARCHIVE_BC","NEON",40.0,73.0,,3071.4
