uid,domainID,siteID,pitNamedLocation,pitID,horizonID,biogeoID,horizonName,biogeoHorizonProportion,biogeoSampleType,setDate,collectDate,coarseFrag2To5,coarseFrag5To20,sandTotal,siltTotal,clayTotal,carbonateClay,clayFineContent,siltFineContent,siltCoarseContent,sandVeryFineContent,sandFineContent,sandMediumContent,sandCoarseContent,sandVeryCoarseContent,carbonTot,nitrogenTot,sulfurTot,estimatedOC,airDryOvenDry,alMjelm,caMjelm,feMjelm,kMjelm,mgMjelm,mnMjelm,naMjelm,pMjelm,siMjelm,srMjelm,tiMjelm,zrMjelm,phCacl2,phH2o,ec12pre,gypsumConc,caco3Conc,caNh4d,kNh4d,mgNh4d,naNh4d,cecdNh4,alSatCecd33,baseSumCecd10,bsesatCecd10,ececCecd33,alKcl,feKcl,mnKcl,bSatx,brSatx,caSatx,clSatx,co3Satx,ecSatp,flSatx,waterSatx,hco3Sx,kSatx,mgSatx,naSatx,no2Satx,no3Satx,pSatx,phSp,resist,so4Satx,laboratoryName,labProjID,biogeoTopDepth,biogeoBottomDepth,biogeoCenterDepth,remarks
"7033a821-85f3-481a-a07f-22dfefa053ca","D01","BART","MEGAPT100963","1_BARTLETT_PIT1","1_BARTLETT_PIT1_BW","1_BARTLETT_PIT1_22-40_BIOGEO_BW","Bw",1.0,"Regular","2013-08-19","2013-08-19",97,123,64.9,32.3,2.8,,,12.9,19.4,18.9,19.6,10.1,9.5,6.8,12.8,1.30,0.20,13.0,1.016,59478,4456,15449,27376,1099,375,22423,141,301537,72,2295,249,4.8,5.3,0.02,,,0.0,0.0,0.0,0.0,3.5,,0.0,1,,0.6,,0.0,,0.0,0.0,0.2,0.0,0.06,0.0,32.40,0.0,0.0,0.0,0.0,0.0,0.1,0.0,4.6,,0.0,"USDA NRCS Kellogg Soil Survey Laboratory - Lincoln - NE","I2013USNH119",22.0,40.0,31.0,
"67cf341c-253c-4dbc-a0f2-cc8ef469605d","D01","BART","MEGAPT100963","1_BARTLETT_PIT1","1_BARTLETT_PIT1_C1","1_BARTLETT_PIT1_73-140_BIOGEO_C1","C1",1.0,"Regular","2013-08-19","2013-08-19",190,167,74.6,25.1,0.3,,,10.6,14.5,13.1,18.6,14.7,18.0,10.2,2.0,0.50,0.10,2.0,1.004,61402,5117,15441,31911,1198,512,26589,248,318496,73,2004,212,5.0,5.5,0.02,,,0.4,0.0,0.0,0.0,1.3,33,0.4,31,0.6,0.2,,0.0,,0.0,0.1,0.3,0.0,0.09,0.0,16.90,0.1,0.0,0.0,0.0,0.0,0.0,0.0,5.1,,0.1,"USDA NRCS Kellogg Soil Survey Laboratory - Lincoln - NE","I2013USNH119",73.0,140.0,106.5,
"519e9bad-7f6a-4365-988a-54781886a60c","D01","BART","MEGAPT100963","1_BARTLETT_PIT1","1_BARTLETT_PIT1_OE","1_BARTLETT_PIT1_0-3_BIOGEO_OE","Oe",1.0,"Regular","2013-08-19","2013-08-19",0,0,34.3,53.9,11.8,,,30.3,23.6,12.1,11.6,3.2,3.1,4.3,447.5,18.20,1.50,448.0,1.121,15571,3104,4744,5433,584,465,4890,942,88148,23,815,101,3.4,4.5,1.38,,,9.3,3.3,1.5,0.0,66.0,11,14.1,21,15.8,1.7,,29.8,,0.1,0.8,0.7,0.0,0.78,2.0,361.10,0.0,2.8,0.4,0.0,0.0,0.0,4.3,3.8,,1.1,"USDA NRCS Kellogg Soil Survey Laboratory - Lincoln - NE","I2013USNH119",0.0,3.0,1.5,
"f05f13a7-6d5c-4d22-80f4-c05e9a564fb1","D01","BART","MEGAPT100963","1_BARTLETT_PIT1","1_BARTLETT_PIT1_C2","1_BARTLETT_PIT1_140-200_BIOGEO_C2","C2",1.0,"Regular","2013-08-19","2013-08-19",102,155,73.9,26.1,0.0,,,11.5,14.6,15.7,19.0,16.1,15.3,7.8,1.2,0.90,0.10,1.0,1.003,60502,5011,12792,31768,1040,489,25917,267,329466,78,1826,225,5.2,5.6,0.02,,,0.5,0.0,0.0,0.0,0.9,17,0.5,56,0.6,0.1,,0.0,,0.0,0.1,0.3,0.0,0.08,0.0,13.30,0.3,0.0,0.1,0.0,0.0,0.0,0.0,5.1,,0.0,"USDA NRCS Kellogg Soil Survey Laboratory - Lincoln - NE","I2013USNH119",140.0,200.0,170.0,
"d292ffb1-00d2-4141-9e42-4246328c3631","D01","BART","MEGAPT100963","1_BARTLETT_PIT1","1_BARTLETT_PIT1_BC","1_BARTLETT_PIT1_40-73_BIOGEO_BC","BC",1.0,"Regular","2013-08-19","2013-08-19",125,170,71.5,26.9,1.6,,,11.4,15.5,15.5,18.3,15.6,12.4,9.7,8.8,0.80,0.10,9.0,1.011,60086,4721,15013,29895,1112,397,24605,165,311293,74,2138,243,4.9,5.4,0.02,,,0.1,0.0,0.0,0.0,2.4,80,0.1,4,0.5,0.4,,0.0,,0.0,0.0,0.1,0.0,0.05,0.0,24.70,0.0,0.0,0.0,0.0,0.0,0.1,0.0,4.9,,0.0,"USDA NRCS Kellogg Soil Survey Laboratory - Lincoln - NE","I2013USNH119",40.0,73.0,56.5,
"d7e9d683-c001-4cf1-bf2e-1634b52299e2","D01","BART","MEGAPT100963","1_BARTLETT_PIT1","1_BARTLETT_PIT1_BS2","1_BARTLETT_PIT1_15-22_BIOGEO_BS2","Bs2",1.0,"Regular","2013-08-19","2013-08-19",110,149,63.3,32.9,3.8,,,13.7,19.2,17.9,17.8,11.6,8.9,7.1,26.5,1.70,0.30,27.0,1.033,64948,4214,18729,26873,1099,439,21949,206,302333,70,2402,265,4.8,5.4,0.03,,,0.1,0.0,0.0,0.0,6.6,89,0.1,2,0.9,0.8,,0.1,,0.0,0.0,0.2,0.0,0.06,0.0,45.00,0.0,0.0,0.0,0.0,0.0,0.1,0.0,5.1,,0.1,"USDA NRCS Kellogg Soil Survey Laboratory - Lincoln - NE","I2013USNH119",15.0,22.0,18.5,
"9777740f-dc4a-4245-b72b-50a58967da55","D01","BART","MEGAPT100963","1_BARTLETT_PIT1","1_BARTLETT_PIT1_E","1_BARTLETT_PIT1_5-9_BIOGEO_E","E",1.0,"Regular","2013-08-19","2013-08-19",78,63,59.3,37.0,3.7,,,16.3,20.7,20.5,16.1,11.9,5.9,4.9,58.8,2.70,0.30,59.0,1.023,49706,3679,12210,22254,796,475,18886,254,304921,63,2799,313,4.1,5.0,0.10,,,0.1,0.2,0.1,0.0,11.9,88,0.4,3,3.4,3.0,,7.9,,0.0,0.1,0.6,0.0,0.29,0.1,69.60,0.0,0.5,0.3,0.0,0.1,0.0,0.0,4.3,,0.5,"USDA NRCS Kellogg Soil Survey Laboratory - Lincoln - NE","I2013USNH119",5.0,9.0,7.0,
"b57e7235-e82e-494b-b3cc-40f56ddbefa2","D01","BART","MEGAPT100963","1_BARTLETT_PIT1","1_BARTLETT_PIT1_A","1_BARTLETT_PIT1_3-5_BIOGEO_A","A",1.0,"Regular","2013-08-19","2013-08-19",37,55,46.8,47.0,6.2,,,24.9,22.1,17.2,14.2,4.4,6.5,4.5,385.7,15.00,1.50,386.0,1.098,22304,2124,5526,8065,561,191,7122,712,134752,27,1207,142,3.1,3.8,0.40,,,2.5,2.0,0.9,0.0,67.8,45,5.4,8,9.8,4.4,,6.1,,0.0,0.2,0.5,0.0,0.53,0.0,332.50,0.0,1.5,0.2,0.0,0.0,0.0,1.8,3.5,,0.8,"USDA NRCS Kellogg Soil Survey Laboratory - Lincoln - NE","I2013USNH119",3.0,5.0,4.0,
"a08d5f61-069a-4572-af30-d5f41502ac34","D01","BART","MEGAPT100963","1_BARTLETT_PIT1","1_BARTLETT_PIT1_BS1","1_BARTLETT_PIT1_9-15_BIOGEO_BS1","Bs1",1.0,"Regular","2013-08-19","2013-08-19",90,188,61.8,34.6,3.6,,,14.7,19.9,17.3,17.9,11.0,10.0,5.6,38.0,2.40,0.40,38.0,1.045,66787,3832,21572,24485,955,352,19966,266,292748,65,2478,274,4.8,5.4,0.03,,,0.0,0.0,0.0,0.0,10.1,,0.0,0,,1.0,,0.1,,0.0,0.0,0.2,0.0,0.06,0.0,55.50,0.1,0.0,0.0,0.0,0.0,0.0,0.0,5.1,,0.1,"USDA NRCS Kellogg Soil Survey Laboratory - Lincoln - NE","I2013USNH119",9.0,15.0,12.0,
