uid,namedLocation,domainID,siteID,plotID,plotType,sampleID,sampleCode,collectDate,ovenStartDate,ovenEndDate,sampleCondition,cnSampleID,cnSampleCode,ligninSampleID,ligninSampleBarcode,archiveSampleID,archiveSampleCode,archiveMass,toxicodendronPossible,processedBy,remarks,dataQF
"eaa5006d-b986-4043-9f60-bbf77d254740","WREF_012.basePlot.cfc","D16","WREF","WREF_012","distributed","9Q2HJihgWLXkj3CD16Qz2/TrmCmYB8mXosqMsMsRXZs=","A00000060532","2019-07-15T20:10Z","2019-07-17T19:45Z","2019-07-25T22:50Z","OK","9Q2HJihgWLXkj3CD16Qz2/TrmCmYB8mXHBvOiCrGE2Q=","A00000106129","9Q2HJihgWLXkj3CD16Qz2/TrmCmYB8mXVngXrDFZ1j37+V7wGe5L1w==","A00000106141","9Q2HJihgWLXkj3CD16Qz2/TrmCmYB8mXxUrGmKsRLaM=","A00000106125",,,"0000-0001-9947-8001",,
"41dc0c58-6ec0-40dd-9156-f67a1cb00f30","WREF_016.basePlot.cfc","D16","WREF","WREF_016","distributed","9Q2HJihgWLVoqw+4VopyFRhK+n9jwdbof07gQkt0W40=","A00000106132","2019-07-16T17:22Z","2019-07-17T19:45Z","2019-07-25T22:20Z","OK","9Q2HJihgWLVoqw+4VopyFRhK+n9jwdbo2lRkf8JWpOU=","A00000106118","9Q2HJihgWLVoqw+4VopyFRhK+n9jwdboiyr8IPPdyKs=","A00000106124","9Q2HJihgWLVoqw+4VopyFRhK+n9jwdboT9v6FUEG7nc=","A00000106123",,,"0000-0001-9947-8001",,
"47f1dca7-9700-4d21-9bb4-f6d40c9185db","WREF_016.basePlot.cfc","D16","WREF","WREF_016","distributed","9Q2HJihgWLWri5SGwBhyzwJh6tC8RM9VFTt5/11swDI=","A00000106148","2019-07-16T17:45Z","2019-07-16T19:45Z","2019-07-29T20:11Z","OK","9Q2HJihgWLWri5SGwBhyzwJh6tC8RM9V9t+rh+UT1v4=","A00000106112","9Q2HJihgWLWri5SGwBhyzwJh6tC8RM9VQyNXk+SnGPLU62Rbp1Itnw==","A00000106111","9Q2HJihgWLWri5SGwBhyzwJh6tC8RM9VkdkiaxuRhGI=","A00000106107",,,"0000-0002-1029-153X",,
"8a961146-fa56-4801-ab62-b4a60266cf5a","WREF_019.basePlot.cfc","D16","WREF","WREF_019","distributed","9Q2HJihgWLVbcGqJFA9Ry0ENZVgOkZkix8WwKI32nrA=","A00000060546","2019-07-16T17:59Z","2019-07-17T19:45Z","2019-07-29T23:45Z","OK","9Q2HJihgWLVbcGqJFA9Ry0ENZVgOkZkiwLwoEOS7+N4=","A00000106418","9Q2HJihgWLVbcGqJFA9Ry0ENZVgOkZki8TupQQJ9c7RJ9kxs1b2g8w==","A00000106366","9Q2HJihgWLVbcGqJFA9Ry0ENZVgOkZkip3Ytd69B3H0=","A00000106429",,,"0000-0002-1029-153X","Caution Yew toxic if inhaled",
"1b42fe94-10f2-4668-903a-905296a76812","WREF_019.basePlot.cfc","D16","WREF","WREF_019","distributed","9Q2HJihgWLWfapWu+P0gf9pD5JP2c/YKsBpzlXkG0Cc=","A00000060548","2019-07-16T20:12Z","2019-07-17T19:45Z","2019-07-25T21:45Z","OK","9Q2HJihgWLWfapWu+P0gf9pD5JP2c/YKDK0VaAiLUYk=","A00000106140","9Q2HJihgWLWfapWu+P0gf9pD5JP2c/YKHAMDnRSrw24=","A00000106142","9Q2HJihgWLWfapWu+P0gf9pD5JP2c/YKtAcjit5KhnI=","A00000106139",,,"0000-0001-9947-8001",,
"d25dd0e5-9b3f-4532-b254-1b74793428e4","WREF_004.basePlot.cfc","D16","WREF","WREF_004","distributed","9Q2HJihgWLXulDXtPAQqU+spVA5oSIpplfz89UFtLO8=","A00000106149","2019-07-16T20:20Z","2019-07-17T19:45Z","2019-07-29T21:17Z","OK","9Q2HJihgWLXulDXtPAQqU+spVA5oSIpp1iKjiGo+Q2s=","A00000106085","9Q2HJihgWLXulDXtPAQqU+spVA5oSIppHxC7gbUxvUh/KbW+/cULmw==","A00000106081","9Q2HJihgWLXulDXtPAQqU+spVA5oSIppVNqTMPXqro4=","A00000106079",,,"0000-0002-1029-153X",,
"96eb5f7b-0b7d-4a6c-9ff5-3894a63ec0ca","WREF_019.basePlot.cfc","D16","WREF","WREF_019","distributed","9Q2HJihgWLVIJ+D+b/OvLzkLgQGx0jij/xPYgL9hJ0Q=","A00000060550","2019-07-16T20:48Z","2019-07-17T19:45Z","2019-07-25T23:20Z","OK","9Q2HJihgWLVIJ+D+b/OvLzkLgQGx0jijBBHDHWNVC54=","A00000106127","9Q2HJihgWLVIJ+D+b/OvLzkLgQGx0jijPvivUzYL/lrOGyHBTUBzew==","A00000106120","9Q2HJihgWLVIJ+D+b/OvLzkLgQGx0jijcwhaS9sVROk=","A00000106122",,,"0000-0001-9947-8001",,
"2f4fe52f-da9f-4615-9449-132701208adc","WREF_015.basePlot.cfc","D16","WREF","WREF_015","distributed","9Q2HJihgWLUOdesmpw+IQI7ICVqEI5YkYqA6hTZWAvs=","A00000106133","2019-07-16T22:23Z","2019-07-17T19:45Z","2019-07-25T21:10Z","OK","9Q2HJihgWLUOdesmpw+IQI7ICVqEI5YkWigF1uEpYdI=","A00000106145","9Q2HJihgWLUOdesmpw+IQI7ICVqEI5Ykulru3kcJLCE=","A00000106143","9Q2HJihgWLUOdesmpw+IQI7ICVqEI5YkI7WJ4+exAGM=","A00000106146",,,"0000-0001-9947-8001",,
"0b8f7ba0-be77-46be-bc03-8b1c9b982a88","WREF_015.basePlot.cfc","D16","WREF","WREF_015","distributed","9Q2HJihgWLUR5wb3Dgvw3w8k3vzW4MJ/t7+BQ0tbbhM=","A00000106150","2019-07-16T22:36Z","2019-07-17T19:00Z","2019-07-25T23:05Z","OK","9Q2HJihgWLUR5wb3Dgvw3w8k3vzW4MJ/ddRwjstcOJ8=","A00000106126","9Q2HJihgWLUR5wb3Dgvw3w8k3vzW4MJ/dto1gCx2tB+dlLMo8xsMog==","A00000106128","9Q2HJihgWLUR5wb3Dgvw3w8k3vzW4MJ/VG5ygtwKrks=","A00000106144",,,"0000-0001-9947-8001",,
"7abcb03f-351a-49bb-9c51-67773c59d92c","WREF_011.basePlot.cfc","D16","WREF","WREF_011","distributed","9Q2HJihgWLWUa7EMozParjkvVSb4vTvD7gZJ/iZe/kY=","A00000106147","2019-07-17T17:15Z","2019-07-24T19:00Z","2019-07-29T21:50Z","OK","9Q2HJihgWLWUa7EMozParjkvVSb4vTvDOYA6GWkPDKw=","A00000106089","9Q2HJihgWLWUa7EMozParjkvVSb4vTvDaIUGvmWXodyOkLnsba/EFA==","A00000106083","9Q2HJihgWLWUa7EMozParjkvVSb4vTvD1FG6ihA5edc=","A00000106084",,,"0000-0002-1029-153X",,
"f83b234e-ff32-44fd-82e9-015071f419d0","WREF_009.basePlot.cfc","D16","WREF","WREF_009","distributed","9Q2HJihgWLU+zHhLO4n/buJ1tsziKC4gGlMiA6qzAJQ=","A00000060549","2019-07-17T18:15Z","2019-07-17T21:00Z","2019-07-29T18:51Z","OK","9Q2HJihgWLU+zHhLO4n/buJ1tsziKC4g9I0Nwi8iPQ0=","A00000106104","9Q2HJihgWLU+zHhLO4n/buJ1tsziKC4guPCXRRYZbAalSDMUmKQYPg==","A00000106098","9Q2HJihgWLU+zHhLO4n/buJ1tsziKC4grDlZOZFMGfE=","A00000106102",,,"0000-0002-8962-923X",,
"027626a5-5dc4-4113-816c-8bc5a3d5dc67","WREF_009.basePlot.cfc","D16","WREF","WREF_009","distributed","9Q2HJihgWLVPUcPAGHYpnxq/dWbJNcijV8v6ujYy1Zw=","A00000060533","2019-07-17T18:20Z","2019-07-23T21:00Z","2019-07-29T18:04Z","OK","9Q2HJihgWLVPUcPAGHYpnxq/dWbJNcij9+IPEGuf8uQ=","A00000106113","9Q2HJihgWLVPUcPAGHYpnxq/dWbJNcij+0tZBBwECwQ=","A00000106100",,,,,"0000-0002-8962-923X",,
"b1458d10-3fba-4cf4-94c9-719be0b9240b","WREF_009.basePlot.cfc","D16","WREF","WREF_009","distributed","9Q2HJihgWLX7HI726ReC504kw53qQgxiKDUfAfE+Xuo=","A00000060534","2019-07-17T18:22Z","2019-07-17T21:00Z","2019-07-29T19:34Z","OK","9Q2HJihgWLX7HI726ReC504kw53qQgxi08HqLmPAcGU=","A00000106110","9Q2HJihgWLX7HI726ReC504kw53qQgxiNynHArLtrGo=","A00000106109","9Q2HJihgWLX7HI726ReC504kw53qQgxi/mmXQnQGNgc=","A00000106080",,,"0000-0002-1029-153X",,
"ada4c35a-06f8-447b-82f3-d573048e573e","WREF_009.basePlot.cfc","D16","WREF","WREF_009","distributed","9Q2HJihgWLW8O1cZfFFY1xiiRxZiYnXQUEdiYd1+5IU=","A00000106130","2019-07-17T18:40Z","2019-07-23T21:00Z","2019-07-29T17:29Z","OK","9Q2HJihgWLW8O1cZfFFY1xiiRxZiYnXQ1pOGYM/GEHs=","A00000106103","9Q2HJihgWLW8O1cZfFFY1xiiRxZiYnXQzvvYRjuMXaF7uJAdawv5yA==","A00000106119","9Q2HJihgWLW8O1cZfFFY1xiiRxZiYnXQZjDVKGzQRrQ=","A00000106106",,,"0000-0002-8962-923X",,
"90c5174b-718f-4cd6-9dde-8d4c1c126438","WREF_013.basePlot.cfc","D16","WREF","WREF_013","distributed","9Q2HJihgWLUm8bZtPMej2ND1YW1ovrmJcW1NuDS7rDw=","A00000106131","2019-07-18T18:40Z","2019-07-23T21:00Z","2019-07-29T16:17Z","OK","9Q2HJihgWLUm8bZtPMej2ND1YW1ovrmJKQF8sabgKNg=","A00000106116","9Q2HJihgWLUm8bZtPMej2ND1YW1ovrmJdvLaidDFQZadKU5z17+ZzQ==","A00000106121","9Q2HJihgWLUm8bZtPMej2ND1YW1ovrmJLlaUMEx8tvQ=","A00000106117",,,"0000-0002-8962-923X",,
"aa52bd2c-b1b7-42a9-9b65-fdd31fdb0c08","WREF_013.basePlot.cfc","D16","WREF","WREF_013","distributed","9Q2HJihgWLV3tU3ISqaz1cXNwO/83f9VTKIncYg9PRk=","A00000106151","2019-07-18T18:59Z","2019-07-23T21:00Z","2019-07-29T17:17Z","OK","9Q2HJihgWLV3tU3ISqaz1cXNwO/83f9VGeaU7VIOoBg=","A00000106105","9Q2HJihgWLV3tU3ISqaz1cXNwO/83f9VWjRBAvile3M=","A00000106115","9Q2HJihgWLV3tU3ISqaz1cXNwO/83f9VuCviAlqEDmg=","A00000106114",,,"0000-0002-8962-923X",,
"0b8f4810-6cad-4a46-9896-616811c27537","WREF_004.basePlot.cfc","D16","WREF","WREF_004","distributed","9Q2HJihgWLVDyhjFDcAbUZsHVivKkAqBvgOEgUIVp3o=","A00000106134","2019-07-18T21:09Z","2019-07-24T19:00Z","2019-07-29T22:14Z","OK","9Q2HJihgWLVDyhjFDcAbUZsHVivKkAqB5oEco0UifRo=","A00000106086","9Q2HJihgWLVDyhjFDcAbUZsHVivKkAqBGcaQ5Yocj5g=","A00000106090","9Q2HJihgWLVDyhjFDcAbUZsHVivKkAqBg+NGN2y1Enk=","A00000106099",,,"0000-0002-1029-153X",,
"f0eb3f9d-3c90-40e0-9030-b809c36c5ae1","WREF_089.basePlot.cfc","D16","WREF","WREF_089","tower","9Q2HJihgWLXobC1LoSsBrp1Jk+O8mVEOF87uAq3J5tU=","A00000106135","2019-07-22T23:06Z","2019-07-25T18:20Z","2019-07-29T22:30Z","OK","9Q2HJihgWLXobC1LoSsBrp1Jk+O8mVEO7qLd/5vwO2k=","A00000106088","9Q2HJihgWLXobC1LoSsBrp1Jk+O8mVEOKCMAm2+YFU0=","A00000106087","9Q2HJihgWLXobC1LoSsBrp1Jk+O8mVEOjBBumbK/lp4=","A00000106082",,,"0000-0002-1029-153X",,
"2bab8b41-169d-449d-b3b9-25b5871e9fce","WREF_086.basePlot.cfc","D16","WREF","WREF_086","tower","9Q2HJihgWLXZRLdnx3Vm5ejPcjMrHQOPpQt61ofC+hI=","A00000060531","2019-07-23T17:06Z","2019-07-25T21:25Z","2019-07-29T22:47Z","OK","9Q2HJihgWLXZRLdnx3Vm5ejPcjMrHQOPhypsZYzNltg=","A00000106094","9Q2HJihgWLXZRLdnx3Vm5ejPcjMrHQOPZEx4tnJkz8k=","A00000106091","9Q2HJihgWLXZRLdnx3Vm5ejPcjMrHQOPwL8Y9NhQFG4=","A00000106095",,,"0000-0002-1029-153X",,
"5ee15752-59e7-45e5-9fd2-8720183a1ee7","WREF_077.basePlot.cfc","D16","WREF","WREF_077","tower","9Q2HJihgWLXCdqQchroUS9eZeE7aMisqfT9Sgmo420A=","A00000060544","2019-07-23T19:29Z","2019-07-25T21:25Z","2019-07-29T22:57Z","OK","9Q2HJihgWLXCdqQchroUS9eZeE7aMisqYQDDIg6RjKQ=","A00000106093","9Q2HJihgWLXCdqQchroUS9eZeE7aMisqsB0f6k4TebI=","A00000106101","9Q2HJihgWLXCdqQchroUS9eZeE7aMisqF64a2WQvok0=","A00000106062",,,"0000-0002-1029-153X",,
"499bd7a4-4090-4731-815c-87329c996504","WREF_075.basePlot.cfc","D16","WREF","WREF_075","tower","9Q2HJihgWLUaLcTD0XpP7NKBEjhGT9YCcFtbPyGdse8=","A00000060527","2019-07-24T16:24Z","2019-07-25T21:25Z","2019-07-29T23:11Z","OK","9Q2HJihgWLUaLcTD0XpP7NKBEjhGT9YCwDe0cfau7xU=","A00000106097","9Q2HJihgWLUaLcTD0XpP7NKBEjhGT9YCjjBijMGzvuE0cefLGeK/Zw==","A00000106096","9Q2HJihgWLUaLcTD0XpP7NKBEjhGT9YCF4QQsgVJqsg=","A00000106092",,,"0000-0002-1029-153X",,
