uid,namedLocation,domainID,siteID,plotID,plotType,sampleID,sampleCode,ligninSampleID,ligninSampleBarcode,collectDate,analysisDate,analyticalRepNumber,dryMass,ligninPercent,cellulosePercent,measurementQF,accuracyQF,remarks,laboratoryName,testMethod,analyzedBy,reviewedBy,dataQF
"4673f412-b860-4bd2-928d-0cd895c1c6e4","WREF_012.basePlot.cfc","D16","WREF","WREF_012","distributed","9Q2HJihgWLXkj3CD16Qz2/TrmCmYB8mXosqMsMsRXZs=","A00000060532","9Q2HJihgWLXkj3CD16Qz2/TrmCmYB8mXVngXrDFZ1j37+V7wGe5L1w==","A00000106141","2019-07-15T20:10Z","2019-09-23",1,0.499,13.02,14.29,"OK","OK",,"A and L Great Lakes","SOP APF-10-024","5CCjZV/fgtQ=","6AyUQh3hBk8=",
"13ec00e3-c9f1-4644-99c9-eb9af72fd38d","WREF_016.basePlot.cfc","D16","WREF","WREF_016","distributed","9Q2HJihgWLVoqw+4VopyFRhK+n9jwdbof07gQkt0W40=","A00000106132","9Q2HJihgWLVoqw+4VopyFRhK+n9jwdboiyr8IPPdyKs=","A00000106124","2019-07-16T17:22Z","2019-09-23",1,0.476,13.02,11.10,"OK","OK",,"A and L Great Lakes","SOP APF-10-024","5CCjZV/fgtQ=","6AyUQh3hBk8=",
"63be9dd2-2881-4312-bd7a-ddcde9fbd97d","WREF_016.basePlot.cfc","D16","WREF","WREF_016","distributed","9Q2HJihgWLWri5SGwBhyzwJh6tC8RM9VFTt5/11swDI=","A00000106148","9Q2HJihgWLWri5SGwBhyzwJh6tC8RM9VQyNXk+SnGPLU62Rbp1Itnw==","A00000106111","2019-07-16T17:45Z","2019-09-23",1,0.475,12.05,13.80,"OK","OK",,"A and L Great Lakes","SOP APF-10-024","5CCjZV/fgtQ=","6AyUQh3hBk8=",
"9b8d08db-6a10-41fa-832c-33a48512398f","WREF_019.basePlot.cfc","D16","WREF","WREF_019","distributed","9Q2HJihgWLVbcGqJFA9Ry0ENZVgOkZkix8WwKI32nrA=","A00000060546","9Q2HJihgWLVbcGqJFA9Ry0ENZVgOkZki8TupQQJ9c7RJ9kxs1b2g8w==","A00000106366","2019-07-16T17:59Z","2019-09-23",1,0.475,23.18,10.73,"OK","OK",,"A and L Great Lakes","SOP APF-10-024","5CCjZV/fgtQ=","6AyUQh3hBk8=",
"2e6c32d4-7af3-4569-9bdd-24fad91f2de6","WREF_019.basePlot.cfc","D16","WREF","WREF_019","distributed","9Q2HJihgWLWfapWu+P0gf9pD5JP2c/YKsBpzlXkG0Cc=","A00000060548","9Q2HJihgWLWfapWu+P0gf9pD5JP2c/YKHAMDnRSrw24=","A00000106142","2019-07-16T20:12Z","2019-09-23",1,0.482,12.38,13.69,"OK","OK",,"A and L Great Lakes","SOP APF-10-024","5CCjZV/fgtQ=","6AyUQh3hBk8=",
"327c2b4e-aff2-4847-ae1b-d2b9f52baac8","WREF_004.basePlot.cfc","D16","WREF","WREF_004","distributed","9Q2HJihgWLXulDXtPAQqU+spVA5oSIpplfz89UFtLO8=","A00000106149","9Q2HJihgWLXulDXtPAQqU+spVA5oSIppHxC7gbUxvUh/KbW+/cULmw==","A00000106081","2019-07-16T20:20Z","2019-09-23",1,0.485,12.94,13.04,"OK","OK",,"A and L Great Lakes","SOP APF-10-024","5CCjZV/fgtQ=","6AyUQh3hBk8=",
"4046f9f1-00b3-4b31-92aa-45386c5483c3","WREF_019.basePlot.cfc","D16","WREF","WREF_019","distributed","9Q2HJihgWLVIJ+D+b/OvLzkLgQGx0jij/xPYgL9hJ0Q=","A00000060550","9Q2HJihgWLVIJ+D+b/OvLzkLgQGx0jijPvivUzYL/lrOGyHBTUBzew==","A00000106120","2019-07-16T20:48Z","2019-09-23",1,0.465,14.39,15.39,"OK","OK",,"A and L Great Lakes","SOP APF-10-024","5CCjZV/fgtQ=","6AyUQh3hBk8=",
"53d94471-0a7b-4dac-950f-d8f1392f69eb","WREF_015.basePlot.cfc","D16","WREF","WREF_015","distributed","9Q2HJihgWLUOdesmpw+IQI7ICVqEI5YkYqA6hTZWAvs=","A00000106133","9Q2HJihgWLUOdesmpw+IQI7ICVqEI5Ykulru3kcJLCE=","A00000106143","2019-07-16T22:23Z","2019-09-23",1,0.474,12.99,11.11,"OK","OK",,"A and L Great Lakes","SOP APF-10-024","5CCjZV/fgtQ=","6AyUQh3hBk8=",
"74f4a076-845c-410d-a829-be05fc3c163e","WREF_015.basePlot.cfc","D16","WREF","WREF_015","distributed","9Q2HJihgWLUR5wb3Dgvw3w8k3vzW4MJ/t7+BQ0tbbhM=","A00000106150","9Q2HJihgWLUR5wb3Dgvw3w8k3vzW4MJ/dto1gCx2tB+dlLMo8xsMog==","A00000106128","2019-07-16T22:36Z","2019-09-23",1,0.477,12.31,13.73,"OK","OK",,"A and L Great Lakes","SOP APF-10-024","5CCjZV/fgtQ=","6AyUQh3hBk8=",
"5880cfe8-71f5-4958-867c-85db0464f10e","WREF_011.basePlot.cfc","D16","WREF","WREF_011","distributed","9Q2HJihgWLWUa7EMozParjkvVSb4vTvD7gZJ/iZe/kY=","A00000106147","9Q2HJihgWLWUa7EMozParjkvVSb4vTvDaIUGvmWXodyOkLnsba/EFA==","A00000106083","2019-07-17T17:15Z","2019-09-23",1,0.496,13.12,12.37,"OK","OK",,"A and L Great Lakes","SOP APF-10-024","5CCjZV/fgtQ=","6AyUQh3hBk8=",
"d7540dcd-b8e2-46e9-be82-0406d501b617","WREF_009.basePlot.cfc","D16","WREF","WREF_009","distributed","9Q2HJihgWLU+zHhLO4n/buJ1tsziKC4gGlMiA6qzAJQ=","A00000060549","9Q2HJihgWLU+zHhLO4n/buJ1tsziKC4guPCXRRYZbAalSDMUmKQYPg==","A00000106098","2019-07-17T18:15Z","2019-09-23",1,0.495,5.22,10.80,"OK","OK",,"A and L Great Lakes","SOP APF-10-024","5CCjZV/fgtQ=","6AyUQh3hBk8=",
"01e00c8c-4f35-4483-8024-5f2ce094fa66","WREF_009.basePlot.cfc","D16","WREF","WREF_009","distributed","9Q2HJihgWLVPUcPAGHYpnxq/dWbJNcijV8v6ujYy1Zw=","A00000060533","9Q2HJihgWLVPUcPAGHYpnxq/dWbJNcij+0tZBBwECwQ=","A00000106100","2019-07-17T18:20Z","2019-09-23",1,0.408,4.72,8.31,"OK","OK",,"A and L Great Lakes","SOP APF-10-024","5CCjZV/fgtQ=","6AyUQh3hBk8=",
"2fa9a71a-3c98-4c55-b6f6-e73fda2f981c","WREF_009.basePlot.cfc","D16","WREF","WREF_009","distributed","9Q2HJihgWLX7HI726ReC504kw53qQgxiKDUfAfE+Xuo=","A00000060534","9Q2HJihgWLX7HI726ReC504kw53qQgxiNynHArLtrGo=","A00000106109","2019-07-17T18:22Z","2019-09-23",1,0.482,5.75,9.60,"OK","OK",,"A and L Great Lakes","SOP APF-10-024","5CCjZV/fgtQ=","6AyUQh3hBk8=",
"3a1c52be-d862-4793-97d3-ec2b2d56286d","WREF_009.basePlot.cfc","D16","WREF","WREF_009","distributed","9Q2HJihgWLW8O1cZfFFY1xiiRxZiYnXQUEdiYd1+5IU=","A00000106130","9Q2HJihgWLW8O1cZfFFY1xiiRxZiYnXQzvvYRjuMXaF7uJAdawv5yA==","A00000106119","2019-07-17T18:40Z","2019-09-23",1,0.468,13.27,15.04,"OK","OK",,"A and L Great Lakes","SOP APF-10-024","5CCjZV/fgtQ=","6AyUQh3hBk8=",
"37641829-df8f-4b63-9977-45834f22d67c","WREF_013.basePlot.cfc","D16","WREF","WREF_013","distributed","9Q2HJihgWLUm8bZtPMej2ND1YW1ovrmJcW1NuDS7rDw=","A00000106131","9Q2HJihgWLUm8bZtPMej2ND1YW1ovrmJdvLaidDFQZadKU5z17+ZzQ==","A00000106121","2019-07-18T18:40Z","2019-09-23",1,0.497,10.64,13.09,"OK","OK",,"A and L Great Lakes","SOP APF-10-024","5CCjZV/fgtQ=","6AyUQh3hBk8=",
"3d3f9cc5-5a3b-41d7-82d3-ad077f4af10f","WREF_013.basePlot.cfc","D16","WREF","WREF_013","distributed","9Q2HJihgWLV3tU3ISqaz1cXNwO/83f9VTKIncYg9PRk=","A00000106151","9Q2HJihgWLV3tU3ISqaz1cXNwO/83f9VWjRBAvile3M=","A00000106115","2019-07-18T18:59Z","2019-09-23",1,0.471,11.40,12.08,"OK","OK",,"A and L Great Lakes","SOP APF-10-024","5CCjZV/fgtQ=","6AyUQh3hBk8=",
"2d106d65-bb16-47e9-a894-b9859243415f","WREF_004.basePlot.cfc","D16","WREF","WREF_004","distributed","9Q2HJihgWLVDyhjFDcAbUZsHVivKkAqBvgOEgUIVp3o=","A00000106134","9Q2HJihgWLVDyhjFDcAbUZsHVivKkAqBGcaQ5Yocj5g=","A00000106090","2019-07-18T21:09Z","2019-09-23",1,0.486,16.20,11.68,"OK","OK",,"A and L Great Lakes","SOP APF-10-024","5CCjZV/fgtQ=","6AyUQh3hBk8=",
"4113abc1-0a8c-4207-a0ba-0fdc5fdea78b","WREF_089.basePlot.cfc","D16","WREF","WREF_089","tower","9Q2HJihgWLXobC1LoSsBrp1Jk+O8mVEOF87uAq3J5tU=","A00000106135","9Q2HJihgWLXobC1LoSsBrp1Jk+O8mVEOKCMAm2+YFU0=","A00000106087","2019-07-22T23:06Z","2019-09-23",1,0.464,14.65,12.04,"OK","OK",,"A and L Great Lakes","SOP APF-10-024","5CCjZV/fgtQ=","6AyUQh3hBk8=",
"59719c46-4408-40d0-8720-a1d7575de71c","WREF_086.basePlot.cfc","D16","WREF","WREF_086","tower","9Q2HJihgWLXZRLdnx3Vm5ejPcjMrHQOPpQt61ofC+hI=","A00000060531","9Q2HJihgWLXZRLdnx3Vm5ejPcjMrHQOPZEx4tnJkz8k=","A00000106091","2019-07-23T17:06Z","2019-09-23",1,0.470,16.27,12.96,"OK","OK",,"A and L Great Lakes","SOP APF-10-024","5CCjZV/fgtQ=","6AyUQh3hBk8=",
"ee1e7e98-db15-40a7-947f-d324b27b6406","WREF_077.basePlot.cfc","D16","WREF","WREF_077","tower","9Q2HJihgWLXCdqQchroUS9eZeE7aMisqfT9Sgmo420A=","A00000060544","9Q2HJihgWLXCdqQchroUS9eZeE7aMisqsB0f6k4TebI=","A00000106101","2019-07-23T19:29Z","2019-09-23",1,0.488,16.64,12.90,"OK","OK",,"A and L Great Lakes","SOP APF-10-024","5CCjZV/fgtQ=","6AyUQh3hBk8=",
"c260bd71-c958-4c3f-bb6e-d5fc31e68136","WREF_075.basePlot.cfc","D16","WREF","WREF_075","tower","9Q2HJihgWLUaLcTD0XpP7NKBEjhGT9YCcFtbPyGdse8=","A00000060527","9Q2HJihgWLUaLcTD0XpP7NKBEjhGT9YCjjBijMGzvuE0cefLGeK/Zw==","A00000106096","2019-07-24T16:24Z","2019-09-23",1,0.481,12.32,13.09,"OK","OK",,"A and L Great Lakes","SOP APF-10-024","5CCjZV/fgtQ=","6AyUQh3hBk8=",
