uid,namedLocation,domainID,siteID,plotID,plotType,nlcdClass,geodeticDatum,decimalLatitude,decimalLongitude,coordinateUncertainty,elevation,elevationUncertainty,samplingProtocolVersion,collectDate,aopCollectDate,samplingImpractical,subplotID,sampleType,samplingMethod,sampleID,sampleCode,sampleCondition,chlorophyllSampleID,chlorophyllSampleCode,chlorophyllSamplePrepMethod,chlorophyllSampleCondition,clipCellNumber,clipID,clipLength,clipWidth,percentCoverClip,toxicodendronPossible,vstTag,tagID,individualID,taxonID,scientificName,plantStatus,canopyStatus,canopyPosition,leafSamplePosition,subsample1Height,subsample2Height,subsample3Height,crownPolygonID,crownPolygonConfidence,shapefileID,collectedBy,recordedBy,remarks,dataQF
"08a04a89-c3c6-4b3d-903b-3791b0da5549","WREF_012.basePlot.cfc","D16","WREF","WREF_012","distributed","evergreenForest","WGS84",45.840576,-121.863912,20.3,321.1,0.37,"NEON.DOC.001024vF","2019-07-15T20:10Z","2019-07-14",,,"Woody individual","other","9Q2HJihgWLXkj3CD16Qz2/TrmCmYB8mXosqMsMsRXZs=","A00000060532","OK","9Q2HJihgWLXkj3CD16Qz2/TrmCmYB8mXNpMbwbddOP6XYqVSOp2dvA==","B00000053095",,"OK",,,,,,,"Y","10000","NEON.PLA.D16.WREF.10000","PSMEM","Pseudotsuga menziesii (Mirb.) Franco var. menziesii","OK",,,,0.1,,,,,,"0000-0002-8962-923X","0000-0003-1908-4817","Deleaves UAV",
"f3476d05-4ba7-4b82-8985-9d1256b339ba","WREF_016.basePlot.cfc","D16","WREF","WREF_016","distributed","evergreenForest","WGS84",45.826426,-121.993608,20.2,577.9,0.34,"NEON.DOC.001024vF","2019-07-16T17:22Z","2019-07-12",,"31_400","Woody individual","other","9Q2HJihgWLVoqw+4VopyFRhK+n9jwdbof07gQkt0W40=","A00000106132","OK","9Q2HJihgWLVoqw+4VopyFRhK+n9jwdboEgojjsQevcs=","B00000053085",,"OK",,,,,,,"Y","09999","NEON.PLA.D16.WREF.09999","TSHE","Tsuga heterophylla (Raf.) Sarg.","OK",,,,40.3,,,,,,"0000-0002-8962-923X","0000-0003-1908-4817","Deleaves UAV",
"6669fab5-3256-4c36-8941-8a5f1e18aa0d","WREF_016.basePlot.cfc","D16","WREF","WREF_016","distributed","evergreenForest","WGS84",45.826426,-121.993608,20.2,577.9,0.34,"NEON.DOC.001024vF","2019-07-16T17:45Z","2019-07-12",,"31_400","Woody individual","other","9Q2HJihgWLWri5SGwBhyzwJh6tC8RM9VFTt5/11swDI=","A00000106148","OK","9Q2HJihgWLWri5SGwBhyzwJh6tC8RM9VkfAcw+l475TAbmXOMzLJhA==","B00000053079",,"OK",,,,,,,"Y","09998","NEON.PLA.D16.WREF.09998","PSMEM","Pseudotsuga menziesii (Mirb.) Franco var. menziesii","OK",,,,43.0,,,,,,"0000-0002-8962-923X","0000-0003-1908-4817","Deleaves UAV",
"4957efa8-8977-4132-ac25-de84edaa0ebf","WREF_019.basePlot.cfc","D16","WREF","WREF_019","distributed","evergreenForest","WGS84",45.819757,-121.968998,20.1,425.5,0.16,"NEON.DOC.001024vF","2019-07-16T17:59Z","2019-07-12",,,"Woody individual","pole pruner","9Q2HJihgWLVbcGqJFA9Ry0ENZVgOkZkix8WwKI32nrA=","A00000060546","OK","9Q2HJihgWLVbcGqJFA9Ry0ENZVgOkZkiLxn1LZUDdXPhCej9XkQ+4Q==","B00000041330",,"OK",,,,,,,"Y","09992","NEON.PLA.D16.WREF.09992","TABR2","Taxus brevifolia Nutt.","OK",,,,6.0,,,,,,"0000-0001-9947-8001","0000-0003-2593-761X",,
"e50b29ec-e454-4d61-a672-ec202f5c8679","WREF_019.basePlot.cfc","D16","WREF","WREF_019","distributed","evergreenForest","WGS84",45.819757,-121.968998,20.1,425.5,0.16,"NEON.DOC.001024vF","2019-07-16T20:12Z","2019-07-12",,,"Woody individual","clippers","9Q2HJihgWLWfapWu+P0gf9pD5JP2c/YKsBpzlXkG0Cc=","A00000060548","OK","9Q2HJihgWLWfapWu+P0gf9pD5JP2c/YKISicV5IFYJg=","B00000013249",,"OK",,,,,,,"N","09986Z","NEON.PLA.D16.WREF.09986Z","ABAM","Abies amabilis (Douglas ex Loudon) Douglas ex Forbes","OK",,,,3.3,,,,,,"0000-0001-9947-8001","0000-0003-2593-761X",,
"7d7c2e18-10d1-45f1-9b37-ddbd03c24f52","WREF_004.basePlot.cfc","D16","WREF","WREF_004","distributed","evergreenForest","WGS84",45.822941,-121.998707,20.3,567.8,0.38,"NEON.DOC.001024vF","2019-07-16T20:20Z","2019-07-12",,"31_400","Woody individual","other","9Q2HJihgWLXulDXtPAQqU+spVA5oSIpplfz89UFtLO8=","A00000106149","OK","9Q2HJihgWLXulDXtPAQqU+spVA5oSIppUaBH8hMQEdK2UYGHWy18zA==","B00000053083",,"OK",,,,,,,"Y","09983","NEON.PLA.D16.WREF.09983","PSMEM","Pseudotsuga menziesii (Mirb.) Franco var. menziesii","OK",,,,35.0,,,,,,"0000-0002-8962-923X","0000-0003-1908-4817","Deleaves UAV",
"cbb6e927-8ff0-4e26-8aaf-616907b80b7a","WREF_019.basePlot.cfc","D16","WREF","WREF_019","distributed","evergreenForest","WGS84",45.819757,-121.968998,20.1,425.5,0.16,"NEON.DOC.001024vF","2019-07-16T20:48Z","2019-07-12",,,"Woody individual","line launcher","9Q2HJihgWLVIJ+D+b/OvLzkLgQGx0jij/xPYgL9hJ0Q=","A00000060550","OK","9Q2HJihgWLVIJ+D+b/OvLzkLgQGx0jijUVCkqKFvf5Fi8DQbEe1GxQ==","B00000041334",,"OK",,,,,,,"Y","09997","NEON.PLA.D16.WREF.09997","PSMEM","Pseudotsuga menziesii (Mirb.) Franco var. menziesii","OK",,,,32.4,,,,,,"0000-0001-9947-8001","0000-0003-2593-761X",,
"2b2c8ade-0331-472c-b833-6b8dd8efe5c8","WREF_015.basePlot.cfc","D16","WREF","WREF_015","distributed","evergreenForest","WGS84",45.826107,-122.017923,20.2,572.4,0.24,"NEON.DOC.001024vF","2019-07-16T22:26Z","2019-07-12",,"31_400","Woody individual","other","9Q2HJihgWLUOdesmpw+IQI7ICVqEI5YkYqA6hTZWAvs=","A00000106133","OK","9Q2HJihgWLUOdesmpw+IQI7ICVqEI5YkzaPSRXg/MiU=","B00000053076",,"OK",,,,,,,"Y","09982","NEON.PLA.D16.WREF.09982","TSHE","Tsuga heterophylla (Raf.) Sarg.","OK",,,,47.3,,,,,,"0000-0002-8962-923X","0000-0003-1908-4817","Deleaves UAV",
"7398dfce-8ceb-4425-b617-2aa17c39bf57","WREF_015.basePlot.cfc","D16","WREF","WREF_015","distributed","evergreenForest","WGS84",45.826107,-122.017923,20.2,572.4,0.24,"NEON.DOC.001024vF","2019-07-16T22:36Z","2019-07-12",,,"Woody individual","other","9Q2HJihgWLUR5wb3Dgvw3w8k3vzW4MJ/t7+BQ0tbbhM=","A00000106150","OK","9Q2HJihgWLUR5wb3Dgvw3w8k3vzW4MJ/bCnkj+fqeb+H4yBDdJTaPA==","B00000053077",,"OK",,,,,,,"N","09981Z","NEON.PLA.D16.WREF.09981Z","PSMEM","Pseudotsuga menziesii (Mirb.) Franco var. menziesii","OK",,,,54.5,,,,,,"0000-0002-8962-923X","0000-0003-1908-4817","Deleaves UAV",
"3f385c74-4c00-4475-8714-a99fec5ab5d2","WREF_011.basePlot.cfc","D16","WREF","WREF_011","distributed","evergreenForest","WGS84",45.834707,-121.983393,20.3,636.7,0.28,"NEON.DOC.001024vF","2019-07-17T17:15Z","2019-07-12",,"31_400","Woody individual","other","9Q2HJihgWLWUa7EMozParjkvVSb4vTvD7gZJ/iZe/kY=","A00000106147","OK","9Q2HJihgWLWUa7EMozParjkvVSb4vTvDXB6XbMbyX/h+0REMdolbMA==","B00000041329",,"OK",,,,,,,"Y","09980","NEON.PLA.D16.WREF.09980","PSMEM","Pseudotsuga menziesii (Mirb.) Franco var. menziesii","OK",,,,22.4,,,,,,"0000-0002-8962-923X","0000-0003-1908-4817","Deleaves UAV",
"ca15998f-2334-4c34-a009-498e7765fc42","WREF_009.basePlot.cfc","D16","WREF","WREF_009","distributed","evergreenForest","WGS84",45.835945,-122.001901,20.1,803.4,0.12,"NEON.DOC.001024vF","2019-07-17T18:15Z","2019-07-12",,"31_400","Woody individual","clippers","9Q2HJihgWLU+zHhLO4n/buJ1tsziKC4gGlMiA6qzAJQ=","A00000060549","OK","9Q2HJihgWLU+zHhLO4n/buJ1tsziKC4gSLbotYU/j8K9C2V7QrZfZw==","B00000041333",,"OK",,,,,,,"Y","09979","NEON.PLA.D16.WREF.09979","COCOC","Corylus cornuta Marshall var. californica (A. DC.) Sharp","OK",,,,0.9,1.6,,,,,"0000-0002-8962-923X","0000-0003-1908-4817","Sampled in large sunny gap",
"550e4579-fc36-4b79-9086-e58ff9af859f","WREF_009.basePlot.cfc","D16","WREF","WREF_009","distributed","evergreenForest","WGS84",45.835945,-122.001901,20.1,803.4,0.12,"NEON.DOC.001024vF","2019-07-17T18:20Z","2019-07-12",,"31_400","Woody individual","clippers","9Q2HJihgWLVPUcPAGHYpnxq/dWbJNcijV8v6ujYy1Zw=","A00000060533","OK","9Q2HJihgWLVPUcPAGHYpnxq/dWbJNcij0SCrJko0FeE=","B00000041323",,"OK",,,,,,,"Y","09978","NEON.PLA.D16.WREF.09978","VAPA","Vaccinium parvifolium Sm.","OK",,,,1.6,1.7,,,,,"0000-0002-8962-923X","0000-0003-1908-4817","Sampled in large sunny gap",
"b1325d01-f663-4558-8832-8a0661537465","WREF_009.basePlot.cfc","D16","WREF","WREF_009","distributed","evergreenForest","WGS84",45.835945,-122.001901,20.1,803.4,0.12,"NEON.DOC.001024vF","2019-07-17T18:22Z","2019-07-12",,"31_400","Woody individual","clippers","9Q2HJihgWLX7HI726ReC504kw53qQgxiKDUfAfE+Xuo=","A00000060534","OK","9Q2HJihgWLX7HI726ReC504kw53qQgxi9Ga2/Ulw8g4=","B00000041158",,"OK",,,,,,,"Y","09977","NEON.PLA.D16.WREF.09977","ACCI","Acer circinatum Pursh","OK",,,,0.9,0.6,,,,,"0000-0002-8962-923X","0000-0003-1908-4817",,
"b1163a7a-6d59-42ff-b4da-2c2ad60937f5","WREF_009.basePlot.cfc","D16","WREF","WREF_009","distributed","evergreenForest","WGS84",45.835945,-122.001901,20.1,803.4,0.12,"NEON.DOC.001024vF","2019-07-17T18:40Z","2019-07-12",,"31_400","Woody individual","other","9Q2HJihgWLW8O1cZfFFY1xiiRxZiYnXQUEdiYd1+5IU=","A00000106130","OK","9Q2HJihgWLW8O1cZfFFY1xiiRxZiYnXQH+mW1KNlspCT/GT3ojnXDQ==","B00000041184",,"OK",,,,,,,"Y","09976","NEON.PLA.D16.WREF.09976","PSMEM","Pseudotsuga menziesii (Mirb.) Franco var. menziesii","OK",,,,29.5,,,,,,"0000-0002-8962-923X","0000-0003-1908-4817","Deleaves UAV",
"086bb54f-1983-4ae4-bdfa-b3891255491c","WREF_013.basePlot.cfc","D16","WREF","WREF_013","distributed","evergreenForest","WGS84",45.835857,-122.018935,20.1,614.2,0.12,"NEON.DOC.001024vF","2019-07-18T18:40Z","2019-07-12",,"31_400","Woody individual","other","9Q2HJihgWLUm8bZtPMej2ND1YW1ovrmJcW1NuDS7rDw=","A00000106131","OK","9Q2HJihgWLUm8bZtPMej2ND1YW1ovrmJICdmkrjnMxZ173dHxVYPtw==","B00000053101",,"OK",,,,,,,"Y","09973","NEON.PLA.D16.WREF.09973","PSMEM","Pseudotsuga menziesii (Mirb.) Franco var. menziesii","OK",,,,24.7,,,,,,"0000-0002-8962-923X","0000-0002-8962-923X","Deleaves UAV",
"3afcbb8b-7d65-4057-b4d5-b88bc98bc824","WREF_013.basePlot.cfc","D16","WREF","WREF_013","distributed","evergreenForest","WGS84",45.835857,-122.018935,20.1,614.2,0.12,"NEON.DOC.001024vF","2019-07-18T18:59Z","2019-07-12",,,"Woody individual","other","9Q2HJihgWLV3tU3ISqaz1cXNwO/83f9VTKIncYg9PRk=","A00000106151","OK","9Q2HJihgWLV3tU3ISqaz1cXNwO/83f9V8hJvfYmOk3I=","B00000053084",,"OK",,,,,,,"N","09972Z","NEON.PLA.D16.WREF.09972Z","ABAM","Abies amabilis (Douglas ex Loudon) Douglas ex Forbes","OK",,,,20.9,,,,,,"0000-0002-8962-923X","0000-0002-8962-923X","Deleaves UAV",
"dd9036f5-6236-4c23-ac6d-92d9145d8d95","WREF_004.basePlot.cfc","D16","WREF","WREF_004","distributed","evergreenForest","WGS84",45.822941,-121.998707,20.3,567.8,0.38,"NEON.DOC.001024vF","2019-07-18T21:52Z","2019-07-12",,,"Woody individual","other","9Q2HJihgWLVDyhjFDcAbUZsHVivKkAqBvgOEgUIVp3o=","A00000106134","OK","9Q2HJihgWLVDyhjFDcAbUZsHVivKkAqBiqsvKlbeYEw=","B00000053080",,"OK",,,,,,,"N","09971Z","NEON.PLA.D16.WREF.09971Z","TSHE","Tsuga heterophylla (Raf.) Sarg.","OK",,,,39.2,,,,,,"0000-0002-8962-923X","0000-0002-8962-923X","Deleaves UAV",
"31da07af-621b-47d0-b2e0-c1a27ef4529d","WREF_089.basePlot.cfc","D16","WREF","WREF_089","tower","evergreenForest","WGS84",45.822925,-121.960577,20.3,384.8,0.31,"NEON.DOC.001024vF","2019-07-22T23:06Z","2019-07-12",,"21_400","Woody individual","line launcher","9Q2HJihgWLXobC1LoSsBrp1Jk+O8mVEOF87uAq3J5tU=","A00000106135","OK","9Q2HJihgWLXobC1LoSsBrp1Jk+O8mVEOdl4N77OnTY8=","B00000053087",,"OK",,,,,,,"Y","04890","NEON.PLA.D16.WREF.04890","THPL","Thuja plicata Donn ex D. Don","OK",,,,29.7,,,,,,"0000-0002-8962-923X","0000-0003-1908-4817",,
"cd6464c1-55d0-4cf6-baa0-1d04b92562dd","WREF_086.basePlot.cfc","D16","WREF","WREF_086","tower","evergreenForest","WGS84",45.822279,-121.957115,20.2,374.5,0.26,"NEON.DOC.001024vF","2019-07-23T17:06Z","2019-07-12",,"21_400","Woody individual","line launcher","9Q2HJihgWLXZRLdnx3Vm5ejPcjMrHQOPpQt61ofC+hI=","A00000060531","OK","9Q2HJihgWLXZRLdnx3Vm5ejPcjMrHQOP4fR47G0V3cc=","B00000053094",,"OK",,,,,,,"Y","04159","NEON.PLA.D16.WREF.04159","TSHE","Tsuga heterophylla (Raf.) Sarg.","OK",,,,35.3,,,,,,"0000-0002-8962-923X","0000-0003-1908-4817",,
"d9c2ba85-2851-422a-90d8-39912b8e5e12","WREF_077.basePlot.cfc","D16","WREF","WREF_077","tower","evergreenForest","WGS84",45.823126,-121.958667,20.2,379.8,0.28,"NEON.DOC.001024vF","2019-07-23T19:29Z","2019-07-12",,"41_400","Woody individual","line launcher","9Q2HJihgWLXCdqQchroUS9eZeE7aMisqfT9Sgmo420A=","A00000060544","OK","9Q2HJihgWLXCdqQchroUS9eZeE7aMisqw+p/txtunmQ=","B00000053074",,"OK",,,,,,,"Y","04508","NEON.PLA.D16.WREF.04508","THPL","Thuja plicata Donn ex D. Don","OK",,,,31.2,,,,,,"0000-0002-8962-923X","0000-0003-1908-4817",,
"01b51403-8ea6-42cf-8fac-3f3e4c54d8ae","WREF_077.basePlot.cfc","D16","WREF","WREF_077","tower","evergreenForest","WGS84",45.823126,-121.958667,20.2,379.8,0.28,"NEON.DOC.001024vF","2019-07-23T21:24Z","2019-07-12",,"23_400","Woody individual","line launcher","9Q2HJihgWLUuLYanB8dyJlPVRbugt3yPUJqx8twBf+I=","A00000060530","OK","9Q2HJihgWLUuLYanB8dyJlPVRbugt3yPp5INjC8XDbQ=","B00000053096",,"OK",,,,,,,"Y","04183","NEON.PLA.D16.WREF.04183","TSHE","Tsuga heterophylla (Raf.) Sarg.","Disease damaged",,,,27.0,,,,,,"0000-0002-8962-923X","0000-0003-1908-4817","Mistletoe",
"b11e5b95-6dc1-4cc6-aed0-97e08a7ce999","WREF_075.basePlot.cfc","D16","WREF","WREF_075","tower","evergreenForest","WGS84",45.826901,-121.958225,20.3,373.2,0.26,"NEON.DOC.001024vF","2019-07-24T16:24Z","2019-07-12",,"23_400","Woody individual","line launcher","9Q2HJihgWLUaLcTD0XpP7NKBEjhGT9YCcFtbPyGdse8=","A00000060527","OK","9Q2HJihgWLUaLcTD0XpP7NKBEjhGT9YCZR6j7egcOMSIoco6kOBEfw==","B00000053072",,"OK",,,,,,,"Y","05331","NEON.PLA.D16.WREF.05331","PSMEM","Pseudotsuga menziesii (Mirb.) Franco var. menziesii","Disease damaged",,,,25.5,,,,,,"0000-0002-8962-923X","0000-0003-1908-4817","Chlorotic needles. Possible needle cast throughout plot and beyond.",
