uid,namedLocation,domainID,siteID,plotID,plotType,sampleID,sampleCode,chlorophyllSampleID,chlorophyllSampleCode,collectDate,sampleCondition,extractionStartDate,extractionLength,freshMass,solventVolume,analyticalRepNumber,extractChlAConc,extractChlBConc,extractCarotConc,relativeAccuracyScale,handlingQF,measurementQF,remarks,laboratoryName,testMethod,analyzedBy,reviewedBy,dataQF
"ce3aeb5a-10a7-4567-84e3-1eaa05d61b29","WREF_012.basePlot.cfc","D16","WREF","WREF_012","distributed","9Q2HJihgWLXkj3CD16Qz2/TrmCmYB8mXosqMsMsRXZs=","A00000060532","9Q2HJihgWLXkj3CD16Qz2/TrmCmYB8mXNpMbwbddOP6XYqVSOp2dvA==","B00000053095","2019-07-15T20:10Z","OK","2019-07-29",27,0.1205,8,1,9.83,2.52,2.53,"A","OK","OK",,"University of Maryland Center for Environmental Science","HPL Foliar Pigment SOP","tO3Lchp2lPI=","tO3Lchp2lPI=",
"057b648a-e5b6-41ca-a84f-4989b4cda356","WREF_016.basePlot.cfc","D16","WREF","WREF_016","distributed","9Q2HJihgWLVoqw+4VopyFRhK+n9jwdbof07gQkt0W40=","A00000106132","9Q2HJihgWLVoqw+4VopyFRhK+n9jwdboEgojjsQevcs=","B00000053085","2019-07-16T17:22Z","OK","2019-07-29",27,0.1253,8,1,4.66,1.17,1.77,"A","OK","OK",,"University of Maryland Center for Environmental Science","HPL Foliar Pigment SOP","tO3Lchp2lPI=","tO3Lchp2lPI=",
"26417c82-193b-4a35-85b6-9916d041d4ee","WREF_016.basePlot.cfc","D16","WREF","WREF_016","distributed","9Q2HJihgWLWri5SGwBhyzwJh6tC8RM9VFTt5/11swDI=","A00000106148","9Q2HJihgWLWri5SGwBhyzwJh6tC8RM9VkfAcw+l475TAbmXOMzLJhA==","B00000053079","2019-07-16T17:45Z","OK","2019-07-29",27,0.1564,8,1,11.46,3.15,2.90,"A","OK","OK",,"University of Maryland Center for Environmental Science","HPL Foliar Pigment SOP","tO3Lchp2lPI=","tO3Lchp2lPI=",
"47dccd30-34da-4ae4-81c5-fbbce0890962","WREF_019.basePlot.cfc","D16","WREF","WREF_019","distributed","9Q2HJihgWLVbcGqJFA9Ry0ENZVgOkZkix8WwKI32nrA=","A00000060546","9Q2HJihgWLVbcGqJFA9Ry0ENZVgOkZkiLxn1LZUDdXPhCej9XkQ+4Q==","B00000041330","2019-07-16T17:59Z","OK","2019-07-29",27,0.1498,8,1,17.61,4.90,4.63,"A","OK","OK",,"University of Maryland Center for Environmental Science","HPL Foliar Pigment SOP","tO3Lchp2lPI=","tO3Lchp2lPI=",
"bb3c7ef2-d6b4-4b98-87ce-f6b113a746bd","WREF_019.basePlot.cfc","D16","WREF","WREF_019","distributed","9Q2HJihgWLWfapWu+P0gf9pD5JP2c/YKsBpzlXkG0Cc=","A00000060548","9Q2HJihgWLWfapWu+P0gf9pD5JP2c/YKISicV5IFYJg=","B00000013249","2019-07-16T20:12Z","OK","2019-07-29",27,0.1526,8,1,14.71,3.95,3.54,"A","OK","OK",,"University of Maryland Center for Environmental Science","HPL Foliar Pigment SOP","tO3Lchp2lPI=","tO3Lchp2lPI=",
"e1a02831-7020-4085-b7ac-e34ff5b66107","WREF_004.basePlot.cfc","D16","WREF","WREF_004","distributed","9Q2HJihgWLXulDXtPAQqU+spVA5oSIpplfz89UFtLO8=","A00000106149","9Q2HJihgWLXulDXtPAQqU+spVA5oSIppUaBH8hMQEdK2UYGHWy18zA==","B00000053083","2019-07-16T20:20Z","OK","2019-07-29",27,0.1398,8,1,8.70,2.12,2.46,"A","OK","OK",,"University of Maryland Center for Environmental Science","HPL Foliar Pigment SOP","tO3Lchp2lPI=","tO3Lchp2lPI=",
"cc70a3e4-cf82-4b79-aa67-cb5789a1b6d8","WREF_019.basePlot.cfc","D16","WREF","WREF_019","distributed","9Q2HJihgWLVIJ+D+b/OvLzkLgQGx0jij/xPYgL9hJ0Q=","A00000060550","9Q2HJihgWLVIJ+D+b/OvLzkLgQGx0jijUVCkqKFvf5Fi8DQbEe1GxQ==","B00000041334","2019-07-16T20:48Z","OK","2019-07-29",27,0.0960,8,1,7.99,2.30,1.86,"A","OK","OK",,"University of Maryland Center for Environmental Science","HPL Foliar Pigment SOP","tO3Lchp2lPI=","tO3Lchp2lPI=",
"c62a29b7-e450-4275-a428-79da7dff7d10","WREF_015.basePlot.cfc","D16","WREF","WREF_015","distributed","9Q2HJihgWLUOdesmpw+IQI7ICVqEI5YkYqA6hTZWAvs=","A00000106133","9Q2HJihgWLUOdesmpw+IQI7ICVqEI5YkzaPSRXg/MiU=","B00000053076","2019-07-16T22:23Z","OK","2019-07-29",27,0.1864,8,1,9.76,3.04,3.68,"A","OK","OK",,"University of Maryland Center for Environmental Science","HPL Foliar Pigment SOP","tO3Lchp2lPI=","tO3Lchp2lPI=",
"937e13f3-6967-467e-aaf3-e548a5428f1c","WREF_015.basePlot.cfc","D16","WREF","WREF_015","distributed","9Q2HJihgWLUR5wb3Dgvw3w8k3vzW4MJ/t7+BQ0tbbhM=","A00000106150","9Q2HJihgWLUR5wb3Dgvw3w8k3vzW4MJ/bCnkj+fqeb+H4yBDdJTaPA==","B00000053077","2019-07-16T22:36Z","OK","2019-07-29",27,0.1241,8,1,10.95,2.76,2.74,"A","OK","OK",,"University of Maryland Center for Environmental Science","HPL Foliar Pigment SOP","tO3Lchp2lPI=","tO3Lchp2lPI=",
"9335d55d-380c-4781-92ba-ba2408c84fb1","WREF_011.basePlot.cfc","D16","WREF","WREF_011","distributed","9Q2HJihgWLWUa7EMozParjkvVSb4vTvD7gZJ/iZe/kY=","A00000106147","9Q2HJihgWLWUa7EMozParjkvVSb4vTvDXB6XbMbyX/h+0REMdolbMA==","B00000041329","2019-07-17T17:15Z","OK","2019-07-29",27,0.1444,8,1,7.35,2.16,2.12,"A","OK","OK",,"University of Maryland Center for Environmental Science","HPL Foliar Pigment SOP","tO3Lchp2lPI=","tO3Lchp2lPI=",
"969910af-d466-438a-931b-bf6d2cb6afcf","WREF_009.basePlot.cfc","D16","WREF","WREF_009","distributed","9Q2HJihgWLU+zHhLO4n/buJ1tsziKC4gGlMiA6qzAJQ=","A00000060549","9Q2HJihgWLU+zHhLO4n/buJ1tsziKC4gSLbotYU/j8K9C2V7QrZfZw==","B00000041333","2019-07-17T18:15Z","OK","2019-07-29",27,0.0783,8,1,21.39,5.45,5.51,"A","OK","OK",,"University of Maryland Center for Environmental Science","HPL Foliar Pigment SOP","tO3Lchp2lPI=","tO3Lchp2lPI=",
"a1f55e0c-96ac-4b0a-a444-b31969500488","WREF_009.basePlot.cfc","D16","WREF","WREF_009","distributed","9Q2HJihgWLVPUcPAGHYpnxq/dWbJNcijV8v6ujYy1Zw=","A00000060533","9Q2HJihgWLVPUcPAGHYpnxq/dWbJNcij0SCrJko0FeE=","B00000041323","2019-07-17T18:20Z","OK","2019-07-29",27,0.0908,8,1,23.25,6.43,5.50,"A","OK","OK",,"University of Maryland Center for Environmental Science","HPL Foliar Pigment SOP","tO3Lchp2lPI=","tO3Lchp2lPI=",
"54560b5a-89e7-4dda-aa8d-01686d925dc4","WREF_009.basePlot.cfc","D16","WREF","WREF_009","distributed","9Q2HJihgWLX7HI726ReC504kw53qQgxiKDUfAfE+Xuo=","A00000060534","9Q2HJihgWLX7HI726ReC504kw53qQgxi9Ga2/Ulw8g4=","B00000041158","2019-07-17T18:22Z","OK","2019-07-29",27,0.0866,8,1,14.09,3.32,5.13,"A","OK","OK",,"University of Maryland Center for Environmental Science","HPL Foliar Pigment SOP","tO3Lchp2lPI=","tO3Lchp2lPI=",
"37a8ec49-c738-4e37-8264-a48c413cebf5","WREF_009.basePlot.cfc","D16","WREF","WREF_009","distributed","9Q2HJihgWLW8O1cZfFFY1xiiRxZiYnXQUEdiYd1+5IU=","A00000106130","9Q2HJihgWLW8O1cZfFFY1xiiRxZiYnXQH+mW1KNlspCT/GT3ojnXDQ==","B00000041184","2019-07-17T18:40Z","OK","2019-07-29",27,0.1915,8,1,13.95,4.15,3.71,"A","OK","OK",,"University of Maryland Center for Environmental Science","HPL Foliar Pigment SOP","tO3Lchp2lPI=","tO3Lchp2lPI=",
"4c636c12-c3b3-40f6-aea5-e3ba9a417962","WREF_013.basePlot.cfc","D16","WREF","WREF_013","distributed","9Q2HJihgWLUm8bZtPMej2ND1YW1ovrmJcW1NuDS7rDw=","A00000106131","9Q2HJihgWLUm8bZtPMej2ND1YW1ovrmJICdmkrjnMxZ173dHxVYPtw==","B00000053101","2019-07-18T18:40Z","OK","2019-07-29",27,0.1643,8,1,11.11,2.65,3.12,"A","OK","OK",,"University of Maryland Center for Environmental Science","HPL Foliar Pigment SOP","tO3Lchp2lPI=","tO3Lchp2lPI=",
"81e9d00f-469c-4d0d-a957-e3bee0b4a4bb","WREF_013.basePlot.cfc","D16","WREF","WREF_013","distributed","9Q2HJihgWLV3tU3ISqaz1cXNwO/83f9VTKIncYg9PRk=","A00000106151","9Q2HJihgWLV3tU3ISqaz1cXNwO/83f9V8hJvfYmOk3I=","B00000053084","2019-07-18T18:59Z","OK","2019-07-29",27,0.2753,8,1,20.00,5.41,4.62,"A","OK","OK",,"University of Maryland Center for Environmental Science","HPL Foliar Pigment SOP","tO3Lchp2lPI=","tO3Lchp2lPI=",
"4fd5bfd3-dcec-483c-a37b-02d2ec1862ba","WREF_004.basePlot.cfc","D16","WREF","WREF_004","distributed","9Q2HJihgWLVDyhjFDcAbUZsHVivKkAqBvgOEgUIVp3o=","A00000106134","9Q2HJihgWLVDyhjFDcAbUZsHVivKkAqBiqsvKlbeYEw=","B00000053080","2019-07-18T21:09Z","OK","2019-07-29",27,0.1237,8,1,7.86,2.31,2.20,"A","OK","OK",,"University of Maryland Center for Environmental Science","HPL Foliar Pigment SOP","tO3Lchp2lPI=","tO3Lchp2lPI=",
"ee636ff1-9fbe-495b-ac5d-0295ca6303c3","WREF_089.basePlot.cfc","D16","WREF","WREF_089","tower","9Q2HJihgWLXobC1LoSsBrp1Jk+O8mVEOF87uAq3J5tU=","A00000106135","9Q2HJihgWLXobC1LoSsBrp1Jk+O8mVEOdl4N77OnTY8=","B00000053087","2019-07-22T23:06Z","OK","2019-07-31",22,0.2708,8,1,13.84,3.71,3.77,"A","OK","OK",,"University of Maryland Center for Environmental Science","HPL Foliar Pigment SOP","tO3Lchp2lPI=","tO3Lchp2lPI=",
"7340ff1b-a7ba-40ae-b9fe-4ff19a15519b","WREF_086.basePlot.cfc","D16","WREF","WREF_086","tower","9Q2HJihgWLXZRLdnx3Vm5ejPcjMrHQOPpQt61ofC+hI=","A00000060531","9Q2HJihgWLXZRLdnx3Vm5ejPcjMrHQOP4fR47G0V3cc=","B00000053094","2019-07-23T17:06Z","OK","2019-07-31",22,0.2384,8,1,10.74,4.54,3.60,"A","OK","OK",,"University of Maryland Center for Environmental Science","HPL Foliar Pigment SOP","tO3Lchp2lPI=","tO3Lchp2lPI=",
"781aa4dc-57f8-4b29-b2ce-c6269748dde7","WREF_077.basePlot.cfc","D16","WREF","WREF_077","tower","9Q2HJihgWLXCdqQchroUS9eZeE7aMisqfT9Sgmo420A=","A00000060544","9Q2HJihgWLXCdqQchroUS9eZeE7aMisqw+p/txtunmQ=","B00000053074","2019-07-23T19:29Z","OK","2019-07-31",22,0.2528,8,1,16.54,4.80,4.37,"A","OK","OK",,"University of Maryland Center for Environmental Science","HPL Foliar Pigment SOP","tO3Lchp2lPI=","tO3Lchp2lPI=",
"57756b41-ebe4-46cb-a6ae-bd1a8f4262e6","WREF_077.basePlot.cfc","D16","WREF","WREF_077","tower","9Q2HJihgWLUuLYanB8dyJlPVRbugt3yPUJqx8twBf+I=","A00000060530","9Q2HJihgWLUuLYanB8dyJlPVRbugt3yPp5INjC8XDbQ=","B00000053096","2019-07-23T21:24Z","OK","2019-07-31",22,0.1853,8,1,8.28,2.93,2.81,"A","OK","OK",,"University of Maryland Center for Environmental Science","HPL Foliar Pigment SOP","tO3Lchp2lPI=","tO3Lchp2lPI=",
"e536f34e-5f47-422c-9135-eec15661edcb","WREF_075.basePlot.cfc","D16","WREF","WREF_075","tower","9Q2HJihgWLUaLcTD0XpP7NKBEjhGT9YCcFtbPyGdse8=","A00000060527","9Q2HJihgWLUaLcTD0XpP7NKBEjhGT9YCZR6j7egcOMSIoco6kOBEfw==","B00000053072","2019-07-24T16:24Z","OK","2019-07-31",22,0.1402,8,1,7.43,1.93,2.06,"A","OK","OK",,"University of Maryland Center for Environmental Science","HPL Foliar Pigment SOP","tO3Lchp2lPI=","tO3Lchp2lPI=",
