uid,namedLocation,domainID,siteID,plotID,plotType,sampleID,sampleCode,cnSampleID,cnSampleCode,collectDate,analysisDate,co2Trapped,d15N,d13C,nitrogenPercent,carbonPercent,CNratio,cnIsotopeQF,cnPercentQF,isotopeAccuracyQF,percentAccuracyQF,analyticalRepNumber,remarks,laboratoryName,testMethod,instrument,analyzedBy,reviewedBy,dataQF
"63528c4a-1d55-4351-9ff0-6ef041f84be3","WREF_012.basePlot.cfc","D16","WREF","WREF_012","distributed","9Q2HJihgWLXkj3CD16Qz2/TrmCmYB8mXosqMsMsRXZs=","A00000060532","9Q2HJihgWLXkj3CD16Qz2/TrmCmYB8mXHBvOiCrGE2Q=","A00000106129","2019-07-15T20:10Z","2019-12-19","N",-4.6,-25.8,0.99,49.60,50.0,"OK","OK","OK","OK",1,,"University of Wyoming Stable Isotope Facility","010 EA-IRMS organic d15n, d13c, C% & N%","Costech 4010 Elemental Analyzer with Costech Zero Blank Autosampler plus Thermo Finnigan Delta Plus XP with Finnigan Conflo III Interface","rHBrhUbTwVSLtfc5tc9S18/eJGkjVJIj","L/6ZjMlRllRQ+sQbi+7sFw==","dryingProtocolError"
"18fe33a7-a514-4c66-93e6-4c7ae277c80f","WREF_016.basePlot.cfc","D16","WREF","WREF_016","distributed","9Q2HJihgWLVoqw+4VopyFRhK+n9jwdbof07gQkt0W40=","A00000106132","9Q2HJihgWLVoqw+4VopyFRhK+n9jwdbo2lRkf8JWpOU=","A00000106118","2019-07-16T17:22Z","2019-12-19","N",-6.8,-27.3,0.79,50.44,64.1,"OK","OK","OK","OK",1,,"University of Wyoming Stable Isotope Facility","010 EA-IRMS organic d15n, d13c, C% & N%","Costech 4010 Elemental Analyzer with Costech Zero Blank Autosampler plus Thermo Finnigan Delta Plus XP with Finnigan Conflo III Interface","rHBrhUbTwVSLtfc5tc9S18/eJGkjVJIj","L/6ZjMlRllRQ+sQbi+7sFw==","dryingProtocolError"
"c7f9c5b0-84bd-4f02-b1f7-645903017aa5","WREF_016.basePlot.cfc","D16","WREF","WREF_016","distributed","9Q2HJihgWLWri5SGwBhyzwJh6tC8RM9VFTt5/11swDI=","A00000106148","9Q2HJihgWLWri5SGwBhyzwJh6tC8RM9V9t+rh+UT1v4=","A00000106112","2019-07-16T17:45Z","2019-12-19","N",-4.4,-26.1,0.99,50.01,50.5,"OK","OK","OK","OK",1,,"University of Wyoming Stable Isotope Facility","010 EA-IRMS organic d15n, d13c, C% & N%","Costech 4010 Elemental Analyzer with Costech Zero Blank Autosampler plus Thermo Finnigan Delta Plus XP with Finnigan Conflo III Interface","rHBrhUbTwVSLtfc5tc9S18/eJGkjVJIj","L/6ZjMlRllRQ+sQbi+7sFw==","dryingProtocolError"
"c7cabe04-ae2a-40bf-aaf8-0aea47fb6364","WREF_019.basePlot.cfc","D16","WREF","WREF_019","distributed","9Q2HJihgWLVbcGqJFA9Ry0ENZVgOkZkix8WwKI32nrA=","A00000060546","9Q2HJihgWLVbcGqJFA9Ry0ENZVgOkZkiwLwoEOS7+N4=","A00000106418","2019-07-16T17:59Z","2019-12-19","N",-2.8,-28.0,0.91,52.39,57.3,"OK","OK","OK","OK",1,,"University of Wyoming Stable Isotope Facility","010 EA-IRMS organic d15n, d13c, C% & N%","Costech 4010 Elemental Analyzer with Costech Zero Blank Autosampler plus Thermo Finnigan Delta Plus XP with Finnigan Conflo III Interface","rHBrhUbTwVSLtfc5tc9S18/eJGkjVJIj","L/6ZjMlRllRQ+sQbi+7sFw==","dryingProtocolError"
"2bfc3223-de30-49b7-98f4-c56bea2ee4eb","WREF_019.basePlot.cfc","D16","WREF","WREF_019","distributed","9Q2HJihgWLWfapWu+P0gf9pD5JP2c/YKsBpzlXkG0Cc=","A00000060548","9Q2HJihgWLWfapWu+P0gf9pD5JP2c/YKDK0VaAiLUYk=","A00000106140","2019-07-16T20:12Z","2019-12-19","N",-3.9,-32.5,0.80,51.53,64.6,"OK","OK","OK","OK",1,,"University of Wyoming Stable Isotope Facility","010 EA-IRMS organic d15n, d13c, C% & N%","Costech 4010 Elemental Analyzer with Costech Zero Blank Autosampler plus Thermo Finnigan Delta Plus XP with Finnigan Conflo III Interface","rHBrhUbTwVSLtfc5tc9S18/eJGkjVJIj","L/6ZjMlRllRQ+sQbi+7sFw==","dryingProtocolError"
"e1c26c35-2e96-4a3b-bcd5-7a1100dce916","WREF_004.basePlot.cfc","D16","WREF","WREF_004","distributed","9Q2HJihgWLXulDXtPAQqU+spVA5oSIpplfz89UFtLO8=","A00000106149","9Q2HJihgWLXulDXtPAQqU+spVA5oSIpp1iKjiGo+Q2s=","A00000106085","2019-07-16T20:20Z","2019-12-19","N",-5.3,-26.1,0.84,49.27,58.5,"OK","OK","OK","OK",1,,"University of Wyoming Stable Isotope Facility","010 EA-IRMS organic d15n, d13c, C% & N%","Costech 4010 Elemental Analyzer with Costech Zero Blank Autosampler plus Thermo Finnigan Delta Plus XP with Finnigan Conflo III Interface","rHBrhUbTwVSLtfc5tc9S18/eJGkjVJIj","L/6ZjMlRllRQ+sQbi+7sFw==","dryingProtocolError"
"694670ee-3b6c-4bed-b071-9f6d3cf59bf3","WREF_019.basePlot.cfc","D16","WREF","WREF_019","distributed","9Q2HJihgWLVIJ+D+b/OvLzkLgQGx0jij/xPYgL9hJ0Q=","A00000060550","9Q2HJihgWLVIJ+D+b/OvLzkLgQGx0jijBBHDHWNVC54=","A00000106127","2019-07-16T20:48Z","2019-12-19","N",-3.1,-29.0,0.82,50.66,61.9,"OK","OK","OK","OK",1,,"University of Wyoming Stable Isotope Facility","010 EA-IRMS organic d15n, d13c, C% & N%","Costech 4010 Elemental Analyzer with Costech Zero Blank Autosampler plus Thermo Finnigan Delta Plus XP with Finnigan Conflo III Interface","rHBrhUbTwVSLtfc5tc9S18/eJGkjVJIj","L/6ZjMlRllRQ+sQbi+7sFw==","dryingProtocolError"
"c1f98c83-5ddc-46ff-a059-c790b5764c38","WREF_015.basePlot.cfc","D16","WREF","WREF_015","distributed","9Q2HJihgWLUOdesmpw+IQI7ICVqEI5YkYqA6hTZWAvs=","A00000106133","9Q2HJihgWLUOdesmpw+IQI7ICVqEI5YkWigF1uEpYdI=","A00000106145","2019-07-16T22:23Z","2019-12-19","N",-6.9,-26.7,0.93,50.58,54.5,"OK","OK","OK","OK",2,,"University of Wyoming Stable Isotope Facility","010 EA-IRMS organic d15n, d13c, C% & N%","Costech 4010 Elemental Analyzer with Costech Zero Blank Autosampler plus Thermo Finnigan Delta Plus XP with Finnigan Conflo III Interface","rHBrhUbTwVSLtfc5tc9S18/eJGkjVJIj","L/6ZjMlRllRQ+sQbi+7sFw==","dryingProtocolError"
"ae10b630-4a76-4052-8ce3-1ac68268677d","WREF_015.basePlot.cfc","D16","WREF","WREF_015","distributed","9Q2HJihgWLUOdesmpw+IQI7ICVqEI5YkYqA6hTZWAvs=","A00000106133","9Q2HJihgWLUOdesmpw+IQI7ICVqEI5YkWigF1uEpYdI=","A00000106145","2019-07-16T22:23Z","2019-12-19","N",-6.9,-26.7,0.92,50.32,54.9,"OK","OK","OK","OK",1,,"University of Wyoming Stable Isotope Facility","010 EA-IRMS organic d15n, d13c, C% & N%","Costech 4010 Elemental Analyzer with Costech Zero Blank Autosampler plus Thermo Finnigan Delta Plus XP with Finnigan Conflo III Interface","rHBrhUbTwVSLtfc5tc9S18/eJGkjVJIj","L/6ZjMlRllRQ+sQbi+7sFw==","dryingProtocolError"
"122d62cc-8170-4384-aa57-69bbe7ebaadc","WREF_015.basePlot.cfc","D16","WREF","WREF_015","distributed","9Q2HJihgWLUR5wb3Dgvw3w8k3vzW4MJ/t7+BQ0tbbhM=","A00000106150","9Q2HJihgWLUR5wb3Dgvw3w8k3vzW4MJ/ddRwjstcOJ8=","A00000106126","2019-07-16T22:36Z","2019-12-19","N",-3.8,-25.5,0.96,49.01,51.3,"OK","OK","OK","OK",1,,"University of Wyoming Stable Isotope Facility","010 EA-IRMS organic d15n, d13c, C% & N%","Costech 4010 Elemental Analyzer with Costech Zero Blank Autosampler plus Thermo Finnigan Delta Plus XP with Finnigan Conflo III Interface","rHBrhUbTwVSLtfc5tc9S18/eJGkjVJIj","L/6ZjMlRllRQ+sQbi+7sFw==","dryingProtocolError"
"734b82e5-fbd3-47a5-bfbb-63a1a5b35394","WREF_011.basePlot.cfc","D16","WREF","WREF_011","distributed","9Q2HJihgWLWUa7EMozParjkvVSb4vTvD7gZJ/iZe/kY=","A00000106147","9Q2HJihgWLWUa7EMozParjkvVSb4vTvDOYA6GWkPDKw=","A00000106089","2019-07-17T17:15Z","2019-12-19","N",-3.8,-25.6,1.18,50.09,42.6,"OK","OK","OK","OK",1,,"University of Wyoming Stable Isotope Facility","010 EA-IRMS organic d15n, d13c, C% & N%","Costech 4010 Elemental Analyzer with Costech Zero Blank Autosampler plus Thermo Finnigan Delta Plus XP with Finnigan Conflo III Interface","rHBrhUbTwVSLtfc5tc9S18/eJGkjVJIj","L/6ZjMlRllRQ+sQbi+7sFw==","dryingProtocolError"
"805fb1df-52d9-4dd0-b54c-bfe0f712cf61","WREF_009.basePlot.cfc","D16","WREF","WREF_009","distributed","9Q2HJihgWLU+zHhLO4n/buJ1tsziKC4gGlMiA6qzAJQ=","A00000060549","9Q2HJihgWLU+zHhLO4n/buJ1tsziKC4g9I0Nwi8iPQ0=","A00000106104","2019-07-17T18:15Z","2019-12-19","N",-4.9,-30.2,2.08,46.87,22.6,"OK","OK","OK","OK",1,,"University of Wyoming Stable Isotope Facility","010 EA-IRMS organic d15n, d13c, C% & N%","Costech 4010 Elemental Analyzer with Costech Zero Blank Autosampler plus Thermo Finnigan Delta Plus XP with Finnigan Conflo III Interface","rHBrhUbTwVSLtfc5tc9S18/eJGkjVJIj","L/6ZjMlRllRQ+sQbi+7sFw==","dryingProtocolError"
"35a213f6-20fd-4b78-9a94-e265e7a3e69a","WREF_009.basePlot.cfc","D16","WREF","WREF_009","distributed","9Q2HJihgWLVPUcPAGHYpnxq/dWbJNcijV8v6ujYy1Zw=","A00000060533","9Q2HJihgWLVPUcPAGHYpnxq/dWbJNcij9+IPEGuf8uQ=","A00000106113","2019-07-17T18:20Z","2019-12-19","N",-4.9,-30.1,1.78,48.85,27.4,"OK","OK","OK","OK",1,,"University of Wyoming Stable Isotope Facility","010 EA-IRMS organic d15n, d13c, C% & N%","Costech 4010 Elemental Analyzer with Costech Zero Blank Autosampler plus Thermo Finnigan Delta Plus XP with Finnigan Conflo III Interface","rHBrhUbTwVSLtfc5tc9S18/eJGkjVJIj","L/6ZjMlRllRQ+sQbi+7sFw==","dryingProtocolError"
"dfdc5d3a-73f6-4e86-8a6a-e43ef2b215c2","WREF_009.basePlot.cfc","D16","WREF","WREF_009","distributed","9Q2HJihgWLX7HI726ReC504kw53qQgxiKDUfAfE+Xuo=","A00000060534","9Q2HJihgWLX7HI726ReC504kw53qQgxi08HqLmPAcGU=","A00000106110","2019-07-17T18:22Z","2019-12-19","N",-5.8,-30.6,1.30,45.61,35.1,"OK","OK","OK","OK",1,,"University of Wyoming Stable Isotope Facility","010 EA-IRMS organic d15n, d13c, C% & N%","Costech 4010 Elemental Analyzer with Costech Zero Blank Autosampler plus Thermo Finnigan Delta Plus XP with Finnigan Conflo III Interface","rHBrhUbTwVSLtfc5tc9S18/eJGkjVJIj","L/6ZjMlRllRQ+sQbi+7sFw==","dryingProtocolError"
"c5739773-7790-44e3-acc0-2e2d62c185a6","WREF_009.basePlot.cfc","D16","WREF","WREF_009","distributed","9Q2HJihgWLW8O1cZfFFY1xiiRxZiYnXQUEdiYd1+5IU=","A00000106130","9Q2HJihgWLW8O1cZfFFY1xiiRxZiYnXQ1pOGYM/GEHs=","A00000106103","2019-07-17T18:40Z","2019-12-19","N",-3.7,-26.1,0.91,49.97,55.0,"OK","OK","OK","OK",1,,"University of Wyoming Stable Isotope Facility","010 EA-IRMS organic d15n, d13c, C% & N%","Costech 4010 Elemental Analyzer with Costech Zero Blank Autosampler plus Thermo Finnigan Delta Plus XP with Finnigan Conflo III Interface","rHBrhUbTwVSLtfc5tc9S18/eJGkjVJIj","L/6ZjMlRllRQ+sQbi+7sFw==","dryingProtocolError"
"5ddaaf63-6a8f-4d81-9e93-b26d121b67bf","WREF_013.basePlot.cfc","D16","WREF","WREF_013","distributed","9Q2HJihgWLUm8bZtPMej2ND1YW1ovrmJcW1NuDS7rDw=","A00000106131","9Q2HJihgWLUm8bZtPMej2ND1YW1ovrmJKQF8sabgKNg=","A00000106116","2019-07-18T18:40Z","2019-12-19","N",-3.7,-26.3,0.92,48.05,52.3,"OK","OK","OK","OK",1,,"University of Wyoming Stable Isotope Facility","010 EA-IRMS organic d15n, d13c, C% & N%","Costech 4010 Elemental Analyzer with Costech Zero Blank Autosampler plus Thermo Finnigan Delta Plus XP with Finnigan Conflo III Interface","rHBrhUbTwVSLtfc5tc9S18/eJGkjVJIj","L/6ZjMlRllRQ+sQbi+7sFw==","dryingProtocolError"
"47902e5c-f450-4d43-86c8-983463ef919e","WREF_013.basePlot.cfc","D16","WREF","WREF_013","distributed","9Q2HJihgWLV3tU3ISqaz1cXNwO/83f9VTKIncYg9PRk=","A00000106151","9Q2HJihgWLV3tU3ISqaz1cXNwO/83f9VGeaU7VIOoBg=","A00000106105","2019-07-18T18:59Z","2019-12-19","N",-5.0,-28.1,0.90,50.52,56.4,"OK","OK","OK","OK",1,,"University of Wyoming Stable Isotope Facility","010 EA-IRMS organic d15n, d13c, C% & N%","Costech 4010 Elemental Analyzer with Costech Zero Blank Autosampler plus Thermo Finnigan Delta Plus XP with Finnigan Conflo III Interface","rHBrhUbTwVSLtfc5tc9S18/eJGkjVJIj","L/6ZjMlRllRQ+sQbi+7sFw==","dryingProtocolError"
"42ef2322-aaa8-4934-97f3-d2abda3e4165","WREF_004.basePlot.cfc","D16","WREF","WREF_004","distributed","9Q2HJihgWLVDyhjFDcAbUZsHVivKkAqBvgOEgUIVp3o=","A00000106134","9Q2HJihgWLVDyhjFDcAbUZsHVivKkAqB5oEco0UifRo=","A00000106086","2019-07-18T21:09Z","2019-12-19","N",-6.0,-27.3,0.74,50.18,67.6,"OK","OK","OK","OK",1,,"University of Wyoming Stable Isotope Facility","010 EA-IRMS organic d15n, d13c, C% & N%","Costech 4010 Elemental Analyzer with Costech Zero Blank Autosampler plus Thermo Finnigan Delta Plus XP with Finnigan Conflo III Interface","rHBrhUbTwVSLtfc5tc9S18/eJGkjVJIj","L/6ZjMlRllRQ+sQbi+7sFw==","dryingProtocolError"
"8eea2801-2056-4cd4-bae3-52c352f1b7ba","WREF_089.basePlot.cfc","D16","WREF","WREF_089","tower","9Q2HJihgWLXobC1LoSsBrp1Jk+O8mVEOF87uAq3J5tU=","A00000106135","9Q2HJihgWLXobC1LoSsBrp1Jk+O8mVEO7qLd/5vwO2k=","A00000106088","2019-07-22T23:06Z","2019-12-19","N",-6.3,-26.4,0.70,50.70,72.0,"OK","OK","OK","OK",1,,"University of Wyoming Stable Isotope Facility","010 EA-IRMS organic d15n, d13c, C% & N%","Costech 4010 Elemental Analyzer with Costech Zero Blank Autosampler plus Thermo Finnigan Delta Plus XP with Finnigan Conflo III Interface","rHBrhUbTwVSLtfc5tc9S18/eJGkjVJIj","L/6ZjMlRllRQ+sQbi+7sFw==","dryingProtocolError"
"ee5eba3b-62f8-49bc-a5da-c83ec078eba8","WREF_086.basePlot.cfc","D16","WREF","WREF_086","tower","9Q2HJihgWLXZRLdnx3Vm5ejPcjMrHQOPpQt61ofC+hI=","A00000060531","9Q2HJihgWLXZRLdnx3Vm5ejPcjMrHQOPhypsZYzNltg=","A00000106094","2019-07-23T17:06Z","2019-12-19","N",-5.6,-29.1,0.79,50.74,64.3,"OK","OK","OK","OK",1,,"University of Wyoming Stable Isotope Facility","010 EA-IRMS organic d15n, d13c, C% & N%","Costech 4010 Elemental Analyzer with Costech Zero Blank Autosampler plus Thermo Finnigan Delta Plus XP with Finnigan Conflo III Interface","rHBrhUbTwVSLtfc5tc9S18/eJGkjVJIj","L/6ZjMlRllRQ+sQbi+7sFw==","dryingProtocolError"
"e9fb4e07-ccf4-4411-9393-c4ece68bee1c","WREF_077.basePlot.cfc","D16","WREF","WREF_077","tower","9Q2HJihgWLXCdqQchroUS9eZeE7aMisqfT9Sgmo420A=","A00000060544","9Q2HJihgWLXCdqQchroUS9eZeE7aMisqYQDDIg6RjKQ=","A00000106093","2019-07-23T19:29Z","2019-12-19","N",-5.7,-27.7,0.59,51.25,86.3,"OK","OK","OK","OK",1,,"University of Wyoming Stable Isotope Facility","010 EA-IRMS organic d15n, d13c, C% & N%","Costech 4010 Elemental Analyzer with Costech Zero Blank Autosampler plus Thermo Finnigan Delta Plus XP with Finnigan Conflo III Interface","rHBrhUbTwVSLtfc5tc9S18/eJGkjVJIj","L/6ZjMlRllRQ+sQbi+7sFw==","dryingProtocolError"
"3dabe978-e769-4365-b4ae-f1210885909d","WREF_075.basePlot.cfc","D16","WREF","WREF_075","tower","9Q2HJihgWLUaLcTD0XpP7NKBEjhGT9YCcFtbPyGdse8=","A00000060527","9Q2HJihgWLUaLcTD0XpP7NKBEjhGT9YCwDe0cfau7xU=","A00000106097","2019-07-24T16:24Z","2019-12-19","N",-1.6,-28.5,0.82,50.47,61.4,"OK","OK","OK","OK",1,,"University of Wyoming Stable Isotope Facility","010 EA-IRMS organic d15n, d13c, C% & N%","Costech 4010 Elemental Analyzer with Costech Zero Blank Autosampler plus Thermo Finnigan Delta Plus XP with Finnigan Conflo III Interface","rHBrhUbTwVSLtfc5tc9S18/eJGkjVJIj","L/6ZjMlRllRQ+sQbi+7sFw==","dryingProtocolError"
