uid,namedLocation,domainID,siteID,plotID,pitID,collectDate,testProtocolVersion,nrcsDescriptionID,horizonID,horizonName,horizonTopDepth,horizonBottomDepth,remarks,dataQF
"69a01be4-9650-4cd9-a800-540ae58aca37","BONA_018.basePlot.all","D19","BONA","BONA_018","1115523","2018-07-16","Field Book for Describing and Sampling Soils ver3","S2018AK090018","19N00363","A",10,12,,
"e2ab808a-7c29-464a-9785-b9ce6fcb4419","BONA_018.basePlot.all","D19","BONA","BONA_018","1115523","2018-07-16","Field Book for Describing and Sampling Soils ver3","S2018AK090018","5298892","Cr",70,110,,
"8dea4c26-c191-4dab-a7c6-91b3cd771b70","BONA_018.basePlot.all","D19","BONA","BONA_018","1115523","2018-07-16","Field Book for Describing and Sampling Soils ver3","S2018AK090018","19N00365","Bw",34,70,,
"217d0b87-dd2d-481d-90b7-9236489bcae1","BONA_018.basePlot.all","D19","BONA","BONA_018","1115523","2018-07-16","Field Book for Describing and Sampling Soils ver3","S2018AK090018","19N00364","AB",12,34,,
"a5821249-62bb-47be-9c6a-79833801b5ae","BONA_018.basePlot.all","D19","BONA","BONA_018","1115523","2018-07-16","Field Book for Describing and Sampling Soils ver3","S2018AK090018","19N00362","Oe",0,10,,
"81197623-4e13-42de-ab7e-c2b319651e94","BONA_001.basePlot.all","D19","BONA","BONA_001","1115514","2018-07-17","Field Book for Describing and Sampling Soils ver3","S2018AK090001","19N00324","C",52,76,,
"4d5940d5-4b64-427d-bedf-d7e7c223c986","BONA_015.basePlot.all","D19","BONA","BONA_015","1115521","2018-07-17","Field Book for Describing and Sampling Soils ver3","S2018AK090015","5298882","2Cr",80,110,,
"19121563-511a-412a-a1fb-eb99d79f6500","BONA_019.basePlot.all","D19","BONA","BONA_019","1115524","2018-07-17","Field Book for Describing and Sampling Soils ver3","S2018AK090019","19N00369","Bw",27,44,,
"40c77224-8bf6-40e3-b89b-9622aea836a0","BONA_019.basePlot.all","D19","BONA","BONA_019","1115524","2018-07-17","Field Book for Describing and Sampling Soils ver3","S2018AK090019","19N00367","A",5,9,,
"900c731e-77ce-4b1b-9856-183482c77341","BONA_016.basePlot.all","D19","BONA","BONA_016","1115522","2018-07-17","Field Book for Describing and Sampling Soils ver3","S2018AK090016","19N00361","Bw",45,75,,
"11006598-8c4f-4fcd-a27b-09b024afa573","BONA_015.basePlot.all","D19","BONA","BONA_015","1115521","2018-07-17","Field Book for Describing and Sampling Soils ver3","S2018AK090015","19N00357","2C",63,80,,
"0f6af0c5-a484-4d24-b16f-8e20ab7a4188","BONA_015.basePlot.all","D19","BONA","BONA_015","1115521","2018-07-17","Field Book for Describing and Sampling Soils ver3","S2018AK090015","19N00355","Bw",7,34,,
"44742e1c-596c-406d-89ce-9173e7b87de2","BONA_003.basePlot.all","D19","BONA","BONA_003","1115516","2018-07-17","Field Book for Describing and Sampling Soils ver3","S2018AK090003","19N00334","Ab",95,105,,
"30829be7-ab97-4314-b814-866b7dd98754","BONA_019.basePlot.all","D19","BONA","BONA_019","1115524","2018-07-17","Field Book for Describing and Sampling Soils ver3","S2018AK090019","19N00368","AB",9,27,,
"1a6e910d-4105-4e2d-ab9b-6f9e815e6c18","BONA_003.basePlot.all","D19","BONA","BONA_003","1115516","2018-07-17","Field Book for Describing and Sampling Soils ver3","S2018AK090003","19N00335","2C",105,120,,
"cf47e252-4a74-4fe5-8635-9621064f392e","BONA_019.basePlot.all","D19","BONA","BONA_019","1115524","2018-07-17","Field Book for Describing and Sampling Soils ver3","S2018AK090019","19N00371","B'w",60,67,,
"a1fe6b68-6073-4855-8f1b-f529a5c91a33","BONA_016.basePlot.all","D19","BONA","BONA_016","1115522","2018-07-17","Field Book for Describing and Sampling Soils ver3","S2018AK090016","19N00360","AB",20,45,,
"167611db-219d-4727-a310-05e5999b0726","BONA_003.basePlot.all","D19","BONA","BONA_003","1115516","2018-07-17","Field Book for Describing and Sampling Soils ver3","S2018AK090003","19N00333","Bw2",50,95,,
"60c1225a-be2d-4d10-a894-dd20d27ebd64","BONA_015.basePlot.all","D19","BONA","BONA_015","1115521","2018-07-17","Field Book for Describing and Sampling Soils ver3","S2018AK090015","19N00354","Oe",0,7,,
"385c1039-e30c-45c3-bdec-45fd7435ff24","BONA_019.basePlot.all","D19","BONA","BONA_019","1115524","2018-07-17","Field Book for Describing and Sampling Soils ver3","S2018AK090019","19N00366","Oe",0,5,,
"c29b13b7-f30f-489c-8460-b2e8bbd7c7ad","BONA_001.basePlot.all","D19","BONA","BONA_001","1115514","2018-07-17","Field Book for Describing and Sampling Soils ver3","S2018AK090001","19N00322","Bw",10,25,,
"42aad156-fea8-46a3-bf54-7cd197718249","BONA_001.basePlot.all","D19","BONA","BONA_001","1115514","2018-07-17","Field Book for Describing and Sampling Soils ver3","S2018AK090001","6652666","Cr",76,100,,
"fa94ee4e-6caa-4f2c-a123-24dd6348a27c","BONA_003.basePlot.all","D19","BONA","BONA_003","1115516","2018-07-17","Field Book for Describing and Sampling Soils ver3","S2018AK090003","19N00331","A",16,26,,
"976979d2-47b4-44b7-97db-0b352d45afe4","BONA_001.basePlot.all","D19","BONA","BONA_001","1115514","2018-07-17","Field Book for Describing and Sampling Soils ver3","S2018AK090001","19N00323","BC",25,52,,
"9bd8d62b-0ba3-4053-9716-a45521738ae8","BONA_019.basePlot.all","D19","BONA","BONA_019","1115524","2018-07-17","Field Book for Describing and Sampling Soils ver3","S2018AK090019","5298899","R",67,110,,
"8129f4a9-59b3-4a9e-8ab3-f273d2e70e4a","BONA_019.basePlot.all","D19","BONA","BONA_019","1115524","2018-07-17","Field Book for Describing and Sampling Soils ver3","S2018AK090019","19N00370","ABb",44,60,,
"7b8ff811-dcd2-49be-9745-33d1d7be9413","BONA_003.basePlot.all","D19","BONA","BONA_003","1115516","2018-07-17","Field Book for Describing and Sampling Soils ver3","S2018AK090003","19N00332","Bw1",26,50,,
"7c5c3729-9acf-4ed1-9939-7ce824aad74d","BONA_015.basePlot.all","D19","BONA","BONA_015","1115521","2018-07-17","Field Book for Describing and Sampling Soils ver3","S2018AK090015","19N00356","BC",34,63,,
"09f7b711-a601-41a4-b826-25f420c03150","BONA_016.basePlot.all","D19","BONA","BONA_016","1115522","2018-07-17","Field Book for Describing and Sampling Soils ver3","S2018AK090016","19N00359","A",18,20,,
"938085c4-b2fd-48e4-9911-b578c367f79f","BONA_016.basePlot.all","D19","BONA","BONA_016","1115522","2018-07-17","Field Book for Describing and Sampling Soils ver3","S2018AK090016","5298887","R",75,120,,
"39978704-dfcd-4d89-b62c-4674ebb78eed","BONA_003.basePlot.all","D19","BONA","BONA_003","1115516","2018-07-17","Field Book for Describing and Sampling Soils ver3","S2018AK090003","19N00330","Oe",9,16,,
"15ec3e18-45e3-46d8-8abb-6260e426ee89","BONA_003.basePlot.all","D19","BONA","BONA_003","1115516","2018-07-17","Field Book for Describing and Sampling Soils ver3","S2018AK090003","19N00329","Oi",0,9,,
"76328a23-255f-4f68-93a0-e4cd774e37b6","BONA_001.basePlot.all","D19","BONA","BONA_001","1115514","2018-07-17","Field Book for Describing and Sampling Soils ver3","S2018AK090001","19N00321","Oe",0,10,,
"c2f406fe-b5d2-4bb9-a3a9-be60dd1a3aae","BONA_016.basePlot.all","D19","BONA","BONA_016","1115522","2018-07-17","Field Book for Describing and Sampling Soils ver3","S2018AK090016","19N00358","Oi",0,18,,
"0fb4fa2a-73bd-415c-9e69-85f3c947f0ef","BONA_023.basePlot.all","D19","BONA","BONA_023","1115527","2018-07-18","Field Book for Describing and Sampling Soils ver3","S2018AK090023","19N00382","Oe",0,6,,
"9c3a7731-7ead-46ab-bd3b-da06e3b60dfd","BONA_002.basePlot.all","D19","BONA","BONA_002","1115515","2018-07-18","Field Book for Describing and Sampling Soils ver3","S2018AK090002","19N00328","C",33,110,,
"5494025f-0ab5-4ec9-9708-5dc136409c61","BONA_013.basePlot.all","D19","BONA","BONA_013","1115520","2018-07-18","Field Book for Describing and Sampling Soils ver3","S2018AK090013","19N00351","E",11,17,,
"f14a3f33-ac03-4f48-bcdc-947a28f710c9","BONA_002.basePlot.all","D19","BONA","BONA_002","1115515","2018-07-18","Field Book for Describing and Sampling Soils ver3","S2018AK090002","19N00325","Oe",0,5,,
"1e3eb2cc-3224-4a7e-ae5d-c2e778152af0","BONA_027.basePlot.all","D19","BONA","BONA_027","1115528","2018-07-18","Field Book for Describing and Sampling Soils ver3","S2018AK090027","19N00387","A/E",5,10,,
"44efad50-2948-4f10-aa48-8cc60644fcee","BONA_023.basePlot.all","D19","BONA","BONA_023","1115527","2018-07-18","Field Book for Describing and Sampling Soils ver3","S2018AK090023","19N00384","C1",21,46,,
"71e04a0a-cef0-4a12-a67e-945252983c39","BONA_027.basePlot.all","D19","BONA","BONA_027","1115528","2018-07-18","Field Book for Describing and Sampling Soils ver3","S2018AK090027","19N00386","Oe",0,5,,
"f48497e4-69bb-47a4-85f5-cb47872ac78e","BONA_027.basePlot.all","D19","BONA","BONA_027","1115528","2018-07-18","Field Book for Describing and Sampling Soils ver3","S2018AK090027","19N00389","2C",29,100,,
"6f2bd0e2-dedd-423a-a8f0-8e54bc946a47","BONA_013.basePlot.all","D19","BONA","BONA_013","1115520","2018-07-18","Field Book for Describing and Sampling Soils ver3","S2018AK090013","19N00349","Oe",0,7,,
"9cb38d95-7603-45d5-ae9b-e34327e995b7","BONA_023.basePlot.all","D19","BONA","BONA_023","1115527","2018-07-18","Field Book for Describing and Sampling Soils ver3","S2018AK090023","19N00385","C2",46,100,,
"67968537-5dc0-443f-be34-cf17d1a64a7f","BONA_013.basePlot.all","D19","BONA","BONA_013","1115520","2018-07-18","Field Book for Describing and Sampling Soils ver3","S2018AK090013","5298877","2Cr",80,110,,
"f6bf6411-b637-492a-ab52-e51c03ee538c","BONA_002.basePlot.all","D19","BONA","BONA_002","1115515","2018-07-18","Field Book for Describing and Sampling Soils ver3","S2018AK090002","19N00326","A",5,16,,
"8a819067-779c-4ee3-9c49-a5c3b9307b0e","BONA_002.basePlot.all","D19","BONA","BONA_002","1115515","2018-07-18","Field Book for Describing and Sampling Soils ver3","S2018AK090002","19N00327","Bw",16,33,,
"de13c33e-6b28-41b3-85d9-29ea1a2c89a8","BONA_027.basePlot.all","D19","BONA","BONA_027","1115528","2018-07-18","Field Book for Describing and Sampling Soils ver3","S2018AK090027","19N00388","Bw",10,29,,
"f49209e8-1498-4681-9447-be67ddad4d6e","BONA_013.basePlot.all","D19","BONA","BONA_013","1115520","2018-07-18","Field Book for Describing and Sampling Soils ver3","S2018AK090013","19N00350","A",7,11,,
"9ab433ab-d92e-4824-ac40-1582294df40c","BONA_013.basePlot.all","D19","BONA","BONA_013","1115520","2018-07-18","Field Book for Describing and Sampling Soils ver3","S2018AK090013","19N00352","Bw",17,27,,
"b865f0b0-d432-4b37-a567-707010a3b522","BONA_013.basePlot.all","D19","BONA","BONA_013","1115520","2018-07-18","Field Book for Describing and Sampling Soils ver3","S2018AK090013","19N00353","2C",27,80,,
"3ae96e9b-76a5-4f39-aac6-5fb757cf24bc","BONA_023.basePlot.all","D19","BONA","BONA_023","1115527","2018-07-18","Field Book for Describing and Sampling Soils ver3","S2018AK090023","19N00383","B/Ajj",6,21,,
"f5846019-3e2c-4b27-992f-82bd86821393","BONA_022.basePlot.all","D19","BONA","BONA_022","1115526","2018-07-19","Field Book for Describing and Sampling Soils ver3","S2018AK090022","19N00381","Cf",80,110,,
"d11d6bbe-5183-4155-9669-850e75a205b4","BONA_010.basePlot.all","D19","BONA","BONA_010","1115519","2018-07-19","Field Book for Describing and Sampling Soils ver3","S2018AK090010","19N00344","A",10,30,,
"60d515fb-ca9c-409c-b9be-ad39a00aabb0","BONA_028.basePlot.all","D19","BONA","BONA_028","1115529","2018-07-19","Field Book for Describing and Sampling Soils ver3","S2018AK090028","19N00392","Bw",31,47,,
"2b276d08-b566-4ffd-b868-f592bfa47e93","BONA_010.basePlot.all","D19","BONA","BONA_010","1115519","2018-07-19","Field Book for Describing and Sampling Soils ver3","S2018AK090010","19N00347","Oeb",60,70,,
"99832635-73d1-444e-b098-c9bda0ad38ab","BONA_010.basePlot.all","D19","BONA","BONA_010","1115519","2018-07-19","Field Book for Describing and Sampling Soils ver3","S2018AK090010","19N00343","Oe",0,10,,
"b8a5b8a6-096b-45c8-91ad-c75ca22b25e8","BONA_028.basePlot.all","D19","BONA","BONA_028","1115529","2018-07-19","Field Book for Describing and Sampling Soils ver3","S2018AK090028","19N00391","Oa/C",9,31,,
"9afb014b-412f-42e4-979f-351fffaf491c","BONA_010.basePlot.all","D19","BONA","BONA_010","1115519","2018-07-19","Field Book for Describing and Sampling Soils ver3","S2018AK090010","6652661","Cf",95,110,,
"61844cf2-0282-4ff4-b20b-46f3b2654c2e","BONA_007.basePlot.all","D19","BONA","BONA_007","1115517","2018-07-19","Field Book for Describing and Sampling Soils ver3","S2018AK090007","5298860","Cr",68,110,,
"0420da4e-5ceb-455b-bb3e-70a005645b0c","BONA_010.basePlot.all","D19","BONA","BONA_010","1115519","2018-07-19","Field Book for Describing and Sampling Soils ver3","S2018AK090010","19N00345","Ajj/Bjj",30,45,,
"2dbb7920-0418-436c-aaf3-08d00584e1eb","BONA_028.basePlot.all","D19","BONA","BONA_028","1115529","2018-07-19","Field Book for Describing and Sampling Soils ver3","S2018AK090028","19N00394","C2",70,110,,
"e29dce2d-7516-491e-ac20-203b6cf408d5","BONA_028.basePlot.all","D19","BONA","BONA_028","1115529","2018-07-19","Field Book for Describing and Sampling Soils ver3","S2018AK090028","19N00393","C1",47,70,,
"0f8dafb7-5dca-4a4c-bac5-a085e6e6c714","BONA_022.basePlot.all","D19","BONA","BONA_022","1115526","2018-07-19","Field Book for Describing and Sampling Soils ver3","S2018AK090022","19N00379","Cg/Ajj1",16,40,,
"8b781354-687f-4df2-8b77-93eee01744ea","BONA_007.basePlot.all","D19","BONA","BONA_007","1115517","2018-07-19","Field Book for Describing and Sampling Soils ver3","S2018AK090007","19N00338","Bw",15,68,,
"afdac298-4332-4d21-9a3b-993e8a5611c1","BONA_022.basePlot.all","D19","BONA","BONA_022","1115526","2018-07-19","Field Book for Describing and Sampling Soils ver3","S2018AK090022","19N00380","Cg/Ojj",40,80,,
"e02d4a56-4b25-4dca-90fb-834a6b57345d","BONA_010.basePlot.all","D19","BONA","BONA_010","1115519","2018-07-19","Field Book for Describing and Sampling Soils ver3","S2018AK090010","19N00346","Bjj/Ajj",45,60,,
"5625b926-ee74-43b3-82d6-2f9842a7d52e","BONA_007.basePlot.all","D19","BONA","BONA_007","1115517","2018-07-19","Field Book for Describing and Sampling Soils ver3","S2018AK090007","19N00337","A/E",9,15,,
"57675dba-4bb1-4119-84d5-7cf28dab23f4","BONA_022.basePlot.all","D19","BONA","BONA_022","1115526","2018-07-19","Field Book for Describing and Sampling Soils ver3","S2018AK090022","19N00378","A",8,16,,
"88f31587-2a52-41f7-ad97-1e9861d1fae9","BONA_022.basePlot.all","D19","BONA","BONA_022","1115526","2018-07-19","Field Book for Describing and Sampling Soils ver3","S2018AK090022","19N00377","Oe",0,8,,
"48acaadb-1385-437d-b0d5-27b938578ed3","BONA_010.basePlot.all","D19","BONA","BONA_010","1115519","2018-07-19","Field Book for Describing and Sampling Soils ver3","S2018AK090010","19N00348","Cjj/Ajj",70,95,,
"8ca86da8-28e7-40b5-abee-7672ea71e083","BONA_007.basePlot.all","D19","BONA","BONA_007","1115517","2018-07-19","Field Book for Describing and Sampling Soils ver3","S2018AK090007","19N00336","Oe",0,9,,
"476de22f-43b1-4221-865d-7ed5d4cd268b","BONA_028.basePlot.all","D19","BONA","BONA_028","1115529","2018-07-19","Field Book for Describing and Sampling Soils ver3","S2018AK090028","19N00390","Oe",0,9,,
"87ff0ef0-4d6d-4310-ac97-60ada03db7b2","BONA_021.basePlot.all","D19","BONA","BONA_021","1115525","2018-07-20","Field Book for Describing and Sampling Soils ver3","S2018AK090021","5298905","R",58,110,,
"acadf6d4-be3a-4f48-8034-44d296af8528","BONA_008.basePlot.all","D19","BONA","BONA_008","1115518","2018-07-20","Field Book for Describing and Sampling Soils ver3","S2018AK090008","19N00341","BC",37,56,,
"48a23640-e259-435d-8dfc-6ee38439443a","BONA_021.basePlot.all","D19","BONA","BONA_021","1115525","2018-07-20","Field Book for Describing and Sampling Soils ver3","S2018AK090021","19N00374","AE",9,14,,
"950b4141-6525-46e2-a051-f8260c12329c","BONA_021.basePlot.all","D19","BONA","BONA_021","1115525","2018-07-20","Field Book for Describing and Sampling Soils ver3","S2018AK090021","19N00375","Bw1",14,29,,
"c0bfe3d6-90ec-4d3a-b182-1ef74940a1ed","BONA_021.basePlot.all","D19","BONA","BONA_021","1115525","2018-07-20","Field Book for Describing and Sampling Soils ver3","S2018AK090021","19N00376","Bw2",29,58,,
"dbf12fc6-443f-4695-9d2b-c1fb60b577f1","BONA_008.basePlot.all","D19","BONA","BONA_008","1115518","2018-07-20","Field Book for Describing and Sampling Soils ver3","S2018AK090008","19N00340","Bw",12,37,,
"7c17fdc5-f3c0-4b9d-bc8a-ec9c8b8e02d6","BONA_021.basePlot.all","D19","BONA","BONA_021","1115525","2018-07-20","Field Book for Describing and Sampling Soils ver3","S2018AK090021","19N00373","A",6,9,,
"f1f8f425-00d2-41bf-aa8f-978ffb904ab0","BONA_008.basePlot.all","D19","BONA","BONA_008","1115518","2018-07-20","Field Book for Describing and Sampling Soils ver3","S2018AK090008","19N00342","C",56,78,,
"99b8e67f-460f-4fef-b683-01753f105a02","BONA_021.basePlot.all","D19","BONA","BONA_021","1115525","2018-07-20","Field Book for Describing and Sampling Soils ver3","S2018AK090021","19N00372","Oe",0,6,,
"a43fee80-19e2-476d-9252-283c5673e868","BONA_008.basePlot.all","D19","BONA","BONA_008","1115518","2018-07-20","Field Book for Describing and Sampling Soils ver3","S2018AK090008","19N00339","Oe",0,12,,
"a6fcdc45-f150-46ad-afb6-08f5cdc04ae3","BONA_008.basePlot.all","D19","BONA","BONA_008","1115518","2018-07-20","Field Book for Describing and Sampling Soils ver3","S2018AK090008","5298865","2Cr",78,120,,
