uid,domainID,siteID,plotID,namedLocation,plotType,nlcdClass,geodeticDatum,decimalLatitude,decimalLongitude,coordinateUncertainty,elevation,elevationUncertainty,collectDate,referenceCorner,sampleDistance,sampleBearing,pitID,testProtocolVersion,soilSamplingMethod,sampleRelativeLocation,pitDepth,recordedByA,soilProfileDescriberA,soilProfileDescriberInst,nrcsDescriptionID,soilSeries,soilFamily,soilSubgroup,soilGreatGroup,soilSuborder,soilOrder,remarks,dataQF
"d34ae112-f70c-4bcc-af65-1fe9d7599bc7","D19","BONA","BONA_018","BONA_018.basePlot.all","distributed","evergreenForest","WGS84",65.193366,-147.537397,20.1,641.9,0.1,"2018-07-16","SW40",0.7,16,"1115523","Field Book for Describing and Sampling Soils ver3","soil core","center of core",110,"Qw/J7SE3FUjWihDS7M49jA==","Qw/J7SE3FUjWihDS7M49jA==","Natural Resource Conservation Service","S2018AK090018","HisticPergelic Cryaquept","Loamy-skeletal, mixed, superactive Typic Haplocryepts","typic haplocryepts","haplocryepts","cryepts","inceptisols",,
"8afcc9a8-fa69-422e-8a78-ca97b57f03dd","D19","BONA","BONA_003","BONA_003.basePlot.all","distributed","evergreenForest","WGS84",65.201069,-147.486275,20.1,579.0,0.1,"2018-07-17","SW40",0.9,34,"1115516","Field Book for Describing and Sampling Soils ver3","soil core","center of core",120,"j5u0oZVEnc2KA4w14Xib51Zyz46KxMrN","j5u0oZVEnc2KA4w14Xib51Zyz46KxMrN","Natural Resource Conservation Service","S2018AK090003","Histic Pergelic Cryaquept","Coarse-loamy, mixed, superactive Typic Haplocryepts","typic haplocryepts","haplocryepts","cryepts","inceptisols",,
"02002018-d560-44ee-b3cd-6e1a30211a53","D19","BONA","BONA_019","BONA_019.basePlot.all","distributed","evergreenForest","WGS84",65.198400,-147.481092,20.1,676.2,0.1,"2018-07-17","SW40",0.6,34,"1115524","Field Book for Describing and Sampling Soils ver3","soil core","center of core",110,"j5u0oZVEnc2KA4w14Xib51Zyz46KxMrN","j5u0oZVEnc2KA4w14Xib51Zyz46KxMrN","Natural Resource Conservation Service","S2018AK090019","typic cryochrept","Coarse-loamy, mixed, superactive Typic Haplocryepts","typic haplocryepts","haplocryepts","cryepts","inceptisols",,
"068a73a5-6560-4af6-a314-6cf2cdb948dc","D19","BONA","BONA_016","BONA_016.basePlot.all","distributed","evergreenForest","WGS84",65.199927,-147.507406,20.1,650.1,0.1,"2018-07-17","SW40",0.6,22,"1115522","Field Book for Describing and Sampling Soils ver3","soil core","center of core",120,"j5u0oZVEnc2KA4w14Xib51Zyz46KxMrN","j5u0oZVEnc2KA4w14Xib51Zyz46KxMrN","Natural Resource Conservation Service","S2018AK090016","HisticPergelic Cryaquept","Loamy-skeletal, mixed, superactive Aquic Haplocryepts","aquic haplocryepts","haplocryepts","cryepts","inceptisols",,
"ca626f9a-f431-4815-915d-c73afb9542d3","D19","BONA","BONA_015","BONA_015.basePlot.all","distributed","deciduousForest","WGS84",65.176793,-147.501859,20.2,483.7,0.3,"2018-07-17","SW40",0.6,7,"1115521","Field Book for Describing and Sampling Soils ver3","soil core","center of pit",110,"Qw/J7SE3FUjWihDS7M49jA==","Qw/J7SE3FUjWihDS7M49jA==","Natural Resource Conservation Service","S2018AK090015","Steese","Loamy-skeletal, mixed, superactive Typic Haplocryepts","typic haplocryepts","haplocryepts","cryepts","inceptisols",,
"11714013-67c9-4012-a64a-8aa5f450b90c","D19","BONA","BONA_001","BONA_001.basePlot.all","distributed","deciduousForest","WGS84",65.174447,-147.478155,20.3,374.1,0.5,"2018-07-17","SW40",0.4,32,"1115514","Field Book for Describing and Sampling Soils ver3","soil core","center of pit",100,"Qw/J7SE3FUjWihDS7M49jA==","Qw/J7SE3FUjWihDS7M49jA==","Natural Resource Conservation Service","S2018AK090001","steese","Loamy-skeletal, mixed, superactive Typic Haplocryepts","typic haplocryepts","haplocryepts","cryepts","inceptisols",,
"7b17dc27-8322-49e4-9e6b-272ae045e492","D19","BONA","BONA_002","BONA_002.basePlot.all","distributed","deciduousForest","WGS84",65.163534,-147.527149,20.1,484.2,0.2,"2018-07-18","SW40",0.6,18,"1115515","Field Book for Describing and Sampling Soils ver3","soil core","center of pit",110,"Qw/J7SE3FUjWihDS7M49jA==","Qw/J7SE3FUjWihDS7M49jA==","Natural Resource Conservation Service","S2018AK090002","Steese","Coarse-loamy, mixed, superactive Typic Haplocryepts","typic haplocryepts","haplocryepts","cryepts","inceptisols",,
"b22d52c1-de99-416e-b17c-546a5f731459","D19","BONA","BONA_013","BONA_013.basePlot.all","distributed","mixedForest","WGS84",65.176880,-147.559452,20.1,540.5,0.2,"2018-07-18","SW40",0.8,27,"1115520","Field Book for Describing and Sampling Soils ver3","soil core","center of pit",110,"j5u0oZVEnc2KA4w14Xib51Zyz46KxMrN","j5u0oZVEnc2KA4w14Xib51Zyz46KxMrN","Natural Resource Conservation Service","S2018AK090013","Steese","Loamy-skeletal, mixed, superactive Typic Haplocryepts","typic haplocryepts","haplocryepts","cryepts","inceptisols",,
"385329b6-6e72-43bf-ba5c-1532e6737e1d","D19","BONA","BONA_023","BONA_023.basePlot.all","distributed","shrubScrub","WGS84",65.165740,-147.511225,20.1,350.9,0.1,"2018-07-18","SW40",0.5,53,"1115527","Field Book for Describing and Sampling Soils ver3","soil core","center of pit",100,"Qw/J7SE3FUjWihDS7M49jA==","Qw/J7SE3FUjWihDS7M49jA==","Natural Resource Conservation Service","S2018AK090023","HisticPergelic Cryaquepts","Loamy-skeletal, mixed, superactive, acid Typic Cryorthents","typic cryorthents","cryorthents","orthents","entisols",,
"3cb85365-de79-4f02-a602-33c55ba1e589","D19","BONA","BONA_027","BONA_027.basePlot.all","distributed","mixedForest","WGS84",65.162994,-147.595649,20.2,464.5,0.2,"2018-07-18","SW40",0.5,27,"1115528","Field Book for Describing and Sampling Soils ver3","soil core","center of pit",100,"j5u0oZVEnc2KA4w14Xib51Zyz46KxMrN","j5u0oZVEnc2KA4w14Xib51Zyz46KxMrN","Natural Resource Conservation Service","S2018AK090027","Steese","Loamy-skeletal, superactive Typic Haplocryepts","typic haplocryepts","haplocryepts","cryepts","inceptisols",,
"30d5192d-f612-4e9e-9281-4544c853e766","D19","BONA","BONA_007","BONA_007.basePlot.all","distributed","deciduousForest","WGS84",65.193678,-147.444473,20.1,400.9,0.1,"2018-07-19","SW40",0.7,58,"1115517","Field Book for Describing and Sampling Soils ver3","soil core","center of core",110,"j5u0oZVEnc2KA4w14Xib51Zyz46KxMrN","j5u0oZVEnc2KA4w14Xib51Zyz46KxMrN","Natural Resource Conservation Service","S2018AK090007","Steese","Loamy-skeletal, mixed, superactive Typic Haplocryepts","typic haplocryepts","haplocryepts","cryepts","inceptisols",,
"e2e3e658-8238-47a6-a662-4f80fac637a2","D19","BONA","BONA_022","BONA_022.basePlot.all","distributed","woodyWetlands","WGS84",65.157500,-147.478421,20.1,236.2,0.1,"2018-07-19","SW40",0.8,40,"1115526","Field Book for Describing and Sampling Soils ver3","soil core","center of core",110,"j5u0oZVEnc2KA4w14Xib51Zyz46KxMrN","j5u0oZVEnc2KA4w14Xib51Zyz46KxMrN","Natural Resource Conservation Service","S2018AK090022","HisticPergelic Cryaquept","Coarse-silty, mixed, superactive Typic Aquiturbels","typic aquiturbels","aquiturbels","turbels","gelisols",,
"2c626190-27b8-44c1-b1e4-e848a1ff718e","D19","BONA","BONA_028","BONA_028.basePlot.all","distributed","mixedForest","WGS84",65.176958,-147.455730,20.1,258.1,0.2,"2018-07-19","SW40",0.8,42,"1115529","Field Book for Describing and Sampling Soils ver3","soil core","center of pit",110,"Qw/J7SE3FUjWihDS7M49jA==","j5u0oZVEnc2KA4w14Xib51Zyz46KxMrN","Natural Resource Conservation Service","S2018AK090028","Fairbanks","Coarse-loamy, mixed, superactive Fluvaquentic Haplocryepts","fluvaquentic haplocryepts","haplocryepts","cryepts","inceptisols",,
"d0a7781e-b33d-4986-befb-5ba89aa2538b","D19","BONA","BONA_010","BONA_010.basePlot.all","distributed","woodyWetlands","WGS84",65.157503,-147.473951,20.1,252.8,0.1,"2018-07-19","SW40",0.9,45,"1115519","Field Book for Describing and Sampling Soils ver3","soil core","center of core",110,"Qw/J7SE3FUjWihDS7M49jA==","Qw/J7SE3FUjWihDS7M49jA==","Natural Resource Conservation Service","S2018AK090010","HisticPergelic Cryaquept","Coarse-loamy, mixed, superactive, acid Typic Aquiturbels","typic aquiturbels","aquiturbels","turbels","gelisols",,
"c973d234-0165-406e-9aad-8f09f79ba322","D19","BONA","BONA_008","BONA_008.basePlot.all","distributed","deciduousForest","WGS84",65.156637,-147.569318,20.2,426.8,0.2,"2018-07-20","SW40",0.4,32,"1115518","Field Book for Describing and Sampling Soils ver3","soil core","center of pit",120,"Qw/J7SE3FUjWihDS7M49jA==","Qw/J7SE3FUjWihDS7M49jA==","Natural Resource Conservation Service","S2018AK090008","Steese","Coarse-loamy, mixed, superactive Typic Haplocryepts","typic haplocryepts","haplocryepts","cryepts","inceptisols",,
"ff094627-1e72-4c23-9100-ff9f7301f450","D19","BONA","BONA_021","BONA_021.basePlot.all","distributed","shrubScrub","WGS84",65.151634,-147.456573,20.1,438.6,0.2,"2018-07-20","SW40",0.5,54,"1115525","Field Book for Describing and Sampling Soils ver3","soil core","center of pit",110,"j5u0oZVEnc2KA4w14Xib51Zyz46KxMrN","j5u0oZVEnc2KA4w14Xib51Zyz46KxMrN","Natural Resource Conservation Service","S2018AK090021","Steese","Loamy-skeletal, mixed, superactive Typic Haplocryepts","typic haplocryepts","haplocryepts","cryepts","inceptisols",,
