uid,namedLocation,domainID,siteID,plotID,nrcsDescriptionID,collectDate,horizonID,horizonName,biogeoIDnrcs,biogeoSampleType,biogeoTopDepth,biogeoBottomDepth,biogeoCenterDepth,particleSizeDistProcessedDate,particleSizeDistMethodPub,particleSizeDistMethod,coarseFrag2To5,coarseFrag5To20,sandTotal,siltTotal,clayTotal,carbonateClay,clayFineContent,siltFineContent,siltCoarseContent,sandVeryFineContent,sandFineContent,sandMediumContent,sandCoarseContent,sandVeryCoarseContent,laboratoryName,dataQF
"c0162ebc-87e6-48a2-aceb-e005f59451e3","BONA_018.basePlot.all","D19","BONA","BONA_018","S2018AK090018","2018-07-16","19N00362","Oe","S2018AK090018-1","bulk",0.0,10.0,5.0,,,,0.0,0.0,,,,,,,,,,,,,"USDA NRCS Kellogg Soil Survey Laboratory",
"4fea664e-0b5c-4c97-9f6a-5fef4da24a32","BONA_018.basePlot.all","D19","BONA","BONA_018","S2018AK090018","2018-07-16","19N00364","AB","S2018AK090018-3","bulk",12.0,34.0,23.0,"2019-01-11","Kellogg Soil Survey Laboratory Methods Manual, Soil Survey Investigations Report No. 42 Version 5.0, Issued 2014","Routine Particle Size Distribution (3A1a1a)",76.7,301.1,34.0,55.6,10.4,,,36.5,19.1,8.0,8.9,7.0,6.8,3.3,"USDA NRCS Kellogg Soil Survey Laboratory",
"70eefd4e-a089-4624-ae05-53867e0bfa96","BONA_018.basePlot.all","D19","BONA","BONA_018","S2018AK090018","2018-07-16","19N00365","Bw","S2018AK090018-4","bulk",34.0,70.0,52.0,"2019-01-11","Kellogg Soil Survey Laboratory Methods Manual, Soil Survey Investigations Report No. 42 Version 5.0, Issued 2014","Routine Particle Size Distribution (3A1a1a)",75.2,240.1,47.3,44.5,8.2,,,26.7,17.8,8.9,9.9,10.0,10.7,7.8,"USDA NRCS Kellogg Soil Survey Laboratory",
"3501e93a-bd4d-46d3-9b5c-8a53e9ec80bf","BONA_018.basePlot.all","D19","BONA","BONA_018","S2018AK090018","2018-07-16","19N00363","A","S2018AK090018-2","bulk",10.0,12.0,11.0,"2019-01-11","Kellogg Soil Survey Laboratory Methods Manual, Soil Survey Investigations Report No. 42 Version 5.0, Issued 2014","Routine Particle Size Distribution (3A1a1a)",4.8,9.6,8.4,80.7,10.9,,,57.2,23.5,4.4,2.2,1.3,0.4,0.1,"USDA NRCS Kellogg Soil Survey Laboratory",
"35a95383-c4fa-4c17-afc4-5e9c599da444","BONA_001.basePlot.all","D19","BONA","BONA_001","S2018AK090001","2018-07-17","19N00323","BC","S2018AK090001-3","bulk",25.0,52.0,38.5,"2019-01-08","Kellogg Soil Survey Laboratory Methods Manual, Soil Survey Investigations Report No. 42 Version 5.0, Issued 2014","Routine Particle Size Distribution (3A1a1a)",47.0,125.0,24.7,62.7,12.6,,,33.8,28.9,8.2,5.9,4.5,4.0,2.1,"USDA NRCS Kellogg Soil Survey Laboratory",
"12a0eb7a-913b-4f1e-9c63-f53738453a50","BONA_019.basePlot.all","D19","BONA","BONA_019","S2018AK090019","2018-07-17","19N00368","AB","S2018AK090019-3","bulk",9.0,27.0,18.0,"2019-01-11","Kellogg Soil Survey Laboratory Methods Manual, Soil Survey Investigations Report No. 42 Version 5.0, Issued 2014","Routine Particle Size Distribution (3A1a1a)",89.8,137.5,36.6,54.9,8.5,,,29.7,25.2,8.2,6.3,6.0,7.8,8.3,"USDA NRCS Kellogg Soil Survey Laboratory",
"c1bd40fc-4172-461a-b508-a3e7f624b6bd","BONA_003.basePlot.all","D19","BONA","BONA_003","S2018AK090003","2018-07-17","19N00334","Ab","S2018AK090003-6","bulk",95.0,105.0,100.0,"2019-01-08","Kellogg Soil Survey Laboratory Methods Manual, Soil Survey Investigations Report No. 42 Version 5.0, Issued 2014","Routine Particle Size Distribution (3A1a1a)",0.0,37.3,31.9,60.7,7.4,,,34.3,26.4,13.2,6.9,3.9,4.2,3.7,"USDA NRCS Kellogg Soil Survey Laboratory",
"f2e14eaf-73d4-4969-8f99-979d03e4d2fe","BONA_016.basePlot.all","D19","BONA","BONA_016","S2018AK090016","2018-07-17","19N00361","Bw","S2018AK090016-4","bulk",45.0,75.0,60.0,"2019-01-11","Kellogg Soil Survey Laboratory Methods Manual, Soil Survey Investigations Report No. 42 Version 5.0, Issued 2014","Routine Particle Size Distribution (3A1a1a)",97.8,214.1,61.3,33.8,4.9,,,18.7,15.1,11.1,12.0,15.0,16.0,7.2,"USDA NRCS Kellogg Soil Survey Laboratory",
"4a3a7032-c1eb-4558-94ad-725456c8d05a","BONA_019.basePlot.all","D19","BONA","BONA_019","S2018AK090019","2018-07-17","19N00367","A","S2018AK090019-2","bulk",5.0,9.0,7.0,,,,39.0,13.0,,,,,,,,,,,,,"USDA NRCS Kellogg Soil Survey Laboratory",
"88d0633e-a585-4a8f-8957-8808123ece01","BONA_003.basePlot.all","D19","BONA","BONA_003","S2018AK090003","2018-07-17","19N00331","A","S2018AK090003-3","bulk",16.0,26.0,21.0,"2019-01-08","Kellogg Soil Survey Laboratory Methods Manual, Soil Survey Investigations Report No. 42 Version 5.0, Issued 2014","Routine Particle Size Distribution (3A1a1a)",10.4,25.5,25.2,67.1,7.7,,,40.1,27.0,13.0,5.8,2.8,2.4,1.2,"USDA NRCS Kellogg Soil Survey Laboratory",
"2ef1bd1a-8eb7-40ee-989d-55091ca4ef31","BONA_019.basePlot.all","D19","BONA","BONA_019","S2018AK090019","2018-07-17","19N00370","ABb","S2018AK090019-5","bulk",44.0,60.0,52.0,"2019-01-11","Kellogg Soil Survey Laboratory Methods Manual, Soil Survey Investigations Report No. 42 Version 5.0, Issued 2014","Routine Particle Size Distribution (3A1a1a)",80.8,188.5,36.8,55.2,8.0,,,30.4,24.8,8.3,6.0,6.1,8.0,8.4,"USDA NRCS Kellogg Soil Survey Laboratory",
"08fb381f-768f-4a66-8eb0-fed7b42f95db","BONA_016.basePlot.all","D19","BONA","BONA_016","S2018AK090016","2018-07-17","19N00360","AB","S2018AK090016-3","bulk",20.0,45.0,32.5,"2019-01-11","Kellogg Soil Survey Laboratory Methods Manual, Soil Survey Investigations Report No. 42 Version 5.0, Issued 2014","Routine Particle Size Distribution (3A1a1a)",111.6,278.5,55.6,38.9,5.5,,,21.3,17.6,11.8,10.6,13.4,13.2,6.6,"USDA NRCS Kellogg Soil Survey Laboratory",
"f7148bfd-764f-4a80-955f-ac3236d2a6d7","BONA_015.basePlot.all","D19","BONA","BONA_015","S2018AK090015","2018-07-17","19N00355","Bw","S2018AK090015-2","bulk",7.0,34.0,20.5,"2019-01-11","Kellogg Soil Survey Laboratory Methods Manual, Soil Survey Investigations Report No. 42 Version 5.0, Issued 2014","Routine Particle Size Distribution (3A1a1a)",14.6,89.1,18.5,69.8,11.7,,,40.8,29.0,8.7,4.4,2.8,1.7,0.9,"USDA NRCS Kellogg Soil Survey Laboratory",
"a20e79e0-c955-43ed-96f1-247f78657364","BONA_019.basePlot.all","D19","BONA","BONA_019","S2018AK090019","2018-07-17","19N00366","Oe","S2018AK090019-1","bulk",0.0,5.0,2.5,,,,0.0,0.0,,,,,,,,,,,,,"USDA NRCS Kellogg Soil Survey Laboratory",
"7a0d2d4c-a8e6-4774-87e5-b1f938f91e8b","BONA_001.basePlot.all","D19","BONA","BONA_001","S2018AK090001","2018-07-17","19N00322","Bw","S2018AK090001-2","bulk",10.0,25.0,17.5,"2019-01-08","Kellogg Soil Survey Laboratory Methods Manual, Soil Survey Investigations Report No. 42 Version 5.0, Issued 2014","Routine Particle Size Distribution (3A1a1a)",7.4,0.0,24.3,62.9,12.8,,,34.7,28.2,9.5,5.0,4.5,3.7,1.6,"USDA NRCS Kellogg Soil Survey Laboratory",
"e220ff30-35e8-4514-b3a5-8d2b9e83a2f0","BONA_003.basePlot.all","D19","BONA","BONA_003","S2018AK090003","2018-07-17","19N00333","Bw2","S2018AK090003-5","bulk",50.0,95.0,72.5,"2019-01-08","Kellogg Soil Survey Laboratory Methods Manual, Soil Survey Investigations Report No. 42 Version 5.0, Issued 2014","Routine Particle Size Distribution (3A1a1a)",95.6,233.9,58.7,35.5,5.8,,,17.2,18.3,14.6,12.9,11.9,12.9,6.4,"USDA NRCS Kellogg Soil Survey Laboratory",
"f1e3317a-c5ea-4bde-b3e5-2c540bbc68da","BONA_003.basePlot.all","D19","BONA","BONA_003","S2018AK090003","2018-07-17","19N00330","Oe","S2018AK090003-2","bulk",9.0,16.0,12.5,,,,0.0,0.0,,,,,,,,,,,,,"USDA NRCS Kellogg Soil Survey Laboratory",
"5ea64529-c1a5-49ed-af8c-07a505ebce44","BONA_001.basePlot.all","D19","BONA","BONA_001","S2018AK090001","2018-07-17","19N00324","C","S2018AK090001-4","bulk",52.0,76.0,64.0,"2019-01-08","Kellogg Soil Survey Laboratory Methods Manual, Soil Survey Investigations Report No. 42 Version 5.0, Issued 2014","Routine Particle Size Distribution (3A1a1a)",115.0,335.7,52.9,40.0,7.1,,,20.2,19.8,9.8,10.4,11.8,11.8,9.1,"USDA NRCS Kellogg Soil Survey Laboratory",
"286c6ac2-9d30-44af-b6e0-8f2fdfd39377","BONA_003.basePlot.all","D19","BONA","BONA_003","S2018AK090003","2018-07-17","19N00335","2C","S2018AK090003-7","bulk",105.0,120.0,112.5,"2019-01-08","Kellogg Soil Survey Laboratory Methods Manual, Soil Survey Investigations Report No. 42 Version 5.0, Issued 2014","Routine Particle Size Distribution (3A1a1a)",122.0,207.0,46.0,48.5,5.5,,,19.7,28.8,12.2,12.0,0.0,12.4,9.4,"USDA NRCS Kellogg Soil Survey Laboratory",
"8a9ec2d3-287e-4acf-997c-b9ef6421a295","BONA_015.basePlot.all","D19","BONA","BONA_015","S2018AK090015","2018-07-17","19N00354","Oe","S2018AK090015-1","bulk",0.0,7.0,3.5,,,,0.0,0.0,,,,,,,,,,,,,"USDA NRCS Kellogg Soil Survey Laboratory",
"9143ec9c-6ed7-4f21-a2ce-8db7f923c312","BONA_001.basePlot.all","D19","BONA","BONA_001","S2018AK090001","2018-07-17","19N00321","Oe","S2018AK090001-1","bulk",0.0,10.0,5.0,,,,0.0,0.0,,,,,,,,,,,,,"USDA NRCS Kellogg Soil Survey Laboratory",
"deb65cd4-5e32-4773-bf95-8b9ef5c722a1","BONA_003.basePlot.all","D19","BONA","BONA_003","S2018AK090003","2018-07-17","19N00329","Oi","S2018AK090003-1","bulk",0.0,9.0,4.5,,,,0.0,0.0,,,,,,,,,,,,,"USDA NRCS Kellogg Soil Survey Laboratory",
"7b8c7bc8-1e0a-4325-b81b-1112eccd02e0","BONA_016.basePlot.all","D19","BONA","BONA_016","S2018AK090016","2018-07-17","19N00358","Oi","S2018AK090016-1","bulk",0.0,18.0,9.0,,,,0.0,0.0,,,,,,,,,,,,,"USDA NRCS Kellogg Soil Survey Laboratory",
"3ed18784-3ee9-44a5-9cfd-24d20a600274","BONA_015.basePlot.all","D19","BONA","BONA_015","S2018AK090015","2018-07-17","19N00356","BC","S2018AK090015-3","bulk",34.0,63.0,48.5,"2019-01-11","Kellogg Soil Survey Laboratory Methods Manual, Soil Survey Investigations Report No. 42 Version 5.0, Issued 2014","Routine Particle Size Distribution (3A1a1a)",85.3,355.1,49.8,43.1,7.1,,,23.2,19.9,8.6,8.5,10.8,12.8,9.1,"USDA NRCS Kellogg Soil Survey Laboratory",
"5bf563a7-0a91-4f34-b3d5-21b64fe3e497","BONA_019.basePlot.all","D19","BONA","BONA_019","S2018AK090019","2018-07-17","19N00369","Bw","S2018AK090019-4","bulk",27.0,44.0,35.5,"2019-01-11","Kellogg Soil Survey Laboratory Methods Manual, Soil Survey Investigations Report No. 42 Version 5.0, Issued 2014","Routine Particle Size Distribution (3A1a1a)",88.9,165.3,36.7,55.4,7.9,,,29.5,25.9,8.0,5.8,5.6,8.5,8.8,"USDA NRCS Kellogg Soil Survey Laboratory",
"944c499e-6214-413e-86a7-9d7bfc04a364","BONA_019.basePlot.all","D19","BONA","BONA_019","S2018AK090019","2018-07-17","19N00371","B'w","S2018AK090019-6","bulk",60.0,67.0,63.5,"2019-01-11","Kellogg Soil Survey Laboratory Methods Manual, Soil Survey Investigations Report No. 42 Version 5.0, Issued 2014","Routine Particle Size Distribution (3A1a1a)",78.4,178.3,43.5,50.1,6.4,,,24.7,25.4,9.1,6.4,6.7,8.7,12.6,"USDA NRCS Kellogg Soil Survey Laboratory",
"cac49cc9-f710-4923-955d-1d55a985e27a","BONA_003.basePlot.all","D19","BONA","BONA_003","S2018AK090003","2018-07-17","19N00332","Bw1","S2018AK090003-4","bulk",26.0,50.0,38.0,"2019-01-08","Kellogg Soil Survey Laboratory Methods Manual, Soil Survey Investigations Report No. 42 Version 5.0, Issued 2014","Routine Particle Size Distribution (3A1a1a)",101.5,252.6,55.0,38.6,6.4,,,20.1,18.5,11.9,10.5,11.5,12.2,8.9,"USDA NRCS Kellogg Soil Survey Laboratory",
"94ef55ad-443b-4843-bf5a-3b63fc7cfac6","BONA_016.basePlot.all","D19","BONA","BONA_016","S2018AK090016","2018-07-17","19N00359","A","S2018AK090016-2","bulk",18.0,20.0,19.0,"2019-01-11","Kellogg Soil Survey Laboratory Methods Manual, Soil Survey Investigations Report No. 42 Version 5.0, Issued 2014","Routine Particle Size Distribution (3A1a1a)",122.4,182.8,49.0,44.0,7.0,,,26.8,17.2,8.3,8.8,11.0,13.9,7.0,"USDA NRCS Kellogg Soil Survey Laboratory",
"dc8212db-b030-4973-a349-a27d2c01d9f1","BONA_015.basePlot.all","D19","BONA","BONA_015","S2018AK090015","2018-07-17","19N00357","C","S2018AK090015-4","bulk",63.0,80.0,71.5,"2019-01-11","Kellogg Soil Survey Laboratory Methods Manual, Soil Survey Investigations Report No. 42 Version 5.0, Issued 2014","Routine Particle Size Distribution (3A1a1a)",122.6,392.0,51.5,43.2,5.3,,,20.9,22.3,8.7,9.1,11.7,14.9,7.1,"USDA NRCS Kellogg Soil Survey Laboratory",
"fbefad7f-5ae4-4f73-bda0-865dc80d2596","BONA_023.basePlot.all","D19","BONA","BONA_023","S2018AK090023","2018-07-18","19N00383","B/Ajj","S2018AK090023-2","bulk",6.0,21.0,13.5,"2019-01-11","Kellogg Soil Survey Laboratory Methods Manual, Soil Survey Investigations Report No. 42 Version 5.0, Issued 2014","Routine Particle Size Distribution (3A1a1a)",8.3,16.7,17.9,71.8,10.3,,,43.5,28.3,7.4,3.6,3.0,1.3,2.6,"USDA NRCS Kellogg Soil Survey Laboratory",
"aa73b267-8489-4ba2-a714-23918d43b6b4","BONA_002.basePlot.all","D19","BONA","BONA_002","S2018AK090002","2018-07-18","19N00327","Bw","S2018AK090002-3","bulk",16.0,33.0,24.5,"2019-01-08","Kellogg Soil Survey Laboratory Methods Manual, Soil Survey Investigations Report No. 42 Version 5.0, Issued 2014","Routine Particle Size Distribution (3A1a1a)",89.7,163.4,31.3,58.6,10.1,,,32.5,26.1,7.3,4.8,5.8,6.5,6.9,"USDA NRCS Kellogg Soil Survey Laboratory",
"b8be96c0-5ebd-4fdf-984c-ae71f6a45fac","BONA_027.basePlot.all","D19","BONA","BONA_027","S2018AK090027","2018-07-18","19N00388","Bw","S2018AK090027-3","bulk",10.0,29.0,19.5,"2019-01-11","Kellogg Soil Survey Laboratory Methods Manual, Soil Survey Investigations Report No. 42 Version 5.0, Issued 2014","Routine Particle Size Distribution (3A1a1a)",73.6,112.1,29.2,61.0,9.8,,,31.8,29.2,8.0,4.1,4.9,5.5,6.7,"USDA NRCS Kellogg Soil Survey Laboratory",
"9ca34a6a-9181-4ed0-9a88-9a4f51ae6b99","BONA_013.basePlot.all","D19","BONA","BONA_013","S2018AK090013","2018-07-18","19N00350","A","S2018AK090013-2","bulk",7.0,11.0,9.0,"2019-01-11","Kellogg Soil Survey Laboratory Methods Manual, Soil Survey Investigations Report No. 42 Version 5.0, Issued 2014","Routine Particle Size Distribution (3A1a1a)",20.3,63.2,9.9,77.9,12.2,,,51.6,26.3,4.4,1.9,1.2,1.3,1.1,"USDA NRCS Kellogg Soil Survey Laboratory",
"96bfb740-34df-4b51-b5a5-01dc5cf3682c","BONA_002.basePlot.all","D19","BONA","BONA_002","S2018AK090002","2018-07-18","19N00328","C","S2018AK090002-4","bulk",33.0,110.0,71.5,"2019-01-08","Kellogg Soil Survey Laboratory Methods Manual, Soil Survey Investigations Report No. 42 Version 5.0, Issued 2014","Routine Particle Size Distribution (3A1a1a)",65.8,118.5,30.5,59.9,9.6,,,32.5,27.4,7.3,5.6,5.6,5.9,6.1,"USDA NRCS Kellogg Soil Survey Laboratory",
"8279868b-75b8-468f-86b7-0fc9dfa5ed8f","BONA_002.basePlot.all","D19","BONA","BONA_002","S2018AK090002","2018-07-18","19N00325","Oe","S2018AK090002-1","bulk",0.0,5.0,2.5,,,,0.0,0.0,,,,,,,,,,,,,"USDA NRCS Kellogg Soil Survey Laboratory",
"a7453c3f-598d-4e79-8b1e-a657a579eb8e","BONA_027.basePlot.all","D19","BONA","BONA_027","S2018AK090027","2018-07-18","19N00387","A/E","S2018AK090027-2","bulk",5.0,10.0,7.5,"2019-01-11","Kellogg Soil Survey Laboratory Methods Manual, Soil Survey Investigations Report No. 42 Version 5.0, Issued 2014","Routine Particle Size Distribution (3A1a1a)",15.0,44.9,16.8,74.1,9.1,,,41.7,32.4,6.6,3.4,2.8,2.7,1.3,"USDA NRCS Kellogg Soil Survey Laboratory",
"c7e2350f-083a-4c4d-9bd1-c506abb418ca","BONA_002.basePlot.all","D19","BONA","BONA_002","S2018AK090002","2018-07-18","19N00326","A","S2018AK090002-2","bulk",5.0,16.0,10.5,"2019-01-08","Kellogg Soil Survey Laboratory Methods Manual, Soil Survey Investigations Report No. 42 Version 5.0, Issued 2014","Routine Particle Size Distribution (3A1a1a)",23.0,71.6,15.4,70.9,13.7,,,52.5,18.4,3.9,3.1,2.7,1.9,3.8,"USDA NRCS Kellogg Soil Survey Laboratory",
"027184a5-5a6d-4324-abcc-85a71b6bb5cf","BONA_013.basePlot.all","D19","BONA","BONA_013","S2018AK090013","2018-07-18","19N00351","E","S2018AK090013-3","bulk",11.0,17.0,14.0,"2019-01-11","Kellogg Soil Survey Laboratory Methods Manual, Soil Survey Investigations Report No. 42 Version 5.0, Issued 2014","Routine Particle Size Distribution (3A1a1a)",8.8,21.5,8.4,79.0,12.6,,,45.6,33.4,6.0,1.2,0.6,0.4,0.2,"USDA NRCS Kellogg Soil Survey Laboratory",
"fbef49f0-9ea0-43e8-be1f-4caeb74e7b2c","BONA_013.basePlot.all","D19","BONA","BONA_013","S2018AK090013","2018-07-18","19N00349","Oe","S2018AK090013-1","bulk",0.0,7.0,3.5,,,,0.0,0.0,,,,,,,,,,,,,"USDA NRCS Kellogg Soil Survey Laboratory",
"c602950d-8f92-41a2-b8bd-f31e56e9a5dc","BONA_023.basePlot.all","D19","BONA","BONA_023","S2018AK090023","2018-07-18","19N00382","Oe","S2018AK090023-1","bulk",0.0,6.0,3.0,,,,0.0,0.0,,,,,,,,,,,,,"USDA NRCS Kellogg Soil Survey Laboratory",
"c8205fbb-31df-4c1c-affd-2f4d375739df","BONA_023.basePlot.all","D19","BONA","BONA_023","S2018AK090023","2018-07-18","19N00384","C1","S2018AK090023-3","bulk",21.0,46.0,33.5,"2019-01-11","Kellogg Soil Survey Laboratory Methods Manual, Soil Survey Investigations Report No. 42 Version 5.0, Issued 2014","Routine Particle Size Distribution (3A1a1a)",102.8,270.4,38.0,52.7,9.3,,,29.5,23.2,8.1,7.0,7.6,7.2,8.1,"USDA NRCS Kellogg Soil Survey Laboratory",
"fac1e4e9-124c-4cd9-98f0-1e898e7519ae","BONA_027.basePlot.all","D19","BONA","BONA_027","S2018AK090027","2018-07-18","19N00389","2C","S2018AK090027-4","bulk",29.0,100.0,64.5,"2019-01-11","Kellogg Soil Survey Laboratory Methods Manual, Soil Survey Investigations Report No. 42 Version 5.0, Issued 2014","Routine Particle Size Distribution (3A1a1a)",158.4,277.6,45.8,45.9,8.3,,,24.0,21.9,8.5,6.4,7.6,11.1,12.2,"USDA NRCS Kellogg Soil Survey Laboratory",
"b2bbd7b9-efd9-4531-9196-3f2cf0787fb4","BONA_023.basePlot.all","D19","BONA","BONA_023","S2018AK090023","2018-07-18","19N00385","C2","S2018AK090023-4","bulk",46.0,100.0,73.0,"2019-01-11","Kellogg Soil Survey Laboratory Methods Manual, Soil Survey Investigations Report No. 42 Version 5.0, Issued 2014","Routine Particle Size Distribution (3A1a1a)",101.4,264.7,60.0,33.8,6.2,,,17.4,16.4,8.2,11.9,14.1,14.9,10.9,"USDA NRCS Kellogg Soil Survey Laboratory",
"e64d648d-7a6b-4a28-9aef-4b681f743f51","BONA_013.basePlot.all","D19","BONA","BONA_013","S2018AK090013","2018-07-18","19N00353","2C","S2018AK090013-5","bulk",27.0,80.0,53.5,"2019-01-11","Kellogg Soil Survey Laboratory Methods Manual, Soil Survey Investigations Report No. 42 Version 5.0, Issued 2014","Routine Particle Size Distribution (3A1a1a)",156.0,423.1,64.9,31.5,3.6,,,19.1,12.4,10.5,11.8,13.9,16.5,12.2,"USDA NRCS Kellogg Soil Survey Laboratory",
"59937e97-c9ab-4054-9c6c-491f5162a021","BONA_013.basePlot.all","D19","BONA","BONA_013","S2018AK090013","2018-07-18","19N00352","Bw","S2018AK090013-4","bulk",17.0,27.0,22.0,"2019-01-11","Kellogg Soil Survey Laboratory Methods Manual, Soil Survey Investigations Report No. 42 Version 5.0, Issued 2014","Routine Particle Size Distribution (3A1a1a)",65.9,116.9,22.4,66.7,10.9,,,36.8,29.9,6.5,3.9,3.4,5.1,3.5,"USDA NRCS Kellogg Soil Survey Laboratory",
"754e57f9-f1af-4650-a5ef-97b80314d5ad","BONA_027.basePlot.all","D19","BONA","BONA_027","S2018AK090027","2018-07-18","19N00386","Oe","S2018AK090027-1","bulk",0.0,5.0,2.5,,,,0.0,0.0,,,,,,,,,,,,,"USDA NRCS Kellogg Soil Survey Laboratory",
"13676d3e-29e1-42f6-bd0a-31b4bfb55329","BONA_028.basePlot.all","D19","BONA","BONA_028","S2018AK090028","2018-07-19","19N00391","Oa/C","S2018AK090028-2","bulk",9.0,31.0,20.0,"2019-01-11","Kellogg Soil Survey Laboratory Methods Manual, Soil Survey Investigations Report No. 42 Version 5.0, Issued 2014","Routine Particle Size Distribution (3A1a1a)",0.0,0.0,5.7,84.0,10.3,,,58.3,25.7,3.6,1.2,0.7,0.2,0.0,"USDA NRCS Kellogg Soil Survey Laboratory",
"593bab40-674b-4360-99e0-8c6db005a742","BONA_022.basePlot.all","D19","BONA","BONA_022","S2018AK090022","2018-07-19","19N00380","Cg/Ojj","S2018AK090022-4","bulk",40.0,80.0,60.0,"2019-01-11","Kellogg Soil Survey Laboratory Methods Manual, Soil Survey Investigations Report No. 42 Version 5.0, Issued 2014","Routine Particle Size Distribution (3A1a1a)",0.6,0.0,29.9,61.7,8.4,,,24.7,37.0,12.7,7.1,6.1,3.0,1.0,"USDA NRCS Kellogg Soil Survey Laboratory",
"4b24fb40-dbf7-4f49-99fb-a5056f701cc2","BONA_028.basePlot.all","D19","BONA","BONA_028","S2018AK090028","2018-07-19","19N00394","C2","S2018AK090028-5","bulk",70.0,110.0,90.0,"2019-01-11","Kellogg Soil Survey Laboratory Methods Manual, Soil Survey Investigations Report No. 42 Version 5.0, Issued 2014","Routine Particle Size Distribution (3A1a1a)",0.0,0.0,30.3,61.5,8.2,,,25.3,36.2,19.0,8.2,2.3,0.6,0.2,"USDA NRCS Kellogg Soil Survey Laboratory",
"56429a2a-818a-4a71-bfdc-b3e62e46dde9","BONA_010.basePlot.all","D19","BONA","BONA_010","S2018AK090010","2018-07-19","19N00343","Oe","S2018AK090010-1","bulk",0.0,10.0,5.0,,,,0.0,0.0,,,,,,,,,,,,,"USDA NRCS Kellogg Soil Survey Laboratory",
"e3579942-c9ca-4b0e-9fd3-b607c3e85311","BONA_028.basePlot.all","D19","BONA","BONA_028","S2018AK090028","2018-07-19","19N00392","Bw","S2018AK090028-3","bulk",31.0,47.0,39.0,"2019-01-11","Kellogg Soil Survey Laboratory Methods Manual, Soil Survey Investigations Report No. 42 Version 5.0, Issued 2014","Routine Particle Size Distribution (3A1a1a)",1.4,0.0,32.1,60.4,7.5,,,23.4,37.0,17.0,8.1,4.2,2.3,0.5,"USDA NRCS Kellogg Soil Survey Laboratory",
"4e9f4e52-e6c8-4576-8f73-a0e0af02673b","BONA_007.basePlot.all","D19","BONA","BONA_007","S2018AK090007","2018-07-19","19N00336","Oe","S2018AK090007-1","bulk",0.0,9.0,4.5,,,,0.0,0.0,,,,,,,,,,,,,"USDA NRCS Kellogg Soil Survey Laboratory",
"e5a0e486-8443-4fcb-82ac-32161998056c","BONA_022.basePlot.all","D19","BONA","BONA_022","S2018AK090022","2018-07-19","19N00381","Cf","S2018AK090022-5","bulk",80.0,110.0,95.0,"2019-01-11","Kellogg Soil Survey Laboratory Methods Manual, Soil Survey Investigations Report No. 42 Version 5.0, Issued 2014","Routine Particle Size Distribution (3A1a1a)",0.0,0.0,15.6,74.7,9.7,,,33.0,41.7,11.1,3.3,0.9,0.3,0.0,"USDA NRCS Kellogg Soil Survey Laboratory",
"781696a2-17cf-4411-97cd-40e2415a9942","BONA_022.basePlot.all","D19","BONA","BONA_022","S2018AK090022","2018-07-19","19N00377","Oe","S2018AK090022-1","bulk",0.0,8.0,4.0,,,,0.0,0.0,,,,,,,,,,,,,"USDA NRCS Kellogg Soil Survey Laboratory",
"18daefee-425b-40ce-bf50-c934593d7ee6","BONA_010.basePlot.all","D19","BONA","BONA_010","S2018AK090010","2018-07-19","19N00347","Ob","S2018AK090010-5","bulk",60.0,70.0,65.0,,,,0.0,0.0,,,,,,,,,,,,,"USDA NRCS Kellogg Soil Survey Laboratory",
"d75d5dbd-d7dd-4536-8c8e-00c50f8a7647","BONA_022.basePlot.all","D19","BONA","BONA_022","S2018AK090022","2018-07-19","19N00378","A","S2018AK090022-2","bulk",8.0,16.0,12.0,,,,0.0,0.0,,,,,,,,,,,,,"USDA NRCS Kellogg Soil Survey Laboratory",
"04f314a5-b028-4481-8ce9-6ae788f0533e","BONA_028.basePlot.all","D19","BONA","BONA_028","S2018AK090028","2018-07-19","19N00393","C1","S2018AK090028-4","bulk",47.0,70.0,58.5,"2019-01-11","Kellogg Soil Survey Laboratory Methods Manual, Soil Survey Investigations Report No. 42 Version 5.0, Issued 2014","Routine Particle Size Distribution (3A1a1a)",0.0,0.0,38.8,53.7,7.5,,,24.4,29.3,18.1,11.8,5.7,2.4,0.8,"USDA NRCS Kellogg Soil Survey Laboratory",
"2201f3a7-0f83-49b6-a282-cc4c482288f0","BONA_028.basePlot.all","D19","BONA","BONA_028","S2018AK090028","2018-07-19","19N00390","Oe","S2018AK090028-1","bulk",0.0,9.0,4.5,,,,0.0,0.0,,,,,,,,,,,,,"USDA NRCS Kellogg Soil Survey Laboratory",
"fd20c716-aa5f-44d4-bf42-fc2e6f17db25","BONA_010.basePlot.all","D19","BONA","BONA_010","S2018AK090010","2018-07-19","19N00346","Bjj/Ajj","S2018AK090010-4","bulk",45.0,60.0,52.5,"2019-01-08","Kellogg Soil Survey Laboratory Methods Manual, Soil Survey Investigations Report No. 42 Version 5.0, Issued 2014","Routine Particle Size Distribution (3A1a1a)",5.1,0.0,46.7,47.2,6.1,,,17.9,29.3,9.5,11.3,16.6,7.2,2.1,"USDA NRCS Kellogg Soil Survey Laboratory",
"55ae4721-b6bd-4dee-888d-9489af82b26e","BONA_007.basePlot.all","D19","BONA","BONA_007","S2018AK090007","2018-07-19","19N00338","Bw","S2018AK090007-3","bulk",15.0,68.0,41.5,"2019-01-08","Kellogg Soil Survey Laboratory Methods Manual, Soil Survey Investigations Report No. 42 Version 5.0, Issued 2014","Routine Particle Size Distribution (3A1a1a)",137.2,235.6,40.8,50.3,8.9,,,27.6,22.7,8.3,6.9,7.1,10.8,7.7,"USDA NRCS Kellogg Soil Survey Laboratory",
"98fb5b4a-ba8a-4be7-a2fd-c0aa9b0c4eff","BONA_010.basePlot.all","D19","BONA","BONA_010","S2018AK090010","2018-07-19","19N00344","A","S2018AK090010-2","bulk",10.0,30.0,20.0,"2019-01-08","Kellogg Soil Survey Laboratory Methods Manual, Soil Survey Investigations Report No. 42 Version 5.0, Issued 2014","Routine Particle Size Distribution (3A1a1a)",0.0,0.0,13.8,80.2,6.0,,,40.9,39.3,10.4,2.1,1.0,0.2,0.1,"USDA NRCS Kellogg Soil Survey Laboratory",
"0cf57f14-fba0-4d2f-98b1-cee8ba3d5ef6","BONA_022.basePlot.all","D19","BONA","BONA_022","S2018AK090022","2018-07-19","19N00379","Cg/Ajj1","S2018AK090022-3","bulk",16.0,40.0,28.0,"2019-01-11","Kellogg Soil Survey Laboratory Methods Manual, Soil Survey Investigations Report No. 42 Version 5.0, Issued 2014","Routine Particle Size Distribution (3A1a1a)",0.0,0.0,23.2,68.2,8.6,,,28.0,40.2,15.5,4.3,2.6,0.7,0.1,"USDA NRCS Kellogg Soil Survey Laboratory",
"4a5e2490-56a7-4964-8923-9ca449c1e233","BONA_010.basePlot.all","D19","BONA","BONA_010","S2018AK090010","2018-07-19","19N00345","Ajj/Bjj","S2018AK090010-3","bulk",30.0,45.0,37.5,"2019-01-08","Kellogg Soil Survey Laboratory Methods Manual, Soil Survey Investigations Report No. 42 Version 5.0, Issued 2014","Routine Particle Size Distribution (3A1a1a)",0.0,0.0,18.5,74.2,7.3,,,36.3,37.9,10.9,4.5,2.0,1.0,0.1,"USDA NRCS Kellogg Soil Survey Laboratory",
"3f4e4f5f-b2a3-4c22-8a3c-8d4948198cfa","BONA_007.basePlot.all","D19","BONA","BONA_007","S2018AK090007","2018-07-19","19N00337","A/E","S2018AK090007-2","bulk",9.0,15.0,12.0,"2019-01-08","Kellogg Soil Survey Laboratory Methods Manual, Soil Survey Investigations Report No. 42 Version 5.0, Issued 2014","Routine Particle Size Distribution (3A1a1a)",25.5,86.5,15.5,74.1,10.4,,,43.8,30.3,7.4,3.8,1.8,1.4,1.1,"USDA NRCS Kellogg Soil Survey Laboratory",
"f7eec21d-3330-434e-9780-567036292150","BONA_010.basePlot.all","D19","BONA","BONA_010","S2018AK090010","2018-07-19","19N00348","Cjj/Ajj","S2018AK090010-6","bulk",70.0,95.0,82.5,"2019-01-11","Kellogg Soil Survey Laboratory Methods Manual, Soil Survey Investigations Report No. 42 Version 5.0, Issued 2014","Routine Particle Size Distribution (3A1a1a)",1.2,2.4,19.3,72.9,7.8,,,31.9,41.0,12.8,2.9,1.9,1.3,0.4,"USDA NRCS Kellogg Soil Survey Laboratory",
"4212aa66-2675-4376-baaa-c1b59caeffe3","BONA_021.basePlot.all","D19","BONA","BONA_021","S2018AK090021","2018-07-20","19N00373","A","S2018AK090021-2","bulk",6.0,9.0,7.5,,,,0.0,0.0,,,,,,,,,,,,,"USDA NRCS Kellogg Soil Survey Laboratory",
"b9e3cce0-8f5c-4022-84f8-257deec55cab","BONA_008.basePlot.all","D19","BONA","BONA_008","S2018AK090008","2018-07-20","19N00339","Oe","S2018AK090008-1","bulk",0.0,12.0,6.0,,,,0.0,0.0,,,,,,,,,,,,,"USDA NRCS Kellogg Soil Survey Laboratory",
"4794bb4c-e3c8-4c67-ba42-cd1bfe16f36a","BONA_021.basePlot.all","D19","BONA","BONA_021","S2018AK090021","2018-07-20","19N00376","Bw2","S2018AK090021-5","bulk",29.0,58.0,43.5,"2019-01-11","Kellogg Soil Survey Laboratory Methods Manual, Soil Survey Investigations Report No. 42 Version 5.0, Issued 2014","Routine Particle Size Distribution (3A1a1a)",81.6,90.8,56.4,37.0,6.6,,,22.8,14.2,13.6,14.8,10.2,9.9,7.9,"USDA NRCS Kellogg Soil Survey Laboratory",
"23ea8025-1f81-492f-886d-40e2aa941c1b","BONA_021.basePlot.all","D19","BONA","BONA_021","S2018AK090021","2018-07-20","19N00372","Oe","S2018AK090021-1","bulk",0.0,6.0,3.0,,,,0.0,0.0,,,,,,,,,,,,,"USDA NRCS Kellogg Soil Survey Laboratory",
"443ac733-28cc-42b4-a3ec-47e5966e1056","BONA_021.basePlot.all","D19","BONA","BONA_021","S2018AK090021","2018-07-20","19N00375","Bw1","S2018AK090021-4","bulk",14.0,29.0,21.5,"2019-01-11","Kellogg Soil Survey Laboratory Methods Manual, Soil Survey Investigations Report No. 42 Version 5.0, Issued 2014","Routine Particle Size Distribution (3A1a1a)",107.6,135.2,45.6,46.6,7.8,,,25.5,21.1,11.0,9.9,9.4,8.3,7.0,"USDA NRCS Kellogg Soil Survey Laboratory",
"3ebb7f4e-9383-4c0e-8846-d648646b25f6","BONA_021.basePlot.all","D19","BONA","BONA_021","S2018AK090021","2018-07-20","19N00374","AE","S2018AK090021-3","bulk",9.0,14.0,11.5,"2019-01-11","Kellogg Soil Survey Laboratory Methods Manual, Soil Survey Investigations Report No. 42 Version 5.0, Issued 2014","Routine Particle Size Distribution (3A1a1a)",28.2,25.4,33.5,58.1,8.4,,,34.2,23.9,9.1,8.8,5.7,5.6,4.3,"USDA NRCS Kellogg Soil Survey Laboratory",
"15c01445-bef9-4e1a-9cc1-5327ac0a1aa6","BONA_008.basePlot.all","D19","BONA","BONA_008","S2018AK090008","2018-07-20","19N00342","C","S2018AK090008-4","bulk",56.0,78.0,67.0,"2019-01-08","Kellogg Soil Survey Laboratory Methods Manual, Soil Survey Investigations Report No. 42 Version 5.0, Issued 2014","Routine Particle Size Distribution (3A1a1a)",89.2,301.0,57.5,36.4,6.1,,,17.0,19.4,11.0,12.1,14.2,12.4,7.8,"USDA NRCS Kellogg Soil Survey Laboratory",
"f6671a81-ffe6-4dc3-b9a2-c3934330a529","BONA_008.basePlot.all","D19","BONA","BONA_008","S2018AK090008","2018-07-20","19N00341","BC","S2018AK090008-3","bulk",37.0,56.0,46.5,"2019-01-08","Kellogg Soil Survey Laboratory Methods Manual, Soil Survey Investigations Report No. 42 Version 5.0, Issued 2014","Routine Particle Size Distribution (3A1a1a)",22.0,11.0,23.9,63.2,12.9,,,31.1,32.1,9.3,4.9,4.1,3.1,2.5,"USDA NRCS Kellogg Soil Survey Laboratory",
"69b5f3b6-354f-40a5-a172-903fd34f981e","BONA_008.basePlot.all","D19","BONA","BONA_008","S2018AK090008","2018-07-20","19N00340","Bw","S2018AK090008-2","bulk",12.0,37.0,24.5,"2019-01-08","Kellogg Soil Survey Laboratory Methods Manual, Soil Survey Investigations Report No. 42 Version 5.0, Issued 2014","Routine Particle Size Distribution (3A1a1a)",0.0,0.0,21.2,65.4,13.4,,,33.2,32.2,8.6,4.4,3.6,2.7,1.9,"USDA NRCS Kellogg Soil Survey Laboratory",
