uid,namedLocation,domainID,siteID,plotID,pitID,collectDate,testProtocolVersion,nrcsDescriptionID,horizonID,horizonName,horizonTopDepth,horizonBottomDepth,remarks,dataQF
"261fd38d-ae95-430e-8e94-e782863e45e1","GRSM_022.basePlot.all","D07","GRSM","GRSM_022","1113518","2016-10-05","Field Book for Describing and Sampling Soils ver3","S2016TN155022","17N02712","Bt2",62,89,"Converted measured %Wt to %Vol was not used for this site. Fragments were estimated",
"8c2bf9d1-10b8-4b39-b213-a143e8d2c9fe","GRSM_022.basePlot.all","D07","GRSM","GRSM_022","1113518","2016-10-05","Field Book for Describing and Sampling Soils ver3","S2016TN155022","17N02709","A1",5,12,"Converted measured %Wt to %Vol was not used for this site. Fragments were estimated",
"4fa119e2-7ea0-4e67-94e4-734a0caae301","GRSM_022.basePlot.all","D07","GRSM","GRSM_022","1113518","2016-10-05","Field Book for Describing and Sampling Soils ver3","S2016TN155022","17N02708","Oe",0,5,"Oe--0 to 2 inch; moderately decomposed organic mat.",
"e3a72e77-19c2-4a4e-98cb-34fd54ce471f","GRSM_022.basePlot.all","D07","GRSM","GRSM_022","1113518","2016-10-05","Field Book for Describing and Sampling Soils ver3","S2016TN155022","17N02711","Bt1",37,62,"Converted measured %Wt to %Vol was not used for this site. Fragments were estimated",
"19269272-678d-474c-b3ce-7850461bc0e3","GRSM_022.basePlot.all","D07","GRSM","GRSM_022","1113518","2016-10-05","Field Book for Describing and Sampling Soils ver3","S2016TN155022","17N02710","A2",12,37,"Converted measured %Wt to %Vol was not used for this site. Fragments were estimated",
"0c336e38-492d-4a81-a159-21dce243c003","GRSM_026.basePlot.all","D07","GRSM","GRSM_026","1113521","2016-10-11","Field Book for Describing and Sampling Soils ver3","S2016TN155026","17N02720","Bt2",24,37,"Metasandstone is not listed as an option in Pedon Horizon Fragments'. Metasandstone needs to be added. Also",
"1e98e83e-2a28-4c46-b65f-7e88f0d6b015","GRSM_006.basePlot.all","D07","GRSM","GRSM_006","1113519","2016-10-11","Field Book for Describing and Sampling Soils ver3","S2016TN155006","5453031","Cr",53,58,"Highly weathered, tilted Siltstone.",
"a9b32140-8239-47f7-bea1-1fe12eb33fd6","GRSM_026.basePlot.all","D07","GRSM","GRSM_026","1113521","2016-10-11","Field Book for Describing and Sampling Soils ver3","S2016TN155026","5453073","Cr",37,80,"Cr--37 to 80 inches; weathered, moderately cemented, thinly bedded metasedimentary rock; few medium thin seams of yellowish red (5YR 5/6) loam in cracks.",
"d2e5466f-73cd-4eba-91d0-6642e994869d","GRSM_006.basePlot.all","D07","GRSM","GRSM_006","1113519","2016-10-11","Field Book for Describing and Sampling Soils ver3","S2016TN155006","17N02679","Bw1",4,36,"Horizon has an increase in Clay content (percentage). A number of mountain soils have what has been termed, as a Clay Bulge' in the upper portion of the 'B' Horizon. Depends on where a soil is sampled for Textural Class to determine Bw or Bt. This has been described by NCSU lab as 'The minimum expression of an Argillic or the Maximum expression of a Cambic'.",
"91299ee2-c8e7-477b-b39d-caee646adaa1","GRSM_026.basePlot.all","D07","GRSM","GRSM_026","1113521","2016-10-11","Field Book for Describing and Sampling Soils ver3","S2016TN155026","17N02717","Oe",0,9,"Oe--0 to 1 inch; moderately decomposed organic mat.",
"3f324f4e-86c3-40f3-837f-edfad6bf7b2c","GRSM_026.basePlot.all","D07","GRSM","GRSM_026","1113521","2016-10-11","Field Book for Describing and Sampling Soils ver3","S2016TN155026","17N02719","Bt1",11,24,"Metasandstone is not listed as an option in Pedon Horizon Fragments'. Metasandstone needs to be added. Also",
"9345fe3c-30a6-44a1-b114-757fbf3870e5","GRSM_006.basePlot.all","D07","GRSM","GRSM_006","1113519","2016-10-11","Field Book for Describing and Sampling Soils ver3","S2016TN155006","17N02678","A",0,4,"Converted measured %Wt to %Vol was not used for this site. Fragments were estimated",
"0e34d5dd-812e-4ad2-94e9-70c28fa9fcfa","GRSM_006.basePlot.all","D07","GRSM","GRSM_006","1113519","2016-10-11","Field Book for Describing and Sampling Soils ver3","S2016TN155006","17N02680","2Bw2",36,53,"Converted measured %Wt to %Vol",
"bd6e3492-74d3-435b-a6a1-485b1e31d8ed","GRSM_026.basePlot.all","D07","GRSM","GRSM_026","1113521","2016-10-11","Field Book for Describing and Sampling Soils ver3","S2016TN155026","17N02718","A",9,11,"Metasandstone is not listed as an option in Pedon Horizon Fragments'. Metasandstone needs to be added. Also",
"cbb8b158-4ef9-4c5a-8a5a-aff3c568d1a3","GRSM_017.basePlot.all","D07","GRSM","GRSM_017","1113522","2016-10-12","Field Book for Describing and Sampling Soils ver3","S2016TN155017","17N02697","Bw2",28,51,"Converted measured %Wt to %Vol was not used for this site. Fragments were estimated",
"4a154a16-2db5-4996-8437-43eb41ab3509","GRSM_019.basePlot.all","D07","GRSM","GRSM_019","1113520","2016-10-12","Field Book for Describing and Sampling Soils ver3","S2016TN155019","17N02700","A",5,7,"Metasandstone is not listed as an option in Pedon Horizon Fragments'. Metasandstone needs to be added. Also",
"99e014d8-7df6-4958-a502-fbe6c8422dd9","GRSM_017.basePlot.all","D07","GRSM","GRSM_017","1113522","2016-10-12","Field Book for Describing and Sampling Soils ver3","S2016TN155017","17N02698","C",51,53,"Converted measured %Wt to %Vol was not used for this site. Fragments were estimated",
"3fae76f5-2c36-4f16-a1f4-b100a5cb2a05","GRSM_019.basePlot.all","D07","GRSM","GRSM_019","1113520","2016-10-12","Field Book for Describing and Sampling Soils ver3","S2016TN155019","17N02701","Bt1",7,27,"Metasandstone is not listed as an option in Pedon Horizon Fragments'. Metasandstone needs to be added. Also",
"930b22d0-1c2c-41d0-81d2-e13821ac603c","GRSM_001.basePlot.all","D07","GRSM","GRSM_001","1113515","2016-10-12","Field Book for Describing and Sampling Soils ver3","S2016TN155001","17N02664","Bw2",20,32,"Converted measured %Wt to %Vol",
"c6e56294-4d52-4446-97d7-fd0640d3ef6d","GRSM_001.basePlot.all","D07","GRSM","GRSM_001","1113515","2016-10-12","Field Book for Describing and Sampling Soils ver3","S2016TN155001","17N02663","Bw1",9,20,"Horizon has an increase in Clay content (percentage). A number of mountain soils have what has been termed, as a Clay Bulge in the upper portion of the 'B' Horizon. Depends on where a soil is sampled for Textural Class to determine Bw or Bt. This has been described by NCSU lab as 'The minimum expression of an Argillic or the Maximum expression of a Cambic'.",
"1271b718-0423-4462-9f52-9ac89cbf94f2","GRSM_001.basePlot.all","D07","GRSM","GRSM_001","1113515","2016-10-12","Field Book for Describing and Sampling Soils ver3","S2016TN155001","17N02666","BC",54,80,"Converted measured %Wt to %Vol",
"653dcaab-c35e-48d9-8c9f-4a272dad6150","GRSM_001.basePlot.all","D07","GRSM","GRSM_001","1113515","2016-10-12","Field Book for Describing and Sampling Soils ver3","S2016TN155001","17N02662","A",0,9,"Converted measured %Wt to %Vol",
"54b1078e-03b4-4c65-9795-243f6241a56f","GRSM_019.basePlot.all","D07","GRSM","GRSM_019","1113520","2016-10-12","Field Book for Describing and Sampling Soils ver3","S2016TN155019","5453053","Cr",51,100,"Cr--19 to 80 inches; weathered, moderately cemented, thinly bedded metasedimentary rock; high excavation difficulty; few medium thin seams of yellowish red (5YR 5/6) loam in cracks; few fine and medium roots in cracks that are spaced more than 4 inches apart; extremely acid.",
"8479819c-4533-4e7c-86d8-e3d93abfde54","GRSM_017.basePlot.all","D07","GRSM","GRSM_017","1113522","2016-10-12","Field Book for Describing and Sampling Soils ver3","S2016TN155017","17N02695","A",2,14,"Converted measured %Wt to %Vol was not used for this site. Fragments were estimated",
"84a29ca2-6d1f-4efb-8713-3a07d2f9545b","GRSM_019.basePlot.all","D07","GRSM","GRSM_019","1113520","2016-10-12","Field Book for Describing and Sampling Soils ver3","S2016TN155019","17N02702","Bt2",27,51,"Metasandstone is not listed as an option in Pedon Horizon Fragments'. Metasandstone needs to be added. Also",
"a5aeb2d6-9806-46c5-9235-60c9a58ee9dc","GRSM_001.basePlot.all","D07","GRSM","GRSM_001","1113515","2016-10-12","Field Book for Describing and Sampling Soils ver3","S2016TN155001","17N02665","Bw3",32,54,"Horizon has a decrease in Clay content (percentage). This is typical for soils with a Clay Bulge to have a drop of in clay. These are usually described with a Bw Horizon.",
"e4605c20-7e2b-4c17-bad0-68f2377fd049","GRSM_019.basePlot.all","D07","GRSM","GRSM_019","1113520","2016-10-12","Field Book for Describing and Sampling Soils ver3","S2016TN155019","17N02699","Oe",0,5,"Oe--0 to 1 inch; moderately decomposed organic mat.",
"26682390-7324-4264-96bf-1f6f4c3f26d7","GRSM_017.basePlot.all","D07","GRSM","GRSM_017","1113522","2016-10-12","Field Book for Describing and Sampling Soils ver3","S2016TN155017","17N02696","Bw1",14,28,"Converted measured %Wt to %Vol was not used for this site. Fragments were estimated",
"0fa17f5d-ad14-44e4-a01a-f25e3f286b43","GRSM_017.basePlot.all","D07","GRSM","GRSM_017","1113522","2016-10-12","Field Book for Describing and Sampling Soils ver3","S2016TN155017","17N02694","Oe",0,2,"Oe--0 to 1 inch; moderately decomposed organic litter and root mat; abrupt smooth boundary.",
"c8ce2009-25d1-4005-9e4d-34ff23e38dfc","GRSM_009.basePlot.all","D07","GRSM","GRSM_009","1113523","2016-10-13","Field Book for Describing and Sampling Soils ver3","S2016TN155009","17N02686","A2",8,21,"Converted measured %Wt to %Vol",
"211cc4b2-183b-49a1-bc9b-c36ea1750bc0","GRSM_002.basePlot.all","D07","GRSM","GRSM_002","1113516","2016-10-13","Field Book for Describing and Sampling Soils ver3","S2016TN155002","17N02671","Cr",39,58,"Crushes to Loamy Texture",
"bb993a98-9c32-4771-b429-307714133c9f","GRSM_009.basePlot.all","D07","GRSM","GRSM_009","1113523","2016-10-13","Field Book for Describing and Sampling Soils ver3","S2016TN155009","17N02685","A1",0,8,"Converted measured %Wt to %Vol",
"5f8552d4-f367-4608-939c-fd5ddb98b024","GRSM_002.basePlot.all","D07","GRSM","GRSM_002","1113516","2016-10-13","Field Book for Describing and Sampling Soils ver3","S2016TN155002","17N02668","A",4,9,"Converted measured %Wt to %Vol",
"4c5ece39-956e-4707-98e7-b5c979396d8f","GRSM_002.basePlot.all","D07","GRSM","GRSM_002","1113516","2016-10-13","Field Book for Describing and Sampling Soils ver3","S2016TN155002","17N02667","Oe",0,4,"Moderately decomposed organic litter and root mat; abrupt smooth boundary.",
"de62eaef-488f-4b05-8efc-0b35938b442c","GRSM_003.basePlot.all","D07","GRSM","GRSM_003","1113524","2016-10-13","Field Book for Describing and Sampling Soils ver3","S2016TN155003","17N02672","Oe",0,7,"Moderately decomposed organic litter and root mat; abrupt smooth boundary.",
"ebadcd4a-f2b5-4523-a789-e8c61eab3d36","GRSM_009.basePlot.all","D07","GRSM","GRSM_009","1113523","2016-10-13","Field Book for Describing and Sampling Soils ver3","S2016TN155009","17N02687","Bw",21,41,"Texture is heavy loam, light sandy clay loam.",
"cca5ca52-365c-41b3-8ac2-7deb19daf8c0","GRSM_003.basePlot.all","D07","GRSM","GRSM_003","1113524","2016-10-13","Field Book for Describing and Sampling Soils ver3","S2016TN155003","17N02673","A1",7,13,"A1 texture has higher Organic Matter.",
"7e6a3692-2d73-41c2-9cc8-f05ab9d9b701","GRSM_002.basePlot.all","D07","GRSM","GRSM_002","1113516","2016-10-13","Field Book for Describing and Sampling Soils ver3","S2016TN155002","17N02670","Bw2",24,39,"Converted measured %Wt to %Vol",
"0777d44a-2389-4b36-a5e4-ebd450abb1fc","GRSM_003.basePlot.all","D07","GRSM","GRSM_003","1113524","2016-10-13","Field Book for Describing and Sampling Soils ver3","S2016TN155003","17N02676","Bw2",29,63,"Converted measured %Wt to %Vol was not used for this site. Fragments were estimated",
"7092383e-fa91-41c3-ab5a-1015853d1b5d","GRSM_003.basePlot.all","D07","GRSM","GRSM_003","1113524","2016-10-13","Field Book for Describing and Sampling Soils ver3","S2016TN155003","17N02674","A2",13,18,"Converted measured %Wt to %Vol was not used for this site. Fragments were estimated",
"748f6d28-28bf-4fc7-9d9a-365bd9e797c3","GRSM_002.basePlot.all","D07","GRSM","GRSM_002","1113516","2016-10-13","Field Book for Describing and Sampling Soils ver3","S2016TN155002","17N02669","Bw1",9,24,"Converted measured %Wt to %Vol",
"63224a63-5848-4185-972c-941c2079e501","GRSM_003.basePlot.all","D07","GRSM","GRSM_003","1113524","2016-10-13","Field Book for Describing and Sampling Soils ver3","S2016TN155003","17N02675","Bw1",18,29,"Converted measured %Wt to %Vol was not used for this site. Fragments were estimated",
"b2844656-8b89-4c75-a769-4772878f938a","GRSM_009.basePlot.all","D07","GRSM","GRSM_009","1113523","2016-10-13","Field Book for Describing and Sampling Soils ver3","S2016TN155009","17N02688","Bx",41,80,"Most all roost are gone.",
"d97315e7-ff48-4938-a373-d7bd8d95f1e9","GRSM_003.basePlot.all","D07","GRSM","GRSM_003","1113524","2016-10-13","Field Book for Describing and Sampling Soils ver3","S2016TN155003","17N02677","Bw3",63,84,"Converted measured %Wt to %Vol was not used for this site. Fragments were estimated",
"4f6a2502-138b-4298-a15f-a2f2d1e7b504","GRSM_012.basePlot.all","D07","GRSM","GRSM_012","1113525","2016-10-14","Field Book for Describing and Sampling Soils ver3","S2016TN155012","17N02689","Oe",0,3,"Moderately decomposed organic litter and root mat; abrupt smooth boundary.",
"91aead6e-fc03-48dc-919f-592139bf33f7","GRSM_012.basePlot.all","D07","GRSM","GRSM_012","1113525","2016-10-14","Field Book for Describing and Sampling Soils ver3","S2016TN155012","17N02690","A1",3,13,"Converted measured %Wt to %Vol was not used for this site. Fragments were estimated",
"e959eca7-c2cc-4b21-86b4-fda7b28ecfeb","GRSM_007.basePlot.all","D07","GRSM","GRSM_007","1113517","2016-10-14","Field Book for Describing and Sampling Soils ver3","S2016TN155007","17N02681","Oe",0,6,"Oe--0 to 6cm; moderately decomposed leaf litter; abrupt smooth boundary.",
"47492b0d-2484-41ff-82ae-1c6f41e040cf","GRSM_020.basePlot.all","D07","GRSM","GRSM_020","1113527","2016-10-14","Field Book for Describing and Sampling Soils ver3","S2016TN155020","17N02707","Bw2",49,100,"Converted measured %Wt to %Vol was not used for this site. Fragments were estimated",
"fedc6992-ed00-4c16-a661-a2f90ba51822","GRSM_007.basePlot.all","D07","GRSM","GRSM_007","1113517","2016-10-14","Field Book for Describing and Sampling Soils ver3","S2016TN155007","17N02682","A",6,25,"Converted measured %Wt to %Vol was not used for this site. Fragments were estimated",
"48d8b9fa-5162-43d5-bd14-662488737b9f","GRSM_020.basePlot.all","D07","GRSM","GRSM_020","1113527","2016-10-14","Field Book for Describing and Sampling Soils ver3","S2016TN155020","17N02703","Oi",0,2,"Oi--0 inch to 1; slightly decomposed, leaves and twigs.",
"77b3cc0b-02de-49cc-8e4c-d746474cec1a","GRSM_020.basePlot.all","D07","GRSM","GRSM_020","1113527","2016-10-14","Field Book for Describing and Sampling Soils ver3","S2016TN155020","17N02706","Bw1",16,49,"Horizon has an increase in Clay content (percentage). A number of mountain soils have what has been termed, as a Clay Bulge' in the upper portion of the 'B' Horizon. Depends on where a soil is sampled for Textural Class to determine Bw or Bt. This has been described by NCSU lab as 'The minimum expression of an Argillic or the Maximum expression of a Cambic'.",
"70149b62-e14d-41b6-9806-a0abaf082a08","GRSM_007.basePlot.all","D07","GRSM","GRSM_007","1113517","2016-10-14","Field Book for Describing and Sampling Soils ver3","S2016TN155007","17N02684","C",68,83,"Converted measured %Wt to %Vol",
"c9daebb2-f803-4445-98d8-d4a7c60c1ce5","GRSM_012.basePlot.all","D07","GRSM","GRSM_012","1113525","2016-10-14","Field Book for Describing and Sampling Soils ver3","S2016TN155012","17N02692","Bw1",24,58,"Converted measured %Wt to %Vol was not used for this site. Fragments were estimated",
"357195eb-87d0-491b-8aa1-701de3f1922e","GRSM_020.basePlot.all","D07","GRSM","GRSM_020","1113527","2016-10-14","Field Book for Describing and Sampling Soils ver3","S2016TN155020","17N02704","A1",2,11,"Converted measured %Wt to %Vol was not used for this site. Fragments were estimated",
"3efb467f-1f22-4323-be81-235943a36799","GRSM_007.basePlot.all","D07","GRSM","GRSM_007","1113517","2016-10-14","Field Book for Describing and Sampling Soils ver3","S2016TN155007","5453035","Cr",83,100,"Few thin seams of yellowish red (5YR 5/8) sandy clay loam material in cracks between rocks; few medium roots in cracks that are spaced more than 4 inches apart.",
"699a31f7-cc48-4bc6-9ec9-a7cd2c5673a3","GRSM_012.basePlot.all","D07","GRSM","GRSM_012","1113525","2016-10-14","Field Book for Describing and Sampling Soils ver3","S2016TN155012","17N02693","Bw2",58,72,"Converted measured %Wt to %Vol was not used for this site. Fragments were estimated",
"3d1a08fa-575e-4546-a96a-4897265454c6","GRSM_012.basePlot.all","D07","GRSM","GRSM_012","1113525","2016-10-14","Field Book for Describing and Sampling Soils ver3","S2016TN155012","17N02691","A2",13,24,"Converted measured %Wt to %Vol was not used for this site. Fragments were estimated",
"5dfc362e-d019-4036-b2c3-16d2bfa3cc4a","GRSM_007.basePlot.all","D07","GRSM","GRSM_007","1113517","2016-10-14","Field Book for Describing and Sampling Soils ver3","S2016TN155007","17N02683","Bt",25,68,"Converted measured %Wt to %Vol",
"f2656e7f-431e-4eed-b388-dbaac620c2a7","GRSM_020.basePlot.all","D07","GRSM","GRSM_020","1113527","2016-10-14","Field Book for Describing and Sampling Soils ver3","S2016TN155020","17N02705","A2",11,16,"Converted measured %Wt to %Vol was not used for this site. Fragments were estimated",
"9b3a5736-7dc9-4dd6-b9c0-c8ab3e2d099d","GRSM_025.basePlot.all","D07","GRSM","GRSM_025","1113526","2016-10-17","Field Book for Describing and Sampling Soils ver3","S2016TN155025","17N02715","Bw",15,34,"Converted measured %Wt to %Vol was not used for this site. Fragments were estimated",
"e5ea37c9-0316-424d-b344-6fa16bdcc2fc","GRSM_025.basePlot.all","D07","GRSM","GRSM_025","1113526","2016-10-17","Field Book for Describing and Sampling Soils ver3","S2016TN155025","17N02714","A",6,15,"Converted measured %Wt to %Vol was not used for this site. Fragments were estimated",
"857ace8a-a660-4f5f-a984-a4351aae521d","GRSM_025.basePlot.all","D07","GRSM","GRSM_025","1113526","2016-10-17","Field Book for Describing and Sampling Soils ver3","S2016TN155025","5453071","Cr",58,80,,
"2be875e5-f443-4c2e-8393-8ea0ef5772ca","GRSM_025.basePlot.all","D07","GRSM","GRSM_025","1113526","2016-10-17","Field Book for Describing and Sampling Soils ver3","S2016TN155025","17N02716","BC",34,58,"Converted measured %Wt to %Vol was not used for this site. Fragments were estimated",
"965eb04f-ef2b-409c-ac25-ef56db67292d","GRSM_025.basePlot.all","D07","GRSM","GRSM_025","1113526","2016-10-17","Field Book for Describing and Sampling Soils ver3","S2016TN155025","17N02713","Oe",0,6,"Moderately decomposed organic litter and root mat; abrupt smooth boundary.",
