uid,namedLocation,domainID,siteID,plotID,nrcsDescriptionID,collectDate,horizonID,horizonName,bulkDensProcessedDate,bulkDensMethodPub,bulkDensMethod,bulkDensIDnrcs,bulkDensSampleType,bulkDensCenterDepth,bulkDensTopDepth,bulkDensBottomDepth,bulkDensThirdBar,bulkDensOvenDry,bulkDensFieldMoist,waterRetentionThirdBar,fieldWaterContent,laboratoryName,remarks,dataQF
"3506f4fa-f304-4053-b9b4-b1207934b8a4","GRSM_022.basePlot.all","D07","GRSM","GRSM_022","S2016TN155022","2016-10-05","17N02711","Bt1","2018-02-17","Kellogg Soil Survey Laboratory Methods Manual, Soil Survey Investigations Report No. 42 Version 5.0, Issued 2014","Bulk Density, Clods (3B1)","S2016TN155022-4","clod",49.5,37.0,62.0,1.20,1.30,,25.6,,"USDA NRCS Kellogg Soil Survey Laboratory",,
"a458c411-9227-4855-9cd6-6d886a8c5550","GRSM_022.basePlot.all","D07","GRSM","GRSM_022","S2016TN155022","2016-10-05","17N02710","A2","2018-02-17","Kellogg Soil Survey Laboratory Methods Manual, Soil Survey Investigations Report No. 42 Version 5.0, Issued 2014","Bulk Density, Clods (3B1)","S2016TN155022-3","clod",24.5,12.0,37.0,1.03,1.10,,38.6,,"USDA NRCS Kellogg Soil Survey Laboratory",,
"226b9bad-f046-40d0-9d3b-5e76527296ec","GRSM_022.basePlot.all","D07","GRSM","GRSM_022","S2016TN155022","2016-10-05","17N02712","Bt2","2018-02-17","Kellogg Soil Survey Laboratory Methods Manual, Soil Survey Investigations Report No. 42 Version 5.0, Issued 2014","Bulk Density, Clods (3B1)","S2016TN155022-5","clod",75.5,62.0,89.0,1.31,1.42,,23.6,,"USDA NRCS Kellogg Soil Survey Laboratory",,
"cc711108-6ba9-48be-b850-fe6d628979b3","GRSM_022.basePlot.all","D07","GRSM","GRSM_022","S2016TN155022","2016-10-05","17N02709","A1","2018-02-17","Kellogg Soil Survey Laboratory Methods Manual, Soil Survey Investigations Report No. 42 Version 5.0, Issued 2014","Bulk Density, Clods (3B1)","S2016TN155022-2","clod",8.5,5.0,12.0,0.92,1.00,,41.7,,"USDA NRCS Kellogg Soil Survey Laboratory",,
"3bc0e579-b146-45d2-8748-f1e992e894ed","GRSM_006.basePlot.all","D07","GRSM","GRSM_006","S2016TN155006","2016-10-11","17N02680","2Bw2","2018-02-17","Kellogg Soil Survey Laboratory Methods Manual, Soil Survey Investigations Report No. 42 Version 5.0, Issued 2014","Bulk Density, Clods (3B1)","S2016TN155006-3","clod",44.5,36.0,53.0,1.48,1.53,,20.8,,"USDA NRCS Kellogg Soil Survey Laboratory",,
"a518fb09-7105-48c6-967c-9485d2414246","GRSM_006.basePlot.all","D07","GRSM","GRSM_006","S2016TN155006","2016-10-11","17N02679","Bw1","2018-02-17","Kellogg Soil Survey Laboratory Methods Manual, Soil Survey Investigations Report No. 42 Version 5.0, Issued 2014","Bulk Density, Clods (3B1)","S2016TN155006-2","clod",20.0,4.0,36.0,1.57,1.61,,18.4,,"USDA NRCS Kellogg Soil Survey Laboratory",,
"f19caacb-f8d3-424c-8dff-852347b792a6","GRSM_017.basePlot.all","D07","GRSM","GRSM_017","S2016TN155017","2016-10-12","17N02695","A","2018-02-17","Kellogg Soil Survey Laboratory Methods Manual, Soil Survey Investigations Report No. 42 Version 5.0, Issued 2014","Bulk Density, Clods (3B1)","S2016TN155017-2","clod",8.0,2.0,14.0,0.99,1.05,,17.0,,"USDA NRCS Kellogg Soil Survey Laboratory",,
"d0200772-01ba-4999-8e01-52131e091616","GRSM_017.basePlot.all","D07","GRSM","GRSM_017","S2016TN155017","2016-10-12","17N02697","Bw2","2018-02-17","Kellogg Soil Survey Laboratory Methods Manual, Soil Survey Investigations Report No. 42 Version 5.0, Issued 2014","Bulk Density, Clods (3B1)","S2016TN155017-4","clod",39.5,28.0,51.0,1.35,1.40,,13.6,,"USDA NRCS Kellogg Soil Survey Laboratory",,
"1825b500-9a8a-4a68-aec3-d5c4fd3adce4","GRSM_017.basePlot.all","D07","GRSM","GRSM_017","S2016TN155017","2016-10-12","17N02696","Bw1","2018-02-17","Kellogg Soil Survey Laboratory Methods Manual, Soil Survey Investigations Report No. 42 Version 5.0, Issued 2014","Bulk Density, Clods (3B1)","S2016TN155017-3","clod",21.0,14.0,28.0,1.39,1.41,,13.9,,"USDA NRCS Kellogg Soil Survey Laboratory",,
"c34d0e06-c861-4488-bb34-3cde00037006","GRSM_019.basePlot.all","D07","GRSM","GRSM_019","S2016TN155019","2016-10-12","17N02702","Bt2","2018-02-17","Kellogg Soil Survey Laboratory Methods Manual, Soil Survey Investigations Report No. 42 Version 5.0, Issued 2014","Bulk Density, Clods (3B1)","S2016TN155019-4","clod",39.0,27.0,51.0,1.60,1.62,,18.4,,"USDA NRCS Kellogg Soil Survey Laboratory",,
"048de88f-abb7-489d-ab24-de0bc1fd8437","GRSM_003.basePlot.all","D07","GRSM","GRSM_003","S2016TN155003","2016-10-13","17N02676","Bw2","2018-02-17","Kellogg Soil Survey Laboratory Methods Manual, Soil Survey Investigations Report No. 42 Version 5.0, Issued 2014","Bulk Density, Clods (3B1)","S2016TN155003-5","clod",46.0,29.0,63.0,1.29,1.36,,21.8,,"USDA NRCS Kellogg Soil Survey Laboratory",,
"e6336649-24d0-4a2d-af15-f1e8398e19a8","GRSM_003.basePlot.all","D07","GRSM","GRSM_003","S2016TN155003","2016-10-13","17N02675","Bw1","2018-02-17","Kellogg Soil Survey Laboratory Methods Manual, Soil Survey Investigations Report No. 42 Version 5.0, Issued 2014","Bulk Density, Clods (3B1)","S2016TN155003-4","clod",23.5,18.0,29.0,1.08,1.12,,28.3,,"USDA NRCS Kellogg Soil Survey Laboratory",,
"6945a39f-dd32-4020-b34e-8be22b9c75d7","GRSM_003.basePlot.all","D07","GRSM","GRSM_003","S2016TN155003","2016-10-13","17N02673","A1","2018-02-17","Kellogg Soil Survey Laboratory Methods Manual, Soil Survey Investigations Report No. 42 Version 5.0, Issued 2014","Bulk Density, Clods (3B1)","S2016TN155003-2","clod",10.0,7.0,13.0,0.60,0.69,,24.5,,"USDA NRCS Kellogg Soil Survey Laboratory",,
"f2fd189a-70b2-406d-9563-48ca0e44f020","GRSM_003.basePlot.all","D07","GRSM","GRSM_003","S2016TN155003","2016-10-13","17N02674","A2","2018-02-17","Kellogg Soil Survey Laboratory Methods Manual, Soil Survey Investigations Report No. 42 Version 5.0, Issued 2014","Bulk Density, Clods (3B1)","S2016TN155003-3","clod",15.5,13.0,18.0,0.84,0.91,,27.2,,"USDA NRCS Kellogg Soil Survey Laboratory",,
"ad338656-2b2b-4e6d-90fa-40d87d074873","GRSM_009.basePlot.all","D07","GRSM","GRSM_009","S2016TN155009","2016-10-13","17N02688","Bx","2018-02-17","Kellogg Soil Survey Laboratory Methods Manual, Soil Survey Investigations Report No. 42 Version 5.0, Issued 2014","Bulk Density, Clods (3B1)","S2016TN155009-4","clod",60.5,41.0,80.0,1.44,1.49,,21.5,,"USDA NRCS Kellogg Soil Survey Laboratory",,
"5a2f153a-8cf4-4992-a119-891ca9101245","GRSM_002.basePlot.all","D07","GRSM","GRSM_002","S2016TN155002","2016-10-13","17N02670","Bw2","2018-02-17","Kellogg Soil Survey Laboratory Methods Manual, Soil Survey Investigations Report No. 42 Version 5.0, Issued 2014","Bulk Density, Clods (3B1)","S2016TN155002-4","clod",31.5,24.0,39.0,1.45,1.50,,19.3,,"USDA NRCS Kellogg Soil Survey Laboratory",,
"76c1e274-42b5-4938-8bf5-083f605080c4","GRSM_002.basePlot.all","D07","GRSM","GRSM_002","S2016TN155002","2016-10-13","17N02669","Bw1","2018-02-17","Kellogg Soil Survey Laboratory Methods Manual, Soil Survey Investigations Report No. 42 Version 5.0, Issued 2014","Bulk Density, Clods (3B1)","S2016TN155002-3","clod",16.5,9.0,24.0,1.20,1.26,,21.9,,"USDA NRCS Kellogg Soil Survey Laboratory",,
"e6e0ccda-4890-469e-9dec-dfb8e807ec34","GRSM_009.basePlot.all","D07","GRSM","GRSM_009","S2016TN155009","2016-10-13","17N02687","Bw","2018-02-17","Kellogg Soil Survey Laboratory Methods Manual, Soil Survey Investigations Report No. 42 Version 5.0, Issued 2014","Bulk Density, Clods (3B1)","S2016TN155009-3","clod",31.0,21.0,41.0,1.28,1.30,,24.8,,"USDA NRCS Kellogg Soil Survey Laboratory",,
"86272626-e7a9-42a3-8611-d3029fcfba74","GRSM_003.basePlot.all","D07","GRSM","GRSM_003","S2016TN155003","2016-10-13","17N02677","Bw3","2018-02-17","Kellogg Soil Survey Laboratory Methods Manual, Soil Survey Investigations Report No. 42 Version 5.0, Issued 2014","Bulk Density, Clods (3B1)","S2016TN155003-6","clod",73.5,63.0,84.0,1.45,1.50,,20.0,,"USDA NRCS Kellogg Soil Survey Laboratory",,
"7ed7a062-5366-4d7e-a3c0-9c63f27a0226","GRSM_009.basePlot.all","D07","GRSM","GRSM_009","S2016TN155009","2016-10-13","17N02686","A2","2018-02-17","Kellogg Soil Survey Laboratory Methods Manual, Soil Survey Investigations Report No. 42 Version 5.0, Issued 2014","Bulk Density, Clods (3B1)","S2016TN155009-2","clod",14.5,8.0,21.0,1.00,1.02,,28.0,,"USDA NRCS Kellogg Soil Survey Laboratory",,
"736f0a60-a948-42e7-997b-818104c70bc7","GRSM_020.basePlot.all","D07","GRSM","GRSM_020","S2016TN155020","2016-10-14","17N02705","A2","2018-02-17","Kellogg Soil Survey Laboratory Methods Manual, Soil Survey Investigations Report No. 42 Version 5.0, Issued 2014","Bulk Density, Clods (3B1)","S2016TN155020-3","clod",13.5,11.0,16.0,1.03,1.07,,32.8,,"USDA NRCS Kellogg Soil Survey Laboratory",,
"c61e4ddd-888f-4b65-b89d-62440671ee45","GRSM_020.basePlot.all","D07","GRSM","GRSM_020","S2016TN155020","2016-10-14","17N02707","Bw2","2018-02-17","Kellogg Soil Survey Laboratory Methods Manual, Soil Survey Investigations Report No. 42 Version 5.0, Issued 2014","Bulk Density, Clods (3B1)","S2016TN155020-5","clod",74.5,49.0,100.0,1.41,1.44,,22.1,,"USDA NRCS Kellogg Soil Survey Laboratory",,
"ba54b5e8-bd19-439d-a422-47ceec5784af","GRSM_020.basePlot.all","D07","GRSM","GRSM_020","S2016TN155020","2016-10-14","17N02704","A1","2018-02-17","Kellogg Soil Survey Laboratory Methods Manual, Soil Survey Investigations Report No. 42 Version 5.0, Issued 2014","Bulk Density, Clods (3B1)","S2016TN155020-2","clod",6.5,2.0,11.0,0.83,0.90,,15.2,,"USDA NRCS Kellogg Soil Survey Laboratory",,
"5a20d465-fd31-4cd8-8223-19c130d0c379","GRSM_012.basePlot.all","D07","GRSM","GRSM_012","S2016TN155012","2016-10-14","17N02692","Bw1","2018-02-17","Kellogg Soil Survey Laboratory Methods Manual, Soil Survey Investigations Report No. 42 Version 5.0, Issued 2014","Bulk Density, Clods (3B1)","S2016TN155012-4","clod",41.0,24.0,58.0,1.35,1.40,,20.6,,"USDA NRCS Kellogg Soil Survey Laboratory",,
"dd169f5b-24c8-4df1-9b53-9443143f56b6","GRSM_020.basePlot.all","D07","GRSM","GRSM_020","S2016TN155020","2016-10-14","17N02706","Bw1","2018-02-17","Kellogg Soil Survey Laboratory Methods Manual, Soil Survey Investigations Report No. 42 Version 5.0, Issued 2014","Bulk Density, Clods (3B1)","S2016TN155020-4","clod",32.5,16.0,49.0,1.08,1.14,,27.5,,"USDA NRCS Kellogg Soil Survey Laboratory",,
"1865b4bc-2690-4429-b8d9-2bba6edd6fa2","GRSM_007.basePlot.all","D07","GRSM","GRSM_007","S2016TN155007","2016-10-14","17N02682","A","2018-02-17","Kellogg Soil Survey Laboratory Methods Manual, Soil Survey Investigations Report No. 42 Version 5.0, Issued 2014","Bulk Density, Clods (3B1)","S2016TN155007-2","clod",15.5,6.0,25.0,0.76,0.82,,39.2,,"USDA NRCS Kellogg Soil Survey Laboratory",,
"5c10007b-af58-40a3-8cea-87c8ce24dde6","GRSM_007.basePlot.all","D07","GRSM","GRSM_007","S2016TN155007","2016-10-14","17N02683","Bt","2018-02-17","Kellogg Soil Survey Laboratory Methods Manual, Soil Survey Investigations Report No. 42 Version 5.0, Issued 2014","Bulk Density, Clods (3B1)","S2016TN155007-3","clod",46.5,25.0,68.0,1.54,1.59,,21.5,,"USDA NRCS Kellogg Soil Survey Laboratory",,
"24fdef25-44c3-4371-96aa-f53094de32a0","GRSM_007.basePlot.all","D07","GRSM","GRSM_007","S2016TN155007","2016-10-14","17N02684","C","2018-02-17","Kellogg Soil Survey Laboratory Methods Manual, Soil Survey Investigations Report No. 42 Version 5.0, Issued 2014","Bulk Density, Clods (3B1)","S2016TN155007-4","clod",75.5,68.0,83.0,1.57,1.63,,20.0,,"USDA NRCS Kellogg Soil Survey Laboratory",,
"265d83e5-da4d-4969-af3c-a4ae8faee618","GRSM_025.basePlot.all","D07","GRSM","GRSM_025","S2016TN155025","2016-10-17","17N02714","A","2018-02-17","Kellogg Soil Survey Laboratory Methods Manual, Soil Survey Investigations Report No. 42 Version 5.0, Issued 2014","Bulk Density, Clods (3B1)","S2016TN155025-2","clod",10.5,6.0,15.0,0.95,1.10,,50.2,,"USDA NRCS Kellogg Soil Survey Laboratory",,
"d71da961-d57e-42ec-a233-67f58bf730b3","GRSM_025.basePlot.all","D07","GRSM","GRSM_025","S2016TN155025","2016-10-17","17N02715","Bw","2018-02-17","Kellogg Soil Survey Laboratory Methods Manual, Soil Survey Investigations Report No. 42 Version 5.0, Issued 2014","Bulk Density, Clods (3B1)","S2016TN155025-3","clod",24.5,15.0,34.0,0.95,1.06,,47.5,,"USDA NRCS Kellogg Soil Survey Laboratory",,
"9bdd4f93-5a13-4de6-9cb7-02babbf9f320","GRSM_025.basePlot.all","D07","GRSM","GRSM_025","S2016TN155025","2016-10-17","17N02716","BC","2018-02-17","Kellogg Soil Survey Laboratory Methods Manual, Soil Survey Investigations Report No. 42 Version 5.0, Issued 2014","Bulk Density, Clods (3B1)","S2016TN155025-4","clod",46.0,34.0,58.0,1.33,1.39,,25.6,,"USDA NRCS Kellogg Soil Survey Laboratory",,
