uid,domainID,siteID,pitNamedLocation,pitID,horizonID,horizonName,setDate,collectDate,archiveID,archiveLaboratoryName,archiveTopDepth,archiveBottomDepth,remarks,sampleMass
"a4fb3a0d-0daa-4a9b-b134-4f7fa1793efd","D03","JERC","MEGAPT100975","3_JONES_PIT1","3_JONES_PIT1_E","E","2012-12-10","2012-12-10","3_JONES_PIT1_8-68_ARCHIVE_E","NEON",8.0,68.0,,1200.6
"82e1ecfe-1cf7-4788-90b3-3535314533f9","D03","JERC","MEGAPT100975","3_JONES_PIT1","3_JONES_PIT1_BT1","Bt1","2012-12-10","2012-12-10","3_JONES_PIT1_68-105_ARCHIVE_BT1","NEON",68.0,105.0,,1201.0
"3bbd30ce-a805-4ed9-8b08-6dbb702ea5ec","D03","JERC","MEGAPT100975","3_JONES_PIT1","3_JONES_PIT1_BT3","Bt3","2012-12-10","2012-12-10","3_JONES_PIT1_185-200_ARCHIVE_BT3","NEON",185.0,200.0,,1201.6
"ff146cc2-6ea6-4973-bff2-a48be2917b5f","D03","JERC","MEGAPT100975","3_JONES_PIT1","3_JONES_PIT1_BT2","Bt2","2012-12-10","2012-12-10","3_JONES_PIT1_105-185_ARCHIVE_BT2","NEON",105.0,185.0,,1201.3
"65ca4059-5a1c-4ebb-afda-7d8225894b71","D03","JERC","MEGAPT100975","3_JONES_PIT1","3_JONES_PIT1_A","A","2012-12-10","2012-12-10","3_JONES_PIT1_0-8_ARCHIVE_A","NEON",0.0,8.0,,1200.7
