uid,domainID,siteID,pitNamedLocation,pitID,horizonID,horizonName,setDate,collectDate,horizonTopDepth,horizonBottomDepth,nrcsDescriptionID,remarks
"2c92a35e-8032-4d94-9462-b4895abb573c","D03","JERC","MEGAPT100975","3_JONES_PIT1","3_JONES_PIT1_BT3","Bt3","2012-12-10","2012-12-10",185.0,203.0,"S2012GA007001",
"5dc1e5bf-f332-41ba-9701-5bd664ddc551","D03","JERC","MEGAPT100975","3_JONES_PIT1","3_JONES_PIT1_BT2","Bt2","2012-12-10","2012-12-10",105.0,185.0,"S2012GA007001",
"d91531fc-8672-46be-b03c-aa269e37cff0","D03","JERC","MEGAPT100975","3_JONES_PIT1","3_JONES_PIT1_BT1","Bt1","2012-12-10","2012-12-10",68.0,105.0,"S2012GA007001",
"010859b6-92b9-432b-99c9-da9a60f839e0","D03","JERC","MEGAPT100975","3_JONES_PIT1","3_JONES_PIT1_E","E","2012-12-10","2012-12-10",8.0,68.0,"S2012GA007001",
"4eb30acd-97fd-4a66-8833-3c243b96c156","D03","JERC","MEGAPT100975","3_JONES_PIT1","3_JONES_PIT1_A","A","2012-12-10","2012-12-10",0.0,8.0,"S2012GA007001",
