uid,domainID,siteID,pitNamedLocation,pitID,horizonID,biogeoID,horizonName,biogeoHorizonProportion,biogeoSampleType,setDate,collectDate,coarseFrag2To5,coarseFrag5To20,sandTotal,siltTotal,clayTotal,carbonateClay,clayFineContent,siltFineContent,siltCoarseContent,sandVeryFineContent,sandFineContent,sandMediumContent,sandCoarseContent,sandVeryCoarseContent,carbonTot,nitrogenTot,sulfurTot,estimatedOC,airDryOvenDry,alMjelm,caMjelm,feMjelm,kMjelm,mgMjelm,mnMjelm,naMjelm,pMjelm,siMjelm,srMjelm,tiMjelm,zrMjelm,phCacl2,phH2o,ec12pre,gypsumConc,caco3Conc,caNh4d,kNh4d,mgNh4d,naNh4d,cecdNh4,alSatCecd33,baseSumCecd10,bsesatCecd10,ececCecd33,alKcl,feKcl,mnKcl,bSatx,brSatx,caSatx,clSatx,co3Satx,ecSatp,flSatx,waterSatx,hco3Sx,kSatx,mgSatx,naSatx,no2Satx,no3Satx,pSatx,phSp,resist,so4Satx,laboratoryName,labProjID,biogeoTopDepth,biogeoBottomDepth,biogeoCenterDepth,remarks
"d268571f-972e-4001-8ec1-02883bb8488b","D03","JERC","MEGAPT100975","3_JONES_PIT1","3_JONES_PIT1_BT2","3_JONES_PIT1_105-185_BIOGEO_BT2","Bt2",1.0,"Regular","2012-12-10","2012-12-10",11,0,76.4,8.6,15.0,,,3.4,5.2,9.0,19.6,28.0,14.4,5.4,0.5,0.00,0.10,1.0,1.005,30640,163,9785,616,579,42,95,102,348017,0,2852,50,4.6,5.4,0.02,,,0.5,0.0,0.6,0.0,2.3,15,1.1,48,1.3,0.2,,0.0,,,,,,,,,,,,,,,,,,,"USDA NRCS Kellogg Soil Survey Laboratory - Lincoln - NE","I2013USGA039",105.0,185.0,145.0,
"4c64b8f9-d502-4134-bafd-c036668e558e","D03","JERC","MEGAPT100975","3_JONES_PIT1","3_JONES_PIT1_BT1","3_JONES_PIT1_68-105_BIOGEO_BT1","Bt1",1.0,"Regular","2012-12-10","2012-12-10",8,0,81.1,11.2,7.7,,,5.5,5.7,10.2,23.4,24.3,17.9,5.3,1.2,0.20,0.10,1.0,1.003,18435,176,6265,514,510,61,72,65,11284,0,636,8,4.7,5.5,0.02,,,0.4,0.0,0.4,0.0,1.6,11,0.8,50,0.9,0.1,,0.5,,,,,,,,,,,,,,,,,,,"USDA NRCS Kellogg Soil Survey Laboratory - Lincoln - NE","I2013USGA039",68.0,105.0,86.5,
"c78e8ea6-5506-499d-a6e6-e56f83e0b414","D03","JERC","MEGAPT100975","3_JONES_PIT1","3_JONES_PIT1_E","3_JONES_PIT1_8-68_BIOGEO_E","E",1.0,"Regular","2012-12-10","2012-12-10",7,0,84.5,12.2,3.3,,,6.4,5.8,8.5,24.3,26.8,19.1,5.8,2.9,0.30,0.10,3.0,1.002,12489,143,4020,1044,365,221,143,54,371894,0,2803,50,4.4,5.4,0.02,,,0.1,0.0,0.1,0.0,1.6,50,0.2,13,0.4,0.2,,1.7,,,,,,,,,,,,,,,,,,,"USDA NRCS Kellogg Soil Survey Laboratory - Lincoln - NE","I2013USGA039",8.0,68.0,38.0,
"d0960dcd-c849-4bc9-9ec0-c671c3fec1d6","D03","JERC","MEGAPT100975","3_JONES_PIT1","3_JONES_PIT1_BT3","3_JONES_PIT1_185-200_BIOGEO_BT3","Bt3",1.0,"Regular","2012-12-10","2012-12-10",22,0,80.1,8.6,11.3,,,2.2,6.4,9.2,21.3,26.0,17.3,6.3,0.2,0.00,0.00,0.0,1.003,24962,99,8130,425,412,38,92,40,363577,0,2926,66,4.5,5.5,0.01,,,0.2,0.0,0.3,0.0,1.7,38,0.5,29,0.8,0.3,,0.0,,,,,,,,,,,,,,,,,,,"USDA NRCS Kellogg Soil Survey Laboratory - Lincoln - NE","I2013USGA039",185.0,200.0,192.5,
"c4209a9a-f835-4b0b-beb2-80c8310780fa","D03","JERC","MEGAPT100975","3_JONES_PIT1","3_JONES_PIT1_A","3_JONES_PIT1_0-8_BIOGEO_A","A",1.0,"Regular","2012-12-10","2012-12-10",133,0,86.2,12.0,1.8,,,4.9,7.1,10.7,22.3,28.5,19.4,5.3,13.9,0.70,0.10,14.0,1.004,8393,470,2964,542,327,295,110,128,372788,0,2424,55,4.7,5.7,0.06,,,1.2,0.0,0.3,0.0,3.9,12,1.5,38,1.7,0.2,,2.5,,,,,,,,,,,,,,,,,,,"USDA NRCS Kellogg Soil Survey Laboratory - Lincoln - NE","I2013USGA039",0.0,8.0,4.0,
