uid,domainID,siteID,pitNamedLocation,pitID,horizonID,bulkDensID,horizonName,setDate,collectDate,laboratoryName,labProjID,bulkDensCenterDepth,bulkDensTopDepth,bulkDensBottomDepth,bulkDensHorizonProportion,bulkDensSampleType,bulkDensExclCoarseFrag,remarks
"3e64b2a8-5175-437c-b732-186c5d8be56e","D03","JERC","MEGAPT100975","3_JONES_PIT1","3_JONES_PIT1_A","3_JONES_PIT1_0-8_BULKD_A","A","2012-12-10","2012-12-10","USDA NRCS Kellogg Soil Survey Laboratory - Lincoln - NE","I2013USGA039",4.0,0.0,8.0,1.0,"Regular",1.4166,
"1edfcb06-47e8-4edc-b29a-839e7f8a7b39","D03","JERC","MEGAPT100975","3_JONES_PIT1","3_JONES_PIT1_BT3","3_JONES_PIT1_185-195_BULKD_BT3","Bt3","2012-12-10","2012-12-10","USDA NRCS Kellogg Soil Survey Laboratory - Lincoln - NE","I2013USGA039",190.0,185.0,195.0,1.0,"Regular",1.7850,
"2eb3582a-3ef6-4917-b9c7-db4700a71021","D03","JERC","MEGAPT100975","3_JONES_PIT1","3_JONES_PIT1_BT2","3_JONES_PIT1_126-136_BULKD_BT2","Bt2","2012-12-10","2012-12-10","USDA NRCS Kellogg Soil Survey Laboratory - Lincoln - NE","I2013USGA039",131.0,126.0,136.0,1.0,"Regular",1.6965,
"b186f253-e836-4057-af35-a0c6ff67d1fc","D03","JERC","MEGAPT100975","3_JONES_PIT1","3_JONES_PIT1_BT1","3_JONES_PIT1_94-104_BULKD_BT1","Bt1","2012-12-10","2012-12-10","USDA NRCS Kellogg Soil Survey Laboratory - Lincoln - NE","I2013USGA039",99.0,94.0,104.0,1.0,"Regular",1.1273,
"45ed53c2-732d-44d3-be9f-4d2587693caf","D03","JERC","MEGAPT100975","3_JONES_PIT1","3_JONES_PIT1_E","3_JONES_PIT1_41-51_BULKD_E","E","2012-12-10","2012-12-10","USDA NRCS Kellogg Soil Survey Laboratory - Lincoln - NE","I2013USGA039",46.0,41.0,51.0,1.0,"Regular",1.4706,
