uid,namedLocation,domainID,siteID,plotID,pitID,collectDate,testProtocolVersion,nrcsDescriptionID,horizonID,horizonName,horizonTopDepth,horizonBottomDepth,remarks,dataQF
"babe6a5e-93db-4219-a811-b0c89025112b","ORNL_018.basePlot.all","D07","ORNL","ORNL_018","898910","2016-08-02","Field Book for Describing and Sampling Soils ver3","S2016TN001018","17N02594","Bt",12,32,,
"f3b8e0fb-d362-4d8f-86b8-bd403b65a919","ORNL_001.basePlot.all","D07","ORNL","ORNL_001","898909","2016-08-02","Field Book for Describing and Sampling Soils ver3","S2016TN001001","17N02577","A",2,5,,
"425d1116-4ac7-4fe3-8f2d-2eb9ac7c7feb","ORNL_001.basePlot.all","D07","ORNL","ORNL_001","898909","2016-08-02","Field Book for Describing and Sampling Soils ver3","S2016TN001001","17N02579","Bt",14,34,,
"366cb79c-6860-4433-a492-e137ee33faff","ORNL_018.basePlot.all","D07","ORNL","ORNL_018","898910","2016-08-02","Field Book for Describing and Sampling Soils ver3","S2016TN001018","17N02592","Oi",0,2,,
"d93a639d-9e5b-4cc0-a527-b8af38ffa87e","ORNL_014.basePlot.all","D07","ORNL","ORNL_014","898906","2016-08-02","Field Book for Describing and Sampling Soils ver3","S2016TN145014","17N02636","Bt2",43,100,,
"44540f7f-55b6-44ad-ba09-4924002653ba","ORNL_014.basePlot.all","D07","ORNL","ORNL_014","898906","2016-08-02","Field Book for Describing and Sampling Soils ver3","S2016TN145014","17N02635","Bt1",30,43,,
"2fa04383-5958-498b-b223-fcd492069e1b","ORNL_001.basePlot.all","D07","ORNL","ORNL_001","898909","2016-08-02","Field Book for Describing and Sampling Soils ver3","S2016TN001001","17N02578","AB",5,14,,
"e9c39fe2-759f-4378-9408-761b7c825c34","ORNL_014.basePlot.all","D07","ORNL","ORNL_014","898906","2016-08-02","Field Book for Describing and Sampling Soils ver3","S2016TN145014","17N02633","A",0,10,,
"cc72a754-7a89-47fa-9eb9-bbdcee5eca7a","ORNL_014.basePlot.all","D07","ORNL","ORNL_014","898906","2016-08-02","Field Book for Describing and Sampling Soils ver3","S2016TN145014","17N02634","BA",10,30,,
"759604dc-b2fd-4996-8c18-bf63dafff010","ORNL_001.basePlot.all","D07","ORNL","ORNL_001","898909","2016-08-02","Field Book for Describing and Sampling Soils ver3","S2016TN001001","17N02576","Oi",0,2,,
"8fd0c38f-fd38-4513-9e29-e8ba6dd8c3e8","ORNL_018.basePlot.all","D07","ORNL","ORNL_018","898910","2016-08-02","Field Book for Describing and Sampling Soils ver3","S2016TN001018","17N02593","A",2,12,,
"b744d6ca-8dda-4de6-9e1a-71436e1dce41","ORNL_001.basePlot.all","D07","ORNL","ORNL_001","898909","2016-08-02","Field Book for Describing and Sampling Soils ver3","S2016TN001001","17N02580","BC",34,100,,
"13bb516a-e95a-4f5e-9ec5-3dada0fcede1","ORNL_018.basePlot.all","D07","ORNL","ORNL_018","898910","2016-08-02","Field Book for Describing and Sampling Soils ver3","S2016TN001018","17N02595","C",32,100,,
"b28a688c-5d84-4e6c-b2e8-4b1e806ce69b","ORNL_007.basePlot.all","D07","ORNL","ORNL_007","898908","2016-08-03","Field Book for Describing and Sampling Soils ver3","S2016TN145007","17N02622","BA",18,36,,
"86521c4e-fafd-4d87-8fa3-3c15f68ef261","ORNL_015.basePlot.all","D07","ORNL","ORNL_015","882500","2016-08-03","Field Book for Describing and Sampling Soils ver3","S2016TN001015","17N02591","Bw",4,20,,
"778f4ffd-ae38-475d-bb90-1512c85693d7","ORNL_007.basePlot.all","D07","ORNL","ORNL_007","898908","2016-08-03","Field Book for Describing and Sampling Soils ver3","S2016TN145007","17N02624","Bt2",60,100,,
"2a8932d3-13cc-4a97-9ca1-2ee9021f7610","ORNL_008.basePlot.all","D07","ORNL","ORNL_008","898905","2016-08-03","Field Book for Describing and Sampling Soils ver3","S2016TN145008","17N02629","2Bt2",61,100,,
"fbde3436-f6a0-4980-b1d9-6334e494ee19","ORNL_003.basePlot.all","D07","ORNL","ORNL_003","882498","2016-08-03","Field Book for Describing and Sampling Soils ver3","S2016TN001003","4144595","Cr",44,69,,
"3ee97066-ab37-4add-bb9b-71581edf5ddd","ORNL_015.basePlot.all","D07","ORNL","ORNL_015","882500","2016-08-03","Field Book for Describing and Sampling Soils ver3","S2016TN001015","4448487","Cr",20,35,,
"34cb07d7-5b0c-43a5-b6dc-bc322a227199","ORNL_008.basePlot.all","D07","ORNL","ORNL_008","898905","2016-08-03","Field Book for Describing and Sampling Soils ver3","S2016TN145008","17N02625","A",0,10,,
"3e13346e-2a16-40c3-b2c3-3faba8247686","ORNL_007.basePlot.all","D07","ORNL","ORNL_007","898908","2016-08-03","Field Book for Describing and Sampling Soils ver3","S2016TN145007","17N02621","A",0,18,,
"ebad6d3e-b26e-41c7-b19a-befdf11e3c8b","ORNL_007.basePlot.all","D07","ORNL","ORNL_007","898908","2016-08-03","Field Book for Describing and Sampling Soils ver3","S2016TN145007","17N02623","Bt1",36,60,,
"8d9d1f99-00ce-46f1-bf16-0b37c2230fd2","ORNL_008.basePlot.all","D07","ORNL","ORNL_008","898905","2016-08-03","Field Book for Describing and Sampling Soils ver3","S2016TN145008","17N02628","Bt1",36,61,,
"67a738dc-293d-4709-8cd7-952858ec8e98","ORNL_008.basePlot.all","D07","ORNL","ORNL_008","898905","2016-08-03","Field Book for Describing and Sampling Soils ver3","S2016TN145008","17N02626","E",10,23,,
"e07fa338-2ef5-4da9-b3fd-b75bd5b68de1","ORNL_015.basePlot.all","D07","ORNL","ORNL_015","882500","2016-08-03","Field Book for Describing and Sampling Soils ver3","S2016TN001015","17N02590","Oi",0,4,,
"e4669013-ce91-48fb-b82a-8bf4ce7e366d","ORNL_003.basePlot.all","D07","ORNL","ORNL_003","882498","2016-08-03","Field Book for Describing and Sampling Soils ver3","S2016TN001003","17N02582","BE",4,12,,
"acda022f-f7e4-45f3-b3d3-39de8d135505","ORNL_003.basePlot.all","D07","ORNL","ORNL_003","882498","2016-08-03","Field Book for Describing and Sampling Soils ver3","S2016TN001003","17N02583","Bw",12,44,,
"752e8557-d110-49a9-852e-608429af0cd6","ORNL_008.basePlot.all","D07","ORNL","ORNL_008","898905","2016-08-03","Field Book for Describing and Sampling Soils ver3","S2016TN145008","17N02627","BE",23,36,,
"cc554128-57c9-4b5e-873e-6c35db06b525","ORNL_003.basePlot.all","D07","ORNL","ORNL_003","882498","2016-08-03","Field Book for Describing and Sampling Soils ver3","S2016TN001003","17N02581","Oi",0,4,,
"62de311c-38af-49ec-b9e3-fc72a99b3a59","ORNL_032.basePlot.all","D07","ORNL","ORNL_032","898904","2016-08-04","Field Book for Describing and Sampling Soils ver3","S2016TN145032","17N02638","BA",8,20,,
"e1e5a9ba-890f-4053-b1c2-195afb858ba0","ORNL_004.basePlot.all","D07","ORNL","ORNL_004","898914","2016-08-04","Field Book for Describing and Sampling Soils ver3","S2016TN145004","17N02619","Bt2",23,36,,
"551c51ee-5da3-4ea5-b16e-3c42d9d3cad9","ORNL_032.basePlot.all","D07","ORNL","ORNL_032","898904","2016-08-04","Field Book for Describing and Sampling Soils ver3","S2016TN145032","17N02640","Bt2",40,70,,
"8b9494ea-baf7-48ad-8e59-873060814a04","ORNL_032.basePlot.all","D07","ORNL","ORNL_032","898904","2016-08-04","Field Book for Describing and Sampling Soils ver3","S2016TN145032","17N02637","A",0,8,,
"87a3a971-b839-4ef1-95b8-6b786573798e","ORNL_032.basePlot.all","D07","ORNL","ORNL_032","898904","2016-08-04","Field Book for Describing and Sampling Soils ver3","S2016TN145032","17N02641","Bt3",70,100,,
"88346198-3540-4063-b33a-dbbf99cdd15d","ORNL_027.basePlot.all","D07","ORNL","ORNL_027","898913","2016-08-04","Field Book for Describing and Sampling Soils ver3","S2016TN001027","17N02601","Bt1",4,20,,
"cc7ffbb2-8856-42e3-be5f-ec69262272f7","ORNL_027.basePlot.all","D07","ORNL","ORNL_027","898913","2016-08-04","Field Book for Describing and Sampling Soils ver3","S2016TN001027","17N02600","A",0,4,,
"f581ec70-317f-47e6-a209-fba1de544994","ORNL_010.basePlot.all","D07","ORNL","ORNL_010","898907","2016-08-04","Field Book for Describing and Sampling Soils ver3","S2016TN145010","17N02630","A",0,8,,
"f9dcaad4-991d-4414-a454-efdfb528dc73","ORNL_004.basePlot.all","D07","ORNL","ORNL_004","898914","2016-08-04","Field Book for Describing and Sampling Soils ver3","S2016TN145004","17N02618","Bt1",5,23,,
"d6d44adc-787e-4c41-a746-9c367b81f1c7","ORNL_004.basePlot.all","D07","ORNL","ORNL_004","898914","2016-08-04","Field Book for Describing and Sampling Soils ver3","S2016TN145004","17N02620","Bt3",36,44,,
"116593c6-fdd5-4744-b677-0b6b31342077","ORNL_027.basePlot.all","D07","ORNL","ORNL_027","898913","2016-08-04","Field Book for Describing and Sampling Soils ver3","S2016TN001027","17N02602","Bt2",20,100,,
"ed0442d1-10b5-423b-84b8-05dc031966ae","ORNL_010.basePlot.all","D07","ORNL","ORNL_010","898907","2016-08-04","Field Book for Describing and Sampling Soils ver3","S2016TN145010","17N02631","BE",8,15,,
"b1fa2ba4-26d8-4ffd-b667-b988d521928b","ORNL_010.basePlot.all","D07","ORNL","ORNL_010","898907","2016-08-04","Field Book for Describing and Sampling Soils ver3","S2016TN145010","4448454","Cr",33,58,,
"836318fe-f22c-4479-a31c-7e5adb1f1b53","ORNL_032.basePlot.all","D07","ORNL","ORNL_032","898904","2016-08-04","Field Book for Describing and Sampling Soils ver3","S2016TN145032","17N02639","Bt1",20,40,,
"29cc1da0-c6b8-4d72-90ab-b8f4db8fd100","ORNL_010.basePlot.all","D07","ORNL","ORNL_010","898907","2016-08-04","Field Book for Describing and Sampling Soils ver3","S2016TN145010","17N02632","Bt",15,33,,
"18079794-8fda-4393-b936-8fab33198165","ORNL_004.basePlot.all","D07","ORNL","ORNL_004","898914","2016-08-04","Field Book for Describing and Sampling Soils ver3","S2016TN145004","17N02617","Oe",0,5,,
"fbe705e8-c51a-4aad-8f58-2b1c650c8285","ORNL_040.basePlot.all","D07","ORNL","ORNL_040","882499","2016-08-16","Field Book for Describing and Sampling Soils ver3","S2016TN001040","17N02612","A",0,7,,
"16feaac5-dda7-4324-b840-e38245e9a850","ORNL_040.basePlot.all","D07","ORNL","ORNL_040","882499","2016-08-16","Field Book for Describing and Sampling Soils ver3","S2016TN001040","17N02615","2Bt2",36,60,,
"73a82fa0-94eb-40f7-8244-418bf5999059","ORNL_040.basePlot.all","D07","ORNL","ORNL_040","882499","2016-08-16","Field Book for Describing and Sampling Soils ver3","S2016TN001040","17N02616","2Bt3",60,100,,
"4eb227f5-6ec0-4a6b-9bb3-8e62f4668866","ORNL_040.basePlot.all","D07","ORNL","ORNL_040","882499","2016-08-16","Field Book for Describing and Sampling Soils ver3","S2016TN001040","17N02614","Bt1",15,36,,
"d23aaf18-3132-44a5-bdb9-16680d3a5054","ORNL_040.basePlot.all","D07","ORNL","ORNL_040","882499","2016-08-16","Field Book for Describing and Sampling Soils ver3","S2016TN001040","17N02613","BA",7,15,,
"e82db11e-a57a-4b81-a5b5-fd1d04ebdf4d","ORNL_012.basePlot.all","D07","ORNL","ORNL_012","898915","2016-08-24","Field Book for Describing and Sampling Soils ver3","S2016TN001012","4448491","Cr",22,47,,
"a20ba3ea-9532-4e3f-b928-5a761435c305","ORNL_012.basePlot.all","D07","ORNL","ORNL_012","898915","2016-08-24","Field Book for Describing and Sampling Soils ver3","S2016TN001012","17N02589","Bt",18,22,,
"d703a5cb-ade2-4580-9dcd-c000f88f96d0","ORNL_012.basePlot.all","D07","ORNL","ORNL_012","898915","2016-08-24","Field Book for Describing and Sampling Soils ver3","S2016TN001012","17N02588","BA",7,18,,
"fb04560c-0c89-4432-98ba-daefb478875b","ORNL_012.basePlot.all","D07","ORNL","ORNL_012","898915","2016-08-24","Field Book for Describing and Sampling Soils ver3","S2016TN001012","17N02587","A",0,7,,
"213c38ed-531b-4ced-a942-df96feab676e","ORNL_029.basePlot.all","D07","ORNL","ORNL_029","882494","2016-08-26","Field Book for Describing and Sampling Soils ver3","S2016TN001029","17N02605","Bt2",15,35,,
"b8e0003a-34aa-4b91-b32e-e77c33d1d3d7","ORNL_029.basePlot.all","D07","ORNL","ORNL_029","882494","2016-08-26","Field Book for Describing and Sampling Soils ver3","S2016TN001029","4144580","R",35,60,,
"d3aad14e-3a9a-4b0f-9981-b84c8d3809df","ORNL_029.basePlot.all","D07","ORNL","ORNL_029","882494","2016-08-26","Field Book for Describing and Sampling Soils ver3","S2016TN001029","17N02603","A",0,6,,
"99ec80bb-5e80-4c5c-9d82-c878a09f982c","ORNL_029.basePlot.all","D07","ORNL","ORNL_029","882494","2016-08-26","Field Book for Describing and Sampling Soils ver3","S2016TN001029","17N02604","Bt1",6,15,,
