uid,domainID,siteID,plotID,namedLocation,plotType,nlcdClass,geodeticDatum,decimalLatitude,decimalLongitude,coordinateUncertainty,elevation,elevationUncertainty,collectDate,referenceCorner,sampleDistance,sampleBearing,pitID,testProtocolVersion,soilSamplingMethod,sampleRelativeLocation,pitDepth,recordedByA,soilProfileDescriberA,soilProfileDescriberInst,nrcsDescriptionID,soilSeries,soilFamily,soilSubgroup,soilGreatGroup,soilSuborder,soilOrder,remarks,dataQF
"1246d0ad-9683-4b54-aaf4-513013045def","D07","ORNL","ORNL_018","ORNL_018.basePlot.all","distributed","deciduousForest","WGS84",35.933929,-84.276978,20.1,261.5,0.1,"2016-08-02","SW40",0.2,15,"898910","Field Book for Describing and Sampling Soils ver3","soil pit","center of pit",100,"Fs2eXi/J2H5AewCTB0GQXA==","Fs2eXi/J2H5AewCTB0GQXA==","Natural Resource Conservation Service","S2016TN001018","Series Not Designated","Loamy-skeletal, siliceous, subactive, thermic Typic Hapludults","typic hapludults","hapludults","udults","ultisols","19.1;15;40x40SW marker",
"d3ca93a4-5f5e-47fd-81ca-19fb205351e3","D07","ORNL","ORNL_001","ORNL_001.basePlot.all","distributed","deciduousForest","WGS84",35.930248,-84.270109,20.1,244.7,0.1,"2016-08-02","SW40",0.2,15,"898909","Field Book for Describing and Sampling Soils ver3","soil pit","center of pit",100,"Fs2eXi/J2H5AewCTB0GQXA==","Fs2eXi/J2H5AewCTB0GQXA==","Natural Resource Conservation Service","S2016TN001001","Shady","Fine-loamy, mixed, subactive, thermic Typic Hapludults","typic hapludults","hapludults","udults","ultisols","19.1;15;40x40SW marker",
"6dabeecd-aff2-46c8-8b5c-45332caff647","D07","ORNL","ORNL_014","ORNL_014.basePlot.all","distributed","deciduousForest","WGS84",35.939979,-84.305649,20.1,299.2,0.1,"2016-08-02","SW40",0.1,27,"898906","Field Book for Describing and Sampling Soils ver3","soil pit","center of pit",100,"ettCtgcPs30Rr7A+H7Nvbg==","v+EsfoE1jz7iS9pY+fRUwQ==","Natural Resource Conservation Service","S2016TN145014","Fullerton","Fine, kaolinitic, thermic Typic Paleudults","typic paleudults","paleudults","udults","ultisols","10.7;27;40x40SW marker",
"fbc91eff-fa3f-4c87-9a4f-78b22024574a","D07","ORNL","ORNL_008","ORNL_008.basePlot.all","distributed","deciduousForest","WGS84",35.932760,-84.332543,20.2,321.6,0.4,"2016-08-03","SW40",0.3,360,"898905","Field Book for Describing and Sampling Soils ver3","soil pit","center of pit",100,"ettCtgcPs30Rr7A+H7Nvbg==","v+EsfoE1jz7iS9pY+fRUwQ==","Natural Resource Conservation Service","S2016TN145008","Minvale","Fine-loamy, siliceous, subactive, thermic Typic Paleudults","typic paleudults","paleudults","udults","ultisols","25;354;40x40SW marker",
"54e73bc1-c4d2-4843-bf4b-72a65f9b5d91","D07","ORNL","ORNL_003","ORNL_003.basePlot.all","distributed","deciduousForest","WGS84",35.965875,-84.230646,20.1,260.1,0.1,"2016-08-03","SW40",0.1,40,"882498","Field Book for Describing and Sampling Soils ver3","soil pit","center of pit",69,"Fs2eXi/J2H5AewCTB0GQXA==","Fs2eXi/J2H5AewCTB0GQXA==","Natural Resource Conservation Service","S2016TN001003","Montevallo","Loamy-skeletal, mixed, subactive, thermic Typic Dystrudepts","typic dystrudepts","dystrudepts","udepts","inceptisols",,
"f4432546-1bc5-461e-b6a4-b4e914414081","D07","ORNL","ORNL_015","ORNL_015.basePlot.all","distributed","deciduousForest","WGS84",35.965463,-84.236993,20.1,267.2,0.2,"2016-08-03","SW40",0.2,77,"882500","Field Book for Describing and Sampling Soils ver3","soil pit","center of pit",35,"Fs2eXi/J2H5AewCTB0GQXA==","Fs2eXi/J2H5AewCTB0GQXA==","Natural Resource Conservation Service","S2016TN001015","Montevallo","Loamy-skeletal, mixed, subactive, thermic, shallow Typic Dystrudepts","typic dystrudepts","dystrudepts","udepts","inceptisols",,
"a86495a0-b160-4c03-a393-1dd866e65542","D07","ORNL","ORNL_007","ORNL_007.basePlot.all","distributed","deciduousForest","WGS84",35.925371,-84.329755,20.1,268.3,0.1,"2016-08-03","NW40",0.3,107,"898908","Field Book for Describing and Sampling Soils ver3","soil pit","center of pit",100,"ettCtgcPs30Rr7A+H7Nvbg==","v+EsfoE1jz7iS9pY+fRUwQ==","Natural Resource Conservation Service","S2016TN145007","Bodine","Loamy-skeletal, siliceous, semiactive, thermic Typic Paleudults","typic paleudults","paleudults","udults","ultisols","30;107;40x40NW marker",
"ed487544-745c-48af-8daf-eb9c10439a42","D07","ORNL","ORNL_010","ORNL_010.basePlot.all","distributed","deciduousForest","WGS84",35.953307,-84.332168,20.1,305.1,0.2,"2016-08-04","SW40",0.2,23,"898907","Field Book for Describing and Sampling Soils ver3","soil pit","center of pit",58,"ettCtgcPs30Rr7A+H7Nvbg==","v+EsfoE1jz7iS9pY+fRUwQ==","Natural Resource Conservation Service","S2016TN145010","Sunlight","Loamy-skeletal, mixed, semiactive, thermic Inceptic Hapludults","inceptic hapludults","hapludults","udults","ultisols","17;23;40x40SW marker",
"aa1e4367-0a58-4a97-a48c-b40cd10ce6dd","D07","ORNL","ORNL_032","ORNL_032.basePlot.all","distributed","evergreenForest","WGS84",35.944521,-84.326487,20.2,260.7,0.3,"2016-08-04","SW40",0.2,20,"898904","Field Book for Describing and Sampling Soils ver3","soil pit","center of pit",100,"ettCtgcPs30Rr7A+H7Nvbg==","v+EsfoE1jz7iS9pY+fRUwQ==","Natural Resource Conservation Service","S2016TN145032","Etowah","Fine-loamy, siliceous, semiactive, thermic Typic Paleudults","typic paleudults","paleudults","udults","ultisols","17;320;40x40 SW marker",
"893af5ad-cba4-41ee-89ca-febebadc0644","D07","ORNL","ORNL_027","ORNL_027.basePlot.all","distributed","evergreenForest","WGS84",35.916313,-84.263286,20.1,246.2,0.1,"2016-08-04","SE40",0.1,311,"898913","Field Book for Describing and Sampling Soils ver3","soil pit","center of pit",100,"Fs2eXi/J2H5AewCTB0GQXA==","Fs2eXi/J2H5AewCTB0GQXA==","Natural Resource Conservation Service","S2016TN001027","Waynesboro","Fine, kaolinitic, thermic Typic Paleudults","typic paleudults","paleudults","udults","ultisols","9.4;311;40x40SE marker",
"09814f42-b956-4699-b572-0494e2364872","D07","ORNL","ORNL_004","ORNL_004.basePlot.all","distributed","deciduousForest","WGS84",35.907944,-84.275214,20.1,293.1,0.2,"2016-08-04","SW40",0.1,78,"898914","Field Book for Describing and Sampling Soils ver3","soil pit","center of pit",44,"Fs2eXi/J2H5AewCTB0GQXA==","Fs2eXi/J2H5AewCTB0GQXA==","Natural Resource Conservation Service","S2016TN145004","Bodine","Loamy-skeletal, siliceous, semiactive, thermic Typic Paleudults","typic paleudults","paleudults","udults","ultisols","8.6;78;40x40SE marker",
"760d299c-de61-46d3-9171-6da41d286bd2","D07","ORNL","ORNL_040","ORNL_040.basePlot.all","distributed","evergreenForest","WGS84",35.975905,-84.303477,20.8,283.2,0.9,"2016-08-16","SW40",0.1,50,"882499","Field Book for Describing and Sampling Soils ver3","soil pit","center of pit",100,"ettCtgcPs30Rr7A+H7Nvbg==","ettCtgcPs30Rr7A+H7Nvbg==","Natural Resource Conservation Service","S2016TN001040","Salacoa","Fine-loamy, mixed, active, thermic Typic Hapludalfs","typic hapludalfs","hapludalfs","udalfs","alfisols",,
"c2bb5976-ef0a-4d2d-95f9-8e782b4389d6","D07","ORNL","ORNL_012","ORNL_012.basePlot.all","distributed","deciduousForest","WGS84",35.953019,-84.248359,20.2,267.1,0.3,"2016-08-24","SW40",0.1,20,"898915","Field Book for Describing and Sampling Soils ver3","soil pit","center of pit",47,"v+EsfoE1jz7iS9pY+fRUwQ==","ettCtgcPs30Rr7A+H7Nvbg==","Natural Resource Conservation Service","S2016TN001012","Sunlight","Loamy-skeletal, mixed, semiactive, thermic Inceptic Hapludults","inceptic hapludults","hapludults","udults","ultisols","11.5;200;40x40SW marker",
"b093a4df-aa25-4252-adcd-14ac58dbe8e3","D07","ORNL","ORNL_029","ORNL_029.basePlot.all","distributed","evergreenForest","WGS84",35.957650,-84.261843,20.1,274.6,0.2,"2016-08-26","NE20",0.0,118,"882494","Field Book for Describing and Sampling Soils ver3","soil pit","center of pit",60,"ettCtgcPs30Rr7A+H7Nvbg==","ettCtgcPs30Rr7A+H7Nvbg==","Natural Resource Conservation Service","S2016TN001029","Barfield","Clayey, vermiculitic, thermic Lithic Hapludolls","lithic hapludolls","hapludolls","udolls","mollisols",,
