uid,namedLocation,domainID,siteID,plotID,nrcsDescriptionID,collectDate,horizonID,horizonName,biogeoIDnrcs,biogeoSampleType,biogeoTopDepth,biogeoBottomDepth,biogeoCenterDepth,particleSizeDistProcessedDate,particleSizeDistMethodPub,particleSizeDistMethod,coarseFrag2To5,coarseFrag5To20,sandTotal,siltTotal,clayTotal,carbonateClay,clayFineContent,siltFineContent,siltCoarseContent,sandVeryFineContent,sandFineContent,sandMediumContent,sandCoarseContent,sandVeryCoarseContent,laboratoryName,dataQF
"b8049d88-c205-4d93-8bb3-fea1e9d4d936","ORNL_014.basePlot.all","D07","ORNL","ORNL_014","S2016TN145014","2016-08-02","17N02636","Bt2","S2016TN145014-4","bulk",43.0,100.0,71.5,"2017-12-17","Kellogg Soil Survey Laboratory Methods Manual, Soil Survey Investigations Report No. 42 Version 5.0, Issued 2014","Routine Particle Size Distribution (3A1a1a)",56.0,131.2,5.7,35.5,58.8,,,29.1,6.4,2.3,1.6,0.8,0.7,0.3,"USDA NRCS Kellogg Soil Survey Laboratory",
"97bf5aa1-6613-4c0f-bfa7-463101c2c75c","ORNL_014.basePlot.all","D07","ORNL","ORNL_014","S2016TN145014","2016-08-02","17N02634","BA","S2016TN145014-2","bulk",10.0,30.0,20.0,"2017-12-17","Kellogg Soil Survey Laboratory Methods Manual, Soil Survey Investigations Report No. 42 Version 5.0, Issued 2014","Routine Particle Size Distribution (3A1a1a)",95.2,176.8,23.5,57.7,18.8,,,43.3,14.4,4.9,4.3,7.2,3.6,3.5,"USDA NRCS Kellogg Soil Survey Laboratory",
"912c6165-3bbc-4bad-b227-118e502da219","ORNL_018.basePlot.all","D07","ORNL","ORNL_018","S2016TN001018","2016-08-02","17N02594","Bt","S2016TN001018-3","bulk",12.0,32.0,22.0,"2017-12-14","Kellogg Soil Survey Laboratory Methods Manual, Soil Survey Investigations Report No. 42 Version 5.0, Issued 2014","Routine Particle Size Distribution (3A1a1a)",139.8,261.2,67.5,25.5,7.0,,,19.4,6.1,4.9,13.5,37.2,7.2,4.7,"USDA NRCS Kellogg Soil Survey Laboratory",
"857da935-2ff8-409a-958b-f4a730e03c6f","ORNL_001.basePlot.all","D07","ORNL","ORNL_001","S2016TN001001","2016-08-02","17N02578","AB","S2016TN001001-3","bulk",5.0,14.0,9.5,"2018-01-07","Kellogg Soil Survey Laboratory Methods Manual, Soil Survey Investigations Report No. 42 Version 5.0, Issued 2014","Routine Particle Size Distribution (3A1a1a)",78.9,119.7,47.5,38.9,13.6,,,26.0,12.9,10.9,16.9,11.5,4.0,4.2,"USDA NRCS Kellogg Soil Survey Laboratory",
"64f9c5ff-b2a6-4e1c-a3ac-13d04800b187","ORNL_001.basePlot.all","D07","ORNL","ORNL_001","S2016TN001001","2016-08-02","17N02579","Bt","S2016TN001001-4","bulk",14.0,34.0,24.0,"2018-01-07","Kellogg Soil Survey Laboratory Methods Manual, Soil Survey Investigations Report No. 42 Version 5.0, Issued 2014","Routine Particle Size Distribution (3A1a1a)",93.4,96.1,43.7,40.9,15.4,,,27.9,13.0,12.6,18.1,6.9,2.4,3.7,"USDA NRCS Kellogg Soil Survey Laboratory",
"aed123fb-0410-4c63-bf57-0fee403f3681","ORNL_018.basePlot.all","D07","ORNL","ORNL_018","S2016TN001018","2016-08-02","17N02593","A","S2016TN001018-2","bulk",2.0,12.0,7.0,"2017-12-14","Kellogg Soil Survey Laboratory Methods Manual, Soil Survey Investigations Report No. 42 Version 5.0, Issued 2014","Routine Particle Size Distribution (3A1a1a)",158.5,314.4,70.0,24.3,5.7,,,18.1,6.2,4.9,12.5,38.0,7.2,7.4,"USDA NRCS Kellogg Soil Survey Laboratory",
"44ec4859-8480-4402-82fe-042473e19d90","ORNL_018.basePlot.all","D07","ORNL","ORNL_018","S2016TN001018","2016-08-02","17N02595","C","S2016TN001018-4","bulk",32.0,100.0,66.0,"2017-12-14","Kellogg Soil Survey Laboratory Methods Manual, Soil Survey Investigations Report No. 42 Version 5.0, Issued 2014","Routine Particle Size Distribution (3A1a1a)",176.6,299.4,83.8,12.1,4.1,,,9.1,3.0,3.0,14.0,50.2,8.9,7.7,"USDA NRCS Kellogg Soil Survey Laboratory",
"6a9e7251-86a7-4656-8593-aef81ca6c8a2","ORNL_014.basePlot.all","D07","ORNL","ORNL_014","S2016TN145014","2016-08-02","17N02635","Bt1","S2016TN145014-3","bulk",30.0,43.0,36.5,"2017-12-17","Kellogg Soil Survey Laboratory Methods Manual, Soil Survey Investigations Report No. 42 Version 5.0, Issued 2014","Routine Particle Size Distribution (3A1a1a)",48.0,30.1,9.9,52.9,37.2,,,40.2,12.7,2.5,2.6,2.2,1.3,1.3,"USDA NRCS Kellogg Soil Survey Laboratory",
"5b9219ac-6607-49b1-adbb-b474346626c4","ORNL_001.basePlot.all","D07","ORNL","ORNL_001","S2016TN001001","2016-08-02","17N02576","Oi","S2016TN001001-1","bulk",0.0,2.0,1.0,,,,0.0,23.3,,,,,,,,,,,,,"USDA NRCS Kellogg Soil Survey Laboratory",
"932aa025-dfa8-4b32-92c1-5fcc45c390e6","ORNL_014.basePlot.all","D07","ORNL","ORNL_014","S2016TN145014","2016-08-02","17N02633","A","S2016TN145014-1","bulk",0.0,10.0,5.0,"2017-12-17","Kellogg Soil Survey Laboratory Methods Manual, Soil Survey Investigations Report No. 42 Version 5.0, Issued 2014","Routine Particle Size Distribution (3A1a1a)",108.4,223.4,30.1,53.4,16.5,,,39.4,14.0,5.3,5.6,11.0,5.3,2.9,"USDA NRCS Kellogg Soil Survey Laboratory",
"d1483295-4233-4499-af66-71f9560511da","ORNL_018.basePlot.all","D07","ORNL","ORNL_018","S2016TN001018","2016-08-02","17N02592","Oi","S2016TN001018-1","bulk",0.0,2.0,1.0,,,,0.0,84.2,,,,,,,,,,,,,"USDA NRCS Kellogg Soil Survey Laboratory",
"ffd30ca7-4533-4509-bf7c-d125383b9fda","ORNL_001.basePlot.all","D07","ORNL","ORNL_001","S2016TN001001","2016-08-02","17N02580","BC","S2016TN001001-5","bulk",34.0,100.0,67.0,"2018-01-07","Kellogg Soil Survey Laboratory Methods Manual, Soil Survey Investigations Report No. 42 Version 5.0, Issued 2014","Routine Particle Size Distribution (3A1a1a)",81.8,164.5,51.6,39.0,9.4,,,26.2,12.8,12.8,19.2,12.9,3.8,2.9,"USDA NRCS Kellogg Soil Survey Laboratory",
"9e83b91c-faa6-4bd2-a569-1ccc788915b4","ORNL_001.basePlot.all","D07","ORNL","ORNL_001","S2016TN001001","2016-08-02","17N02577","A","S2016TN001001-2","bulk",2.0,5.0,3.5,"2018-01-07","Kellogg Soil Survey Laboratory Methods Manual, Soil Survey Investigations Report No. 42 Version 5.0, Issued 2014","Routine Particle Size Distribution (3A1a1a)",65.9,77.4,48.0,39.4,12.6,,,26.4,13.0,10.8,18.7,12.2,3.3,3.0,"USDA NRCS Kellogg Soil Survey Laboratory",
"630209ca-7b58-4992-acbb-048d36a68301","ORNL_008.basePlot.all","D07","ORNL","ORNL_008","S2016TN145008","2016-08-03","17N02628","Bt1","S2016TN145008-4","bulk",36.0,61.0,48.5,"2018-01-07","Kellogg Soil Survey Laboratory Methods Manual, Soil Survey Investigations Report No. 42 Version 5.0, Issued 2014","Routine Particle Size Distribution (3A1a1a)",92.1,110.1,29.8,51.5,18.7,,,38.0,13.5,6.2,8.1,8.0,3.8,3.7,"USDA NRCS Kellogg Soil Survey Laboratory",
"9e23c917-1329-431a-aa74-42cf6162c6a0","ORNL_008.basePlot.all","D07","ORNL","ORNL_008","S2016TN145008","2016-08-03","17N02626","E","S2016TN145008-2","bulk",10.0,23.0,16.5,"2018-01-07","Kellogg Soil Survey Laboratory Methods Manual, Soil Survey Investigations Report No. 42 Version 5.0, Issued 2014","Routine Particle Size Distribution (3A1a1a)",207.3,205.9,35.9,49.9,14.2,,,37.3,12.6,6.4,8.4,8.6,4.7,7.8,"USDA NRCS Kellogg Soil Survey Laboratory",
"acfe08fb-b35a-4dd0-bd56-fe6b2e5b353f","ORNL_003.basePlot.all","D07","ORNL","ORNL_003","S2016TN001003","2016-08-03","17N02581","Oi","S2016TN001003-1","bulk",0.0,4.0,2.0,,,,79.3,0.0,,,,,,,,,,,,,"USDA NRCS Kellogg Soil Survey Laboratory",
"606c3c37-37f0-4056-853d-1777c534918d","ORNL_015.basePlot.all","D07","ORNL","ORNL_015","S2016TN001015","2016-08-03","17N02590","Oi","S2016TN001015-1","bulk",0.0,4.0,2.0,,,,0.0,0.0,,,,,,,,,,,,,"USDA NRCS Kellogg Soil Survey Laboratory",
"cad48d7a-c684-4ecc-a6e2-756bfc28a053","ORNL_008.basePlot.all","D07","ORNL","ORNL_008","S2016TN145008","2016-08-03","17N02625","A","S2016TN145008-1","bulk",0.0,10.0,5.0,"2018-01-07","Kellogg Soil Survey Laboratory Methods Manual, Soil Survey Investigations Report No. 42 Version 5.0, Issued 2014","Routine Particle Size Distribution (3A1a1a)",260.6,487.5,40.8,46.2,13.0,,,34.3,11.9,5.5,7.4,9.0,5.9,13.0,"USDA NRCS Kellogg Soil Survey Laboratory",
"5ff93f34-ffac-4b78-a082-1a1f9e333bec","ORNL_008.basePlot.all","D07","ORNL","ORNL_008","S2016TN145008","2016-08-03","17N02629","2Bt2","S2016TN145008-5","bulk",61.0,100.0,80.5,"2018-01-07","Kellogg Soil Survey Laboratory Methods Manual, Soil Survey Investigations Report No. 42 Version 5.0, Issued 2014","Routine Particle Size Distribution (3A1a1a)",24.5,14.0,15.3,42.0,42.7,,,32.2,9.8,6.9,2.5,3.4,1.5,1.0,"USDA NRCS Kellogg Soil Survey Laboratory",
"5b0284ad-7adb-43c9-87ee-08f69037c63a","ORNL_003.basePlot.all","D07","ORNL","ORNL_003","S2016TN001003","2016-08-03","17N02582","BE","S2016TN001003-2","bulk",4.0,12.0,8.0,"2018-01-07","Kellogg Soil Survey Laboratory Methods Manual, Soil Survey Investigations Report No. 42 Version 5.0, Issued 2014","Routine Particle Size Distribution (3A1a1a)",132.5,84.7,19.8,59.9,20.3,,,34.8,25.1,7.4,1.5,1.6,4.3,5.0,"USDA NRCS Kellogg Soil Survey Laboratory",
"d0d977f9-1bd5-4096-9051-6188e56cd4f3","ORNL_007.basePlot.all","D07","ORNL","ORNL_007","S2016TN145007","2016-08-03","17N02621","A","S2016TN145007-1","bulk",0.0,18.0,9.0,"2018-01-07","Kellogg Soil Survey Laboratory Methods Manual, Soil Survey Investigations Report No. 42 Version 5.0, Issued 2014","Routine Particle Size Distribution (3A1a1a)",92.8,184.4,17.6,61.6,20.8,,,48.6,13.0,3.9,2.5,2.9,5.1,3.2,"USDA NRCS Kellogg Soil Survey Laboratory",
"742a0b6e-bf80-4181-8eb4-8199dad003fb","ORNL_015.basePlot.all","D07","ORNL","ORNL_015","S2016TN001015","2016-08-03","17N02591","Bw","S2016TN001015-2","bulk",4.0,20.0,12.0,"2017-12-14","Kellogg Soil Survey Laboratory Methods Manual, Soil Survey Investigations Report No. 42 Version 5.0, Issued 2014","Routine Particle Size Distribution (3A1a1a)",133.2,313.1,31.6,47.9,20.5,,,32.9,15.0,9.3,4.7,4.7,6.9,6.0,"USDA NRCS Kellogg Soil Survey Laboratory",
"8f1497ee-d489-41fb-b41a-379bac74cd40","ORNL_008.basePlot.all","D07","ORNL","ORNL_008","S2016TN145008","2016-08-03","17N02627","BE","S2016TN145008-3","bulk",23.0,36.0,29.5,"2018-01-07","Kellogg Soil Survey Laboratory Methods Manual, Soil Survey Investigations Report No. 42 Version 5.0, Issued 2014","Routine Particle Size Distribution (3A1a1a)",58.9,71.3,32.2,51.8,16.0,,,39.1,12.7,6.4,8.9,8.4,4.0,4.5,"USDA NRCS Kellogg Soil Survey Laboratory",
"082088c3-69b5-4d7d-9c1e-85f272e30905","ORNL_007.basePlot.all","D07","ORNL","ORNL_007","S2016TN145007","2016-08-03","17N02623","Bt1","S2016TN145007-3","bulk",36.0,60.0,48.0,"2018-01-07","Kellogg Soil Survey Laboratory Methods Manual, Soil Survey Investigations Report No. 42 Version 5.0, Issued 2014","Routine Particle Size Distribution (3A1a1a)",250.2,227.8,24.2,54.0,21.8,,,42.0,12.0,3.7,1.7,2.2,4.5,12.1,"USDA NRCS Kellogg Soil Survey Laboratory",
"200ef502-8beb-45ec-a570-2df6f3a51423","ORNL_007.basePlot.all","D07","ORNL","ORNL_007","S2016TN145007","2016-08-03","17N02622","BA","S2016TN145007-2","bulk",18.0,36.0,27.0,"2018-01-07","Kellogg Soil Survey Laboratory Methods Manual, Soil Survey Investigations Report No. 42 Version 5.0, Issued 2014","Routine Particle Size Distribution (3A1a1a)",125.9,100.7,17.0,61.2,21.8,,,47.5,13.7,4.0,2.3,3.0,3.9,3.8,"USDA NRCS Kellogg Soil Survey Laboratory",
"7797068b-4f19-40a7-80a4-bb64ed35804c","ORNL_003.basePlot.all","D07","ORNL","ORNL_003","S2016TN001003","2016-08-03","17N02583","Bw","S2016TN001003-3","bulk",12.0,44.0,28.0,"2018-01-07","Kellogg Soil Survey Laboratory Methods Manual, Soil Survey Investigations Report No. 42 Version 5.0, Issued 2014","Routine Particle Size Distribution (3A1a1a)",136.2,289.8,31.3,49.4,19.3,,,29.4,20.0,7.8,4.6,4.0,9.3,5.6,"USDA NRCS Kellogg Soil Survey Laboratory",
"a7b315e6-933e-4cf7-98ac-3f2bd2992c8e","ORNL_007.basePlot.all","D07","ORNL","ORNL_007","S2016TN145007","2016-08-03","17N02624","Bt2","S2016TN145007-4","bulk",60.0,100.0,80.0,"2018-01-07","Kellogg Soil Survey Laboratory Methods Manual, Soil Survey Investigations Report No. 42 Version 5.0, Issued 2014","Routine Particle Size Distribution (3A1a1a)",126.2,176.8,23.8,50.0,26.2,,,38.5,11.5,4.3,2.3,2.9,4.5,9.8,"USDA NRCS Kellogg Soil Survey Laboratory",
"093ae84d-f233-4157-8df3-14962bc4ab3c","ORNL_032.basePlot.all","D07","ORNL","ORNL_032","S2016TN145032","2016-08-04","17N02639","Bt1","S2016TN145032-3","bulk",20.0,40.0,30.0,"2017-12-17","Kellogg Soil Survey Laboratory Methods Manual, Soil Survey Investigations Report No. 42 Version 5.0, Issued 2014","Routine Particle Size Distribution (3A1a1a)",15.6,1.4,10.1,53.6,36.3,,,37.1,16.5,6.0,2.1,0.7,1.0,0.3,"USDA NRCS Kellogg Soil Survey Laboratory",
"ab9864cc-16cc-488b-b6c4-702c5d532265","ORNL_032.basePlot.all","D07","ORNL","ORNL_032","S2016TN145032","2016-08-04","17N02638","BA","S2016TN145032-2","bulk",8.0,20.0,14.0,"2017-12-17","Kellogg Soil Survey Laboratory Methods Manual, Soil Survey Investigations Report No. 42 Version 5.0, Issued 2014","Routine Particle Size Distribution (3A1a1a)",16.6,3.5,13.4,57.2,29.4,,,39.6,17.6,6.6,2.9,1.3,1.6,1.0,"USDA NRCS Kellogg Soil Survey Laboratory",
"f568790c-2f77-4cfb-a024-82e22a6526ca","ORNL_004.basePlot.all","D07","ORNL","ORNL_004","S2016TN145004","2016-08-04","17N02618","Bt1","S2016TN145004-2","bulk",5.0,23.0,14.0,"2018-01-07","Kellogg Soil Survey Laboratory Methods Manual, Soil Survey Investigations Report No. 42 Version 5.0, Issued 2014","Routine Particle Size Distribution (3A1a1a)",133.0,162.6,29.0,40.0,31.0,,,25.3,14.7,20.7,5.0,1.6,1.0,0.7,"USDA NRCS Kellogg Soil Survey Laboratory",
"b4e573e8-bc9f-44be-9e51-2010263f9efe","ORNL_004.basePlot.all","D07","ORNL","ORNL_004","S2016TN145004","2016-08-04","17N02617","Oe","S2016TN145004-1","bulk",0.0,5.0,2.5,,,,1.9,0.0,,,,,,,,,,,,,"USDA NRCS Kellogg Soil Survey Laboratory",
"7c2e4df4-fe61-4cf8-8162-65d3bb04dce0","ORNL_010.basePlot.all","D07","ORNL","ORNL_010","S2016TN145010","2016-08-04","17N02630","A","S2016TN145010-1","bulk",0.0,8.0,4.0,"2018-01-07","Kellogg Soil Survey Laboratory Methods Manual, Soil Survey Investigations Report No. 42 Version 5.0, Issued 2014","Routine Particle Size Distribution (3A1a1a)",81.3,195.3,57.6,32.3,10.1,,,15.1,17.2,40.9,6.7,2.4,4.2,3.4,"USDA NRCS Kellogg Soil Survey Laboratory",
"4ab83ff6-93c8-486c-9334-ef7fe59f8f71","ORNL_027.basePlot.all","D07","ORNL","ORNL_027","S2016TN001027","2016-08-04","17N02602","Bt1","S2016TN001027-3","bulk",20.0,100.0,60.0,"2017-12-14","Kellogg Soil Survey Laboratory Methods Manual, Soil Survey Investigations Report No. 42 Version 5.0, Issued 2014","Routine Particle Size Distribution (3A1a1a)",13.1,1.9,28.0,41.4,30.6,,,29.8,11.6,10.6,11.3,3.2,1.7,1.2,"USDA NRCS Kellogg Soil Survey Laboratory",
"1bfaccda-93c6-4142-9be6-e5382bfe8ac7","ORNL_032.basePlot.all","D07","ORNL","ORNL_032","S2016TN145032","2016-08-04","17N02640","Bt2","S2016TN145032-4","bulk",40.0,70.0,55.0,"2017-12-17","Kellogg Soil Survey Laboratory Methods Manual, Soil Survey Investigations Report No. 42 Version 5.0, Issued 2014","Routine Particle Size Distribution (3A1a1a)",30.6,2.5,11.2,48.4,40.4,,,33.0,15.4,6.7,2.0,1.0,1.0,0.5,"USDA NRCS Kellogg Soil Survey Laboratory",
"ee4d3a4a-036c-48ed-a9f2-bf2710fe1c11","ORNL_010.basePlot.all","D07","ORNL","ORNL_010","S2016TN145010","2016-08-04","17N02631","BE","S2016TN145010-2","bulk",8.0,15.0,11.5,"2018-01-07","Kellogg Soil Survey Laboratory Methods Manual, Soil Survey Investigations Report No. 42 Version 5.0, Issued 2014","Routine Particle Size Distribution (3A1a1a)",65.0,160.8,54.7,35.3,10.0,,,15.6,19.7,38.7,8.0,2.6,2.8,2.6,"USDA NRCS Kellogg Soil Survey Laboratory",
"d2665f6d-f079-4d71-942b-4ea0a3eda4f2","ORNL_032.basePlot.all","D07","ORNL","ORNL_032","S2016TN145032","2016-08-04","17N02637","A","S2016TN145032-1","bulk",0.0,8.0,4.0,"2017-12-17","Kellogg Soil Survey Laboratory Methods Manual, Soil Survey Investigations Report No. 42 Version 5.0, Issued 2014","Routine Particle Size Distribution (3A1a1a)",38.2,3.7,14.5,58.0,27.5,,,40.3,17.7,7.6,2.7,1.4,2.0,0.8,"USDA NRCS Kellogg Soil Survey Laboratory",
"6930213d-7ad4-4331-8dcc-42b63aea397f","ORNL_010.basePlot.all","D07","ORNL","ORNL_010","S2016TN145010","2016-08-04","17N02632","Bt","S2016TN145010-3","bulk",15.0,33.0,24.0,"2018-01-07","Kellogg Soil Survey Laboratory Methods Manual, Soil Survey Investigations Report No. 42 Version 5.0, Issued 2014","Routine Particle Size Distribution (3A1a1a)",17.0,40.5,46.0,34.6,19.4,,,15.7,18.9,29.6,7.4,3.0,4.4,1.6,"USDA NRCS Kellogg Soil Survey Laboratory",
"80cb1177-1695-4d09-9dc9-dec5d365fca1","ORNL_004.basePlot.all","D07","ORNL","ORNL_004","S2016TN145004","2016-08-04","17N02619","Bt2","S2016TN145004-3","bulk",23.0,36.0,29.5,"2018-01-07","Kellogg Soil Survey Laboratory Methods Manual, Soil Survey Investigations Report No. 42 Version 5.0, Issued 2014","Routine Particle Size Distribution (3A1a1a)",92.5,163.2,25.6,54.7,19.7,,,43.3,11.4,4.4,6.4,5.1,4.0,5.7,"USDA NRCS Kellogg Soil Survey Laboratory",
"27f81f68-54f5-4575-ba9b-a049b33c9f92","ORNL_004.basePlot.all","D07","ORNL","ORNL_004","S2016TN145004","2016-08-04","17N02620","Bt3","S2016TN145004-4","bulk",36.0,44.0,40.0,"2018-01-07","Kellogg Soil Survey Laboratory Methods Manual, Soil Survey Investigations Report No. 42 Version 5.0, Issued 2014","Routine Particle Size Distribution (3A1a1a)",130.5,144.5,23.5,51.6,24.9,,,41.8,9.8,4.2,6.4,4.9,2.9,5.1,"USDA NRCS Kellogg Soil Survey Laboratory",
"d18cb247-e010-4371-8b01-8651bd1fa6c6","ORNL_032.basePlot.all","D07","ORNL","ORNL_032","S2016TN145032","2016-08-04","17N02641","Bt3","S2016TN145032-5","bulk",70.0,100.0,85.0,"2017-12-17","Kellogg Soil Survey Laboratory Methods Manual, Soil Survey Investigations Report No. 42 Version 5.0, Issued 2014","Routine Particle Size Distribution (3A1a1a)",9.2,0.0,10.4,51.1,38.5,,,33.4,17.7,6.3,1.6,1.0,1.0,0.5,"USDA NRCS Kellogg Soil Survey Laboratory",
"4dbdfc6a-0dd7-4035-9ae8-7885ae6f7a9f","ORNL_027.basePlot.all","D07","ORNL","ORNL_027","S2016TN001027","2016-08-04","17N02600","A","S2016TN001027-1","bulk",0.0,4.0,2.0,"2017-12-14","Kellogg Soil Survey Laboratory Methods Manual, Soil Survey Investigations Report No. 42 Version 5.0, Issued 2014","Routine Particle Size Distribution (3A1a1a)",21.6,21.2,33.7,46.8,19.5,,,31.8,15.0,12.8,13.2,3.9,2.0,1.8,"USDA NRCS Kellogg Soil Survey Laboratory",
"52b52a5e-ecc7-4fe0-8f2f-448d04124b08","ORNL_027.basePlot.all","D07","ORNL","ORNL_027","S2016TN001027","2016-08-04","17N02601","BE","S2016TN001027-2","bulk",4.0,20.0,12.0,"2017-12-14","Kellogg Soil Survey Laboratory Methods Manual, Soil Survey Investigations Report No. 42 Version 5.0, Issued 2014","Routine Particle Size Distribution (3A1a1a)",24.7,14.3,29.2,45.2,25.6,,,33.2,12.0,10.5,12.8,3.4,1.6,0.9,"USDA NRCS Kellogg Soil Survey Laboratory",
"0d445da9-fa58-4b4e-a24d-9a4f25e5c22f","ORNL_040.basePlot.all","D07","ORNL","ORNL_040","S2016TN001040","2016-08-16","17N02614","Bt1","S2016TN001040-3","bulk",15.0,36.0,25.5,"2018-01-07","Kellogg Soil Survey Laboratory Methods Manual, Soil Survey Investigations Report No. 42 Version 5.0, Issued 2014","Routine Particle Size Distribution (3A1a1a)",43.3,11.6,36.4,41.9,21.7,,,25.0,16.9,24.7,6.3,1.9,2.2,1.3,"USDA NRCS Kellogg Soil Survey Laboratory",
"4d35ed0d-30c3-4aa3-af6b-f56c5f878b8d","ORNL_040.basePlot.all","D07","ORNL","ORNL_040","S2016TN001040","2016-08-16","17N02612","A","S2016TN001040-1","bulk",0.0,7.0,3.5,"2018-01-07","Kellogg Soil Survey Laboratory Methods Manual, Soil Survey Investigations Report No. 42 Version 5.0, Issued 2014","Routine Particle Size Distribution (3A1a1a)",56.7,79.0,36.8,47.1,16.1,,,25.8,21.3,24.8,5.8,1.5,2.1,2.6,"USDA NRCS Kellogg Soil Survey Laboratory",
"ca8d986c-80ee-4093-8406-658557ce5732","ORNL_040.basePlot.all","D07","ORNL","ORNL_040","S2016TN001040","2016-08-16","17N02615","2Bt2","S2016TN001040-4","bulk",36.0,60.0,48.0,"2018-01-07","Kellogg Soil Survey Laboratory Methods Manual, Soil Survey Investigations Report No. 42 Version 5.0, Issued 2014","Routine Particle Size Distribution (3A1a1a)",16.4,2.0,31.3,54.4,14.3,,,42.3,12.1,4.0,6.7,5.4,4.2,11.0,"USDA NRCS Kellogg Soil Survey Laboratory",
"fb17abb9-3ad0-49eb-8f40-7e5de54f7518","ORNL_040.basePlot.all","D07","ORNL","ORNL_040","S2016TN001040","2016-08-16","17N02616","2Bt3","S2016TN001040-5","bulk",60.0,100.0,80.0,"2018-01-07","Kellogg Soil Survey Laboratory Methods Manual, Soil Survey Investigations Report No. 42 Version 5.0, Issued 2014","Routine Particle Size Distribution (3A1a1a)",29.9,15.8,39.7,32.3,28.0,,,16.9,15.4,19.9,8.7,3.8,4.0,3.3,"USDA NRCS Kellogg Soil Survey Laboratory",
"01c79d78-e87e-4572-87cb-c669b1513296","ORNL_040.basePlot.all","D07","ORNL","ORNL_040","S2016TN001040","2016-08-16","17N02613","BA","S2016TN001040-2","bulk",7.0,15.0,11.0,"2018-01-07","Kellogg Soil Survey Laboratory Methods Manual, Soil Survey Investigations Report No. 42 Version 5.0, Issued 2014","Routine Particle Size Distribution (3A1a1a)",51.4,34.6,38.5,43.6,17.9,,,25.5,18.1,24.6,6.6,2.0,2.3,3.0,"USDA NRCS Kellogg Soil Survey Laboratory",
"c6befff3-6d0f-488d-85c4-ca49828b7b0a","ORNL_012.basePlot.all","D07","ORNL","ORNL_012","S2016TN001012","2016-08-24","17N02588","BA","S2016TN001012-2","bulk",7.0,18.0,12.5,"2017-12-14","Kellogg Soil Survey Laboratory Methods Manual, Soil Survey Investigations Report No. 42 Version 5.0, Issued 2014","Routine Particle Size Distribution (3A1a1a)",0.0,3.8,29.2,47.3,23.5,,,30.0,17.3,9.9,4.2,8.9,4.8,1.4,"USDA NRCS Kellogg Soil Survey Laboratory",
"cd942299-9504-4996-b02b-83934838772a","ORNL_012.basePlot.all","D07","ORNL","ORNL_012","S2016TN001012","2016-08-24","17N02589","Bt","S2016TN001012-3","bulk",18.0,22.0,20.0,"2017-12-14","Kellogg Soil Survey Laboratory Methods Manual, Soil Survey Investigations Report No. 42 Version 5.0, Issued 2014","Routine Particle Size Distribution (3A1a1a)",115.5,95.8,27.4,41.1,31.5,,,26.6,14.5,10.7,4.4,4.8,6.5,1.0,"USDA NRCS Kellogg Soil Survey Laboratory",
"3f0203c6-b443-47c7-9b96-33e599d307e1","ORNL_012.basePlot.all","D07","ORNL","ORNL_012","S2016TN001012","2016-08-24","17N02587","A","S2016TN001012-1","bulk",0.0,7.0,3.5,"2017-12-14","Kellogg Soil Survey Laboratory Methods Manual, Soil Survey Investigations Report No. 42 Version 5.0, Issued 2014","Routine Particle Size Distribution (3A1a1a)",0.0,0.6,12.6,56.9,30.5,,,33.2,23.7,5.4,2.1,1.1,2.7,1.3,"USDA NRCS Kellogg Soil Survey Laboratory",
"7dd02be1-b680-40f0-a1e0-41b1b17d2e06","ORNL_029.basePlot.all","D07","ORNL","ORNL_029","S2016TN001029","2016-08-26","17N02603","A","S2016TN001029-1","bulk",0.0,6.0,3.0,"2017-12-14","Kellogg Soil Survey Laboratory Methods Manual, Soil Survey Investigations Report No. 42 Version 5.0, Issued 2014","Routine Particle Size Distribution (3A1a1a)",0.0,0.0,3.1,33.8,63.1,,,29.7,4.1,1.6,0.8,0.4,0.2,0.1,"USDA NRCS Kellogg Soil Survey Laboratory",
"7e081408-4938-4bb6-a335-87731f14da03","ORNL_029.basePlot.all","D07","ORNL","ORNL_029","S2016TN001029","2016-08-26","17N02605","Bt2","S2016TN001029-3","bulk",15.0,35.0,25.0,"2017-12-14","Kellogg Soil Survey Laboratory Methods Manual, Soil Survey Investigations Report No. 42 Version 5.0, Issued 2014","Routine Particle Size Distribution (3A1a1a)",0.0,0.0,1.6,23.7,74.7,,,22.4,1.3,1.2,0.2,0.2,0.0,0.0,"USDA NRCS Kellogg Soil Survey Laboratory",
"596a5461-8756-4179-a2d1-42df932bb981","ORNL_029.basePlot.all","D07","ORNL","ORNL_029","S2016TN001029","2016-08-26","17N02604","Bt1","S2016TN001029-2","bulk",6.0,15.0,10.5,"2017-12-14","Kellogg Soil Survey Laboratory Methods Manual, Soil Survey Investigations Report No. 42 Version 5.0, Issued 2014","Routine Particle Size Distribution (3A1a1a)",0.0,0.0,1.7,32.8,65.5,,,29.0,3.8,0.3,0.8,0.3,0.2,0.1,"USDA NRCS Kellogg Soil Survey Laboratory",
