uid,namedLocation,domainID,siteID,plotID,nrcsDescriptionID,collectDate,horizonID,horizonName,bulkDensProcessedDate,bulkDensMethodPub,bulkDensMethod,bulkDensIDnrcs,bulkDensSampleType,bulkDensCenterDepth,bulkDensTopDepth,bulkDensBottomDepth,bulkDensThirdBar,bulkDensOvenDry,bulkDensFieldMoist,waterRetentionThirdBar,fieldWaterContent,laboratoryName,remarks,dataQF
"6f7fd761-3dab-4d13-9b10-43a0ec68c120","ORNL_014.basePlot.all","D07","ORNL","ORNL_014","S2016TN145014","2016-08-02","17N02633","A","2018-08-21","Kellogg Soil Survey Laboratory Methods Manual, Soil Survey Investigations Report No. 42 Version 5.0, Issued 2014","Bulk Density, Clods (3B1)","S2016TN145014-1","clod",5.0,0.0,10.0,,,,,,"USDA NRCS Kellogg Soil Survey Laboratory","Sample could not be analyzed.",
"7aa7aaba-f980-4e27-946a-15b612c4f1fb","ORNL_014.basePlot.all","D07","ORNL","ORNL_014","S2016TN145014","2016-08-02","17N02635","Bt1","2018-04-02","Kellogg Soil Survey Laboratory Methods Manual, Soil Survey Investigations Report No. 42 Version 5.0, Issued 2014","Bulk Density, Clods (3B1)","S2016TN145014-3","clod",36.5,30.0,43.0,1.54,1.64,,22.5,,"USDA NRCS Kellogg Soil Survey Laboratory",,
"929b55ce-fd52-4691-9185-e80ee3683446","ORNL_001.basePlot.all","D07","ORNL","ORNL_001","S2016TN001001","2016-08-02","17N02578","AB","2018-04-02","Kellogg Soil Survey Laboratory Methods Manual, Soil Survey Investigations Report No. 42 Version 5.0, Issued 2014","Bulk Density, Clods (3B1)","S2016TN001001-3","clod",9.5,5.0,14.0,1.45,1.49,,16.0,,"USDA NRCS Kellogg Soil Survey Laboratory",,
"087eac6d-014b-404a-b506-f6b86b0aa942","ORNL_014.basePlot.all","D07","ORNL","ORNL_014","S2016TN145014","2016-08-02","17N02636","Bt2","2018-04-02","Kellogg Soil Survey Laboratory Methods Manual, Soil Survey Investigations Report No. 42 Version 5.0, Issued 2014","Bulk Density, Clods (3B1)","S2016TN145014-4","clod",71.5,43.0,100.0,1.65,1.69,,21.0,,"USDA NRCS Kellogg Soil Survey Laboratory",,
"10292884-2d86-4a2d-9a5b-696f537cc305","ORNL_014.basePlot.all","D07","ORNL","ORNL_014","S2016TN145014","2016-08-02","17N02634","BA","2018-04-02","Kellogg Soil Survey Laboratory Methods Manual, Soil Survey Investigations Report No. 42 Version 5.0, Issued 2014","Bulk Density, Clods (3B1)","S2016TN145014-2","clod",20.0,10.0,30.0,1.38,1.41,,22.1,,"USDA NRCS Kellogg Soil Survey Laboratory",,
"40b2f6d0-0849-4ee1-a7cf-6b126669d812","ORNL_001.basePlot.all","D07","ORNL","ORNL_001","S2016TN001001","2016-08-02","17N02579","Bt","2018-04-02","Kellogg Soil Survey Laboratory Methods Manual, Soil Survey Investigations Report No. 42 Version 5.0, Issued 2014","Bulk Density, Clods (3B1)","S2016TN001001-4","clod",24.0,14.0,34.0,1.46,1.49,,15.8,,"USDA NRCS Kellogg Soil Survey Laboratory",,
"3ebd859c-2079-40b8-af03-d9046f111db0","ORNL_008.basePlot.all","D07","ORNL","ORNL_008","S2016TN145008","2016-08-03","17N02629","2Bt2","2018-04-02","Kellogg Soil Survey Laboratory Methods Manual, Soil Survey Investigations Report No. 42 Version 5.0, Issued 2014","Bulk Density, Clods (3B1)","S2016TN145008-5","clod",80.5,61.0,100.0,1.51,1.58,,21.9,,"USDA NRCS Kellogg Soil Survey Laboratory",,
"d20dc257-9570-4dd2-9e92-6614345b18a7","ORNL_008.basePlot.all","D07","ORNL","ORNL_008","S2016TN145008","2016-08-03","17N02628","Bt1","2018-04-02","Kellogg Soil Survey Laboratory Methods Manual, Soil Survey Investigations Report No. 42 Version 5.0, Issued 2014","Bulk Density, Clods (3B1)","S2016TN145008-4","clod",48.5,36.0,61.0,1.61,1.64,,17.7,,"USDA NRCS Kellogg Soil Survey Laboratory",,
"4742d223-5467-495e-bc90-3c1f88081224","ORNL_008.basePlot.all","D07","ORNL","ORNL_008","S2016TN145008","2016-08-03","17N02627","BE","2018-04-02","Kellogg Soil Survey Laboratory Methods Manual, Soil Survey Investigations Report No. 42 Version 5.0, Issued 2014","Bulk Density, Clods (3B1)","S2016TN145008-3","clod",29.5,23.0,36.0,1.47,1.51,,18.3,,"USDA NRCS Kellogg Soil Survey Laboratory",,
"48b6abe7-4719-415e-a26b-f4153882b755","ORNL_003.basePlot.all","D07","ORNL","ORNL_003","S2016TN001003","2016-08-03","17N02583","Bw","2018-04-02","Kellogg Soil Survey Laboratory Methods Manual, Soil Survey Investigations Report No. 42 Version 5.0, Issued 2014","Bulk Density, Clods (3B1)","S2016TN001003-3","clod",28.0,12.0,44.0,1.35,1.37,,21.9,,"USDA NRCS Kellogg Soil Survey Laboratory",,
"d40f8b67-edf3-4683-b657-1af75c233b3d","ORNL_032.basePlot.all","D07","ORNL","ORNL_032","S2016TN145032","2016-08-04","17N02638","BA","2018-04-02","Kellogg Soil Survey Laboratory Methods Manual, Soil Survey Investigations Report No. 42 Version 5.0, Issued 2014","Bulk Density, Clods (3B1)","S2016TN145032-2","clod",14.0,8.0,20.0,1.43,1.52,,22.1,,"USDA NRCS Kellogg Soil Survey Laboratory",,
"6c96d313-e6dc-4591-a31c-f73c8e9deeec","ORNL_027.basePlot.all","D07","ORNL","ORNL_027","S2016TN001027","2016-08-04","17N02601","BE","2018-04-02","Kellogg Soil Survey Laboratory Methods Manual, Soil Survey Investigations Report No. 42 Version 5.0, Issued 2014","Bulk Density, Clods (3B1)","S2016TN001027-2","clod",12.0,4.0,20.0,1.37,1.50,,21.4,,"USDA NRCS Kellogg Soil Survey Laboratory",,
"b503fd7d-744a-485f-8ae4-bbde7adb5485","ORNL_010.basePlot.all","D07","ORNL","ORNL_010","S2016TN145010","2016-08-04","17N02631","BE","2018-04-02","Kellogg Soil Survey Laboratory Methods Manual, Soil Survey Investigations Report No. 42 Version 5.0, Issued 2014","Bulk Density, Clods (3B1)","S2016TN145010-2","clod",11.5,8.0,15.0,1.26,1.29,,20.7,,"USDA NRCS Kellogg Soil Survey Laboratory",,
"3e9b71a1-3e11-44fd-9b0b-e8fcfc4223ae","ORNL_032.basePlot.all","D07","ORNL","ORNL_032","S2016TN145032","2016-08-04","17N02640","Bt2","2018-04-02","Kellogg Soil Survey Laboratory Methods Manual, Soil Survey Investigations Report No. 42 Version 5.0, Issued 2014","Bulk Density, Clods (3B1)","S2016TN145032-4","clod",55.0,40.0,70.0,1.49,1.59,,23.3,,"USDA NRCS Kellogg Soil Survey Laboratory",,
"908dfeb3-b18c-4e96-a98d-f02f7340ac6d","ORNL_010.basePlot.all","D07","ORNL","ORNL_010","S2016TN145010","2016-08-04","17N02632","Bt","2018-04-02","Kellogg Soil Survey Laboratory Methods Manual, Soil Survey Investigations Report No. 42 Version 5.0, Issued 2014","Bulk Density, Clods (3B1)","S2016TN145010-3","clod",24.0,15.0,33.0,1.48,1.54,,17.7,,"USDA NRCS Kellogg Soil Survey Laboratory",,
"84ef8a4b-a1b8-4f5c-9dad-cd886355e14d","ORNL_032.basePlot.all","D07","ORNL","ORNL_032","S2016TN145032","2016-08-04","17N02637","A","2018-04-02","Kellogg Soil Survey Laboratory Methods Manual, Soil Survey Investigations Report No. 42 Version 5.0, Issued 2014","Bulk Density, Clods (3B1)","S2016TN145032-1","clod",4.0,0.0,8.0,1.05,1.15,,27.8,,"USDA NRCS Kellogg Soil Survey Laboratory",,
"2e9a0352-b943-4e6b-a61d-bafe805191b6","ORNL_032.basePlot.all","D07","ORNL","ORNL_032","S2016TN145032","2016-08-04","17N02639","Bt1","2018-04-02","Kellogg Soil Survey Laboratory Methods Manual, Soil Survey Investigations Report No. 42 Version 5.0, Issued 2014","Bulk Density, Clods (3B1)","S2016TN145032-3","clod",30.0,20.0,40.0,1.36,1.45,,22.1,,"USDA NRCS Kellogg Soil Survey Laboratory",,
"cf42feea-a07c-415c-a2eb-d2c1c9bbf8ad","ORNL_027.basePlot.all","D07","ORNL","ORNL_027","S2016TN001027","2016-08-04","17N02602","Bt1","2018-04-02","Kellogg Soil Survey Laboratory Methods Manual, Soil Survey Investigations Report No. 42 Version 5.0, Issued 2014","Bulk Density, Clods (3B1)","S2016TN001027-3","clod",60.0,20.0,100.0,1.56,1.62,,17.2,,"USDA NRCS Kellogg Soil Survey Laboratory",,
"64f8b36c-a340-4861-9e6b-08cb17c82ab9","ORNL_032.basePlot.all","D07","ORNL","ORNL_032","S2016TN145032","2016-08-04","17N02641","Bt3","2018-04-02","Kellogg Soil Survey Laboratory Methods Manual, Soil Survey Investigations Report No. 42 Version 5.0, Issued 2014","Bulk Density, Clods (3B1)","S2016TN145032-5","clod",85.0,70.0,100.0,1.51,1.58,,24.1,,"USDA NRCS Kellogg Soil Survey Laboratory",,
"73c2e536-a049-4765-be9f-bc6e7ff53394","ORNL_040.basePlot.all","D07","ORNL","ORNL_040","S2016TN001040","2016-08-16","17N02616","2Bt3","2018-04-02","Kellogg Soil Survey Laboratory Methods Manual, Soil Survey Investigations Report No. 42 Version 5.0, Issued 2014","Bulk Density, Clods (3B1)","S2016TN001040-5","clod",80.0,60.0,100.0,1.53,1.62,,20.8,,"USDA NRCS Kellogg Soil Survey Laboratory",,
"c6445026-7c54-45f7-8b88-9935f6dcbf2d","ORNL_040.basePlot.all","D07","ORNL","ORNL_040","S2016TN001040","2016-08-16","17N02615","2Bt2","2018-04-02","Kellogg Soil Survey Laboratory Methods Manual, Soil Survey Investigations Report No. 42 Version 5.0, Issued 2014","Bulk Density, Clods (3B1)","S2016TN001040-4","clod",48.0,36.0,60.0,1.62,1.72,,19.6,,"USDA NRCS Kellogg Soil Survey Laboratory",,
"b65ddfb6-460d-4b05-b68f-e62b5a284e74","ORNL_040.basePlot.all","D07","ORNL","ORNL_040","S2016TN001040","2016-08-16","17N02613","BA","2018-04-02","Kellogg Soil Survey Laboratory Methods Manual, Soil Survey Investigations Report No. 42 Version 5.0, Issued 2014","Bulk Density, Clods (3B1)","S2016TN001040-2","clod",11.0,7.0,15.0,1.45,1.49,,18.1,,"USDA NRCS Kellogg Soil Survey Laboratory",,
"b4ba3bc8-66c9-4fcd-a794-05d7e2b292ab","ORNL_040.basePlot.all","D07","ORNL","ORNL_040","S2016TN001040","2016-08-16","17N02614","Bt1","2018-04-02","Kellogg Soil Survey Laboratory Methods Manual, Soil Survey Investigations Report No. 42 Version 5.0, Issued 2014","Bulk Density, Clods (3B1)","S2016TN001040-3","clod",25.5,15.0,36.0,1.68,1.74,,17.0,,"USDA NRCS Kellogg Soil Survey Laboratory",,
"a5cb877a-b0a2-4569-ba5a-8a1b4ce0e59a","ORNL_012.basePlot.all","D07","ORNL","ORNL_012","S2016TN001012","2016-08-24","17N02588","BA","2018-04-02","Kellogg Soil Survey Laboratory Methods Manual, Soil Survey Investigations Report No. 42 Version 5.0, Issued 2014","Bulk Density, Clods (3B1)","S2016TN001012-2","clod",12.5,7.0,18.0,1.26,1.32,,23.3,,"USDA NRCS Kellogg Soil Survey Laboratory",,
"211aca2e-dbb9-4d22-b330-85b58b0fe3d2","ORNL_012.basePlot.all","D07","ORNL","ORNL_012","S2016TN001012","2016-08-24","17N02587","A","2018-04-02","Kellogg Soil Survey Laboratory Methods Manual, Soil Survey Investigations Report No. 42 Version 5.0, Issued 2014","Bulk Density, Clods (3B1)","S2016TN001012-1","clod",3.5,0.0,7.0,1.03,1.13,,29.5,,"USDA NRCS Kellogg Soil Survey Laboratory",,
"2a028dec-ef79-48fa-a1b9-ff37b798735d","ORNL_012.basePlot.all","D07","ORNL","ORNL_012","S2016TN001012","2016-08-24","17N02589","Bt","2018-04-02","Kellogg Soil Survey Laboratory Methods Manual, Soil Survey Investigations Report No. 42 Version 5.0, Issued 2014","Bulk Density, Clods (3B1)","S2016TN001012-3","clod",20.0,18.0,22.0,1.49,1.53,,20.4,,"USDA NRCS Kellogg Soil Survey Laboratory",,
"de866614-cbba-453f-8831-3823ffd7cae0","ORNL_029.basePlot.all","D07","ORNL","ORNL_029","S2016TN001029","2016-08-26","17N02605","Bt2","2018-04-02","Kellogg Soil Survey Laboratory Methods Manual, Soil Survey Investigations Report No. 42 Version 5.0, Issued 2014","Bulk Density, Clods (3B1)","S2016TN001029-3","clod",25.0,15.0,35.0,1.31,1.66,,32.3,,"USDA NRCS Kellogg Soil Survey Laboratory",,
"f948d509-27c0-4e46-ba9f-6434cbd63755","ORNL_029.basePlot.all","D07","ORNL","ORNL_029","S2016TN001029","2016-08-26","17N02603","A","2018-04-02","Kellogg Soil Survey Laboratory Methods Manual, Soil Survey Investigations Report No. 42 Version 5.0, Issued 2014","Bulk Density, Clods (3B1)","S2016TN001029-1","clod",3.0,0.0,6.0,1.26,1.52,,31.5,,"USDA NRCS Kellogg Soil Survey Laboratory",,
"75f71f67-0628-419f-909e-12c2661c8bde","ORNL_029.basePlot.all","D07","ORNL","ORNL_029","S2016TN001029","2016-08-26","17N02604","Bt1","2018-04-02","Kellogg Soil Survey Laboratory Methods Manual, Soil Survey Investigations Report No. 42 Version 5.0, Issued 2014","Bulk Density, Clods (3B1)","S2016TN001029-2","clod",10.5,6.0,15.0,1.31,1.63,,31.7,,"USDA NRCS Kellogg Soil Survey Laboratory",,
