uid,domainID,siteID,plotID,namedLocation,plotType,nlcdClass,geodeticDatum,decimalLatitude,decimalLongitude,coordinateUncertainty,elevation,elevationUncertainty,collectDate,referenceCorner,sampleDistance,sampleBearing,pitID,testProtocolVersion,soilSamplingMethod,sampleRelativeLocation,pitDepth,recordedByA,soilProfileDescriberA,soilProfileDescriberInst,nrcsDescriptionID,soilSeries,soilFamily,soilSubgroup,soilGreatGroup,soilSuborder,soilOrder,remarks,dataQF
"f470eecb-e358-4939-8c37-c905d7acfefc","D09","DCFS","DCFS_029","DCFS_029.basePlot.all","distributed","grasslandHerbaceous","WGS84",47.199472,-99.173897,20.1,573.0,0.2,"2017-05-22","SW40",0.5,67,"1239207","Field Book for Describing and Sampling Soils ver3","soil pit","pit center",100,"pFq4Z22TAryVYcI9+6FXO7qQU3gHNsw3C6nQ9qZo5kJEu9Hx+uJyFw==","TJPQhZ5tRwIJjils+0JoFwMB+3g8g4qT8Aefz1Tt2P3VtljySTwKM5XARmPp7niO","Natural Resource Conservation Service","S2017ND093029","Grail","Fine, smectitic, nonacid, frigid Pachic Vertic Argiustolls","pachic vertic argiustolls","argiustolls","ustolls","mollisols","NEON site at the Dakota Coteau Field School near Pingree, ND.",
"f432f982-24c1-4b33-b391-8c58519a101e","D09","DCFS","DCFS_004","DCFS_004.basePlot.all","distributed","grasslandHerbaceous","WGS84",47.171565,-99.051268,20.1,507.2,0.2,"2017-05-22","SW40",1.5,68,"1239197","Field Book for Describing and Sampling Soils ver3","soil pit","pit center",100,"pFq4Z22TAryVYcI9+6FXO7qQU3gHNsw3C6nQ9qZo5kJEu9Hx+uJyFw==","TJPQhZ5tRwJK7X3RdKb1/tXV89VfPWH39JHHjeimQ/IbncpTu4r0X81Is8XqisGz","Natural Resource Conservation Service","S2017ND093004","Sioux","Sandy or sandy-skeletal, mixed, superactive, frigid Entic Hapludolls","entic hapludolls","hapludolls","udolls","mollisols","NEON site at the Dakota Coteau Field School near Pingree, ND.",
"913c2e0c-a9fc-4054-84e4-f1778600217a","D09","DCFS","DCFS_030","DCFS_030.basePlot.all","distributed","grasslandHerbaceous","WGS84",47.171017,-99.056402,20.1,513.5,0.2,"2017-05-22","SW40",0.7,15,"1239208","Field Book for Describing and Sampling Soils ver3","soil pit","pit center",100,"pFq4Z22TAryVYcI9+6FXO7qQU3gHNsw3C6nQ9qZo5kJEu9Hx+uJyFw==","TJPQhZ5tRwJsWR9lXKgFY0hOGqRjtHrRiI+hHjJf0zeZfqn1OaZ7BomL9GiNPGoLAJAg1ntXeulyrTQ4XgkZqQ==","Natural Resource Conservation Service","S2017ND093030","Renshaw","Fine-loamy over sandy or sandy-skeletal, mixed, superactive, frigid Calcic Hapludolls","calcic hapludolls","hapludolls","udolls","mollisols","NEON site at the Dakota Coteau Field School near Pingree, ND.",
"a4f24ee1-368a-4e59-8530-82452ad93962","D09","DCFS","DCFS_020","DCFS_020.basePlot.all","distributed","grasslandHerbaceous","WGS84",47.169401,-99.056798,20.1,520.0,0.2,"2017-05-22","SW40",1.2,65,"1239203","Field Book for Describing and Sampling Soils ver3","soil pit","pit center",105,"pFq4Z22TAryVYcI9+6FXO7qQU3gHNsw3C6nQ9qZo5kJEu9Hx+uJyFw==","5UtI2WNM1FSBGnHbTkBQUpHcojZuHEP8MJ7DP1z5NjyoDrEIjuT5+APiEho0qjdkMO1iWNYzEu82EhhtSr+QqFTgvl11m17m","Natural Resource Conservation Service","S2017ND093020","Aastad","Fine-loamy, mixed, superactive, frigid Pachic Argiudolls","pachic argiudolls","argiudolls","udolls","mollisols","NEON site at the Dakota Coteau Field School near Pingree, ND.",
"ad9b846c-f5df-4550-b9fd-796cb089042d","D09","DCFS","DCFS_023","DCFS_023.basePlot.all","distributed","grasslandHerbaceous","WGS84",47.210807,-99.170778,20.1,580.4,0.2,"2017-05-23","SW40",2.4,3,"1239205","Field Book for Describing and Sampling Soils ver3","soil pit","pit center",148,"pFq4Z22TAryVYcI9+6FXO7qQU3gHNsw3C6nQ9qZo5kJEu9Hx+uJyFw==","8rPSFEgA3ZJBGfgVDQcDjAnDtEnyr1MOxBPYU8l32NneMmP3iPmVi+JV7+Hkaj3/","Natural Resource Conservation Service","S2017ND093023","Williams","Fine-loamy, mixed, superactive, frigid Typic Argiustolls","typic argiustolls","argiustolls","ustolls","mollisols","NEON site at the Dakota Coteau Field School near Pingree, ND.",
"5f8d5879-9fec-46f4-8881-c8a23b631ce5","D09","DCFS","DCFS_027","DCFS_027.basePlot.all","distributed","grasslandHerbaceous","WGS84",47.205660,-99.175504,20.1,585.7,0.2,"2017-05-23","SW40",1.4,51,"1239206","Field Book for Describing and Sampling Soils ver3","soil pit","pit center",100,"pFq4Z22TAryVYcI9+6FXO7qQU3gHNsw3C6nQ9qZo5kJEu9Hx+uJyFw==","xIzSgcEu9uKGR36igEvm1Z8f5BgT6BCUTQXZQadBKL3IcXY3Jl/vcxPTwKUqJYvU","Natural Resource Conservation Service","S2017ND093027","Bowbells","Fine-loamy, superactive, frigid Pachic Argiustolls","pachic argiustolls","argiustolls","ustolls","mollisols","NEON site at the Dakota Coteau Field School near Pingree, ND.",
"76eb2db8-7eae-4d01-a551-0fd5c82dd99c","D09","DCFS","DCFS_001","DCFS_001.basePlot.all","distributed","grasslandHerbaceous","WGS84",47.207842,-99.166810,20.2,574.6,0.2,"2017-05-23","SW40",0.8,58,"1239196","Field Book for Describing and Sampling Soils ver3","soil pit","pit center",100,"pFq4Z22TAryVYcI9+6FXO7qQU3gHNsw3C6nQ9qZo5kJEu9Hx+uJyFw==","TJPQhZ5tRwLPi/14JZ3Eft/a/u0l7AQIVg0+O6HWakp6pQU2K5+yTYG5a8EEz8d1","Natural Resource Conservation Service","S2017ND093001","Zahl","Fine-loamy, mixed, superactive, frigid Typic Calciustolls","typic calciustolls","calciustolls","ustolls","mollisols","NEON site at the Dakota Coteau Field School near Pingree, ND.",
"d9047d38-5342-49b9-8b7b-6954f821ba00","D09","DCFS","DCFS_011","DCFS_011.basePlot.all","distributed","grasslandHerbaceous","WGS84",47.202167,-99.173924,20.1,577.3,0.1,"2017-05-23","SW40",1.5,89,"1239200","Field Book for Describing and Sampling Soils ver3","soil pit","pit center",120,"pFq4Z22TAryVYcI9+6FXO7qQU3gHNsw3C6nQ9qZo5kJEu9Hx+uJyFw==","8rPSFEgA3ZJBGfgVDQcDjAnDtEnyr1MOxBPYU8l32NneMmP3iPmVi+JV7+Hkaj3/","Natural Resource Conservation Service","S2017ND093011","Bowbells","Fine-loamy, mixed, superactive, frigid Pachic Argiustolls","pachic argiustolls","argiustolls","ustolls","mollisols","NEON site at the Dakota Coteau Field School near Pingree, ND.",
"2fb5bd66-b085-4dda-a0db-f3549e315c76","D09","DCFS","DCFS_010","DCFS_010.basePlot.all","distributed","grasslandHerbaceous","WGS84",47.209998,-99.171961,20.2,577.4,0.2,"2017-05-23","SW40",2.2,12,"1239199","Field Book for Describing and Sampling Soils ver3","soil pit","pit center",100,"pFq4Z22TAryVYcI9+6FXO7qQU3gHNsw3C6nQ9qZo5kJEu9Hx+uJyFw==","xIzSgcEu9uKGR36igEvm1Z8f5BgT6BCUTQXZQadBKL3IcXY3Jl/vcxPTwKUqJYvU","Natural Resource Conservation Service","S2017ND093010","Grail","Fine, smectitic, frigid Vertic Argiustolls","vertic argiustolls","argiustolls","ustolls","mollisols","NEON site at the Dakota Coteau Field School near Pingree, ND.",
"4dcfe1c4-9982-4d0d-aedb-a6b4e66716c4","D09","DCFS","DCFS_007","DCFS_007.basePlot.all","distributed","grasslandHerbaceous","WGS84",47.163429,-99.115691,20.2,568.5,0.2,"2017-05-24","SW40",1.0,15,"1239198","Field Book for Describing and Sampling Soils ver3","soil pit","pit center",104,"pFq4Z22TAryVYcI9+6FXO7qQU3gHNsw3C6nQ9qZo5kJEu9Hx+uJyFw==","x4axtmemwXqazns5l/9vgrDuoFQSHgg65lKJgsQtMyguMEoePazNGwXsW+k5cYRqf7AQv1+Ra6Q=","Natural Resource Conservation Service","S2017ND093007","Williams","Fine-loamy, mixed, superactive, frigid Typic Argiustolls","typic argiustolls","argiustolls","ustolls","mollisols","NEON site at the Dakota Coteau Field School near Pingree, ND.",
"cbc5bd62-0672-4c34-be92-2bdb3a48ec46","D09","DCFS","DCFS_014","DCFS_014.basePlot.all","distributed","grasslandHerbaceous","WGS84",47.119264,-99.057536,20.1,573.4,0.2,"2017-05-24","SW40",3.7,29,"1239201","Field Book for Describing and Sampling Soils ver3","soil core","pit center",105,"pFq4Z22TAryVYcI9+6FXO7qQU3gHNsw3C6nQ9qZo5kJEu9Hx+uJyFw==","8rPSFEgA3ZJBGfgVDQcDjAnDtEnyr1MOxBPYU8l32NkjjP/w3IK6jBqsU3ZO9MF1616OqUOifAjkJIJln8aQiA==","Natural Resource Conservation Service","S2017ND093014","Arnegard","Fine-loamy, mixed, superactive, frigid Pachic Haplustolls","pachic haplustolls","haplustolls","ustolls","mollisols","NEON site at the Dakota Coteau Field School near Pingree, ND.",
"2431ae8e-9a55-43d3-b4b2-06518972f34c","D09","DCFS","DCFS_022","DCFS_022.basePlot.all","distributed","grasslandHerbaceous","WGS84",47.155078,-99.106580,20.1,575.5,0.2,"2017-05-24","SW40",0.3,31,"1239204","Field Book for Describing and Sampling Soils ver3","soil pit","pit center",100,"pFq4Z22TAryVYcI9+6FXO7qQU3gHNsw3C6nQ9qZo5kJEu9Hx+uJyFw==","TJPQhZ5tRwJK7X3RdKb1/tXV89VfPWH3TYXObsSHm3Gr26aJenXgeY7eOCiDdSLOsHRNxoZPRLAS1jIA3fPYTw==","Natural Resource Conservation Service","S2017ND093022","Badger","Fine, smectitic, frigid Vertic Argiaquolls","vertic argiaquolls","argiaquolls","aquolls","mollisols","NEON site at the Dakota Coteau Field School near Pingree, ND.",
"015eadc8-8b25-49c3-aedc-51d139252c19","D09","DCFS","DCFS_063","DCFS_063.basePlot.all","tower","grasslandHerbaceous","WGS84",47.164750,-99.110683,20.2,563.3,0.2,"2017-05-24","SW40",3.0,12,"1239209","Field Book for Describing and Sampling Soils ver3","soil core","core center",100,"pFq4Z22TAryVYcI9+6FXO7qQU3gHNsw3C6nQ9qZo5kJEu9Hx+uJyFw==","TJPQhZ5tRwIJjils+0JoFwMB+3g8g4qT8Aefz1Tt2P3VtljySTwKM5XARmPp7niO","Natural Resource Conservation Service","S2017ND093063","Parnell","Fine, smectitic, frigid Vertic Argiaquolls","vertic argiaquolls","argiaquolls","aquolls","mollisols","NEON site at the Dakota Coteau Field School near Pingree, ND.",
"b218db8a-1ae0-41ef-8b7c-b6c42748401b","D09","DCFS","DCFS_016","DCFS_016.basePlot.all","distributed","grasslandHerbaceous","WGS84",47.156969,-99.114094,20.1,574.7,0.2,"2017-05-24","SW40",2.8,77,"1239202","Field Book for Describing and Sampling Soils ver3","soil pit","pit center",110,"pFq4Z22TAryVYcI9+6FXO7qQU3gHNsw3C6nQ9qZo5kJEu9Hx+uJyFw==","xIzSgcEu9uKGR36igEvm1Z8f5BgT6BCUTQXZQadBKL2bowzSepV54/Lz23dIftSm","Natural Resource Conservation Service","S2017ND093016","Bowbells","Fine-loamy, mixed, superactive, frigid Pachic Argiustolls","pachic argiustolls","argiustolls","ustolls","mollisols","NEON site at the Dakota Coteau Field School near Pingree, ND.",
