uid,namedLocation,domainID,siteID,plotID,nrcsDescriptionID,collectDate,horizonID,horizonName,bulkDensProcessedDate,bulkDensMethodPub,bulkDensMethod,bulkDensIDnrcs,bulkDensSampleType,bulkDensCenterDepth,bulkDensTopDepth,bulkDensBottomDepth,bulkDensThirdBar,bulkDensOvenDry,bulkDensFieldMoist,waterRetentionThirdBar,fieldWaterContent,laboratoryName,remarks,dataQF
"f9091c01-17e5-4f1a-a603-7a2ec3fef486","DCFS_029.basePlot.all","D09","DCFS","DCFS_029","S2017ND093029","2017-05-22","17N03516","Bt","2018-03-15","Kellogg Soil Survey Laboratory Methods Manual, Soil Survey Investigations Report No. 42 Version 5.0, Issued 2014","Bulk Density, Clods (3B1)","S2017ND093029-3","clod",44.0,36.0,52.0,1.29,1.40,,19.6,,"USDA NRCS Kellogg Soil Survey Laboratory",,
"da689c6b-96eb-49eb-8314-9648fd478df5","DCFS_029.basePlot.all","D09","DCFS","DCFS_029","S2017ND093029","2017-05-22","17N03517","Ab","2018-03-15","Kellogg Soil Survey Laboratory Methods Manual, Soil Survey Investigations Report No. 42 Version 5.0, Issued 2014","Bulk Density, Clods (3B1)","S2017ND093029-4","clod",64.0,52.0,76.0,1.38,1.50,,19.4,,"USDA NRCS Kellogg Soil Survey Laboratory",,
"45e0a63d-ec4f-428b-a03f-7176bd3a23ae","DCFS_029.basePlot.all","D09","DCFS","DCFS_029","S2017ND093029","2017-05-22","17N03514","A1","2018-03-20","Kellogg Soil Survey Laboratory Methods Manual, Soil Survey Investigations Report No. 42 Version 5.0, Issued 2014","Bulk Density, Clods (3B1)","S2017ND093029-1","clod",7.5,0.0,15.0,0.97,1.12,,32.7,,"USDA NRCS Kellogg Soil Survey Laboratory",,
"accb4b11-036d-4e6e-bb76-f994747c81e4","DCFS_004.basePlot.all","D09","DCFS","DCFS_004","S2017ND093004","2017-05-22","17N03473","A","2018-03-15","Kellogg Soil Survey Laboratory Methods Manual, Soil Survey Investigations Report No. 42 Version 5.0, Issued 2014","Bulk Density, Clods (3B1)","S2017ND093004-1","clod",5.5,0.0,11.0,1.03,1.14,,29.6,,"USDA NRCS Kellogg Soil Survey Laboratory",,
"8f6ce948-64da-430b-8af3-ad8e1f469ddd","DCFS_020.basePlot.all","D09","DCFS","DCFS_020","S2017ND093020","2017-05-22","17N03499","Btk","2018-03-15","Kellogg Soil Survey Laboratory Methods Manual, Soil Survey Investigations Report No. 42 Version 5.0, Issued 2014","Bulk Density, Clods (3B1)","S2017ND093020-3","clod",62.0,50.0,74.0,1.45,1.55,,19.9,,"USDA NRCS Kellogg Soil Survey Laboratory",,
"6894b10a-fcc5-458a-b790-9ab80a542160","DCFS_020.basePlot.all","D09","DCFS","DCFS_020","S2017ND093020","2017-05-22","17N03498","Bt","2018-03-19","Kellogg Soil Survey Laboratory Methods Manual, Soil Survey Investigations Report No. 42 Version 5.0, Issued 2014","Bulk Density, Clods (3B1)","S2017ND093020-2","clod",37.0,24.0,50.0,1.34,1.44,,20.0,,"USDA NRCS Kellogg Soil Survey Laboratory",,
"e161f97c-9ed6-4e5d-9ce4-e6fc0e1f5c59","DCFS_020.basePlot.all","D09","DCFS","DCFS_020","S2017ND093020","2017-05-22","17N03497","A","2018-03-19","Kellogg Soil Survey Laboratory Methods Manual, Soil Survey Investigations Report No. 42 Version 5.0, Issued 2014","Bulk Density, Clods (3B1)","S2017ND093020-1","clod",12.0,0.0,24.0,1.14,1.30,,25.9,,"USDA NRCS Kellogg Soil Survey Laboratory",,
"9bc18b92-857b-4b56-b0b8-e849a005a633","DCFS_020.basePlot.all","D09","DCFS","DCFS_020","S2017ND093020","2017-05-22","17N03500","Bk2","2018-03-15","Kellogg Soil Survey Laboratory Methods Manual, Soil Survey Investigations Report No. 42 Version 5.0, Issued 2014","Bulk Density, Clods (3B1)","S2017ND093020-4.CLOD","clod",87.0,74.0,100.0,1.48,1.59,,17.6,,"USDA NRCS Kellogg Soil Survey Laboratory",,
"51e0359d-e539-4117-a639-4906480e4613","DCFS_029.basePlot.all","D09","DCFS","DCFS_029","S2017ND093029","2017-05-22","17N03518","BC","2018-03-15","Kellogg Soil Survey Laboratory Methods Manual, Soil Survey Investigations Report No. 42 Version 5.0, Issued 2014","Bulk Density, Clods (3B1)","S2017ND093029-5","clod",88.0,76.0,100.0,1.43,1.63,,23.5,,"USDA NRCS Kellogg Soil Survey Laboratory",,
"e4637a05-ae1c-4f16-a48b-0945c3e65c74","DCFS_029.basePlot.all","D09","DCFS","DCFS_029","S2017ND093029","2017-05-22","17N03515","A2","2018-03-20","Kellogg Soil Survey Laboratory Methods Manual, Soil Survey Investigations Report No. 42 Version 5.0, Issued 2014","Bulk Density, Clods (3B1)","S2017ND093029-2","clod",25.5,15.0,36.0,1.02,1.15,,33.7,,"USDA NRCS Kellogg Soil Survey Laboratory",,
"84dc99bf-a658-4ac1-a0ed-bb3c0c639e05","DCFS_030.basePlot.all","D09","DCFS","DCFS_030","S2017ND093030","2017-05-22","17N03519","A","2018-03-19","Kellogg Soil Survey Laboratory Methods Manual, Soil Survey Investigations Report No. 42 Version 5.0, Issued 2014","Bulk Density, Clods (3B1)","S2017ND093030-1","clod",7.5,0.0,15.0,1.22,1.33,,22.3,,"USDA NRCS Kellogg Soil Survey Laboratory",,
"6396d158-72c9-470d-bc9e-7ce120bf205e","DCFS_001.basePlot.all","D09","DCFS","DCFS_001","S2017ND093001","2017-05-23","17N03471","Bk1","2018-03-20","Kellogg Soil Survey Laboratory Methods Manual, Soil Survey Investigations Report No. 42 Version 5.0, Issued 2014","Bulk Density, Clods (3B1)","S2017ND093001-2","clod",28.5,15.0,42.0,1.19,1.27,,26.5,,"USDA NRCS Kellogg Soil Survey Laboratory",,
"558413a9-ac1f-43b4-8fe9-ff073bed5003","DCFS_023.basePlot.all","D09","DCFS","DCFS_023","S2017ND093023","2017-05-23","17N03508","Bk","2018-03-20","Kellogg Soil Survey Laboratory Methods Manual, Soil Survey Investigations Report No. 42 Version 5.0, Issued 2014","Bulk Density, Clods (3B1)","S2017ND093023-4.CLOD","clod",101.5,63.0,140.0,1.29,1.37,,18.9,,"USDA NRCS Kellogg Soil Survey Laboratory",,
"be68faac-204b-4d09-90c3-e33a79dbfdad","DCFS_023.basePlot.all","D09","DCFS","DCFS_023","S2017ND093023","2017-05-23","17N03506","Bt","2018-03-15","Kellogg Soil Survey Laboratory Methods Manual, Soil Survey Investigations Report No. 42 Version 5.0, Issued 2014","Bulk Density, Clods (3B1)","S2017ND093023-2","clod",26.5,18.0,35.0,1.27,1.39,,21.5,,"USDA NRCS Kellogg Soil Survey Laboratory",,
"bb23ad24-aa0f-4059-9c9b-b0adc80c925f","DCFS_001.basePlot.all","D09","DCFS","DCFS_001","S2017ND093001","2017-05-23","17N03470","A","2018-03-15","Kellogg Soil Survey Laboratory Methods Manual, Soil Survey Investigations Report No. 42 Version 5.0, Issued 2014","Bulk Density, Clods (3B1)","S2017ND093001-1","clod",7.5,0.0,15.0,1.08,1.20,,30.5,,"USDA NRCS Kellogg Soil Survey Laboratory",,
"c0584c03-f9ae-4455-98c4-02b6afa37bcf","DCFS_023.basePlot.all","D09","DCFS","DCFS_023","S2017ND093023","2017-05-23","17N03507","Btk","2018-03-19","Kellogg Soil Survey Laboratory Methods Manual, Soil Survey Investigations Report No. 42 Version 5.0, Issued 2014","Bulk Density, Clods (3B1)","S2017ND093023-3","clod",49.0,35.0,63.0,1.35,1.43,,18.3,,"USDA NRCS Kellogg Soil Survey Laboratory",,
"f67b748c-d785-4518-bb9f-6c4491fec4bc","DCFS_010.basePlot.all","D09","DCFS","DCFS_010","S2017ND093010","2017-05-23","17N03480","A1","2018-03-19","Kellogg Soil Survey Laboratory Methods Manual, Soil Survey Investigations Report No. 42 Version 5.0, Issued 2014","Bulk Density, Clods (3B1)","S2017ND093010-1","clod",10.5,0.0,21.0,1.25,1.39,,29.0,,"USDA NRCS Kellogg Soil Survey Laboratory",,
"08dc93fd-54cb-4253-b4b6-b13617cd8508","DCFS_011.basePlot.all","D09","DCFS","DCFS_011","S2017ND093011","2017-05-23","17N03487","Bt2","2018-03-22","Kellogg Soil Survey Laboratory Methods Manual, Soil Survey Investigations Report No. 42 Version 5.0, Issued 2014","Bulk Density, Clods (3B1)","S2017ND093011-3","clod",88.0,68.0,108.0,1.50,1.75,,22.6,,"USDA NRCS Kellogg Soil Survey Laboratory",,
"afe1e552-6920-4f1f-8f4c-d73878de1b17","DCFS_010.basePlot.all","D09","DCFS","DCFS_010","S2017ND093010","2017-05-23","17N03481","A2","2018-03-15","Kellogg Soil Survey Laboratory Methods Manual, Soil Survey Investigations Report No. 42 Version 5.0, Issued 2014","Bulk Density, Clods (3B1)","S2017ND093010-2","clod",29.5,21.0,38.0,1.29,1.38,,23.5,,"USDA NRCS Kellogg Soil Survey Laboratory",,
"0af454b7-4b4e-4796-93f6-3c3d1f0b3c21","DCFS_027.basePlot.all","D09","DCFS","DCFS_027","S2017ND093027","2017-05-23","17N03513","Bk","2018-03-20","Kellogg Soil Survey Laboratory Methods Manual, Soil Survey Investigations Report No. 42 Version 5.0, Issued 2014","Bulk Density, Clods (3B1)","S2017ND093027-5","clod",93.5,87.0,100.0,1.48,1.53,,18.9,,"USDA NRCS Kellogg Soil Survey Laboratory",,
"9c7e0990-962a-46b0-833f-5e2502cff2cc","DCFS_010.basePlot.all","D09","DCFS","DCFS_010","S2017ND093010","2017-05-23","17N03484","2C","2018-03-22","Kellogg Soil Survey Laboratory Methods Manual, Soil Survey Investigations Report No. 42 Version 5.0, Issued 2014","Bulk Density, Clods (3B1)","S2017ND093010-5","clod",93.5,87.0,100.0,1.62,1.77,,17.9,,"USDA NRCS Kellogg Soil Survey Laboratory",,
"7d0890ee-01a7-4b7f-9e64-894095874369","DCFS_010.basePlot.all","D09","DCFS","DCFS_010","S2017ND093010","2017-05-23","17N03483","Btss2","2018-03-22","Kellogg Soil Survey Laboratory Methods Manual, Soil Survey Investigations Report No. 42 Version 5.0, Issued 2014","Bulk Density, Clods (3B1)","S2017ND093010-4","clod",78.5,70.0,87.0,1.48,1.85,,23.9,,"USDA NRCS Kellogg Soil Survey Laboratory",,
"2f4fa845-76bb-4290-a230-d20d8c1f554b","DCFS_027.basePlot.all","D09","DCFS","DCFS_027","S2017ND093027","2017-05-23","17N03509","A","2018-03-15","Kellogg Soil Survey Laboratory Methods Manual, Soil Survey Investigations Report No. 42 Version 5.0, Issued 2014","Bulk Density, Clods (3B1)","S2017ND093027-1","clod",6.0,0.0,12.0,1.13,1.23,,24.6,,"USDA NRCS Kellogg Soil Survey Laboratory",,
"9433eba8-615a-44ae-b364-d6f1f6684aa5","DCFS_001.basePlot.all","D09","DCFS","DCFS_001","S2017ND093001","2017-05-23","17N03472","Bk2","2018-03-15","Kellogg Soil Survey Laboratory Methods Manual, Soil Survey Investigations Report No. 42 Version 5.0, Issued 2014","Bulk Density, Clods (3B1)","S2017ND093001-3","clod",71.0,42.0,100.0,1.31,1.38,,22.5,,"USDA NRCS Kellogg Soil Survey Laboratory",,
"4e16ee7e-28b4-40b2-9bd0-0bfaa6915701","DCFS_011.basePlot.all","D09","DCFS","DCFS_011","S2017ND093011","2017-05-23","17N03485","A","2018-03-15","Kellogg Soil Survey Laboratory Methods Manual, Soil Survey Investigations Report No. 42 Version 5.0, Issued 2014","Bulk Density, Clods (3B1)","S2017ND093011-1","clod",12.5,0.0,25.0,1.02,1.14,,34.2,,"USDA NRCS Kellogg Soil Survey Laboratory",,
"66b2b298-75c6-4e45-8688-29ca7d2be0a8","DCFS_023.basePlot.all","D09","DCFS","DCFS_023","S2017ND093023","2017-05-23","17N03505","A","2018-03-15","Kellogg Soil Survey Laboratory Methods Manual, Soil Survey Investigations Report No. 42 Version 5.0, Issued 2014","Bulk Density, Clods (3B1)","S2017ND093023-1","clod",9.0,0.0,18.0,1.19,1.33,,19.3,,"USDA NRCS Kellogg Soil Survey Laboratory",,
"55d54996-6c2a-4a51-8009-f93754830142","DCFS_027.basePlot.all","D09","DCFS","DCFS_027","S2017ND093027","2017-05-23","17N03512","Bt2","2018-03-20","Kellogg Soil Survey Laboratory Methods Manual, Soil Survey Investigations Report No. 42 Version 5.0, Issued 2014","Bulk Density, Clods (3B1)","S2017ND093027-4","clod",73.0,59.0,87.0,1.43,1.64,,21.1,,"USDA NRCS Kellogg Soil Survey Laboratory",,
"adfe4f91-2903-48d4-9ce2-dca72d34e730","DCFS_010.basePlot.all","D09","DCFS","DCFS_010","S2017ND093010","2017-05-23","17N03482","Btss1","2018-03-15","Kellogg Soil Survey Laboratory Methods Manual, Soil Survey Investigations Report No. 42 Version 5.0, Issued 2014","Bulk Density, Clods (3B1)","S2017ND093010-3","clod",54.0,38.0,70.0,1.44,1.83,,25.3,,"USDA NRCS Kellogg Soil Survey Laboratory",,
"f17dbfac-4c36-480a-9404-8a37dc9c2126","DCFS_011.basePlot.all","D09","DCFS","DCFS_011","S2017ND093011","2017-05-23","17N03486","Bt1","2018-03-15","Kellogg Soil Survey Laboratory Methods Manual, Soil Survey Investigations Report No. 42 Version 5.0, Issued 2014","Bulk Density, Clods (3B1)","S2017ND093011-2","clod",46.5,25.0,68.0,1.39,1.51,,20.0,,"USDA NRCS Kellogg Soil Survey Laboratory",,
"d6ad7336-8062-4bf6-87e8-c5947e60b6b1","DCFS_027.basePlot.all","D09","DCFS","DCFS_027","S2017ND093027","2017-05-23","17N03510","AB","2018-03-20","Kellogg Soil Survey Laboratory Methods Manual, Soil Survey Investigations Report No. 42 Version 5.0, Issued 2014","Bulk Density, Clods (3B1)","S2017ND093027-2","clod",25.0,12.0,38.0,1.34,1.46,,17.7,,"USDA NRCS Kellogg Soil Survey Laboratory",,
"84200658-7b31-4cdb-a099-3ee66768799a","DCFS_027.basePlot.all","D09","DCFS","DCFS_027","S2017ND093027","2017-05-23","17N03511","Bt1","2018-03-20","Kellogg Soil Survey Laboratory Methods Manual, Soil Survey Investigations Report No. 42 Version 5.0, Issued 2014","Bulk Density, Clods (3B1)","S2017ND093027-3","clod",48.5,38.0,59.0,1.51,1.70,,17.8,,"USDA NRCS Kellogg Soil Survey Laboratory",,
"101cc98f-06aa-4668-8c95-dec0ad21d239","DCFS_014.basePlot.all","D09","DCFS","DCFS_014","S2017ND093014","2017-05-24","17N03489","A","2018-03-15","Kellogg Soil Survey Laboratory Methods Manual, Soil Survey Investigations Report No. 42 Version 5.0, Issued 2014","Bulk Density, Clods (3B1)","S2017ND093014-1","clod",17.0,0.0,34.0,1.02,1.15,,30.2,,"USDA NRCS Kellogg Soil Survey Laboratory",,
"607e7737-055e-4505-8c2a-71ba230e0d59","DCFS_016.basePlot.all","D09","DCFS","DCFS_016","S2017ND093016","2017-05-24","17N03496","Bk","2018-03-15","Kellogg Soil Survey Laboratory Methods Manual, Soil Survey Investigations Report No. 42 Version 5.0, Issued 2014","Bulk Density, Clods (3B1)","S2017ND093016-4.CLOD","clod",90.0,80.0,100.0,1.52,1.62,,21.1,,"USDA NRCS Kellogg Soil Survey Laboratory",,
"37d3552e-5a5d-4375-8b0e-b4ab5528879f","DCFS_014.basePlot.all","D09","DCFS","DCFS_014","S2017ND093014","2017-05-24","17N03490","Bw","2018-03-15","Kellogg Soil Survey Laboratory Methods Manual, Soil Survey Investigations Report No. 42 Version 5.0, Issued 2014","Bulk Density, Clods (3B1)","S2017ND093014-2","clod",45.5,34.0,57.0,1.33,1.50,,20.5,,"USDA NRCS Kellogg Soil Survey Laboratory",,
"f5bc9ccb-fb4f-4923-8871-78d2164ba3a4","DCFS_022.basePlot.all","D09","DCFS","DCFS_022","S2017ND093022","2017-05-24","17N03501","A","2018-03-22","Kellogg Soil Survey Laboratory Methods Manual, Soil Survey Investigations Report No. 42 Version 5.0, Issued 2014","Bulk Density, Clods (3B1)","S2017ND093022-1","clod",9.0,0.0,18.0,1.02,1.17,,33.0,,"USDA NRCS Kellogg Soil Survey Laboratory",,
"585cc888-22fc-47b5-8647-5324df30a9ed","DCFS_007.basePlot.all","D09","DCFS","DCFS_007","S2017ND093007","2017-05-24","17N03477","Bt","2018-03-15","Kellogg Soil Survey Laboratory Methods Manual, Soil Survey Investigations Report No. 42 Version 5.0, Issued 2014","Bulk Density, Clods (3B1)","S2017ND093007-2","clod",33.5,27.0,40.0,1.26,1.39,,20.7,,"USDA NRCS Kellogg Soil Survey Laboratory",,
"aad882d6-6e15-4ef6-9c1a-9343f01f7d68","DCFS_007.basePlot.all","D09","DCFS","DCFS_007","S2017ND093007","2017-05-24","17N03478","Bk1","2018-03-15","Kellogg Soil Survey Laboratory Methods Manual, Soil Survey Investigations Report No. 42 Version 5.0, Issued 2014","Bulk Density, Clods (3B1)","S2017ND093007-3","clod",55.0,40.0,70.0,1.24,1.30,,23.5,,"USDA NRCS Kellogg Soil Survey Laboratory",,
"85637262-c220-42f3-8355-ce00d647bd35","DCFS_022.basePlot.all","D09","DCFS","DCFS_022","S2017ND093022","2017-05-24","17N03503","Bk1","2018-03-15","Kellogg Soil Survey Laboratory Methods Manual, Soil Survey Investigations Report No. 42 Version 5.0, Issued 2014","Bulk Density, Clods (3B1)","S2017ND093022-3","clod",49.5,33.0,66.0,1.45,1.58,,21.2,,"USDA NRCS Kellogg Soil Survey Laboratory",,
"b0dbb970-5084-490a-92c3-0d24b175007c","DCFS_016.basePlot.all","D09","DCFS","DCFS_016","S2017ND093016","2017-05-24","17N03495","Btk","2018-03-22","Kellogg Soil Survey Laboratory Methods Manual, Soil Survey Investigations Report No. 42 Version 5.0, Issued 2014","Bulk Density, Clods (3B1)","S2017ND093016-3","clod",65.5,51.0,80.0,1.44,1.59,,20.9,,"USDA NRCS Kellogg Soil Survey Laboratory",,
"134036f4-2def-4bea-bdbe-6f76bbaaaf44","DCFS_007.basePlot.all","D09","DCFS","DCFS_007","S2017ND093007","2017-05-24","17N03476","A","2018-03-15","Kellogg Soil Survey Laboratory Methods Manual, Soil Survey Investigations Report No. 42 Version 5.0, Issued 2014","Bulk Density, Clods (3B1)","S2017ND093007-1","clod",13.5,0.0,27.0,0.99,1.12,,34.4,,"USDA NRCS Kellogg Soil Survey Laboratory",,
"86891f1d-d8b5-4aa7-b8f6-d0ba8497db73","DCFS_007.basePlot.all","D09","DCFS","DCFS_007","S2017ND093007","2017-05-24","17N03479","Bk2","2018-03-15","Kellogg Soil Survey Laboratory Methods Manual, Soil Survey Investigations Report No. 42 Version 5.0, Issued 2014","Bulk Density, Clods (3B1)","S2017ND093007-4","clod",87.0,70.0,104.0,1.26,1.32,,27.4,,"USDA NRCS Kellogg Soil Survey Laboratory",,
"d642e012-58f6-453a-b809-e2e543ad2177","DCFS_022.basePlot.all","D09","DCFS","DCFS_022","S2017ND093022","2017-05-24","17N03502","Bt","2018-03-15","Kellogg Soil Survey Laboratory Methods Manual, Soil Survey Investigations Report No. 42 Version 5.0, Issued 2014","Bulk Density, Clods (3B1)","S2017ND093022-2","clod",25.5,18.0,33.0,1.50,1.68,,20.2,,"USDA NRCS Kellogg Soil Survey Laboratory",,
"132ec9ea-e7a7-4abe-b327-08b581e375e3","DCFS_022.basePlot.all","D09","DCFS","DCFS_022","S2017ND093022","2017-05-24","17N03504","Bk2","2018-03-15","Kellogg Soil Survey Laboratory Methods Manual, Soil Survey Investigations Report No. 42 Version 5.0, Issued 2014","Bulk Density, Clods (3B1)","S2017ND093022-4","clod",83.0,66.0,100.0,1.48,1.59,,20.5,,"USDA NRCS Kellogg Soil Survey Laboratory",,
"7fe02837-ec9a-42f5-9742-96358f2c2f8e","DCFS_016.basePlot.all","D09","DCFS","DCFS_016","S2017ND093016","2017-05-24","17N03494","Bt","2018-03-22","Kellogg Soil Survey Laboratory Methods Manual, Soil Survey Investigations Report No. 42 Version 5.0, Issued 2014","Bulk Density, Clods (3B1)","S2017ND093016-2","clod",34.5,18.0,51.0,1.36,1.55,,20.8,,"USDA NRCS Kellogg Soil Survey Laboratory",,
"7565d294-0fba-42fc-8701-579df115533c","DCFS_016.basePlot.all","D09","DCFS","DCFS_016","S2017ND093016","2017-05-24","17N03493","A","2018-03-15","Kellogg Soil Survey Laboratory Methods Manual, Soil Survey Investigations Report No. 42 Version 5.0, Issued 2014","Bulk Density, Clods (3B1)","S2017ND093016-1","clod",9.0,0.0,18.0,1.11,1.25,,28.0,,"USDA NRCS Kellogg Soil Survey Laboratory",,
"d8448e5f-27b1-4735-aa49-d8ed4935b742","DCFS_014.basePlot.all","D09","DCFS","DCFS_014","S2017ND093014","2017-05-24","17N03492","Bk2","2018-03-19","Kellogg Soil Survey Laboratory Methods Manual, Soil Survey Investigations Report No. 42 Version 5.0, Issued 2014","Bulk Density, Clods (3B1)","S2017ND093014-4.CLOD","clod",96.5,93.0,100.0,1.22,1.31,,25.4,,"USDA NRCS Kellogg Soil Survey Laboratory",,
"08022121-3f9e-4a5e-b14a-275dba60526c","DCFS_014.basePlot.all","D09","DCFS","DCFS_014","S2017ND093014","2017-05-24","17N03491","Bk1","2018-03-15","Kellogg Soil Survey Laboratory Methods Manual, Soil Survey Investigations Report No. 42 Version 5.0, Issued 2014","Bulk Density, Clods (3B1)","S2017ND093014-3","clod",75.0,57.0,93.0,1.34,1.44,,18.4,,"USDA NRCS Kellogg Soil Survey Laboratory",,
