uid,namedLocation,domainID,siteID,plotID,nrcsDescriptionID,collectDate,horizonID,horizonName,biogeoIDnrcs,biogeoSampleType,biogeoTopDepth,biogeoBottomDepth,biogeoCenterDepth,particleSizeDistProcessedDate,particleSizeDistMethodPub,particleSizeDistMethod,coarseFrag2To5,coarseFrag5To20,sandTotal,siltTotal,clayTotal,carbonateClay,clayFineContent,siltFineContent,siltCoarseContent,sandVeryFineContent,sandFineContent,sandMediumContent,sandCoarseContent,sandVeryCoarseContent,laboratoryName,dataQF
"4e01909a-5ab3-43ee-a4fe-b07c3d671eee","DCFS_029.basePlot.all","D09","DCFS","DCFS_029","S2017ND093029","2017-05-22","17N03515","A2","S2017ND093029-2","bulk",15.0,36.0,25.5,"2018-01-25","Kellogg Soil Survey Laboratory Methods Manual, Soil Survey Investigations Report No. 42 Version 5.0, Issued 2014","Routine Particle Size Distribution (3A1a1a)",5.3,4.0,31.4,41.6,27.0,,,27.9,13.7,9.2,11.2,7.2,3.0,0.8,"USDA NRCS Kellogg Soil Survey Laboratory",
"db254ce3-a4c8-4fc3-ad50-efbccbed7279","DCFS_020.basePlot.all","D09","DCFS","DCFS_020","S2017ND093020","2017-05-22","17N03500","Bk2","S2017ND093020-4","bulk",74.0,100.0,87.0,"2018-01-19","Kellogg Soil Survey Laboratory Methods Manual, Soil Survey Investigations Report No. 42 Version 5.0, Issued 2014","Routine Particle Size Distribution (3A1a1a)",47.0,46.0,36.8,35.6,27.6,4.9,,24.6,11.0,11.4,13.1,7.3,3.4,1.6,"USDA NRCS Kellogg Soil Survey Laboratory",
"13c43a64-4a3d-4dba-b614-f6b9138be4a8","DCFS_004.basePlot.all","D09","DCFS","DCFS_004","S2017ND093004","2017-05-22","17N03475","Bk2","S2017ND093004-3","bulk",40.0,100.0,70.0,"2018-01-19","Kellogg Soil Survey Laboratory Methods Manual, Soil Survey Investigations Report No. 42 Version 5.0, Issued 2014","Routine Particle Size Distribution (3A1a1a)",171.7,252.1,87.9,7.8,4.3,1.5,,5.7,2.1,2.7,10.0,23.5,30.5,21.2,"USDA NRCS Kellogg Soil Survey Laboratory",
"26c7662a-5ea2-40a9-81b6-e45b26a8b955","DCFS_029.basePlot.all","D09","DCFS","DCFS_029","S2017ND093029","2017-05-22","17N03516","Bt","S2017ND093029-3","bulk",36.0,52.0,44.0,"2018-01-25","Kellogg Soil Survey Laboratory Methods Manual, Soil Survey Investigations Report No. 42 Version 5.0, Issued 2014","Routine Particle Size Distribution (3A1a1a)",10.2,3.2,39.0,34.7,26.3,,,19.8,14.9,9.4,13.6,8.5,4.2,3.3,"USDA NRCS Kellogg Soil Survey Laboratory",
"27f7cf61-2ecc-4a47-9c41-1abc50aca758","DCFS_020.basePlot.all","D09","DCFS","DCFS_020","S2017ND093020","2017-05-22","17N03497","A","S2017ND093020-1","bulk",0.0,24.0,12.0,"2018-01-19","Kellogg Soil Survey Laboratory Methods Manual, Soil Survey Investigations Report No. 42 Version 5.0, Issued 2014","Routine Particle Size Distribution (3A1a1a)",21.7,21.0,39.7,33.2,27.1,,,18.4,14.8,10.0,14.8,7.6,3.7,3.6,"USDA NRCS Kellogg Soil Survey Laboratory",
"2c4c7a0b-0136-4056-9f11-77eca56e31e2","DCFS_030.basePlot.all","D09","DCFS","DCFS_030","S2017ND093030","2017-05-22","17N03522","Bk2","S2017ND093030-4","bulk",40.0,100.0,70.0,"2018-01-25","Kellogg Soil Survey Laboratory Methods Manual, Soil Survey Investigations Report No. 42 Version 5.0, Issued 2014","Routine Particle Size Distribution (3A1a1a)",202.9,349.8,80.7,11.8,7.5,1.2,,7.3,4.5,7.2,14.8,21.0,21.9,15.8,"USDA NRCS Kellogg Soil Survey Laboratory",
"8d6c8e93-6b24-4e2d-a7d4-508e970fe342","DCFS_004.basePlot.all","D09","DCFS","DCFS_004","S2017ND093004","2017-05-22","17N03474","Bk1","S2017ND093004-2","bulk",11.0,40.0,25.5,"2018-01-19","Kellogg Soil Survey Laboratory Methods Manual, Soil Survey Investigations Report No. 42 Version 5.0, Issued 2014","Routine Particle Size Distribution (3A1a1a)",172.0,224.5,81.1,11.8,7.1,3.2,,8.0,3.8,5.2,15.3,26.2,25.8,8.6,"USDA NRCS Kellogg Soil Survey Laboratory",
"c041a887-ff97-407d-b216-84839f8e10d0","DCFS_029.basePlot.all","D09","DCFS","DCFS_029","S2017ND093029","2017-05-22","17N03518","BC","S2017ND093029-5","bulk",76.0,100.0,88.0,"2018-01-25","Kellogg Soil Survey Laboratory Methods Manual, Soil Survey Investigations Report No. 42 Version 5.0, Issued 2014","Routine Particle Size Distribution (3A1a1a)",74.7,23.8,37.2,35.2,27.6,,,22.7,12.5,11.5,12.9,7.0,2.7,3.1,"USDA NRCS Kellogg Soil Survey Laboratory",
"079f5f4b-9d99-4119-8b69-3aeee745c51a","DCFS_030.basePlot.all","D09","DCFS","DCFS_030","S2017ND093030","2017-05-22","17N03521","Bk1","S2017ND093030-3","bulk",26.0,40.0,33.0,"2018-01-25","Kellogg Soil Survey Laboratory Methods Manual, Soil Survey Investigations Report No. 42 Version 5.0, Issued 2014","Routine Particle Size Distribution (3A1a1a)",183.0,332.7,87.4,7.4,5.2,1.2,,4.7,2.7,0.9,5.2,21.7,33.7,25.9,"USDA NRCS Kellogg Soil Survey Laboratory",
"76586606-d907-4e89-87c4-cf7f2721f8ed","DCFS_020.basePlot.all","D09","DCFS","DCFS_020","S2017ND093020","2017-05-22","17N03498","Bt","S2017ND093020-2","bulk",24.0,50.0,37.0,"2018-01-19","Kellogg Soil Survey Laboratory Methods Manual, Soil Survey Investigations Report No. 42 Version 5.0, Issued 2014","Routine Particle Size Distribution (3A1a1a)",39.2,51.2,40.0,35.8,24.2,,,16.3,19.5,12.2,13.7,7.2,4.3,2.6,"USDA NRCS Kellogg Soil Survey Laboratory",
"2bf4c4da-7ae7-4f6f-aa11-14a3d3616539","DCFS_030.basePlot.all","D09","DCFS","DCFS_030","S2017ND093030","2017-05-22","17N03519","A","S2017ND093030-1","bulk",0.0,15.0,7.5,"2018-01-25","Kellogg Soil Survey Laboratory Methods Manual, Soil Survey Investigations Report No. 42 Version 5.0, Issued 2014","Routine Particle Size Distribution (3A1a1a)",46.2,53.3,58.1,24.1,17.8,,,13.7,10.4,5.9,11.1,14.4,15.9,10.8,"USDA NRCS Kellogg Soil Survey Laboratory",
"3edb0f6b-d934-44a0-b074-04a84ab28512","DCFS_020.basePlot.all","D09","DCFS","DCFS_020","S2017ND093020","2017-05-22","17N03499","Btk","S2017ND093020-3","bulk",50.0,74.0,62.0,"2018-01-19","Kellogg Soil Survey Laboratory Methods Manual, Soil Survey Investigations Report No. 42 Version 5.0, Issued 2014","Routine Particle Size Distribution (3A1a1a)",39.0,22.5,34.5,37.7,27.8,4.0,,25.8,11.9,11.1,12.3,7.3,2.5,1.3,"USDA NRCS Kellogg Soil Survey Laboratory",
"64e087e0-c165-4540-9d77-18e84382c175","DCFS_030.basePlot.all","D09","DCFS","DCFS_030","S2017ND093030","2017-05-22","17N03520","Bw","S2017ND093030-2","bulk",15.0,26.0,20.5,"2018-01-25","Kellogg Soil Survey Laboratory Methods Manual, Soil Survey Investigations Report No. 42 Version 5.0, Issued 2014","Routine Particle Size Distribution (3A1a1a)",159.7,244.7,71.9,14.8,13.3,0.4,,8.0,6.8,5.0,14.0,21.0,17.7,14.2,"USDA NRCS Kellogg Soil Survey Laboratory",
"be8ae880-f942-4ec9-b23d-a6e5cf0a4517","DCFS_029.basePlot.all","D09","DCFS","DCFS_029","S2017ND093029","2017-05-22","17N03514","A1","S2017ND093029-1","bulk",0.0,15.0,7.5,"2018-01-25","Kellogg Soil Survey Laboratory Methods Manual, Soil Survey Investigations Report No. 42 Version 5.0, Issued 2014","Routine Particle Size Distribution (3A1a1a)",2.4,0.3,27.6,43.4,29.0,,,29.8,13.6,8.0,9.3,6.4,2.5,1.4,"USDA NRCS Kellogg Soil Survey Laboratory",
"2624c35a-1bef-427f-9266-c3758cf36063","DCFS_004.basePlot.all","D09","DCFS","DCFS_004","S2017ND093004","2017-05-22","17N03473","A","S2017ND093004-1","bulk",0.0,11.0,5.5,"2018-01-19","Kellogg Soil Survey Laboratory Methods Manual, Soil Survey Investigations Report No. 42 Version 5.0, Issued 2014","Routine Particle Size Distribution (3A1a1a)",121.6,280.5,68.7,18.1,13.2,,,9.5,8.6,5.6,14.3,20.1,17.0,11.7,"USDA NRCS Kellogg Soil Survey Laboratory",
"4f67deea-e83e-4ba2-b649-4825a7a77e6d","DCFS_029.basePlot.all","D09","DCFS","DCFS_029","S2017ND093029","2017-05-22","17N03517","Ab","S2017ND093029-4","bulk",52.0,76.0,64.0,"2018-01-25","Kellogg Soil Survey Laboratory Methods Manual, Soil Survey Investigations Report No. 42 Version 5.0, Issued 2014","Routine Particle Size Distribution (3A1a1a)",7.5,6.9,31.2,37.5,31.3,,,23.4,14.1,8.7,12.4,4.8,3.3,2.0,"USDA NRCS Kellogg Soil Survey Laboratory",
"af497fae-2088-48f2-bd89-39e4b4bebfca","DCFS_010.basePlot.all","D09","DCFS","DCFS_010","S2017ND093010","2017-05-23","17N03481","A2","S2017ND093010-2","bulk",21.0,38.0,29.5,"2018-01-19","Kellogg Soil Survey Laboratory Methods Manual, Soil Survey Investigations Report No. 42 Version 5.0, Issued 2014","Routine Particle Size Distribution (3A1a1a)",20.2,1.6,40.4,35.8,23.8,,,23.8,12.0,7.8,11.3,12.6,7.0,1.7,"USDA NRCS Kellogg Soil Survey Laboratory",
"3e754d48-d28d-43ae-bd05-62fc4b32fccc","DCFS_027.basePlot.all","D09","DCFS","DCFS_027","S2017ND093027","2017-05-23","17N03510","AB","S2017ND093027-2","bulk",12.0,38.0,25.0,"2018-01-25","Kellogg Soil Survey Laboratory Methods Manual, Soil Survey Investigations Report No. 42 Version 5.0, Issued 2014","Routine Particle Size Distribution (3A1a1a)",30.8,8.4,47.1,30.8,22.1,,,18.3,12.5,11.0,16.1,11.2,6.1,2.7,"USDA NRCS Kellogg Soil Survey Laboratory",
"1d3dc86d-dc67-49b4-a36e-bf946bc9563b","DCFS_010.basePlot.all","D09","DCFS","DCFS_010","S2017ND093010","2017-05-23","17N03480","A1","S2017ND093010-1","bulk",0.0,21.0,10.5,"2018-01-19","Kellogg Soil Survey Laboratory Methods Manual, Soil Survey Investigations Report No. 42 Version 5.0, Issued 2014","Routine Particle Size Distribution (3A1a1a)",18.0,8.4,35.4,41.5,23.1,,,27.4,14.1,6.6,11.1,8.4,6.0,3.3,"USDA NRCS Kellogg Soil Survey Laboratory",
"c8df91f8-56f6-40b2-ac3f-890d7881fd07","DCFS_011.basePlot.all","D09","DCFS","DCFS_011","S2017ND093011","2017-05-23","17N03485","A","S2017ND093011-1","bulk",0.0,25.0,12.5,"2018-01-19","Kellogg Soil Survey Laboratory Methods Manual, Soil Survey Investigations Report No. 42 Version 5.0, Issued 2014","Routine Particle Size Distribution (3A1a1a)",9.5,10.6,32.6,42.2,25.2,,,27.7,14.5,9.5,12.3,6.8,2.9,1.1,"USDA NRCS Kellogg Soil Survey Laboratory",
"b4613e20-7164-4a4c-a063-3a25011242c9","DCFS_001.basePlot.all","D09","DCFS","DCFS_001","S2017ND093001","2017-05-23","17N03472","Bk2","S2017ND093001-3","bulk",42.0,100.0,71.0,"2018-01-19","Kellogg Soil Survey Laboratory Methods Manual, Soil Survey Investigations Report No. 42 Version 5.0, Issued 2014","Routine Particle Size Distribution (3A1a1a)",55.0,68.8,36.2,35.1,28.7,10.1,,21.6,13.5,7.7,11.5,9.0,4.5,3.5,"USDA NRCS Kellogg Soil Survey Laboratory",
"8f5d9134-2a31-4c1d-8733-077fd6dc3b4a","DCFS_011.basePlot.all","D09","DCFS","DCFS_011","S2017ND093011","2017-05-23","17N03488","Bk","S2017ND093011-4","bulk",108.0,140.0,124.0,"2018-01-19","Kellogg Soil Survey Laboratory Methods Manual, Soil Survey Investigations Report No. 42 Version 5.0, Issued 2014","Routine Particle Size Distribution (3A1a1a)",70.1,59.1,34.7,40.9,24.4,3.2,,24.4,16.5,9.5,12.3,6.8,4.0,2.1,"USDA NRCS Kellogg Soil Survey Laboratory",
"6ca3faa4-9ae4-4f72-8fef-4102c3be3a85","DCFS_023.basePlot.all","D09","DCFS","DCFS_023","S2017ND093023","2017-05-23","17N03508","Bk","S2017ND093023-4","bulk",63.0,140.0,101.5,"2018-01-25","Kellogg Soil Survey Laboratory Methods Manual, Soil Survey Investigations Report No. 42 Version 5.0, Issued 2014","Routine Particle Size Distribution (3A1a1a)",28.7,18.1,59.2,26.0,14.8,2.6,,15.7,10.3,19.6,27.0,8.2,3.3,1.1,"USDA NRCS Kellogg Soil Survey Laboratory",
"07f21cbf-8320-4d15-b9fb-1c43a2a07d86","DCFS_023.basePlot.all","D09","DCFS","DCFS_023","S2017ND093023","2017-05-23","17N03506","Bt","S2017ND093023-2","bulk",18.0,35.0,26.5,"2018-01-19","Kellogg Soil Survey Laboratory Methods Manual, Soil Survey Investigations Report No. 42 Version 5.0, Issued 2014","Routine Particle Size Distribution (3A1a1a)",76.6,127.8,70.8,14.5,14.7,,,7.6,6.9,9.5,28.0,18.2,9.4,5.7,"USDA NRCS Kellogg Soil Survey Laboratory",
"374376e5-084d-4fea-bd09-07257a806fdb","DCFS_010.basePlot.all","D09","DCFS","DCFS_010","S2017ND093010","2017-05-23","17N03483","Btss2","S2017ND093010-4","bulk",70.0,87.0,78.5,"2018-01-19","Kellogg Soil Survey Laboratory Methods Manual, Soil Survey Investigations Report No. 42 Version 5.0, Issued 2014","Routine Particle Size Distribution (3A1a1a)",20.6,2.3,36.3,28.8,34.9,,,19.4,9.4,6.4,11.1,10.1,6.3,2.4,"USDA NRCS Kellogg Soil Survey Laboratory",
"ab56769a-3da8-4c87-a2b2-425fc4873ca3","DCFS_027.basePlot.all","D09","DCFS","DCFS_027","S2017ND093027","2017-05-23","17N03513","Bk","S2017ND093027-5","bulk",87.0,100.0,93.5,"2018-01-25","Kellogg Soil Survey Laboratory Methods Manual, Soil Survey Investigations Report No. 42 Version 5.0, Issued 2014","Routine Particle Size Distribution (3A1a1a)",27.3,49.9,41.5,38.2,20.3,1.7,,23.1,15.1,11.4,14.2,8.5,4.5,2.9,"USDA NRCS Kellogg Soil Survey Laboratory",
"f547f7aa-16c5-4453-a301-c9ba657cee06","DCFS_027.basePlot.all","D09","DCFS","DCFS_027","S2017ND093027","2017-05-23","17N03511","Bt1","S2017ND093027-3","bulk",38.0,59.0,48.5,"2018-01-25","Kellogg Soil Survey Laboratory Methods Manual, Soil Survey Investigations Report No. 42 Version 5.0, Issued 2014","Routine Particle Size Distribution (3A1a1a)",11.7,16.2,41.3,30.2,28.5,,,18.8,11.4,12.4,14.2,8.1,3.6,3.0,"USDA NRCS Kellogg Soil Survey Laboratory",
"790c0c45-c6ce-461c-9336-7e41feba0fee","DCFS_001.basePlot.all","D09","DCFS","DCFS_001","S2017ND093001","2017-05-23","17N03471","Bk1","S2017ND093001-2","bulk",15.0,42.0,28.5,"2018-01-19","Kellogg Soil Survey Laboratory Methods Manual, Soil Survey Investigations Report No. 42 Version 5.0, Issued 2014","Routine Particle Size Distribution (3A1a1a)",58.5,68.3,38.0,32.6,29.4,9.9,,20.2,12.4,8.2,12.3,9.6,5.0,2.9,"USDA NRCS Kellogg Soil Survey Laboratory",
"ac299629-a64f-4a1a-8309-17521955c380","DCFS_011.basePlot.all","D09","DCFS","DCFS_011","S2017ND093011","2017-05-23","17N03486","Bt1","S2017ND093011-2","bulk",25.0,68.0,46.5,"2018-01-19","Kellogg Soil Survey Laboratory Methods Manual, Soil Survey Investigations Report No. 42 Version 5.0, Issued 2014","Routine Particle Size Distribution (3A1a1a)",16.8,5.3,38.2,40.1,21.7,,,23.6,16.5,11.5,14.4,8.3,3.3,0.7,"USDA NRCS Kellogg Soil Survey Laboratory",
"8199f888-cbe8-4881-a20d-c4d4e3d312dc","DCFS_027.basePlot.all","D09","DCFS","DCFS_027","S2017ND093027","2017-05-23","17N03509","A","S2017ND093027-1","bulk",0.0,12.0,6.0,"2018-01-25","Kellogg Soil Survey Laboratory Methods Manual, Soil Survey Investigations Report No. 42 Version 5.0, Issued 2014","Routine Particle Size Distribution (3A1a1a)",14.3,6.1,39.8,35.5,24.7,,,21.6,13.9,8.7,12.9,9.1,4.9,4.2,"USDA NRCS Kellogg Soil Survey Laboratory",
"17baed5e-c9ad-4048-b9f4-5c9a54d09c91","DCFS_023.basePlot.all","D09","DCFS","DCFS_023","S2017ND093023","2017-05-23","17N03507","Btk","S2017ND093023-3","bulk",35.0,63.0,49.0,"2018-01-25","Kellogg Soil Survey Laboratory Methods Manual, Soil Survey Investigations Report No. 42 Version 5.0, Issued 2014","Routine Particle Size Distribution (3A1a1a)",89.1,86.0,76.3,12.2,11.5,1.2,,7.3,4.9,8.7,25.8,23.6,10.7,7.5,"USDA NRCS Kellogg Soil Survey Laboratory",
"b35b088f-1ca8-4d49-aea3-b41586ecbeec","DCFS_010.basePlot.all","D09","DCFS","DCFS_010","S2017ND093010","2017-05-23","17N03484","2C","S2017ND093010-5","bulk",87.0,100.0,93.5,"2018-01-19","Kellogg Soil Survey Laboratory Methods Manual, Soil Survey Investigations Report No. 42 Version 5.0, Issued 2014","Routine Particle Size Distribution (3A1a1a)",101.8,69.6,52.7,21.3,26.0,4.1,,13.5,7.8,7.1,19.4,16.1,8.1,2.0,"USDA NRCS Kellogg Soil Survey Laboratory",
"dcf1465b-6303-4efa-8c21-810193f3e0b4","DCFS_001.basePlot.all","D09","DCFS","DCFS_001","S2017ND093001","2017-05-23","17N03470","A","S2017ND093001-1","bulk",0.0,15.0,7.5,"2018-01-19","Kellogg Soil Survey Laboratory Methods Manual, Soil Survey Investigations Report No. 42 Version 5.0, Issued 2014","Routine Particle Size Distribution (3A1a1a)",41.4,64.8,45.7,29.8,24.5,,,17.0,12.8,11.4,13.2,9.9,6.1,5.1,"USDA NRCS Kellogg Soil Survey Laboratory",
"0e34d241-69ce-4a4b-b2e2-0a78a33bb8d2","DCFS_010.basePlot.all","D09","DCFS","DCFS_010","S2017ND093010","2017-05-23","17N03482","Btss1","S2017ND093010-3","bulk",38.0,70.0,54.0,"2018-01-19","Kellogg Soil Survey Laboratory Methods Manual, Soil Survey Investigations Report No. 42 Version 5.0, Issued 2014","Routine Particle Size Distribution (3A1a1a)",78.4,8.1,32.1,29.6,38.3,,,19.7,9.9,6.3,9.9,8.7,5.6,1.6,"USDA NRCS Kellogg Soil Survey Laboratory",
"d16c59ff-9b03-4e37-a166-ead24db7bd40","DCFS_023.basePlot.all","D09","DCFS","DCFS_023","S2017ND093023","2017-05-23","17N03505","A","S2017ND093023-1","bulk",0.0,18.0,9.0,"2018-01-19","Kellogg Soil Survey Laboratory Methods Manual, Soil Survey Investigations Report No. 42 Version 5.0, Issued 2014","Routine Particle Size Distribution (3A1a1a)",75.6,115.8,70.2,15.0,14.8,,,7.5,7.5,9.0,25.8,17.9,8.6,8.9,"USDA NRCS Kellogg Soil Survey Laboratory",
"2341dc13-47ed-4687-988e-b0b92d8b5cd3","DCFS_027.basePlot.all","D09","DCFS","DCFS_027","S2017ND093027","2017-05-23","17N03512","Bt2","S2017ND093027-4","bulk",59.0,87.0,73.0,"2018-01-25","Kellogg Soil Survey Laboratory Methods Manual, Soil Survey Investigations Report No. 42 Version 5.0, Issued 2014","Routine Particle Size Distribution (3A1a1a)",36.1,21.4,35.5,37.4,27.1,,,24.2,13.2,10.8,12.4,7.0,3.5,1.8,"USDA NRCS Kellogg Soil Survey Laboratory",
"7a67c2e2-25d0-4ceb-a98d-f7d1bc28eabf","DCFS_011.basePlot.all","D09","DCFS","DCFS_011","S2017ND093011","2017-05-23","17N03487","Bt2","S2017ND093011-3","bulk",68.0,108.0,88.0,"2018-01-19","Kellogg Soil Survey Laboratory Methods Manual, Soil Survey Investigations Report No. 42 Version 5.0, Issued 2014","Routine Particle Size Distribution (3A1a1a)",84.7,20.0,35.4,33.4,31.2,,,21.3,12.1,9.5,13.7,7.4,3.5,1.3,"USDA NRCS Kellogg Soil Survey Laboratory",
"47c94d2c-4412-4cdd-972b-932ccbce368d","DCFS_022.basePlot.all","D09","DCFS","DCFS_022","S2017ND093022","2017-05-24","17N03502","Bt","S2017ND093022-2","bulk",18.0,33.0,25.5,"2018-04-19","Kellogg Soil Survey Laboratory Methods Manual, Soil Survey Investigations Report No. 42 Version 5.0, Issued 2014","Routine Particle Size Distribution (3A1a1a)",26.2,15.8,41.9,27.6,30.5,,,16.1,11.5,11.9,15.5,8.7,4.0,1.8,"USDA NRCS Kellogg Soil Survey Laboratory",
"7aaff3b1-8acf-4368-99a3-983618e6db09","DCFS_014.basePlot.all","D09","DCFS","DCFS_014","S2017ND093014","2017-05-24","17N03492","Bk2","S2017ND093014-4","bulk",93.0,100.0,96.5,"2018-01-19","Kellogg Soil Survey Laboratory Methods Manual, Soil Survey Investigations Report No. 42 Version 5.0, Issued 2014","Routine Particle Size Distribution (3A1a1a)",14.0,10.3,28.9,41.6,29.5,9.2,,26.5,15.1,13.3,7.7,4.3,2.4,1.2,"USDA NRCS Kellogg Soil Survey Laboratory",
"13c9f67c-ba41-4dae-8d7f-2b80cce88705","DCFS_016.basePlot.all","D09","DCFS","DCFS_016","S2017ND093016","2017-05-24","17N03496","Bk","S2017ND093016-4","bulk",80.0,100.0,90.0,"2018-01-19","Kellogg Soil Survey Laboratory Methods Manual, Soil Survey Investigations Report No. 42 Version 5.0, Issued 2014","Routine Particle Size Distribution (3A1a1a)",70.4,50.0,35.9,34.1,30.0,4.9,,22.3,11.8,11.4,12.7,6.7,3.7,1.4,"USDA NRCS Kellogg Soil Survey Laboratory",
"c3a51ed7-90da-456b-bcf8-727e980adc92","DCFS_063.basePlot.all","D09","DCFS","DCFS_063","S2017ND093063","2017-05-24","17N03523","A1","S2017ND093063-1","bulk",0.0,27.0,13.5,"2018-04-19","Kellogg Soil Survey Laboratory Methods Manual, Soil Survey Investigations Report No. 42 Version 5.0, Issued 2014","Routine Particle Size Distribution (3A1a1a)",6.8,14.1,34.5,39.7,25.8,,,24.9,14.8,11.0,12.1,6.5,3.1,1.8,"USDA NRCS Kellogg Soil Survey Laboratory",
"4261bdb9-67ee-45f4-8266-29cf0a89f835","DCFS_007.basePlot.all","D09","DCFS","DCFS_007","S2017ND093007","2017-05-24","17N03478","Bk1","S2017ND093007-3","bulk",40.0,70.0,55.0,"2018-01-19","Kellogg Soil Survey Laboratory Methods Manual, Soil Survey Investigations Report No. 42 Version 5.0, Issued 2014","Routine Particle Size Distribution (3A1a1a)",101.0,100.7,41.2,35.8,23.0,3.8,,25.9,9.9,8.7,13.2,9.8,5.9,3.6,"USDA NRCS Kellogg Soil Survey Laboratory",
"1e4714dc-9d4a-445e-b79c-deef79001051","DCFS_007.basePlot.all","D09","DCFS","DCFS_007","S2017ND093007","2017-05-24","17N03477","Bt","S2017ND093007-2","bulk",27.0,40.0,33.5,"2018-01-19","Kellogg Soil Survey Laboratory Methods Manual, Soil Survey Investigations Report No. 42 Version 5.0, Issued 2014","Routine Particle Size Distribution (3A1a1a)",32.4,22.1,48.4,25.8,25.8,,,16.2,9.6,10.9,14.8,14.8,5.8,2.1,"USDA NRCS Kellogg Soil Survey Laboratory",
"00a931fd-3b6b-421b-9a38-0b3444e7e97d","DCFS_014.basePlot.all","D09","DCFS","DCFS_014","S2017ND093014","2017-05-24","17N03489","A","S2017ND093014-1","bulk",0.0,34.0,17.0,"2018-01-19","Kellogg Soil Survey Laboratory Methods Manual, Soil Survey Investigations Report No. 42 Version 5.0, Issued 2014","Routine Particle Size Distribution (3A1a1a)",10.4,7.4,40.1,34.0,25.9,,,21.1,12.9,10.3,14.7,9.1,3.9,2.1,"USDA NRCS Kellogg Soil Survey Laboratory",
"d99fb692-9e06-4132-8033-3bb152465cdf","DCFS_063.basePlot.all","D09","DCFS","DCFS_063","S2017ND093063","2017-05-24","17N03527","Cg","S2017ND093063-5","bulk",80.0,100.0,90.0,"2018-04-19","Kellogg Soil Survey Laboratory Methods Manual, Soil Survey Investigations Report No. 42 Version 5.0, Issued 2014","Routine Particle Size Distribution (3A1a1a)",17.1,7.7,34.5,35.2,30.3,,,23.7,11.5,10.5,11.8,6.6,3.9,1.7,"USDA NRCS Kellogg Soil Survey Laboratory",
"488ec317-3e3c-4d2e-b2f4-f17065bf9c79","DCFS_022.basePlot.all","D09","DCFS","DCFS_022","S2017ND093022","2017-05-24","17N03501","A","S2017ND093022-1","bulk",0.0,18.0,9.0,"2018-01-19","Kellogg Soil Survey Laboratory Methods Manual, Soil Survey Investigations Report No. 42 Version 5.0, Issued 2014","Routine Particle Size Distribution (3A1a1a)",12.7,8.0,39.4,33.5,27.1,,,20.1,13.4,10.3,15.3,7.9,3.2,2.7,"USDA NRCS Kellogg Soil Survey Laboratory",
"fb48b97f-6a88-454b-80b1-a9ad93775cf6","DCFS_014.basePlot.all","D09","DCFS","DCFS_014","S2017ND093014","2017-05-24","17N03490","Bw","S2017ND093014-2","bulk",34.0,57.0,45.5,"2018-01-19","Kellogg Soil Survey Laboratory Methods Manual, Soil Survey Investigations Report No. 42 Version 5.0, Issued 2014","Routine Particle Size Distribution (3A1a1a)",24.5,13.8,42.4,31.3,26.3,,,16.8,14.5,13.2,17.1,7.1,3.8,1.2,"USDA NRCS Kellogg Soil Survey Laboratory",
"9ae86ebd-52be-47a6-a35b-7295746376a4","DCFS_022.basePlot.all","D09","DCFS","DCFS_022","S2017ND093022","2017-05-24","17N03504","Bk2","S2017ND093022-4","bulk",66.0,100.0,83.0,"2018-01-19","Kellogg Soil Survey Laboratory Methods Manual, Soil Survey Investigations Report No. 42 Version 5.0, Issued 2014","Routine Particle Size Distribution (3A1a1a)",50.8,47.5,32.2,37.8,30.0,9.4,,26.2,11.6,10.1,11.4,6.5,3.1,1.1,"USDA NRCS Kellogg Soil Survey Laboratory",
"494cc299-982c-43ac-9e11-013864dbf080","DCFS_007.basePlot.all","D09","DCFS","DCFS_007","S2017ND093007","2017-05-24","17N03479","Bk2","S2017ND093007-4","bulk",70.0,104.0,87.0,"2018-01-19","Kellogg Soil Survey Laboratory Methods Manual, Soil Survey Investigations Report No. 42 Version 5.0, Issued 2014","Routine Particle Size Distribution (3A1a1a)",108.0,129.6,42.3,37.2,20.5,3.5,,26.6,10.6,8.6,14.5,10.4,5.4,3.4,"USDA NRCS Kellogg Soil Survey Laboratory",
"8f45b42d-cb76-46e9-8682-fe5e65663962","DCFS_022.basePlot.all","D09","DCFS","DCFS_022","S2017ND093022","2017-05-24","17N03503","Bk1","S2017ND093022-3","bulk",33.0,66.0,49.5,"2018-01-19","Kellogg Soil Survey Laboratory Methods Manual, Soil Survey Investigations Report No. 42 Version 5.0, Issued 2014","Routine Particle Size Distribution (3A1a1a)",38.2,27.2,30.4,32.3,37.3,13.1,,21.6,10.7,9.1,10.2,6.4,2.6,2.1,"USDA NRCS Kellogg Soil Survey Laboratory",
"81e55db3-727f-49c6-bc59-7e3315cb485b","DCFS_016.basePlot.all","D09","DCFS","DCFS_016","S2017ND093016","2017-05-24","17N03495","Btk","S2017ND093016-3","bulk",51.0,80.0,65.5,"2018-01-19","Kellogg Soil Survey Laboratory Methods Manual, Soil Survey Investigations Report No. 42 Version 5.0, Issued 2014","Routine Particle Size Distribution (3A1a1a)",59.7,24.5,33.5,34.8,31.7,6.1,,22.1,12.7,12.6,11.3,6.1,2.6,0.9,"USDA NRCS Kellogg Soil Survey Laboratory",
"5ca421f9-7ba9-4885-a1ad-10c1a56181f8","DCFS_063.basePlot.all","D09","DCFS","DCFS_063","S2017ND093063","2017-05-24","17N03526","Btg2","S2017ND093063-4","bulk",57.0,80.0,68.5,"2018-04-19","Kellogg Soil Survey Laboratory Methods Manual, Soil Survey Investigations Report No. 42 Version 5.0, Issued 2014","Routine Particle Size Distribution (3A1a1a)",21.9,9.3,35.4,33.8,30.8,,,20.3,13.5,11.3,13.3,6.8,3.1,0.9,"USDA NRCS Kellogg Soil Survey Laboratory",
"e70786c0-e8d4-452d-9a95-69bf87ff5558","DCFS_016.basePlot.all","D09","DCFS","DCFS_016","S2017ND093016","2017-05-24","17N03494","Bt","S2017ND093016-2","bulk",18.0,51.0,34.5,"2018-01-19","Kellogg Soil Survey Laboratory Methods Manual, Soil Survey Investigations Report No. 42 Version 5.0, Issued 2014","Routine Particle Size Distribution (3A1a1a)",24.6,13.7,37.1,31.7,31.2,1.8,,18.8,12.9,11.2,18.0,3.3,3.4,1.2,"USDA NRCS Kellogg Soil Survey Laboratory",
"aa3b1e51-f3ad-4035-88d0-9cb9f1e89bd1","DCFS_007.basePlot.all","D09","DCFS","DCFS_007","S2017ND093007","2017-05-24","17N03476","A","S2017ND093007-1","bulk",0.0,27.0,13.5,"2018-01-19","Kellogg Soil Survey Laboratory Methods Manual, Soil Survey Investigations Report No. 42 Version 5.0, Issued 2014","Routine Particle Size Distribution (3A1a1a)",24.4,19.2,46.0,30.9,23.1,,,18.7,12.2,8.6,18.0,8.0,6.5,4.9,"USDA NRCS Kellogg Soil Survey Laboratory",
"14b8c21b-3644-49ae-a2fc-f5e5628f8c13","DCFS_016.basePlot.all","D09","DCFS","DCFS_016","S2017ND093016","2017-05-24","17N03493","A","S2017ND093016-1","bulk",0.0,18.0,9.0,"2018-01-19","Kellogg Soil Survey Laboratory Methods Manual, Soil Survey Investigations Report No. 42 Version 5.0, Issued 2014","Routine Particle Size Distribution (3A1a1a)",18.4,22.5,32.9,38.4,28.7,,,23.2,15.2,10.1,12.9,6.4,2.5,1.0,"USDA NRCS Kellogg Soil Survey Laboratory",
"aa8def47-f283-44e6-9c16-46628d23caa8","DCFS_063.basePlot.all","D09","DCFS","DCFS_063","S2017ND093063","2017-05-24","17N03525","Btg1","S2017ND093063-3","bulk",40.0,57.0,48.5,"2018-04-19","Kellogg Soil Survey Laboratory Methods Manual, Soil Survey Investigations Report No. 42 Version 5.0, Issued 2014","Routine Particle Size Distribution (3A1a1a)",7.9,1.7,30.8,34.3,34.9,,,20.0,14.3,9.9,11.6,5.0,3.2,1.1,"USDA NRCS Kellogg Soil Survey Laboratory",
"942b80b4-93bd-44e5-a444-f2bc5ae7c0b7","DCFS_014.basePlot.all","D09","DCFS","DCFS_014","S2017ND093014","2017-05-24","17N03491","Bk1","S2017ND093014-3","bulk",57.0,93.0,75.0,"2018-01-19","Kellogg Soil Survey Laboratory Methods Manual, Soil Survey Investigations Report No. 42 Version 5.0, Issued 2014","Routine Particle Size Distribution (3A1a1a)",41.9,25.9,43.3,32.0,24.7,6.6,,18.4,13.6,15.4,12.2,9.2,4.1,2.4,"USDA NRCS Kellogg Soil Survey Laboratory",
"1a1aa1d4-e645-4992-92c2-7c6837b816df","DCFS_063.basePlot.all","D09","DCFS","DCFS_063","S2017ND093063","2017-05-24","17N03524","A2","S2017ND093063-2","bulk",27.0,40.0,33.5,"2018-04-19","Kellogg Soil Survey Laboratory Methods Manual, Soil Survey Investigations Report No. 42 Version 5.0, Issued 2014","Routine Particle Size Distribution (3A1a1a)",4.1,0.0,33.8,38.5,27.7,,,22.8,15.7,10.3,12.7,6.7,3.0,1.1,"USDA NRCS Kellogg Soil Survey Laboratory",
