uid,domainID,siteID,pitNamedLocation,pitID,horizonID,horizonName,setDate,collectDate,archiveID,archiveLaboratoryName,archiveTopDepth,archiveBottomDepth,remarks,sampleMass
"897cb936-2f44-4adf-992d-1345a4e1bc47","D17","TEAK","MEGAPT112298","D17_TEAK_PIT1","17_TEAK_PIT1_3C7","3C4","2016-08-09","2016-08-09","D17_TEAK_PIT1_ARCHIVE_185-205_3C7","NEON",185.0,205.0,,3600.6
"2d3dc33f-598d-4368-a303-8d0c7a134c11","D17","TEAK","MEGAPT112298","D17_TEAK_PIT1","17_TEAK_PIT1_2C4","2C1","2016-08-09","2016-08-09","D17_TEAK_PIT1_ARCHIVE_132-162_2C4","NEON",132.0,162.0,,3600.4
"202a087a-37b0-4603-8746-d03f2e372975","D17","TEAK","MEGAPT112298","D17_TEAK_PIT1","17_TEAK_PIT1_A","A1","2016-08-09","2016-08-09",,,,,,
"0ea5c4ab-fe13-42a5-a774-deea4b56327c","D17","TEAK","MEGAPT112298","D17_TEAK_PIT1","17_TEAK_PIT1_C2","A3","2016-08-09","2016-08-09","D17_TEAK_PIT1_ARCHIVE_67-101_C2","NEON",67.0,101.0,,3600.6
"fba72485-648f-4719-ae11-d10b3995f064","D17","TEAK","MEGAPT112298","D17_TEAK_PIT1","17_TEAK_PIT1_3C6","3C3","2016-08-09","2016-08-09","D17_TEAK_PIT1_ARCHIVE_174-185_3C6","NEON",174.0,185.0,,3600.3
"36734505-95f8-454d-8c5b-7ed0da088f6f","D17","TEAK","MEGAPT112298","D17_TEAK_PIT1","17_TEAK_PIT1_3C5","3C2","2016-08-09","2016-08-09","D17_TEAK_PIT1_ARCHIVE_162-174_3C5","NEON",162.0,174.0,,3600.3
"1c417ecd-b718-4bc9-b1fd-506ac5dda5c3","D17","TEAK","MEGAPT112298","D17_TEAK_PIT1","17_TEAK_PIT1_A","A1","2016-08-09","2016-08-09",,,,,,
"c95eed58-38d3-403b-89eb-2906bdc7fa92","D17","TEAK","MEGAPT112298","D17_TEAK_PIT1","17_TEAK_PIT1_A","A1","2016-08-09","2016-08-09",,,,,,
"fd2cd7ce-3771-4769-af67-f071c92ad6c4","D17","TEAK","MEGAPT112298","D17_TEAK_PIT1","17_TEAK_PIT1_C1","A2","2016-08-09","2016-08-09","D17_TEAK_PIT1_ARCHIVE_43-67_C1(43-67INCREMENT)","NEON",43.0,67.0,,3601.5
"3bc56c00-7216-40a1-b2db-3559153fd9fd","D17","TEAK","MEGAPT112298","D17_TEAK_PIT1","17_TEAK_PIT1_2C3","2AC","2016-08-09","2016-08-09","D17_TEAK_PIT1_ARCHIVE_101-132_2C3","NEON",101.0,132.0,,3600.3
"a22e9448-b5db-4bcc-b912-dfb965cce9ca","D17","TEAK","MEGAPT112298","D17_TEAK_PIT1","17_TEAK_PIT1_A","A1","2016-08-09","2016-08-09",,,,,,
"df0421c5-f5a9-4e54-9bc2-6fc6fc08ae3e","D17","TEAK","MEGAPT112298","D17_TEAK_PIT1","17_TEAK_PIT1_3CR","R","2016-08-09","2016-08-09",,,,,,
"3b31c5de-211d-4b5b-8929-d4471efccdf0","D17","TEAK","MEGAPT112298","D17_TEAK_PIT1","17_TEAK_PIT1_C1","A2","2016-08-09","2016-08-09","D17_TEAK_PIT1_ARCHIVE_19-43_C1(19-43INCREMENT)","NEON",19.0,43.0,,3600.7
"e7e8f6c9-f592-4770-a41c-7f7f3de7ba64","D17","TEAK","MEGAPT112298","D17_TEAK_PIT1","17_TEAK_PIT1_A","A1","2016-08-09","2016-08-09","D17_TEAK_PIT1_ARCHIVE_0-19_A","NEON",0.0,19.0,,3600.5
