uid,domainID,siteID,pitNamedLocation,pitID,horizonID,biogeoID,horizonName,biogeoHorizonProportion,biogeoSampleType,setDate,collectDate,coarseFrag2To5,coarseFrag5To20,sandTotal,siltTotal,clayTotal,carbonateClay,clayFineContent,siltFineContent,siltCoarseContent,sandVeryFineContent,sandFineContent,sandMediumContent,sandCoarseContent,sandVeryCoarseContent,carbonTot,nitrogenTot,sulfurTot,estimatedOC,airDryOvenDry,alMjelm,caMjelm,feMjelm,kMjelm,mgMjelm,mnMjelm,naMjelm,pMjelm,siMjelm,srMjelm,tiMjelm,zrMjelm,phCacl2,phH2o,ec12pre,gypsumConc,caco3Conc,caNh4d,kNh4d,mgNh4d,naNh4d,cecdNh4,alSatCecd33,baseSumCecd10,bsesatCecd10,ececCecd33,alKcl,feKcl,mnKcl,bSatx,brSatx,caSatx,clSatx,co3Satx,ecSatp,flSatx,waterSatx,hco3Sx,kSatx,mgSatx,naSatx,no2Satx,no3Satx,pSatx,phSp,resist,so4Satx,laboratoryName,labProjID,biogeoTopDepth,biogeoBottomDepth,biogeoCenterDepth,remarks
"af5cfa87-dbec-4ec4-9ae8-8e135272c2b7","D17","TEAK","MEGAPT112298","D17_TEAK_PIT1","17_TEAK_PIT1_A","D17_TEAK_PIT1_BIOGEO_0-19_A","A1",1.0,"Regular","2016-08-09","2016-08-09",62,58,79.7,17.6,2.7,,,8.5,9.1,12.0,22.7,19.5,13.7,11.8,51.7,2.00,0.00,52.0,1.015,50935,16485,20806,15832,4783,522,13729,531,238027,200,2604,33,4.8,5.7,0.38,,,3.0,0.1,0.0,0.0,16.4,3,3.1,19,3.2,0.1,,7.1,,0.0,0.3,0.3,0.0,0.11,0.0,52.10,0.2,0.1,0.0,0.0,0.0,0.0,0.0,5.4,,0.0,"USDA NRCS Kellogg Soil Survey Laboratory - Lincoln - NE","C2016USCA138",0.0,19.0,9.5,
"450287e2-1ec0-42ab-83ad-b2952f2aaf79","D17","TEAK","MEGAPT112298","D17_TEAK_PIT1","17_TEAK_PIT1_A","D17_TEAK_PIT1_BIOGEO_BIOGEO4","A1",1.0,"Audit","2016-08-09","2016-08-09",78,63,78.7,18.5,2.8,,,9.1,9.4,12.0,23.5,19.8,14.1,9.3,52.3,2.00,0.00,52.0,1.015,46245,17906,23137,16828,3624,606,14091,615,245061,191,2915,31,4.8,5.7,0.03,,,2.7,0.1,0.0,0.0,16.2,35,2.8,17,4.3,1.5,,1.0,,,,,,,,,,,,,,,,,,,"USDA NRCS Kellogg Soil Survey Laboratory - Lincoln - NE","C2016USCA138",0.0,19.0,9.5,
"875bbdc9-2f3b-460a-8892-5bb5f192c2a4","D17","TEAK","MEGAPT112298","D17_TEAK_PIT1","17_TEAK_PIT1_C1","D17_TEAK_PIT1_BIOGEO_43-67_C1(43-67INCREMENT)","A2",0.5,"Regular","2016-08-09","2016-08-09",75,67,79.2,18.2,2.6,,,8.8,9.4,13.5,21.2,20.6,13.3,10.6,30.0,1.50,0.00,30.0,1.014,60129,19625,27608,19056,5704,548,16810,582,296677,233,3428,32,4.9,5.2,0.11,,,0.6,0.2,0.0,0.0,10.6,58,0.8,8,1.9,1.1,,0.2,,,,,,,,,,,,,,,,,,,"USDA NRCS Kellogg Soil Survey Laboratory - Lincoln - NE","C2016USCA138",43.0,67.0,55.0,
"dcc1691c-bfda-4395-a5cf-11edba5ca23e","D17","TEAK","MEGAPT112298","D17_TEAK_PIT1","17_TEAK_PIT1_3C6","D17_TEAK_PIT1_BIOGEO_174-185_3C6","3C3",1.0,"Regular","2016-08-09","2016-08-09",89,166,81.3,15.4,3.3,,,8.0,7.4,11.3,21.2,21.6,17.5,9.7,3.0,0.50,0.00,3.0,1.007,48120,16274,33070,15969,3440,536,17829,576,298924,206,4127,40,5.1,5.5,0.02,,,0.4,0.0,0.0,0.0,3.0,64,0.4,13,1.1,0.7,,0.0,,,,,,,,,,,,,,,,,,,"USDA NRCS Kellogg Soil Survey Laboratory - Lincoln - NE","C2016USCA138",174.0,185.0,179.5,
"b4da8f88-b840-490e-8f18-bc5d0e961f73","D17","TEAK","MEGAPT112298","D17_TEAK_PIT1","17_TEAK_PIT1_2C4","D17_TEAK_PIT1_BIOGEO_132-162_2C4","2C1",1.0,"Regular","2016-08-09","2016-08-09",103,252,79.9,17.5,2.6,,,7.6,9.9,13.3,22.9,21.7,14.5,7.5,7.1,0.50,0.00,7.0,1.008,57796,19522,23420,17191,4835,423,16608,367,290484,241,2933,25,5.0,5.2,0.26,,,0.4,0.0,0.0,0.0,3.9,50,0.4,10,0.8,0.4,,0.0,,0.0,0.2,1.3,0.0,0.20,0.0,29.60,0.1,0.0,0.2,0.0,0.0,0.1,0.0,5.1,,0.0,"USDA NRCS Kellogg Soil Survey Laboratory - Lincoln - NE","C2016USCA138",132.0,162.0,147.0,
"d7ee336b-f623-42f0-98c1-a2a88fbd9e55","D17","TEAK","MEGAPT112298","D17_TEAK_PIT1","17_TEAK_PIT1_C2","D17_TEAK_PIT1_BIOGEO_67-101_C2","A3",1.0,"Regular","2016-08-09","2016-08-09",81,127,79.1,18.4,2.5,,,8.7,9.7,14.2,24.2,20.0,14.2,6.5,20.4,1.10,0.00,20.0,1.012,55117,16683,24181,16850,4143,455,15035,663,275222,208,3042,23,5.1,5.4,0.11,,,0.6,0.1,0.0,0.0,8.1,50,0.7,9,1.4,0.7,,0.2,,,,,,,,,,,,,,,,,,,"USDA NRCS Kellogg Soil Survey Laboratory - Lincoln - NE","C2016USCA138",67.0,101.0,84.0,
"965eebac-5413-4475-85e7-9ca987e7fade","D17","TEAK","MEGAPT112298","D17_TEAK_PIT1","17_TEAK_PIT1_3C5","D17_TEAK_PIT1_BIOGEO_162-174_3C5","3C2",1.0,"Regular","2016-08-09","2016-08-09",91,102,77.0,18.4,4.6,,,9.4,9.0,12.7,21.0,22.5,14.0,6.8,5.2,0.20,0.00,5.0,1.008,50922,18143,27671,15747,4210,489,15508,418,274834,204,3474,19,5.0,5.2,0.08,,,0.4,0.0,0.0,0.0,4.0,67,0.4,10,1.2,0.8,,0.1,,,,,,,,,,,,,,,,,,,"USDA NRCS Kellogg Soil Survey Laboratory - Lincoln - NE","C2016USCA138",162.0,174.0,168.0,
"19e84194-3724-4551-9ead-fd37a72f6c41","D17","TEAK","MEGAPT112298","D17_TEAK_PIT1","17_TEAK_PIT1_A","D17_TEAK_PIT1_BIOGEO_BIOGEO2","A1",1.0,"Audit","2016-08-09","2016-08-09",57,65,78.5,19.0,2.5,,,9.2,9.8,13.0,23.1,20.5,14.7,7.2,56.6,2.40,0.00,57.0,1.014,52878,18100,26391,18767,4136,651,16245,633,291751,222,3388,33,4.8,5.7,0.03,,,3.0,0.3,0.1,0.0,17.8,31,3.4,19,4.9,1.5,,1.1,,,,,,,,,,,,,,,,,,,"USDA NRCS Kellogg Soil Survey Laboratory - Lincoln - NE","C2016USCA138",0.0,19.0,9.5,
"425cdf73-7103-4753-823a-2a334d5c3513","D17","TEAK","MEGAPT112298","D17_TEAK_PIT1","17_TEAK_PIT1_A","D17_TEAK_PIT1_BIOGEO_BIOGEO1","A1",1.0,"Audit","2016-08-09","2016-08-09",77,65,80.6,16.8,2.6,,,8.3,8.5,12.7,23.2,20.1,15.2,9.4,59.9,2.60,0.00,60.0,1.016,53973,18748,26827,18200,3904,683,16385,714,283276,221,3398,37,4.8,5.6,0.03,,,2.9,0.1,0.0,0.0,17.1,14,3.0,18,3.5,0.5,,0.0,,,,,,,,,,,,,,,,,,,"USDA NRCS Kellogg Soil Survey Laboratory - Lincoln - NE","C2016USCA138",0.0,19.0,9.5,
"b2514e87-01e6-4410-b381-36b8c4aec93c","D17","TEAK","MEGAPT112298","D17_TEAK_PIT1","17_TEAK_PIT1_A","D17_TEAK_PIT1_BIOGEO_BIOGEO3","A1",1.0,"Audit","2016-08-09","2016-08-09",78,53,78.5,18.9,2.6,,,9.8,9.1,12.7,22.9,19.6,14.4,8.9,67.3,2.50,0.00,67.0,1.014,51710,19477,26607,18282,4040,683,16171,722,279483,219,3272,35,4.8,5.6,0.04,,,3.3,0.1,0.0,0.0,18.8,31,3.4,18,4.9,1.5,,1.1,,,,,,,,,,,,,,,,,,,"USDA NRCS Kellogg Soil Survey Laboratory - Lincoln - NE","C2016USCA138",0.0,19.0,9.5,
"93068bad-a501-4dae-b65e-f1540e41573e","D17","TEAK","MEGAPT112298","D17_TEAK_PIT1","17_TEAK_PIT1_2C3","D17_TEAK_PIT1_BIOGEO_101-132_2C3","2AC",1.0,"Regular","2016-08-09","2016-08-09",99,309,79.0,18.7,2.3,,,8.2,10.5,13.3,23.7,21.9,14.1,6.0,17.6,0.80,0.00,18.0,1.011,59730,19438,25623,17664,5114,462,16503,429,296490,235,3158,31,5.0,5.3,0.12,,,0.5,0.0,0.0,0.0,6.8,62,0.5,7,1.3,0.8,,0.1,,,,,,,,,,,,,,,,,,,"USDA NRCS Kellogg Soil Survey Laboratory - Lincoln - NE","C2016USCA138",101.0,132.0,116.5,
"a2cf4ec9-cd45-4ee7-ac57-758ce66e9577","D17","TEAK","MEGAPT112298","D17_TEAK_PIT1","17_TEAK_PIT1_3CR",,"R",,,"2016-08-09","2016-08-09",,,,,,,,,,,,,,,,,,,,,,,,,,,,,,,,,,,,,,,,,,,,,,,,,,,,,,,,,,,,,,,,,,,,,,,,
"253fe509-a3fe-4242-b4e6-237b014b62ee","D17","TEAK","MEGAPT112298","D17_TEAK_PIT1","17_TEAK_PIT1_C1","D17_TEAK_PIT1_BIOGEO_19-43_C1(19-43INCREMENT)","A2",0.5,"Regular","2016-08-09","2016-08-09",77,87,79.6,17.5,2.9,,,8.2,9.3,13.1,22.9,20.7,14.5,8.4,23.8,1.20,0.00,24.0,1.013,61326,19565,26291,18554,5441,543,16384,555,283594,239,3300,30,5.1,5.5,0.27,,,0.7,0.0,0.0,0.0,8.2,53,0.7,9,1.5,0.8,,0.2,,0.0,0.1,0.3,0.0,0.09,0.0,37.80,0.1,0.0,0.0,0.0,0.0,0.2,0.0,5.2,,0.0,"USDA NRCS Kellogg Soil Survey Laboratory - Lincoln - NE","C2016USCA138",19.0,43.0,31.0,
"b7ed166d-d378-43ed-ad0e-99d6a29e5fbb","D17","TEAK","MEGAPT112298","D17_TEAK_PIT1","17_TEAK_PIT1_3C7","D17_TEAK_PIT1_BIOGEO_185-205_3C7","3C4",1.0,"Regular","2016-08-09","2016-08-09",103,231,82.1,16.2,1.7,,,6.6,9.6,13.3,25.0,22.7,14.4,6.7,2.2,0.20,0.00,2.0,1.005,47748,19455,25271,16205,3469,446,17712,560,288963,227,3103,26,5.2,5.5,0.03,,,0.3,0.0,0.0,0.0,1.9,,0.3,16,,,,,,,,,,,,,,,,,,,,,,,"USDA NRCS Kellogg Soil Survey Laboratory - Lincoln - NE","C2016USCA138",185.0,205.0,195.0,
