uid,domainID,siteID,pitNamedLocation,pitID,horizonID,bulkDensID,horizonName,setDate,collectDate,laboratoryName,labProjID,bulkDensCenterDepth,bulkDensTopDepth,bulkDensBottomDepth,bulkDensHorizonProportion,bulkDensSampleType,bulkDensExclCoarseFrag,remarks
"b6722d49-4bc0-418f-89b2-cd9fce29b162","D17","TEAK","MEGAPT112298","D17_TEAK_PIT1","17_TEAK_PIT1_2C3","D17_TEAK_PIT1_BULKD_115-120_2C3","2AC","2016-08-09","2016-08-09","USDA NRCS Kellogg Soil Survey Laboratory - Lincoln - NE","C2016USCA138",117.5,115.0,120.0,1.0,"Regular",1.0355,
"ed5d16ac-eaff-465d-b481-4200cf3b7d2c","D17","TEAK","MEGAPT112298","D17_TEAK_PIT1","17_TEAK_PIT1_3CR",,"R","2016-08-09","2016-08-09",,,,,,,,,
"4d794be4-50b9-4494-a77c-bb07787528e0","D17","TEAK","MEGAPT112298","D17_TEAK_PIT1","17_TEAK_PIT1_2C4","D17_TEAK_PIT1_BULKD_140-145_2C4","2C1","2016-08-09","2016-08-09","USDA NRCS Kellogg Soil Survey Laboratory - Lincoln - NE","C2016USCA138",142.5,140.0,145.0,1.0,"Regular",1.1426,
"15f91c05-c2b2-48d0-ab57-8853490818df","D17","TEAK","MEGAPT112298","D17_TEAK_PIT1","17_TEAK_PIT1_A","D17_TEAK_PIT1_BULKD_10-15_A","A1","2016-08-09","2016-08-09","USDA NRCS Kellogg Soil Survey Laboratory - Lincoln - NE","C2016USCA138",12.5,10.0,15.0,1.0,"Regular",1.0270,
"fd61a6dd-36e5-4ba3-88cd-4e1398e71b33","D17","TEAK","MEGAPT112298","D17_TEAK_PIT1","17_TEAK_PIT1_C1","D17_TEAK_PIT1_BULKD_45-50_C1(43-67INCREMENT)","A2","2016-08-09","2016-08-09","USDA NRCS Kellogg Soil Survey Laboratory - Lincoln - NE","C2016USCA138",47.5,45.0,50.0,0.5,"Regular",1.1081,
"c9999c7c-00ea-4d41-bee5-bd5d8ddf996c","D17","TEAK","MEGAPT112298","D17_TEAK_PIT1","17_TEAK_PIT1_A","D17_TEAK_PIT1_BULKD_BULKD3","A1","2016-08-09","2016-08-09","USDA NRCS Kellogg Soil Survey Laboratory - Lincoln - NE","C2016USCA138",12.5,10.0,15.0,1.0,"Audit",1.0544,
"a08b2ac7-92ec-41b8-818c-eda8e6192be4","D17","TEAK","MEGAPT112298","D17_TEAK_PIT1","17_TEAK_PIT1_3C5","D17_TEAK_PIT1_BULKD_165-170_3C5","3C2","2016-08-09","2016-08-09","USDA NRCS Kellogg Soil Survey Laboratory - Lincoln - NE","C2016USCA138",167.5,165.0,170.0,1.0,"Regular",1.3981,
"59e8e0ef-a764-49c8-b8d1-12bae7757d14","D17","TEAK","MEGAPT112298","D17_TEAK_PIT1","17_TEAK_PIT1_3C7","D17_TEAK_PIT1_BULKD_185-190_3C7","3C4","2016-08-09","2016-08-09","USDA NRCS Kellogg Soil Survey Laboratory - Lincoln - NE","C2016USCA138",187.5,185.0,190.0,1.0,"Regular",1.5722,
"88d6f421-5cbc-4488-8547-e103488adb21","D17","TEAK","MEGAPT112298","D17_TEAK_PIT1","17_TEAK_PIT1_C2","D17_TEAK_PIT1_BULKD_80-85_C2","A3","2016-08-09","2016-08-09","USDA NRCS Kellogg Soil Survey Laboratory - Lincoln - NE","C2016USCA138",82.5,80.0,85.0,1.0,"Regular",1.2312,
"8f826ce6-4b89-473d-9ad6-f38fea06d15f","D17","TEAK","MEGAPT112298","D17_TEAK_PIT1","17_TEAK_PIT1_A","D17_TEAK_PIT1_BULKD_BULKD4","A1","2016-08-09","2016-08-09","USDA NRCS Kellogg Soil Survey Laboratory - Lincoln - NE","C2016USCA138",12.5,10.0,15.0,1.0,"Audit",1.0000,
"2f03cd57-bd78-4867-bd72-5febaf37c5cc","D17","TEAK","MEGAPT112298","D17_TEAK_PIT1","17_TEAK_PIT1_3C6","D17_TEAK_PIT1_BULKD_175-180_3C6","3C3","2016-08-09","2016-08-09","USDA NRCS Kellogg Soil Survey Laboratory - Lincoln - NE","C2016USCA138",177.5,175.0,180.0,1.0,"Regular",1.2300,
"9955100f-a96f-4432-9256-8503bb1c1902","D17","TEAK","MEGAPT112298","D17_TEAK_PIT1","17_TEAK_PIT1_A","D17_TEAK_PIT1_BULKD_BULKD1","A1","2016-08-09","2016-08-09","USDA NRCS Kellogg Soil Survey Laboratory - Lincoln - NE","C2016USCA138",12.5,10.0,15.0,1.0,"Audit",0.5055,
"d3fb42a6-f21b-44ac-bfa1-73c696e93a38","D17","TEAK","MEGAPT112298","D17_TEAK_PIT1","17_TEAK_PIT1_A","D17_TEAK_PIT1_BULKD_BULKD2","A1","2016-08-09","2016-08-09","USDA NRCS Kellogg Soil Survey Laboratory - Lincoln - NE","C2016USCA138",12.5,10.0,15.0,1.0,"Audit",1.0504,
"7e3e3c34-a9ef-464d-9edf-88281e91f1d2","D17","TEAK","MEGAPT112298","D17_TEAK_PIT1","17_TEAK_PIT1_C1","D17_TEAK_PIT1_BULKD_20-25_C1(19-43INCREMENT)","A2","2016-08-09","2016-08-09","USDA NRCS Kellogg Soil Survey Laboratory - Lincoln - NE","C2016USCA138",22.5,20.0,25.0,0.5,"Regular",1.0799,
