uid,domainID,siteID,pitNamedLocation,pitID,horizonID,horizonName,setDate,collectDate,horizonTopDepth,horizonBottomDepth,nrcsDescriptionID,remarks
"4377f4b6-1f1e-453a-8f3d-d23fd0ed6711","D17","TEAK","MEGAPT112298","D17_TEAK_PIT1","17_TEAK_PIT1_A","A1","2016-08-09","2016-08-09",0.0,19.0,"S2016CA016002",
"7c298389-a7d2-44a9-a27f-5c83e254e5e0","D17","TEAK","MEGAPT112298","D17_TEAK_PIT1","17_TEAK_PIT1_3C7","3C4","2016-08-09","2016-08-09",185.0,205.0,"S2016CA016002",
"92670157-17ad-45c6-9d77-9e024447a3a8","D17","TEAK","MEGAPT112298","D17_TEAK_PIT1","17_TEAK_PIT1_C1","A2","2016-08-09","2016-08-09",19.0,67.0,"S2016CA016002",
"ef3443e1-c2cc-423d-ba19-fa5c4436f093","D17","TEAK","MEGAPT112298","D17_TEAK_PIT1","17_TEAK_PIT1_3CR","R","2016-08-09","2016-08-09",205.0,225.0,"S2016CA016002",
"21d163fd-fb41-486e-b703-26fc3a4230fa","D17","TEAK","MEGAPT112298","D17_TEAK_PIT1","17_TEAK_PIT1_C2","A3","2016-08-09","2016-08-09",67.0,101.0,"S2016CA016002",
"75d0b462-bdc3-434f-b080-1d6cfa355575","D17","TEAK","MEGAPT112298","D17_TEAK_PIT1","17_TEAK_PIT1_3C6","3C3","2016-08-09","2016-08-09",174.0,185.0,"S2016CA016002",
"413b3059-341c-401c-a91c-6efb4272b9a3","D17","TEAK","MEGAPT112298","D17_TEAK_PIT1","17_TEAK_PIT1_3C5","3C2","2016-08-09","2016-08-09",162.0,174.0,"S2016CA016002",
"dccb82c1-02e2-4c83-a49b-8119dba3e49d","D17","TEAK","MEGAPT112298","D17_TEAK_PIT1","17_TEAK_PIT1_2C4","2C1","2016-08-09","2016-08-09",132.0,162.0,"S2016CA016002",
"f6817bd8-c99a-4cd7-90f7-12166d8aca08","D17","TEAK","MEGAPT112298","D17_TEAK_PIT1","17_TEAK_PIT1_2C3","2AC","2016-08-09","2016-08-09",101.0,132.0,"S2016CA016002",
