uid,domainID,siteID,pitNamedLocation,pitID,horizonID,bulkDensID,horizonName,setDate,collectDate,laboratoryName,labProjID,bulkDensCenterDepth,bulkDensTopDepth,bulkDensBottomDepth,bulkDensHorizonProportion,bulkDensSampleType,bulkDensExclCoarseFrag,remarks
"291ad299-bb9a-4f16-b10c-042e9b7eee18","D11","OAES","MEGAPT100986","11_KLEMME_PIT1","11_KLEMME_PIT1_CR2","11_KLEMME_PIT1_32-39_BULKD_CR2","CR2","2013-02-19","2013-02-19","USDA NRCS Kellogg Soil Survey Laboratory - Lincoln - NE","I2013USOK059",35.5,32.0,39.0,1.0,"Regular",1.5158,
"9423ad73-eea6-4049-8403-1096382addbd","D11","OAES","MEGAPT100986","11_KLEMME_PIT1","11_KLEMME_PIT1_BW","11_KLEMME_PIT1_9-19_BULKD_BW","Bw","2013-02-19","2013-02-19","USDA NRCS Kellogg Soil Survey Laboratory - Lincoln - NE","I2013USOK059",14.0,9.0,19.0,1.0,"Regular",1.6081,
"5738d4f6-087b-4823-9280-4e7a415d6a3d","D11","OAES","MEGAPT100986","11_KLEMME_PIT1","11_KLEMME_PIT1_CR1","11_KLEMME_PIT1_20-30_BULKD_CR1","CR1","2013-02-19","2013-02-19","USDA NRCS Kellogg Soil Survey Laboratory - Lincoln - NE","I2013USOK059",25.0,20.0,30.0,1.0,"Regular",1.5805,
"ee3f3a4f-4e43-4732-a585-23fd2f956f68","D11","OAES","MEGAPT100986","11_KLEMME_PIT1","11_KLEMME_PIT1_R",,"R","2013-02-19","2013-02-19",,,,,,,,,
"c33be5a1-2275-4bd1-9b50-c82bfcbe4948","D11","OAES","MEGAPT100986","11_KLEMME_PIT1","11_KLEMME_PIT1_A","11_KLEMME_PIT1_0-8_BULKD_A","A","2013-02-19","2013-02-19","USDA NRCS Kellogg Soil Survey Laboratory - Lincoln - NE","I2013USOK059",4.0,0.0,8.0,1.0,"Regular",1.3401,
