uid,domainID,siteID,pitNamedLocation,pitID,horizonID,horizonName,setDate,collectDate,archiveID,archiveLaboratoryName,archiveTopDepth,archiveBottomDepth,remarks,sampleMass
"d7aaadc1-4f27-4486-ab54-911889ae44d1","D11","OAES","MEGAPT100986","11_KLEMME_PIT1","11_KLEMME_PIT1_CR1","CR1","2013-02-19","2013-02-19","11_KLEMME_PIT1_20-31_ARCHIVE_CR1","NEON",20.0,31.0,,1997.1
"c2d6f987-900d-4aa0-b67a-2653c876eb34","D11","OAES","MEGAPT100986","11_KLEMME_PIT1","11_KLEMME_PIT1_CR2","CR2","2013-02-19","2013-02-19","11_KLEMME_PIT1_31-46_ARCHIVE_CR2","NEON",31.0,46.0,,2399.8
"a0e2b753-e164-4057-9490-65e39265c9a5","D11","OAES","MEGAPT100986","11_KLEMME_PIT1","11_KLEMME_PIT1_A","A","2013-02-19","2013-02-19","11_KLEMME_PIT1_0-8_ARCHIVE_A","NEON",0.0,8.0,,1200.8
"ae1ed9db-812a-4525-b6c8-56cec182840e","D11","OAES","MEGAPT100986","11_KLEMME_PIT1","11_KLEMME_PIT1_R","R","2013-02-19","2013-02-19","11_KLEMME_PIT1_46-50_ARCHIVE_R","NEON",46.0,50.0,,1200.0
"c58bda5d-6ddf-4607-a371-f850a7ee228f","D11","OAES","MEGAPT100986","11_KLEMME_PIT1","11_KLEMME_PIT1_BW","Bw","2013-02-19","2013-02-19","11_KLEMME_PIT1_8-20_ARCHIVE_BW","NEON",8.0,20.0,,1201.6
