uid,domainID,siteID,pitNamedLocation,pitID,horizonID,horizonName,setDate,collectDate,horizonTopDepth,horizonBottomDepth,nrcsDescriptionID,remarks
"c9408f28-4025-457c-8e20-3e735cc16fa6","D11","OAES","MEGAPT100986","11_KLEMME_PIT1","11_KLEMME_PIT1_CR1","CR1","2013-02-19","2013-02-19",20.0,31.0,"S2013OK149001",
"759bd1a4-c218-4972-83d5-4a23071f22af","D11","OAES","MEGAPT100986","11_KLEMME_PIT1","11_KLEMME_PIT1_CR2","CR2","2013-02-19","2013-02-19",31.0,46.0,"S2013OK149001",
"3f64240f-853e-45b8-802c-4720f9b28ac2","D11","OAES","MEGAPT100986","11_KLEMME_PIT1","11_KLEMME_PIT1_R","R","2013-02-19","2013-02-19",46.0,46.0,"S2013OK149001",
"80435a8a-aa49-4766-85d3-ee3b7bb13b3f","D11","OAES","MEGAPT100986","11_KLEMME_PIT1","11_KLEMME_PIT1_BW","Bw","2013-02-19","2013-02-19",8.0,20.0,"S2013OK149001",
"311c6a01-f866-4584-8529-650240ee6e1a","D11","OAES","MEGAPT100986","11_KLEMME_PIT1","11_KLEMME_PIT1_A","A","2013-02-19","2013-02-19",0.0,8.0,"S2013OK149001",
