uid,namedLocation,domainID,siteID,plotID,plotType,sampleID,sampleCode,ligninSampleID,ligninSampleBarcode,collectDate,analysisDate,analyticalRepNumber,dryMass,ligninPercent,cellulosePercent,measurementQF,accuracyQF,remarks,laboratoryName,testMethod,analyzedBy,reviewedBy,dataQF
"a7dfaa8c-df42-4c8a-9cef-e49f3def3eab","SOAP_011.basePlot.cfc","D17","SOAP","SOAP_011","distributed","P3kunhL9imAtK/zQL3ODmN/tRVUNM3/nBo9IepKHBLk=",,"P3kunhL9imAtK/zQL3ODmN/tRVUNM3/n0j7h6qtvrPXDat81i0GNYg==","A00000026222","2018-07-03T16:40Z","2018-09-18",1,0.465,5.78,18.31,"OK","OK",,"University of Florida Wetland Biogeochemistry Laboratory","WBL-M-028","8kr+qfmeu1FQ7vvHWE7F/A==","5NMApxg5Cd0pWFY84VRdIg==",
"13e73710-bd01-468c-8395-26fe9dc7109a","SOAP_011.basePlot.cfc","D17","SOAP","SOAP_011","distributed","P3kunhL9imAtK/zQL3ODmEYYEQDJKsCAJChZRsC+h9s=",,"P3kunhL9imAtK/zQL3ODmEYYEQDJKsCAjzYdwIDAXSu3XjuVXxxDFw==","A00000026289","2018-07-03T16:45Z","2018-09-18",1,0.511,5.40,14.01,"OK","OK",,"University of Florida Wetland Biogeochemistry Laboratory","WBL-M-028","8kr+qfmeu1FQ7vvHWE7F/A==","5NMApxg5Cd0pWFY84VRdIg==",
"eb1cd689-a72c-49b6-b5fb-f4c1fa118c7d","SOAP_011.basePlot.cfc","D17","SOAP","SOAP_011","distributed","P3kunhL9imAtK/zQL3ODmM4pnkV5lCR86s4ANMBd7HM=",,"P3kunhL9imAtK/zQL3ODmM4pnkV5lCR84WsmMMCC6xnUlVA4hUesfw==","A00000026257","2018-07-03T16:50Z","2018-09-18",1,0.523,6.65,21.29,"OK","OK",,"University of Florida Wetland Biogeochemistry Laboratory","WBL-M-028","8kr+qfmeu1FQ7vvHWE7F/A==","5NMApxg5Cd0pWFY84VRdIg==",
"e182022f-cccf-4682-bcbf-04a2fdf83f3f","SOAP_004.basePlot.cfc","D17","SOAP","SOAP_004","distributed","P3kunhL9imCEVtjyAAzgCOyrMQ3jhXz7E22MAFk2jeM=",,"P3kunhL9imCEVtjyAAzgCOyrMQ3jhXz7JkdkDgQO16HO5Waco5VZWA==","A00000026204","2018-07-03T18:54Z","2019-01-09",1,0.500,6.24,10.59,"OK","OK",,"University of Florida Wetland Biogeochemistry Laboratory","WBL-M-028","8kr+qfmeu1FQ7vvHWE7F/A==","5NMApxg5Cd0pWFY84VRdIg==",
"b0b5c520-e130-4ae0-9180-9906ade650f5","SOAP_004.basePlot.cfc","D17","SOAP","SOAP_004","distributed","P3kunhL9imCEVtjyAAzgCIR/+HHae81qWx+LM/X/1WU=",,"P3kunhL9imCEVtjyAAzgCIR/+HHae81quvkXRbXUGyICnGm7Kl4Wjg==","A00000026214","2018-07-03T18:55Z","2019-01-09",1,0.496,4.97,9.45,"OK","OK",,"University of Florida Wetland Biogeochemistry Laboratory","WBL-M-028","8kr+qfmeu1FQ7vvHWE7F/A==","5NMApxg5Cd0pWFY84VRdIg==",
"281e7ac8-7579-4cf0-94cf-f5fe2e1c9142","SOAP_004.basePlot.cfc","D17","SOAP","SOAP_004","distributed","P3kunhL9imC0nfaQkU3DFlBVqrU+ia8sH5e48uLWAX4=",,"P3kunhL9imC0nfaQkU3DFlBVqrU+ia8s7Z4RpWSuaX4=","A00000026269","2018-07-03T19:30Z","2019-01-09",1,0.509,15.59,24.68,"OK","OK",,"University of Florida Wetland Biogeochemistry Laboratory","WBL-M-028","8kr+qfmeu1FQ7vvHWE7F/A==","5NMApxg5Cd0pWFY84VRdIg==",
"947f6750-1e87-45d7-9665-c9790783f837","SOAP_009.basePlot.cfc","D17","SOAP","SOAP_009","distributed","P3kunhL9imAitCzxiVlkI2YLSpSOMToG7ZZ8sliqakU=",,"P3kunhL9imAitCzxiVlkI2YLSpSOMToGtMdFjdx5vFxD3GxaLAgzxw==","A00000030561","2018-07-03T21:10Z","2018-09-18",1,0.512,17.65,23.84,"OK","OK",,"University of Florida Wetland Biogeochemistry Laboratory","WBL-M-028","8kr+qfmeu1FQ7vvHWE7F/A==","5NMApxg5Cd0pWFY84VRdIg==",
"265942a5-851f-4a36-836b-1a747b6fa96b","SOAP_009.basePlot.cfc","D17","SOAP","SOAP_009","distributed","P3kunhL9imAlC8o2WmOPD140oyN9HecG6th4qxkfp9Q=",,"P3kunhL9imAlC8o2WmOPD140oyN9HecGb+ouoyuFjngWs5eq05V1AA==","A00000030566","2018-07-03T21:12Z","2019-01-09",1,0.497,18.22,14.25,"OK","OK",,"University of Florida Wetland Biogeochemistry Laboratory","WBL-M-028","8kr+qfmeu1FQ7vvHWE7F/A==","5NMApxg5Cd0pWFY84VRdIg==",
"02571075-2a6a-417a-bf24-6e61c58d3be9","SOAP_009.basePlot.cfc","D17","SOAP","SOAP_009","distributed","P3kunhL9imAlC8o2WmOPDwIlfUnwzEoWvwdlr8wqDhw=",,"P3kunhL9imAlC8o2WmOPDwIlfUnwzEoWj6ma+iF0Ti4P1oTi7zCMAw==","A00000030560","2018-07-03T21:14Z","2018-09-18",1,0.521,17.80,12.72,"OK","OK",,"University of Florida Wetland Biogeochemistry Laboratory","WBL-M-028","8kr+qfmeu1FQ7vvHWE7F/A==","5NMApxg5Cd0pWFY84VRdIg==",
