uid,namedLocation,domainID,siteID,plotID,plotType,sampleID,sampleCode,collectDate,ovenStartDate,ovenEndDate,sampleCondition,cnSampleID,cnSampleCode,ligninSampleID,ligninSampleBarcode,archiveSampleID,archiveSampleCode,archiveMass,toxicodendronPossible,processedBy,remarks,dataQF
"2e7e69a3-cb97-4061-993e-98778b9cd839","SOAP_011.basePlot.cfc","D17","SOAP","SOAP_011","distributed","P3kunhL9imAtK/zQL3ODmN/tRVUNM3/nBo9IepKHBLk=",,"2018-07-03T16:40Z","2018-07-05T16:15Z","2018-07-10T14:30Z","OK","P3kunhL9imAtK/zQL3ODmN/tRVUNM3/nNuhJ73ygFmc=","A00000026223","P3kunhL9imAtK/zQL3ODmN/tRVUNM3/n0j7h6qtvrPXDat81i0GNYg==","A00000026222","P3kunhL9imAtK/zQL3ODmN/tRVUNM3/nof8mKy0sx/o=","A00000026221",,,"fjames@battelleecology.org",,
"6548f4ca-4ca4-4c80-8bc3-4edefa9449a4","SOAP_011.basePlot.cfc","D17","SOAP","SOAP_011","distributed","P3kunhL9imAtK/zQL3ODmEYYEQDJKsCAJChZRsC+h9s=",,"2018-07-03T16:45Z","2018-07-05T16:15Z","2018-07-10T14:30Z","OK","P3kunhL9imAtK/zQL3ODmEYYEQDJKsCApc7yQ38tqgE=","A00000026288","P3kunhL9imAtK/zQL3ODmEYYEQDJKsCAjzYdwIDAXSu3XjuVXxxDFw==","A00000026289","P3kunhL9imAtK/zQL3ODmEYYEQDJKsCAaZQQlcGWs6k=","A00000026290",,,"fjames@battelleecology.org",,
"5cc97913-4501-4ba7-98f3-96c2d6fbe93f","SOAP_011.basePlot.cfc","D17","SOAP","SOAP_011","distributed","P3kunhL9imAtK/zQL3ODmM4pnkV5lCR86s4ANMBd7HM=",,"2018-07-03T16:50Z","2018-07-05T14:15Z","2018-07-10T14:30Z","OK","P3kunhL9imAtK/zQL3ODmM4pnkV5lCR8zdxvh9uj32A=","A00000026274","P3kunhL9imAtK/zQL3ODmM4pnkV5lCR84WsmMMCC6xnUlVA4hUesfw==","A00000026257","P3kunhL9imAtK/zQL3ODmM4pnkV5lCR8vwVuHJdTgQ0=","A00000026291",,,"fjames@battelleecology.org",,
"babd2ae2-745e-495b-9768-7ee86ccec6ac","SOAP_004.basePlot.cfc","D17","SOAP","SOAP_004","distributed","P3kunhL9imCEVtjyAAzgCOyrMQ3jhXz7E22MAFk2jeM=",,"2018-07-03T18:54Z","2018-07-05T16:15Z","2018-07-10T14:30Z","OK","P3kunhL9imCEVtjyAAzgCOyrMQ3jhXz7plHgSW0iDm0=","A00000026205","P3kunhL9imCEVtjyAAzgCOyrMQ3jhXz7JkdkDgQO16HO5Waco5VZWA==","A00000026204","P3kunhL9imCEVtjyAAzgCOyrMQ3jhXz7P2GbzDtDu6k=","A00000026203",,,"fjames@battelleecology.org",,
"b9a61087-d93f-4f05-aedd-4d97fa959b7d","SOAP_004.basePlot.cfc","D17","SOAP","SOAP_004","distributed","P3kunhL9imCEVtjyAAzgCIR/+HHae81qWx+LM/X/1WU=",,"2018-07-03T18:55Z","2018-07-05T16:15Z","2018-07-10T14:30Z","OK","P3kunhL9imCEVtjyAAzgCIR/+HHae81q7R0sPgrVD1Q=","A00000026213","P3kunhL9imCEVtjyAAzgCIR/+HHae81quvkXRbXUGyICnGm7Kl4Wjg==","A00000026214","P3kunhL9imCEVtjyAAzgCIR/+HHae81q/2DgRLoPB1w=","A00000026206",,,"fjames@battelleecology.org",,
"19864a0c-4012-453e-a904-d2b54807236d","SOAP_004.basePlot.cfc","D17","SOAP","SOAP_004","distributed","P3kunhL9imC0nfaQkU3DFlBVqrU+ia8sH5e48uLWAX4=",,"2018-07-03T19:30Z","2018-07-05T16:15Z","2018-07-10T14:30Z","OK","P3kunhL9imC0nfaQkU3DFlBVqrU+ia8sx0UOX5uOt80=","A00000026252","P3kunhL9imC0nfaQkU3DFlBVqrU+ia8s7Z4RpWSuaX4=","A00000026269","P3kunhL9imC0nfaQkU3DFlBVqrU+ia8sJT+mnk9VX9I=","A00000026253",,,"fjames@battelleecology.org",,
"cfdb2182-c901-4a7c-9404-d0e38453a5ad","SOAP_009.basePlot.cfc","D17","SOAP","SOAP_009","distributed","P3kunhL9imAitCzxiVlkI2YLSpSOMToG7ZZ8sliqakU=",,"2018-07-03T21:10Z","2018-07-05T16:15Z","2018-07-10T14:30Z","OK","P3kunhL9imAitCzxiVlkI2YLSpSOMToGU5QgIg7ZXhY=","A00000030563","P3kunhL9imAitCzxiVlkI2YLSpSOMToGtMdFjdx5vFxD3GxaLAgzxw==","A00000030561","P3kunhL9imAitCzxiVlkI2YLSpSOMToGUBBomCL5Mqw=","A00000030562",,,"fjames@battelleecology.org",,
"10a69ef9-343f-4641-8999-48367d75a1c5","SOAP_009.basePlot.cfc","D17","SOAP","SOAP_009","distributed","P3kunhL9imAlC8o2WmOPD140oyN9HecG6th4qxkfp9Q=",,"2018-07-03T21:12Z","2018-07-07T16:15Z","2018-07-10T14:30Z","OK","P3kunhL9imAlC8o2WmOPD140oyN9HecG3l0Ba5HQQk8=","A00000030564","P3kunhL9imAlC8o2WmOPD140oyN9HecGb+ouoyuFjngWs5eq05V1AA==","A00000030566","P3kunhL9imAlC8o2WmOPD140oyN9HecGOAUbHbYXp8A=","A00000030565",,,"fjames@battelleecology.org",,
"d8bf871c-4665-4f85-a3ba-c9fd90e5c44a","SOAP_009.basePlot.cfc","D17","SOAP","SOAP_009","distributed","P3kunhL9imAlC8o2WmOPDwIlfUnwzEoWvwdlr8wqDhw=",,"2018-07-03T21:14Z","2018-07-05T16:15Z","2018-07-10T14:30Z","OK","P3kunhL9imAlC8o2WmOPDwIlfUnwzEoWKpslYWKR0b0=","A00000030559","P3kunhL9imAlC8o2WmOPDwIlfUnwzEoWj6ma+iF0Ti4P1oTi7zCMAw==","A00000030560","P3kunhL9imAlC8o2WmOPDwIlfUnwzEoW8ULKf4kB8oI=","A00000030552",,,"fjames@battelleecology.org",,
