uid,namedLocation,domainID,siteID,plotID,plotType,sampleID,sampleCode,chlorophyllSampleID,chlorophyllSampleCode,collectDate,sampleCondition,extractionStartDate,extractionLength,freshMass,solventVolume,analyticalRepNumber,extractChlAConc,extractChlBConc,extractCarotConc,relativeAccuracyScale,handlingQF,measurementQF,remarks,laboratoryName,testMethod,analyzedBy,reviewedBy,dataQF
"221d3a1b-28d4-4039-aa7d-85b26a7bba3a","SOAP_011.basePlot.cfc","D17","SOAP","SOAP_011","distributed","P3kunhL9imAtK/zQL3ODmN/tRVUNM3/nBo9IepKHBLk=",,"P3kunhL9imAtK/zQL3ODmN/tRVUNM3/nsPvj2QwMYzEYy7UbnQkAng==","B00000009618","2018-07-03T16:40Z","OK","2018-07-15",48,0.1190,20,1,14.60,4.55,3.41,"B","OK","OK",,"EcoAnalysts Inc.","NEON_ChlandCarotenoids_Methanol","5SD3v6V9C763w1YKG/y7EA==","oRIgwAyNbI9p3dxUK5sY7g==",
"d94269dc-0fe7-4ed2-896e-d6b5eb613123","SOAP_011.basePlot.cfc","D17","SOAP","SOAP_011","distributed","P3kunhL9imAtK/zQL3ODmEYYEQDJKsCAJChZRsC+h9s=",,"P3kunhL9imAtK/zQL3ODmEYYEQDJKsCAH0gUwRJQ5I3jY8/1+MX/eg==","B00000009619","2018-07-03T16:45Z","OK","2018-07-15",48,0.1240,20,1,8.78,2.63,2.43,"B","OK","OK",,"EcoAnalysts Inc.","NEON_ChlandCarotenoids_Methanol","5SD3v6V9C763w1YKG/y7EA==","oRIgwAyNbI9p3dxUK5sY7g==",
"97a58027-dcd8-4332-92a3-2bc6b6aec8ed","SOAP_011.basePlot.cfc","D17","SOAP","SOAP_011","distributed","P3kunhL9imAtK/zQL3ODmM4pnkV5lCR86s4ANMBd7HM=",,"P3kunhL9imAtK/zQL3ODmM4pnkV5lCR8xefmAWmgRY8ESHPr7k2pCQ==","B00000009612","2018-07-03T16:50Z","OK","2018-07-15",48,0.1190,20,1,18.84,5.64,4.16,"B","OK","OK",,"EcoAnalysts Inc.","NEON_ChlandCarotenoids_Methanol","5SD3v6V9C763w1YKG/y7EA==","oRIgwAyNbI9p3dxUK5sY7g==",
"4c1a21b5-5728-4a86-8449-59b7a94de4c8","SOAP_004.basePlot.cfc","D17","SOAP","SOAP_004","distributed","P3kunhL9imCEVtjyAAzgCOyrMQ3jhXz7E22MAFk2jeM=",,"P3kunhL9imCEVtjyAAzgCOyrMQ3jhXz7jlfRrh2AR/kVhhJEFq72eA==","B00000009600","2018-07-03T18:54Z","OK","2018-07-15",48,0.1200,20,1,14.94,3.51,3.29,"B","OK","OK",,"EcoAnalysts Inc.","NEON_ChlandCarotenoids_Methanol","5SD3v6V9C763w1YKG/y7EA==","oRIgwAyNbI9p3dxUK5sY7g==",
"89fc493e-cf75-49b3-915d-197f54e8683e","SOAP_004.basePlot.cfc","D17","SOAP","SOAP_004","distributed","P3kunhL9imCEVtjyAAzgCIR/+HHae81qWx+LM/X/1WU=",,"P3kunhL9imCEVtjyAAzgCIR/+HHae81qcKIn3jU7TnUzSXGSHuM8DQ==","B00000009602","2018-07-03T18:55Z","OK","2018-07-15",48,0.1180,20,1,16.48,3.92,3.89,"B","OK","OK",,"EcoAnalysts Inc.","NEON_ChlandCarotenoids_Methanol","5SD3v6V9C763w1YKG/y7EA==","oRIgwAyNbI9p3dxUK5sY7g==",
"48891e00-d51d-4498-a986-29a4150d2c0e","SOAP_004.basePlot.cfc","D17","SOAP","SOAP_004","distributed","P3kunhL9imC0nfaQkU3DFlBVqrU+ia8sH5e48uLWAX4=",,"P3kunhL9imC0nfaQkU3DFlBVqrU+ia8sld4vuhv9BGw=","B00000009601","2018-07-03T19:30Z","OK","2018-07-15",48,0.2080,20,1,10.64,3.67,3.26,"B","OK","OK",,"EcoAnalysts Inc.","NEON_ChlandCarotenoids_Methanol","5SD3v6V9C763w1YKG/y7EA==","oRIgwAyNbI9p3dxUK5sY7g==",
"66d26d63-c525-4797-82cd-1dc387c02c0d","SOAP_009.basePlot.cfc","D17","SOAP","SOAP_009","distributed","P3kunhL9imAitCzxiVlkI2YLSpSOMToG7ZZ8sliqakU=",,"P3kunhL9imAitCzxiVlkI2YLSpSOMToGdP6zRSfdFjmxKR+YmSemeg==","B00000009617","2018-07-03T21:10Z","OK","2018-08-09",48,0.1105,20,1,6.37,1.80,1.85,"A","standard holding time exceeded","OK","received beyond hold time","EcoAnalysts Inc.","NEON_ChlandCarotenoids_Methanol","oRIgwAyNbI9p3dxUK5sY7g==","oRIgwAyNbI9p3dxUK5sY7g==",
"60f07d6c-30ab-404e-989c-384e5efaed8e","SOAP_009.basePlot.cfc","D17","SOAP","SOAP_009","distributed","P3kunhL9imAlC8o2WmOPD140oyN9HecG6th4qxkfp9Q=",,"P3kunhL9imAlC8o2WmOPD140oyN9HecG+JlT6zqJHhlA6FPlVExmLg==","B00000009615","2018-07-03T21:12Z","OK","2018-08-09",48,0.1143,20,1,7.48,1.82,2.27,"A","standard holding time exceeded","OK","received beyond hold time","EcoAnalysts Inc.","NEON_ChlandCarotenoids_Methanol","oRIgwAyNbI9p3dxUK5sY7g==","oRIgwAyNbI9p3dxUK5sY7g==",
"51f58e85-0c19-464a-bde9-2c7f61bf9e17","SOAP_009.basePlot.cfc","D17","SOAP","SOAP_009","distributed","P3kunhL9imAlC8o2WmOPDwIlfUnwzEoWvwdlr8wqDhw=",,"P3kunhL9imAlC8o2WmOPDwIlfUnwzEoWgLsI/ByP9tKrn4aBUo65ag==","B00000009616","2018-07-03T21:14Z","OK","2018-08-09",48,0.1176,20,1,8.55,2.13,2.47,"A","standard holding time exceeded","OK","received beyond hold time","EcoAnalysts Inc.","NEON_ChlandCarotenoids_Methanol","oRIgwAyNbI9p3dxUK5sY7g==","oRIgwAyNbI9p3dxUK5sY7g==",
