uid,namedLocation,domainID,siteID,plotID,plotType,sampleID,sampleCode,ligninSampleID,ligninSampleBarcode,collectDate,analysisDate,analyticalRepNumber,dryMass,digestVolume,foliarPhosphorusConc,foliarPotassiumConc,foliarCalciumConc,foliarMagnesiumConc,foliarSulfurConc,foliarManganeseConc,foliarIronConc,foliarCopperConc,foliarBoronConc,foliarZincConc,foliarPhosphorusQF,foliarPotassiumQF,foliarCalciumQF,foliarMagnesiumQF,foliarSulfurQF,foliarManganeseQF,foliarIronQF,foliarCopperQF,foliarBoronQF,foliarZincQF,remarks,laboratoryName,testMethod,analyzedBy,reviewedBy,dataQF
"874e1cb1-2755-476a-9b3e-c0e7b2de1e78","SOAP_011.basePlot.cfc","D17","SOAP","SOAP_011","distributed","P3kunhL9imAtK/zQL3ODmN/tRVUNM3/nBo9IepKHBLk=",,"P3kunhL9imAtK/zQL3ODmN/tRVUNM3/n0j7h6qtvrPXDat81i0GNYg==","A00000026222","2018-07-03T16:40Z","2020-10-15",1,0.196,25,0.332,1.227,3.281,0.417,0.177,24.2,95.8,3.9,19.8,14.7,"OK","OK","OK","OK","OK","OK","OK","OK","OK","OK",,"A and L Great Lakes","SOP APF-10-020","J/g6an6qIb0=","yOg/B621B2rBEidHmvFsEQ==",
"edc9ecde-39a0-461f-92c1-15dcaf879d47","SOAP_011.basePlot.cfc","D17","SOAP","SOAP_011","distributed","P3kunhL9imAtK/zQL3ODmEYYEQDJKsCAJChZRsC+h9s=",,"P3kunhL9imAtK/zQL3ODmEYYEQDJKsCAjzYdwIDAXSu3XjuVXxxDFw==","A00000026289","2018-07-03T16:45Z","2020-10-15",1,0.196,25,0.196,0.764,3.368,0.427,0.156,19.4,67.6,2.2,33.2,12.9,"OK","OK","OK","OK","OK","OK","OK","OK","OK","OK",,"A and L Great Lakes","SOP APF-10-020","J/g6an6qIb0=","yOg/B621B2rBEidHmvFsEQ==",
"0413e8dd-1dcc-453f-bd2c-8b50dde63ceb","SOAP_011.basePlot.cfc","D17","SOAP","SOAP_011","distributed","P3kunhL9imAtK/zQL3ODmM4pnkV5lCR86s4ANMBd7HM=",,"P3kunhL9imAtK/zQL3ODmM4pnkV5lCR84WsmMMCC6xnUlVA4hUesfw==","A00000026257","2018-07-03T16:50Z","2020-10-15",1,0.199,25,0.299,0.817,4.615,0.433,0.201,20.7,105.8,4.6,32.2,17.6,"OK","OK","OK","OK","OK","OK","OK","OK","OK","OK",,"A and L Great Lakes","SOP APF-10-020","J/g6an6qIb0=","yOg/B621B2rBEidHmvFsEQ==",
"fd90e641-8f11-4065-b532-c9fade92432b","SOAP_004.basePlot.cfc","D17","SOAP","SOAP_004","distributed","P3kunhL9imCEVtjyAAzgCOyrMQ3jhXz7E22MAFk2jeM=",,"P3kunhL9imCEVtjyAAzgCOyrMQ3jhXz7JkdkDgQO16HO5Waco5VZWA==","A00000026204","2018-07-03T18:54Z","2020-10-15",1,0.201,25,0.196,1.737,2.747,0.296,0.165,238.1,74.7,4.6,53.3,38.0,"OK","OK","OK","OK","OK","OK","OK","OK","OK","OK",,"A and L Great Lakes","SOP APF-10-020","J/g6an6qIb0=","yOg/B621B2rBEidHmvFsEQ==",
"92475367-9ea3-41c8-9037-c7b37d35f84a","SOAP_004.basePlot.cfc","D17","SOAP","SOAP_004","distributed","P3kunhL9imCEVtjyAAzgCIR/+HHae81qWx+LM/X/1WU=",,"P3kunhL9imCEVtjyAAzgCIR/+HHae81quvkXRbXUGyICnGm7Kl4Wjg==","A00000026214","2018-07-03T18:55Z","2020-10-15",1,0.197,25,0.196,1.927,2.059,0.294,0.183,185.4,109.3,6.0,54.6,60.2,"OK","OK","OK","OK","OK","OK","OK","OK","OK","OK",,"A and L Great Lakes","SOP APF-10-020","J/g6an6qIb0=","yOg/B621B2rBEidHmvFsEQ==",
"76bfd12e-bb33-408c-8332-2b980657bf65","SOAP_004.basePlot.cfc","D17","SOAP","SOAP_004","distributed","P3kunhL9imC0nfaQkU3DFlBVqrU+ia8sH5e48uLWAX4=",,"P3kunhL9imC0nfaQkU3DFlBVqrU+ia8s7Z4RpWSuaX4=","A00000026269","2018-07-03T19:30Z","2020-10-15",1,0.197,25,0.168,0.810,0.181,0.125,0.079,115.4,40.9,2.8,26.3,21.6,"OK","OK","OK","OK","OK","OK","OK","OK","OK","OK",,"A and L Great Lakes","SOP APF-10-020","J/g6an6qIb0=","yOg/B621B2rBEidHmvFsEQ==",
"acd605d4-5af5-4d00-b6ac-66b9c6316fd1","SOAP_009.basePlot.cfc","D17","SOAP","SOAP_009","distributed","P3kunhL9imAitCzxiVlkI2YLSpSOMToG7ZZ8sliqakU=",,"P3kunhL9imAitCzxiVlkI2YLSpSOMToGtMdFjdx5vFxD3GxaLAgzxw==","A00000030561","2018-07-03T21:10Z","2020-10-15",1,0.200,25,0.085,0.523,1.342,0.175,0.096,415.7,52.4,3.6,23.0,18.0,"OK","OK","OK","OK","OK","OK","OK","OK","OK","OK",,"A and L Great Lakes","SOP APF-10-020","J/g6an6qIb0=","yOg/B621B2rBEidHmvFsEQ==",
"f362bbfa-37cb-42f5-946f-c68f5e4d8783","SOAP_009.basePlot.cfc","D17","SOAP","SOAP_009","distributed","P3kunhL9imAlC8o2WmOPD140oyN9HecG6th4qxkfp9Q=",,"P3kunhL9imAlC8o2WmOPD140oyN9HecGb+ouoyuFjngWs5eq05V1AA==","A00000030566","2018-07-03T21:12Z","2020-10-15",1,0.198,25,0.153,1.209,0.897,0.158,0.102,36.2,54.8,3.4,19.3,21.1,"OK","OK","OK","OK","OK","OK","OK","OK","OK","OK",,"A and L Great Lakes","SOP APF-10-020","J/g6an6qIb0=","yOg/B621B2rBEidHmvFsEQ==",
"e2aedfe3-9aaf-4121-b3f5-1e9b9f02f745","SOAP_009.basePlot.cfc","D17","SOAP","SOAP_009","distributed","P3kunhL9imAlC8o2WmOPDwIlfUnwzEoWvwdlr8wqDhw=",,"P3kunhL9imAlC8o2WmOPDwIlfUnwzEoWj6ma+iF0Ti4P1oTi7zCMAw==","A00000030560","2018-07-03T21:14Z","2020-10-15",1,0.204,25,0.242,1.276,1.284,0.192,0.112,30.9,74.7,4.5,13.3,27.0,"OK","OK","OK","OK","OK","OK","OK","OK","OK","OK",,"A and L Great Lakes","SOP APF-10-020","J/g6an6qIb0=","yOg/B621B2rBEidHmvFsEQ==",
