uid,namedLocation,domainID,siteID,plotType,sampleID,sampleCode,collectDate,lmaSampleID,lmaSampleCode,lmaSampleCondition,tissueDescriptor,scanDate,scannedBy,freshMass,ovenStartDate,ovenEndDate,dryMass,weighedBy,scannedLeafNumber,leafArea,percentGreen,leafMassPerArea,dryMassFraction,measuredBy,remarks,dataQF
"5b78654e-4133-4a78-8b8f-75f161b5641d","SOAP_011.basePlot.cfc","D17","SOAP","distributed","P3kunhL9imAtK/zQL3ODmN/tRVUNM3/nBo9IepKHBLk=",,"2018-07-03T16:40Z","P3kunhL9imAtK/zQL3ODmN/tRVUNM3/nHJOeZi3oaWkFM2Nt14tVOw==",,"OK",,"2018-07-04T16:47Z","fjames@battelleecology.org",3.370,"2018-07-05T16:15Z","2018-07-10T14:41Z",1.140,"fjames@battelleecology.org",6,28855.0,100,39.5,0.338,"fjames@battelleecology.org",,
"198871aa-0a92-4706-bce5-d682e9f7196e","SOAP_011.basePlot.cfc","D17","SOAP","distributed","P3kunhL9imAtK/zQL3ODmEYYEQDJKsCAJChZRsC+h9s=",,"2018-07-03T16:45Z","P3kunhL9imAtK/zQL3ODmEYYEQDJKsCAZ6omD4pwFhpyah264iD/TQ==",,"OK",,"2018-07-04T16:42Z","fjames@battelleecology.org",3.860,"2018-07-05T16:15Z","2018-07-10T14:52Z",1.530,"fjames@battelleecology.org",8,28831.0,100,53.1,0.396,"fjames@battelleecology.org",,
"ae40410e-1e82-4d7c-beec-f88e8a7b8cac","SOAP_011.basePlot.cfc","D17","SOAP","distributed","P3kunhL9imAtK/zQL3ODmM4pnkV5lCR86s4ANMBd7HM=",,"2018-07-03T16:50Z","P3kunhL9imAtK/zQL3ODmM4pnkV5lCR8nzKEP7juPClXRIO32iuhug==",,"OK",,"2018-07-04T16:55Z","fjames@battelleecology.org",3.530,"2018-07-05T16:15Z","2018-07-10T14:49Z",1.360,"fjames@battelleecology.org",8,28234.0,100,48.2,0.385,"fjames@battelleecology.org",,
"d075ee8c-064e-4316-9ebe-cbc8a6ef9aa9","SOAP_004.basePlot.cfc","D17","SOAP","distributed","P3kunhL9imCEVtjyAAzgCOyrMQ3jhXz7E22MAFk2jeM=",,"2018-07-03T18:54Z","P3kunhL9imCEVtjyAAzgCOyrMQ3jhXz7BnVSMX7qRJAlHx52Ihbx8w==",,"OK",,"2018-07-04T18:00Z","fjames@battelleecology.org",3.770,"2018-07-05T16:15Z","2018-07-10T14:50Z",1.630,"fjames@battelleecology.org",16,23128.0,98,70.5,0.432,"fjames@battelleecology.org",,
"59a3ae65-a2eb-4524-a657-3c396f8448ae","SOAP_004.basePlot.cfc","D17","SOAP","distributed","P3kunhL9imCEVtjyAAzgCIR/+HHae81qWx+LM/X/1WU=",,"2018-07-03T18:55Z","P3kunhL9imCEVtjyAAzgCIR/+HHae81qd1Tlc17qgtPUkmYTFMWHFg==",,"OK",,"2018-07-04T17:55Z","fjames@battelleecology.org",3.310,"2018-07-05T16:15Z","2018-07-10T14:39Z",1.550,"fjames@battelleecology.org",10,23778.0,100,65.2,0.468,"fjames@battelleecology.org",,
"4a81cf87-cf1b-49ef-aed7-e9dd4669478e","SOAP_004.basePlot.cfc","D17","SOAP","distributed","P3kunhL9imC0nfaQkU3DFlBVqrU+ia8sH5e48uLWAX4=",,"2018-07-03T19:30Z","P3kunhL9imC0nfaQkU3DFlBVqrU+ia8sT58JrJC8Z5k=",,"OK",,"2018-07-04T17:42Z","fjames@battelleecology.org",3.110,"2018-07-05T16:15Z","2018-07-10T14:45Z",1.320,"fjames@battelleecology.org",18,4299.0,100,307.0,0.424,"fjames@battelleecology.org",,
"f05b37c4-f2cf-43b5-96c4-26975a17a7af","SOAP_009.basePlot.cfc","D17","SOAP","distributed","P3kunhL9imAitCzxiVlkI2YLSpSOMToG7ZZ8sliqakU=",,"2018-07-03T21:10Z","P3kunhL9imAitCzxiVlkI2YLSpSOMToGfG2cten3oud28Q+0kjgO7w==",,"OK",,"2018-07-04T17:30Z","fjames@battelleecology.org",5.220,"2018-07-05T16:15Z","2018-07-10T14:30Z",3.080,"fjames@battelleecology.org",,15338.0,100,200.8,0.590,"fjames@battelleecology.org",,
"151c5736-37cc-4986-afc6-fc9ca9db9a01","SOAP_009.basePlot.cfc","D17","SOAP","distributed","P3kunhL9imAlC8o2WmOPD140oyN9HecG6th4qxkfp9Q=",,"2018-07-03T21:12Z","P3kunhL9imAlC8o2WmOPD140oyN9HecGUNvtZf0O00y/v55licNDUQ==",,"OK",,"2018-07-04T17:10Z","fjames@battelleecology.org",2.610,"2018-07-05T16:15Z","2018-07-10T14:30Z",1.290,"fjames@battelleecology.org",70,9878.0,100,130.6,0.494,"fjames@battelleecology.org",,
"0821a801-c4cb-47bf-96a3-dd47d9838c4c","SOAP_009.basePlot.cfc","D17","SOAP","distributed","P3kunhL9imAlC8o2WmOPDwIlfUnwzEoWvwdlr8wqDhw=",,"2018-07-03T21:14Z","P3kunhL9imAlC8o2WmOPDwIlfUnwzEoWeenKKSCSwl1iTwu5wv2VDA==",,"OK",,"2018-07-04T17:25Z","fjames@battelleecology.org",2.710,"2018-07-05T16:15Z","2018-07-10T14:30Z",1.360,"fjames@battelleecology.org",55,10336.0,100,131.6,0.502,"fjames@battelleecology.org",,
