uid,namedLocation,domainID,siteID,plotID,plotType,sampleID,sampleCode,cnSampleID,cnSampleCode,collectDate,analysisDate,co2Trapped,d15N,d13C,nitrogenPercent,carbonPercent,CNratio,cnIsotopeQF,cnPercentQF,isotopeAccuracyQF,percentAccuracyQF,analyticalRepNumber,remarks,laboratoryName,testMethod,instrument,analyzedBy,reviewedBy,dataQF
"2e5672b6-c460-4d52-86d7-68305553322a","SOAP_011.basePlot.cfc","D17","SOAP","SOAP_011","distributed","P3kunhL9imAtK/zQL3ODmN/tRVUNM3/nBo9IepKHBLk=",,"P3kunhL9imAtK/zQL3ODmN/tRVUNM3/nNuhJ73ygFmc=","A00000026223","2018-07-03T16:40Z","2018-10-25","N",-3.8,-31.3,1.74,42.73,24.6,"OK","OK","OK","OK",1,,"University of Wyoming Stable Isotope Facility","010 EA-IRMS organic d15n, d13c, C% & N%","Carlo Erba 1110 Elemental Analyzer with Costech Zero Blank Autosampler plus Thermo Finnigan Delta Plus XP with Finnigan Conflo III Interface","rHBrhUbTwVSLtfc5tc9S18/eJGkjVJIj","L/6ZjMlRllRQ+sQbi+7sFw==","dryingProtocolError"
"1c9550ce-d74f-4155-be8f-e6eca1095aa0","SOAP_011.basePlot.cfc","D17","SOAP","SOAP_011","distributed","P3kunhL9imAtK/zQL3ODmEYYEQDJKsCAJChZRsC+h9s=",,"P3kunhL9imAtK/zQL3ODmEYYEQDJKsCApc7yQ38tqgE=","A00000026288","2018-07-03T16:45Z","2018-10-25","N",-3.3,-31.2,1.43,43.43,30.4,"OK","OK","OK","OK",1,,"University of Wyoming Stable Isotope Facility","010 EA-IRMS organic d15n, d13c, C% & N%","Carlo Erba 1110 Elemental Analyzer with Costech Zero Blank Autosampler plus Thermo Finnigan Delta Plus XP with Finnigan Conflo III Interface","rHBrhUbTwVSLtfc5tc9S18/eJGkjVJIj","L/6ZjMlRllRQ+sQbi+7sFw==","dryingProtocolError"
"a72d6b39-5559-4b27-9749-95920d2a8867","SOAP_011.basePlot.cfc","D17","SOAP","SOAP_011","distributed","P3kunhL9imAtK/zQL3ODmM4pnkV5lCR86s4ANMBd7HM=",,"P3kunhL9imAtK/zQL3ODmM4pnkV5lCR8zdxvh9uj32A=","A00000026274","2018-07-03T16:50Z","2018-10-25","N",-1.3,-30.2,2.15,42.33,19.7,"OK","OK","OK","OK",1,,"University of Wyoming Stable Isotope Facility","010 EA-IRMS organic d15n, d13c, C% & N%","Carlo Erba 1110 Elemental Analyzer with Costech Zero Blank Autosampler plus Thermo Finnigan Delta Plus XP with Finnigan Conflo III Interface","rHBrhUbTwVSLtfc5tc9S18/eJGkjVJIj","L/6ZjMlRllRQ+sQbi+7sFw==","dryingProtocolError"
"33992f9a-fbbb-46de-a809-bdfe2a16583f","SOAP_004.basePlot.cfc","D17","SOAP","SOAP_004","distributed","P3kunhL9imCEVtjyAAzgCOyrMQ3jhXz7E22MAFk2jeM=",,"P3kunhL9imCEVtjyAAzgCOyrMQ3jhXz7plHgSW0iDm0=","A00000026205","2018-07-03T18:54Z","2018-10-25","N",-1.1,-28.6,2.86,45.21,15.8,"OK","OK","OK","OK",1,,"University of Wyoming Stable Isotope Facility","010 EA-IRMS organic d15n, d13c, C% & N%","Carlo Erba 1110 Elemental Analyzer with Costech Zero Blank Autosampler plus Thermo Finnigan Delta Plus XP with Finnigan Conflo III Interface","rHBrhUbTwVSLtfc5tc9S18/eJGkjVJIj","L/6ZjMlRllRQ+sQbi+7sFw==","dryingProtocolError"
"66e5d1a9-7505-4b6c-be0a-08033c90b22b","SOAP_004.basePlot.cfc","D17","SOAP","SOAP_004","distributed","P3kunhL9imCEVtjyAAzgCIR/+HHae81qWx+LM/X/1WU=",,"P3kunhL9imCEVtjyAAzgCIR/+HHae81q7R0sPgrVD1Q=","A00000026213","2018-07-03T18:55Z","2018-10-25","N",-1.9,-29.3,3.24,45.85,14.2,"OK","OK","OK","OK",1,,"University of Wyoming Stable Isotope Facility","010 EA-IRMS organic d15n, d13c, C% & N%","Carlo Erba 1110 Elemental Analyzer with Costech Zero Blank Autosampler plus Thermo Finnigan Delta Plus XP with Finnigan Conflo III Interface","rHBrhUbTwVSLtfc5tc9S18/eJGkjVJIj","L/6ZjMlRllRQ+sQbi+7sFw==","dryingProtocolError"
"42f7d1a8-0cf3-4feb-939b-40c5491bcca4","SOAP_004.basePlot.cfc","D17","SOAP","SOAP_004","distributed","P3kunhL9imC0nfaQkU3DFlBVqrU+ia8sH5e48uLWAX4=",,"P3kunhL9imC0nfaQkU3DFlBVqrU+ia8sx0UOX5uOt80=","A00000026252","2018-07-03T19:30Z","2018-10-25","N",-5.4,-27.6,1.24,50.52,40.8,"OK","OK","OK","OK",1,,"University of Wyoming Stable Isotope Facility","010 EA-IRMS organic d15n, d13c, C% & N%","Carlo Erba 1110 Elemental Analyzer with Costech Zero Blank Autosampler plus Thermo Finnigan Delta Plus XP with Finnigan Conflo III Interface","rHBrhUbTwVSLtfc5tc9S18/eJGkjVJIj","L/6ZjMlRllRQ+sQbi+7sFw==","dryingProtocolError"
"f6dafc42-f824-4d6e-9b38-09d21ba7f0f2","SOAP_009.basePlot.cfc","D17","SOAP","SOAP_009","distributed","P3kunhL9imAitCzxiVlkI2YLSpSOMToG7ZZ8sliqakU=",,"P3kunhL9imAitCzxiVlkI2YLSpSOMToGU5QgIg7ZXhY=","A00000030563","2018-07-03T21:10Z","2018-10-25","N",-4.4,-28.3,1.20,48.46,40.2,"OK","OK","OK","OK",1,,"University of Wyoming Stable Isotope Facility","010 EA-IRMS organic d15n, d13c, C% & N%","Carlo Erba 1110 Elemental Analyzer with Costech Zero Blank Autosampler plus Thermo Finnigan Delta Plus XP with Finnigan Conflo III Interface","rHBrhUbTwVSLtfc5tc9S18/eJGkjVJIj","L/6ZjMlRllRQ+sQbi+7sFw==","dryingProtocolError"
"e9771f4d-6078-4c35-a888-3bae6af0e507","SOAP_009.basePlot.cfc","D17","SOAP","SOAP_009","distributed","P3kunhL9imAlC8o2WmOPD140oyN9HecG6th4qxkfp9Q=",,"P3kunhL9imAlC8o2WmOPD140oyN9HecG3l0Ba5HQQk8=","A00000030564","2018-07-03T21:12Z","2018-10-25","N",-3.0,-27.5,1.96,49.39,25.3,"OK","OK","OK","OK",1,,"University of Wyoming Stable Isotope Facility","010 EA-IRMS organic d15n, d13c, C% & N%","Carlo Erba 1110 Elemental Analyzer with Costech Zero Blank Autosampler plus Thermo Finnigan Delta Plus XP with Finnigan Conflo III Interface","rHBrhUbTwVSLtfc5tc9S18/eJGkjVJIj","L/6ZjMlRllRQ+sQbi+7sFw==","dryingProtocolError"
"c583dfcb-7776-4711-b922-44f78e9e4c2d","SOAP_009.basePlot.cfc","D17","SOAP","SOAP_009","distributed","P3kunhL9imAlC8o2WmOPDwIlfUnwzEoWvwdlr8wqDhw=",,"P3kunhL9imAlC8o2WmOPDwIlfUnwzEoWKpslYWKR0b0=","A00000030559","2018-07-03T21:14Z","2018-10-25","N",-2.8,-28.0,1.98,48.61,24.5,"OK","OK","OK","OK",1,,"University of Wyoming Stable Isotope Facility","010 EA-IRMS organic d15n, d13c, C% & N%","Carlo Erba 1110 Elemental Analyzer with Costech Zero Blank Autosampler plus Thermo Finnigan Delta Plus XP with Finnigan Conflo III Interface","rHBrhUbTwVSLtfc5tc9S18/eJGkjVJIj","L/6ZjMlRllRQ+sQbi+7sFw==","dryingProtocolError"
