uid,namedLocation,domainID,siteID,plotID,plotType,nlcdClass,geodeticDatum,decimalLatitude,decimalLongitude,coordinateUncertainty,elevation,elevationUncertainty,samplingProtocolVersion,collectDate,aopCollectDate,samplingImpractical,subplotID,sampleType,samplingMethod,sampleID,sampleCode,sampleCondition,chlorophyllSampleID,chlorophyllSampleCode,chlorophyllSamplePrepMethod,chlorophyllSampleCondition,clipCellNumber,clipID,clipLength,clipWidth,percentCoverClip,toxicodendronPossible,vstTag,tagID,individualID,taxonID,scientificName,plantStatus,canopyStatus,canopyPosition,leafSamplePosition,subsample1Height,subsample2Height,subsample3Height,crownPolygonID,crownPolygonConfidence,shapefileID,collectedBy,recordedBy,remarks,dataQF
"02cb2929-8ba7-4454-81d4-83d19204f889","SOAP_011.basePlot.cfc","D17","SOAP","SOAP_011","distributed","evergreenForest","WGS84",37.037301,-119.262730,20.4,1102.6,0.49,"NEON.DOC.001024vE","2018-07-03T16:40Z","2018-06-11",,,"Woody individual","pole pruner","P3kunhL9imAtK/zQL3ODmN/tRVUNM3/nBo9IepKHBLk=",,,"P3kunhL9imAtK/zQL3ODmN/tRVUNM3/nsPvj2QwMYzEYy7UbnQkAng==","B00000009618",,,,,,,,,"Y","08287","NEON.PLA.D17.SOAP.08287","CONU4","Cornus nuttallii Audubon ex Torr. & A. Gray","OK",,,,3.3,,,,,,"akantola@battelleecology.org","fjames@battelleecology.org",,
"1ca3c502-9b75-4b85-b771-4018640f60e8","SOAP_011.basePlot.cfc","D17","SOAP","SOAP_011","distributed","evergreenForest","WGS84",37.037301,-119.262730,20.4,1102.6,0.49,"NEON.DOC.001024vE","2018-07-03T16:45Z","2018-06-11",,,"Woody individual","pole pruner","P3kunhL9imAtK/zQL3ODmEYYEQDJKsCAJChZRsC+h9s=",,,"P3kunhL9imAtK/zQL3ODmEYYEQDJKsCAH0gUwRJQ5I3jY8/1+MX/eg==","B00000009619",,,,,,,,,"Y","08286","NEON.PLA.D17.SOAP.08286","CONU4","Cornus nuttallii Audubon ex Torr. & A. Gray","OK",,,,4.1,,,,,,"akantola@battelleecology.org","fjames@battelleecology.org",,
"85ef3c04-4214-43b7-b265-914d732c0e13","SOAP_011.basePlot.cfc","D17","SOAP","SOAP_011","distributed","evergreenForest","WGS84",37.037301,-119.262730,20.4,1102.6,0.49,"NEON.DOC.001024vE","2018-07-03T16:50Z","2018-06-11",,,"Woody individual","pole pruner","P3kunhL9imAtK/zQL3ODmM4pnkV5lCR86s4ANMBd7HM=",,,"P3kunhL9imAtK/zQL3ODmM4pnkV5lCR8xefmAWmgRY8ESHPr7k2pCQ==","B00000009612",,,,,,,,,"Y","08285","NEON.PLA.D17.SOAP.08285","CONU4","Cornus nuttallii Audubon ex Torr. & A. Gray","Other damage",,,,3.1,,,,,,"akantola@battelleecology.org","fjames@battelleecology.org",,
"1017b01a-4f15-4a40-907c-7c8472375c45","SOAP_004.basePlot.cfc","D17","SOAP","SOAP_004","distributed","evergreenForest","WGS84",37.037426,-119.269483,20.2,1197.4,0.23,"NEON.DOC.001024vE","2018-07-03T18:54Z","2018-06-11",,,"Woody individual","pole pruner","P3kunhL9imCEVtjyAAzgCOyrMQ3jhXz7E22MAFk2jeM=",,,"P3kunhL9imCEVtjyAAzgCOyrMQ3jhXz7jlfRrh2AR/kVhhJEFq72eA==","B00000009600",,,,,,,,,"Y","08282","NEON.PLA.D17.SOAP.08282","CEIN3","Ceanothus integerrimus Hook. & Arn.","OK",,,,2.3,,,,,,"akantola@battelleecology.org","fjames@battelleecology.org",,
"9d311260-fa91-44c9-ba78-06db7ddb0933","SOAP_004.basePlot.cfc","D17","SOAP","SOAP_004","distributed","evergreenForest","WGS84",37.037426,-119.269483,20.2,1197.4,0.23,"NEON.DOC.001024vE","2018-07-03T18:55Z","2018-06-11",,,"Woody individual","pole pruner","P3kunhL9imCEVtjyAAzgCIR/+HHae81qWx+LM/X/1WU=",,,"P3kunhL9imCEVtjyAAzgCIR/+HHae81qcKIn3jU7TnUzSXGSHuM8DQ==","B00000009602",,,,,,,,,"Y","08283","NEON.PLA.D17.SOAP.08283","CEIN3","Ceanothus integerrimus Hook. & Arn.","OK",,,,2.2,,,,,,"akantola@battelleecology.org","fjames@battelleecology.org",,
"f8804ce6-78f3-459b-a190-7b07f043f35d","SOAP_004.basePlot.cfc","D17","SOAP","SOAP_004","distributed","evergreenForest","WGS84",37.037426,-119.269483,20.2,1197.4,0.23,"NEON.DOC.001024vE","2018-07-03T19:30Z","2018-06-11",,,"Woody individual","line launcher","P3kunhL9imC0nfaQkU3DFlBVqrU+ia8sH5e48uLWAX4=",,,"P3kunhL9imC0nfaQkU3DFlBVqrU+ia8sld4vuhv9BGw=","B00000009601",,,,,,,,,"Y","08284","NEON.PLA.D17.SOAP.08284","PIPO","Pinus ponderosa Lawson & C. Lawson","OK",,,,11.1,,,,,,"akantola@battelleecology.org","fjames@battelleecology.org",,
"2e613e95-a677-489e-8563-3c1e94bfe990","SOAP_009.basePlot.cfc","D17","SOAP","SOAP_009","distributed","shrubScrub","WGS84",37.037935,-119.256677,20.1,1095.9,0.10,"NEON.DOC.001024vE","2018-07-03T21:10Z","2018-06-11",,,"Woody individual","pole pruner","P3kunhL9imAitCzxiVlkI2YLSpSOMToG7ZZ8sliqakU=",,,"P3kunhL9imAitCzxiVlkI2YLSpSOMToGdP6zRSfdFjmxKR+YmSemeg==","B00000009617",,,,,,,,,"Y","08280","NEON.PLA.D17.SOAP.08280","QUCH2","Quercus chrysolepis Liebm.","OK",,,,2.8,,,,,,"akantola@battelleecology.org","fjames@battelleecology.org",,
"c7ef30cb-0cf8-42df-8540-fe854d3f8e37","SOAP_009.basePlot.cfc","D17","SOAP","SOAP_009","distributed","shrubScrub","WGS84",37.037935,-119.256677,20.1,1095.9,0.10,"NEON.DOC.001024vE","2018-07-03T21:12Z","2018-06-11",,,"Woody individual","pole pruner","P3kunhL9imAlC8o2WmOPD140oyN9HecG6th4qxkfp9Q=",,,"P3kunhL9imAlC8o2WmOPD140oyN9HecG+JlT6zqJHhlA6FPlVExmLg==","B00000009615",,,,,,,,,"Y","08278","NEON.PLA.D17.SOAP.08278","CEMOG","Cercocarpus montanus Raf. var. glaber (S. Watson) F.L. Martin","OK",,,,0.8,,,,,,"akantola@battelleecology.org","fjames@battelleecology.org",,
"1d67bb4b-8b39-43ab-9060-096a3e2af743","SOAP_009.basePlot.cfc","D17","SOAP","SOAP_009","distributed","shrubScrub","WGS84",37.037935,-119.256677,20.1,1095.9,0.10,"NEON.DOC.001024vE","2018-07-03T21:14Z","2018-06-11",,,"Woody individual","pole pruner","P3kunhL9imAlC8o2WmOPDwIlfUnwzEoWvwdlr8wqDhw=",,,"P3kunhL9imAlC8o2WmOPDwIlfUnwzEoWgLsI/ByP9tKrn4aBUo65ag==","B00000009616",,,,,,,,,"Y","08279","NEON.PLA.D17.SOAP.08279","CEMOG","Cercocarpus montanus Raf. var. glaber (S. Watson) F.L. Martin","OK",,,,1.3,,,,,,"akantola@battelleecology.org","fjames@battelleecology.org",,
