uid,namedLocation,domainID,siteID,plotID,plotType,sampleID,sampleCode,ligninSampleID,ligninSampleBarcode,collectDate,analysisDate,analyticalRepNumber,dryMass,ligninPercent,cellulosePercent,measurementQF,accuracyQF,remarks,laboratoryName,testMethod,analyzedBy,reviewedBy,dataQF
"bd0fc789-25f2-42e9-aab5-2c3b552860e5","TEAK_002.basePlot.cfc","D17","TEAK","TEAK_002","distributed","TkWRhvf/ZBK+xCJjr3XzDGBNCP7cfq/u4CHPMsgDYpw=","A00000298618","TkWRhvf/ZBK+xCJjr3XzDGBNCP7cfq/uz3kWk7uWX/I=","A00000150718","2021-07-06T00:49Z","2021-10-25",1,0.493,13.99,15.68,"OK","OK",,"A and L Great Lakes","SOP APF-10-024","5CCjZV/fgtQ=","j+NchQmCR3uWeXRzNkSPNw==",
"d8447beb-c4e3-4066-8067-60cd52ecf66b","TEAK_002.basePlot.cfc","D17","TEAK","TEAK_002","distributed","TkWRhvf/ZBLHrdBfamsbC+3lZjEmf4ja8wztu1YJItI=","A00000298617","TkWRhvf/ZBLHrdBfamsbC+3lZjEmf4jaW0kWOCZ0Scw=","A00000150767","2021-07-06T02:41Z","2021-10-25",1,0.492,10.37,8.88,"OK","OK",,"A and L Great Lakes","SOP APF-10-024","5CCjZV/fgtQ=","j+NchQmCR3uWeXRzNkSPNw==",
"8b74569c-8fc1-4429-94ae-cf2b22796eae","TEAK_014.basePlot.cfc","D17","TEAK","TEAK_014","distributed","TkWRhvf/ZBJDBE0VFiotNDxzba7U8W9Q54Eeydjrbl8=","A00000298608","TkWRhvf/ZBJDBE0VFiotNDxzba7U8W9Q5Am5oNeWQ/I=","A00000150709","2021-07-06T18:10Z","2021-10-25",1,0.496,14.14,13.55,"OK","OK",,"A and L Great Lakes","SOP APF-10-024","5CCjZV/fgtQ=","j+NchQmCR3uWeXRzNkSPNw==",
"6b9bc01c-646e-48f7-9895-ea7e2d091da7","TEAK_014.basePlot.cfc","D17","TEAK","TEAK_014","distributed","TkWRhvf/ZBLUABV04wquiD/1CnP5EqpHmEM7/CeyfOw=","A00000298722","TkWRhvf/ZBLUABV04wquiD/1CnP5EqpHxzn7X2q24Y8=","A00000150694","2021-07-06T18:18Z","2021-10-25",1,0.485,15.33,7.83,"OK","OK",,"A and L Great Lakes","SOP APF-10-024","5CCjZV/fgtQ=","j+NchQmCR3uWeXRzNkSPNw==",
"b14ecc3d-bcdf-46fb-aaba-c3daf7f00309","TEAK_014.basePlot.cfc","D17","TEAK","TEAK_014","distributed","TkWRhvf/ZBIhe7+sHPMiaazv9RkIJ5umBeJfD9FyaGo=","A00000298731","TkWRhvf/ZBIhe7+sHPMiaazv9RkIJ5umCUT4T3H/l/k=","A00000150724","2021-07-06T18:24Z","2021-10-25",1,0.480,3.62,5.82,"OK","OK",,"A and L Great Lakes","SOP APF-10-024","5CCjZV/fgtQ=","j+NchQmCR3uWeXRzNkSPNw==",
"13caf5d1-510e-4385-b30b-a21012db296f","TEAK_014.basePlot.cfc","D17","TEAK","TEAK_014","distributed","TkWRhvf/ZBLN/jPhNEG8rSuIZ64TX0mfFIogM39XRJs=","A00000298728","TkWRhvf/ZBLN/jPhNEG8rSuIZ64TX0mfJkIL9Cq+1yc=","A00000150755","2021-07-06T18:32Z","2021-10-25",1,0.487,10.83,11.63,"OK","OK",,"A and L Great Lakes","SOP APF-10-024","5CCjZV/fgtQ=","j+NchQmCR3uWeXRzNkSPNw==",
"1bd2622a-5c1b-4b6e-a6cb-471554ab3212","TEAK_010.basePlot.cfc","D17","TEAK","TEAK_010","distributed","TkWRhvf/ZBJH9TEmPTDsJmZZkIg+UI4zHu2re9MnbXE=","A00000298614","TkWRhvf/ZBJH9TEmPTDsJmZZkIg+UI4zbZyW2cgwCSQ=","A00000150708","2021-07-06T21:23Z","2021-10-25",1,0.506,14.56,19.04,"OK","OK",,"A and L Great Lakes","SOP APF-10-024","5CCjZV/fgtQ=","j+NchQmCR3uWeXRzNkSPNw==",
"0b7ea72d-34d6-42fc-98bd-216d9e929e9a","TEAK_010.basePlot.cfc","D17","TEAK","TEAK_010","distributed","TkWRhvf/ZBJ26HIvlborg126jhbrRAVG69pfkWx13oQ=","A00000298726","TkWRhvf/ZBJ26HIvlborg126jhbrRAVGvPR2qCfQ8J1NKLDezKO3DA==","A00000150756","2021-07-06T22:02Z","2021-10-25",1,0.499,14.98,14.24,"OK","OK",,"A and L Great Lakes","SOP APF-10-024","5CCjZV/fgtQ=","j+NchQmCR3uWeXRzNkSPNw==",
"9384a18d-68d1-40c5-b49b-c093e0531ab2","TEAK_010.basePlot.cfc","D17","TEAK","TEAK_010","distributed","TkWRhvf/ZBL4bqSjv6zSru9Hz0e8egD1QscCnPZ4vrk=","A00000298601","TkWRhvf/ZBL4bqSjv6zSru9Hz0e8egD1GTMVHEBN3sA=","A00000150689","2021-07-06T22:32Z","2021-10-25",1,0.499,5.00,6.75,"OK","OK",,"A and L Great Lakes","SOP APF-10-024","5CCjZV/fgtQ=","j+NchQmCR3uWeXRzNkSPNw==",
"e2a6a74d-6609-4356-8f26-9374f1783f11","TEAK_010.basePlot.cfc","D17","TEAK","TEAK_010","distributed","TkWRhvf/ZBLsdECbDs2I4P5vF8/IN9uCZjHcTQVPIA4=","A00000298598","TkWRhvf/ZBLsdECbDs2I4P5vF8/IN9uCB5j4EvREd8A7mAaeSJNS3A==","A00000150710","2021-07-06T22:42Z","2021-10-25",1,0.537,12.59,16.45,"OK","OK",,"A and L Great Lakes","SOP APF-10-024","5CCjZV/fgtQ=","j+NchQmCR3uWeXRzNkSPNw==",
"8e72e541-b4c1-49b2-81e9-0244050043d9","TEAK_013.basePlot.cfc","D17","TEAK","TEAK_013","distributed","TkWRhvf/ZBKgZrHb9WRR29ppzc2sNLVCwgACVbf46Ak=","A00000298558","TkWRhvf/ZBKgZrHb9WRR29ppzc2sNLVCL4skrdcIFA0=","A00000150723","2021-07-13T01:33Z","2021-10-25",1,0.499,17.38,13.48,"OK","OK",,"A and L Great Lakes","SOP APF-10-024","5CCjZV/fgtQ=","j+NchQmCR3uWeXRzNkSPNw==",
"de5efe03-9080-4acb-a371-255b1c29572c","TEAK_013.basePlot.cfc","D17","TEAK","TEAK_013","distributed","TkWRhvf/ZBK13g0YzGAOv31uelb6TRAfuYy7c1rimPE=","A00000298528","TkWRhvf/ZBK13g0YzGAOv31uelb6TRAfFPEWpLGeYYA=","A00000150695","2021-07-13T02:06Z","2021-10-25",1,0.494,22.08,15.95,"OK","OK",,"A and L Great Lakes","SOP APF-10-024","5CCjZV/fgtQ=","j+NchQmCR3uWeXRzNkSPNw==",
"40b9491f-5262-43af-8dcc-6cdab476511c","TEAK_056.basePlot.cfc","D17","TEAK","TEAK_056","tower","TkWRhvf/ZBK9ICwOp0ZRZJ/L9jPQz14FhsDnafP5BxQ=","A00000298555","TkWRhvf/ZBK9ICwOp0ZRZJ/L9jPQz14FT6fbrViSBf8=","A00000150765","2021-07-13T15:37Z","2021-10-25",1,0.489,9.62,7.81,"OK","OK",,"A and L Great Lakes","SOP APF-10-024","5CCjZV/fgtQ=","j+NchQmCR3uWeXRzNkSPNw==",
"fa0a536c-423d-41ec-a67d-9f30bebf337b","TEAK_056.basePlot.cfc","D17","TEAK","TEAK_056","tower","TkWRhvf/ZBKAC3PBKR2ackxezCbbQHOt8hTqN2NPWfw=","A00000298529","TkWRhvf/ZBKAC3PBKR2ackxezCbbQHOteXUzMVEO7zc=","A00000150764","2021-07-13T15:58Z","2021-10-25",1,0.507,16.69,13.95,"OK","OK",,"A and L Great Lakes","SOP APF-10-024","5CCjZV/fgtQ=","j+NchQmCR3uWeXRzNkSPNw==",
"d4ef0e57-a74c-4741-9060-68c39f6ab077","TEAK_056.basePlot.cfc","D17","TEAK","TEAK_056","tower","TkWRhvf/ZBLsUsJtpF6hNWwErUcI9QaSD1eka9NkrT0=","A00000298611","TkWRhvf/ZBLsUsJtpF6hNWwErUcI9QaS4cmeoEy7Bd0=","A00000150758","2021-07-13T16:15Z","2021-10-25",1,0.480,17.54,17.84,"OK","OK",,"A and L Great Lakes","SOP APF-10-024","5CCjZV/fgtQ=","j+NchQmCR3uWeXRzNkSPNw==",
"3414c811-053c-459e-a48a-35f0b7b4b8c0","TEAK_056.basePlot.cfc","D17","TEAK","TEAK_056","tower","TkWRhvf/ZBKIH7gtWEjJLDFL9jjLyPBgwXQBpAO+HGE=","A00000298718","TkWRhvf/ZBKIH7gtWEjJLDFL9jjLyPBgkR9KFVCVwho=","A00000150733","2021-07-13T16:25Z","2021-10-25",1,0.504,19.85,19.06,"OK","OK",,"A and L Great Lakes","SOP APF-10-024","5CCjZV/fgtQ=","j+NchQmCR3uWeXRzNkSPNw==",
"b5974e5a-b794-449b-bfbe-86789bd05fa9","TEAK_047.basePlot.cfc","D17","TEAK","TEAK_047","tower","TkWRhvf/ZBLsRCPvmpc/mm57fhgriAyWKgXtLS9kecs=","A00000298540","TkWRhvf/ZBLsRCPvmpc/mm57fhgriAyWkawd74x4TQc=","A00000150700","2021-07-13T18:45Z","2021-10-25",1,0.494,22.66,17.73,"OK","OK",,"A and L Great Lakes","SOP APF-10-024","5CCjZV/fgtQ=","j+NchQmCR3uWeXRzNkSPNw==",
"5e7bc2b9-0e1b-4788-990d-0dc7697807c5","TEAK_047.basePlot.cfc","D17","TEAK","TEAK_047","tower","TkWRhvf/ZBJCoHEA51sHgpAUdwokagYM+mm2kIxQJm0=","A00000298534","TkWRhvf/ZBJCoHEA51sHgpAUdwokagYM0LfheokkIUk=","A00000150687","2021-07-13T19:19Z","2021-10-25",1,0.476,19.12,15.15,"OK","OK",,"A and L Great Lakes","SOP APF-10-024","5CCjZV/fgtQ=","j+NchQmCR3uWeXRzNkSPNw==",
"13d86d3e-c3bd-41ab-b4f3-5dd0f86a332e","TEAK_047.basePlot.cfc","D17","TEAK","TEAK_047","tower","TkWRhvf/ZBLysFQNbsEX87QE1meyZZI6VFEsGIURCSk=","A00000298544","TkWRhvf/ZBLysFQNbsEX87QE1meyZZI6vxN33T5SfU4=","A00000150759","2021-07-13T19:25Z","2021-10-25",1,0.492,16.98,13.85,"OK","OK",,"A and L Great Lakes","SOP APF-10-024","5CCjZV/fgtQ=","j+NchQmCR3uWeXRzNkSPNw==",
"2970829f-3d4f-4918-b62f-2993cfa63294","TEAK_047.basePlot.cfc","D17","TEAK","TEAK_047","tower","TkWRhvf/ZBKtN5TE2+aAgTwQyNeULJ8YGPx2jNmJLKk=","A00000298595","TkWRhvf/ZBKtN5TE2+aAgTwQyNeULJ8Y791Lyn3ZLoc=","A00000150705","2021-07-13T21:22Z","2021-10-25",1,0.505,19.27,17.11,"OK","OK",,"A and L Great Lakes","SOP APF-10-024","5CCjZV/fgtQ=","j+NchQmCR3uWeXRzNkSPNw==",
"d9bb3a72-d41c-485a-bc0f-f12cfb860bea","TEAK_015.basePlot.cfc","D17","TEAK","TEAK_015","distributed","TkWRhvf/ZBLMgGiFN7b7Lbrdgo6jug7HKnz+bLhCBEc=","A00000298556","TkWRhvf/ZBLMgGiFN7b7Lbrdgo6jug7HoNmomUtVWfw=","A00000150720","2021-07-19T23:48Z","2021-10-25",1,0.486,25.35,14.11,"OK","OK",,"A and L Great Lakes","SOP APF-10-024","5CCjZV/fgtQ=","j+NchQmCR3uWeXRzNkSPNw==",
"8e6fbacb-86f2-46e3-a6c0-b516ff26886a","TEAK_015.basePlot.cfc","D17","TEAK","TEAK_015","distributed","TkWRhvf/ZBJsi9/XdTeiQCSo1zxXEm/zPG78XERZ5/U=","A00000298530","TkWRhvf/ZBJsi9/XdTeiQCSo1zxXEm/zCPCFYfGtE+U=","A00000150711","2021-07-20T00:51Z","2021-10-25",1,0.488,19.78,14.87,"OK","OK",,"A and L Great Lakes","SOP APF-10-024","5CCjZV/fgtQ=","j+NchQmCR3uWeXRzNkSPNw==",
"041104ae-7d50-44db-949a-c4bd959d220f","TEAK_011.basePlot.cfc","D17","TEAK","TEAK_011","distributed","TkWRhvf/ZBLjee3XyjlF94E5Mln4KUxKZuZDCHm03zs=","A00000298549","TkWRhvf/ZBLjee3XyjlF94E5Mln4KUxK3D5vd0fdPDc=","A00000150707","2021-07-20T18:41Z","2021-10-25",1,0.495,20.14,16.28,"OK","OK",,"A and L Great Lakes","SOP APF-10-024","5CCjZV/fgtQ=","j+NchQmCR3uWeXRzNkSPNw==",
"06b40943-35b7-4e96-959a-666cfa7d751d","TEAK_011.basePlot.cfc","D17","TEAK","TEAK_011","distributed","TkWRhvf/ZBKW70r+wxheolXMmAtAoPeWHtI4EwL4UlE=","A00000298719","TkWRhvf/ZBKW70r+wxheolXMmAtAoPeWFCgqv3qUJto=","A00000150771","2021-07-20T18:44Z","2021-10-25",1,0.499,18.22,15.67,"OK","OK",,"A and L Great Lakes","SOP APF-10-024","5CCjZV/fgtQ=","j+NchQmCR3uWeXRzNkSPNw==",
"126d73de-6a35-4011-b883-a36b40cfcf12","TEAK_001.basePlot.cfc","D17","TEAK","TEAK_001","distributed","TkWRhvf/ZBLykCzHMky84tmdkFQmopNyoigdcw8xg6s=","A00000298537","TkWRhvf/ZBLykCzHMky84tmdkFQmopNywm5pJvEyslXY0E64AMXR2A==","A00000150703","2021-07-20T19:54Z","2021-10-25",1,0.504,11.11,11.67,"OK","OK",,"A and L Great Lakes","SOP APF-10-024","5CCjZV/fgtQ=","j+NchQmCR3uWeXRzNkSPNw==",
"055d31a8-a38a-4b78-aba9-7950a1b31cf1","TEAK_001.basePlot.cfc","D17","TEAK","TEAK_001","distributed","TkWRhvf/ZBJdB2dKLxpbA666r/UjamO25vj7S9jcD7w=","A00000298546","TkWRhvf/ZBJdB2dKLxpbA666r/UjamO2QNTxoCGmyQg=","A00000150769","2021-07-20T20:08Z","2021-10-25",1,0.514,16.37,13.88,"OK","OK",,"A and L Great Lakes","SOP APF-10-024","5CCjZV/fgtQ=","j+NchQmCR3uWeXRzNkSPNw==",
"e12dd208-bb2b-4944-9d4a-af656b5bca25","TEAK_052.basePlot.cfc","D17","TEAK","TEAK_052","tower","TkWRhvf/ZBJo7CvaiFnvEsOaa5h6crbYLzS2DmpZdcc=","A00000298552","TkWRhvf/ZBJo7CvaiFnvEsOaa5h6crbY4EA3LWXW5pQ=","A00000150686","2021-07-20T20:59Z","2021-10-25",1,0.494,17.47,16.80,"OK","OK",,"A and L Great Lakes","SOP APF-10-024","5CCjZV/fgtQ=","j+NchQmCR3uWeXRzNkSPNw==",
