uid,namedLocation,domainID,siteID,plotID,plotType,sampleID,sampleCode,cnSampleID,cnSampleCode,collectDate,analysisDate,co2Trapped,d15N,d13C,nitrogenPercent,carbonPercent,CNratio,cnIsotopeQF,cnPercentQF,isotopeAccuracyQF,percentAccuracyQF,analyticalRepNumber,remarks,laboratoryName,testMethod,instrument,analyzedBy,reviewedBy,dataQF
"744247db-685c-4d2d-a072-a96064599ef1","TEAK_002.basePlot.cfc","D17","TEAK","TEAK_002","distributed","TkWRhvf/ZBK+xCJjr3XzDGBNCP7cfq/u4CHPMsgDYpw=","A00000298618","TkWRhvf/ZBK+xCJjr3XzDGBNCP7cfq/ugwinbVLc+6k=","A00000150717","2021-07-06T00:49Z","2021-09-30","N",-4.6,-26.1,0.88,48.69,55.4,"OK","OK","OK","OK",1,,"University of Wyoming Stable Isotope Facility","010 EA-IRMS organic d15N, d13C, C% & N%","Costech 4010 Elemental Analyzer with Costech Zero Blank Autosampler plus Thermo Finnigan Delta Plus XP with Finnigan Conflo III Interface","rHBrhUbTwVSLtfc5tc9S18/eJGkjVJIj","L/6ZjMlRllRQ+sQbi+7sFw==",
"eafd714c-2708-439f-84d9-38759ec30589","TEAK_002.basePlot.cfc","D17","TEAK","TEAK_002","distributed","TkWRhvf/ZBLHrdBfamsbC+3lZjEmf4ja8wztu1YJItI=","A00000298617","TkWRhvf/ZBLHrdBfamsbC+3lZjEmf4jaIlc7qth+Ltg=","A00000150768","2021-07-06T02:41Z","2021-09-30","N",-1.2,-27.4,2.40,50.26,21.0,"OK","OK","OK","OK",1,,"University of Wyoming Stable Isotope Facility","010 EA-IRMS organic d15N, d13C, C% & N%","Costech 4010 Elemental Analyzer with Costech Zero Blank Autosampler plus Thermo Finnigan Delta Plus XP with Finnigan Conflo III Interface","rHBrhUbTwVSLtfc5tc9S18/eJGkjVJIj","L/6ZjMlRllRQ+sQbi+7sFw==",
"681bf4b3-e29d-4072-a20a-523101885688","TEAK_014.basePlot.cfc","D17","TEAK","TEAK_014","distributed","TkWRhvf/ZBJDBE0VFiotNDxzba7U8W9Q54Eeydjrbl8=","A00000298608","TkWRhvf/ZBJDBE0VFiotNDxzba7U8W9Q2dpl/0CXzv0=","A00000150693","2021-07-06T18:10Z","2021-09-30","N",-4.2,-27.7,0.92,49.74,53.9,"OK","OK","OK","OK",1,,"University of Wyoming Stable Isotope Facility","010 EA-IRMS organic d15N, d13C, C% & N%","Costech 4010 Elemental Analyzer with Costech Zero Blank Autosampler plus Thermo Finnigan Delta Plus XP with Finnigan Conflo III Interface","rHBrhUbTwVSLtfc5tc9S18/eJGkjVJIj","L/6ZjMlRllRQ+sQbi+7sFw==",
"21f4e17c-4a89-4f08-8a13-4291090dc6d7","TEAK_014.basePlot.cfc","D17","TEAK","TEAK_014","distributed","TkWRhvf/ZBLUABV04wquiD/1CnP5EqpHmEM7/CeyfOw=","A00000298722","TkWRhvf/ZBLUABV04wquiD/1CnP5EqpHKs/7mIylVn8=","A00000150757","2021-07-06T18:18Z","2021-09-30","N",-0.9,-29.6,2.75,50.03,18.2,"OK","OK","OK","OK",1,,"University of Wyoming Stable Isotope Facility","010 EA-IRMS organic d15N, d13C, C% & N%","Costech 4010 Elemental Analyzer with Costech Zero Blank Autosampler plus Thermo Finnigan Delta Plus XP with Finnigan Conflo III Interface","rHBrhUbTwVSLtfc5tc9S18/eJGkjVJIj","L/6ZjMlRllRQ+sQbi+7sFw==",
"ea1870fd-8ab2-4e32-8348-6129eb747996","TEAK_014.basePlot.cfc","D17","TEAK","TEAK_014","distributed","TkWRhvf/ZBIhe7+sHPMiaazv9RkIJ5umBeJfD9FyaGo=","A00000298731","TkWRhvf/ZBIhe7+sHPMiaazv9RkIJ5umpzyVnXG7dwI=","A00000150725","2021-07-06T18:24Z","2021-09-30","N",-2.1,-30.4,1.54,46.96,30.6,"OK","OK","OK","OK",1,,"University of Wyoming Stable Isotope Facility","010 EA-IRMS organic d15N, d13C, C% & N%","Costech 4010 Elemental Analyzer with Costech Zero Blank Autosampler plus Thermo Finnigan Delta Plus XP with Finnigan Conflo III Interface","rHBrhUbTwVSLtfc5tc9S18/eJGkjVJIj","L/6ZjMlRllRQ+sQbi+7sFw==",
"1402031d-92a4-4c1a-9566-fd425764c844","TEAK_014.basePlot.cfc","D17","TEAK","TEAK_014","distributed","TkWRhvf/ZBLN/jPhNEG8rSuIZ64TX0mfFIogM39XRJs=","A00000298728","TkWRhvf/ZBLN/jPhNEG8rSuIZ64TX0mfw9LbFT3dRz4=","A00000150773","2021-07-06T18:32Z","2021-09-30","N",-1.1,-30.8,1.98,49.36,24.9,"OK","OK","OK","OK",1,,"University of Wyoming Stable Isotope Facility","010 EA-IRMS organic d15N, d13C, C% & N%","Costech 4010 Elemental Analyzer with Costech Zero Blank Autosampler plus Thermo Finnigan Delta Plus XP with Finnigan Conflo III Interface","rHBrhUbTwVSLtfc5tc9S18/eJGkjVJIj","L/6ZjMlRllRQ+sQbi+7sFw==",
"e8072373-9a43-4c09-b5e3-cde7cd3694e0","TEAK_010.basePlot.cfc","D17","TEAK","TEAK_010","distributed","TkWRhvf/ZBJH9TEmPTDsJmZZkIg+UI4zHu2re9MnbXE=","A00000298614","TkWRhvf/ZBJH9TEmPTDsJmZZkIg+UI4zsEBHvrlGwWM=","A00000150692","2021-07-06T21:23Z","2021-09-30","N",-2.4,-25.8,1.11,49.70,44.6,"OK","OK","OK","OK",1,,"University of Wyoming Stable Isotope Facility","010 EA-IRMS organic d15N, d13C, C% & N%","Costech 4010 Elemental Analyzer with Costech Zero Blank Autosampler plus Thermo Finnigan Delta Plus XP with Finnigan Conflo III Interface","rHBrhUbTwVSLtfc5tc9S18/eJGkjVJIj","L/6ZjMlRllRQ+sQbi+7sFw==",
"3f3ee0f8-16b3-4e46-8a30-594b1c72f388","TEAK_010.basePlot.cfc","D17","TEAK","TEAK_010","distributed","TkWRhvf/ZBJ26HIvlborg126jhbrRAVG69pfkWx13oQ=","A00000298726","TkWRhvf/ZBJ26HIvlborg126jhbrRAVGA5pbxlWCa8w=","A00000150702","2021-07-06T22:02Z","2021-09-30","N",-4.3,-30.1,0.89,50.52,56.9,"OK","OK","OK","OK",2,,"University of Wyoming Stable Isotope Facility","010 EA-IRMS organic d15N, d13C, C% & N%","Costech 4010 Elemental Analyzer with Costech Zero Blank Autosampler plus Thermo Finnigan Delta Plus XP with Finnigan Conflo III Interface","rHBrhUbTwVSLtfc5tc9S18/eJGkjVJIj","L/6ZjMlRllRQ+sQbi+7sFw==",
"873809f8-5111-48ac-a4c1-d5f03a37fc7a","TEAK_010.basePlot.cfc","D17","TEAK","TEAK_010","distributed","TkWRhvf/ZBJ26HIvlborg126jhbrRAVG69pfkWx13oQ=","A00000298726","TkWRhvf/ZBJ26HIvlborg126jhbrRAVGA5pbxlWCa8w=","A00000150702","2021-07-06T22:02Z","2021-09-30","N",-4.3,-30.1,0.95,50.78,53.3,"OK","OK","OK","OK",1,,"University of Wyoming Stable Isotope Facility","010 EA-IRMS organic d15N, d13C, C% & N%","Costech 4010 Elemental Analyzer with Costech Zero Blank Autosampler plus Thermo Finnigan Delta Plus XP with Finnigan Conflo III Interface","rHBrhUbTwVSLtfc5tc9S18/eJGkjVJIj","L/6ZjMlRllRQ+sQbi+7sFw==",
"5ba36e16-3959-41ed-8af9-475e9c0efa4b","TEAK_010.basePlot.cfc","D17","TEAK","TEAK_010","distributed","TkWRhvf/ZBL4bqSjv6zSru9Hz0e8egD1QscCnPZ4vrk=","A00000298601","TkWRhvf/ZBL4bqSjv6zSru9Hz0e8egD1uOILdLpaWmM=","A00000150690","2021-07-06T22:32Z","2021-09-30","N",-5.1,-26.5,3.63,46.61,12.9,"OK","OK","OK","OK",1,,"University of Wyoming Stable Isotope Facility","010 EA-IRMS organic d15N, d13C, C% & N%","Costech 4010 Elemental Analyzer with Costech Zero Blank Autosampler plus Thermo Finnigan Delta Plus XP with Finnigan Conflo III Interface","rHBrhUbTwVSLtfc5tc9S18/eJGkjVJIj","L/6ZjMlRllRQ+sQbi+7sFw==",
"55238983-ef49-426c-aff0-8b409c353380","TEAK_010.basePlot.cfc","D17","TEAK","TEAK_010","distributed","TkWRhvf/ZBLsdECbDs2I4P5vF8/IN9uCZjHcTQVPIA4=","A00000298598","TkWRhvf/ZBLsdECbDs2I4P5vF8/IN9uCAlpYrOXT16S9p6mAjM62Aw==","A00000150726","2021-07-06T22:42Z","2021-09-30","N",-6.0,-27.2,1.22,50.85,41.7,"OK","OK","OK","OK",1,,"University of Wyoming Stable Isotope Facility","010 EA-IRMS organic d15N, d13C, C% & N%","Costech 4010 Elemental Analyzer with Costech Zero Blank Autosampler plus Thermo Finnigan Delta Plus XP with Finnigan Conflo III Interface","rHBrhUbTwVSLtfc5tc9S18/eJGkjVJIj","L/6ZjMlRllRQ+sQbi+7sFw==",
"865e9cb1-6c48-49e3-80ff-9b80c3956f15","TEAK_013.basePlot.cfc","D17","TEAK","TEAK_013","distributed","TkWRhvf/ZBKgZrHb9WRR29ppzc2sNLVCwgACVbf46Ak=","A00000298558","TkWRhvf/ZBKgZrHb9WRR29ppzc2sNLVCXjMcjtG1ahg=","A00000150722","2021-07-13T01:33Z","2021-09-30","N",-2.8,-28.7,1.09,52.04,47.6,"OK","OK","OK","OK",1,,"University of Wyoming Stable Isotope Facility","010 EA-IRMS organic d15N, d13C, C% & N%","Costech 4010 Elemental Analyzer with Costech Zero Blank Autosampler plus Thermo Finnigan Delta Plus XP with Finnigan Conflo III Interface","rHBrhUbTwVSLtfc5tc9S18/eJGkjVJIj","L/6ZjMlRllRQ+sQbi+7sFw==",
"c07822fb-1315-46d6-a303-2b943fe97612","TEAK_013.basePlot.cfc","D17","TEAK","TEAK_013","distributed","TkWRhvf/ZBK13g0YzGAOv31uelb6TRAfuYy7c1rimPE=","A00000298528","TkWRhvf/ZBK13g0YzGAOv31uelb6TRAf/VpdYERNfrA=","A00000150741","2021-07-13T02:06Z","2021-09-30","N",-3.5,-26.5,0.87,51.13,59.1,"OK","OK","OK","OK",1,,"University of Wyoming Stable Isotope Facility","010 EA-IRMS organic d15N, d13C, C% & N%","Costech 4010 Elemental Analyzer with Costech Zero Blank Autosampler plus Thermo Finnigan Delta Plus XP with Finnigan Conflo III Interface","rHBrhUbTwVSLtfc5tc9S18/eJGkjVJIj","L/6ZjMlRllRQ+sQbi+7sFw==",
"1cd77f25-668b-4d5b-91ac-7318fb7cb112","TEAK_056.basePlot.cfc","D17","TEAK","TEAK_056","tower","TkWRhvf/ZBK9ICwOp0ZRZJ/L9jPQz14FhsDnafP5BxQ=","A00000298555","TkWRhvf/ZBK9ICwOp0ZRZJ/L9jPQz14FLE+GECAAylg=","A00000150766","2021-07-13T15:37Z","2021-09-30","N",-0.8,-28.9,3.15,50.59,16.1,"OK","OK","OK","OK",1,,"University of Wyoming Stable Isotope Facility","010 EA-IRMS organic d15N, d13C, C% & N%","Costech 4010 Elemental Analyzer with Costech Zero Blank Autosampler plus Thermo Finnigan Delta Plus XP with Finnigan Conflo III Interface","rHBrhUbTwVSLtfc5tc9S18/eJGkjVJIj","L/6ZjMlRllRQ+sQbi+7sFw==",
"837acfc0-a9bf-45bc-befc-65c4b315692e","TEAK_056.basePlot.cfc","D17","TEAK","TEAK_056","tower","TkWRhvf/ZBKAC3PBKR2ackxezCbbQHOt8hTqN2NPWfw=","A00000298529","TkWRhvf/ZBKAC3PBKR2ackxezCbbQHOteSb8zzsLzFs=","A00000150780","2021-07-13T15:58Z","2021-09-30","N",-3.5,-28.3,0.94,50.51,53.7,"OK","OK","OK","OK",1,,"University of Wyoming Stable Isotope Facility","010 EA-IRMS organic d15N, d13C, C% & N%","Costech 4010 Elemental Analyzer with Costech Zero Blank Autosampler plus Thermo Finnigan Delta Plus XP with Finnigan Conflo III Interface","rHBrhUbTwVSLtfc5tc9S18/eJGkjVJIj","L/6ZjMlRllRQ+sQbi+7sFw==",
"9c06b201-a8a4-458a-b458-1b316c14d396","TEAK_056.basePlot.cfc","D17","TEAK","TEAK_056","tower","TkWRhvf/ZBLsUsJtpF6hNWwErUcI9QaSD1eka9NkrT0=","A00000298611","TkWRhvf/ZBLsUsJtpF6hNWwErUcI9QaSVlWUTSuxDUg=","A00000150774","2021-07-13T16:15Z","2021-09-30","N",-2.1,-28.0,1.12,52.64,46.8,"OK","OK","OK","OK",1,,"University of Wyoming Stable Isotope Facility","010 EA-IRMS organic d15N, d13C, C% & N%","Costech 4010 Elemental Analyzer with Costech Zero Blank Autosampler plus Thermo Finnigan Delta Plus XP with Finnigan Conflo III Interface","rHBrhUbTwVSLtfc5tc9S18/eJGkjVJIj","L/6ZjMlRllRQ+sQbi+7sFw==",
"23682433-bc34-44b8-a992-c5ccc9abda56","TEAK_056.basePlot.cfc","D17","TEAK","TEAK_056","tower","TkWRhvf/ZBLsUsJtpF6hNWwErUcI9QaSD1eka9NkrT0=","A00000298611","TkWRhvf/ZBLsUsJtpF6hNWwErUcI9QaSVlWUTSuxDUg=","A00000150774","2021-07-13T16:15Z","2021-09-30","N",-2.0,-28.0,1.10,52.69,47.8,"OK","OK","OK","OK",2,,"University of Wyoming Stable Isotope Facility","010 EA-IRMS organic d15N, d13C, C% & N%","Costech 4010 Elemental Analyzer with Costech Zero Blank Autosampler plus Thermo Finnigan Delta Plus XP with Finnigan Conflo III Interface","rHBrhUbTwVSLtfc5tc9S18/eJGkjVJIj","L/6ZjMlRllRQ+sQbi+7sFw==",
"9d849985-a327-418b-9109-a0e617284405","TEAK_056.basePlot.cfc","D17","TEAK","TEAK_056","tower","TkWRhvf/ZBKIH7gtWEjJLDFL9jjLyPBgwXQBpAO+HGE=","A00000298718","TkWRhvf/ZBKIH7gtWEjJLDFL9jjLyPBgSROFsD6CbT0=","A00000150721","2021-07-13T16:25Z","2021-09-30","N",-2.5,-28.0,1.04,51.60,49.8,"OK","OK","OK","OK",1,,"University of Wyoming Stable Isotope Facility","010 EA-IRMS organic d15N, d13C, C% & N%","Costech 4010 Elemental Analyzer with Costech Zero Blank Autosampler plus Thermo Finnigan Delta Plus XP with Finnigan Conflo III Interface","rHBrhUbTwVSLtfc5tc9S18/eJGkjVJIj","L/6ZjMlRllRQ+sQbi+7sFw==",
"228935d5-b0c7-4578-991e-030e0d9c5cb4","TEAK_047.basePlot.cfc","D17","TEAK","TEAK_047","tower","TkWRhvf/ZBLsRCPvmpc/mm57fhgriAyWKgXtLS9kecs=","A00000298540","TkWRhvf/ZBLsRCPvmpc/mm57fhgriAyWLV/w8t4tmwE=","A00000150716","2021-07-13T18:45Z","2021-09-30","N",-2.3,-27.6,1.21,51.87,42.9,"OK","OK","OK","OK",1,,"University of Wyoming Stable Isotope Facility","010 EA-IRMS organic d15N, d13C, C% & N%","Costech 4010 Elemental Analyzer with Costech Zero Blank Autosampler plus Thermo Finnigan Delta Plus XP with Finnigan Conflo III Interface","rHBrhUbTwVSLtfc5tc9S18/eJGkjVJIj","L/6ZjMlRllRQ+sQbi+7sFw==",
"4aab9024-ea75-4c83-bbb3-789b583ab22c","TEAK_047.basePlot.cfc","D17","TEAK","TEAK_047","tower","TkWRhvf/ZBJCoHEA51sHgpAUdwokagYM+mm2kIxQJm0=","A00000298534","TkWRhvf/ZBJCoHEA51sHgpAUdwokagYMOm9Gys+Jey4=","A00000150688","2021-07-13T19:19Z","2021-09-30","N",-4.2,-28.7,0.82,50.65,62.1,"OK","OK","OK","OK",1,,"University of Wyoming Stable Isotope Facility","010 EA-IRMS organic d15N, d13C, C% & N%","Costech 4010 Elemental Analyzer with Costech Zero Blank Autosampler plus Thermo Finnigan Delta Plus XP with Finnigan Conflo III Interface","rHBrhUbTwVSLtfc5tc9S18/eJGkjVJIj","L/6ZjMlRllRQ+sQbi+7sFw==",
"35204764-e5df-4bfc-be97-b2fd3ae1ee2e","TEAK_047.basePlot.cfc","D17","TEAK","TEAK_047","tower","TkWRhvf/ZBLysFQNbsEX87QE1meyZZI6VFEsGIURCSk=","A00000298544","TkWRhvf/ZBLysFQNbsEX87QE1meyZZI64+NZktS4PHU=","A00000150743","2021-07-13T19:25Z","2021-09-30","N",-2.6,-29.5,1.12,51.49,46.0,"OK","OK","OK","OK",1,,"University of Wyoming Stable Isotope Facility","010 EA-IRMS organic d15N, d13C, C% & N%","Costech 4010 Elemental Analyzer with Costech Zero Blank Autosampler plus Thermo Finnigan Delta Plus XP with Finnigan Conflo III Interface","rHBrhUbTwVSLtfc5tc9S18/eJGkjVJIj","L/6ZjMlRllRQ+sQbi+7sFw==",
"7a8b9dae-e6f0-4e88-9df0-99c34c6b06a3","TEAK_047.basePlot.cfc","D17","TEAK","TEAK_047","tower","TkWRhvf/ZBKtN5TE2+aAgTwQyNeULJ8YGPx2jNmJLKk=","A00000298595","TkWRhvf/ZBKtN5TE2+aAgTwQyNeULJ8Y9qno1QRRUP8=","A00000150685","2021-07-13T21:22Z","2021-09-30","N",-2.1,-28.1,1.39,52.50,37.8,"OK","OK","OK","OK",1,,"University of Wyoming Stable Isotope Facility","010 EA-IRMS organic d15N, d13C, C% & N%","Costech 4010 Elemental Analyzer with Costech Zero Blank Autosampler plus Thermo Finnigan Delta Plus XP with Finnigan Conflo III Interface","rHBrhUbTwVSLtfc5tc9S18/eJGkjVJIj","L/6ZjMlRllRQ+sQbi+7sFw==",
"c1f6a879-07db-4728-adc8-f0e9f7cc29c2","TEAK_015.basePlot.cfc","D17","TEAK","TEAK_015","distributed","TkWRhvf/ZBLMgGiFN7b7Lbrdgo6jug7HKnz+bLhCBEc=","A00000298556","TkWRhvf/ZBLMgGiFN7b7Lbrdgo6jug7HMgtzYSgfW8k=","A00000150719","2021-07-19T23:48Z","2021-09-30","N",-5.1,-28.3,0.76,48.85,64.3,"OK","OK","OK","OK",1,,"University of Wyoming Stable Isotope Facility","010 EA-IRMS organic d15N, d13C, C% & N%","Costech 4010 Elemental Analyzer with Costech Zero Blank Autosampler plus Thermo Finnigan Delta Plus XP with Finnigan Conflo III Interface","rHBrhUbTwVSLtfc5tc9S18/eJGkjVJIj","L/6ZjMlRllRQ+sQbi+7sFw==",
"6ddd0dd4-0e1b-469a-86c6-afc6e8170b7d","TEAK_015.basePlot.cfc","D17","TEAK","TEAK_015","distributed","TkWRhvf/ZBJsi9/XdTeiQCSo1zxXEm/zPG78XERZ5/U=","A00000298530","TkWRhvf/ZBJsi9/XdTeiQCSo1zxXEm/z+tsSsAC017U=","A00000150727","2021-07-20T00:51Z","2021-09-30","N",-3.1,-28.0,0.99,50.81,51.3,"OK","OK","OK","OK",1,,"University of Wyoming Stable Isotope Facility","010 EA-IRMS organic d15N, d13C, C% & N%","Costech 4010 Elemental Analyzer with Costech Zero Blank Autosampler plus Thermo Finnigan Delta Plus XP with Finnigan Conflo III Interface","rHBrhUbTwVSLtfc5tc9S18/eJGkjVJIj","L/6ZjMlRllRQ+sQbi+7sFw==",
"1fa359d4-3f5b-4464-ba1a-237305e989a6","TEAK_011.basePlot.cfc","D17","TEAK","TEAK_011","distributed","TkWRhvf/ZBLjee3XyjlF94E5Mln4KUxKZuZDCHm03zs=","A00000298549","TkWRhvf/ZBLjee3XyjlF94E5Mln4KUxKi5UElhXeQk4=","A00000150691","2021-07-20T18:41Z","2021-09-30","N",-3.8,-29.1,1.01,51.99,51.3,"OK","OK","OK","OK",1,,"University of Wyoming Stable Isotope Facility","010 EA-IRMS organic d15N, d13C, C% & N%","Costech 4010 Elemental Analyzer with Costech Zero Blank Autosampler plus Thermo Finnigan Delta Plus XP with Finnigan Conflo III Interface","rHBrhUbTwVSLtfc5tc9S18/eJGkjVJIj","L/6ZjMlRllRQ+sQbi+7sFw==",
"bd391219-5cf9-4af0-81bc-3d183d5b4748","TEAK_011.basePlot.cfc","D17","TEAK","TEAK_011","distributed","TkWRhvf/ZBKW70r+wxheolXMmAtAoPeWHtI4EwL4UlE=","A00000298719","TkWRhvf/ZBKW70r+wxheolXMmAtAoPeWZm1lXUns3Ww=","A00000150772","2021-07-20T18:44Z","2021-09-30","N",-3.9,-28.8,0.97,51.60,52.9,"OK","OK","OK","OK",1,,"University of Wyoming Stable Isotope Facility","010 EA-IRMS organic d15N, d13C, C% & N%","Costech 4010 Elemental Analyzer with Costech Zero Blank Autosampler plus Thermo Finnigan Delta Plus XP with Finnigan Conflo III Interface","rHBrhUbTwVSLtfc5tc9S18/eJGkjVJIj","L/6ZjMlRllRQ+sQbi+7sFw==",
"905e4955-78ab-42b3-a229-6c24a3d42f65","TEAK_001.basePlot.cfc","D17","TEAK","TEAK_001","distributed","TkWRhvf/ZBLykCzHMky84tmdkFQmopNyoigdcw8xg6s=","A00000298537","TkWRhvf/ZBLykCzHMky84tmdkFQmopNyEm6aLv9bU6c=","A00000150704","2021-07-20T19:54Z","2021-09-30","N",-3.9,-28.2,0.82,50.78,62.2,"OK","OK","OK","OK",1,,"University of Wyoming Stable Isotope Facility","010 EA-IRMS organic d15N, d13C, C% & N%","Costech 4010 Elemental Analyzer with Costech Zero Blank Autosampler plus Thermo Finnigan Delta Plus XP with Finnigan Conflo III Interface","rHBrhUbTwVSLtfc5tc9S18/eJGkjVJIj","L/6ZjMlRllRQ+sQbi+7sFw==",
"dff13069-4fb1-4ff1-a7d4-220c53f2dc8c","TEAK_001.basePlot.cfc","D17","TEAK","TEAK_001","distributed","TkWRhvf/ZBJdB2dKLxpbA666r/UjamO25vj7S9jcD7w=","A00000298546","TkWRhvf/ZBJdB2dKLxpbA666r/UjamO2SiP2V3vWfA8=","A00000150770","2021-07-20T20:08Z","2021-09-30","N",-5.4,-26.1,0.98,50.48,51.6,"OK","OK","OK","OK",1,,"University of Wyoming Stable Isotope Facility","010 EA-IRMS organic d15N, d13C, C% & N%","Costech 4010 Elemental Analyzer with Costech Zero Blank Autosampler plus Thermo Finnigan Delta Plus XP with Finnigan Conflo III Interface","rHBrhUbTwVSLtfc5tc9S18/eJGkjVJIj","L/6ZjMlRllRQ+sQbi+7sFw==",
"2f76be52-c724-4a52-9d7a-0eb1251e20ad","TEAK_052.basePlot.cfc","D17","TEAK","TEAK_052","tower","TkWRhvf/ZBJo7CvaiFnvEsOaa5h6crbYLzS2DmpZdcc=","A00000298552","TkWRhvf/ZBJo7CvaiFnvEsOaa5h6crbY2Kgx2IZJE+M=","A00000150706","2021-07-20T20:59Z","2021-09-30","N",-2.9,-28.2,1.46,51.82,35.5,"OK","OK","OK","OK",1,,"University of Wyoming Stable Isotope Facility","010 EA-IRMS organic d15N, d13C, C% & N%","Costech 4010 Elemental Analyzer with Costech Zero Blank Autosampler plus Thermo Finnigan Delta Plus XP with Finnigan Conflo III Interface","rHBrhUbTwVSLtfc5tc9S18/eJGkjVJIj","L/6ZjMlRllRQ+sQbi+7sFw==",
