uid,namedLocation,domainID,siteID,plotType,sampleID,sampleCode,collectDate,lmaSampleID,lmaSampleCode,lmaSampleCondition,tissueDescriptor,scanDate,scannedBy,freshMass,ovenStartDate,ovenEndDate,dryMass,weighedBy,scannedLeafNumber,leafArea,percentGreen,leafMassPerArea,dryMassFraction,measuredBy,remarks,dataQF
"7912de53-289b-48bc-acfd-94496959affb","TEAK_002.basePlot.cfc","D17","TEAK","distributed","TkWRhvf/ZBK+xCJjr3XzDGBNCP7cfq/u4CHPMsgDYpw=","A00000298618","2021-07-06T00:49Z","TkWRhvf/ZBK+xCJjr3XzDGBNCP7cfq/ukNXJ+kBbzq4=","A00000298619","OK",,"2021-07-08T16:49Z","0000-0002-2580-6989",7.474,"2021-07-08T20:00Z","2021-07-22T20:00Z",3.434,"0000-0002-1785-6265",92,7729.0,100,444.3,0.459,"0000-0003-1699-6511",,
"1ae0719b-7b5d-4881-afda-fe94ef6525a5","TEAK_002.basePlot.cfc","D17","TEAK","distributed","TkWRhvf/ZBLHrdBfamsbC+3lZjEmf4ja8wztu1YJItI=","A00000298617","2021-07-06T02:41Z","TkWRhvf/ZBLHrdBfamsbC+3lZjEmf4jaTbF/rlpwHcQ=","A00000298615","OK",,"2021-07-08T18:50Z","0000-0002-2580-6989",0.818,"2021-07-08T20:00Z","2021-07-22T20:00Z",0.334,"0000-0002-1785-6265",36,4718.0,100,70.8,0.408,"0000-0003-1699-6511",,
"7b21cda7-84a0-40ed-af65-e1be96a1aa4a","TEAK_014.basePlot.cfc","D17","TEAK","distributed","TkWRhvf/ZBJDBE0VFiotNDxzba7U8W9Q54Eeydjrbl8=","A00000298608","2021-07-06T18:10Z","TkWRhvf/ZBJDBE0VFiotNDxzba7U8W9Quh2JPr4tI6o=","A00000298607","OK",,"2021-07-08T16:33Z","0000-0002-2580-6989",3.592,"2021-07-08T20:00Z","2021-07-22T20:00Z",1.799,"0000-0002-1785-6265",154,3810.0,100,472.2,0.501,"0000-0003-1699-6511",,
"32e4e8c3-8833-47bb-9750-e1102664f0c3","TEAK_014.basePlot.cfc","D17","TEAK","distributed","TkWRhvf/ZBLUABV04wquiD/1CnP5EqpHmEM7/CeyfOw=","A00000298722","2021-07-06T18:18Z","TkWRhvf/ZBLUABV04wquiD/1CnP5EqpHirbpmdQD9QA=",,"OK",,"2021-07-08T18:20Z","0000-0002-2580-6989",0.704,"2021-07-08T20:00Z","2021-07-22T20:00Z",0.274,"0000-0002-1785-6265",26,3861.0,100,71.0,0.389,"0000-0003-1699-6511",,
"1fd06ffc-5991-497e-80db-39d0ec0492b7","TEAK_014.basePlot.cfc","D17","TEAK","distributed","TkWRhvf/ZBIhe7+sHPMiaazv9RkIJ5umBeJfD9FyaGo=","A00000298731","2021-07-06T18:24Z","TkWRhvf/ZBIhe7+sHPMiaazv9RkIJ5umowIrnzZPRi4=","A00000298733","OK",,"2021-07-08T16:23Z","0000-0002-2580-6989",1.122,"2021-07-08T20:00Z","2021-07-22T20:00Z",0.473,"0000-0002-1785-6265",33,5180.0,100,91.3,0.422,"0000-0003-1699-6511",,
"d2665880-2f18-441d-b174-5d0e72b77e64","TEAK_014.basePlot.cfc","D17","TEAK","distributed","TkWRhvf/ZBLN/jPhNEG8rSuIZ64TX0mfFIogM39XRJs=","A00000298728","2021-07-06T18:32Z","TkWRhvf/ZBLN/jPhNEG8rSuIZ64TX0mfs3RcRGzYUU4=","A00000298730","OK",,"2021-07-08T17:57Z","0000-0002-2580-6989",1.782,"2021-07-08T20:00Z","2021-07-22T20:00Z",0.707,"0000-0002-1785-6265",21,10217.0,100,69.2,0.397,"0000-0003-1699-6511",,
"6ccc9305-2759-434d-b817-4e60432c84a7","TEAK_010.basePlot.cfc","D17","TEAK","distributed","TkWRhvf/ZBJH9TEmPTDsJmZZkIg+UI4zHu2re9MnbXE=","A00000298614","2021-07-06T21:23Z","TkWRhvf/ZBJH9TEmPTDsJmZZkIg+UI4znzQaf08wCkg=",,"OK",,"2021-07-08T18:18Z","0000-0002-2580-6989",2.801,"2021-07-08T20:00Z","2021-07-22T20:00Z",1.395,"0000-0002-1785-6265",50,7356.0,100,189.6,0.498,"0000-0003-1699-6511",,
"6db67278-4c93-4323-b555-ad2b0fa44573","TEAK_010.basePlot.cfc","D17","TEAK","distributed","TkWRhvf/ZBJ26HIvlborg126jhbrRAVG69pfkWx13oQ=","A00000298726","2021-07-06T22:02Z","TkWRhvf/ZBJ26HIvlborg126jhbrRAVGvaCdhcUxz/J9XnKWxORgYw==","A00000298727","OK",,"2021-07-08T18:37Z","0000-0002-2580-6989",5.191,"2021-07-08T20:00Z","2021-07-22T20:00Z",2.607,"0000-0002-1785-6265",22,11651.0,100,223.8,0.502,"0000-0003-1699-6511",,
"123159f1-53ef-4f75-8d89-1c181a71de82","TEAK_010.basePlot.cfc","D17","TEAK","distributed","TkWRhvf/ZBL4bqSjv6zSru9Hz0e8egD1QscCnPZ4vrk=","A00000298601","2021-07-06T22:32Z","TkWRhvf/ZBL4bqSjv6zSru9Hz0e8egD1r9+nImzdvbo=",,"OK",,"2021-07-08T19:13Z","0000-0002-2580-6989",2.818,"2021-07-08T20:00Z","2021-07-22T20:00Z",0.893,"0000-0002-1785-6265",33,14881.0,100,60.0,0.317,"0000-0003-1699-6511",,
"166027dd-9bec-4a4b-a171-0677111c619a","TEAK_010.basePlot.cfc","D17","TEAK","distributed","TkWRhvf/ZBLsdECbDs2I4P5vF8/IN9uCZjHcTQVPIA4=","A00000298598","2021-07-06T22:42Z","TkWRhvf/ZBLsdECbDs2I4P5vF8/IN9uCNr+gieW5KZlzAM5fJ52Gjg==",,"OK",,"2021-07-08T18:27Z","0000-0002-2580-6989",7.333,"2021-07-08T20:00Z","2021-07-22T20:00Z",3.179,"0000-0002-1785-6265",31,22422.0,100,141.8,0.434,"0000-0003-1699-6511",,
"626384a4-20e2-4f2a-89eb-c006cc71a6ee","TEAK_013.basePlot.cfc","D17","TEAK","distributed","TkWRhvf/ZBKgZrHb9WRR29ppzc2sNLVCwgACVbf46Ak=","A00000298558","2021-07-13T01:33Z","TkWRhvf/ZBKgZrHb9WRR29ppzc2sNLVCCpcGDCTtT18=","A00000298560","OK",,"2021-07-15T15:54Z","0000-0003-1699-6511",1.782,"2021-07-15T16:01Z","2021-07-22T20:00Z",0.759,"0000-0002-1785-6265",21,4312.0,100,176.0,0.426,"0000-0003-1699-6511",,
"aa32ef66-221e-4290-9d75-c282f31515f4","TEAK_013.basePlot.cfc","D17","TEAK","distributed","TkWRhvf/ZBK13g0YzGAOv31uelb6TRAfuYy7c1rimPE=","A00000298528","2021-07-13T02:06Z","TkWRhvf/ZBK13g0YzGAOv31uelb6TRAfxbtKUjp1SMw=","A00000298561","OK",,"2021-07-14T20:47Z","0000-0002-2580-6989",2.339,"2021-07-14T21:00Z","2021-07-22T20:00Z",1.065,"0000-0002-1785-6265",68,2840.0,100,375.0,0.455,"0000-0002-1785-6265",,
"74483154-f56c-4665-84ca-6280c4907bee","TEAK_056.basePlot.cfc","D17","TEAK","tower","TkWRhvf/ZBK9ICwOp0ZRZJ/L9jPQz14FhsDnafP5BxQ=","A00000298555","2021-07-13T15:37Z","TkWRhvf/ZBK9ICwOp0ZRZJ/L9jPQz14Fjp4Y71zQ8qI=","A00000298563","OK",,"2021-07-15T17:42Z","0000-0003-1699-6511",0.523,"2021-07-15T17:43Z","2021-07-22T20:00Z",0.209,"0000-0002-1785-6265",23,2577.0,100,81.1,0.400,"0000-0003-1699-6511",,
"d5e5b495-fe82-474e-84f2-9fef1a320328","TEAK_056.basePlot.cfc","D17","TEAK","tower","TkWRhvf/ZBKAC3PBKR2ackxezCbbQHOt8hTqN2NPWfw=","A00000298529","2021-07-13T15:58Z","TkWRhvf/ZBKAC3PBKR2ackxezCbbQHOt9EUbopgnOlg=","A00000298527","OK",,"2021-07-15T17:55Z","0000-0003-1699-6511",1.263,"2021-07-15T17:55Z","2021-07-22T20:00Z",0.607,"0000-0002-1785-6265",47,1481.0,100,409.9,0.481,"0000-0003-1699-6511",,
"f232ea48-59b4-4bca-a3e2-37f218910917","TEAK_056.basePlot.cfc","D17","TEAK","tower","TkWRhvf/ZBLsUsJtpF6hNWwErUcI9QaSD1eka9NkrT0=","A00000298611","2021-07-13T16:15Z","TkWRhvf/ZBLsUsJtpF6hNWwErUcI9QaScBDyaK1xjGk=","A00000298610","OK",,"2021-07-15T17:20Z","0000-0003-1699-6511",2.718,"2021-07-15T17:21Z","2021-07-22T20:00Z",1.199,"0000-0002-1785-6265",44,5493.0,100,218.3,0.441,"0000-0003-1699-6511",,
"b47fa07b-d067-4d6a-8eaf-296ba6d35923","TEAK_056.basePlot.cfc","D17","TEAK","tower","TkWRhvf/ZBKIH7gtWEjJLDFL9jjLyPBgwXQBpAO+HGE=","A00000298718","2021-07-13T16:25Z","TkWRhvf/ZBKIH7gtWEjJLDFL9jjLyPBg7jiTHfrgCd8=","A00000298717","OK",,"2021-07-14T20:32Z","0000-0002-2580-6989",4.649,"2021-07-14T21:00Z","2021-07-22T20:00Z",2.313,"0000-0002-1785-6265",8,7357.0,100,314.4,0.498,"0000-0003-1699-6511",,
"ad452873-be31-451d-9a94-005ba5ee928b","TEAK_047.basePlot.cfc","D17","TEAK","tower","TkWRhvf/ZBLsRCPvmpc/mm57fhgriAyWKgXtLS9kecs=","A00000298540","2021-07-13T18:45Z","TkWRhvf/ZBLsRCPvmpc/mm57fhgriAyWCB6rk+cpub4=","A00000298547","OK",,"2021-07-14T19:59Z","0000-0002-2580-6989",4.744,"2021-07-14T20:00Z","2021-07-22T20:00Z",2.294,"0000-0002-1785-6265",27,7686.0,100,298.5,0.484,"0000-0003-1699-6511",,
"1f87e24c-1bf3-4508-b854-60bd632f250b","TEAK_047.basePlot.cfc","D17","TEAK","tower","TkWRhvf/ZBJCoHEA51sHgpAUdwokagYM+mm2kIxQJm0=","A00000298534","2021-07-13T19:19Z","TkWRhvf/ZBJCoHEA51sHgpAUdwokagYMdgrfn18eUDE=","A00000298535","OK",,"2021-07-15T15:25Z","0000-0003-1699-6511",4.814,"2021-07-15T15:36Z","2021-07-22T20:00Z",2.015,"0000-0002-1785-6265",129,8508.0,100,236.8,0.419,"0000-0003-1699-6511",,
"d8c87293-f984-41f5-9d33-81c53c83327f","TEAK_047.basePlot.cfc","D17","TEAK","tower","TkWRhvf/ZBLysFQNbsEX87QE1meyZZI6VFEsGIURCSk=","A00000298544","2021-07-13T19:25Z","TkWRhvf/ZBLysFQNbsEX87QE1meyZZI6rF5f0TirnCU=","A00000298541","OK",,"2021-07-15T16:29Z","0000-0003-1699-6511",2.818,"2021-07-15T16:40Z","2021-07-22T20:00Z",1.054,"0000-0002-1785-6265",152,5010.0,100,210.4,0.374,"0000-0003-1699-6511",,
"ecc7cee7-2a39-4cea-b603-0d37711c8db4","TEAK_047.basePlot.cfc","D17","TEAK","tower","TkWRhvf/ZBKtN5TE2+aAgTwQyNeULJ8YGPx2jNmJLKk=","A00000298595","2021-07-13T21:22Z","TkWRhvf/ZBKtN5TE2+aAgTwQyNeULJ8Y4XYTg03VIo8=","A00000298596","OK",,"2021-07-15T16:43Z","0000-0003-1699-6511",2.501,"2021-07-15T16:45Z","2021-07-22T20:00Z",1.069,"0000-0002-1785-6265",50,4373.0,100,244.5,0.427,"0000-0003-1699-6511",,
"f9ae86b9-c004-4674-9c4f-adc410cd7e4d","TEAK_015.basePlot.cfc","D17","TEAK","distributed","TkWRhvf/ZBLMgGiFN7b7Lbrdgo6jug7HKnz+bLhCBEc=","A00000298556","2021-07-19T23:48Z","TkWRhvf/ZBLMgGiFN7b7Lbrdgo6jug7HxSiBKvXKZuY=","A00000298557","OK",,"2021-07-22T18:08Z","0000-0002-1785-6265",1.843,"2021-07-22T18:12Z","2021-08-02T15:00Z",0.899,"0000-0002-1785-6265",100,3001.0,100,299.6,0.488,"0000-0003-1699-6511",,
"467dd4c0-accb-4b23-9054-91cfb95c0d1e","TEAK_015.basePlot.cfc","D17","TEAK","distributed","TkWRhvf/ZBJsi9/XdTeiQCSo1zxXEm/zPG78XERZ5/U=","A00000298530","2021-07-20T00:51Z","TkWRhvf/ZBJsi9/XdTeiQCSo1zxXEm/z/BU/o/HXQUU=","A00000298545","OK",,"2021-07-22T17:22Z","0000-0002-1785-6265",4.471,"2021-07-22T17:34Z","2021-08-02T15:00Z",2.145,"0000-0002-1785-6265",112,7744.0,100,277.0,0.480,"0000-0003-1699-6511",,
"571daed1-6335-48d5-bb19-b11ff0afc910","TEAK_011.basePlot.cfc","D17","TEAK","distributed","TkWRhvf/ZBLjee3XyjlF94E5Mln4KUxKZuZDCHm03zs=","A00000298549","2021-07-20T18:41Z","TkWRhvf/ZBLjee3XyjlF94E5Mln4KUxKymWmpDA3eFA=","A00000298550","OK",,"2021-07-22T19:15Z","0000-0002-1785-6265",3.394,"2021-07-22T19:17Z","2021-08-02T15:00Z",1.501,"0000-0002-1785-6265",40,7760.0,100,193.4,0.442,"0000-0002-1785-6265",,
"62da5786-1340-418f-9207-ad0b72607c41","TEAK_011.basePlot.cfc","D17","TEAK","distributed","TkWRhvf/ZBKW70r+wxheolXMmAtAoPeWHtI4EwL4UlE=","A00000298719","2021-07-20T18:44Z","TkWRhvf/ZBKW70r+wxheolXMmAtAoPeWXFP3TuUAxSg=","A00000298721","OK",,"2021-07-22T18:14Z","0000-0002-1785-6265",3.742,"2021-07-22T18:14Z","2021-08-02T15:00Z",1.639,"0000-0002-1785-6265",133,6930.0,100,236.5,0.438,"0000-0003-1699-6511",,
"04addd71-5afb-42a8-a2d1-eb9548b38bba","TEAK_001.basePlot.cfc","D17","TEAK","distributed","TkWRhvf/ZBLykCzHMky84tmdkFQmopNyoigdcw8xg6s=","A00000298537","2021-07-20T19:54Z","TkWRhvf/ZBLykCzHMky84tmdkFQmopNyDxDuMasd1R1JTyZOfDlrqA==","A00000298538","OK",,"2021-07-22T16:54Z","0000-0003-1699-6511",6.809,"2021-07-22T17:01Z","2021-08-02T15:00Z",3.551,"0000-0002-1785-6265",30,13806.0,100,257.2,0.522,"0000-0003-1699-6511",,
"bddf812b-5301-43c5-8a52-676363b0699d","TEAK_001.basePlot.cfc","D17","TEAK","distributed","TkWRhvf/ZBJdB2dKLxpbA666r/UjamO25vj7S9jcD7w=","A00000298546","2021-07-20T20:08Z","TkWRhvf/ZBJdB2dKLxpbA666r/UjamO24omVW3r7L2c=","A00000298532","OK",,"2021-07-22T18:48Z","0000-0002-1785-6265",4.328,"2021-07-22T18:51Z","2021-08-02T15:00Z",1.818,"0000-0002-1785-6265",104,7285.0,100,249.6,0.420,"0000-0003-1699-6511",,
"b3528a45-bdaa-404f-9069-37601a6d8736","TEAK_052.basePlot.cfc","D17","TEAK","tower","TkWRhvf/ZBJo7CvaiFnvEsOaa5h6crbYLzS2DmpZdcc=","A00000298552","2021-07-20T20:59Z","TkWRhvf/ZBJo7CvaiFnvEsOaa5h6crbYwNrKllMvB7Q=","A00000298554","OK",,"2021-07-22T18:44Z","0000-0002-1785-6265",2.977,"2021-07-22T18:45Z","2021-08-02T15:00Z",1.287,"0000-0002-1785-6265",41,4013.0,100,320.7,0.432,"0000-0003-1699-6511",,
