uid,namedLocation,domainID,siteID,plotID,plotType,sampleID,sampleCode,chlorophyllSampleID,chlorophyllSampleCode,collectDate,sampleCondition,extractionStartDate,extractionLength,freshMass,solventVolume,analyticalRepNumber,extractChlAConc,extractChlBConc,extractCarotConc,relativeAccuracyScale,handlingQF,measurementQF,remarks,laboratoryName,testMethod,analyzedBy,reviewedBy,dataQF
"dd1dce7b-a1de-4c5d-a424-46e3e2fd6531","TEAK_002.basePlot.cfc","D17","TEAK","TEAK_002","distributed","TkWRhvf/ZBK+xCJjr3XzDGBNCP7cfq/u4CHPMsgDYpw=","A00000298618","TkWRhvf/ZBK+xCJjr3XzDGBNCP7cfq/uU+ret6Lz0RM=","A00000298582","2021-07-06T00:49Z","OK","2021-07-17",48,0.1990,20,1,7.08,2.10,1.81,"not available","OK","OK",,"EcoAnalysts Inc.","NEON_ChlandCarotenoids_Methanol","oCvRMtztjik=","oRIgwAyNbI9p3dxUK5sY7g==",
"11f2f460-55cc-407d-94fd-131490f5300c","TEAK_002.basePlot.cfc","D17","TEAK","TEAK_002","distributed","TkWRhvf/ZBLHrdBfamsbC+3lZjEmf4ja8wztu1YJItI=","A00000298617","TkWRhvf/ZBLHrdBfamsbC+3lZjEmf4jamoa5diM+Ta8=","A00000298583","2021-07-06T02:41Z","OK","2021-07-12",48,0.0745,20,1,6.99,1.62,1.66,"not available","OK","OK",,"EcoAnalysts Inc.","NEON_ChlandCarotenoids_Methanol","oCvRMtztjik=","oRIgwAyNbI9p3dxUK5sY7g==",
"2674d257-a7f0-4aa2-b52c-56d872a7fdc9","TEAK_014.basePlot.cfc","D17","TEAK","TEAK_014","distributed","TkWRhvf/ZBJDBE0VFiotNDxzba7U8W9Q54Eeydjrbl8=","A00000298608","TkWRhvf/ZBJDBE0VFiotNDxzba7U8W9QlooGOTM98g0=","A00000298588","2021-07-06T18:10Z","OK","2021-07-12",48,0.1463,20,1,6.55,1.79,1.66,"not available","OK","OK",,"EcoAnalysts Inc.","NEON_ChlandCarotenoids_Methanol","oCvRMtztjik=","oRIgwAyNbI9p3dxUK5sY7g==",
"65d08aed-ba82-470a-8d2c-c506c60dbbd0","TEAK_014.basePlot.cfc","D17","TEAK","TEAK_014","distributed","TkWRhvf/ZBLUABV04wquiD/1CnP5EqpHmEM7/CeyfOw=","A00000298722","TkWRhvf/ZBLUABV04wquiD/1CnP5EqpHDpvM2n0SXmc=","A00000298589","2021-07-06T18:18Z","OK","2021-07-12",48,0.1148,20,1,10.71,2.91,2.99,"not available","OK","OK",,"EcoAnalysts Inc.","NEON_ChlandCarotenoids_Methanol","oCvRMtztjik=","oRIgwAyNbI9p3dxUK5sY7g==",
"63948131-cb41-4cce-b29a-7a2893f24a9a","TEAK_014.basePlot.cfc","D17","TEAK","TEAK_014","distributed","TkWRhvf/ZBIhe7+sHPMiaazv9RkIJ5umBeJfD9FyaGo=","A00000298731","TkWRhvf/ZBIhe7+sHPMiaazv9RkIJ5umpDZYk3jgNbE=","A00000298591","2021-07-06T18:24Z","OK","2021-07-12",48,0.0788,20,1,4.23,1.01,1.33,"not available","OK","OK",,"EcoAnalysts Inc.","NEON_ChlandCarotenoids_Methanol","oCvRMtztjik=","oRIgwAyNbI9p3dxUK5sY7g==",
"249fd17a-73ab-403a-8cee-db9b242efcf2","TEAK_014.basePlot.cfc","D17","TEAK","TEAK_014","distributed","TkWRhvf/ZBLN/jPhNEG8rSuIZ64TX0mfFIogM39XRJs=","A00000298728","TkWRhvf/ZBLN/jPhNEG8rSuIZ64TX0mfZdwhK8rRBqQ=","A00000298578","2021-07-06T18:32Z","OK","2021-07-12",48,0.0786,20,1,5.40,1.34,1.49,"not available","OK","OK",,"EcoAnalysts Inc.","NEON_ChlandCarotenoids_Methanol","oCvRMtztjik=","oRIgwAyNbI9p3dxUK5sY7g==",
"637bd398-ca85-4d3f-8137-5ceec6d0d544","TEAK_010.basePlot.cfc","D17","TEAK","TEAK_010","distributed","TkWRhvf/ZBJH9TEmPTDsJmZZkIg+UI4zHu2re9MnbXE=","A00000298614","TkWRhvf/ZBJH9TEmPTDsJmZZkIg+UI4zh1vOWiQyr04=","A00000298585","2021-07-06T21:23Z","OK","2021-07-12",48,0.1958,20,1,6.06,2.38,1.92,"not available","OK","OK",,"EcoAnalysts Inc.","NEON_ChlandCarotenoids_Methanol","oCvRMtztjik=","oRIgwAyNbI9p3dxUK5sY7g==",
"7a38badf-c1fc-4032-a82f-928b2d9b11ff","TEAK_010.basePlot.cfc","D17","TEAK","TEAK_010","distributed","TkWRhvf/ZBJ26HIvlborg126jhbrRAVG69pfkWx13oQ=","A00000298726","TkWRhvf/ZBJ26HIvlborg126jhbrRAVGbAvBI9lmJCdpcDDeEvgSSw==","A00000298590","2021-07-06T22:02Z","OK","2021-07-12",48,0.1034,20,1,2.92,0.82,0.83,"not available","OK","OK",,"EcoAnalysts Inc.","NEON_ChlandCarotenoids_Methanol","oCvRMtztjik=","oRIgwAyNbI9p3dxUK5sY7g==",
"4ba82758-9a19-4082-8d1a-27782a5cf77f","TEAK_010.basePlot.cfc","D17","TEAK","TEAK_010","distributed","TkWRhvf/ZBL4bqSjv6zSru9Hz0e8egD1QscCnPZ4vrk=","A00000298601","TkWRhvf/ZBL4bqSjv6zSru9Hz0e8egD1PYcqcbrEFl0=","A00000298581","2021-07-06T22:32Z","OK","2021-07-12",48,0.0779,20,1,11.91,2.88,3.47,"not available","OK","OK",,"EcoAnalysts Inc.","NEON_ChlandCarotenoids_Methanol","oCvRMtztjik=","oRIgwAyNbI9p3dxUK5sY7g==",
"e4a69995-2399-4c38-ad51-4471b4a2de6a","TEAK_010.basePlot.cfc","D17","TEAK","TEAK_010","distributed","TkWRhvf/ZBLsdECbDs2I4P5vF8/IN9uCZjHcTQVPIA4=","A00000298598","TkWRhvf/ZBLsdECbDs2I4P5vF8/IN9uC7ySWT+dSdguxGcx3FHhFFg==","A00000298580","2021-07-06T22:42Z","OK","2021-07-12",48,0.0987,20,1,4.11,1.19,0.92,"not available","OK","OK",,"EcoAnalysts Inc.","NEON_ChlandCarotenoids_Methanol","oCvRMtztjik=","oRIgwAyNbI9p3dxUK5sY7g==",
"89d6b70a-4dd6-46ce-b810-ad46cc9e07bf","TEAK_013.basePlot.cfc","D17","TEAK","TEAK_013","distributed","TkWRhvf/ZBKgZrHb9WRR29ppzc2sNLVCwgACVbf46Ak=","A00000298558","TkWRhvf/ZBKgZrHb9WRR29ppzc2sNLVCym2/CUK1WsA=","B00000123594","2021-07-13T01:33Z","OK","2021-07-20",48,0.0784,20,1,2.93,0.77,0.83,"not available","OK","OK",,"EcoAnalysts Inc.","NEON_ChlandCarotenoids_Methanol","oCvRMtztjik=","oRIgwAyNbI9p3dxUK5sY7g==",
"dafca2dc-30e8-486b-bc68-1a6a33827e92","TEAK_013.basePlot.cfc","D17","TEAK","TEAK_013","distributed","TkWRhvf/ZBK13g0YzGAOv31uelb6TRAfuYy7c1rimPE=","A00000298528","TkWRhvf/ZBK13g0YzGAOv31uelb6TRAfD/4j6Fmhtac=","B00000123596","2021-07-13T02:06Z","OK","2021-07-20",48,0.1958,20,1,6.23,1.78,1.37,"not available","OK","OK",,"EcoAnalysts Inc.","NEON_ChlandCarotenoids_Methanol","oCvRMtztjik=","oRIgwAyNbI9p3dxUK5sY7g==",
"fa427afe-57c5-46a3-ae7d-aa9929696dc1","TEAK_056.basePlot.cfc","D17","TEAK","TEAK_056","tower","TkWRhvf/ZBK9ICwOp0ZRZJ/L9jPQz14FhsDnafP5BxQ=","A00000298555","TkWRhvf/ZBK9ICwOp0ZRZJ/L9jPQz14FS5zLl07SN/0=","B00000123593","2021-07-13T15:37Z","OK","2021-07-20",48,0.0766,20,1,6.96,1.31,1.79,"not available","OK","OK",,"EcoAnalysts Inc.","NEON_ChlandCarotenoids_Methanol","oCvRMtztjik=","oRIgwAyNbI9p3dxUK5sY7g==",
"8bec2a0d-8412-4e0c-8372-5151ff23e2a6","TEAK_056.basePlot.cfc","D17","TEAK","TEAK_056","tower","TkWRhvf/ZBKAC3PBKR2ackxezCbbQHOt8hTqN2NPWfw=","A00000298529","TkWRhvf/ZBKAC3PBKR2ackxezCbbQHOtfi+hkhsedA0=","B00000123584","2021-07-13T15:58Z","OK","2021-07-20",48,0.1963,20,1,3.24,0.92,0.71,"not available","OK","OK",,"EcoAnalysts Inc.","NEON_ChlandCarotenoids_Methanol","oCvRMtztjik=","oRIgwAyNbI9p3dxUK5sY7g==",
"b35886e1-1bc3-4db8-be52-1b2cff35e37d","TEAK_056.basePlot.cfc","D17","TEAK","TEAK_056","tower","TkWRhvf/ZBLsUsJtpF6hNWwErUcI9QaSD1eka9NkrT0=","A00000298611","TkWRhvf/ZBLsUsJtpF6hNWwErUcI9QaSVugmcy7LvdI=","B00000123599","2021-07-13T16:15Z","OK","2021-07-20",48,0.1973,20,1,5.34,1.63,1.12,"not available","OK","OK",,"EcoAnalysts Inc.","NEON_ChlandCarotenoids_Methanol","oCvRMtztjik=","oRIgwAyNbI9p3dxUK5sY7g==",
"b807775c-ce0d-4d60-ae5e-574ec469ce8c","TEAK_056.basePlot.cfc","D17","TEAK","TEAK_056","tower","TkWRhvf/ZBKIH7gtWEjJLDFL9jjLyPBgwXQBpAO+HGE=","A00000298718","TkWRhvf/ZBKIH7gtWEjJLDFL9jjLyPBgrGjhuZrCNZ8=","B00000123598","2021-07-13T16:25Z","OK","2021-07-20",48,0.1988,20,1,4.61,1.63,1.53,"not available","OK","OK",,"EcoAnalysts Inc.","NEON_ChlandCarotenoids_Methanol","oCvRMtztjik=","oRIgwAyNbI9p3dxUK5sY7g==",
"0ba64c49-52ba-48a2-a8c6-03eca9a99907","TEAK_047.basePlot.cfc","D17","TEAK","TEAK_047","tower","TkWRhvf/ZBLsRCPvmpc/mm57fhgriAyWKgXtLS9kecs=","A00000298540","TkWRhvf/ZBLsRCPvmpc/mm57fhgriAyWxASsXlsIuo4=","B00000123591","2021-07-13T18:45Z","OK","2021-07-20",48,0.1990,20,1,3.17,0.93,0.90,"not available","OK","OK",,"EcoAnalysts Inc.","NEON_ChlandCarotenoids_Methanol","oCvRMtztjik=","oRIgwAyNbI9p3dxUK5sY7g==",
"322c99fa-66d7-40e8-a3de-0d98d53a2162","TEAK_047.basePlot.cfc","D17","TEAK","TEAK_047","tower","TkWRhvf/ZBJCoHEA51sHgpAUdwokagYM+mm2kIxQJm0=","A00000298534","TkWRhvf/ZBJCoHEA51sHgpAUdwokagYM6YqY6Cd4PM4=","B00000123588","2021-07-13T19:19Z","OK","2021-07-22",48,0.3157,20,1,11.07,3.60,3.01,"not available","OK","OK","re-extracted for low absorbances","EcoAnalysts Inc.","NEON_ChlandCarotenoids_Methanol","oCvRMtztjik=","oRIgwAyNbI9p3dxUK5sY7g==",
"2144b6b3-24b5-4c02-b1c7-2f3e0bf90e91","TEAK_047.basePlot.cfc","D17","TEAK","TEAK_047","tower","TkWRhvf/ZBLysFQNbsEX87QE1meyZZI6VFEsGIURCSk=","A00000298544","TkWRhvf/ZBLysFQNbsEX87QE1meyZZI6H3OmxhnSXkw=","B00000123585","2021-07-13T19:25Z","OK","2021-07-22",48,0.3193,20,1,16.53,5.43,3.76,"not available","OK","OK","re-extracted for low absorbances","EcoAnalysts Inc.","NEON_ChlandCarotenoids_Methanol","oCvRMtztjik=","oRIgwAyNbI9p3dxUK5sY7g==",
"05418d44-5c33-41f7-a6bd-19105b3c131f","TEAK_047.basePlot.cfc","D17","TEAK","TEAK_047","tower","TkWRhvf/ZBKtN5TE2+aAgTwQyNeULJ8YGPx2jNmJLKk=","A00000298595","TkWRhvf/ZBKtN5TE2+aAgTwQyNeULJ8YPaZKXEA0OV4=","B00000123595","2021-07-13T21:22Z","OK","2021-07-20",48,0.1958,20,1,8.10,2.51,1.55,"not available","OK","OK",,"EcoAnalysts Inc.","NEON_ChlandCarotenoids_Methanol","oCvRMtztjik=","oRIgwAyNbI9p3dxUK5sY7g==",
"9b030e50-e816-4d80-a06d-21007dc1af03","TEAK_015.basePlot.cfc","D17","TEAK","TEAK_015","distributed","TkWRhvf/ZBLMgGiFN7b7Lbrdgo6jug7HKnz+bLhCBEc=","A00000298556","TkWRhvf/ZBLMgGiFN7b7Lbrdgo6jug7H+k611hNFQPk=","B00000123600","2021-07-19T23:48Z","OK","2021-07-26",48,0.1994,20,1,8.71,2.66,1.84,"not available","OK","OK",,"EcoAnalysts Inc.","NEON_ChlandCarotenoids_Methanol","oCvRMtztjik=","oRIgwAyNbI9p3dxUK5sY7g==",
"56722ac1-e793-4f49-b252-5c00a2320de9","TEAK_015.basePlot.cfc","D17","TEAK","TEAK_015","distributed","TkWRhvf/ZBJsi9/XdTeiQCSo1zxXEm/zPG78XERZ5/U=","A00000298530","TkWRhvf/ZBJsi9/XdTeiQCSo1zxXEm/zBPnJQiURpBA=","B00000123587","2021-07-20T00:51Z","OK","2021-07-26",48,0.1993,20,1,7.66,2.15,1.99,"not available","OK","OK",,"EcoAnalysts Inc.","NEON_ChlandCarotenoids_Methanol","oCvRMtztjik=","oRIgwAyNbI9p3dxUK5sY7g==",
"27b5fa4d-59f2-448a-824c-58c2d2e43b75","TEAK_011.basePlot.cfc","D17","TEAK","TEAK_011","distributed","TkWRhvf/ZBLjee3XyjlF94E5Mln4KUxKZuZDCHm03zs=","A00000298549","TkWRhvf/ZBLjee3XyjlF94E5Mln4KUxKDp3CbgF0HC4=","B00000123590","2021-07-20T18:41Z","OK","2021-07-26",48,0.1989,20,1,6.20,1.94,1.47,"not available","OK","OK",,"EcoAnalysts Inc.","NEON_ChlandCarotenoids_Methanol","oCvRMtztjik=","oRIgwAyNbI9p3dxUK5sY7g==",
"21b421e1-1436-487e-ab5c-0da2d4958702","TEAK_011.basePlot.cfc","D17","TEAK","TEAK_011","distributed","TkWRhvf/ZBKW70r+wxheolXMmAtAoPeWHtI4EwL4UlE=","A00000298719","TkWRhvf/ZBKW70r+wxheolXMmAtAoPeWdQZDFXcK/UY=","B00000123597","2021-07-20T18:44Z","OK","2021-07-26",48,0.1985,20,1,4.29,1.25,1.18,"not available","OK","OK",,"EcoAnalysts Inc.","NEON_ChlandCarotenoids_Methanol","oCvRMtztjik=","oRIgwAyNbI9p3dxUK5sY7g==",
"bed94a65-9bcc-4dad-9546-ffbce2f25bb5","TEAK_001.basePlot.cfc","D17","TEAK","TEAK_001","distributed","TkWRhvf/ZBLykCzHMky84tmdkFQmopNyoigdcw8xg6s=","A00000298537","TkWRhvf/ZBLykCzHMky84tmdkFQmopNyha8lHSASgPcxWR7IrgTO/Q==","B00000123589","2021-07-20T19:54Z","OK","2021-07-26",48,0.1102,20,1,3.34,0.85,1.00,"not available","OK","OK",,"EcoAnalysts Inc.","NEON_ChlandCarotenoids_Methanol","oCvRMtztjik=","oRIgwAyNbI9p3dxUK5sY7g==",
"fe6cb098-52d3-4432-921f-21ea76f8b276","TEAK_001.basePlot.cfc","D17","TEAK","TEAK_001","distributed","TkWRhvf/ZBJdB2dKLxpbA666r/UjamO25vj7S9jcD7w=","A00000298546","TkWRhvf/ZBJdB2dKLxpbA666r/UjamO25ZiMxm/577k=","B00000123586","2021-07-20T20:08Z","OK","2021-07-26",48,0.1994,20,1,7.02,2.14,2.04,"not available","OK","OK",,"EcoAnalysts Inc.","NEON_ChlandCarotenoids_Methanol","oCvRMtztjik=","oRIgwAyNbI9p3dxUK5sY7g==",
"44fd97de-24ac-46ad-b683-18bf08f3a512","TEAK_052.basePlot.cfc","D17","TEAK","TEAK_052","tower","TkWRhvf/ZBJo7CvaiFnvEsOaa5h6crbYLzS2DmpZdcc=","A00000298552","TkWRhvf/ZBJo7CvaiFnvEsOaa5h6crbYGrW6/h+p1jA=","B00000123592","2021-07-20T20:59Z","OK","2021-07-26",48,0.1999,20,1,8.76,2.61,1.66,"not available","OK","OK",,"EcoAnalysts Inc.","NEON_ChlandCarotenoids_Methanol","oCvRMtztjik=","oRIgwAyNbI9p3dxUK5sY7g==",
