uid,namedLocation,domainID,siteID,plotID,plotType,sampleID,sampleCode,collectDate,ovenStartDate,ovenEndDate,sampleCondition,cnSampleID,cnSampleCode,ligninSampleID,ligninSampleBarcode,archiveSampleID,archiveSampleCode,archiveMass,toxicodendronPossible,processedBy,remarks,dataQF
"5140de9a-4cbf-40fd-ac4e-826a50eea7d2","TEAK_002.basePlot.cfc","D17","TEAK","TEAK_002","distributed","TkWRhvf/ZBK+xCJjr3XzDGBNCP7cfq/u4CHPMsgDYpw=","A00000298618","2021-07-06T00:49Z","2021-07-08T15:00Z","2021-07-26T21:57Z","OK","TkWRhvf/ZBK+xCJjr3XzDGBNCP7cfq/ugwinbVLc+6k=","A00000150717","TkWRhvf/ZBK+xCJjr3XzDGBNCP7cfq/uz3kWk7uWX/I=","A00000150718","TkWRhvf/ZBK+xCJjr3XzDGBNCP7cfq/u83HL57eGgMc=","A00000150698",7.79,,"0000-0002-4224-8173",,
"fe8ce668-656c-4e64-ae8c-b4ef6e623d68","TEAK_002.basePlot.cfc","D17","TEAK","TEAK_002","distributed","TkWRhvf/ZBLHrdBfamsbC+3lZjEmf4ja8wztu1YJItI=","A00000298617","2021-07-06T02:41Z","2021-07-08T15:00Z","2021-07-29T23:08Z","OK","TkWRhvf/ZBLHrdBfamsbC+3lZjEmf4jaIlc7qth+Ltg=","A00000150768","TkWRhvf/ZBLHrdBfamsbC+3lZjEmf4jaW0kWOCZ0Scw=","A00000150767","TkWRhvf/ZBLHrdBfamsbC+3lZjEmf4jagmuJ3CqfmEc=","A00000150715",3.09,,"0000-0002-4224-8173",,
"4c6f9a6d-8374-4171-acf7-af60e8dd48e4","TEAK_014.basePlot.cfc","D17","TEAK","TEAK_014","distributed","TkWRhvf/ZBJDBE0VFiotNDxzba7U8W9Q54Eeydjrbl8=","A00000298608","2021-07-06T18:10Z","2021-07-08T15:00Z","2021-07-29T16:36Z","OK","TkWRhvf/ZBJDBE0VFiotNDxzba7U8W9Q2dpl/0CXzv0=","A00000150693","TkWRhvf/ZBJDBE0VFiotNDxzba7U8W9Q5Am5oNeWQ/I=","A00000150709","TkWRhvf/ZBJDBE0VFiotNDxzba7U8W9Qykwvm//Gh6Y=","A00000150699",7.96,,"0000-0002-4224-8173",,
"e0998c96-d41b-4b71-8b8f-e1048e87db06","TEAK_014.basePlot.cfc","D17","TEAK","TEAK_014","distributed","TkWRhvf/ZBLUABV04wquiD/1CnP5EqpHmEM7/CeyfOw=","A00000298722","2021-07-06T18:18Z","2021-07-08T15:00Z","2021-07-29T19:16Z","OK","TkWRhvf/ZBLUABV04wquiD/1CnP5EqpHKs/7mIylVn8=","A00000150757","TkWRhvf/ZBLUABV04wquiD/1CnP5EqpHxzn7X2q24Y8=","A00000150694","TkWRhvf/ZBLUABV04wquiD/1CnP5EqpHpM8Z6pcAHYM=","A00000150730",2.35,,"0000-0002-4224-8173",,
"3af56c49-62bb-4206-91d4-c52dceb3260b","TEAK_014.basePlot.cfc","D17","TEAK","TEAK_014","distributed","TkWRhvf/ZBIhe7+sHPMiaazv9RkIJ5umBeJfD9FyaGo=","A00000298731","2021-07-06T18:24Z","2021-07-07T18:00Z","2021-07-28T19:00Z","OK","TkWRhvf/ZBIhe7+sHPMiaazv9RkIJ5umpzyVnXG7dwI=","A00000150725","TkWRhvf/ZBIhe7+sHPMiaazv9RkIJ5umCUT4T3H/l/k=","A00000150724","TkWRhvf/ZBIhe7+sHPMiaazv9RkIJ5umlllFGq8JdVk=","A00000150729",2.09,,"0000-0003-1699-6511",,
"6651ff2d-70f3-4134-ba62-0401e98f5d07","TEAK_014.basePlot.cfc","D17","TEAK","TEAK_014","distributed","TkWRhvf/ZBLN/jPhNEG8rSuIZ64TX0mfFIogM39XRJs=","A00000298728","2021-07-06T18:32Z","2021-07-08T15:00Z","2021-07-29T21:07Z","OK","TkWRhvf/ZBLN/jPhNEG8rSuIZ64TX0mfw9LbFT3dRz4=","A00000150773","TkWRhvf/ZBLN/jPhNEG8rSuIZ64TX0mfJkIL9Cq+1yc=","A00000150755","TkWRhvf/ZBLN/jPhNEG8rSuIZ64TX0mfqgvIdHlgc7g=","A00000150778",2.01,,"0000-0002-4224-8173",,
"0e958415-fabc-46cb-8cf4-50acdba53a86","TEAK_010.basePlot.cfc","D17","TEAK","TEAK_010","distributed","TkWRhvf/ZBJH9TEmPTDsJmZZkIg+UI4zHu2re9MnbXE=","A00000298614","2021-07-06T21:23Z","2021-07-08T15:00Z","2021-07-28T22:59Z","OK","TkWRhvf/ZBJH9TEmPTDsJmZZkIg+UI4zsEBHvrlGwWM=","A00000150692","TkWRhvf/ZBJH9TEmPTDsJmZZkIg+UI4zbZyW2cgwCSQ=","A00000150708","TkWRhvf/ZBJH9TEmPTDsJmZZkIg+UI4z5l10Yd5OBoQ=","A00000150747",7.88,,"0000-0002-4224-8173",,
"e36e5e94-5715-495f-9816-ba804689fb9a","TEAK_010.basePlot.cfc","D17","TEAK","TEAK_010","distributed","TkWRhvf/ZBJ26HIvlborg126jhbrRAVG69pfkWx13oQ=","A00000298726","2021-07-06T22:02Z","2021-07-08T15:00Z","2021-07-26T20:39Z","OK","TkWRhvf/ZBJ26HIvlborg126jhbrRAVGA5pbxlWCa8w=","A00000150702","TkWRhvf/ZBJ26HIvlborg126jhbrRAVGvPR2qCfQ8J1NKLDezKO3DA==","A00000150756","TkWRhvf/ZBJ26HIvlborg126jhbrRAVGQ6bIXwbKbDE=","A00000150713",7.08,,"0000-0002-4224-8173",,
"b9e0e66f-e77d-430c-ba37-0c97687dbd1e","TEAK_010.basePlot.cfc","D17","TEAK","TEAK_010","distributed","TkWRhvf/ZBL4bqSjv6zSru9Hz0e8egD1QscCnPZ4vrk=","A00000298601","2021-07-06T22:32Z","2021-07-08T15:00Z","2021-07-27T17:44Z","OK","TkWRhvf/ZBL4bqSjv6zSru9Hz0e8egD1uOILdLpaWmM=","A00000150690","TkWRhvf/ZBL4bqSjv6zSru9Hz0e8egD1GTMVHEBN3sA=","A00000150689","TkWRhvf/ZBL4bqSjv6zSru9Hz0e8egD1j8OdCsWH3xg=","A00000150696",2.01,,"0000-0002-4224-8173",,
"ab44ea1e-c143-44aa-bf78-e314f5e9aa0c","TEAK_010.basePlot.cfc","D17","TEAK","TEAK_010","distributed","TkWRhvf/ZBLsdECbDs2I4P5vF8/IN9uCZjHcTQVPIA4=","A00000298598","2021-07-06T22:42Z","2021-07-08T15:00Z","2021-07-29T18:38Z","OK","TkWRhvf/ZBLsdECbDs2I4P5vF8/IN9uCAlpYrOXT16S9p6mAjM62Aw==","A00000150726","TkWRhvf/ZBLsdECbDs2I4P5vF8/IN9uCB5j4EvREd8A7mAaeSJNS3A==","A00000150710","TkWRhvf/ZBLsdECbDs2I4P5vF8/IN9uCuRqflcQId3A/lZCFRmY8Qg==","A00000150762",8.53,,"0000-0003-1699-6511",,
"a8efea49-a746-4743-8bfd-1a911174ece0","TEAK_013.basePlot.cfc","D17","TEAK","TEAK_013","distributed","TkWRhvf/ZBKgZrHb9WRR29ppzc2sNLVCwgACVbf46Ak=","A00000298558","2021-07-13T01:33Z","2021-07-14T15:00Z","2021-07-27T16:37Z","OK","TkWRhvf/ZBKgZrHb9WRR29ppzc2sNLVCXjMcjtG1ahg=","A00000150722","TkWRhvf/ZBKgZrHb9WRR29ppzc2sNLVCL4skrdcIFA0=","A00000150723","TkWRhvf/ZBKgZrHb9WRR29ppzc2sNLVCz/sb5+mwvvc=","A00000150761",6.83,,"0000-0002-4224-8173",,
"d676f497-4657-4eb0-a562-78aa76cc2ce5","TEAK_013.basePlot.cfc","D17","TEAK","TEAK_013","distributed","TkWRhvf/ZBK13g0YzGAOv31uelb6TRAfuYy7c1rimPE=","A00000298528","2021-07-13T02:06Z","2021-07-14T15:00Z","2021-07-28T21:16Z","OK","TkWRhvf/ZBK13g0YzGAOv31uelb6TRAf/VpdYERNfrA=","A00000150741","TkWRhvf/ZBK13g0YzGAOv31uelb6TRAfFPEWpLGeYYA=","A00000150695","TkWRhvf/ZBK13g0YzGAOv31uelb6TRAfftyUrXLp67g=","A00000150779",8.75,,"0000-0002-4224-8173",,
"cd31fc12-769c-41c2-ab38-dff8008b56e4","TEAK_056.basePlot.cfc","D17","TEAK","TEAK_056","tower","TkWRhvf/ZBK9ICwOp0ZRZJ/L9jPQz14FhsDnafP5BxQ=","A00000298555","2021-07-13T15:37Z","2021-07-14T15:00Z","2021-07-29T20:31Z","OK","TkWRhvf/ZBK9ICwOp0ZRZJ/L9jPQz14FLE+GECAAylg=","A00000150766","TkWRhvf/ZBK9ICwOp0ZRZJ/L9jPQz14FT6fbrViSBf8=","A00000150765","TkWRhvf/ZBK9ICwOp0ZRZJ/L9jPQz14FxrpSbxi5F+Y=","A00000150744",2.01,,"0000-0002-4224-8173",,
"d001d975-13d6-4d03-876a-0761acb97c9f","TEAK_056.basePlot.cfc","D17","TEAK","TEAK_056","tower","TkWRhvf/ZBKAC3PBKR2ackxezCbbQHOt8hTqN2NPWfw=","A00000298529","2021-07-13T15:58Z","2021-07-13T16:00Z","2021-07-26T19:49Z","OK","TkWRhvf/ZBKAC3PBKR2ackxezCbbQHOteSb8zzsLzFs=","A00000150780","TkWRhvf/ZBKAC3PBKR2ackxezCbbQHOteXUzMVEO7zc=","A00000150764","TkWRhvf/ZBKAC3PBKR2ackxezCbbQHOtvX7h6KhFvCM=","A00000150748",7.61,,"0000-0002-4224-8173",,
"e059dc2e-d902-42ad-a6e8-d9ca08eb4e88","TEAK_056.basePlot.cfc","D17","TEAK","TEAK_056","tower","TkWRhvf/ZBLsUsJtpF6hNWwErUcI9QaSD1eka9NkrT0=","A00000298611","2021-07-13T16:15Z","2021-07-14T15:00Z","2021-07-29T15:14Z","OK","TkWRhvf/ZBLsUsJtpF6hNWwErUcI9QaSVlWUTSuxDUg=","A00000150774","TkWRhvf/ZBLsUsJtpF6hNWwErUcI9QaS4cmeoEy7Bd0=","A00000150758","TkWRhvf/ZBLsUsJtpF6hNWwErUcI9QaS26s3szP5SAs=","A00000150776",6.32,,"0000-0002-4224-8173",,
"58062096-0922-4ab9-bd35-fd1410dd3706","TEAK_056.basePlot.cfc","D17","TEAK","TEAK_056","tower","TkWRhvf/ZBKIH7gtWEjJLDFL9jjLyPBgwXQBpAO+HGE=","A00000298718","2021-07-13T16:25Z","2021-07-14T15:00Z","2021-07-27T15:32Z","OK","TkWRhvf/ZBKIH7gtWEjJLDFL9jjLyPBgSROFsD6CbT0=","A00000150721","TkWRhvf/ZBKIH7gtWEjJLDFL9jjLyPBgkR9KFVCVwho=","A00000150733","TkWRhvf/ZBKIH7gtWEjJLDFL9jjLyPBgxgOj0AvL2is=","A00000150712",8.76,,"0000-0002-4224-8173",,
"010edf3b-3d1c-4b8e-bd81-e9f8bd173e13","TEAK_047.basePlot.cfc","D17","TEAK","TEAK_047","tower","TkWRhvf/ZBLsRCPvmpc/mm57fhgriAyWKgXtLS9kecs=","A00000298540","2021-07-13T18:45Z","2021-07-14T15:00Z","2021-07-26T17:53Z","OK","TkWRhvf/ZBLsRCPvmpc/mm57fhgriAyWLV/w8t4tmwE=","A00000150716","TkWRhvf/ZBLsRCPvmpc/mm57fhgriAyWkawd74x4TQc=","A00000150700","TkWRhvf/ZBLsRCPvmpc/mm57fhgriAyW35pbfE/OtCw=","A00000150732",5.05,,"0000-0002-4224-8173",,
"6762a7b3-c8dd-438b-9082-f3a9eec616f2","TEAK_047.basePlot.cfc","D17","TEAK","TEAK_047","tower","TkWRhvf/ZBJCoHEA51sHgpAUdwokagYM+mm2kIxQJm0=","A00000298534","2021-07-13T19:19Z","2021-07-14T15:00Z","2021-07-27T18:29Z","OK","TkWRhvf/ZBJCoHEA51sHgpAUdwokagYMOm9Gys+Jey4=","A00000150688","TkWRhvf/ZBJCoHEA51sHgpAUdwokagYM0LfheokkIUk=","A00000150687","TkWRhvf/ZBJCoHEA51sHgpAUdwokagYM/n+iLoV2RpM=","A00000150760",7.33,,"0000-0002-4224-8173",,
"5ad07e83-f78c-49e6-9b1b-a7ec7b6fd7ef","TEAK_047.basePlot.cfc","D17","TEAK","TEAK_047","tower","TkWRhvf/ZBLysFQNbsEX87QE1meyZZI6VFEsGIURCSk=","A00000298544","2021-07-13T19:25Z","2021-07-14T15:00Z","2021-07-29T14:11Z","OK","TkWRhvf/ZBLysFQNbsEX87QE1meyZZI64+NZktS4PHU=","A00000150743","TkWRhvf/ZBLysFQNbsEX87QE1meyZZI6vxN33T5SfU4=","A00000150759","TkWRhvf/ZBLysFQNbsEX87QE1meyZZI6sf/wOTjEY/E=","A00000150763",7.27,,"0000-0002-4224-8173",,
"5f395282-b536-4021-934c-5ee66bbf027f","TEAK_047.basePlot.cfc","D17","TEAK","TEAK_047","tower","TkWRhvf/ZBKtN5TE2+aAgTwQyNeULJ8YGPx2jNmJLKk=","A00000298595","2021-07-13T21:22Z","2021-07-14T15:00Z","2021-07-27T21:23Z","OK","TkWRhvf/ZBKtN5TE2+aAgTwQyNeULJ8Y9qno1QRRUP8=","A00000150685","TkWRhvf/ZBKtN5TE2+aAgTwQyNeULJ8Y791Lyn3ZLoc=","A00000150705","TkWRhvf/ZBKtN5TE2+aAgTwQyNeULJ8YDeOFU5cFr/s=","A00000150697",6.20,,"0000-0002-4224-8173",,
"c0121556-afd5-40b7-bc9a-c3d9c15339f3","TEAK_015.basePlot.cfc","D17","TEAK","TEAK_015","distributed","TkWRhvf/ZBLMgGiFN7b7Lbrdgo6jug7HKnz+bLhCBEc=","A00000298556","2021-07-19T23:48Z","2021-07-21T15:10Z","2021-07-26T23:11Z","OK","TkWRhvf/ZBLMgGiFN7b7Lbrdgo6jug7HMgtzYSgfW8k=","A00000150719","TkWRhvf/ZBLMgGiFN7b7Lbrdgo6jug7HoNmomUtVWfw=","A00000150720","TkWRhvf/ZBLMgGiFN7b7Lbrdgo6jug7HzwWibG1oYyA=","A00000150728",8.70,,"0000-0002-4224-8173",,
"2c963a7a-5306-4440-bf4f-29b2f0ab25ae","TEAK_015.basePlot.cfc","D17","TEAK","TEAK_015","distributed","TkWRhvf/ZBJsi9/XdTeiQCSo1zxXEm/zPG78XERZ5/U=","A00000298530","2021-07-20T00:51Z","2021-07-21T15:00Z","2021-07-28T22:08Z","OK","TkWRhvf/ZBJsi9/XdTeiQCSo1zxXEm/z+tsSsAC017U=","A00000150727","TkWRhvf/ZBJsi9/XdTeiQCSo1zxXEm/zCPCFYfGtE+U=","A00000150711","TkWRhvf/ZBJsi9/XdTeiQCSo1zxXEm/zKO+2YSPdrN4=","A00000150731",7.44,,"0000-0002-4224-8173",,
"dbee72c1-bd1e-4690-9369-a775e2ff3df7","TEAK_011.basePlot.cfc","D17","TEAK","TEAK_011","distributed","TkWRhvf/ZBLjee3XyjlF94E5Mln4KUxKZuZDCHm03zs=","A00000298549","2021-07-20T18:41Z","2021-07-21T19:00Z","2021-07-28T17:30Z","OK","TkWRhvf/ZBLjee3XyjlF94E5Mln4KUxKi5UElhXeQk4=","A00000150691","TkWRhvf/ZBLjee3XyjlF94E5Mln4KUxK3D5vd0fdPDc=","A00000150707","TkWRhvf/ZBLjee3XyjlF94E5Mln4KUxK7TjiPYX6h+Q=","A00000150777",13.06,,"0000-0003-1699-6511",,
"2d8a9483-6103-45d6-85bd-e3a2ab6c7747","TEAK_011.basePlot.cfc","D17","TEAK","TEAK_011","distributed","TkWRhvf/ZBKW70r+wxheolXMmAtAoPeWHtI4EwL4UlE=","A00000298719","2021-07-20T18:44Z","2021-07-21T15:00Z","2021-07-29T21:51Z","OK","TkWRhvf/ZBKW70r+wxheolXMmAtAoPeWZm1lXUns3Ww=","A00000150772","TkWRhvf/ZBKW70r+wxheolXMmAtAoPeWFCgqv3qUJto=","A00000150771","TkWRhvf/ZBKW70r+wxheolXMmAtAoPeWma4fLSkvS6s=","A00000150745",6.47,,"0000-0002-4224-8173",,
"2e95e8d6-4a0c-4bfa-a269-9888989e2b2a","TEAK_001.basePlot.cfc","D17","TEAK","TEAK_001","distributed","TkWRhvf/ZBLykCzHMky84tmdkFQmopNyoigdcw8xg6s=","A00000298537","2021-07-20T19:54Z","2021-07-21T15:00Z","2021-07-27T22:38Z","OK","TkWRhvf/ZBLykCzHMky84tmdkFQmopNyEm6aLv9bU6c=","A00000150704","TkWRhvf/ZBLykCzHMky84tmdkFQmopNywm5pJvEyslXY0E64AMXR2A==","A00000150703","TkWRhvf/ZBLykCzHMky84tmdkFQmopNyFZgIV5b8sZo=","A00000150746",8.95,,"0000-0002-4224-8173",,
"9a25ad9f-7ccc-4ed3-94aa-83c909249627","TEAK_001.basePlot.cfc","D17","TEAK","TEAK_001","distributed","TkWRhvf/ZBJdB2dKLxpbA666r/UjamO25vj7S9jcD7w=","A00000298546","2021-07-20T20:08Z","2021-07-21T15:00Z","2021-07-29T22:53Z","OK","TkWRhvf/ZBJdB2dKLxpbA666r/UjamO2SiP2V3vWfA8=","A00000150770","TkWRhvf/ZBJdB2dKLxpbA666r/UjamO2QNTxoCGmyQg=","A00000150769","TkWRhvf/ZBJdB2dKLxpbA666r/UjamO2nP7wSzelOHk=","A00000150775",6.68,,"0000-0002-4224-8173",,
"8b5712bc-f008-48a2-aabf-bb6d69b21f23","TEAK_052.basePlot.cfc","D17","TEAK","TEAK_052","tower","TkWRhvf/ZBJo7CvaiFnvEsOaa5h6crbYLzS2DmpZdcc=","A00000298552","2021-07-20T20:59Z","2021-07-21T15:00Z","2021-07-27T20:02Z","OK","TkWRhvf/ZBJo7CvaiFnvEsOaa5h6crbY2Kgx2IZJE+M=","A00000150706","TkWRhvf/ZBJo7CvaiFnvEsOaa5h6crbY4EA3LWXW5pQ=","A00000150686","TkWRhvf/ZBJo7CvaiFnvEsOaa5h6crbYxY8bKbWZqK4=","A00000150714",7.48,,"0000-0002-4224-8173",,
