uid,namedLocation,domainID,siteID,plotID,plotType,nlcdClass,geodeticDatum,decimalLatitude,decimalLongitude,coordinateUncertainty,elevation,elevationUncertainty,samplingProtocolVersion,collectDate,aopCollectDate,samplingImpractical,subplotID,sampleType,samplingMethod,sampleID,sampleCode,sampleCondition,chlorophyllSampleID,chlorophyllSampleCode,chlorophyllSamplePrepMethod,chlorophyllSampleCondition,clipCellNumber,clipID,clipLength,clipWidth,percentCoverClip,toxicodendronPossible,vstTag,tagID,individualID,taxonID,scientificName,plantStatus,canopyStatus,canopyPosition,leafSamplePosition,subsample1Height,subsample2Height,subsample3Height,crownPolygonID,crownPolygonConfidence,shapefileID,collectedBy,recordedBy,remarks,dataQF
"4b0c3f18-2bc0-4c55-aa0a-6607053e409a","TEAK_002.basePlot.cfc","D17","TEAK","TEAK_002","distributed","evergreenForest","WGS84",36.978454,-119.035693,20.2,2377.1,0.24,"NEON.DOC.001024vH","2021-07-06T00:49Z","2021-07-13","OK",,"Woody individual","line launcher","TkWRhvf/ZBK+xCJjr3XzDGBNCP7cfq/u4CHPMsgDYpw=","A00000298618","OK","TkWRhvf/ZBK+xCJjr3XzDGBNCP7cfq/uU+ret6Lz0RM=","A00000298582",,"OK",,,,,,,"N","05795","NEON.PLA.D17.TEAK.05795","ABCO","Abies concolor (Gord. & Glend.) Lindl. ex Hildebr.","OK","true canopy","Full sun",,14.9,,,"TEAK.05795.2021","medium","TEAK-2021-polygons","0000-0003-1699-6511","0000-0002-1785-6265",,
"34412b39-7174-48e7-9d0f-3356512ec0b8","TEAK_002.basePlot.cfc","D17","TEAK","TEAK_002","distributed","evergreenForest","WGS84",36.978454,-119.035693,20.2,2377.1,0.24,"NEON.DOC.001024vH","2021-07-06T02:41Z","2021-07-13","OK",,"Woody individual","clippers","TkWRhvf/ZBLHrdBfamsbC+3lZjEmf4ja8wztu1YJItI=","A00000298617","OK","TkWRhvf/ZBLHrdBfamsbC+3lZjEmf4jamoa5diM+Ta8=","A00000298583",,"OK",,,,,,,"N","05792","NEON.PLA.D17.TEAK.05792","CECO","Ceanothus cordulatus Kellogg","OK","sunlit gap","Partially shaded",,0.4,,,,,,"0000-0003-1699-6511","0000-0002-1785-6265",,
"fcada20a-5b73-4749-956d-8d92be004b98","TEAK_014.basePlot.cfc","D17","TEAK","TEAK_014","distributed","evergreenForest","WGS84",37.022379,-119.042558,20.2,2222.1,0.20,"NEON.DOC.001024vH","2021-07-06T18:10Z","2021-07-14","OK",,"Woody individual","line launcher","TkWRhvf/ZBJDBE0VFiotNDxzba7U8W9Q54Eeydjrbl8=","A00000298608","OK","TkWRhvf/ZBJDBE0VFiotNDxzba7U8W9QlooGOTM98g0=","A00000298588",,"OK",,,,,,,"N","05568","NEON.PLA.D17.TEAK.05568","ABMA","Abies magnifica A. Murray bis","OK","true canopy","Full sun",,12.0,,,"TEAK.05568.2021","medium","TEAK-2021-polygons","0000-0003-1699-6511","0000-0002-1785-6265",,
"ca965c7a-e1d2-4964-9399-babb4da0379c","TEAK_014.basePlot.cfc","D17","TEAK","TEAK_014","distributed","evergreenForest","WGS84",37.022379,-119.042558,20.2,2222.1,0.20,"NEON.DOC.001024vH","2021-07-06T18:18Z","2021-07-14","OK",,"Woody individual","clippers","TkWRhvf/ZBLUABV04wquiD/1CnP5EqpHmEM7/CeyfOw=","A00000298722","OK","TkWRhvf/ZBLUABV04wquiD/1CnP5EqpHDpvM2n0SXmc=","A00000298589",,"OK",,,,,,,"N","05590","NEON.PLA.D17.TEAK.05590","CECO","Ceanothus cordulatus Kellogg","OK","sunlit gap","Partially shaded",,0.2,,,,,,"0000-0003-1699-6511","0000-0002-1785-6265",,
"357d3040-ad5b-4653-878c-e70629b8d8c8","TEAK_014.basePlot.cfc","D17","TEAK","TEAK_014","distributed","evergreenForest","WGS84",37.022379,-119.042558,20.2,2222.1,0.20,"NEON.DOC.001024vH","2021-07-06T18:24Z","2021-07-14","OK",,"Woody individual","clippers","TkWRhvf/ZBIhe7+sHPMiaazv9RkIJ5umBeJfD9FyaGo=","A00000298731","OK","TkWRhvf/ZBIhe7+sHPMiaazv9RkIJ5umpDZYk3jgNbE=","A00000298591",,"OK",,,,,,,"N","05578","NEON.PLA.D17.TEAK.05578","RICE","Ribes cereum Douglas","OK","sunlit gap","Full sun",,0.4,,,,,,"0000-0003-1699-6511","0000-0002-1785-6265",,
"7c7314aa-f90c-4076-8206-1538e250e25f","TEAK_014.basePlot.cfc","D17","TEAK","TEAK_014","distributed","evergreenForest","WGS84",37.022379,-119.042558,20.2,2222.1,0.20,"NEON.DOC.001024vH","2021-07-06T18:32Z","2021-07-14","OK",,"Woody individual","clippers","TkWRhvf/ZBLN/jPhNEG8rSuIZ64TX0mfFIogM39XRJs=","A00000298728","OK","TkWRhvf/ZBLN/jPhNEG8rSuIZ64TX0mfZdwhK8rRBqQ=","A00000298578",,"OK",,,,,,,"N","05570","NEON.PLA.D17.TEAK.05570","RIRO","Ribes roezlii Regel","OK","sunlit gap","Full sun",,1.0,,,,,,"0000-0003-1699-6511","0000-0002-1785-6265",,
"b40f068e-4c51-48aa-973f-d4e194951aee","TEAK_010.basePlot.cfc","D17","TEAK","TEAK_010","distributed","evergreenForest","WGS84",37.014434,-119.049096,20.1,2221.6,0.14,"NEON.DOC.001024vH","2021-07-06T21:23Z","2021-07-14","OK",,"Woody individual","line launcher","TkWRhvf/ZBJH9TEmPTDsJmZZkIg+UI4zHu2re9MnbXE=","A00000298614","OK","TkWRhvf/ZBJH9TEmPTDsJmZZkIg+UI4zh1vOWiQyr04=","A00000298585",,"OK",,,,,,,"N","05800","NEON.PLA.D17.TEAK.05800","PILA","Pinus lambertiana Douglas","OK","true canopy","Full sun",,13.2,,,"TEAK.05800.2021","medium","TEAK-2021-polygons","0000-0003-1699-6511","0000-0002-1785-6265",,
"3a1843c2-199c-4d1d-abeb-77f11a9e73bb","TEAK_010.basePlot.cfc","D17","TEAK","TEAK_010","distributed","evergreenForest","WGS84",37.014434,-119.049096,20.1,2221.6,0.14,"NEON.DOC.001024vH","2021-07-06T22:02Z","2021-07-14","OK",,"Woody individual","clippers","TkWRhvf/ZBJ26HIvlborg126jhbrRAVG69pfkWx13oQ=","A00000298726","OK","TkWRhvf/ZBJ26HIvlborg126jhbrRAVGbAvBI9lmJCdpcDDeEvgSSw==","A00000298590",,"OK",,,,,,,"N","05794","NEON.PLA.D17.TEAK.05794","ARPA6","Arctostaphylos patula Greene","OK","sunlit gap","Partially shaded",,1.1,,,,,,"0000-0003-1699-6511","0000-0002-1785-6265",,
"60a77391-f3c2-4e1a-b09d-c78948bef250","TEAK_010.basePlot.cfc","D17","TEAK","TEAK_010","distributed","evergreenForest","WGS84",37.014434,-119.049096,20.1,2221.6,0.14,"NEON.DOC.001024vH","2021-07-06T22:32Z","2021-07-14","OK",,"Woody individual","clippers","TkWRhvf/ZBL4bqSjv6zSru9Hz0e8egD1QscCnPZ4vrk=","A00000298601","OK","TkWRhvf/ZBL4bqSjv6zSru9Hz0e8egD1PYcqcbrEFl0=","A00000298581",,"OK",,,,,,,"N","05799","NEON.PLA.D17.TEAK.05799","PREM","Prunus emarginata (Douglas ex Hook.) D. Dietr.","OK","sunlit gap","Full sun",,1.2,,,,,,"0000-0003-1699-6511","0000-0002-1785-6265",,
"7206690c-1d5c-4914-b88b-0cbfe757f28b","TEAK_010.basePlot.cfc","D17","TEAK","TEAK_010","distributed","evergreenForest","WGS84",37.014434,-119.049096,20.1,2221.6,0.14,"NEON.DOC.001024vH","2021-07-06T22:42Z","2021-07-14","OK",,"Woody individual","clippers","TkWRhvf/ZBLsdECbDs2I4P5vF8/IN9uCZjHcTQVPIA4=","A00000298598","OK","TkWRhvf/ZBLsdECbDs2I4P5vF8/IN9uC7ySWT+dSdguxGcx3FHhFFg==","A00000298580",,"OK",,,,,,,"N","05574","NEON.PLA.D17.TEAK.05574","CHSE11","Chrysolepis sempervirens (Kellogg) Hjelmqvist","OK","sunlit gap","Full sun",,1.2,,,,,,"0000-0003-1699-6511","0000-0002-1785-6265",,
"8c297bc6-72c0-47bb-a2f5-e197529fb304","TEAK_013.basePlot.cfc","D17","TEAK","TEAK_013","distributed","evergreenForest","WGS84",36.974821,-119.041671,20.3,2359.6,0.29,"NEON.DOC.001024vH","2021-07-13T01:33Z","2021-07-14","OK",,"Woody individual","clippers","TkWRhvf/ZBKgZrHb9WRR29ppzc2sNLVCwgACVbf46Ak=","A00000298558","OK","TkWRhvf/ZBKgZrHb9WRR29ppzc2sNLVCym2/CUK1WsA=","B00000123594",,"OK",,,,,,,"N","05798","NEON.PLA.D17.TEAK.05798","ARNE","Arctostaphylos nevadensis A. Gray","OK","sunlit gap","Partially shaded",,0.1,,,,,,"0000-0003-1699-6511","0000-0002-1475-5549",,
"6af1dadc-1773-415d-84d7-43496a195ae6","TEAK_013.basePlot.cfc","D17","TEAK","TEAK_013","distributed","evergreenForest","WGS84",36.974821,-119.041671,20.3,2359.6,0.29,"NEON.DOC.001024vH","2021-07-13T02:06Z","2021-07-14","OK",,"Woody individual","line launcher","TkWRhvf/ZBK13g0YzGAOv31uelb6TRAfuYy7c1rimPE=","A00000298528","OK","TkWRhvf/ZBK13g0YzGAOv31uelb6TRAfD/4j6Fmhtac=","B00000123596",,"OK",,,,,,,"N","05573","NEON.PLA.D17.TEAK.05573","ABMA","Abies magnifica A. Murray bis","OK","true canopy","Full sun",,18.4,,,,,,"0000-0003-1699-6511","0000-0002-1475-5549",,
"ab024e3e-aeab-4389-bb24-f59317d97b20","TEAK_056.basePlot.cfc","D17","TEAK","TEAK_056","tower","evergreenForest","WGS84",37.002101,-119.010675,20.3,2142.6,0.50,"NEON.DOC.001024vH","2021-07-13T15:37Z","2021-07-14","OK",,"Woody individual","clippers","TkWRhvf/ZBK9ICwOp0ZRZJ/L9jPQz14FhsDnafP5BxQ=","A00000298555","OK","TkWRhvf/ZBK9ICwOp0ZRZJ/L9jPQz14FS5zLl07SN/0=","B00000123593",,"OK",,,,,,,"N","05793","NEON.PLA.D17.TEAK.05793","CECO","Ceanothus cordulatus Kellogg","OK","sunlit gap","Partially shaded",,0.2,,,,,,"0000-0003-1699-6511","0000-0002-1475-5549",,
"dcbbd4f7-5b83-4708-b298-cd2a4cd9344b","TEAK_056.basePlot.cfc","D17","TEAK","TEAK_056","tower","evergreenForest","WGS84",37.002101,-119.010675,20.3,2142.6,0.50,"NEON.DOC.001024vH","2021-07-13T15:58Z","2021-07-14","OK",,"Woody individual","line launcher","TkWRhvf/ZBKAC3PBKR2ackxezCbbQHOt8hTqN2NPWfw=","A00000298529","OK","TkWRhvf/ZBKAC3PBKR2ackxezCbbQHOtfi+hkhsedA0=","B00000123584",,"OK",,,,,,,"Y","01289","NEON.PLA.D17.TEAK.01289","ABMA","Abies magnifica A. Murray bis","OK","true canopy","Full sun",,11.0,,,"TEAK.01289.2021","low","TEAK-2021-polygons","0000-0003-1699-6511","0000-0002-1475-5549",,
"6ed87170-244e-4125-b0e0-00a58365606a","TEAK_056.basePlot.cfc","D17","TEAK","TEAK_056","tower","evergreenForest","WGS84",37.002101,-119.010675,20.3,2142.6,0.50,"NEON.DOC.001024vH","2021-07-13T16:15Z","2021-07-14","OK",,"Woody individual","line launcher","TkWRhvf/ZBLsUsJtpF6hNWwErUcI9QaSD1eka9NkrT0=","A00000298611","OK","TkWRhvf/ZBLsUsJtpF6hNWwErUcI9QaSVugmcy7LvdI=","B00000123599",,"OK",,,,,,,"Y","01263","NEON.PLA.D17.TEAK.01263","PICO","Pinus contorta Douglas ex Loudon","OK","true canopy","Full sun",,15.1,,,"TEAK.01263.2021","medium","TEAK-2021-polygons","0000-0003-1699-6511","0000-0002-1475-5549",,
"16a4484a-591e-4720-a79e-57440cb852ac","TEAK_056.basePlot.cfc","D17","TEAK","TEAK_056","tower","evergreenForest","WGS84",37.002101,-119.010675,20.3,2142.6,0.50,"NEON.DOC.001024vH","2021-07-13T16:25Z","2021-07-14","OK",,"Woody individual","line launcher","TkWRhvf/ZBKIH7gtWEjJLDFL9jjLyPBgwXQBpAO+HGE=","A00000298718","OK","TkWRhvf/ZBKIH7gtWEjJLDFL9jjLyPBgrGjhuZrCNZ8=","B00000123598",,"OK",,,,,,,"N","05797","NEON.PLA.D17.TEAK.05797","PIJE","Pinus jeffreyi Balf.","OK","true canopy","Full sun",,14.5,,,"TEAK.05797.2021","medium","TEAK-2021-polygons","0000-0003-1699-6511","0000-0002-1475-5549",,
"149dffa9-6511-4d97-b2ed-0245c63309cc","TEAK_047.basePlot.cfc","D17","TEAK","TEAK_047","tower","evergreenForest","WGS84",37.005149,-119.009069,20.4,2143.3,0.68,"NEON.DOC.001024vH","2021-07-13T18:45Z","2021-07-14","OK",,"Woody individual","line launcher","TkWRhvf/ZBLsRCPvmpc/mm57fhgriAyWKgXtLS9kecs=","A00000298540","OK","TkWRhvf/ZBLsRCPvmpc/mm57fhgriAyWxASsXlsIuo4=","B00000123591",,"OK",,,,,,,"Y","01894","NEON.PLA.D17.TEAK.01894","PIJE","Pinus jeffreyi Balf.","OK","true canopy","Full sun",,9.0,,,"TEAK.01894.2021","medium","TEAK-2021-polygons","0000-0003-1699-6511","0000-0002-2580-6989",,
"a3d4b1a0-9f59-46f1-be82-45408355da68","TEAK_047.basePlot.cfc","D17","TEAK","TEAK_047","tower","evergreenForest","WGS84",37.005149,-119.009069,20.4,2143.3,0.68,"NEON.DOC.001024vH","2021-07-13T19:19Z","2021-07-14","OK",,"Woody individual","clippers","TkWRhvf/ZBJCoHEA51sHgpAUdwokagYM+mm2kIxQJm0=","A00000298534","OK","TkWRhvf/ZBJCoHEA51sHgpAUdwokagYM6YqY6Cd4PM4=","B00000123588",,"OK",,,,,,,"Y","01843","NEON.PLA.D17.TEAK.01843","ABCO","Abies concolor (Gord. & Glend.) Lindl. ex Hildebr.","OK","true canopy","Partially shaded",,2.9,,,"TEAK.01843.2021","medium","TEAK-2021-polygons","0000-0003-1699-6511","0000-0002-2580-6989",,
"228d8688-805a-42de-9c30-85dde68da408","TEAK_047.basePlot.cfc","D17","TEAK","TEAK_047","tower","evergreenForest","WGS84",37.005149,-119.009069,20.4,2143.3,0.68,"NEON.DOC.001024vH","2021-07-13T19:25Z","2021-07-14","OK",,"Woody individual","clippers","TkWRhvf/ZBLysFQNbsEX87QE1meyZZI6VFEsGIURCSk=","A00000298544","OK","TkWRhvf/ZBLysFQNbsEX87QE1meyZZI6H3OmxhnSXkw=","B00000123585",,"OK",,,,,,,"Y","01900","NEON.PLA.D17.TEAK.01900","ABMA","Abies magnifica A. Murray bis","OK","sunlit gap","Partially shaded",,3.3,,,"TEAK.01900.2021","medium","TEAK-2021-polygons","0000-0003-1699-6511","0000-0002-2580-6989",,
"f282546c-c777-4799-b6ae-a2c8859171d4","TEAK_047.basePlot.cfc","D17","TEAK","TEAK_047","tower","evergreenForest","WGS84",37.005149,-119.009069,20.4,2143.3,0.68,"NEON.DOC.001024vH","2021-07-13T21:22Z","2021-07-14","OK",,"Woody individual","clippers","TkWRhvf/ZBKtN5TE2+aAgTwQyNeULJ8YGPx2jNmJLKk=","A00000298595","OK","TkWRhvf/ZBKtN5TE2+aAgTwQyNeULJ8YPaZKXEA0OV4=","B00000123595",,"OK",,,,,,,"Y","01892","NEON.PLA.D17.TEAK.01892","PICO","Pinus contorta Douglas ex Loudon","OK","true canopy","Full sun",,2.0,,,"TEAK.01892.2021","medium","TEAK-2021-polygons","0000-0003-1699-6511","0000-0002-2580-6989",,
"047ddcda-44d9-4e45-be48-4362fb0f733d","TEAK_015.basePlot.cfc","D17","TEAK","TEAK_015","distributed","evergreenForest","WGS84",36.988308,-119.044357,20.5,2282.5,0.83,"NEON.DOC.001024vH","2021-07-19T23:48Z","2021-07-14","OK","31_400","Woody individual","line launcher","TkWRhvf/ZBLMgGiFN7b7Lbrdgo6jug7HKnz+bLhCBEc=","A00000298556","OK","TkWRhvf/ZBLMgGiFN7b7Lbrdgo6jug7H+k611hNFQPk=","B00000123600",,"OK",,,,,,,"N","05576","NEON.PLA.D17.TEAK.05576","ABMA","Abies magnifica A. Murray bis","OK","true canopy","Full sun",,11.8,,,,,,"0000-0003-1699-6511","0000-0002-1785-6265",,
"8363910d-e44b-4814-bd74-cfa0e6a5b03d","TEAK_015.basePlot.cfc","D17","TEAK","TEAK_015","distributed","evergreenForest","WGS84",36.988308,-119.044357,20.5,2282.5,0.83,"NEON.DOC.001024vH","2021-07-20T00:51Z","2021-07-14","OK",,"Woody individual","clippers","TkWRhvf/ZBJsi9/XdTeiQCSo1zxXEm/zPG78XERZ5/U=","A00000298530","OK","TkWRhvf/ZBJsi9/XdTeiQCSo1zxXEm/zBPnJQiURpBA=","B00000123587",,"OK",,,,,,,"N","05796","NEON.PLA.D17.TEAK.05796","ABCO","Abies concolor (Gord. & Glend.) Lindl. ex Hildebr.","OK","sunlit gap","Partially shaded",,2.2,,,,,,"0000-0003-1699-6511","0000-0002-1785-6265",,
"d0ebcb64-8f18-4e47-8e18-2fda2f19c4e1","TEAK_011.basePlot.cfc","D17","TEAK","TEAK_011","distributed","evergreenForest","WGS84",37.004153,-119.002986,20.2,2152.4,0.20,"NEON.DOC.001024vH","2021-07-20T18:41Z","2021-07-14","OK",,"Woody individual","clippers","TkWRhvf/ZBLjee3XyjlF94E5Mln4KUxKZuZDCHm03zs=","A00000298549","OK","TkWRhvf/ZBLjee3XyjlF94E5Mln4KUxKDp3CbgF0HC4=","B00000123590",,"OK",,,,,,,"N","05569","NEON.PLA.D17.TEAK.05569","PICO","Pinus contorta Douglas ex Loudon","OK","true canopy","Full sun",,1.5,,,"TEAK.05569.2021","low","TEAK-2021-polygons","0000-0003-1699-6511","0000-0002-1785-6265",,
"cc4aa414-941e-4476-8a12-ca396b5f1f1b","TEAK_011.basePlot.cfc","D17","TEAK","TEAK_011","distributed","evergreenForest","WGS84",37.004153,-119.002986,20.2,2152.4,0.20,"NEON.DOC.001024vH","2021-07-20T18:44Z","2021-07-14","OK",,"Woody individual","clippers","TkWRhvf/ZBKW70r+wxheolXMmAtAoPeWHtI4EwL4UlE=","A00000298719","OK","TkWRhvf/ZBKW70r+wxheolXMmAtAoPeWdQZDFXcK/UY=","B00000123597",,"OK",,,,,,,"N","05572","NEON.PLA.D17.TEAK.05572","ABCO","Abies concolor (Gord. & Glend.) Lindl. ex Hildebr.","OK","true canopy","Partially shaded",,1.7,,,"TEAK.05572.2021","low","TEAK-2021-polygons","0000-0003-1699-6511","0000-0002-1785-6265",,
"3be2e411-984a-472c-bb76-228dc0ce46f7","TEAK_001.basePlot.cfc","D17","TEAK","TEAK_001","distributed","evergreenForest","WGS84",36.976667,-119.016470,20.1,2194.4,0.13,"NEON.DOC.001024vH","2021-07-20T19:54Z","2021-07-14","OK",,"Woody individual","clippers","TkWRhvf/ZBLykCzHMky84tmdkFQmopNyoigdcw8xg6s=","A00000298537","OK","TkWRhvf/ZBLykCzHMky84tmdkFQmopNyha8lHSASgPcxWR7IrgTO/Q==","B00000123589",,"OK",,,,,,,"N","05571","NEON.PLA.D17.TEAK.05571","ARPA6","Arctostaphylos patula Greene","OK","sunlit gap","Full sun",,1.2,,,,,,"0000-0003-1699-6511","0000-0002-1785-6265",,
"0e6c2e30-252c-432e-9f4c-f950cd38ba4c","TEAK_001.basePlot.cfc","D17","TEAK","TEAK_001","distributed","evergreenForest","WGS84",36.976667,-119.016470,20.1,2194.4,0.13,"NEON.DOC.001024vH","2021-07-20T20:08Z","2021-07-14","OK",,"Woody individual","clippers","TkWRhvf/ZBJdB2dKLxpbA666r/UjamO25vj7S9jcD7w=","A00000298546","OK","TkWRhvf/ZBJdB2dKLxpbA666r/UjamO25ZiMxm/577k=","B00000123586",,"OK",,,,,,,"N","05575","NEON.PLA.D17.TEAK.05575","ABCO","Abies concolor (Gord. & Glend.) Lindl. ex Hildebr.","OK","true canopy","Partially shaded",,1.7,,,"TEAK.05575.2021","low","TEAK-2021-polygons","0000-0003-1699-6511","0000-0002-1785-6265",,
"eab3978e-e200-4e4c-8ce2-9472f6267404","TEAK_052.basePlot.cfc","D17","TEAK","TEAK_052","tower","evergreenForest","WGS84",37.008938,-119.009507,20.1,2162.6,0.12,"NEON.DOC.001024vH","2021-07-20T20:59Z","2021-07-14","OK",,"Woody individual","line launcher","TkWRhvf/ZBJo7CvaiFnvEsOaa5h6crbYLzS2DmpZdcc=","A00000298552","OK","TkWRhvf/ZBJo7CvaiFnvEsOaa5h6crbYGrW6/h+p1jA=","B00000123592",,"OK",,,,,,,"Y","02383","NEON.PLA.D17.TEAK.02383","PICO","Pinus contorta Douglas ex Loudon","OK","true canopy","Full sun",,12.8,,,"TEAK.02383.2021","medium","TEAK-2021-polygons","0000-0003-1699-6511","0000-0002-1785-6265",,
