uid,namedLocation,domainID,siteID,plotID,plotType,sampleID,sampleCode,ligninSampleID,ligninSampleBarcode,collectDate,analysisDate,analyticalRepNumber,dryMass,digestVolume,foliarPhosphorusConc,foliarPotassiumConc,foliarCalciumConc,foliarMagnesiumConc,foliarSulfurConc,foliarManganeseConc,foliarIronConc,foliarCopperConc,foliarBoronConc,foliarZincConc,foliarPhosphorusQF,foliarPotassiumQF,foliarCalciumQF,foliarMagnesiumQF,foliarSulfurQF,foliarManganeseQF,foliarIronQF,foliarCopperQF,foliarBoronQF,foliarZincQF,remarks,laboratoryName,testMethod,analyzedBy,reviewedBy,dataQF
"bf96c8d9-18b1-40c6-935e-4b1196b3583b","TEAK_002.basePlot.cfc","D17","TEAK","TEAK_002","distributed","TkWRhvf/ZBK+xCJjr3XzDGBNCP7cfq/u4CHPMsgDYpw=","A00000298618","TkWRhvf/ZBK+xCJjr3XzDGBNCP7cfq/uz3kWk7uWX/I=","A00000150718","2021-07-06T00:49Z","2021-10-04",1,0.201,25,0.079,0.936,0.891,0.132,0.060,362.3,25.8,1.6,18.1,27.0,"OK","OK","OK","OK","OK","OK","OK","OK","OK","OK",,"A and L Great Lakes","SOP APF-10-020","GMBnR6hAkVo=","j+NchQmCR3uWeXRzNkSPNw==",
"1a758432-96ab-49f3-9fab-048b84b07591","TEAK_002.basePlot.cfc","D17","TEAK","TEAK_002","distributed","TkWRhvf/ZBLHrdBfamsbC+3lZjEmf4ja8wztu1YJItI=","A00000298617","TkWRhvf/ZBLHrdBfamsbC+3lZjEmf4jaW0kWOCZ0Scw=","A00000150767","2021-07-06T02:41Z","2021-10-04",1,0.204,25,0.126,0.696,1.443,0.258,0.120,407.8,105.2,3.8,39.6,17.9,"OK","OK","OK","OK","OK","OK","OK","OK","OK","OK",,"A and L Great Lakes","SOP APF-10-020","GMBnR6hAkVo=","j+NchQmCR3uWeXRzNkSPNw==",
"9d48c667-e520-46d1-8c55-805bda7e9969","TEAK_014.basePlot.cfc","D17","TEAK","TEAK_014","distributed","TkWRhvf/ZBJDBE0VFiotNDxzba7U8W9Q54Eeydjrbl8=","A00000298608","TkWRhvf/ZBJDBE0VFiotNDxzba7U8W9Q5Am5oNeWQ/I=","A00000150709","2021-07-06T18:10Z","2021-10-04",1,0.199,25,0.089,0.680,0.673,0.095,0.060,218.5,24.4,1.7,29.0,18.8,"OK","OK","OK","OK","OK","OK","OK","OK","OK","OK",,"A and L Great Lakes","SOP APF-10-020","GMBnR6hAkVo=","j+NchQmCR3uWeXRzNkSPNw==",
"e67b7dc2-16bc-4d70-bc3d-1f8c8d03e3a7","TEAK_014.basePlot.cfc","D17","TEAK","TEAK_014","distributed","TkWRhvf/ZBLUABV04wquiD/1CnP5EqpHmEM7/CeyfOw=","A00000298722","TkWRhvf/ZBLUABV04wquiD/1CnP5EqpHxzn7X2q24Y8=","A00000150694","2021-07-06T18:18Z","2021-10-04",1,0.197,25,0.171,0.825,1.303,0.189,0.133,176.7,110.8,4.2,27.6,26.6,"OK","OK","OK","OK","OK","OK","OK","OK","OK","OK",,"A and L Great Lakes","SOP APF-10-020","GMBnR6hAkVo=","j+NchQmCR3uWeXRzNkSPNw==",
"705fc78b-b52e-41d9-9a80-b4d5bfdeb7de","TEAK_014.basePlot.cfc","D17","TEAK","TEAK_014","distributed","TkWRhvf/ZBIhe7+sHPMiaazv9RkIJ5umBeJfD9FyaGo=","A00000298731","TkWRhvf/ZBIhe7+sHPMiaazv9RkIJ5umCUT4T3H/l/k=","A00000150724","2021-07-06T18:24Z","2021-10-04",1,0.202,25,0.212,1.335,1.334,0.247,0.262,113.6,86.1,4.8,35.3,8.4,"OK","OK","OK","OK","OK","OK","OK","OK","OK","OK",,"A and L Great Lakes","SOP APF-10-020","GMBnR6hAkVo=","j+NchQmCR3uWeXRzNkSPNw==",
"381127f2-5e71-489f-93aa-e94238aff385","TEAK_014.basePlot.cfc","D17","TEAK","TEAK_014","distributed","TkWRhvf/ZBLN/jPhNEG8rSuIZ64TX0mfFIogM39XRJs=","A00000298728","TkWRhvf/ZBLN/jPhNEG8rSuIZ64TX0mfJkIL9Cq+1yc=","A00000150755","2021-07-06T18:32Z","2021-10-04",1,0.203,25,0.220,1.548,1.352,0.242,0.184,172.5,200.9,5.4,28.8,16.1,"OK","OK","OK","OK","OK","OK","OK","OK","OK","OK",,"A and L Great Lakes","SOP APF-10-020","GMBnR6hAkVo=","j+NchQmCR3uWeXRzNkSPNw==",
"bab4661a-2ba9-42c6-8849-50de36b26e32","TEAK_010.basePlot.cfc","D17","TEAK","TEAK_010","distributed","TkWRhvf/ZBJH9TEmPTDsJmZZkIg+UI4zHu2re9MnbXE=","A00000298614","TkWRhvf/ZBJH9TEmPTDsJmZZkIg+UI4zbZyW2cgwCSQ=","A00000150708","2021-07-06T21:23Z","2021-10-04",1,0.198,25,0.109,0.474,0.794,0.137,0.085,242.4,41.3,2.4,16.3,29.3,"OK","OK","OK","OK","OK","OK","OK","OK","OK","OK",,"A and L Great Lakes","SOP APF-10-020","GMBnR6hAkVo=","j+NchQmCR3uWeXRzNkSPNw==",
"10f09999-707f-4bbf-af8a-be9a55f9ba50","TEAK_010.basePlot.cfc","D17","TEAK","TEAK_010","distributed","TkWRhvf/ZBJ26HIvlborg126jhbrRAVG69pfkWx13oQ=","A00000298726","TkWRhvf/ZBJ26HIvlborg126jhbrRAVGvPR2qCfQ8J1NKLDezKO3DA==","A00000150756","2021-07-06T22:02Z","2021-10-04",1,0.202,25,0.109,0.679,1.496,0.178,0.058,65.1,34.0,1.8,33.4,35.0,"OK","OK","OK","OK","OK","OK","OK","OK","OK","OK",,"A and L Great Lakes","SOP APF-10-020","GMBnR6hAkVo=","j+NchQmCR3uWeXRzNkSPNw==",
"d0b5e00a-2fa3-4a4c-8274-f1163244d0cb","TEAK_010.basePlot.cfc","D17","TEAK","TEAK_010","distributed","TkWRhvf/ZBL4bqSjv6zSru9Hz0e8egD1QscCnPZ4vrk=","A00000298601","TkWRhvf/ZBL4bqSjv6zSru9Hz0e8egD1GTMVHEBN3sA=","A00000150689","2021-07-06T22:32Z","2021-10-04",1,0.197,25,0.670,1.761,1.572,0.598,0.237,151.1,124.9,9.3,29.3,31.1,"sample value outlier","OK","OK","OK","OK","OK","OK","OK","OK","OK",,"A and L Great Lakes","SOP APF-10-020","GMBnR6hAkVo=","j+NchQmCR3uWeXRzNkSPNw==",
"64160faf-b1b9-4beb-ab1c-c97bdfbf6b7c","TEAK_010.basePlot.cfc","D17","TEAK","TEAK_010","distributed","TkWRhvf/ZBLsdECbDs2I4P5vF8/IN9uCZjHcTQVPIA4=","A00000298598","TkWRhvf/ZBLsdECbDs2I4P5vF8/IN9uCB5j4EvREd8A7mAaeSJNS3A==","A00000150710","2021-07-06T22:42Z","2021-10-04",1,0.203,25,0.113,0.402,0.738,0.139,0.073,505.9,54.4,3.5,34.0,18.3,"OK","OK","OK","OK","OK","OK","OK","OK","OK","OK",,"A and L Great Lakes","SOP APF-10-020","GMBnR6hAkVo=","j+NchQmCR3uWeXRzNkSPNw==",
"6f80588e-8fc1-40ed-b62d-3b20c7fe9422","TEAK_013.basePlot.cfc","D17","TEAK","TEAK_013","distributed","TkWRhvf/ZBKgZrHb9WRR29ppzc2sNLVCwgACVbf46Ak=","A00000298558","TkWRhvf/ZBKgZrHb9WRR29ppzc2sNLVCL4skrdcIFA0=","A00000150723","2021-07-13T01:33Z","2021-10-04",1,0.204,25,0.110,0.601,0.694,0.186,0.071,132.9,61.0,3.3,22.5,34.4,"OK","OK","OK","OK","OK","OK","OK","OK","OK","OK",,"A and L Great Lakes","SOP APF-10-020","GMBnR6hAkVo=","j+NchQmCR3uWeXRzNkSPNw==",
"e575c9cf-f078-4961-a122-9b3308b90602","TEAK_013.basePlot.cfc","D17","TEAK","TEAK_013","distributed","TkWRhvf/ZBK13g0YzGAOv31uelb6TRAfuYy7c1rimPE=","A00000298528","TkWRhvf/ZBK13g0YzGAOv31uelb6TRAfFPEWpLGeYYA=","A00000150695","2021-07-13T02:06Z","2021-10-04",1,0.198,25,0.066,0.550,0.973,0.083,0.072,1911.0,44.8,1.6,39.9,32.5,"OK","OK","OK","OK","OK","OK","OK","OK","OK","OK",,"A and L Great Lakes","SOP APF-10-020","GMBnR6hAkVo=","j+NchQmCR3uWeXRzNkSPNw==",
"a17b4cb8-83dc-40a8-a3a6-e84aef3fd521","TEAK_056.basePlot.cfc","D17","TEAK","TEAK_056","tower","TkWRhvf/ZBK9ICwOp0ZRZJ/L9jPQz14FhsDnafP5BxQ=","A00000298555","TkWRhvf/ZBK9ICwOp0ZRZJ/L9jPQz14FT6fbrViSBf8=","A00000150765","2021-07-13T15:37Z","2021-10-04",1,0.204,25,0.168,1.064,1.059,0.210,0.165,240.1,100.2,5.2,19.4,18.1,"OK","OK","OK","OK","OK","OK","OK","OK","OK","OK",,"A and L Great Lakes","SOP APF-10-020","GMBnR6hAkVo=","j+NchQmCR3uWeXRzNkSPNw==",
"fbb15933-d900-4f42-bf7a-903e1b47f931","TEAK_056.basePlot.cfc","D17","TEAK","TEAK_056","tower","TkWRhvf/ZBKAC3PBKR2ackxezCbbQHOt8hTqN2NPWfw=","A00000298529","TkWRhvf/ZBKAC3PBKR2ackxezCbbQHOteXUzMVEO7zc=","A00000150764","2021-07-13T15:58Z","2021-10-04",1,0.200,25,0.080,0.437,0.892,0.113,0.071,872.9,44.6,3.2,16.8,25.2,"OK","OK","OK","OK","OK","OK","OK","OK","OK","OK",,"A and L Great Lakes","SOP APF-10-020","GMBnR6hAkVo=","j+NchQmCR3uWeXRzNkSPNw==",
"1b849dea-16a6-4647-bff4-c3e1f56755d1","TEAK_056.basePlot.cfc","D17","TEAK","TEAK_056","tower","TkWRhvf/ZBLsUsJtpF6hNWwErUcI9QaSD1eka9NkrT0=","A00000298611","TkWRhvf/ZBLsUsJtpF6hNWwErUcI9QaS4cmeoEy7Bd0=","A00000150758","2021-07-13T16:15Z","2021-10-04",1,0.196,25,0.098,0.389,0.401,0.110,0.077,328.1,51.5,2.5,16.8,26.8,"OK","OK","OK","OK","OK","OK","OK","OK","OK","OK",,"A and L Great Lakes","SOP APF-10-020","GMBnR6hAkVo=","j+NchQmCR3uWeXRzNkSPNw==",
"9eae9bb0-3b90-4cb8-984c-962fd3765e92","TEAK_056.basePlot.cfc","D17","TEAK","TEAK_056","tower","TkWRhvf/ZBKIH7gtWEjJLDFL9jjLyPBgwXQBpAO+HGE=","A00000298718","TkWRhvf/ZBKIH7gtWEjJLDFL9jjLyPBgkR9KFVCVwho=","A00000150733","2021-07-13T16:25Z","2021-10-04",1,0.198,25,0.107,0.472,0.337,0.107,0.067,259.9,55.7,2.8,9.7,19.2,"OK","OK","OK","OK","OK","OK","OK","OK","OK","OK",,"A and L Great Lakes","SOP APF-10-020","GMBnR6hAkVo=","j+NchQmCR3uWeXRzNkSPNw==",
"d3e32df3-288c-4b38-9c32-7d7581af389e","TEAK_047.basePlot.cfc","D17","TEAK","TEAK_047","tower","TkWRhvf/ZBLsRCPvmpc/mm57fhgriAyWKgXtLS9kecs=","A00000298540","TkWRhvf/ZBLsRCPvmpc/mm57fhgriAyWkawd74x4TQc=","A00000150700","2021-07-13T18:45Z","2021-10-04",1,0.200,25,0.094,0.416,0.341,0.083,0.081,359.8,42.0,2.3,11.9,15.6,"OK","OK","OK","OK","OK","OK","OK","OK","OK","OK",,"A and L Great Lakes","SOP APF-10-020","GMBnR6hAkVo=","j+NchQmCR3uWeXRzNkSPNw==",
"426daf1e-e93e-4618-a5b2-fdfcc05aa069","TEAK_047.basePlot.cfc","D17","TEAK","TEAK_047","tower","TkWRhvf/ZBJCoHEA51sHgpAUdwokagYM+mm2kIxQJm0=","A00000298534","TkWRhvf/ZBJCoHEA51sHgpAUdwokagYM0LfheokkIUk=","A00000150687","2021-07-13T19:19Z","2021-10-04",1,0.195,25,0.065,0.398,1.529,0.131,0.059,991.3,22.7,1.3,10.0,34.6,"OK","OK","OK","OK","OK","OK","OK","OK","OK","OK",,"A and L Great Lakes","SOP APF-10-020","GMBnR6hAkVo=","j+NchQmCR3uWeXRzNkSPNw==",
"2b3d6cac-2d9a-46c1-a789-3e8b906c5cc6","TEAK_047.basePlot.cfc","D17","TEAK","TEAK_047","tower","TkWRhvf/ZBLysFQNbsEX87QE1meyZZI6VFEsGIURCSk=","A00000298544","TkWRhvf/ZBLysFQNbsEX87QE1meyZZI6vxN33T5SfU4=","A00000150759","2021-07-13T19:25Z","2021-10-04",1,0.203,25,0.088,0.466,1.078,0.080,0.064,1464.0,36.0,2.6,19.9,24.1,"OK","OK","OK","OK","OK","OK","OK","OK","OK","OK",,"A and L Great Lakes","SOP APF-10-020","GMBnR6hAkVo=","j+NchQmCR3uWeXRzNkSPNw==",
"32229cc1-3f59-4d6b-ba5f-5b6e0dd7fcee","TEAK_047.basePlot.cfc","D17","TEAK","TEAK_047","tower","TkWRhvf/ZBKtN5TE2+aAgTwQyNeULJ8YGPx2jNmJLKk=","A00000298595","TkWRhvf/ZBKtN5TE2+aAgTwQyNeULJ8Y791Lyn3ZLoc=","A00000150705","2021-07-13T21:22Z","2021-10-04",1,0.197,25,0.107,0.457,0.507,0.110,0.085,645.1,41.3,3.2,22.8,30.2,"OK","OK","OK","OK","OK","OK","OK","OK","OK","OK",,"A and L Great Lakes","SOP APF-10-020","GMBnR6hAkVo=","j+NchQmCR3uWeXRzNkSPNw==",
"33e7a742-20ce-4ae9-a3da-3fa88d199f03","TEAK_015.basePlot.cfc","D17","TEAK","TEAK_015","distributed","TkWRhvf/ZBLMgGiFN7b7Lbrdgo6jug7HKnz+bLhCBEc=","A00000298556","TkWRhvf/ZBLMgGiFN7b7Lbrdgo6jug7HoNmomUtVWfw=","A00000150720","2021-07-19T23:48Z","2021-10-04",1,0.204,25,0.130,0.591,2.835,0.116,0.069,2349.0,41.5,1.2,23.8,59.5,"OK","OK","OK","OK","OK","sample value outlier","OK","OK","OK","OK",,"A and L Great Lakes","SOP APF-10-020","GMBnR6hAkVo=","j+NchQmCR3uWeXRzNkSPNw==",
"1d1afad5-60dd-4b35-aa92-c6980d7aa43f","TEAK_015.basePlot.cfc","D17","TEAK","TEAK_015","distributed","TkWRhvf/ZBJsi9/XdTeiQCSo1zxXEm/zPG78XERZ5/U=","A00000298530","TkWRhvf/ZBJsi9/XdTeiQCSo1zxXEm/zCPCFYfGtE+U=","A00000150711","2021-07-20T00:51Z","2021-10-04",1,0.200,25,0.104,0.810,1.349,0.100,0.076,545.7,31.9,2.9,14.4,23.6,"OK","OK","OK","OK","OK","OK","OK","OK","OK","OK",,"A and L Great Lakes","SOP APF-10-020","GMBnR6hAkVo=","j+NchQmCR3uWeXRzNkSPNw==",
"997a9881-ce69-4742-97af-f8b26037ecc7","TEAK_011.basePlot.cfc","D17","TEAK","TEAK_011","distributed","TkWRhvf/ZBLjee3XyjlF94E5Mln4KUxKZuZDCHm03zs=","A00000298549","TkWRhvf/ZBLjee3XyjlF94E5Mln4KUxK3D5vd0fdPDc=","A00000150707","2021-07-20T18:41Z","2021-10-04",1,0.200,25,0.085,0.373,0.292,0.056,0.062,401.6,39.1,2.2,15.4,9.5,"OK","OK","OK","OK","OK","OK","OK","OK","OK","OK",,"A and L Great Lakes","SOP APF-10-020","GMBnR6hAkVo=","j+NchQmCR3uWeXRzNkSPNw==",
"b9bc2f50-25b1-4762-ad37-10c7fbe157c4","TEAK_011.basePlot.cfc","D17","TEAK","TEAK_011","distributed","TkWRhvf/ZBKW70r+wxheolXMmAtAoPeWHtI4EwL4UlE=","A00000298719","TkWRhvf/ZBKW70r+wxheolXMmAtAoPeWFCgqv3qUJto=","A00000150771","2021-07-20T18:44Z","2021-10-04",1,0.197,25,0.069,0.460,0.528,0.042,0.060,446.7,29.1,2.7,17.3,13.7,"OK","OK","OK","OK","OK","OK","OK","OK","OK","OK",,"A and L Great Lakes","SOP APF-10-020","GMBnR6hAkVo=","j+NchQmCR3uWeXRzNkSPNw==",
"73b927fb-601e-4833-a872-84a7358a9544","TEAK_001.basePlot.cfc","D17","TEAK","TEAK_001","distributed","TkWRhvf/ZBLykCzHMky84tmdkFQmopNyoigdcw8xg6s=","A00000298537","TkWRhvf/ZBLykCzHMky84tmdkFQmopNywm5pJvEyslXY0E64AMXR2A==","A00000150703","2021-07-20T19:54Z","2021-10-04",1,0.201,25,0.147,0.515,1.059,0.156,0.054,131.2,70.7,2.0,12.5,34.7,"OK","OK","OK","OK","OK","OK","OK","OK","OK","OK",,"A and L Great Lakes","SOP APF-10-020","GMBnR6hAkVo=","j+NchQmCR3uWeXRzNkSPNw==",
"df61c3ee-3a5a-4f00-b13c-1deacffffae4","TEAK_001.basePlot.cfc","D17","TEAK","TEAK_001","distributed","TkWRhvf/ZBJdB2dKLxpbA666r/UjamO25vj7S9jcD7w=","A00000298546","TkWRhvf/ZBJdB2dKLxpbA666r/UjamO2QNTxoCGmyQg=","A00000150769","2021-07-20T20:08Z","2021-10-04",1,0.198,25,0.099,1.038,0.977,0.133,0.076,1067.0,33.2,1.8,12.9,21.5,"OK","OK","OK","OK","OK","OK","OK","OK","OK","OK",,"A and L Great Lakes","SOP APF-10-020","GMBnR6hAkVo=","j+NchQmCR3uWeXRzNkSPNw==",
"4602b24b-b7c0-4713-a222-c2a66cf9ffc8","TEAK_052.basePlot.cfc","D17","TEAK","TEAK_052","tower","TkWRhvf/ZBJo7CvaiFnvEsOaa5h6crbYLzS2DmpZdcc=","A00000298552","TkWRhvf/ZBJo7CvaiFnvEsOaa5h6crbY4EA3LWXW5pQ=","A00000150686","2021-07-20T20:59Z","2021-10-04",1,0.199,25,0.135,0.637,0.319,0.125,0.099,343.1,61.6,3.5,34.7,34.5,"OK","OK","OK","OK","OK","OK","OK","OK","OK","OK",,"A and L Great Lakes","SOP APF-10-020","GMBnR6hAkVo=","j+NchQmCR3uWeXRzNkSPNw==",
