uid,namedLocation,domainID,siteID,plotID,nrcsDescriptionID,collectDate,horizonID,horizonName,biogeoIDnrcs,biogeoSampleType,biogeoTopDepth,biogeoBottomDepth,biogeoCenterDepth,particleSizeDistProcessedDate,particleSizeDistMethodPub,particleSizeDistMethod,coarseFrag2To5,coarseFrag5To20,sandTotal,siltTotal,clayTotal,carbonateClay,clayFineContent,siltFineContent,siltCoarseContent,sandVeryFineContent,sandFineContent,sandMediumContent,sandCoarseContent,sandVeryCoarseContent,laboratoryName,dataQF
"c189e5d3-90c6-47ff-98e6-8eef4045984d","HARV_022.basePlot.all","D01","HARV","HARV_022","S2017MA027022","2017-05-09","17N03394","Ap1","S2017MA027022-2","bulk",7.0,19.0,13.0,"2017-10-17","Kellogg Soil Survey Laboratory Methods Manual, Soil Survey Investigations Report No. 42 Version 5.0, Issued 2014","Routine Particle Size Distribution (3A1a1a)",8.8,8.4,80.9,17.1,2.0,,,6.4,10.7,14.5,21.3,28.2,15.0,1.9,"USDA NRCS Kellogg Soil Survey Laboratory",
"9c8f6342-8462-4d6a-8331-6095d4a05e02","HARV_022.basePlot.all","D01","HARV","HARV_022","S2017MA027022","2017-05-09","17N03395","Ap2","S2017MA027022-3","bulk",19.0,29.0,24.0,"2017-10-24","Kellogg Soil Survey Laboratory Methods Manual, Soil Survey Investigations Report No. 42 Version 5.0, Issued 2014","Routine Particle Size Distribution (3A1a1a)",16.4,45.6,80.0,18.1,1.9,,,7.9,10.2,14.2,20.4,28.5,14.8,2.1,"USDA NRCS Kellogg Soil Survey Laboratory",
"f7244ada-f418-4177-9062-d22d2761d870","HARV_022.basePlot.all","D01","HARV","HARV_022","S2017MA027022","2017-05-09","17N03400","C3","S2017MA027022-8","bulk",99.0,155.0,127.0,"2017-10-26","Kellogg Soil Survey Laboratory Methods Manual, Soil Survey Investigations Report No. 42 Version 5.0, Issued 2014","Routine Particle Size Distribution (3A1a1a)",55.7,124.2,98.7,1.3,0.0,,,0.0,1.3,1.5,13.4,50.4,26.8,6.6,"USDA NRCS Kellogg Soil Survey Laboratory",
"8d83c3ad-9258-446e-b983-54ae680b04e2","HARV_022.basePlot.all","D01","HARV","HARV_022","S2017MA027022","2017-05-09","17N03399","C2","S2017MA027022-7","bulk",90.0,99.0,94.5,"2017-10-26","Kellogg Soil Survey Laboratory Methods Manual, Soil Survey Investigations Report No. 42 Version 5.0, Issued 2014","Routine Particle Size Distribution (3A1a1a)",36.1,94.6,96.5,3.5,0.0,,,0.6,2.9,4.9,36.0,40.4,12.0,3.2,"USDA NRCS Kellogg Soil Survey Laboratory",
"de5f3689-fde6-48a2-a1f7-10b476154f29","HARV_022.basePlot.all","D01","HARV","HARV_022","S2017MA027022","2017-05-09","17N03397","Bw2","S2017MA027022-5","bulk",46.0,61.0,53.5,"2017-10-26","Kellogg Soil Survey Laboratory Methods Manual, Soil Survey Investigations Report No. 42 Version 5.0, Issued 2014","Routine Particle Size Distribution (3A1a1a)",38.7,81.4,83.4,15.3,1.3,,,5.8,9.5,11.0,19.8,28.2,20.9,3.5,"USDA NRCS Kellogg Soil Survey Laboratory",
"9a905e9d-5cff-4140-bd6b-109958c9d241","HARV_022.basePlot.all","D01","HARV","HARV_022","S2017MA027022","2017-05-09","17N03398","C1","S2017MA027022-6","bulk",61.0,90.0,75.5,"2017-10-26","Kellogg Soil Survey Laboratory Methods Manual, Soil Survey Investigations Report No. 42 Version 5.0, Issued 2014","Routine Particle Size Distribution (3A1a1a)",22.1,21.1,72.0,27.9,0.1,,,5.5,22.4,28.9,17.8,12.7,8.5,4.1,"USDA NRCS Kellogg Soil Survey Laboratory",
"f92121a6-547e-405c-94b3-8feabe99333c","HARV_022.basePlot.all","D01","HARV","HARV_022","S2017MA027022","2017-05-09","17N03393","Oe","S2017MA027022-1","bulk",0.0,7.0,3.5,,,,0.0,0.0,,,,,,,,,,,,,"USDA NRCS Kellogg Soil Survey Laboratory",
"ab5444ab-4681-4bcd-95d6-71b9134d5d4c","HARV_022.basePlot.all","D01","HARV","HARV_022","S2017MA027022","2017-05-09","17N03396","Bw1","S2017MA027022-4","bulk",29.0,46.0,37.5,"2017-10-26","Kellogg Soil Survey Laboratory Methods Manual, Soil Survey Investigations Report No. 42 Version 5.0, Issued 2014","Routine Particle Size Distribution (3A1a1a)",28.1,54.9,81.2,16.6,2.2,,,5.9,10.7,11.3,17.3,30.0,18.6,4.0,"USDA NRCS Kellogg Soil Survey Laboratory",
"3ee1f3aa-5d1d-4bbb-9e3e-b74786121971","HARV_030.basePlot.all","D01","HARV","HARV_030","S2017MA027030","2017-05-16","17N03404","A2","S2017MA027030-3","bulk",12.0,20.0,16.0,"2017-10-17","Kellogg Soil Survey Laboratory Methods Manual, Soil Survey Investigations Report No. 42 Version 5.0, Issued 2014","Routine Particle Size Distribution (3A1a1a)",74.9,174.5,72.2,23.5,4.3,,,10.9,12.6,9.0,16.7,19.4,17.6,9.5,"USDA NRCS Kellogg Soil Survey Laboratory",
"0e11ca53-8767-4b41-93e9-a348a221faa3","HARV_030.basePlot.all","D01","HARV","HARV_030","S2017MA027030","2017-05-16","17N03402","Oe","S2017MA027030-1","bulk",0.0,5.0,2.5,,,,0.0,0.0,,,,,,,,,,,,,"USDA NRCS Kellogg Soil Survey Laboratory",
"0cf40d8c-6bd1-4f56-8294-377030df3340","HARV_030.basePlot.all","D01","HARV","HARV_030","S2017MA027030","2017-05-16","17N03406","Bw2","S2017MA027030-5","bulk",31.0,48.0,39.5,"2017-10-26","Kellogg Soil Survey Laboratory Methods Manual, Soil Survey Investigations Report No. 42 Version 5.0, Issued 2014","Routine Particle Size Distribution (3A1a1a)",132.4,444.2,80.4,16.5,3.1,,,8.5,8.0,6.6,15.2,21.8,22.4,14.4,"USDA NRCS Kellogg Soil Survey Laboratory",
"4004e311-f2e6-44a0-b7ff-00bce159210d","HARV_030.basePlot.all","D01","HARV","HARV_030","S2017MA027030","2017-05-16","17N03405","Bw1","S2017MA027030-4","bulk",20.0,31.0,25.5,"2017-10-26","Kellogg Soil Survey Laboratory Methods Manual, Soil Survey Investigations Report No. 42 Version 5.0, Issued 2014","Routine Particle Size Distribution (3A1a1a)",100.2,382.8,75.9,20.8,3.3,,,10.1,10.7,8.8,15.7,19.8,21.5,10.1,"USDA NRCS Kellogg Soil Survey Laboratory",
"1781d43a-b161-4c55-afc1-da5698ad4f6f","HARV_030.basePlot.all","D01","HARV","HARV_030","S2017MA027030","2017-05-16","17N03409","C","S2017MA027030-8","bulk",100.0,112.0,106.0,"2017-10-26","Kellogg Soil Survey Laboratory Methods Manual, Soil Survey Investigations Report No. 42 Version 5.0, Issued 2014","Routine Particle Size Distribution (3A1a1a)",204.6,367.6,93.8,4.8,1.4,,,2.1,2.7,1.7,4.8,14.6,43.5,29.2,"USDA NRCS Kellogg Soil Survey Laboratory",
"9acfcbad-565b-45df-9deb-915a38139763","HARV_030.basePlot.all","D01","HARV","HARV_030","S2017MA027030","2017-05-16","17N03407","BC1","S2017MA027030-6","bulk",48.0,90.0,69.0,"2017-10-26","Kellogg Soil Survey Laboratory Methods Manual, Soil Survey Investigations Report No. 42 Version 5.0, Issued 2014","Routine Particle Size Distribution (3A1a1a)",141.7,380.4,85.9,11.9,2.2,,,6.2,5.7,5.2,13.5,23.1,30.2,13.9,"USDA NRCS Kellogg Soil Survey Laboratory",
"e4375b82-2b4c-4a27-bf8d-8b5a135cd579","HARV_030.basePlot.all","D01","HARV","HARV_030","S2017MA027030","2017-05-16","17N03403","A1","S2017MA027030-2","bulk",5.0,12.0,8.5,"2017-10-17","Kellogg Soil Survey Laboratory Methods Manual, Soil Survey Investigations Report No. 42 Version 5.0, Issued 2014","Routine Particle Size Distribution (3A1a1a)",47.6,37.5,73.3,22.7,4.0,,,10.1,12.6,8.2,16.4,19.3,17.8,11.6,"USDA NRCS Kellogg Soil Survey Laboratory",
"8f245047-962f-4c05-b2c4-34875d5ccd11","HARV_030.basePlot.all","D01","HARV","HARV_030","S2017MA027030","2017-05-16","17N03408","BC2","S2017MA027030-7","bulk",90.0,100.0,95.0,"2017-10-26","Kellogg Soil Survey Laboratory Methods Manual, Soil Survey Investigations Report No. 42 Version 5.0, Issued 2014","Routine Particle Size Distribution (3A1a1a)",156.8,295.2,88.6,9.9,1.5,,,6.4,3.5,3.8,7.6,20.1,35.3,21.8,"USDA NRCS Kellogg Soil Survey Laboratory",
"6415fd23-9fb3-4ee0-bd39-8a7db6643a63","HARV_017.basePlot.all","D01","HARV","HARV_017","S2017MA027017","2017-05-23","17N03392","2Cd","S2017MA027017-6","bulk",83.0,132.0,107.5,"2017-10-24","Kellogg Soil Survey Laboratory Methods Manual, Soil Survey Investigations Report No. 42 Version 5.0, Issued 2014","Routine Particle Size Distribution (3A1a1a)",65.7,76.0,80.6,19.0,0.4,,,8.6,10.4,15.4,27.2,21.8,11.1,5.1,"USDA NRCS Kellogg Soil Survey Laboratory",
"e1fbe461-18fb-4428-83f8-610110a870d1","HARV_017.basePlot.all","D01","HARV","HARV_017","S2017MA027017","2017-05-23","17N03388","A","S2017MA027017-2","bulk",8.0,15.0,11.5,"2017-10-24","Kellogg Soil Survey Laboratory Methods Manual, Soil Survey Investigations Report No. 42 Version 5.0, Issued 2014","Routine Particle Size Distribution (3A1a1a)",25.0,43.3,62.1,32.0,5.9,,,14.6,17.4,14.6,20.3,16.8,7.9,2.5,"USDA NRCS Kellogg Soil Survey Laboratory",
"6f368e45-b0f7-4fa2-b60e-ab50d5e18b5c","HARV_017.basePlot.all","D01","HARV","HARV_017","S2017MA027017","2017-05-23","17N03390","Bw2","S2017MA027017-4","bulk",33.0,55.0,44.0,"2017-10-24","Kellogg Soil Survey Laboratory Methods Manual, Soil Survey Investigations Report No. 42 Version 5.0, Issued 2014","Routine Particle Size Distribution (3A1a1a)",92.3,307.1,69.5,25.6,4.9,,,11.3,14.3,16.3,20.9,19.1,10.4,2.8,"USDA NRCS Kellogg Soil Survey Laboratory",
"f73ef813-ac79-4d52-84d4-918655f3d85e","HARV_017.basePlot.all","D01","HARV","HARV_017","S2017MA027017","2017-05-23","17N03391","2BC","S2017MA027017-5","bulk",55.0,83.0,69.0,"2017-10-24","Kellogg Soil Survey Laboratory Methods Manual, Soil Survey Investigations Report No. 42 Version 5.0, Issued 2014","Routine Particle Size Distribution (3A1a1a)",76.9,127.8,83.0,16.6,0.4,,,7.2,9.4,17.4,27.3,22.6,12.6,3.1,"USDA NRCS Kellogg Soil Survey Laboratory",
"516a1ba6-c0c8-4a4c-aa9d-e1e4387add13","HARV_017.basePlot.all","D01","HARV","HARV_017","S2017MA027017","2017-05-23","17N03389","Bw1","S2017MA027017-3","bulk",15.0,33.0,24.0,"2017-10-24","Kellogg Soil Survey Laboratory Methods Manual, Soil Survey Investigations Report No. 42 Version 5.0, Issued 2014","Routine Particle Size Distribution (3A1a1a)",23.5,22.3,56.9,34.7,8.4,,,15.8,18.9,15.5,17.9,14.9,7.5,1.1,"USDA NRCS Kellogg Soil Survey Laboratory",
"cf4c4fac-7806-40dc-bbfa-6d422ef88b70","HARV_017.basePlot.all","D01","HARV","HARV_017","S2017MA027017","2017-05-23","17N03387","Oe","S2017MA027017-1","bulk",0.0,8.0,4.0,"2017-10-17","Kellogg Soil Survey Laboratory Methods Manual, Soil Survey Investigations Report No. 42 Version 5.0, Issued 2014","Routine Particle Size Distribution (3A1a1a)",22.5,18.3,59.9,34.4,5.7,,,15.6,18.8,16.1,23.0,17.5,3.1,0.2,"USDA NRCS Kellogg Soil Survey Laboratory",
"0282f207-eaa5-47cb-9fe5-05cbae01e627","HARV_005.basePlot.all","D01","HARV","HARV_005","S2017MA027005","2017-05-30","17N03378","BC","S2017MA027005-4","bulk",46.0,63.0,54.5,"2017-10-24","Kellogg Soil Survey Laboratory Methods Manual, Soil Survey Investigations Report No. 42 Version 5.0, Issued 2014","Routine Particle Size Distribution (3A1a1a)",48.2,91.1,71.9,27.0,1.1,,,9.8,17.2,21.2,20.5,15.8,10.0,4.4,"USDA NRCS Kellogg Soil Survey Laboratory",
"de28a4a9-92d5-488f-bce3-71f8ab76b609","HARV_005.basePlot.all","D01","HARV","HARV_005","S2017MA027005","2017-05-30","17N03377","Bw","S2017MA027005-3","bulk",20.0,46.0,33.0,"2017-10-24","Kellogg Soil Survey Laboratory Methods Manual, Soil Survey Investigations Report No. 42 Version 5.0, Issued 2014","Routine Particle Size Distribution (3A1a1a)",14.7,14.2,58.7,38.2,3.1,,,14.3,23.9,18.9,16.3,13.1,7.5,2.9,"USDA NRCS Kellogg Soil Survey Laboratory",
"9788268b-d637-4160-af76-a9e127cac07d","HARV_005.basePlot.all","D01","HARV","HARV_005","S2017MA027005","2017-05-30","17N03375","Oe","S2017MA027005-1","bulk",0.0,6.0,3.0,,,,0.0,0.0,,,,,,,,,,,,,"USDA NRCS Kellogg Soil Survey Laboratory",
"d964ab78-98ca-4842-9dfd-be85c35bcbc9","HARV_005.basePlot.all","D01","HARV","HARV_005","S2017MA027005","2017-05-30","17N03379","2Cd1","S2017MA027005-5","bulk",63.0,83.0,73.0,"2017-10-24","Kellogg Soil Survey Laboratory Methods Manual, Soil Survey Investigations Report No. 42 Version 5.0, Issued 2014","Routine Particle Size Distribution (3A1a1a)",75.4,43.4,81.9,17.2,0.9,,,7.3,9.9,14.8,22.7,23.0,14.5,6.9,"USDA NRCS Kellogg Soil Survey Laboratory",
"ee514701-bc3e-4534-9499-785227127003","HARV_005.basePlot.all","D01","HARV","HARV_005","S2017MA027005","2017-05-30","17N03380","2Cd2","S2017MA027005-6","bulk",83.0,100.0,91.5,"2017-10-24","Kellogg Soil Survey Laboratory Methods Manual, Soil Survey Investigations Report No. 42 Version 5.0, Issued 2014","Routine Particle Size Distribution (3A1a1a)",77.3,128.6,78.5,20.1,1.4,,,9.1,11.0,16.1,24.4,20.3,13.4,4.3,"USDA NRCS Kellogg Soil Survey Laboratory",
"306b1bed-8ce6-4134-8b4a-f50c8b0b9ae6","HARV_005.basePlot.all","D01","HARV","HARV_005","S2017MA027005","2017-05-30","17N03376","A","S2017MA027005-2","bulk",6.0,20.0,13.0,"2017-10-17","Kellogg Soil Survey Laboratory Methods Manual, Soil Survey Investigations Report No. 42 Version 5.0, Issued 2014","Routine Particle Size Distribution (3A1a1a)",6.7,0.0,55.5,37.7,6.8,,,16.1,21.6,16.4,21.2,13.8,3.8,0.3,"USDA NRCS Kellogg Soil Survey Laboratory",
