uid,namedLocation,domainID,siteID,plotID,nrcsDescriptionID,collectDate,horizonID,horizonName,bulkDensProcessedDate,bulkDensMethodPub,bulkDensMethod,bulkDensIDnrcs,bulkDensSampleType,bulkDensCenterDepth,bulkDensTopDepth,bulkDensBottomDepth,bulkDensThirdBar,bulkDensOvenDry,bulkDensFieldMoist,waterRetentionThirdBar,fieldWaterContent,laboratoryName,remarks,dataQF
"b4bfa32c-82e1-4376-9a5c-090bd6dc9ede","HARV_022.basePlot.all","D01","HARV","HARV_022","S2017MA027022","2017-05-09","17N03397","Bw2","2018-08-21","Kellogg Soil Survey Laboratory Methods Manual, Soil Survey Investigations Report No. 42 Version 5.0, Issued 2014","Bulk Density, Clods (3B1)","S2017MA027022-5","clod",53.5,46.0,61.0,,,,,,"USDA NRCS Kellogg Soil Survey Laboratory","Sample could not be analyzed.",
"44246bc4-2063-49b8-ad30-0e8234a80455","HARV_022.basePlot.all","D01","HARV","HARV_022","S2017MA027022","2017-05-09","17N03396","Bw1","2018-08-21","Kellogg Soil Survey Laboratory Methods Manual, Soil Survey Investigations Report No. 42 Version 5.0, Issued 2014","Bulk Density, Clods (3B1)","S2017MA027022-4","clod",37.5,29.0,46.0,,,,,,"USDA NRCS Kellogg Soil Survey Laboratory","Sample could not be analyzed.",
"aaa12e8a-86ff-4ff9-baf2-bfbbe0683bfb","HARV_022.basePlot.all","D01","HARV","HARV_022","S2017MA027022","2017-05-09","17N03398","C1","2018-08-21","Kellogg Soil Survey Laboratory Methods Manual, Soil Survey Investigations Report No. 42 Version 5.0, Issued 2014","Bulk Density, Clods (3B1)","S2017MA027022-6","clod",75.5,61.0,90.0,,,,,,"USDA NRCS Kellogg Soil Survey Laboratory","Sample could not be analyzed.",
"af788ea1-f577-43d3-9b45-be3aa7a7f4dc","HARV_022.basePlot.all","D01","HARV","HARV_022","S2017MA027022","2017-05-09","17N03400","C3","2017-08-25","Kellogg Soil Survey Laboratory Methods Manual, Soil Survey Investigations Report No. 42 Version 5.0, Issued 2014","Bulk Density, Field Core (3B7)","S2017MA027022-8","field core",127.0,99.0,155.0,,,1.48,,3.0,"USDA NRCS Kellogg Soil Survey Laboratory",,
"4ab4da2f-9a17-46ed-bf89-fe8ae91f33ea","HARV_022.basePlot.all","D01","HARV","HARV_022","S2017MA027022","2017-05-09","17N03395","Ap2","2018-08-21","Kellogg Soil Survey Laboratory Methods Manual, Soil Survey Investigations Report No. 42 Version 5.0, Issued 2014","Bulk Density, Clods (3B1)","S2017MA027022-3","clod",24.0,19.0,29.0,,,,,,"USDA NRCS Kellogg Soil Survey Laboratory","Sample could not be analyzed.",
"aa14b4ef-b72c-42e8-8929-0568579874a0","HARV_022.basePlot.all","D01","HARV","HARV_022","S2017MA027022","2017-05-09","17N03393","Oe","2018-08-21","Kellogg Soil Survey Laboratory Methods Manual, Soil Survey Investigations Report No. 42 Version 5.0, Issued 2014","Bulk Density, Clods (3B1)","S2017MA027022-1","clod",3.5,0.0,7.0,,,,,,"USDA NRCS Kellogg Soil Survey Laboratory","Sample could not be analyzed.",
"d2979561-53b1-4d94-9040-3b7e35cb2c60","HARV_022.basePlot.all","D01","HARV","HARV_022","S2017MA027022","2017-05-09","17N03394","Ap1","2018-08-21","Kellogg Soil Survey Laboratory Methods Manual, Soil Survey Investigations Report No. 42 Version 5.0, Issued 2014","Bulk Density, Clods (3B1)","S2017MA027022-2","clod",13.0,7.0,19.0,,,,,,"USDA NRCS Kellogg Soil Survey Laboratory","Sample could not be analyzed.",
"16d7e92b-f8cb-44bf-977b-d9490b3fc9d6","HARV_022.basePlot.all","D01","HARV","HARV_022","S2017MA027022","2017-05-09","17N03399","C2","2017-08-25","Kellogg Soil Survey Laboratory Methods Manual, Soil Survey Investigations Report No. 42 Version 5.0, Issued 2014","Bulk Density, Field Core (3B7)","S2017MA027022-7","field core",94.5,90.0,99.0,,,1.48,,3.6,"USDA NRCS Kellogg Soil Survey Laboratory",,
"21108e51-9f4e-49d7-af24-2d153b1290fb","HARV_030.basePlot.all","D01","HARV","HARV_030","S2017MA027030","2017-05-16","17N03405","Bw1","2018-08-21","Kellogg Soil Survey Laboratory Methods Manual, Soil Survey Investigations Report No. 42 Version 5.0, Issued 2014","Bulk Density, Clods (3B1)","S2017MA027030-4","clod",25.5,20.0,31.0,,,,,,"USDA NRCS Kellogg Soil Survey Laboratory","Sample could not be analyzed.",
"0a387f78-ab02-43d3-a661-c6c1e7012dc8","HARV_017.basePlot.all","D01","HARV","HARV_017","S2017MA027017","2017-05-23","17N03392","2Cd","2018-02-07","Kellogg Soil Survey Laboratory Methods Manual, Soil Survey Investigations Report No. 42 Version 5.0, Issued 2014","Bulk Density, Clods (3B1)","S2017MA027017-6","clod",107.5,83.0,132.0,1.82,1.85,,5.0,,"USDA NRCS Kellogg Soil Survey Laboratory",,
"d2391b3a-8dbf-48b9-9e30-d8a4abd3147c","HARV_017.basePlot.all","D01","HARV","HARV_017","S2017MA027017","2017-05-23","17N03389","Bw1","2018-08-21","Kellogg Soil Survey Laboratory Methods Manual, Soil Survey Investigations Report No. 42 Version 5.0, Issued 2014","Bulk Density, Clods (3B1)","S2017MA027017-3","clod",24.0,15.0,33.0,,,,,,"USDA NRCS Kellogg Soil Survey Laboratory","Sample could not be analyzed.",
"2dbf4d88-3b77-4d4b-9ace-41cafc8261e6","HARV_017.basePlot.all","D01","HARV","HARV_017","S2017MA027017","2017-05-23","17N03391","2BC","2018-02-07","Kellogg Soil Survey Laboratory Methods Manual, Soil Survey Investigations Report No. 42 Version 5.0, Issued 2014","Bulk Density, Clods (3B1)","S2017MA027017-5","clod",69.0,55.0,83.0,1.34,1.38,,7.1,,"USDA NRCS Kellogg Soil Survey Laboratory",,
"ef1180ff-aad8-4f4a-962b-28dd56ab5f94","HARV_017.basePlot.all","D01","HARV","HARV_017","S2017MA027017","2017-05-23","17N03388","A","2018-02-07","Kellogg Soil Survey Laboratory Methods Manual, Soil Survey Investigations Report No. 42 Version 5.0, Issued 2014","Bulk Density, Clods (3B1)","S2017MA027017-2","clod",11.5,8.0,15.0,1.00,1.03,,23.2,,"USDA NRCS Kellogg Soil Survey Laboratory",,
"f179af5c-3742-463d-9ce3-42e4c17526de","HARV_017.basePlot.all","D01","HARV","HARV_017","S2017MA027017","2017-05-23","17N03387","Oe","2018-02-07","Kellogg Soil Survey Laboratory Methods Manual, Soil Survey Investigations Report No. 42 Version 5.0, Issued 2014","Bulk Density, Clods (3B1)","S2017MA027017-1","clod",4.0,0.0,8.0,0.37,0.49,,68.1,,"USDA NRCS Kellogg Soil Survey Laboratory",,
"d1a9ae5f-1d13-4fd5-915b-c1886912fd98","HARV_017.basePlot.all","D01","HARV","HARV_017","S2017MA027017","2017-05-23","17N03390","Bw2","2018-02-07","Kellogg Soil Survey Laboratory Methods Manual, Soil Survey Investigations Report No. 42 Version 5.0, Issued 2014","Bulk Density, Clods (3B1)","S2017MA027017-4","clod",44.0,33.0,55.0,1.29,1.32,,8.7,,"USDA NRCS Kellogg Soil Survey Laboratory",,
"8c104b0a-efb0-4cc6-b228-dfdb152e39b9","HARV_005.basePlot.all","D01","HARV","HARV_005","S2017MA027005","2017-05-30","17N03377","Bw","2018-02-07","Kellogg Soil Survey Laboratory Methods Manual, Soil Survey Investigations Report No. 42 Version 5.0, Issued 2014","Bulk Density, Clods (3B1)","S2017MA027005-3","clod",33.0,20.0,46.0,1.19,1.22,,25.3,,"USDA NRCS Kellogg Soil Survey Laboratory",,
"a3779573-c0de-4df5-bd95-fbb9ff0220f6","HARV_005.basePlot.all","D01","HARV","HARV_005","S2017MA027005","2017-05-30","17N03376","A","2018-02-07","Kellogg Soil Survey Laboratory Methods Manual, Soil Survey Investigations Report No. 42 Version 5.0, Issued 2014","Bulk Density, Clods (3B1)","S2017MA027005-2","clod",13.0,6.0,20.0,0.71,0.94,,43.7,,"USDA NRCS Kellogg Soil Survey Laboratory",,
"5e39238a-6d88-4103-94c1-98fe63d31e04","HARV_005.basePlot.all","D01","HARV","HARV_005","S2017MA027005","2017-05-30","17N03375","Oe","2018-08-21","Kellogg Soil Survey Laboratory Methods Manual, Soil Survey Investigations Report No. 42 Version 5.0, Issued 2014","Bulk Density, Clods (3B1)","S2017MA027005-1","clod",3.0,0.0,6.0,,,,,,"USDA NRCS Kellogg Soil Survey Laboratory","Sample could not be analyzed.",
"9b77f2bc-88d3-4379-a9cd-e0450550fcfd","HARV_005.basePlot.all","D01","HARV","HARV_005","S2017MA027005","2017-05-30","17N03379","2Cd1","2018-08-21","Kellogg Soil Survey Laboratory Methods Manual, Soil Survey Investigations Report No. 42 Version 5.0, Issued 2014","Bulk Density, Clods (3B1)","S2017MA027005-5","clod",73.0,63.0,83.0,,,,,,"USDA NRCS Kellogg Soil Survey Laboratory","Sample could not be analyzed.",
"24606fac-4aaa-4da2-a049-4f35ab3f8e50","HARV_005.basePlot.all","D01","HARV","HARV_005","S2017MA027005","2017-05-30","17N03378","BC","2018-02-07","Kellogg Soil Survey Laboratory Methods Manual, Soil Survey Investigations Report No. 42 Version 5.0, Issued 2014","Bulk Density, Clods (3B1)","S2017MA027005-4","clod",54.5,46.0,63.0,1.26,1.28,,20.5,,"USDA NRCS Kellogg Soil Survey Laboratory",,
