uid,domainID,siteID,plotID,namedLocation,plotType,nlcdClass,geodeticDatum,decimalLatitude,decimalLongitude,coordinateUncertainty,elevation,elevationUncertainty,collectDate,referenceCorner,sampleDistance,sampleBearing,pitID,testProtocolVersion,soilSamplingMethod,sampleRelativeLocation,pitDepth,recordedByA,soilProfileDescriberA,soilProfileDescriberInst,nrcsDescriptionID,soilSeries,soilFamily,soilSubgroup,soilGreatGroup,soilSuborder,soilOrder,remarks,dataQF
"5b3fb82b-f639-403a-9ab2-b723b62af23a","D01","HARV","HARV_022","HARV_022.basePlot.all","distributed","evergreenForest","WGS84",42.434188,-72.198776,20.2,193.5,0.3,"2017-05-09","SW40",0.8,60,"1111529","Field Book for Describing and Sampling Soils ver3","soil pit","Center of pit",170,"7j6KtGic1DeWBCil8yP5Zg==","7j6KtGic1DeWBCil8yP5Zg==","Natural Resource Conservation Service","S2017MA027022","Windsor","Mixed, mesic Typic Udipsamments","typic udipsamments","udipsamments","psamments","entisols","Pit;HARV;20170509;HARV_022; Donald Parizek Jacob Isleib Milton Vega;8.2;60;40X40 SW;center of pit",
"8b4de058-f778-45fd-9d04-5f4f82f14440","D01","HARV","HARV_030","HARV_030.basePlot.all","distributed","evergreenForest","WGS84",42.423045,-72.218966,20.1,171.8,0.1,"2017-05-16","SE20",0.8,242,"1215925","Field Book for Describing and Sampling Soils ver3","soil pit","Center of pit",112,"7j6KtGic1DeWBCil8yP5Zg==","7j6KtGic1DeWBCil8yP5Zg==","Natural Resource Conservation Service","S2017MA027030","Hinckley","Sandy-skeletal, mixed, mesic Typic Udorthents","typic udorthents","udorthents","orthents","entisols","Pit;HARV;20170516;HARV_030; Donald Parizek Jacob Isleib Milton Vega Janet Bryant Paul Bryant;7.6;242;20X20 SE;center of pit",
"9c390f09-ac82-4b5e-b7e4-09fb18092916","D01","HARV","HARV_017","HARV_017.basePlot.all","distributed","deciduousForest","WGS84",42.481741,-72.267080,20.1,226.4,0.2,"2017-05-23","SW40",1.1,60,"1111530","Field Book for Describing and Sampling Soils ver3","soil pit","Center of pit",132,"7j6KtGic1DeWBCil8yP5Zg==","7j6KtGic1DeWBCil8yP5Zg==","Natural Resource Conservation Service","S2017MA027017","Montauk","Coarse-loamy, mixed, active, mesic Oxyaquic Dystrudepts","oxyaquic dystrudepts","dystrudepts","udepts","inceptisols","Pit;HARV;20170523;HARV_017; Donald Parizek Milton Vega Jacob Isleib ; Janet Bryant Paul Bryant 10.9;60;40X40 SW;center of pit",
"d287979c-cc32-4148-92ba-592b5263cd56","D01","HARV","HARV_005","HARV_005.basePlot.all","distributed","deciduousForest","WGS84",42.489469,-72.275158,20.1,189.8,0.3,"2017-05-30","SW40",0.7,58,"1111532","Field Book for Describing and Sampling Soils ver3","soil pit","Center of pit",100,"FJNYBhC120UGtz5RBVPGvg==","FJNYBhC120UGtz5RBVPGvg==","Natural Resource Conservation Service","S2017MA027005","Montauk","Loamy-skeletal, mixed, active, mesic Oxyaquic Dystrudepts","oxyaquic dystrudepts","dystrudepts","udepts","inceptisols","Pit;HARV;20170530;HARV_005; Jacob Isleib Milton Vega Megan McClellan Amanda Davila;6.6;58;40X40 SW;center of pit",
