uid,domainID,siteID,plotID,namedLocation,plotType,nlcdClass,geodeticDatum,decimalLatitude,decimalLongitude,coordinateUncertainty,elevation,elevationUncertainty,collectDate,referenceCorner,sampleDistance,sampleBearing,pitID,testProtocolVersion,soilSamplingMethod,sampleRelativeLocation,pitDepth,recordedByA,soilProfileDescriberA,soilProfileDescriberInst,nrcsDescriptionID,soilSeries,soilFamily,soilSubgroup,soilGreatGroup,soilSuborder,soilOrder,remarks,dataQF
"968bf271-dbb4-4452-96bb-a1441ee168ae","D19","DEJU","DEJU_014","DEJU_014.basePlot.all","distributed","evergreenForest","WGS84",63.831139,-145.747612,20.2,544.3,0.2,"2017-08-01","SW20",0.5,191,"1115441","Field Book for Describing and Sampling Soils ver3","soil core","Center of pit",100,"jIRH7RFQXESjZ2BLtMBReg==","jIRH7RFQXESjZ2BLtMBReg==","Natural Resource Conservation Service","S2017AK240014","Donnelly","Sandy or sandy-skeletal Typic Haplocryepts","typic haplocryepts","haplocryepts","cryepts","inceptisols",,
"b1afee71-18ca-42c7-82af-da522e939c61","D19","DEJU","DEJU_018","DEJU_018.basePlot.all","distributed","evergreenForest","WGS84",63.837932,-145.755235,20.1,553.0,0.1,"2017-08-01","SW20",0.9,142,"1115442","Field Book for Describing and Sampling Soils ver3","soil core","Center of pit",100,"jIRH7RFQXESjZ2BLtMBReg==","jIRH7RFQXESjZ2BLtMBReg==","Natural Resource Conservation Service","S2017AK240018","Butchlake","Loamy-skeletal, mixed, superactive Typic Haplocryepts","typic haplocryepts","haplocryepts","cryepts","inceptisols",,
"4611627d-3b58-4d4f-a849-22e177c571bf","D19","DEJU","DEJU_013","DEJU_013.basePlot.all","distributed","shrubScrub","WGS84",63.839966,-145.742379,20.1,548.4,0.1,"2017-08-01","SW20",1.0,180,"1115440","Field Book for Describing and Sampling Soils ver3","soil core","Center of pit",100,"jIRH7RFQXESjZ2BLtMBReg==","jIRH7RFQXESjZ2BLtMBReg==","Natural Resource Conservation Service","S2017AK240013","Nenana","Coarse-silty over sandy or sandy-skeletal Typic Haplocryepts","typic haplocryepts","haplocryepts","cryepts","inceptisols",,
"b1766779-fcea-41d3-8dc1-eec04e46245c","D19","DEJU","DEJU_025","DEJU_025.basePlot.all","distributed","evergreenForest","WGS84",63.894482,-145.756391,20.1,488.5,0.1,"2017-08-01","SW20",1.0,145,"1115445","Field Book for Describing and Sampling Soils ver3","soil core","Center of pit",100,"5XPlishvEOlMe4D3zIS1d3Kjt8ULTSTO","5XPlishvEOlMe4D3zIS1d3Kjt8ULTSTO","Natural Resource Conservation Service","S2017AK240025","Donnelly","Sandy or sandy-skeletal, mixed Typic Haplocryepts","typic haplocryepts","haplocryepts","cryepts","inceptisols",,
"afa03b00-8e34-4ffb-a6ac-ee41a975bf05","D19","DEJU","DEJU_008","DEJU_008.basePlot.all","distributed","shrubScrub","WGS84",63.897474,-145.761176,20.1,484.6,0.1,"2017-08-01","SW20",1.3,162,"1115436","Field Book for Describing and Sampling Soils ver3","soil core","Center of pit",100,"5XPlishvEOlMe4D3zIS1d3Kjt8ULTSTO","0YNLLttBxLPa2izJbHahVifdUcCJoV3S","Natural Resource Conservation Service","S2017AK240008","Donnelly","Sandy or sandy-skeletal Typic Haplocryepts","typic haplocryepts","haplocryepts","cryepts","inceptisols",,
"75dfe7da-a941-4d2c-8091-d3cb052520a3","D19","DEJU","DEJU_007","DEJU_007.basePlot.all","distributed","shrubScrub","WGS84",63.866754,-145.726499,20.1,534.5,0.1,"2017-08-01","SW20",0.9,193,"1115448","Field Book for Describing and Sampling Soils ver3","soil core","Center of pit",100,"Qw/J7SE3FUjWihDS7M49jA==","Qw/J7SE3FUjWihDS7M49jA==","Natural Resource Conservation Service","S2017AK240007","Southpaw","Coarse-loamy Typic Haplocryepts","typic haplocryepts","haplocryepts","cryepts","inceptisols",,
"439beace-1e50-43ad-8e17-df676bf0cddb","D19","DEJU","DEJU_005","DEJU_005.basePlot.all","distributed","shrubScrub","WGS84",63.896876,-145.753860,20.1,484.2,0.1,"2017-08-01","SW20",1.2,164,"1115435","Field Book for Describing and Sampling Soils ver3","soil core","Center of pit",100,"5XPlishvEOlMe4D3zIS1d3Kjt8ULTSTO","5XPlishvEOlMe4D3zIS1d3Kjt8ULTSTO","Natural Resource Conservation Service","S2017AK240005","Donnelly","Sandy or sandy-skeletal, mixed Typic Haplocryepts","typic haplocryepts","haplocryepts","cryepts","inceptisols",,
"5fdfc671-137a-4b14-863b-a96c25d34d94","D19","DEJU","DEJU_022","DEJU_022.basePlot.all","distributed","woodyWetlands","WGS84",63.874251,-145.721887,20.1,521.5,0.1,"2017-08-01","SW20",0.8,171,"1115451","Field Book for Describing and Sampling Soils ver3","soil core","Center of pit",100,"Qw/J7SE3FUjWihDS7M49jA==","Qw/J7SE3FUjWihDS7M49jA==","Natural Resource Conservation Service","S2017AK240022","TERRIC HEMISTELS","Loamy Terric Hemistels","terric hemistels","hemistels","histels","gelisols",,
"d9e66896-1a70-4915-8cc9-1c9cc1a7a6a3","D19","DEJU","DEJU_023","DEJU_023.basePlot.all","distributed","evergreenForest","WGS84",63.934644,-145.761389,20.1,451.7,0.1,"2017-08-02","SW20",0.7,173,"1115443","Field Book for Describing and Sampling Soils ver3","soil core","Center of pit",100,"jIRH7RFQXESjZ2BLtMBReg==","jIRH7RFQXESjZ2BLtMBReg==","Natural Resource Conservation Service","S2017AK240023","Donnelly","Sandy or sandy-skeletal, mixed Typic Haplocryepts","typic haplocryepts","haplocryepts","cryepts","inceptisols",,
"4c076fa7-5618-465e-902c-f793ccfcda03","D19","DEJU","DEJU_010","DEJU_010.basePlot.all","distributed","shrubScrub","WGS84",63.937523,-145.751463,20.1,444.4,0.1,"2017-08-02","SW20",0.5,177,"1115437","Field Book for Describing and Sampling Soils ver3","soil core","Center of pit",100,"jIRH7RFQXESjZ2BLtMBReg==","jIRH7RFQXESjZ2BLtMBReg==","Natural Resource Conservation Service","S2017AK240010","Donnelly","Sandy or sandy-skeletal Typic Haplocryepts","typic haplocryepts","haplocryalfs","cryepts","inceptisols",,
"216b310d-5fb5-4953-98f3-b905dae5b14d","D19","DEJU","DEJU_016","DEJU_016.basePlot.all","distributed","evergreenForest","WGS84",63.857875,-145.759874,20.2,574.4,0.2,"2017-08-02","SW20",0.5,180,"1115449","Field Book for Describing and Sampling Soils ver3","soil core","Center of pit",100,"Qw/J7SE3FUjWihDS7M49jA==","Qw/J7SE3FUjWihDS7M49jA==","Natural Resource Conservation Service","S2017AK240016","Southpaw","Coarse-loamy Typic Haplocryepts","typic haplocryepts","haplocryepts","cryepts","inceptisols",,
"115a9271-3b86-44b9-8ecc-7648a6daa551","D19","DEJU","DEJU_024","DEJU_024.basePlot.all","distributed","evergreenForest","WGS84",63.887095,-145.774470,20.1,504.9,0.1,"2017-08-02","SW20",1.0,163,"1115444","Field Book for Describing and Sampling Soils ver3","soil core","Center of pit",100,"jIRH7RFQXESjZ2BLtMBReg==","jIRH7RFQXESjZ2BLtMBReg==","Natural Resource Conservation Service","S2017AK240024","Southpaw","Coarse-loamy, mixed, superactive Typic Haplocryepts","typic haplocryepts","haplocryepts","cryepts","inceptisols",,
"b90961d9-dc41-4e7c-8bd6-060ea9bd9a23","D19","DEJU","DEJU_012","DEJU_012.basePlot.all","distributed","shrubScrub","WGS84",63.921120,-145.787666,20.1,478.9,0.1,"2017-08-02","SW20",0.6,171,"1115439","Field Book for Describing and Sampling Soils ver3","soil core","Center of pit",100,"5XPlishvEOlMe4D3zIS1d3Kjt8ULTSTO","5XPlishvEOlMe4D3zIS1d3Kjt8ULTSTO","Natural Resource Conservation Service","S2017AK240012","Donnelly","Sandy or sandy-skeletal Typic Haplocryepts","typic haplocryepts","haplocryepts","cryepts","inceptisols",,
"0df24cc0-774e-4e4f-95c0-440653ba9473","D19","DEJU","DEJU_004","DEJU_004.basePlot.all","distributed","shrubScrub","WGS84",63.912331,-145.766038,20.1,468.4,0.1,"2017-08-02","SW20",0.9,168,"1115434","Field Book for Describing and Sampling Soils ver3","soil core","Center of pit",100,"5XPlishvEOlMe4D3zIS1d3Kjt8ULTSTO","5XPlishvEOlMe4D3zIS1d3Kjt8ULTSTO","Natural Resource Conservation Service","S2017AK240004","Donnelly","Sandy or sandy-skeletal, mixed Typic Haplocryepts","typic haplocryepts","haplocryepts","cryepts","inceptisols",,
"48e80c05-a233-43bf-9b52-787477eedb5e","D19","DEJU","DEJU_017","DEJU_017.basePlot.all","distributed","evergreenForest","WGS84",63.883388,-145.780721,20.1,513.9,0.1,"2017-08-02","SW20",0.7,195,"1115450","Field Book for Describing and Sampling Soils ver3","soil core","Center of pit",100,"Qw/J7SE3FUjWihDS7M49jA==","Qw/J7SE3FUjWihDS7M49jA==","Natural Resource Conservation Service","S2017AK240017","Donnelly","Sandy or sandy-skeletal Typic Haplocryepts","typic haplocryepts","haplocryepts","cryepts","inceptisols",,
