uid,namedLocation,domainID,siteID,plotID,nrcsDescriptionID,collectDate,horizonID,horizonName,biogeoIDnrcs,biogeoSampleType,biogeoTopDepth,biogeoBottomDepth,biogeoCenterDepth,particleSizeDistProcessedDate,particleSizeDistMethodPub,particleSizeDistMethod,coarseFrag2To5,coarseFrag5To20,sandTotal,siltTotal,clayTotal,carbonateClay,clayFineContent,siltFineContent,siltCoarseContent,sandVeryFineContent,sandFineContent,sandMediumContent,sandCoarseContent,sandVeryCoarseContent,laboratoryName,dataQF
"c4dddf8f-a37e-41f8-afd8-3f43a30c2657","DEJU_022.basePlot.all","D19","DEJU","DEJU_022","S2017AK240022","2017-08-01","18N02952","Oe1","S2017AK240022-1","bulk",0.0,17.0,8.5,,,,0.0,0.0,,,,,,,,,,,,,"USDA NRCS Kellogg Soil Survey Laboratory",
"6dec811d-0174-445d-a845-88b0ef522349","DEJU_008.basePlot.all","D19","DEJU","DEJU_008","S2017AK240008","2017-08-01","18N02922","2BC","S2017AK240008-4","bulk",22.0,62.0,42.0,"2018-08-07","Kellogg Soil Survey Laboratory Methods Manual, Soil Survey Investigations Report No. 42 Version 5.0, Issued 2014","Routine Particle Size Distribution (3A1a1a)",287.5,1.5,73.2,22.6,4.2,,,12.1,10.5,9.5,11.3,16.3,21.7,14.4,"USDA NRCS Kellogg Soil Survey Laboratory",
"2f04f953-7c48-49d2-bc28-ef427fa00375","DEJU_005.basePlot.all","D19","DEJU","DEJU_005","S2017AK240005","2017-08-01","18N02910","A","S2017AK240005-1","bulk",0.0,6.0,3.0,"2018-08-07","Kellogg Soil Survey Laboratory Methods Manual, Soil Survey Investigations Report No. 42 Version 5.0, Issued 2014","Routine Particle Size Distribution (3A1a1a)",2.0,0.0,38.7,51.8,9.5,,,23.8,28.0,17.9,6.3,6.0,4.5,4.0,"USDA NRCS Kellogg Soil Survey Laboratory",
"2ff21b51-f88d-4661-84da-659bdf1c9b06","DEJU_022.basePlot.all","D19","DEJU","DEJU_022","S2017AK240022","2017-08-01","18N02954","Oa","S2017AK240022-3","bulk",24.0,48.0,36.0,"2018-08-14","Kellogg Soil Survey Laboratory Methods Manual, Soil Survey Investigations Report No. 42 Version 5.0, Issued 2014","Routine Particle Size Distribution (3A1a1a)",28.7,32.5,40.5,48.9,10.6,,,29.7,19.2,15.9,10.4,8.0,4.6,1.6,"USDA NRCS Kellogg Soil Survey Laboratory",
"c63d4ec2-7772-4250-ae12-c018a800b808","DEJU_007.basePlot.all","D19","DEJU","DEJU_007","S2017AK240007","2017-08-01","18N02918","BC2","S2017AK240007-5","bulk",43.0,75.0,59.0,"2018-08-07","Kellogg Soil Survey Laboratory Methods Manual, Soil Survey Investigations Report No. 42 Version 5.0, Issued 2014","Routine Particle Size Distribution (3A1a1a)",0.0,0.0,36.5,50.7,12.8,,,29.9,20.8,17.2,12.4,3.7,1.9,1.3,"USDA NRCS Kellogg Soil Survey Laboratory",
"694b56a7-4df9-406d-9a59-efbf3b8cb372","DEJU_005.basePlot.all","D19","DEJU","DEJU_005","S2017AK240005","2017-08-01","18N02912","2BC1","S2017AK240005-3","bulk",12.0,50.0,31.0,"2018-08-07","Kellogg Soil Survey Laboratory Methods Manual, Soil Survey Investigations Report No. 42 Version 5.0, Issued 2014","Routine Particle Size Distribution (3A1a1a)",238.8,0.6,84.3,11.4,4.3,,,5.9,5.5,6.9,14.4,22.4,24.1,16.5,"USDA NRCS Kellogg Soil Survey Laboratory",
"d38d59f8-17a7-44f5-8ffb-c1b1d5e552af","DEJU_018.basePlot.all","D19","DEJU","DEJU_018","S2017AK240018","2017-08-01","18N02950","2Ab","S2017AK240018-6","bulk",67.0,84.0,75.5,"2018-08-07","Kellogg Soil Survey Laboratory Methods Manual, Soil Survey Investigations Report No. 42 Version 5.0, Issued 2014","Routine Particle Size Distribution (3A1a1a)",60.0,84.2,48.3,41.6,10.1,,,23.9,17.7,15.5,12.2,9.5,6.6,4.5,"USDA NRCS Kellogg Soil Survey Laboratory",
"59db7667-1e15-4794-b11c-b081d62da2d4","DEJU_025.basePlot.all","D19","DEJU","DEJU_025","S2017AK240025","2017-08-01","18N02965","A/B","S2017AK240025-3","bulk",14.0,22.0,18.0,"2018-08-14","Kellogg Soil Survey Laboratory Methods Manual, Soil Survey Investigations Report No. 42 Version 5.0, Issued 2014","Routine Particle Size Distribution (3A1a1a)",7.1,16.7,34.9,57.7,7.4,,,29.3,28.4,24.2,5.5,2.0,2.2,1.0,"USDA NRCS Kellogg Soil Survey Laboratory",
"3c9e87e5-b0a0-4e8d-9cc5-7fbca7568540","DEJU_013.basePlot.all","D19","DEJU","DEJU_013","S2017AK240013","2017-08-01","18N02935","Bw2","S2017AK240013-4","bulk",23.0,33.0,28.0,"2018-08-07","Kellogg Soil Survey Laboratory Methods Manual, Soil Survey Investigations Report No. 42 Version 5.0, Issued 2014","Routine Particle Size Distribution (3A1a1a)",0.0,0.0,42.8,48.5,8.7,,,24.8,23.7,20.6,13.0,4.4,2.8,2.0,"USDA NRCS Kellogg Soil Survey Laboratory",
"e387a7b9-69e0-44ce-935d-3a0c3f927c1c","DEJU_022.basePlot.all","D19","DEJU","DEJU_022","S2017AK240022","2017-08-01","18N02953","Oe2","S2017AK240022-2","bulk",17.0,24.0,20.5,,,,0.0,0.0,,,,,,,,,,,,,"USDA NRCS Kellogg Soil Survey Laboratory",
"bbe8cc93-40f8-4b99-ade4-b9e728eb384d","DEJU_018.basePlot.all","D19","DEJU","DEJU_018","S2017AK240018","2017-08-01","18N02949","BC","S2017AK240018-5","bulk",48.0,67.0,57.5,"2018-08-07","Kellogg Soil Survey Laboratory Methods Manual, Soil Survey Investigations Report No. 42 Version 5.0, Issued 2014","Routine Particle Size Distribution (3A1a1a)",89.2,259.0,61.7,33.3,5.0,,,20.5,12.8,12.0,15.0,13.9,11.5,9.3,"USDA NRCS Kellogg Soil Survey Laboratory",
"db0ca016-09d0-46f6-94d1-eeb525d2778f","DEJU_014.basePlot.all","D19","DEJU","DEJU_014","S2017AK240014","2017-08-01","18N02939","AE","S2017AK240014-2","bulk",11.0,16.0,13.5,"2018-08-07","Kellogg Soil Survey Laboratory Methods Manual, Soil Survey Investigations Report No. 42 Version 5.0, Issued 2014","Routine Particle Size Distribution (3A1a1a)",0.0,0.0,24.2,62.8,13.0,,,33.8,29.0,16.0,7.1,0.7,0.3,0.1,"USDA NRCS Kellogg Soil Survey Laboratory",
"32f1cc43-f893-4683-9cd7-e3d2473e0deb","DEJU_008.basePlot.all","D19","DEJU","DEJU_008","S2017AK240008","2017-08-01","18N02921","A2","S2017AK240008-3","bulk",12.0,22.0,17.0,"2018-08-07","Kellogg Soil Survey Laboratory Methods Manual, Soil Survey Investigations Report No. 42 Version 5.0, Issued 2014","Routine Particle Size Distribution (3A1a1a)",12.5,17.2,30.4,63.2,6.4,,,31.0,32.2,20.9,5.8,1.2,1.2,1.3,"USDA NRCS Kellogg Soil Survey Laboratory",
"66481358-81a7-4475-a2e0-648488af3163","DEJU_007.basePlot.all","D19","DEJU","DEJU_007","S2017AK240007","2017-08-01","18N02917","BC1","S2017AK240007-4","bulk",18.0,43.0,30.5,"2018-08-07","Kellogg Soil Survey Laboratory Methods Manual, Soil Survey Investigations Report No. 42 Version 5.0, Issued 2014","Routine Particle Size Distribution (3A1a1a)",7.2,22.6,40.7,47.8,11.5,,,26.2,21.6,16.1,13.4,6.0,3.3,1.9,"USDA NRCS Kellogg Soil Survey Laboratory",
"89f7a496-38f7-4d5e-a38b-38e22a62d790","DEJU_014.basePlot.all","D19","DEJU","DEJU_014","S2017AK240014","2017-08-01","18N02941","BC","S2017AK240014-4","bulk",27.0,40.0,33.5,"2018-08-07","Kellogg Soil Survey Laboratory Methods Manual, Soil Survey Investigations Report No. 42 Version 5.0, Issued 2014","Routine Particle Size Distribution (3A1a1a)",4.1,6.2,20.5,62.0,17.5,,,41.0,21.0,12.5,5.3,1.7,0.7,0.3,"USDA NRCS Kellogg Soil Survey Laboratory",
"8b903dc4-0d78-455f-a5dd-ac5f1aa789ac","DEJU_025.basePlot.all","D19","DEJU","DEJU_025","S2017AK240025","2017-08-01","18N02967","2C","S2017AK240025-5","bulk",70.0,100.0,85.0,"2018-08-14","Kellogg Soil Survey Laboratory Methods Manual, Soil Survey Investigations Report No. 42 Version 5.0, Issued 2014","Routine Particle Size Distribution (3A1a1a)",174.4,0.0,85.5,10.6,3.9,,,4.9,5.7,8.0,25.5,17.3,22.4,12.3,"USDA NRCS Kellogg Soil Survey Laboratory",
"f0085a55-562f-4c1f-ab14-fa02143cfa92","DEJU_022.basePlot.all","D19","DEJU","DEJU_022","S2017AK240022","2017-08-01","18N02956","Cfg","S2017AK240022-5","bulk",63.0,100.0,81.5,"2018-08-14","Kellogg Soil Survey Laboratory Methods Manual, Soil Survey Investigations Report No. 42 Version 5.0, Issued 2014","Routine Particle Size Distribution (3A1a1a)",44.8,80.6,46.5,40.7,12.8,,,24.5,16.2,12.4,14.6,10.3,6.1,3.1,"USDA NRCS Kellogg Soil Survey Laboratory",
"dc27ff89-d4d7-4d9f-9426-1eddaace04c3","DEJU_007.basePlot.all","D19","DEJU","DEJU_007","S2017AK240007","2017-08-01","18N02919","2C","S2017AK240007-6","bulk",75.0,100.0,87.5,"2018-08-07","Kellogg Soil Survey Laboratory Methods Manual, Soil Survey Investigations Report No. 42 Version 5.0, Issued 2014","Routine Particle Size Distribution (3A1a1a)",54.2,59.0,82.5,13.0,4.5,,,7.0,6.0,16.7,31.1,22.3,8.8,3.6,"USDA NRCS Kellogg Soil Survey Laboratory",
"bae86a79-7aad-4447-8b9e-e33653f24e0d","DEJU_013.basePlot.all","D19","DEJU","DEJU_013","S2017AK240013","2017-08-01","18N02938","3C","S2017AK240013-7","bulk",77.0,100.0,88.5,"2018-08-07","Kellogg Soil Survey Laboratory Methods Manual, Soil Survey Investigations Report No. 42 Version 5.0, Issued 2014","Routine Particle Size Distribution (3A1a1a)",173.0,0.7,73.9,20.7,5.4,,,11.5,9.2,10.3,10.0,19.7,20.2,13.7,"USDA NRCS Kellogg Soil Survey Laboratory",
"827b0193-fef3-4774-9aa7-a7c9fe40dc04","DEJU_005.basePlot.all","D19","DEJU","DEJU_005","S2017AK240005","2017-08-01","18N02914","2C","S2017AK240005-5","bulk",70.0,100.0,85.0,"2018-08-07","Kellogg Soil Survey Laboratory Methods Manual, Soil Survey Investigations Report No. 42 Version 5.0, Issued 2014","Routine Particle Size Distribution (3A1a1a)",164.5,328.7,89.5,7.1,3.4,,,3.8,3.3,4.6,11.7,23.3,28.5,21.4,"USDA NRCS Kellogg Soil Survey Laboratory",
"6f2e47bd-aa69-445a-a9c4-75c529353197","DEJU_018.basePlot.all","D19","DEJU","DEJU_018","S2017AK240018","2017-08-01","18N02951","2C","S2017AK240018-7","bulk",84.0,100.0,92.0,"2018-08-07","Kellogg Soil Survey Laboratory Methods Manual, Soil Survey Investigations Report No. 42 Version 5.0, Issued 2014","Routine Particle Size Distribution (3A1a1a)",67.5,98.8,82.5,14.2,3.3,,,13.9,0.3,22.7,20.3,17.5,15.2,6.8,"USDA NRCS Kellogg Soil Survey Laboratory",
"42b977ca-a5a3-4854-ab2c-e2313ddde5e6","DEJU_018.basePlot.all","D19","DEJU","DEJU_018","S2017AK240018","2017-08-01","18N02947","AE","S2017AK240018-3","bulk",13.0,23.0,18.0,"2018-08-07","Kellogg Soil Survey Laboratory Methods Manual, Soil Survey Investigations Report No. 42 Version 5.0, Issued 2014","Routine Particle Size Distribution (3A1a1a)",17.9,67.6,34.3,57.1,8.6,,,28.7,28.4,16.6,8.0,3.9,3.5,2.3,"USDA NRCS Kellogg Soil Survey Laboratory",
"fa75e909-4c1d-44a3-a911-c4ea4dd590ac","DEJU_014.basePlot.all","D19","DEJU","DEJU_014","S2017AK240014","2017-08-01","18N02940","Bw","S2017AK240014-3","bulk",16.0,27.0,21.5,"2018-08-07","Kellogg Soil Survey Laboratory Methods Manual, Soil Survey Investigations Report No. 42 Version 5.0, Issued 2014","Routine Particle Size Distribution (3A1a1a)",0.0,0.0,20.9,64.7,14.4,,,37.0,27.7,15.7,4.3,0.6,0.2,0.1,"USDA NRCS Kellogg Soil Survey Laboratory",
"d58df9ff-4a2a-4754-bb5d-804cde37f408","DEJU_025.basePlot.all","D19","DEJU","DEJU_025","S2017AK240025","2017-08-01","18N02966","2BC","S2017AK240025-4","bulk",22.0,70.0,46.0,"2018-08-14","Kellogg Soil Survey Laboratory Methods Manual, Soil Survey Investigations Report No. 42 Version 5.0, Issued 2014","Routine Particle Size Distribution (3A1a1a)",122.0,4.0,66.7,27.8,5.5,,,13.6,14.2,10.9,9.7,13.5,15.5,17.1,"USDA NRCS Kellogg Soil Survey Laboratory",
"8eb96ff4-3142-4090-ab8a-a6db4cc6683c","DEJU_013.basePlot.all","D19","DEJU","DEJU_013","S2017AK240013","2017-08-01","18N02934","Bw1","S2017AK240013-3","bulk",10.0,23.0,16.5,"2018-08-07","Kellogg Soil Survey Laboratory Methods Manual, Soil Survey Investigations Report No. 42 Version 5.0, Issued 2014","Routine Particle Size Distribution (3A1a1a)",37.2,47.1,45.4,46.0,8.6,,,22.2,23.8,17.4,13.6,6.0,4.7,3.7,"USDA NRCS Kellogg Soil Survey Laboratory",
"71571123-eaae-451f-946d-2d27eef646b6","DEJU_014.basePlot.all","D19","DEJU","DEJU_014","S2017AK240014","2017-08-01","18N02942","2C","S2017AK240014-5","bulk",40.0,100.0,70.0,"2018-08-07","Kellogg Soil Survey Laboratory Methods Manual, Soil Survey Investigations Report No. 42 Version 5.0, Issued 2014","Routine Particle Size Distribution (3A1a1a)",325.0,5.6,88.0,7.1,4.9,,,3.3,3.8,4.5,10.7,17.0,26.5,29.3,"USDA NRCS Kellogg Soil Survey Laboratory",
"87e7621b-2cfb-479d-a960-0b4f1af0ba36","DEJU_013.basePlot.all","D19","DEJU","DEJU_013","S2017AK240013","2017-08-01","18N02936","BC","S2017AK240013-5","bulk",33.0,59.0,46.0,"2018-08-07","Kellogg Soil Survey Laboratory Methods Manual, Soil Survey Investigations Report No. 42 Version 5.0, Issued 2014","Routine Particle Size Distribution (3A1a1a)",27.3,40.5,60.5,31.7,7.8,,,15.5,16.2,21.7,27.1,7.2,2.8,1.7,"USDA NRCS Kellogg Soil Survey Laboratory",
"52977ce0-5cee-4d79-b568-8c9b73ecb287","DEJU_022.basePlot.all","D19","DEJU","DEJU_022","S2017AK240022","2017-08-01","18N02955","C/Ajjg","S2017AK240022-4","bulk",48.0,63.0,55.5,"2018-08-14","Kellogg Soil Survey Laboratory Methods Manual, Soil Survey Investigations Report No. 42 Version 5.0, Issued 2014","Routine Particle Size Distribution (3A1a1a)",25.0,12.5,42.7,44.1,13.2,,,27.6,16.5,13.1,10.8,8.4,5.8,4.6,"USDA NRCS Kellogg Soil Survey Laboratory",
"0f85291d-15df-4c7f-bf0d-4d45ecdbb4e3","DEJU_008.basePlot.all","D19","DEJU","DEJU_008","S2017AK240008","2017-08-01","18N02923","2C","S2017AK240008-5","bulk",62.0,100.0,81.0,"2018-08-07","Kellogg Soil Survey Laboratory Methods Manual, Soil Survey Investigations Report No. 42 Version 5.0, Issued 2014","Routine Particle Size Distribution (3A1a1a)",392.7,0.0,93.3,4.0,2.7,,,2.4,1.6,6.1,9.9,23.4,30.2,23.7,"USDA NRCS Kellogg Soil Survey Laboratory",
"7d9d61e8-04c6-4ed9-84a8-e6b3173d5361","DEJU_008.basePlot.all","D19","DEJU","DEJU_008","S2017AK240008","2017-08-01","18N02920","A1","S2017AK240008-2","bulk",5.0,12.0,8.5,"2018-08-07","Kellogg Soil Survey Laboratory Methods Manual, Soil Survey Investigations Report No. 42 Version 5.0, Issued 2014","Routine Particle Size Distribution (3A1a1a)",5.1,0.0,31.7,60.1,8.2,,,27.2,32.9,20.6,5.2,1.9,2.0,2.0,"USDA NRCS Kellogg Soil Survey Laboratory",
"48711a85-05a4-4013-8748-e3f09b925be0","DEJU_013.basePlot.all","D19","DEJU","DEJU_013","S2017AK240013","2017-08-01","18N02937","2BA","S2017AK240013-6","bulk",59.0,77.0,68.0,"2018-08-07","Kellogg Soil Survey Laboratory Methods Manual, Soil Survey Investigations Report No. 42 Version 5.0, Issued 2014","Routine Particle Size Distribution (3A1a1a)",0.0,0.0,40.0,47.0,13.0,,,26.2,20.8,18.2,11.4,4.1,3.6,2.7,"USDA NRCS Kellogg Soil Survey Laboratory",
"24272a46-5247-4993-980c-005b616aeb12","DEJU_005.basePlot.all","D19","DEJU","DEJU_005","S2017AK240005","2017-08-01","18N02911","Bw","S2017AK240005-2","bulk",6.0,12.0,9.0,"2018-08-07","Kellogg Soil Survey Laboratory Methods Manual, Soil Survey Investigations Report No. 42 Version 5.0, Issued 2014","Routine Particle Size Distribution (3A1a1a)",65.9,65.9,40.5,44.9,14.6,,,23.3,21.6,12.2,6.4,8.7,8.4,4.8,"USDA NRCS Kellogg Soil Survey Laboratory",
"6533eca2-ebbd-4056-a288-61325a38c5da","DEJU_007.basePlot.all","D19","DEJU","DEJU_007","S2017AK240007","2017-08-01","18N02915","A","S2017AK240007-2","bulk",7.0,11.0,9.0,"2018-08-07","Kellogg Soil Survey Laboratory Methods Manual, Soil Survey Investigations Report No. 42 Version 5.0, Issued 2014","Routine Particle Size Distribution (3A1a1a)",9.9,4.9,35.1,52.7,12.2,,,25.5,27.2,18.5,11.0,3.3,1.5,0.8,"USDA NRCS Kellogg Soil Survey Laboratory",
"d5dcac35-1e0c-46ac-91b9-65384763137b","DEJU_007.basePlot.all","D19","DEJU","DEJU_007","S2017AK240007","2017-08-01","18N02916","Bw","S2017AK240007-3","bulk",11.0,18.0,14.5,"2018-08-07","Kellogg Soil Survey Laboratory Methods Manual, Soil Survey Investigations Report No. 42 Version 5.0, Issued 2014","Routine Particle Size Distribution (3A1a1a)",40.1,43.0,49.1,38.7,12.2,,,19.8,18.9,18.8,14.9,8.5,3.5,3.4,"USDA NRCS Kellogg Soil Survey Laboratory",
"672a3bbc-f77e-4f14-8d2e-b39a49debf04","DEJU_018.basePlot.all","D19","DEJU","DEJU_018","S2017AK240018","2017-08-01","18N02948","Bw","S2017AK240018-4","bulk",23.0,48.0,35.5,"2018-08-07","Kellogg Soil Survey Laboratory Methods Manual, Soil Survey Investigations Report No. 42 Version 5.0, Issued 2014","Routine Particle Size Distribution (3A1a1a)",133.2,243.0,78.9,17.5,3.6,,,8.2,9.3,10.3,21.5,15.0,17.2,14.9,"USDA NRCS Kellogg Soil Survey Laboratory",
"d276a934-21db-4964-8961-64dd447be3e2","DEJU_005.basePlot.all","D19","DEJU","DEJU_005","S2017AK240005","2017-08-01","18N02913","2BC2","S2017AK240005-4","bulk",50.0,70.0,60.0,"2018-08-07","Kellogg Soil Survey Laboratory Methods Manual, Soil Survey Investigations Report No. 42 Version 5.0, Issued 2014","Routine Particle Size Distribution (3A1a1a)",68.8,237.7,49.8,40.6,9.6,,,23.2,17.4,14.7,13.4,8.9,6.7,6.1,"USDA NRCS Kellogg Soil Survey Laboratory",
"59bf402b-8b77-471d-ad39-17e327dc4991","DEJU_012.basePlot.all","D19","DEJU","DEJU_012","S2017AK240012","2017-08-02","18N02930","A/B","S2017AK240012-2","bulk",9.0,16.0,12.5,"2018-08-07","Kellogg Soil Survey Laboratory Methods Manual, Soil Survey Investigations Report No. 42 Version 5.0, Issued 2014","Routine Particle Size Distribution (3A1a1a)",0.0,0.0,30.5,62.5,7.0,,,30.6,31.9,20.7,7.0,1.2,0.9,0.7,"USDA NRCS Kellogg Soil Survey Laboratory",
"2456c50d-9255-479d-8f44-041a2986c40c","DEJU_024.basePlot.all","D19","DEJU","DEJU_024","S2017AK240024","2017-08-02","18N02964","2C2","S2017AK240024-6","bulk",68.0,100.0,84.0,"2018-08-14","Kellogg Soil Survey Laboratory Methods Manual, Soil Survey Investigations Report No. 42 Version 5.0, Issued 2014","Routine Particle Size Distribution (3A1a1a)",135.3,309.6,57.0,37.8,5.2,,,18.1,19.7,12.0,7.4,10.0,16.1,11.5,"USDA NRCS Kellogg Soil Survey Laboratory",
"ed7b40fc-e227-47ee-9175-972480a81251","DEJU_017.basePlot.all","D19","DEJU","DEJU_017","S2017AK240017","2017-08-02","18N02943","Bw","S2017AK240017-2","bulk",7.0,17.0,12.0,"2018-08-07","Kellogg Soil Survey Laboratory Methods Manual, Soil Survey Investigations Report No. 42 Version 5.0, Issued 2014","Routine Particle Size Distribution (3A1a1a)",6.3,3.8,30.2,58.9,10.9,,,31.2,27.7,19.2,7.4,1.6,1.0,1.0,"USDA NRCS Kellogg Soil Survey Laboratory",
"1bd51c6c-e495-4629-8b65-d0c714def985","DEJU_010.basePlot.all","D19","DEJU","DEJU_010","S2017AK240010","2017-08-02","18N02924","Bw","S2017AK240010-2","bulk",6.0,21.0,13.5,"2018-08-07","Kellogg Soil Survey Laboratory Methods Manual, Soil Survey Investigations Report No. 42 Version 5.0, Issued 2014","Routine Particle Size Distribution (3A1a1a)",1.4,0.0,30.3,62.6,7.1,,,30.8,31.8,20.7,6.1,1.8,1.3,0.4,"USDA NRCS Kellogg Soil Survey Laboratory",
"a61b6458-eb5c-4a23-8185-7f90bae2ce13","DEJU_016.basePlot.all","D19","DEJU","DEJU_016","S2017AK240016","2017-08-02","18N02976","BC1","S2017AK240016-3","bulk",11.0,33.0,22.0,"2018-08-14","Kellogg Soil Survey Laboratory Methods Manual, Soil Survey Investigations Report No. 42 Version 5.0, Issued 2014","Routine Particle Size Distribution (3A1a1a)",106.5,134.9,49.4,42.5,8.1,,,21.3,21.2,13.2,10.5,8.6,9.6,7.5,"USDA NRCS Kellogg Soil Survey Laboratory",
"d162e9cc-dacc-41ff-b57d-96e2f21b6a16","DEJU_004.basePlot.all","D19","DEJU","DEJU_004","S2017AK240004","2017-08-02","18N02908","2C1","S2017AK240004-4","bulk",35.0,55.0,45.0,"2018-08-07","Kellogg Soil Survey Laboratory Methods Manual, Soil Survey Investigations Report No. 42 Version 5.0, Issued 2014","Routine Particle Size Distribution (3A1a1a)",269.5,5.9,84.7,13.1,2.2,,,6.8,6.3,4.2,9.4,16.1,30.0,25.0,"USDA NRCS Kellogg Soil Survey Laboratory",
"6fe51dc2-8e3a-40b7-b1f0-e4485d112402","DEJU_004.basePlot.all","D19","DEJU","DEJU_004","S2017AK240004","2017-08-02","18N02905","A","S2017AK240004-1","bulk",0.0,8.0,4.0,"2018-08-07","Kellogg Soil Survey Laboratory Methods Manual, Soil Survey Investigations Report No. 42 Version 5.0, Issued 2014","Routine Particle Size Distribution (3A1a1a)",0.0,0.0,26.2,64.2,9.6,,,29.2,35.0,17.2,5.9,1.4,1.1,0.6,"USDA NRCS Kellogg Soil Survey Laboratory",
"fbad5dfa-d91e-407b-ac8a-475fd05025ce","DEJU_023.basePlot.all","D19","DEJU","DEJU_023","S2017AK240023","2017-08-02","18N02959","2C","S2017AK240023-4","bulk",26.0,100.0,63.0,"2018-08-07","Kellogg Soil Survey Laboratory Methods Manual, Soil Survey Investigations Report No. 42 Version 5.0, Issued 2014","Routine Particle Size Distribution (3A1a1a)",224.6,4.9,91.1,6.9,2.0,,,4.5,2.4,5.3,15.8,21.5,28.0,20.5,"USDA NRCS Kellogg Soil Survey Laboratory",
"a64f0cfd-0439-4c12-aed6-7b2cf911a23d","DEJU_024.basePlot.all","D19","DEJU","DEJU_024","S2017AK240024","2017-08-02","18N02960","A","S2017AK240024-2","bulk",8.0,12.0,10.0,"2018-08-14","Kellogg Soil Survey Laboratory Methods Manual, Soil Survey Investigations Report No. 42 Version 5.0, Issued 2014","Routine Particle Size Distribution (3A1a1a)",0.0,0.0,29.6,64.4,6.0,,,27.9,36.5,22.5,5.5,0.5,0.6,0.5,"USDA NRCS Kellogg Soil Survey Laboratory",
"789bf811-2f5e-4e19-bc80-f5665336c3f5","DEJU_012.basePlot.all","D19","DEJU","DEJU_012","S2017AK240012","2017-08-02","18N02932","2BC","S2017AK240012-4","bulk",45.0,62.0,53.5,"2018-08-07","Kellogg Soil Survey Laboratory Methods Manual, Soil Survey Investigations Report No. 42 Version 5.0, Issued 2014","Routine Particle Size Distribution (3A1a1a)",315.4,0.0,79.3,18.0,2.7,,,9.0,9.0,13.0,34.1,20.7,7.3,4.2,"USDA NRCS Kellogg Soil Survey Laboratory",
"fbbf1183-e698-46e1-ad39-63c3cf14836d","DEJU_016.basePlot.all","D19","DEJU","DEJU_016","S2017AK240016","2017-08-02","18N02977","BC2","S2017AK240016-4","bulk",33.0,64.0,48.5,"2018-08-14","Kellogg Soil Survey Laboratory Methods Manual, Soil Survey Investigations Report No. 42 Version 5.0, Issued 2014","Routine Particle Size Distribution (3A1a1a)",74.0,152.5,38.4,49.7,11.9,,,28.2,21.5,13.6,7.9,6.9,5.4,4.6,"USDA NRCS Kellogg Soil Survey Laboratory",
"ee580756-f75f-440e-a54f-2d622a29a42e","DEJU_004.basePlot.all","D19","DEJU","DEJU_004","S2017AK240004","2017-08-02","18N02907","2BC","S2017AK240004-3","bulk",26.0,35.0,30.5,"2018-08-07","Kellogg Soil Survey Laboratory Methods Manual, Soil Survey Investigations Report No. 42 Version 5.0, Issued 2014","Routine Particle Size Distribution (3A1a1a)",114.3,222.4,45.6,46.3,8.1,,,24.1,22.2,11.6,9.0,7.0,8.2,9.8,"USDA NRCS Kellogg Soil Survey Laboratory",
"5b726c61-a057-4e93-9727-0f960232e8a4","DEJU_016.basePlot.all","D19","DEJU","DEJU_016","S2017AK240016","2017-08-02","18N02978","C","S2017AK240016-5","bulk",64.0,100.0,82.0,"2018-08-14","Kellogg Soil Survey Laboratory Methods Manual, Soil Survey Investigations Report No. 42 Version 5.0, Issued 2014","Routine Particle Size Distribution (3A1a1a)",117.3,98.8,28.4,54.6,17.0,,,27.9,26.7,13.8,6.5,3.3,2.6,2.2,"USDA NRCS Kellogg Soil Survey Laboratory",
"2559759b-8bdf-4dc6-9cfe-5e1f84733572","DEJU_024.basePlot.all","D19","DEJU","DEJU_024","S2017AK240024","2017-08-02","18N02962","Bw2","S2017AK240024-4","bulk",21.0,31.0,26.0,"2018-08-07","Kellogg Soil Survey Laboratory Methods Manual, Soil Survey Investigations Report No. 42 Version 5.0, Issued 2014","Routine Particle Size Distribution (3A1a1a)",37.6,111.8,41.4,49.6,9.0,,,26.3,23.3,19.1,8.3,2.9,4.2,6.9,"USDA NRCS Kellogg Soil Survey Laboratory",
"bd9a6fca-9e89-4921-86c7-574ee1a7aa9b","DEJU_010.basePlot.all","D19","DEJU","DEJU_010","S2017AK240010","2017-08-02","18N02925","BC","S2017AK240010-3","bulk",21.0,31.0,26.0,"2018-08-07","Kellogg Soil Survey Laboratory Methods Manual, Soil Survey Investigations Report No. 42 Version 5.0, Issued 2014","Routine Particle Size Distribution (3A1a1a)",61.2,135.5,40.2,50.1,9.7,,,26.0,24.1,13.4,11.3,6.6,4.3,4.6,"USDA NRCS Kellogg Soil Survey Laboratory",
"ba2bfd7c-6678-42fd-9ebb-a135063c8c17","DEJU_010.basePlot.all","D19","DEJU","DEJU_010","S2017AK240010","2017-08-02","18N02926","2C","S2017AK240010-4","bulk",31.0,100.0,65.5,"2018-08-07","Kellogg Soil Survey Laboratory Methods Manual, Soil Survey Investigations Report No. 42 Version 5.0, Issued 2014","Routine Particle Size Distribution (3A1a1a)",260.6,2.7,90.3,7.8,1.9,,,4.2,3.6,3.8,9.8,17.7,33.2,25.8,"USDA NRCS Kellogg Soil Survey Laboratory",
"39ca3148-10c8-465a-a743-7f930ee67b40","DEJU_017.basePlot.all","D19","DEJU","DEJU_017","S2017AK240017","2017-08-02","18N02944","BC","S2017AK240017-3","bulk",17.0,28.0,22.5,"2018-08-07","Kellogg Soil Survey Laboratory Methods Manual, Soil Survey Investigations Report No. 42 Version 5.0, Issued 2014","Routine Particle Size Distribution (3A1a1a)",30.3,35.7,30.6,59.3,10.1,,,32.9,26.4,17.6,6.5,2.3,2.3,1.9,"USDA NRCS Kellogg Soil Survey Laboratory",
"22c6c4fc-bf85-4049-a3ec-4c4d62214100","DEJU_024.basePlot.all","D19","DEJU","DEJU_024","S2017AK240024","2017-08-02","18N02961","Bw1","S2017AK240024-3","bulk",12.0,21.0,16.5,"2018-08-07","Kellogg Soil Survey Laboratory Methods Manual, Soil Survey Investigations Report No. 42 Version 5.0, Issued 2014","Routine Particle Size Distribution (3A1a1a)",6.2,12.5,31.9,60.6,7.5,,,31.2,29.4,23.3,4.5,1.2,1.5,1.4,"USDA NRCS Kellogg Soil Survey Laboratory",
"3af44d59-f14e-433f-9b74-a7a6b6c8b9ff","DEJU_017.basePlot.all","D19","DEJU","DEJU_017","S2017AK240017","2017-08-02","18N02945","2C1","S2017AK240017-4","bulk",28.0,54.0,41.0,"2018-08-07","Kellogg Soil Survey Laboratory Methods Manual, Soil Survey Investigations Report No. 42 Version 5.0, Issued 2014","Routine Particle Size Distribution (3A1a1a)",226.7,0.0,83.0,12.5,4.5,,,6.3,6.2,7.4,19.3,25.8,19.0,11.5,"USDA NRCS Kellogg Soil Survey Laboratory",
"becc1ca6-0fab-4b49-91db-9bfc7588f200","DEJU_012.basePlot.all","D19","DEJU","DEJU_012","S2017AK240012","2017-08-02","18N02933","2C","S2017AK240012-5","bulk",62.0,100.0,81.0,"2018-08-07","Kellogg Soil Survey Laboratory Methods Manual, Soil Survey Investigations Report No. 42 Version 5.0, Issued 2014","Routine Particle Size Distribution (3A1a1a)",0.0,0.0,89.3,9.5,1.2,,,3.7,5.8,6.2,20.8,19.3,26.0,17.0,"USDA NRCS Kellogg Soil Survey Laboratory",
"45057544-dfdd-42e2-a39c-d5bc97d8ad57","DEJU_004.basePlot.all","D19","DEJU","DEJU_004","S2017AK240004","2017-08-02","18N02909","2C2","S2017AK240004-5","bulk",55.0,100.0,77.5,"2018-08-07","Kellogg Soil Survey Laboratory Methods Manual, Soil Survey Investigations Report No. 42 Version 5.0, Issued 2014","Routine Particle Size Distribution (3A1a1a)",330.3,0.6,96.5,2.2,1.3,,,1.9,0.3,1.2,3.8,21.6,35.4,34.5,"USDA NRCS Kellogg Soil Survey Laboratory",
"1de3fc7f-61e1-407d-bf80-d5998de66688","DEJU_004.basePlot.all","D19","DEJU","DEJU_004","S2017AK240004","2017-08-02","18N02906","Bw","S2017AK240004-2","bulk",8.0,26.0,17.0,"2018-08-07","Kellogg Soil Survey Laboratory Methods Manual, Soil Survey Investigations Report No. 42 Version 5.0, Issued 2014","Routine Particle Size Distribution (3A1a1a)",2.4,0.0,30.3,61.2,8.5,,,31.9,29.3,20.4,6.0,1.3,1.3,1.3,"USDA NRCS Kellogg Soil Survey Laboratory",
"293cb28e-8d08-4be9-a623-3d54102c069e","DEJU_017.basePlot.all","D19","DEJU","DEJU_017","S2017AK240017","2017-08-02","18N02946","2C2","S2017AK240017-5","bulk",54.0,100.0,77.0,"2018-08-07","Kellogg Soil Survey Laboratory Methods Manual, Soil Survey Investigations Report No. 42 Version 5.0, Issued 2014","Routine Particle Size Distribution (3A1a1a)",217.0,1.6,89.0,8.0,3.0,,,3.8,4.2,5.7,15.6,28.4,23.9,15.4,"USDA NRCS Kellogg Soil Survey Laboratory",
"89fdef89-0218-4e92-bb6e-b358d86de0a9","DEJU_023.basePlot.all","D19","DEJU","DEJU_023","S2017AK240023","2017-08-02","18N02957","Bw","S2017AK240023-2","bulk",4.0,21.0,12.5,"2018-08-07","Kellogg Soil Survey Laboratory Methods Manual, Soil Survey Investigations Report No. 42 Version 5.0, Issued 2014","Routine Particle Size Distribution (3A1a1a)",2.6,0.0,33.2,58.8,8.0,,,31.1,27.7,19.9,8.1,2.1,1.6,1.5,"USDA NRCS Kellogg Soil Survey Laboratory",
"7220b04e-adbf-4517-969d-31d5c59e5daa","DEJU_024.basePlot.all","D19","DEJU","DEJU_024","S2017AK240024","2017-08-02","18N02963","C1","S2017AK240024-5","bulk",31.0,68.0,49.5,"2018-08-07","Kellogg Soil Survey Laboratory Methods Manual, Soil Survey Investigations Report No. 42 Version 5.0, Issued 2014","Routine Particle Size Distribution (3A1a1a)",22.6,52.0,31.8,59.0,9.2,,,33.1,25.9,17.6,7.6,1.7,2.8,2.1,"USDA NRCS Kellogg Soil Survey Laboratory",
"f4f29f66-7406-4cf0-9cab-7700410ddb77","DEJU_023.basePlot.all","D19","DEJU","DEJU_023","S2017AK240023","2017-08-02","18N02958","BC","S2017AK240023-3","bulk",21.0,26.0,23.5,"2018-08-07","Kellogg Soil Survey Laboratory Methods Manual, Soil Survey Investigations Report No. 42 Version 5.0, Issued 2014","Routine Particle Size Distribution (3A1a1a)",67.7,109.9,35.2,55.2,9.6,,,29.7,25.5,17.6,8.0,2.9,3.3,3.4,"USDA NRCS Kellogg Soil Survey Laboratory",
"76150117-e0f2-4633-bfd1-9f5da0ef95bf","DEJU_012.basePlot.all","D19","DEJU","DEJU_012","S2017AK240012","2017-08-02","18N02931","Bw","S2017AK240012-3","bulk",16.0,45.0,30.5,"2018-08-07","Kellogg Soil Survey Laboratory Methods Manual, Soil Survey Investigations Report No. 42 Version 5.0, Issued 2014","Routine Particle Size Distribution (3A1a1a)",93.0,0.0,26.3,66.5,7.2,,,32.4,34.1,18.4,6.3,1.3,0.2,0.1,"USDA NRCS Kellogg Soil Survey Laboratory",
