uid,domainID,siteID,pitNamedLocation,pitID,horizonID,horizonName,setDate,collectDate,horizonTopDepth,horizonBottomDepth,nrcsDescriptionID,remarks
"a26ddc81-e949-499a-884b-b06dbbd313cc","D03","OSBS","MEGAPT100989","3_ORDWAY_PIT1","3_ORDWAY_PIT1_A","A","2012-06-19","2012-06-19",0.0,7.0,,
"c17e933e-0fbb-4f0a-a238-f2573fe52f1a","D03","OSBS","MEGAPT100989","3_ORDWAY_PIT1","3_ORDWAY_PIT1_BW3","Bw3","2012-06-19","2012-06-19",125.0,200.0,,
"275e9258-306c-4749-a722-2c18297b16c3","D03","OSBS","MEGAPT100989","3_ORDWAY_PIT1","3_ORDWAY_PIT1_BW2","Bw2","2012-06-19","2012-06-19",28.0,125.0,,
"390fc907-fd35-44cf-81fb-d5dda526bde7","D03","OSBS","MEGAPT100989","3_ORDWAY_PIT1","3_ORDWAY_PIT1_BW1","Bw1","2012-06-19","2012-06-19",7.0,28.0,,
