uid,domainID,siteID,pitNamedLocation,pitID,horizonID,bulkDensID,horizonName,setDate,collectDate,laboratoryName,labProjID,bulkDensCenterDepth,bulkDensTopDepth,bulkDensBottomDepth,bulkDensHorizonProportion,bulkDensSampleType,bulkDensExclCoarseFrag,remarks
"1d04c0e5-60e5-4238-8a5c-6a6064a0dd63","D03","OSBS","MEGAPT100989","3_ORDWAY_PIT1","3_ORDWAY_PIT1_BW2","3_ORDWAY_PIT1_78-88_BULKD_BW2","Bw2","2012-06-19","2012-06-19","USDA NRCS Kellogg Soil Survey Laboratory - Lincoln - NE","I2012USFL069",83.0,78.0,88.0,1.0,"Regular",1.5805,
"7a506388-7b8e-4027-8185-33923d440922","D03","OSBS","MEGAPT100989","3_ORDWAY_PIT1","3_ORDWAY_PIT1_A","3_ORDWAY_PIT1_0-7_BULKD_A","A","2012-06-19","2012-06-19","USDA NRCS Kellogg Soil Survey Laboratory - Lincoln - NE","I2012USFL069",3.5,0.0,7.0,1.0,"Regular",1.3894,
"9cc2c1ed-e8a2-4134-b857-fa61e83a817d","D03","OSBS","MEGAPT100989","3_ORDWAY_PIT1","3_ORDWAY_PIT1_BW3","3_ORDWAY_PIT1_182-192_BULKD_BW3","Bw3","2012-06-19","2012-06-19","USDA NRCS Kellogg Soil Survey Laboratory - Lincoln - NE","I2012USFL069",187.0,182.0,192.0,1.0,"Regular",2.0171,
"5e32cb82-9bab-4a39-82f3-dd627d996e33","D03","OSBS","MEGAPT100989","3_ORDWAY_PIT1","3_ORDWAY_PIT1_BW1","3_ORDWAY_PIT1_16-26_BULKD_BW1","Bw1","2012-06-19","2012-06-19","USDA NRCS Kellogg Soil Survey Laboratory - Lincoln - NE","I2012USFL069",21.0,16.0,26.0,1.0,"Regular",1.5363,
