uid,domainID,siteID,pitNamedLocation,pitID,horizonID,horizonName,setDate,collectDate,archiveID,archiveLaboratoryName,archiveTopDepth,archiveBottomDepth,remarks,sampleMass
"6bd69c0f-1a73-4fee-abe7-3759aa0078fb","D03","OSBS","MEGAPT100989","3_ORDWAY_PIT1","3_ORDWAY_PIT1_BW3","Bw3","2012-06-19","2012-06-19","3_ORDWAY_PIT1_125-200_ARCHIVE_BW3","NEON",125.0,200.0,,1201.4
"c0c90ea1-f0a1-4e28-8891-67060e8ea40d","D03","OSBS","MEGAPT100989","3_ORDWAY_PIT1","3_ORDWAY_PIT1_BW2","Bw2","2012-06-19","2012-06-19","3_ORDWAY_PIT1_28-125_ARCHIVE_BW2","NEON",28.0,125.0,,1198.8
"c5dfd2e8-aa6b-43ee-8edc-859a5d099c1d","D03","OSBS","MEGAPT100989","3_ORDWAY_PIT1","3_ORDWAY_PIT1_A","A","2012-06-19","2012-06-19","3_ORDWAY_PIT1_0-7_ARCHIVE_A","NEON",0.0,7.0,,1201.1
"e143aa00-8592-463a-9edd-2eee76044d55","D03","OSBS","MEGAPT100989","3_ORDWAY_PIT1","3_ORDWAY_PIT1_BW1","Bw1","2012-06-19","2012-06-19","3_ORDWAY_PIT1_7-28_ARCHIVE_BW1","NEON",7.0,28.0,,1202.1
