uid,domainID,siteID,pitNamedLocation,pitID,horizonID,biogeoID,horizonName,biogeoHorizonProportion,biogeoSampleType,setDate,collectDate,coarseFrag2To5,coarseFrag5To20,sandTotal,siltTotal,clayTotal,carbonateClay,clayFineContent,siltFineContent,siltCoarseContent,sandVeryFineContent,sandFineContent,sandMediumContent,sandCoarseContent,sandVeryCoarseContent,carbonTot,nitrogenTot,sulfurTot,estimatedOC,airDryOvenDry,alMjelm,caMjelm,feMjelm,kMjelm,mgMjelm,mnMjelm,naMjelm,pMjelm,siMjelm,srMjelm,tiMjelm,zrMjelm,phCacl2,phH2o,ec12pre,gypsumConc,caco3Conc,caNh4d,kNh4d,mgNh4d,naNh4d,cecdNh4,alSatCecd33,baseSumCecd10,bsesatCecd10,ececCecd33,alKcl,feKcl,mnKcl,bSatx,brSatx,caSatx,clSatx,co3Satx,ecSatp,flSatx,waterSatx,hco3Sx,kSatx,mgSatx,naSatx,no2Satx,no3Satx,pSatx,phSp,resist,so4Satx,laboratoryName,labProjID,biogeoTopDepth,biogeoBottomDepth,biogeoCenterDepth,remarks
"1276abf7-f01c-4c09-aa7d-f11d7883e268","D03","OSBS","MEGAPT100989","3_ORDWAY_PIT1","3_ORDWAY_PIT1_BW3","3_ORDWAY_PIT1_125-200_BIOGEO_BW3","Bw3",1.0,"Regular","2012-06-19","2012-06-19",0,0,97.0,1.3,1.7,,,0.9,0.4,2.5,26.8,57.0,10.2,0.5,0.3,0.10,0.10,0.0,1.001,3622,75,1212,90,64,0,120,18,419646,3,814,15,5.8,6.6,0.01,,,0.0,0.0,0.0,0.0,0.4,,0.0,5,,0.0,,0.0,,,,,,,,,,,,,,,,,,,"USDA NRCS Kellogg Soil Survey Laboratory - Lincoln - NE","I2012USFL069",125.0,200.0,162.5,
"2b7a4b80-73d7-415d-9b1a-70fa8bec8f4b","D03","OSBS","MEGAPT100989","3_ORDWAY_PIT1","3_ORDWAY_PIT1_BW2","3_ORDWAY_PIT1_28-125_BIOGEO_BW2","Bw2",1.0,"Regular","2012-06-19","2012-06-19",0,0,97.3,1.6,1.1,,,1.0,0.6,2.6,26.8,59.0,8.6,0.3,0.7,0.10,0.20,1.0,1.001,3533,72,1182,89,63,0,119,11,406832,3,793,15,5.5,6.2,0.01,,,0.0,0.0,0.0,0.0,0.2,,,,,0.0,,0.0,,,,,,,,,,,,,,,,,,,"USDA NRCS Kellogg Soil Survey Laboratory - Lincoln - NE","I2012USFL069",28.0,125.0,76.5,
"84d837af-c452-4dbf-8bf5-6fd93a6ad1d6","D03","OSBS","MEGAPT100989","3_ORDWAY_PIT1","3_ORDWAY_PIT1_A","3_ORDWAY_PIT1_0-7_BIOGEO_A","A",1.0,"Regular","2012-06-19","2012-06-19",0,0,97.0,2.0,1.0,,,1.0,1.0,2.5,22.8,62.7,8.5,0.5,5.1,0.10,0.40,5.0,1.002,4034,149,1424,135,86,39,182,60,407310,3,934,19,4.6,5.6,0.02,,,0.0,0.0,0.0,0.0,1.0,,0.0,2,,0.2,,0.2,,,,,,,,,,,,,,,,,,,"USDA NRCS Kellogg Soil Survey Laboratory - Lincoln - NE","I2012USFL069",0.0,7.0,3.5,
"fb5fcca3-5110-419b-9db4-2cd0a1906579","D03","OSBS","MEGAPT100989","3_ORDWAY_PIT1","3_ORDWAY_PIT1_BW1","3_ORDWAY_PIT1_7-28_BIOGEO_BW1","Bw1",1.0,"Regular","2012-06-19","2012-06-19",0,0,97.6,1.5,0.9,,,0.9,0.6,2.4,24.9,59.6,10.5,0.2,2.4,0.00,0.20,2.0,1.001,3131,64,1050,88,47,2,143,0,436488,2,659,16,4.8,5.7,0.02,,,0.0,0.0,0.0,0.0,0.6,,,,,0.1,,0.0,,,,,,,,,,,,,,,,,,,"USDA NRCS Kellogg Soil Survey Laboratory - Lincoln - NE","I2012USFL069",7.0,28.0,17.5,
