uid,domainID,siteID,pitNamedLocation,pitID,horizonID,horizonName,setDate,collectDate,archiveID,archiveLaboratoryName,archiveTopDepth,archiveBottomDepth,remarks,sampleMass
"3da78ed7-a077-41cd-85b7-8417bbad5701","D15","ONAQ","MEGAPT100987","15_ONAQUI_PIT1","15_ONAQUI_PIT1_BW","Bw","2014-06-02","2014-06-02","15_ONAQUI_PIT1_ARCHIVE_12-66_BW","NEON",12.0,66.0,,3590.9
"04d5a341-7396-49cd-b02f-0a5f6e34e4ac","D15","ONAQ","MEGAPT100987","15_ONAQUI_PIT1","15_ONAQUI_PIT1_A2","A2","2014-06-02","2014-06-02","15_ONAQUI_PIT1_ARCHIVE_4-12_A2","NEON",4.0,12.0,,3604.4
"b74aa27f-e6f6-4641-9e00-b0fade26f4a8","D15","ONAQ","MEGAPT100987","15_ONAQUI_PIT1","15_ONAQUI_PIT1_2CBK1","2CBk1","2014-06-02","2014-06-02","15_ONAQUI_PIT1_ARCHIVE_156-165_CBK2","NEON",156.0,165.0,,3602.2
"c81c2bdb-8032-4b39-9400-f8ddada8171e","D15","ONAQ","MEGAPT100987","15_ONAQUI_PIT1","15_ONAQUI_PIT1_BK","Bk","2014-06-02","2014-06-02","15_ONAQUI_PIT1_ARCHIVE_66-156_CBK","NEON",66.0,156.0,,3610.0
"a7538f42-2b4b-4a20-9df6-758631480cb3","D15","ONAQ","MEGAPT100987","15_ONAQUI_PIT1","15_ONAQUI_PIT1_3CBK3","3CBk3","2014-06-02","2014-06-02","15_ONAQUI_PIT1_ARCHIVE_196-200_3CBK","NEON",196.0,200.0,,3611.6
"6299c9f1-8ef8-4225-8eb5-06a98a93594d","D15","ONAQ","MEGAPT100987","15_ONAQUI_PIT1","15_ONAQUI_PIT1_2BKM","2Bkm","2014-06-02","2014-06-02","15_ONAQUI_PIT1_ARCHIVE_178-196_2BKM","NEON",178.0,196.0,,3614.0
"44705687-2c2b-494f-ac0a-8e031fa2a5e0","D15","ONAQ","MEGAPT100987","15_ONAQUI_PIT1","15_ONAQUI_PIT1_A1","A1","2014-06-02","2014-06-02","15_ONAQUI_PIT1_ARCHIVE_0-4_A1","NEON",0.0,4.0,,3602.5
"a8f76e5e-6a02-47c2-8bca-84de42f9fb59","D15","ONAQ","MEGAPT100987","15_ONAQUI_PIT1","15_ONAQUI_PIT1_2CBK2","2CBk2","2014-06-02","2014-06-02","15_ONAQUI_PIT1_ARCHIVE_165-178_2CBK3","NEON",165.0,178.0,,3602.8
