uid,domainID,siteID,pitNamedLocation,pitID,horizonID,bulkDensID,horizonName,setDate,collectDate,laboratoryName,labProjID,bulkDensCenterDepth,bulkDensTopDepth,bulkDensBottomDepth,bulkDensHorizonProportion,bulkDensSampleType,bulkDensExclCoarseFrag,remarks
"eb1d620b-3f89-427e-8db7-f17e82a996e5","D15","ONAQ","MEGAPT100987","15_ONAQUI_PIT1","15_ONAQUI_PIT1_BW","15_ONAQUI_PIT1_BULKD_25-35_BW","Bw","2014-06-02","2014-06-02","USDA NRCS Kellogg Soil Survey Laboratory - Lincoln - NE","I2014USUT057",30.0,25.0,35.0,1.0,"Regular",1.3438,
"4823e4a7-b5d9-4b0f-9f12-ab70727146f5","D15","ONAQ","MEGAPT100987","15_ONAQUI_PIT1","15_ONAQUI_PIT1_A2","15_ONAQUI_PIT1_BULKD_5-10_A2","A2","2014-06-02","2014-06-02","USDA NRCS Kellogg Soil Survey Laboratory - Lincoln - NE","I2014USUT057",7.5,5.0,10.0,1.0,"Regular",1.4092,"2x5cm long"
"a7730421-73f8-452c-a2ad-c9e8922d3921","D15","ONAQ","MEGAPT100987","15_ONAQUI_PIT1","15_ONAQUI_PIT1_2BKM","15_ONAQUI_PIT1_BULKD_179-182_2BKM","2Bkm","2014-06-02","2014-06-02","USDA NRCS Kellogg Soil Survey Laboratory - Lincoln - NE","I2014USUT057",180.5,179.0,182.0,1.0,"Regular",1.1494,"4x3cm long"
"135084d3-45c8-4e7d-be38-c8a5a0517aeb","D15","ONAQ","MEGAPT100987","15_ONAQUI_PIT1","15_ONAQUI_PIT1_3CBK3","15_ONAQUI_PIT1_BULKD_196-199_3CBK","3CBk3","2014-06-02","2014-06-02","USDA NRCS Kellogg Soil Survey Laboratory - Lincoln - NE","I2014USUT057",197.5,196.0,199.0,1.0,"Regular",0.9329,"4x3cm long"
"49f45761-d6cc-46a2-abf9-4929835500df","D15","ONAQ","MEGAPT100987","15_ONAQUI_PIT1","15_ONAQUI_PIT1_2CBK1","15_ONAQUI_PIT1_BULKD_157-162_CBK2","2CBk1","2014-06-02","2014-06-02","USDA NRCS Kellogg Soil Survey Laboratory - Lincoln - NE","I2014USUT057",159.5,157.0,162.0,1.0,"Regular",0.9332,"2x5cm long"
"0dec00cd-07ca-4a3f-a468-537034c62c6e","D15","ONAQ","MEGAPT100987","15_ONAQUI_PIT1","15_ONAQUI_PIT1_BK","15_ONAQUI_PIT1_BULKD_94-104_CBK","Bk","2014-06-02","2014-06-02","USDA NRCS Kellogg Soil Survey Laboratory - Lincoln - NE","I2014USUT057",99.0,94.0,104.0,1.0,"Regular",1.3029,
"78606d8f-6eee-4797-9cef-b8634db2f082","D15","ONAQ","MEGAPT100987","15_ONAQUI_PIT1","15_ONAQUI_PIT1_A1","15_ONAQUI_PIT1_BULKD_0-3_A1","A1","2014-06-02","2014-06-02","USDA NRCS Kellogg Soil Survey Laboratory - Lincoln - NE","I2014USUT057",1.5,0.0,3.0,1.0,"Regular",1.2342,"4x3cm long"
"2cc0b689-14e3-415f-afc7-2c8e1e76423b","D15","ONAQ","MEGAPT100987","15_ONAQUI_PIT1","15_ONAQUI_PIT1_2CBK2","15_ONAQUI_PIT1_BULKD_173-176_2CBK3","2CBk2","2014-06-02","2014-06-02","USDA NRCS Kellogg Soil Survey Laboratory - Lincoln - NE","I2014USUT057",174.5,173.0,176.0,1.0,"Regular",0.7966,"4x3cm long"
