uid,domainID,siteID,pitNamedLocation,pitID,horizonID,horizonName,setDate,collectDate,horizonTopDepth,horizonBottomDepth,nrcsDescriptionID,remarks
"916f7336-8275-4c8e-a287-ddbdf4405d24","D15","ONAQ","MEGAPT100987","15_ONAQUI_PIT1","15_ONAQUI_PIT1_BK","Bk","2014-06-02","2014-06-02",66.0,156.0,"14UT611001RJL",
"0dccdc02-9bb9-4bcf-ab68-b0c953cdfb36","D15","ONAQ","MEGAPT100987","15_ONAQUI_PIT1","15_ONAQUI_PIT1_BW","Bw","2014-06-02","2014-06-02",12.0,66.0,"14UT611001RJL",
"7f543f0b-0cbb-42b8-8bec-d4ccff868772","D15","ONAQ","MEGAPT100987","15_ONAQUI_PIT1","15_ONAQUI_PIT1_3CBK3","3CBk3","2014-06-02","2014-06-02",196.0,200.0,"14UT611001RJL",
"64cc567e-e993-4dbc-90c7-22d0943cee02","D15","ONAQ","MEGAPT100987","15_ONAQUI_PIT1","15_ONAQUI_PIT1_2BKM","2Bkm","2014-06-02","2014-06-02",178.0,196.0,"14UT611001RJL",
"661ec217-7cef-4e99-aa49-b27308d22d1a","D15","ONAQ","MEGAPT100987","15_ONAQUI_PIT1","15_ONAQUI_PIT1_2CBK1","2CBk1","2014-06-02","2014-06-02",156.0,165.0,"14UT611001RJL",
"9c2c30c9-53be-4f5c-a789-5d2ea50ee6dd","D15","ONAQ","MEGAPT100987","15_ONAQUI_PIT1","15_ONAQUI_PIT1_2CBK2","2CBk2","2014-06-02","2014-06-02",165.0,178.0,"14UT611001RJL",
"3fb3f371-ed81-4aa7-aebb-3182de386cf1","D15","ONAQ","MEGAPT100987","15_ONAQUI_PIT1","15_ONAQUI_PIT1_A1","A1","2014-06-02","2014-06-02",0.0,4.0,"14UT611001RJL",
"31f5c99d-4886-4fb9-aa47-2e4f3889ea57","D15","ONAQ","MEGAPT100987","15_ONAQUI_PIT1","15_ONAQUI_PIT1_A2","A2","2014-06-02","2014-06-02",4.0,12.0,"14UT611001RJL",
