uid,domainID,siteID,pitNamedLocation,pitID,horizonID,bulkDensID,horizonName,setDate,collectDate,laboratoryName,labProjID,bulkDensCenterDepth,bulkDensTopDepth,bulkDensBottomDepth,bulkDensHorizonProportion,bulkDensSampleType,bulkDensExclCoarseFrag,remarks
"55d047f5-ad81-4385-9391-81e7deaf293e","D06","UKFS","MEGAPT101000","6_UKFS_PIT1","6_UKFS_PIT1_2C1","6_UKFS_PIT1_BULKD_131-134_ZC1","2C1","2014-07-21","2014-07-21","USDA NRCS Kellogg Soil Survey Laboratory - Lincoln - NE","I2014USKS072",132.5,131.0,134.0,1.0,"Regular",1.6852,"4x3cm cores"
"38710bf1-2ce0-4a89-a0c8-75ea0a446f7c","D06","UKFS","MEGAPT101000","6_UKFS_PIT1","6_UKFS_PIT1_BT1","6_UKFS_PIT1_BULKD_30-40_BT1","Bt1","2014-07-21","2014-07-21","USDA NRCS Kellogg Soil Survey Laboratory - Lincoln - NE","I2014USKS072",35.0,30.0,40.0,1.0,"Regular",1.2489,
"3244f008-e40e-4394-99b9-b5c5b85ac137","D06","UKFS","MEGAPT101000","6_UKFS_PIT1","6_UKFS_PIT1_2BTK","6_UKFS_PIT1_BULKD_103-106_2BTK","2Btk","2014-07-21","2014-07-21","USDA NRCS Kellogg Soil Survey Laboratory - Lincoln - NE","I2014USKS072",104.5,103.0,106.0,1.0,"Regular",1.7252,"4x3cm cores"
"8489efb0-dd43-49d6-987d-5602c3a1b5f4","D06","UKFS","MEGAPT101000","6_UKFS_PIT1","6_UKFS_PIT1_A2","6_UKFS_PIT1_BULKD_16-26_A2","A2","2014-07-21","2014-07-21","USDA NRCS Kellogg Soil Survey Laboratory - Lincoln - NE","I2014USKS072",21.0,16.0,26.0,1.0,"Regular",1.1057,
"a4ced718-dd2a-4ee7-9322-fe658f5181c0","D06","UKFS","MEGAPT101000","6_UKFS_PIT1","6_UKFS_PIT1_2C2","6_UKFS_PIT1_BULKD_155-158_2C2","2C2","2014-07-21","2014-07-21","USDA NRCS Kellogg Soil Survey Laboratory - Lincoln - NE","I2014USKS072",156.5,155.0,158.0,1.0,"Regular",1.6763,"4x3cm cores"
"c6ab9608-a139-412f-8c06-40dbf2e19abc","D06","UKFS","MEGAPT101000","6_UKFS_PIT1","6_UKFS_PIT1_BT2","6_UKFS_PIT1_BULKD_45-55_BT2","Bt2","2014-07-21","2014-07-21","USDA NRCS Kellogg Soil Survey Laboratory - Lincoln - NE","I2014USKS072",50.0,45.0,55.0,1.0,"Regular",1.3926,
"e978d158-8fd0-41ac-9354-2e8eb0abb60f","D06","UKFS","MEGAPT101000","6_UKFS_PIT1","6_UKFS_PIT1_A1","6_UKFS_PIT1_BULKD_0-10_A1","A1","2014-07-21","2014-07-21","USDA NRCS Kellogg Soil Survey Laboratory - Lincoln - NE","I2014USKS072",5.0,0.0,10.0,1.0,"Regular",1.1198,
"c6d97ba3-6a05-4ad2-b1cf-252ca0d4db07","D06","UKFS","MEGAPT101000","6_UKFS_PIT1","6_UKFS_PIT1_2BT3","6_UKFS_PIT1_BULKD_80-83_ZBT3","2Bt3","2014-07-21","2014-07-21","USDA NRCS Kellogg Soil Survey Laboratory - Lincoln - NE","I2014USKS072",81.5,80.0,83.0,1.0,"Regular",1.6210,"4x3cm cores"
