uid,domainID,siteID,pitNamedLocation,pitID,horizonID,horizonName,setDate,collectDate,archiveID,archiveLaboratoryName,archiveTopDepth,archiveBottomDepth,remarks,sampleMass
"09291d2e-c07e-4944-ab7e-e806b2b4cd7c","D06","UKFS","MEGAPT101000","6_UKFS_PIT1","6_UKFS_PIT1_BT2","Bt2","2014-07-21","2014-07-21","6_UKFS_PIT1_ARCHIVE_43-76_BT2","NEON",43.0,76.0,,3600.6
"11c6f41b-0c4a-422c-9bac-e81988994c80","D06","UKFS","MEGAPT101000","6_UKFS_PIT1","6_UKFS_PIT1_BT1","Bt1","2014-07-21","2014-07-21","6_UKFS_PIT1_ARCHIVE_28-43_BT1","NEON",28.0,43.0,,3602.2
"7c155332-2901-4393-a9ae-d7a671e06c00","D06","UKFS","MEGAPT101000","6_UKFS_PIT1","6_UKFS_PIT1_2BT3","2Bt3","2014-07-21","2014-07-21","6_UKFS_PIT1_ARCHIVE_76-101_2BT3","NEON",76.0,101.0,,3602.2
"54e4f666-aa2f-44c5-becf-f6ba4c1bf9d8","D06","UKFS","MEGAPT101000","6_UKFS_PIT1","6_UKFS_PIT1_2C2","2C2","2014-07-21","2014-07-21","6_UKFS_PIT1_ARCHIVE_148-200_2C2","NEON",148.0,200.0,,4048.0
"71230c10-e60b-44df-80d4-75d9cbe9e677","D06","UKFS","MEGAPT101000","6_UKFS_PIT1","6_UKFS_PIT1_A1","A1","2014-07-21","2014-07-21","6_UKFS_PIT1_ARCHIVE_0-13_A1","NEON",0.0,13.0,,3890.4
"74f46df9-e19a-4eae-bfac-cc1b1f33cf8a","D06","UKFS","MEGAPT101000","6_UKFS_PIT1","6_UKFS_PIT1_2BTK","2Btk","2014-07-21","2014-07-21","6_UKFS_PIT1_ARCHIVE_101-121_2BTK","NEON",101.0,121.0,,3601.6
"d8c62b44-92f1-4d0f-a5f5-ba2a82ce922c","D06","UKFS","MEGAPT101000","6_UKFS_PIT1","6_UKFS_PIT1_A2","A2","2014-07-21","2014-07-21","6_UKFS_PIT1_ARCHIVE_13-28_A2","NEON",13.0,28.0,,3604.0
"24d69844-771f-4b17-8a3f-f144de883551","D06","UKFS","MEGAPT101000","6_UKFS_PIT1","6_UKFS_PIT1_2C1","2C1","2014-07-21","2014-07-21","6_UKFS_PIT1_ARCHIVE_121-148_2C1","NEON",121.0,148.0,,3600.8
