uid,domainID,siteID,pitNamedLocation,pitID,horizonID,horizonName,setDate,collectDate,horizonTopDepth,horizonBottomDepth,nrcsDescriptionID,remarks
"1bf10cc4-2a1c-477b-b5f5-c97960d7b7a3","D06","UKFS","MEGAPT101000","6_UKFS_PIT1","6_UKFS_PIT1_BT2","Bt2","2014-07-21","2014-07-21",43.0,76.0,"S2014KS045001",
"2d264e39-e0f6-4e98-9196-d17f9dd55a93","D06","UKFS","MEGAPT101000","6_UKFS_PIT1","6_UKFS_PIT1_2BT3","2Bt3","2014-07-21","2014-07-21",76.0,101.0,"S2014KS045001",
"cb8c8a17-1dcd-4547-bb99-e7474fa7e235","D06","UKFS","MEGAPT101000","6_UKFS_PIT1","6_UKFS_PIT1_A2","A2","2014-07-21","2014-07-21",13.0,28.0,"S2014KS045001",
"3a1d9c03-4b1b-45d8-b18c-cf30985ebe33","D06","UKFS","MEGAPT101000","6_UKFS_PIT1","6_UKFS_PIT1_2C1","2C1","2014-07-21","2014-07-21",121.0,148.0,"S2014KS045001",
"7250d9a1-6fe0-4585-8729-0bfcce588c08","D06","UKFS","MEGAPT101000","6_UKFS_PIT1","6_UKFS_PIT1_2C2","2C2","2014-07-21","2014-07-21",148.0,200.0,"S2014KS045001",
"fcc38a9b-9844-4aa7-ab18-74167f2f9ec7","D06","UKFS","MEGAPT101000","6_UKFS_PIT1","6_UKFS_PIT1_BT1","Bt1","2014-07-21","2014-07-21",28.0,43.0,"S2014KS045001",
"1059601b-9821-4a70-9d51-f7be8039fc84","D06","UKFS","MEGAPT101000","6_UKFS_PIT1","6_UKFS_PIT1_A1","A1","2014-07-21","2014-07-21",0.0,13.0,"S2014KS045001",
"8576364e-ce7c-4576-ab48-09d7b3fc4dae","D06","UKFS","MEGAPT101000","6_UKFS_PIT1","6_UKFS_PIT1_2BTK","2Btk","2014-07-21","2014-07-21",101.0,121.0,"S2014KS045001",
