uid,namedLocation,domainID,siteID,plotID,nrcsDescriptionID,collectDate,horizonID,horizonName,biogeoIDnrcs,biogeoSampleType,biogeoTopDepth,biogeoBottomDepth,biogeoCenterDepth,particleSizeDistProcessedDate,particleSizeDistMethodPub,particleSizeDistMethod,coarseFrag2To5,coarseFrag5To20,sandTotal,siltTotal,clayTotal,carbonateClay,clayFineContent,siltFineContent,siltCoarseContent,sandVeryFineContent,sandFineContent,sandMediumContent,sandCoarseContent,sandVeryCoarseContent,laboratoryName,dataQF
"eae6d3e8-d3b6-483b-9834-22d694e44202","ABBY_002.basePlot.all","D16","ABBY","ABBY_002","S2017WA011002","2017-07-17","17N04445","Bw3","S2017WA011002-6","bulk",67.0,100.0,83.5,"2018-05-01","Kellogg Soil Survey Laboratory Methods Manual, Soil Survey Investigations Report No. 42 Version 5.0, Issued 2014","Routine Particle Size Distribution (3A1a1a)",0.0,0.0,27.6,39.4,33.0,,,28.0,11.4,7.2,6.1,6.0,5.2,3.1,"USDA NRCS Kellogg Soil Survey Laboratory",
"14606f30-0f4c-4a09-988b-25ae14b6ab90","ABBY_002.basePlot.all","D16","ABBY","ABBY_002","S2017WA011002","2017-07-17","17N04441","A1","S2017WA011002-2","bulk",1.0,15.0,8.0,"2018-05-01","Kellogg Soil Survey Laboratory Methods Manual, Soil Survey Investigations Report No. 42 Version 5.0, Issued 2014","Routine Particle Size Distribution (3A1a1a)",127.8,333.6,33.0,39.4,27.6,,,29.4,10.0,6.5,7.5,5.3,5.3,8.4,"USDA NRCS Kellogg Soil Survey Laboratory",
"ae63917c-a6a4-4393-9f4f-1c92714dbbe6","ABBY_002.basePlot.all","D16","ABBY","ABBY_002","S2017WA011002","2017-07-17","17N04443","Bw1","S2017WA011002-4","bulk",31.0,48.0,39.5,"2018-05-01","Kellogg Soil Survey Laboratory Methods Manual, Soil Survey Investigations Report No. 42 Version 5.0, Issued 2014","Routine Particle Size Distribution (3A1a1a)",59.9,78.0,28.9,44.2,26.9,,,32.7,11.5,6.8,8.8,6.2,3.8,3.3,"USDA NRCS Kellogg Soil Survey Laboratory",
"d4e4fb15-08c0-4199-adfd-7d9e152ee3db","ABBY_002.basePlot.all","D16","ABBY","ABBY_002","S2017WA011002","2017-07-17","17N04440","Oi","S2017WA011002-1","bulk",0.0,1.0,0.5,,,,37.4,39.6,,,,,,,,,,,,,"USDA NRCS Kellogg Soil Survey Laboratory",
"3e11b81a-59ec-415e-a9df-8afb01d949f5","ABBY_002.basePlot.all","D16","ABBY","ABBY_002","S2017WA011002","2017-07-17","17N04442","A2","S2017WA011002-3","bulk",15.0,31.0,23.0,"2018-05-01","Kellogg Soil Survey Laboratory Methods Manual, Soil Survey Investigations Report No. 42 Version 5.0, Issued 2014","Routine Particle Size Distribution (3A1a1a)",105.5,158.9,30.6,41.3,28.1,,,29.4,11.9,7.9,8.6,5.0,4.5,4.6,"USDA NRCS Kellogg Soil Survey Laboratory",
"183296f3-6dad-409a-9bb3-4a921e938701","ABBY_002.basePlot.all","D16","ABBY","ABBY_002","S2017WA011002","2017-07-17","17N04444","Bw2","S2017WA011002-5","bulk",48.0,67.0,57.5,"2018-05-01","Kellogg Soil Survey Laboratory Methods Manual, Soil Survey Investigations Report No. 42 Version 5.0, Issued 2014","Routine Particle Size Distribution (3A1a1a)",99.7,105.3,25.8,40.4,33.8,,,28.8,11.6,6.3,7.2,5.3,3.8,3.2,"USDA NRCS Kellogg Soil Survey Laboratory",
"8fcd4ce7-fbc2-4057-94a3-a56ca5b4f3c0","ABBY_028.basePlot.all","D16","ABBY","ABBY_028","S2017WA011028","2017-07-18","17N04497","A1","S2017WA011028-1","bulk",0.0,14.0,7.0,"2018-05-09","Kellogg Soil Survey Laboratory Methods Manual, Soil Survey Investigations Report No. 42 Version 5.0, Issued 2014","Routine Particle Size Distribution (3A1a1a)",24.8,105.1,29.3,41.3,29.4,,,30.5,10.8,6.1,5.6,5.0,6.1,6.5,"USDA NRCS Kellogg Soil Survey Laboratory",
"e1334ab6-71d1-497c-8115-c762d6f4b520","ABBY_008.basePlot.all","D16","ABBY","ABBY_008","S2017WA011008","2017-07-18","17N04453","A2","S2017WA011008-3","bulk",16.0,34.0,25.0,"2018-05-01","Kellogg Soil Survey Laboratory Methods Manual, Soil Survey Investigations Report No. 42 Version 5.0, Issued 2014","Routine Particle Size Distribution (3A1a1a)",57.1,0.0,31.9,33.9,34.2,,,25.6,8.3,7.3,9.7,7.4,4.1,3.4,"USDA NRCS Kellogg Soil Survey Laboratory",
"c6547821-77b6-429a-876e-c238d4fefb92","ABBY_026.basePlot.all","D16","ABBY","ABBY_026","S2017WA011026","2017-07-18","17N04495","Bw2","S2017WA011026-4","bulk",51.0,71.0,61.0,"2018-05-09","Kellogg Soil Survey Laboratory Methods Manual, Soil Survey Investigations Report No. 42 Version 5.0, Issued 2014","Routine Particle Size Distribution (3A1a1a)",13.6,4.5,19.4,45.3,35.3,,,36.9,8.4,5.7,5.9,3.6,2.8,1.4,"USDA NRCS Kellogg Soil Survey Laboratory",
"9ea4990c-75d7-418c-aa5c-dbfd47852c25","ABBY_008.basePlot.all","D16","ABBY","ABBY_008","S2017WA011008","2017-07-18","17N04454","AB","S2017WA011008-4","bulk",34.0,61.0,47.5,"2018-05-01","Kellogg Soil Survey Laboratory Methods Manual, Soil Survey Investigations Report No. 42 Version 5.0, Issued 2014","Routine Particle Size Distribution (3A1a1a)",32.3,0.0,27.9,33.5,38.6,,,25.0,8.5,7.5,9.2,6.6,3.1,1.5,"USDA NRCS Kellogg Soil Survey Laboratory",
"a826b609-faf4-4c37-a8b1-0016ec7f1cc8","ABBY_028.basePlot.all","D16","ABBY","ABBY_028","S2017WA011028","2017-07-18","17N04500","2BC","S2017WA011028-4","bulk",51.0,85.0,68.0,"2018-05-09","Kellogg Soil Survey Laboratory Methods Manual, Soil Survey Investigations Report No. 42 Version 5.0, Issued 2014","Routine Particle Size Distribution (3A1a1a)",47.8,372.0,28.8,41.2,30.0,,,31.1,10.1,5.5,6.0,5.2,6.0,6.1,"USDA NRCS Kellogg Soil Survey Laboratory",
"00c8f5a4-5e63-424d-8c63-16f38ae8eed3","ABBY_026.basePlot.all","D16","ABBY","ABBY_026","S2017WA011026","2017-07-18","17N04492","A","S2017WA011026-1","bulk",0.0,7.0,3.5,"2018-05-09","Kellogg Soil Survey Laboratory Methods Manual, Soil Survey Investigations Report No. 42 Version 5.0, Issued 2014","Routine Particle Size Distribution (3A1a1a)",50.6,12.1,22.8,41.9,35.3,,,33.6,8.3,5.9,5.3,5.0,3.1,3.5,"USDA NRCS Kellogg Soil Survey Laboratory",
"9d863748-3ebd-447f-b32d-12b3a288fc79","ABBY_017.basePlot.all","D16","ABBY","ABBY_017","S2017WA011017","2017-07-18","17N04471","AB","S2017WA011017-3","bulk",19.0,36.0,27.5,"2018-05-06","Kellogg Soil Survey Laboratory Methods Manual, Soil Survey Investigations Report No. 42 Version 5.0, Issued 2014","Routine Particle Size Distribution (3A1a1a)",56.6,16.2,31.4,35.8,32.8,,,27.3,8.5,11.6,11.4,5.1,1.6,1.7,"USDA NRCS Kellogg Soil Survey Laboratory",
"780904d8-58bd-4506-bf0e-9b4e804d40b2","ABBY_008.basePlot.all","D16","ABBY","ABBY_008","S2017WA011008","2017-07-18","17N04452","A1","S2017WA011008-2","bulk",3.0,16.0,9.5,"2018-05-01","Kellogg Soil Survey Laboratory Methods Manual, Soil Survey Investigations Report No. 42 Version 5.0, Issued 2014","Routine Particle Size Distribution (3A1a1a)",84.0,0.0,33.4,33.8,32.8,,,24.7,9.1,8.2,10.2,6.7,4.9,3.4,"USDA NRCS Kellogg Soil Survey Laboratory",
"3ac94582-fd29-4b24-b0b6-b656c72b41b6","ABBY_007.basePlot.all","D16","ABBY","ABBY_007","S2017WA011007","2017-07-18","17N04447","A1","S2017WA011007-2","bulk",3.0,26.0,14.5,"2018-05-01","Kellogg Soil Survey Laboratory Methods Manual, Soil Survey Investigations Report No. 42 Version 5.0, Issued 2014","Routine Particle Size Distribution (3A1a1a)",147.2,270.5,37.3,40.9,21.8,,,28.1,12.8,10.3,9.2,5.1,5.4,7.3,"USDA NRCS Kellogg Soil Survey Laboratory",
"dc0cfe02-c3a7-4e48-a45c-07c30fd1809f","ABBY_007.basePlot.all","D16","ABBY","ABBY_007","S2017WA011007","2017-07-18","17N04446","Oi","S2017WA011007-1","bulk",0.0,3.0,1.5,,,,0.0,0.0,,,,,,,,,,,,,"USDA NRCS Kellogg Soil Survey Laboratory",
"c7bf5a45-d037-4ece-b501-b9f7a5599f30","ABBY_026.basePlot.all","D16","ABBY","ABBY_026","S2017WA011026","2017-07-18","17N04493","BA","S2017WA011026-2","bulk",7.0,19.0,13.0,"2018-05-09","Kellogg Soil Survey Laboratory Methods Manual, Soil Survey Investigations Report No. 42 Version 5.0, Issued 2014","Routine Particle Size Distribution (3A1a1a)",0.0,3.9,22.4,43.0,34.6,,,35.6,7.4,5.7,6.3,5.0,3.4,2.0,"USDA NRCS Kellogg Soil Survey Laboratory",
"0498af5e-108a-4ba9-b1cc-f92d66b16b4c","ABBY_007.basePlot.all","D16","ABBY","ABBY_007","S2017WA011007","2017-07-18","17N04449","Bw1","S2017WA011007-4","bulk",53.0,69.0,61.0,"2018-05-01","Kellogg Soil Survey Laboratory Methods Manual, Soil Survey Investigations Report No. 42 Version 5.0, Issued 2014","Routine Particle Size Distribution (3A1a1a)",71.1,26.2,29.3,33.7,37.0,,,23.8,9.9,7.6,6.4,4.2,4.7,6.4,"USDA NRCS Kellogg Soil Survey Laboratory",
"8d506544-bf0b-4c4a-8f8d-e46394ddd9ec","ABBY_008.basePlot.all","D16","ABBY","ABBY_008","S2017WA011008","2017-07-18","17N04451","Oi","S2017WA011008-1","bulk",0.0,3.0,1.5,,,,0.0,0.0,,,,,,,,,,,,,"USDA NRCS Kellogg Soil Survey Laboratory",
"cab86c80-aa64-4cee-a742-eb5783c6d018","ABBY_028.basePlot.all","D16","ABBY","ABBY_028","S2017WA011028","2017-07-18","17N04499","Bw","S2017WA011028-3","bulk",36.0,51.0,43.5,"2018-05-09","Kellogg Soil Survey Laboratory Methods Manual, Soil Survey Investigations Report No. 42 Version 5.0, Issued 2014","Routine Particle Size Distribution (3A1a1a)",19.6,73.6,27.3,46.8,25.9,,,36.4,10.4,6.1,6.1,4.6,4.6,5.9,"USDA NRCS Kellogg Soil Survey Laboratory",
"7bb72745-e608-470e-90f4-77eca41e1391","ABBY_007.basePlot.all","D16","ABBY","ABBY_007","S2017WA011007","2017-07-18","17N04450","Bw2","S2017WA011007-5","bulk",69.0,100.0,84.5,"2018-05-01","Kellogg Soil Survey Laboratory Methods Manual, Soil Survey Investigations Report No. 42 Version 5.0, Issued 2014","Routine Particle Size Distribution (3A1a1a)",83.3,63.7,29.0,31.1,39.9,,,22.8,8.3,7.2,6.0,4.6,5.5,5.7,"USDA NRCS Kellogg Soil Survey Laboratory",
"bce8ae20-10d2-41f7-865a-592de1278abe","ABBY_008.basePlot.all","D16","ABBY","ABBY_008","S2017WA011008","2017-07-18","17N04455","Bw","S2017WA011008-5","bulk",61.0,100.0,80.5,"2018-05-01","Kellogg Soil Survey Laboratory Methods Manual, Soil Survey Investigations Report No. 42 Version 5.0, Issued 2014","Routine Particle Size Distribution (3A1a1a)",48.7,0.0,27.8,30.9,41.3,,,23.1,7.8,7.7,8.7,7.1,2.9,1.4,"USDA NRCS Kellogg Soil Survey Laboratory",
"dac06372-e165-450c-9751-11564e2276a7","ABBY_007.basePlot.all","D16","ABBY","ABBY_007","S2017WA011007","2017-07-18","17N04448","A2","S2017WA011007-3","bulk",26.0,53.0,39.5,"2018-05-01","Kellogg Soil Survey Laboratory Methods Manual, Soil Survey Investigations Report No. 42 Version 5.0, Issued 2014","Routine Particle Size Distribution (3A1a1a)",94.0,72.2,32.2,42.4,25.4,,,31.1,11.3,8.2,8.7,5.5,4.2,5.6,"USDA NRCS Kellogg Soil Survey Laboratory",
"9096dd38-0f6a-4fa8-94f8-8117bb4b18a0","ABBY_028.basePlot.all","D16","ABBY","ABBY_028","S2017WA011028","2017-07-18","17N04498","A2","S2017WA011028-2","bulk",14.0,36.0,25.0,"2018-05-09","Kellogg Soil Survey Laboratory Methods Manual, Soil Survey Investigations Report No. 42 Version 5.0, Issued 2014","Routine Particle Size Distribution (3A1a1a)",33.2,38.6,25.4,43.4,31.2,,,31.6,11.8,5.8,6.3,4.4,3.6,5.3,"USDA NRCS Kellogg Soil Survey Laboratory",
"59b0e755-9629-4883-b4e7-99d691390d22","ABBY_026.basePlot.all","D16","ABBY","ABBY_026","S2017WA011026","2017-07-18","17N04494","Bw1","S2017WA011026-3","bulk",19.0,51.0,35.0,"2018-05-09","Kellogg Soil Survey Laboratory Methods Manual, Soil Survey Investigations Report No. 42 Version 5.0, Issued 2014","Routine Particle Size Distribution (3A1a1a)",15.5,2.7,20.3,43.5,36.2,,,35.6,7.9,5.8,7.0,4.1,2.2,1.2,"USDA NRCS Kellogg Soil Survey Laboratory",
"294c027d-e8b5-4adc-9db7-ba493d83249a","ABBY_017.basePlot.all","D16","ABBY","ABBY_017","S2017WA011017","2017-07-18","17N04473","Bw2","S2017WA011017-5","bulk",62.0,78.0,70.0,"2018-05-06","Kellogg Soil Survey Laboratory Methods Manual, Soil Survey Investigations Report No. 42 Version 5.0, Issued 2014","Routine Particle Size Distribution (3A1a1a)",26.8,16.5,31.6,35.9,32.5,,,27.1,8.8,8.9,11.6,6.1,2.7,2.3,"USDA NRCS Kellogg Soil Survey Laboratory",
"3bcbb84e-40ac-4e08-a47e-ac90800af891","ABBY_017.basePlot.all","D16","ABBY","ABBY_017","S2017WA011017","2017-07-18","17N04474","Bw3","S2017WA011017-6","bulk",78.0,100.0,89.0,"2018-05-06","Kellogg Soil Survey Laboratory Methods Manual, Soil Survey Investigations Report No. 42 Version 5.0, Issued 2014","Routine Particle Size Distribution (3A1a1a)",37.0,20.7,32.0,36.0,32.0,,,27.5,8.5,11.9,11.8,4.5,1.9,1.9,"USDA NRCS Kellogg Soil Survey Laboratory",
"80de861a-4463-40b3-a5a5-c95ad73a118a","ABBY_026.basePlot.all","D16","ABBY","ABBY_026","S2017WA011026","2017-07-18","17N04496","2C","S2017WA011026-5","bulk",71.0,100.0,85.5,"2018-05-09","Kellogg Soil Survey Laboratory Methods Manual, Soil Survey Investigations Report No. 42 Version 5.0, Issued 2014","Routine Particle Size Distribution (3A1a1a)",0.0,0.0,31.3,48.9,19.8,,,39.6,9.3,8.7,7.7,6.5,5.5,2.9,"USDA NRCS Kellogg Soil Survey Laboratory",
"677c909b-bcb5-4ae2-a794-2763706654b7","ABBY_017.basePlot.all","D16","ABBY","ABBY_017","S2017WA011017","2017-07-18","17N04472","Bw1","S2017WA011017-4","bulk",36.0,62.0,49.0,"2018-05-06","Kellogg Soil Survey Laboratory Methods Manual, Soil Survey Investigations Report No. 42 Version 5.0, Issued 2014","Routine Particle Size Distribution (3A1a1a)",20.9,20.6,33.6,34.8,31.6,,,26.6,8.2,9.9,13.8,3.3,3.4,3.2,"USDA NRCS Kellogg Soil Survey Laboratory",
"cc429e16-5224-4b29-987c-23f6767c4a6f","ABBY_017.basePlot.all","D16","ABBY","ABBY_017","S2017WA011017","2017-07-18","17N04469","Oi","S2017WA011017-1","bulk",0.0,7.0,3.5,,,,0.0,0.0,,,,,,,,,,,,,"USDA NRCS Kellogg Soil Survey Laboratory",
"7e5c52f5-f5ae-413c-9aa4-30741c06d13e","ABBY_017.basePlot.all","D16","ABBY","ABBY_017","S2017WA011017","2017-07-18","17N04470","A","S2017WA011017-2","bulk",7.0,19.0,13.0,"2018-05-06","Kellogg Soil Survey Laboratory Methods Manual, Soil Survey Investigations Report No. 42 Version 5.0, Issued 2014","Routine Particle Size Distribution (3A1a1a)",70.5,45.4,39.7,32.7,27.6,,,25.2,7.5,12.2,13.3,5.2,3.8,5.2,"USDA NRCS Kellogg Soil Survey Laboratory",
"1f7893f9-fdba-47bc-9dc8-c353335b06fd","ABBY_023.basePlot.all","D16","ABBY","ABBY_023","S2017WA011023","2017-07-19","17N04490","Bw1","S2017WA011023-2","bulk",21.0,46.0,33.5,"2018-05-09","Kellogg Soil Survey Laboratory Methods Manual, Soil Survey Investigations Report No. 42 Version 5.0, Issued 2014","Routine Particle Size Distribution (3A1a1a)",24.8,11.8,24.0,42.7,33.3,,,32.5,10.2,5.6,7.0,4.8,3.7,2.9,"USDA NRCS Kellogg Soil Survey Laboratory",
"d366fb89-a8ad-45a6-8c48-e88c822b7486","ABBY_019.basePlot.all","D16","ABBY","ABBY_019","S2017WA011019","2017-07-19","17N04476","AB","S2017WA011019-2","bulk",9.0,25.0,17.0,"2018-05-06","Kellogg Soil Survey Laboratory Methods Manual, Soil Survey Investigations Report No. 42 Version 5.0, Issued 2014","Routine Particle Size Distribution (3A1a1a)",47.4,15.0,34.0,38.6,27.4,,,29.3,9.3,8.9,12.4,7.3,3.0,2.4,"USDA NRCS Kellogg Soil Survey Laboratory",
"9c125e58-cac7-4d2b-951b-172d1501fde5","ABBY_020.basePlot.all","D16","ABBY","ABBY_020","S2017WA011020","2017-07-19","17N04480","A1","S2017WA011020-2","bulk",3.0,18.0,10.5,"2018-05-06","Kellogg Soil Survey Laboratory Methods Manual, Soil Survey Investigations Report No. 42 Version 5.0, Issued 2014","Routine Particle Size Distribution (3A1a1a)",235.5,254.6,40.8,37.5,21.7,,,28.6,8.9,8.3,9.8,9.3,6.2,7.2,"USDA NRCS Kellogg Soil Survey Laboratory",
"9ad568c5-5ca5-4be0-93ce-111e56966234","ABBY_019.basePlot.all","D16","ABBY","ABBY_019","S2017WA011019","2017-07-19","17N04477","Bw1","S2017WA011019-3","bulk",25.0,69.0,47.0,"2018-05-06","Kellogg Soil Survey Laboratory Methods Manual, Soil Survey Investigations Report No. 42 Version 5.0, Issued 2014","Routine Particle Size Distribution (3A1a1a)",11.1,0.0,26.0,35.8,38.2,,,26.2,9.6,7.6,10.9,4.4,2.2,0.9,"USDA NRCS Kellogg Soil Survey Laboratory",
"962c8599-f236-4a65-aa72-585a94f8779e","ABBY_020.basePlot.all","D16","ABBY","ABBY_020","S2017WA011020","2017-07-19","17N04483","2Bw2","S2017WA011020-5","bulk",89.0,100.0,94.5,"2018-05-06","Kellogg Soil Survey Laboratory Methods Manual, Soil Survey Investigations Report No. 42 Version 5.0, Issued 2014","Routine Particle Size Distribution (3A1a1a)",62.2,104.4,32.0,35.2,32.8,,,28.3,6.9,7.4,7.6,7.9,5.5,3.6,"USDA NRCS Kellogg Soil Survey Laboratory",
"5fc91342-81c1-43fc-8c42-3572a989085f","ABBY_020.basePlot.all","D16","ABBY","ABBY_020","S2017WA011020","2017-07-19","17N04482","2Bw1","S2017WA011020-4","bulk",46.0,89.0,67.5,"2018-05-06","Kellogg Soil Survey Laboratory Methods Manual, Soil Survey Investigations Report No. 42 Version 5.0, Issued 2014","Routine Particle Size Distribution (3A1a1a)",114.9,152.4,35.3,40.5,24.2,,,31.5,9.0,7.3,9.1,7.9,6.5,4.5,"USDA NRCS Kellogg Soil Survey Laboratory",
"703a7301-252d-4da1-926a-45005c21e4f5","ABBY_019.basePlot.all","D16","ABBY","ABBY_019","S2017WA011019","2017-07-19","17N04478","Bw2","S2017WA011019-4","bulk",69.0,100.0,84.5,"2018-05-06","Kellogg Soil Survey Laboratory Methods Manual, Soil Survey Investigations Report No. 42 Version 5.0, Issued 2014","Routine Particle Size Distribution (3A1a1a)",17.8,0.4,24.6,36.3,39.1,,,27.4,8.9,7.6,9.3,4.9,1.6,1.2,"USDA NRCS Kellogg Soil Survey Laboratory",
"8b79f98a-eced-46d2-9c16-272224b930ef","ABBY_009.basePlot.all","D16","ABBY","ABBY_009","S2017WA011009","2017-07-19","17N04457","A2","S2017WA011009-2","bulk",7.0,25.0,16.0,"2018-05-01","Kellogg Soil Survey Laboratory Methods Manual, Soil Survey Investigations Report No. 42 Version 5.0, Issued 2014","Routine Particle Size Distribution (3A1a1a)",140.5,155.0,35.1,45.0,19.9,,,33.9,11.1,8.2,8.3,7.2,6.2,5.2,"USDA NRCS Kellogg Soil Survey Laboratory",
"0661b5a5-a5ad-4f5a-a944-87a5ad073b51","ABBY_063.basePlot.all","D16","ABBY","ABBY_063","S2017WA011063","2017-07-19","17N04505","Bw2","S2017WA011063-5","bulk",79.0,100.0,89.5,"2018-05-09","Kellogg Soil Survey Laboratory Methods Manual, Soil Survey Investigations Report No. 42 Version 5.0, Issued 2014","Routine Particle Size Distribution (3A1a1a)",36.7,34.1,31.9,34.8,33.3,,,25.3,9.5,7.9,7.1,7.2,6.2,3.5,"USDA NRCS Kellogg Soil Survey Laboratory",
"20465b09-c137-454b-8bcb-2ee749c97d6d","ABBY_020.basePlot.all","D16","ABBY","ABBY_020","S2017WA011020","2017-07-19","17N04479","Oi","S2017WA011020-1","bulk",0.0,3.0,1.5,,,,0.0,92.4,,,,,,,,,,,,,"USDA NRCS Kellogg Soil Survey Laboratory",
"7513250a-a5e2-4a59-ade5-2b418acef2b0","ABBY_063.basePlot.all","D16","ABBY","ABBY_063","S2017WA011063","2017-07-19","17N04501","Oi","S2017WA011063-1","bulk",0.0,2.0,1.0,,,,0.0,0.0,,,,,,,,,,,,,"USDA NRCS Kellogg Soil Survey Laboratory",
"f913557c-a129-4e3e-9b2d-295fcb9fd0fd","ABBY_023.basePlot.all","D16","ABBY","ABBY_023","S2017WA011023","2017-07-19","17N04491","2Bw2","S2017WA011023-3","bulk",46.0,100.0,73.0,"2018-05-09","Kellogg Soil Survey Laboratory Methods Manual, Soil Survey Investigations Report No. 42 Version 5.0, Issued 2014","Routine Particle Size Distribution (3A1a1a)",3.0,26.9,28.7,38.9,32.4,,,28.9,10.0,6.1,6.5,5.2,6.4,4.5,"USDA NRCS Kellogg Soil Survey Laboratory",
"bfc05192-ec63-4f98-b692-3f0113c37ace","ABBY_009.basePlot.all","D16","ABBY","ABBY_009","S2017WA011009","2017-07-19","17N04459","Bw","S2017WA011009-4","bulk",57.0,100.0,78.5,"2018-05-01","Kellogg Soil Survey Laboratory Methods Manual, Soil Survey Investigations Report No. 42 Version 5.0, Issued 2014","Routine Particle Size Distribution (3A1a1a)",141.5,439.4,30.3,40.7,29.0,,,31.5,9.2,6.3,6.3,7.4,5.6,4.7,"USDA NRCS Kellogg Soil Survey Laboratory",
"eac50628-ae63-400f-8abc-a27a72071aab","ABBY_063.basePlot.all","D16","ABBY","ABBY_063","S2017WA011063","2017-07-19","17N04504","Bw1","S2017WA011063-4","bulk",48.0,79.0,63.5,"2018-05-09","Kellogg Soil Survey Laboratory Methods Manual, Soil Survey Investigations Report No. 42 Version 5.0, Issued 2014","Routine Particle Size Distribution (3A1a1a)",56.7,67.7,33.8,35.7,30.5,,,25.4,10.3,7.8,9.5,7.4,5.9,3.2,"USDA NRCS Kellogg Soil Survey Laboratory",
"fff0ee74-4617-444b-a317-e0773aec4e5b","ABBY_009.basePlot.all","D16","ABBY","ABBY_009","S2017WA011009","2017-07-19","17N04456","A1","S2017WA011009-1","bulk",0.0,7.0,3.5,"2018-05-01","Kellogg Soil Survey Laboratory Methods Manual, Soil Survey Investigations Report No. 42 Version 5.0, Issued 2014","Routine Particle Size Distribution (3A1a1a)",130.4,227.8,35.0,39.3,25.7,,,28.8,10.5,6.9,8.3,6.9,5.7,7.2,"USDA NRCS Kellogg Soil Survey Laboratory",
"10bb7a9f-4720-45a0-b1b4-c4f2dc829140","ABBY_063.basePlot.all","D16","ABBY","ABBY_063","S2017WA011063","2017-07-19","17N04503","AB","S2017WA011063-3","bulk",20.0,48.0,34.0,"2018-05-09","Kellogg Soil Survey Laboratory Methods Manual, Soil Survey Investigations Report No. 42 Version 5.0, Issued 2014","Routine Particle Size Distribution (3A1a1a)",120.8,97.9,29.8,45.8,24.4,,,36.2,9.6,6.3,10.3,6.8,3.6,2.8,"USDA NRCS Kellogg Soil Survey Laboratory",
"1b5927d0-e6ad-49b5-97a5-e8af058603ec","ABBY_019.basePlot.all","D16","ABBY","ABBY_019","S2017WA011019","2017-07-19","17N04475","A","S2017WA011019-1","bulk",0.0,9.0,4.5,"2018-05-06","Kellogg Soil Survey Laboratory Methods Manual, Soil Survey Investigations Report No. 42 Version 5.0, Issued 2014","Routine Particle Size Distribution (3A1a1a)",28.6,40.5,32.8,36.4,30.8,,,26.7,9.7,8.6,10.6,7.2,3.1,3.3,"USDA NRCS Kellogg Soil Survey Laboratory",
"391bcebb-bdfd-4c2e-bbfe-df0975d6776c","ABBY_023.basePlot.all","D16","ABBY","ABBY_023","S2017WA011023","2017-07-19","17N04489","A","S2017WA011023-1","bulk",0.0,21.0,10.5,"2018-05-09","Kellogg Soil Survey Laboratory Methods Manual, Soil Survey Investigations Report No. 42 Version 5.0, Issued 2014","Routine Particle Size Distribution (3A1a1a)",42.0,25.9,26.3,39.9,33.8,,,30.2,9.7,5.5,6.3,4.8,5.6,4.1,"USDA NRCS Kellogg Soil Survey Laboratory",
"8cd32704-9edc-4f9b-894d-440259d57f0c","ABBY_009.basePlot.all","D16","ABBY","ABBY_009","S2017WA011009","2017-07-19","17N04458","AB","S2017WA011009-3","bulk",25.0,57.0,41.0,"2018-05-01","Kellogg Soil Survey Laboratory Methods Manual, Soil Survey Investigations Report No. 42 Version 5.0, Issued 2014","Routine Particle Size Distribution (3A1a1a)",115.7,238.4,30.4,45.0,24.6,,,33.9,11.1,7.8,7.4,5.8,5.2,4.2,"USDA NRCS Kellogg Soil Survey Laboratory",
"bc422acc-4b0a-41d2-8896-d17855db389a","ABBY_020.basePlot.all","D16","ABBY","ABBY_020","S2017WA011020","2017-07-19","17N04481","2A2","S2017WA011020-3","bulk",18.0,46.0,32.0,"2018-05-06","Kellogg Soil Survey Laboratory Methods Manual, Soil Survey Investigations Report No. 42 Version 5.0, Issued 2014","Routine Particle Size Distribution (3A1a1a)",154.1,192.8,37.4,39.0,23.6,,,29.0,10.0,8.0,10.8,8.9,5.4,4.3,"USDA NRCS Kellogg Soil Survey Laboratory",
"7c2b36cd-2fba-406f-b6b9-9a1b649560e8","ABBY_063.basePlot.all","D16","ABBY","ABBY_063","S2017WA011063","2017-07-19","17N04502","A","S2017WA011063-2","bulk",2.0,20.0,11.0,"2018-05-09","Kellogg Soil Survey Laboratory Methods Manual, Soil Survey Investigations Report No. 42 Version 5.0, Issued 2014","Routine Particle Size Distribution (3A1a1a)",167.5,143.6,39.1,34.2,26.7,,,25.0,9.2,7.9,9.1,7.4,7.9,6.8,"USDA NRCS Kellogg Soil Survey Laboratory",
"9c62bc15-7679-465d-9c33-74368ab064e7","ABBY_021.basePlot.all","D16","ABBY","ABBY_021","S2017WA011021","2017-07-20","17N04484","Oi","S2017WA011021-1","bulk",0.0,4.0,2.0,,,,40.4,125.0,,,,,,,,,,,,,"USDA NRCS Kellogg Soil Survey Laboratory",
"a40cf9ee-f696-47dd-b388-698f05d2e38e","ABBY_021.basePlot.all","D16","ABBY","ABBY_021","S2017WA011021","2017-07-20","17N04488","Bw2","S2017WA011021-5","bulk",67.0,100.0,83.5,"2018-05-09","Kellogg Soil Survey Laboratory Methods Manual, Soil Survey Investigations Report No. 42 Version 5.0, Issued 2014","Routine Particle Size Distribution (3A1a1a)",59.7,91.7,29.1,32.7,38.2,,,24.0,8.7,6.7,8.3,6.1,3.9,4.1,"USDA NRCS Kellogg Soil Survey Laboratory",
"03ae8d91-27d4-4c98-98a5-adc41f2e3997","ABBY_021.basePlot.all","D16","ABBY","ABBY_021","S2017WA011021","2017-07-20","17N04487","Bw1","S2017WA011021-4","bulk",35.0,67.0,51.0,"2018-05-06","Kellogg Soil Survey Laboratory Methods Manual, Soil Survey Investigations Report No. 42 Version 5.0, Issued 2014","Routine Particle Size Distribution (3A1a1a)",43.0,27.3,27.4,32.7,39.9,,,25.9,6.8,6.9,8.1,5.2,3.6,3.6,"USDA NRCS Kellogg Soil Survey Laboratory",
"8269e273-0826-4c1b-b5d1-1c5b4cf53463","ABBY_011.basePlot.all","D16","ABBY","ABBY_011","S2017WA011011","2017-07-20","17N04463","2BC","S2017WA011011-4","bulk",49.0,100.0,74.5,"2018-05-06","Kellogg Soil Survey Laboratory Methods Manual, Soil Survey Investigations Report No. 42 Version 5.0, Issued 2014","Routine Particle Size Distribution (3A1a1a)",13.1,0.3,18.5,47.2,34.3,,,32.8,14.4,8.3,4.9,1.5,2.0,1.8,"USDA NRCS Kellogg Soil Survey Laboratory",
"7544bd6c-78e5-4ea9-888f-47b2a178aa06","ABBY_016.basePlot.all","D16","ABBY","ABBY_016","S2017WA011016","2017-07-20","17N04465","A","S2017WA011016-2","bulk",3.0,17.0,10.0,"2018-05-06","Kellogg Soil Survey Laboratory Methods Manual, Soil Survey Investigations Report No. 42 Version 5.0, Issued 2014","Routine Particle Size Distribution (3A1a1a)",1.0,20.2,20.1,39.0,40.9,,,31.0,8.0,7.0,6.6,3.6,1.7,1.2,"USDA NRCS Kellogg Soil Survey Laboratory",
"a5c1ec6d-280c-4057-938a-3620ab4bbbe0","ABBY_021.basePlot.all","D16","ABBY","ABBY_021","S2017WA011021","2017-07-20","17N04485","A","S2017WA011021-2","bulk",4.0,18.0,11.0,"2018-05-06","Kellogg Soil Survey Laboratory Methods Manual, Soil Survey Investigations Report No. 42 Version 5.0, Issued 2014","Routine Particle Size Distribution (3A1a1a)",264.4,389.0,43.9,26.3,29.8,,,26.1,0.2,16.6,8.2,6.2,5.0,7.9,"USDA NRCS Kellogg Soil Survey Laboratory",
"04f8700b-5cef-4482-bb6d-9fd254c309e0","ABBY_021.basePlot.all","D16","ABBY","ABBY_021","S2017WA011021","2017-07-20","17N04486","AB","S2017WA011021-3","bulk",18.0,35.0,26.5,"2018-05-06","Kellogg Soil Survey Laboratory Methods Manual, Soil Survey Investigations Report No. 42 Version 5.0, Issued 2014","Routine Particle Size Distribution (3A1a1a)",123.3,88.7,29.9,41.5,28.6,,,33.5,8.0,8.2,9.7,5.9,3.0,3.1,"USDA NRCS Kellogg Soil Survey Laboratory",
"d904a5f0-daeb-45b2-bbbd-f1936109f433","ABBY_011.basePlot.all","D16","ABBY","ABBY_011","S2017WA011011","2017-07-20","17N04462","Bw2","S2017WA011011-3","bulk",38.0,49.0,43.5,"2018-05-06","Kellogg Soil Survey Laboratory Methods Manual, Soil Survey Investigations Report No. 42 Version 5.0, Issued 2014","Routine Particle Size Distribution (3A1a1a)",100.7,20.7,22.0,35.1,42.9,,,27.4,7.7,5.1,4.9,4.3,4.1,3.6,"USDA NRCS Kellogg Soil Survey Laboratory",
"ed781761-9c13-454e-99ee-af1d43a1d0f3","ABBY_011.basePlot.all","D16","ABBY","ABBY_011","S2017WA011011","2017-07-20","17N04461","Bw1","S2017WA011011-2","bulk",20.0,38.0,29.0,"2018-05-01","Kellogg Soil Survey Laboratory Methods Manual, Soil Survey Investigations Report No. 42 Version 5.0, Issued 2014","Routine Particle Size Distribution (3A1a1a)",64.4,10.4,27.0,42.1,30.9,,,31.1,11.0,6.6,8.2,5.7,3.4,3.1,"USDA NRCS Kellogg Soil Survey Laboratory",
"115bcf49-6ae5-4f77-8547-e12880273948","ABBY_016.basePlot.all","D16","ABBY","ABBY_016","S2017WA011016","2017-07-20","17N04464","Oi","S2017WA011016-1","bulk",0.0,3.0,1.5,,,,3.4,67.1,,,,,,,,,,,,,"USDA NRCS Kellogg Soil Survey Laboratory",
"9a175c38-3141-4ce2-a34c-cb302d11385b","ABBY_016.basePlot.all","D16","ABBY","ABBY_016","S2017WA011016","2017-07-20","17N04467","Bw2","S2017WA011016-4","bulk",46.0,75.0,60.5,"2018-05-06","Kellogg Soil Survey Laboratory Methods Manual, Soil Survey Investigations Report No. 42 Version 5.0, Issued 2014","Routine Particle Size Distribution (3A1a1a)",0.4,6.6,22.4,39.0,38.6,,,31.1,7.9,6.8,6.6,3.7,2.7,2.6,"USDA NRCS Kellogg Soil Survey Laboratory",
"4622de4f-120e-4f05-8bf7-dea579ec0546","ABBY_011.basePlot.all","D16","ABBY","ABBY_011","S2017WA011011","2017-07-20","17N04460","A","S2017WA011011-1","bulk",0.0,20.0,10.0,"2018-05-01","Kellogg Soil Survey Laboratory Methods Manual, Soil Survey Investigations Report No. 42 Version 5.0, Issued 2014","Routine Particle Size Distribution (3A1a1a)",119.7,17.4,32.6,36.4,31.0,,,26.3,10.1,5.9,8.4,5.8,4.5,8.0,"USDA NRCS Kellogg Soil Survey Laboratory",
"11cf1616-32d0-4985-9b68-a85b77cf7239","ABBY_016.basePlot.all","D16","ABBY","ABBY_016","S2017WA011016","2017-07-20","17N04468","2Cg","S2017WA011016-5","bulk",75.0,100.0,87.5,"2018-05-06","Kellogg Soil Survey Laboratory Methods Manual, Soil Survey Investigations Report No. 42 Version 5.0, Issued 2014","Routine Particle Size Distribution (3A1a1a)",77.0,186.3,28.4,39.1,32.5,,,29.6,9.5,10.9,8.9,4.6,2.6,1.4,"USDA NRCS Kellogg Soil Survey Laboratory",
"c5f4ff42-70cb-46bc-8870-c011eea908bb","ABBY_016.basePlot.all","D16","ABBY","ABBY_016","S2017WA011016","2017-07-20","17N04466","Bw1","S2017WA011016-3","bulk",17.0,46.0,31.5,"2018-05-06","Kellogg Soil Survey Laboratory Methods Manual, Soil Survey Investigations Report No. 42 Version 5.0, Issued 2014","Routine Particle Size Distribution (3A1a1a)",3.6,9.8,17.4,39.2,43.4,,,31.1,8.1,7.0,5.9,3.5,0.7,0.3,"USDA NRCS Kellogg Soil Survey Laboratory",
