uid,namedLocation,domainID,siteID,plotID,nrcsDescriptionID,collectDate,horizonID,horizonName,bulkDensProcessedDate,bulkDensMethodPub,bulkDensMethod,bulkDensIDnrcs,bulkDensSampleType,bulkDensCenterDepth,bulkDensTopDepth,bulkDensBottomDepth,bulkDensThirdBar,bulkDensOvenDry,bulkDensFieldMoist,waterRetentionThirdBar,fieldWaterContent,laboratoryName,remarks,dataQF
"58c3ae71-b173-4540-98b1-2902f167edc6","ABBY_002.basePlot.all","D16","ABBY","ABBY_002","S2017WA011002","2017-07-17","17N04444","Bw2","2018-08-02","Kellogg Soil Survey Laboratory Methods Manual, Soil Survey Investigations Report No. 42 Version 5.0, Issued 2014","Bulk Density, Clods (3B1)","S2017WA011002-5","clod",57.5,48.0,67.0,1.09,1.13,,33.5,,"USDA NRCS Kellogg Soil Survey Laboratory",,
"624b14de-edb3-473b-8eb2-e0fc934ebec4","ABBY_002.basePlot.all","D16","ABBY","ABBY_002","S2017WA011002","2017-07-17","17N04442","A2","2018-08-02","Kellogg Soil Survey Laboratory Methods Manual, Soil Survey Investigations Report No. 42 Version 5.0, Issued 2014","Bulk Density, Clods (3B1)","S2017WA011002-3","clod",23.0,15.0,31.0,0.76,0.86,,43.2,,"USDA NRCS Kellogg Soil Survey Laboratory",,
"a1ddef87-f52f-4c2c-8d7f-b5fbea63d80f","ABBY_002.basePlot.all","D16","ABBY","ABBY_002","S2017WA011002","2017-07-17","17N04445","Bw3","2018-08-02","Kellogg Soil Survey Laboratory Methods Manual, Soil Survey Investigations Report No. 42 Version 5.0, Issued 2014","Bulk Density, Clods (3B1)","S2017WA011002-6","clod",83.5,67.0,100.0,1.32,1.37,,26.9,,"USDA NRCS Kellogg Soil Survey Laboratory",,
"9b36b708-2450-492c-bfa7-358df2c9643c","ABBY_002.basePlot.all","D16","ABBY","ABBY_002","S2017WA011002","2017-07-17","17N04443","Bw1","2018-08-02","Kellogg Soil Survey Laboratory Methods Manual, Soil Survey Investigations Report No. 42 Version 5.0, Issued 2014","Bulk Density, Clods (3B1)","S2017WA011002-4","clod",39.5,31.0,48.0,0.87,0.92,,47.4,,"USDA NRCS Kellogg Soil Survey Laboratory",,
"01a9ede5-cdf3-4730-894e-7aa106986a71","ABBY_017.basePlot.all","D16","ABBY","ABBY_017","S2017WA011017","2017-07-18","17N04472","Bw1","2018-08-02","Kellogg Soil Survey Laboratory Methods Manual, Soil Survey Investigations Report No. 42 Version 5.0, Issued 2014","Bulk Density, Clods (3B1)","S2017WA011017-4","clod",49.0,36.0,62.0,1.04,1.15,,36.0,,"USDA NRCS Kellogg Soil Survey Laboratory",,
"5a050a2c-14f4-4926-8f06-98401b33f7cc","ABBY_017.basePlot.all","D16","ABBY","ABBY_017","S2017WA011017","2017-07-18","17N04474","Bw3","2018-08-02","Kellogg Soil Survey Laboratory Methods Manual, Soil Survey Investigations Report No. 42 Version 5.0, Issued 2014","Bulk Density, Clods (3B1)","S2017WA011017-6","clod",89.0,78.0,100.0,1.16,1.30,,32.4,,"USDA NRCS Kellogg Soil Survey Laboratory",,
"3f445b72-9fe1-4d82-84f7-47ad01f2074e","ABBY_008.basePlot.all","D16","ABBY","ABBY_008","S2017WA011008","2017-07-18","17N04453","A2","2018-08-02","Kellogg Soil Survey Laboratory Methods Manual, Soil Survey Investigations Report No. 42 Version 5.0, Issued 2014","Bulk Density, Clods (3B1)","S2017WA011008-3","clod",25.0,16.0,34.0,1.04,1.10,,34.2,,"USDA NRCS Kellogg Soil Survey Laboratory",,
"18f3bf7d-4aed-4e4a-8aa9-5db2f1696550","ABBY_008.basePlot.all","D16","ABBY","ABBY_008","S2017WA011008","2017-07-18","17N04454","AB","2018-08-02","Kellogg Soil Survey Laboratory Methods Manual, Soil Survey Investigations Report No. 42 Version 5.0, Issued 2014","Bulk Density, Clods (3B1)","S2017WA011008-4","clod",47.5,34.0,61.0,1.26,1.35,,28.8,,"USDA NRCS Kellogg Soil Survey Laboratory",,
"4f586b56-df51-4fb2-8818-2c1e3aea26a7","ABBY_026.basePlot.all","D16","ABBY","ABBY_026","S2017WA011026","2017-07-18","17N04495","Bw2","2018-08-02","Kellogg Soil Survey Laboratory Methods Manual, Soil Survey Investigations Report No. 42 Version 5.0, Issued 2014","Bulk Density, Clods (3B1)","S2017WA011026-4","clod",61.0,51.0,71.0,1.20,1.39,,37.4,,"USDA NRCS Kellogg Soil Survey Laboratory",,
"921f63f2-98d5-4ece-998a-dad776143417","ABBY_026.basePlot.all","D16","ABBY","ABBY_026","S2017WA011026","2017-07-18","17N04493","BA","2018-08-02","Kellogg Soil Survey Laboratory Methods Manual, Soil Survey Investigations Report No. 42 Version 5.0, Issued 2014","Bulk Density, Clods (3B1)","S2017WA011026-2","clod",13.0,7.0,19.0,1.20,1.36,,34.8,,"USDA NRCS Kellogg Soil Survey Laboratory",,
"f6073ce6-438e-4468-a7a1-00e647a6623d","ABBY_026.basePlot.all","D16","ABBY","ABBY_026","S2017WA011026","2017-07-18","17N04494","Bw1","2018-08-02","Kellogg Soil Survey Laboratory Methods Manual, Soil Survey Investigations Report No. 42 Version 5.0, Issued 2014","Bulk Density, Clods (3B1)","S2017WA011026-3","clod",35.0,19.0,51.0,1.18,1.35,,37.5,,"USDA NRCS Kellogg Soil Survey Laboratory",,
"3293a691-29d3-4329-b2b7-b2027c6fd737","ABBY_008.basePlot.all","D16","ABBY","ABBY_008","S2017WA011008","2017-07-18","17N04452","A1","2018-08-02","Kellogg Soil Survey Laboratory Methods Manual, Soil Survey Investigations Report No. 42 Version 5.0, Issued 2014","Bulk Density, Clods (3B1)","S2017WA011008-2","clod",9.5,3.0,16.0,0.81,0.88,,32.0,,"USDA NRCS Kellogg Soil Survey Laboratory",,
"03e013ee-4fdb-467d-9d58-4a92ed449ab2","ABBY_026.basePlot.all","D16","ABBY","ABBY_026","S2017WA011026","2017-07-18","17N04492","A","2018-08-02","Kellogg Soil Survey Laboratory Methods Manual, Soil Survey Investigations Report No. 42 Version 5.0, Issued 2014","Bulk Density, Clods (3B1)","S2017WA011026-1","clod",3.5,0.0,7.0,0.88,1.04,,27.8,,"USDA NRCS Kellogg Soil Survey Laboratory",,
"0d2475cb-a5fb-4537-a0b0-ac9b7c5abd70","ABBY_026.basePlot.all","D16","ABBY","ABBY_026","S2017WA011026","2017-07-18","17N04496","2C","2018-08-02","Kellogg Soil Survey Laboratory Methods Manual, Soil Survey Investigations Report No. 42 Version 5.0, Issued 2014","Bulk Density, Clods (3B1)","S2017WA011026-5","clod",85.5,71.0,100.0,0.86,0.94,,70.1,,"USDA NRCS Kellogg Soil Survey Laboratory",,
"7acc73b4-932c-47da-b0e6-7b250d060229","ABBY_017.basePlot.all","D16","ABBY","ABBY_017","S2017WA011017","2017-07-18","17N04473","Bw2","2018-08-02","Kellogg Soil Survey Laboratory Methods Manual, Soil Survey Investigations Report No. 42 Version 5.0, Issued 2014","Bulk Density, Clods (3B1)","S2017WA011017-5","clod",70.0,62.0,78.0,1.08,1.23,,35.5,,"USDA NRCS Kellogg Soil Survey Laboratory",,
"61be9014-ba85-40a8-8a82-7aa3ac0a56f2","ABBY_008.basePlot.all","D16","ABBY","ABBY_008","S2017WA011008","2017-07-18","17N04455","Bw","2018-08-02","Kellogg Soil Survey Laboratory Methods Manual, Soil Survey Investigations Report No. 42 Version 5.0, Issued 2014","Bulk Density, Clods (3B1)","S2017WA011008-5","clod",80.5,61.0,100.0,1.24,1.34,,33.0,,"USDA NRCS Kellogg Soil Survey Laboratory",,
"72402d0a-cfcc-441b-8302-2d410655d648","ABBY_017.basePlot.all","D16","ABBY","ABBY_017","S2017WA011017","2017-07-18","17N04471","AB","2018-08-02","Kellogg Soil Survey Laboratory Methods Manual, Soil Survey Investigations Report No. 42 Version 5.0, Issued 2014","Bulk Density, Clods (3B1)","S2017WA011017-3","clod",27.5,19.0,36.0,1.05,1.16,,36.6,,"USDA NRCS Kellogg Soil Survey Laboratory",,
"93fdf246-87e7-4e00-b6e4-ca7ea1337e8a","ABBY_019.basePlot.all","D16","ABBY","ABBY_019","S2017WA011019","2017-07-19","17N04477","Bw1","2018-08-02","Kellogg Soil Survey Laboratory Methods Manual, Soil Survey Investigations Report No. 42 Version 5.0, Issued 2014","Bulk Density, Clods (3B1)","S2017WA011019-3","clod",47.0,25.0,69.0,1.26,1.33,,30.0,,"USDA NRCS Kellogg Soil Survey Laboratory",,
"059aa28a-db75-4518-b15a-8e07d8a6a90d","ABBY_019.basePlot.all","D16","ABBY","ABBY_019","S2017WA011019","2017-07-19","17N04475","A","2018-08-02","Kellogg Soil Survey Laboratory Methods Manual, Soil Survey Investigations Report No. 42 Version 5.0, Issued 2014","Bulk Density, Clods (3B1)","S2017WA011019-1","clod",4.5,0.0,9.0,0.81,0.88,,30.2,,"USDA NRCS Kellogg Soil Survey Laboratory",,
"a1649687-2d8c-4717-9ab2-cdb98d8e3335","ABBY_019.basePlot.all","D16","ABBY","ABBY_019","S2017WA011019","2017-07-19","17N04478","Bw2","2018-08-02","Kellogg Soil Survey Laboratory Methods Manual, Soil Survey Investigations Report No. 42 Version 5.0, Issued 2014","Bulk Density, Clods (3B1)","S2017WA011019-4","clod",84.5,69.0,100.0,1.32,1.40,,29.0,,"USDA NRCS Kellogg Soil Survey Laboratory",,
"16ffb828-4f11-4aef-902a-ef9f02478303","ABBY_020.basePlot.all","D16","ABBY","ABBY_020","S2017WA011020","2017-07-19","17N04481","2A2","2018-08-02","Kellogg Soil Survey Laboratory Methods Manual, Soil Survey Investigations Report No. 42 Version 5.0, Issued 2014","Bulk Density, Clods (3B1)","S2017WA011020-3","clod",32.0,18.0,46.0,1.10,1.18,,37.4,,"USDA NRCS Kellogg Soil Survey Laboratory",,
"0bd07a0e-dee5-48ba-88d5-c572fe7a681b","ABBY_009.basePlot.all","D16","ABBY","ABBY_009","S2017WA011009","2017-07-19","17N04458","AB","2018-08-02","Kellogg Soil Survey Laboratory Methods Manual, Soil Survey Investigations Report No. 42 Version 5.0, Issued 2014","Bulk Density, Clods (3B1)","S2017WA011009-3","clod",41.0,25.0,57.0,0.99,1.04,,41.3,,"USDA NRCS Kellogg Soil Survey Laboratory",,
"4ad49c81-2e94-4a21-bf59-057238193c47","ABBY_023.basePlot.all","D16","ABBY","ABBY_023","S2017WA011023","2017-07-19","17N04490","Bw1","2018-08-02","Kellogg Soil Survey Laboratory Methods Manual, Soil Survey Investigations Report No. 42 Version 5.0, Issued 2014","Bulk Density, Clods (3B1)","S2017WA011023-2","clod",33.5,21.0,46.0,1.06,1.17,,44.2,,"USDA NRCS Kellogg Soil Survey Laboratory",,
"b1548bd1-34af-4275-ae22-2b78795c3078","ABBY_023.basePlot.all","D16","ABBY","ABBY_023","S2017WA011023","2017-07-19","17N04489","A","2018-08-02","Kellogg Soil Survey Laboratory Methods Manual, Soil Survey Investigations Report No. 42 Version 5.0, Issued 2014","Bulk Density, Clods (3B1)","S2017WA011023-1","clod",10.5,0.0,21.0,0.99,1.10,,34.0,,"USDA NRCS Kellogg Soil Survey Laboratory",,
"07fd4836-d04e-48d9-b5e6-84c3c44730cc","ABBY_020.basePlot.all","D16","ABBY","ABBY_020","S2017WA011020","2017-07-19","17N04482","2Bw1","2018-08-02","Kellogg Soil Survey Laboratory Methods Manual, Soil Survey Investigations Report No. 42 Version 5.0, Issued 2014","Bulk Density, Clods (3B1)","S2017WA011020-4","clod",67.5,46.0,89.0,0.82,0.86,,49.6,,"USDA NRCS Kellogg Soil Survey Laboratory",,
"06ed7d35-b2cc-45dd-b45b-a090280586f9","ABBY_011.basePlot.all","D16","ABBY","ABBY_011","S2017WA011011","2017-07-20","17N04462","Bw2","2018-08-02","Kellogg Soil Survey Laboratory Methods Manual, Soil Survey Investigations Report No. 42 Version 5.0, Issued 2014","Bulk Density, Clods (3B1)","S2017WA011011-3","clod",43.5,38.0,49.0,1.02,1.09,,38.9,,"USDA NRCS Kellogg Soil Survey Laboratory",,
"3aae9ee8-cfdc-430d-a7bb-5ccdcc309e07","ABBY_011.basePlot.all","D16","ABBY","ABBY_011","S2017WA011011","2017-07-20","17N04460","A","2018-08-02","Kellogg Soil Survey Laboratory Methods Manual, Soil Survey Investigations Report No. 42 Version 5.0, Issued 2014","Bulk Density, Clods (3B1)","S2017WA011011-1","clod",10.0,0.0,20.0,0.92,1.02,,38.3,,"USDA NRCS Kellogg Soil Survey Laboratory",,
"dc8b5491-c91b-42c5-8e8d-762d748a3bbe","ABBY_021.basePlot.all","D16","ABBY","ABBY_021","S2017WA011021","2017-07-20","17N04486","AB","2018-08-02","Kellogg Soil Survey Laboratory Methods Manual, Soil Survey Investigations Report No. 42 Version 5.0, Issued 2014","Bulk Density, Clods (3B1)","S2017WA011021-3","clod",26.5,18.0,35.0,1.02,1.08,,47.9,,"USDA NRCS Kellogg Soil Survey Laboratory",,
"f59310e6-1b9d-4fd9-8bfa-297c4118c144","ABBY_016.basePlot.all","D16","ABBY","ABBY_016","S2017WA011016","2017-07-20","17N04466","Bw1","2018-08-02","Kellogg Soil Survey Laboratory Methods Manual, Soil Survey Investigations Report No. 42 Version 5.0, Issued 2014","Bulk Density, Clods (3B1)","S2017WA011016-3","clod",31.5,17.0,46.0,1.09,1.19,,41.7,,"USDA NRCS Kellogg Soil Survey Laboratory",,
"5a4d6769-7020-4c18-acae-0d4e54737f96","ABBY_011.basePlot.all","D16","ABBY","ABBY_011","S2017WA011011","2017-07-20","17N04461","Bw1","2018-08-02","Kellogg Soil Survey Laboratory Methods Manual, Soil Survey Investigations Report No. 42 Version 5.0, Issued 2014","Bulk Density, Clods (3B1)","S2017WA011011-2","clod",29.0,20.0,38.0,0.95,1.04,,45.8,,"USDA NRCS Kellogg Soil Survey Laboratory",,
"2da8b154-6df1-40da-9df7-91286f7e7b16","ABBY_021.basePlot.all","D16","ABBY","ABBY_021","S2017WA011021","2017-07-20","17N04487","Bw1","2018-08-02","Kellogg Soil Survey Laboratory Methods Manual, Soil Survey Investigations Report No. 42 Version 5.0, Issued 2014","Bulk Density, Clods (3B1)","S2017WA011021-4","clod",51.0,35.0,67.0,1.16,1.20,,35.5,,"USDA NRCS Kellogg Soil Survey Laboratory",,
"8f36de92-ece6-48b2-8f8a-d5edbd4b6ef1","ABBY_011.basePlot.all","D16","ABBY","ABBY_011","S2017WA011011","2017-07-20","17N04463","2BC","2018-08-02","Kellogg Soil Survey Laboratory Methods Manual, Soil Survey Investigations Report No. 42 Version 5.0, Issued 2014","Bulk Density, Clods (3B1)","S2017WA011011-4","clod",74.5,49.0,100.0,1.35,1.51,,32.7,,"USDA NRCS Kellogg Soil Survey Laboratory",,
