uid,domainID,siteID,plotID,namedLocation,plotType,nlcdClass,geodeticDatum,decimalLatitude,decimalLongitude,coordinateUncertainty,elevation,elevationUncertainty,collectDate,referenceCorner,sampleDistance,sampleBearing,pitID,testProtocolVersion,soilSamplingMethod,sampleRelativeLocation,pitDepth,recordedByA,soilProfileDescriberA,soilProfileDescriberInst,nrcsDescriptionID,soilSeries,soilFamily,soilSubgroup,soilGreatGroup,soilSuborder,soilOrder,remarks,dataQF
"2c6384b0-47af-4952-8435-6a18542c4ee5","D16","ABBY","ABBY_002","ABBY_002.basePlot.all","distributed","grasslandHerbaceous","WGS84",45.739055,-122.309112,20.1,638.4,0.1,"2017-07-17","SW20",1.3,166,"1211364","Field Book for Describing and Sampling Soils ver3","soil pit","Center of pit",100,"VlJIdXMxw12iScIYG38hew==","VlJIdXMxw12iScIYG38hew==","Natural Resource Conservation Service","S2017WA011002","Aschoff","Loamy-skeletal, isotic, mesic Andic Humudepts","andic humudepts","humudepts","udepts","inceptisols",,
"6246858f-cef5-4880-a2d4-61db5b07c5ab","D16","ABBY","ABBY_028","ABBY_028.basePlot.all","distributed","mixedForest","WGS84",45.745361,-122.375882,20.1,599.2,0.2,"2017-07-18","SW20",0.7,162,"1158079","Field Book for Describing and Sampling Soils ver3","soil pit","Center of pit",85,"dTD133XhKLGONdjf6FGg1Q==","dTD133XhKLGONdjf6FGg1Q==","Natural Resource Conservation Service","S2017WA011028","Huss","Medial-skeletal, amorphic, mesic Typic Hapludands","typic hapludands","hapludands","udands","andisols",,
"a5ef7d57-0da7-4b28-9a6a-3b874e09e2cf","D16","ABBY","ABBY_008","ABBY_008.basePlot.all","distributed","evergreenForest","WGS84",45.771358,-122.355223,20.2,352.6,0.4,"2017-07-18","SW20",1.3,149,"1158075","Field Book for Describing and Sampling Soils ver3","soil pit","Center of pit",100,"dTD133XhKLGONdjf6FGg1Q==","dTD133XhKLGONdjf6FGg1Q==","Natural Resource Conservation Service","S2017WA011008","Cinebar","Medial, mixed, mesic Humic Haploxerands","humic haploxerands","haploxerands","xerands","andisols",,
"e18fddd7-8d18-49b1-a800-b520213b5ee6","D16","ABBY","ABBY_007","ABBY_007.basePlot.all","distributed","evergreenForest","WGS84",45.768936,-122.361007,20.2,444.5,0.3,"2017-07-18","SW20",2.3,287,"1158074","Field Book for Describing and Sampling Soils ver3","soil pit","Center of pit",100,"dTD133XhKLGONdjf6FGg1Q==","dTD133XhKLGONdjf6FGg1Q==","Natural Resource Conservation Service","S2017WA011007","Cinebar","Medial, mixed, mesic Humic Haploxerands","humic haploxerands","haploxerands","xerands","andisols",,
"6582b0b7-b95a-4c42-89cd-3b7b194c63ba","D16","ABBY","ABBY_017","ABBY_017.basePlot.all","distributed","evergreenForest","WGS84",45.772764,-122.369799,20.1,495.7,0.1,"2017-07-18","SW20",0.6,100,"1211362","Field Book for Describing and Sampling Soils ver3","soil pit","Center of pit",100,"VlJIdXMxw12iScIYG38hew==","VlJIdXMxw12iScIYG38hew==","Natural Resource Conservation Service","S2017WA011017","Kinney","Fine-loamy, isotic, mesic Andic Humudepts","andic humudepts","humudepts","udepts","inceptisols",,
"1d171f91-2a26-4e65-977a-b0814b1bde51","D16","ABBY","ABBY_026","ABBY_026.basePlot.all","distributed","shrubScrub","WGS84",45.770172,-122.387515,20.1,484.6,0.1,"2017-07-18","SW40",0.7,12,"1211365","Field Book for Describing and Sampling Soils ver3","soil pit","Center of pit",100,"VlJIdXMxw12iScIYG38hew==","VlJIdXMxw12iScIYG38hew==","Natural Resource Conservation Service","S2017WA011026","Kinney","Fine-loamy, isotic, mesic Andic Humudepts","andic humudepts","humudepts","udepts","inceptisols",,
"d832786e-a5fa-44c0-b2a3-bd32629bdf59","D16","ABBY","ABBY_020","ABBY_020.basePlot.all","distributed","evergreenForest","WGS84",45.767791,-122.303342,20.2,505.4,0.2,"2017-07-19","SW20",0.7,254,"1158077","Field Book for Describing and Sampling Soils ver3","soil pit","Center of pit",100,"dTD133XhKLGONdjf6FGg1Q==","dTD133XhKLGONdjf6FGg1Q==","Natural Resource Conservation Service","S2017WA011020","Kinney","Fine-loamy, isotic, mesic Vitrandic Humudepts","vitrandic humudepts","humudepts","udepts","inceptisols",,
"d0b54ee5-7a93-4bc6-99f0-6381611381d1","D16","ABBY","ABBY_063","ABBY_063.basePlot.all","tower","evergreenForest","WGS84",45.760513,-122.330039,20.1,362.2,0.1,"2017-07-19","SW40",0.7,25,"1211363","Field Book for Describing and Sampling Soils ver3","soil core","Center of core",100,"VlJIdXMxw12iScIYG38hew==","VlJIdXMxw12iScIYG38hew==","Natural Resource Conservation Service","S2017WA011063","Cinebar","Medial, mixed, mesic Humic Haploxerands","humic haploxerands","haploxerands","xerands","andisols",,
"2bf227ce-102c-41ef-b10a-64b796812950","D16","ABBY","ABBY_019","ABBY_019.basePlot.all","distributed","evergreenForest","WGS84",45.752593,-122.325825,20.1,418.2,0.1,"2017-07-19","SW40",0.8,10,"1158076","Field Book for Describing and Sampling Soils ver3","soil pit","Center of pit",100,"dTD133XhKLGONdjf6FGg1Q==","dTD133XhKLGONdjf6FGg1Q==","Natural Resource Conservation Service","S2017WA011019","Cinebar","Medial, mixed, mesic Humic Haploxerands","humic haploxerands","haploxerands","xerands","andisols",,
"b8e45f1b-ed3e-4ef5-9352-648b2acccbb3","D16","ABBY","ABBY_023","ABBY_023.basePlot.all","distributed","mixedForest","WGS84",45.744589,-122.381659,20.1,507.5,0.2,"2017-07-19","SW20",0.9,87,"1211361","Field Book for Describing and Sampling Soils ver3","soil pit","Center of pit",100,"VlJIdXMxw12iScIYG38hew==","VlJIdXMxw12iScIYG38hew==","Natural Resource Conservation Service","S2017WA011023","Kinney","Fine-loamy, isotic, mesic Andic Humudepts","andic humudepts","humudepts","udepts","inceptisols",,
"56ac779b-83d4-4e17-808a-2f1e6b499164","D16","ABBY","ABBY_009","ABBY_009.basePlot.all","distributed","shrubScrub","WGS84",45.765610,-122.299532,20.1,538.6,0.1,"2017-07-19","SW20",1.4,164,"1158078","Field Book for Describing and Sampling Soils ver3","soil pit","Center of pit",100,"dTD133XhKLGONdjf6FGg1Q==","dTD133XhKLGONdjf6FGg1Q==","Natural Resource Conservation Service","S2017WA011009","Kinney","Fine-loamy, isotic, mesic Andic Humudepts","andic humudepts","humudepts","udepts","inceptisols",,
"bf4e8575-0d4b-433e-a127-cd5aca013c57","D16","ABBY","ABBY_021","ABBY_021.basePlot.all","distributed","grasslandHerbaceous","WGS84",45.743937,-122.317109,20.1,500.6,0.1,"2017-07-20","SW20",0.7,159,"1158073","Field Book for Describing and Sampling Soils ver3","soil pit","Center of pit",100,"dTD133XhKLGONdjf6FGg1Q==","dTD133XhKLGONdjf6FGg1Q==","Natural Resource Conservation Service","S2017WA011021","Cinebar","Medial, mixed, mesic Humic Haploxerands","humic haploxerands","haploxerands","xerands","andisols",,
"ed12cbd7-fdfc-4efd-b9b2-76b09e2b3faa","D16","ABBY","ABBY_016","ABBY_016.basePlot.all","distributed","evergreenForest","WGS84",45.746995,-122.332415,20.1,379.8,0.2,"2017-07-20","SW20",1.0,155,"1158072","Field Book for Describing and Sampling Soils ver3","soil pit","Center of pit",100,"dTD133XhKLGONdjf6FGg1Q==","dTD133XhKLGONdjf6FGg1Q==","Natural Resource Conservation Service","S2017WA011016","Ferteg","Medial over loamy-skeletal, amorphic over isotic, mesic Aquic Haploxerands","aquic haploxerands","haploxerands","xerands","andisols",,
"413cf977-fe3d-47c3-8577-c1a72427f3a3","D16","ABBY","ABBY_011","ABBY_011.basePlot.all","distributed","grasslandHerbaceous","WGS84",45.743361,-122.358994,20.1,497.0,0.1,"2017-07-20","SW20",3.4,55,"1211360","Field Book for Describing and Sampling Soils ver3","soil pit","Center of pit",100,"VlJIdXMxw12iScIYG38hew==","1NC4QzJ/l2klHYPg2jHuIA==","Natural Resource Conservation Service","S2017WA011011","Kinney","Fine-loamy, isotic, mesic Andic Humudepts","andic humudepts","humudepts","udepts","inceptisols",,
