uid,analyte,analyteUnits,methodPub,method,methodDetectionLimit,practicalQuantitationLimit,analyteAbsoluteError,laboratoryName,qaReportingStartDate,qaReportingEndDate,dataQF
"1e567877-ef3e-49e9-ada9-c28a276e5b62","cecdNh4","centimolesChargePerKilogram","Kellogg Soil Survey Laboratory Methods Manual, Soil Survey Investigations Report No. 42 Version 5.0, Issued 2014","Cation Exchange Capacity and Cations (4B1a1a)",0.100,0.600,0.100,"USDA NRCS Kellogg Soil Survey Laboratory","2014-01-01","2019-06-12",
"0d1d81d4-1396-42f0-b1fb-427dea71990b","phCacl2","pH","Kellogg Soil Survey Laboratory Methods Manual, Soil Survey Investigations Report No. 42 Version 5.0, Issued 2014","Routine 1:1 Water and 1:2 0.01M CaCl2 pH (4C1a2a)",,,0.100,"USDA NRCS Kellogg Soil Survey Laboratory","2014-01-01","2019-06-12",
"15f55972-9be6-4559-9bdb-e0228e1980f3","mnCitDithionate","percent","Kellogg Soil Survey Laboratory Methods Manual, Soil Survey Investigations Report No. 42 Version 5.0, Issued 2014","Citrate Dithionate Extractable (4G1)",0.0006,0.003,0.100,"USDA NRCS Kellogg Soil Survey Laboratory","2014-01-01","2019-06-12",
"85fd551a-14cd-4d46-b1ba-f4fc5b664317","pOxalate","milligramsPerKilogram","Kellogg Soil Survey Laboratory Methods Manual, Soil Survey Investigations Report No. 42 Version 5.0, Issued 2014","Acid Oxalate Extractable (4G2)",26.000,130.000,1.000,"USDA NRCS Kellogg Soil Survey Laboratory","2014-01-01","2019-06-12",
"cee4f63e-109f-438a-b0ca-32a293f1511a","feOxalate","percent","Kellogg Soil Survey Laboratory Methods Manual, Soil Survey Investigations Report No. 42 Version 5.0, Issued 2014","Acid Oxalate Extractable (4G2)",0.0001,0.0006,0.010,"USDA NRCS Kellogg Soil Survey Laboratory","2014-01-01","2019-06-12",
"a5079307-708e-4bee-b4ee-89ecd1b0d0f1","feCitDithionate","percent","Kellogg Soil Survey Laboratory Methods Manual, Soil Survey Investigations Report No. 42 Version 5.0, Issued 2014","Citrate Dithionate Extractable (4G1)",0.010,0.070,0.100,"USDA NRCS Kellogg Soil Survey Laboratory","2014-01-01","2019-06-12",
"a02de955-da93-4d28-aab8-c4936ba6fad1","nTot","percent","Kellogg Soil Survey Laboratory Methods Manual, Soil Survey Investigations Report No. 42 Version 5.0, Issued 2014","Total N, C, S (4H2a)",0.040,0.200,0.001,"USDA NRCS Kellogg Soil Survey Laboratory","2014-01-01","2019-06-12",
"7980fa86-a24a-4951-863f-1a7e6c72b87f","caNh4d","centimolesChargePerKilogram","Kellogg Soil Survey Laboratory Methods Manual, Soil Survey Investigations Report No. 42 Version 5.0, Issued 2014","Cation Exchange Capacity and Cations (4B1a1a)",0.070,0.400,0.100,"USDA NRCS Kellogg Soil Survey Laboratory","2014-01-01","2019-06-12",
"30d27f60-4a59-4d51-8961-7066e4ded482","siOxalate","percent","Kellogg Soil Survey Laboratory Methods Manual, Soil Survey Investigations Report No. 42 Version 5.0, Issued 2014","Acid Oxalate Extractable (4G2)",0.0002,0.001,0.010,"USDA NRCS Kellogg Soil Survey Laboratory","2014-01-01","2019-06-12",
"6d5a68b3-77a7-4db5-ac0c-65a715580927","mgNh4d","centimolesChargePerKilogram","Kellogg Soil Survey Laboratory Methods Manual, Soil Survey Investigations Report No. 42 Version 5.0, Issued 2014","Cation Exchange Capacity and Cations (4B1a1a)",0.010,0.070,0.100,"USDA NRCS Kellogg Soil Survey Laboratory","2014-01-01","2019-06-12",
"9d08cd46-3664-4bc7-ab29-7a431818d2e2","naNh4d","centimolesChargePerKilogram","Kellogg Soil Survey Laboratory Methods Manual, Soil Survey Investigations Report No. 42 Version 5.0, Issued 2014","Cation Exchange Capacity and Cations (4B1a1a)",0.200,1.000,0.100,"USDA NRCS Kellogg Soil Survey Laboratory","2014-01-01","2019-06-12",
"a980601b-9fa3-405b-8e92-3c8ba97ea7b4","pMehlichIII","milligramsPerKilogram","Kellogg Soil Survey Laboratory Methods Manual, Soil Survey Investigations Report No. 42 Version 5.0, Issued 2014","Mehlich III Phosphorus (4D6a1)",0.100,0.600,0.100,"USDA NRCS Kellogg Soil Survey Laboratory","2014-01-01","2019-06-12",
"af4c5b4c-e47b-40a7-a4eb-4511de56c1c8","alCitDithionate","percent","Kellogg Soil Survey Laboratory Methods Manual, Soil Survey Investigations Report No. 42 Version 5.0, Issued 2014","Citrate Dithionate Extractable (4G1)",0.001,0.006,0.100,"USDA NRCS Kellogg Soil Survey Laboratory","2014-01-01","2019-06-12",
"0c8f84e2-a16f-4df0-af36-552f5b723f30","caco3","percent","Kellogg Soil Survey Laboratory Methods Manual, Soil Survey Investigations Report No. 42 Version 5.0, Issued 2014","Calcium Carbonate Equivalent (4E1a1a1a1)",0.500,2.500,,"USDA NRCS Kellogg Soil Survey Laboratory","2014-01-01","2019-06-12",
"36715393-fc9a-4671-9b6e-c38746eae441","OlsenPExtractable","milligramsPerKilogram","Kellogg Soil Survey Laboratory Methods Manual, Soil Survey Investigations Report No. 42 Version 5.0, Issued 2014","Mehlich III Phosphorus (4D6a1)",0.100,0.700,0.100,"USDA NRCS Kellogg Soil Survey Laboratory","2014-01-01","2019-06-12",
"d3861a34-b524-46be-b12f-5b9d3057d65d","kNh4d","centimolesChargePerKilogram","Kellogg Soil Survey Laboratory Methods Manual, Soil Survey Investigations Report No. 42 Version 5.0, Issued 2014","Cation Exchange Capacity and Cations (4B1a1a)",0.060,0.300,0.100,"USDA NRCS Kellogg Soil Survey Laboratory","2014-01-01","2019-06-12",
"bfb89a41-7951-49e7-a163-10c2701036e6","sTot","percent","Kellogg Soil Survey Laboratory Methods Manual, Soil Survey Investigations Report No. 42 Version 5.0, Issued 2014","Total N, C, S (4H2a)",0.040,0.200,0.010,"USDA NRCS Kellogg Soil Survey Laboratory","2014-01-01","2019-06-12",
"101c760d-248e-4476-8b88-42c02b5fee8e","bulkDensFieldMoist","gramsPerCubicCentimeter","Kellogg Soil Survey Laboratory Methods Manual, Soil Survey Investigations Report No. 42 Version 5.0, Issued 2014","Bulk Density, Field Core (3B7)",,,0.010,"USDA NRCS Kellogg Soil Survey Laboratory","2014-01-01","2019-06-12",
"3c94b683-7b71-4acf-9232-9cc8c17340e1","mnOxalate","milligramsPerKilogram","Kellogg Soil Survey Laboratory Methods Manual, Soil Survey Investigations Report No. 42 Version 5.0, Issued 2014","Acid Oxalate Extractable (4G2)",0.100,0.600,1.000,"USDA NRCS Kellogg Soil Survey Laboratory","2014-01-01","2019-06-12",
"561d3953-7d42-4095-b594-0e31d6b4ebfc","phH2o","pH","Kellogg Soil Survey Laboratory Methods Manual, Soil Survey Investigations Report No. 42 Version 5.0, Issued 2014","Routine 1:1 Water and 1:2 0.01M CaCl2 pH (4C1a2a)",,,0.100,"USDA NRCS Kellogg Soil Survey Laboratory","2014-01-01","2019-06-12",
"21ce84c3-acf1-4515-a684-1aa3d9967c6f","ec12pre","decisiemensPerMeter","Kellogg Soil Survey Laboratory Methods Manual, Soil Survey Investigations Report No. 42 Version 5.0, Issued 2014","Salt Prediction 1:2 (soil/water) (4F1a1a1)",0.001,0.005,0.010,"USDA NRCS Kellogg Soil Survey Laboratory","2014-01-01","2019-06-12",
"3b2694a6-0fbe-40e9-8c66-91edd28853fa","cTot","percent","Kellogg Soil Survey Laboratory Methods Manual, Soil Survey Investigations Report No. 42 Version 5.0, Issued 2014","Total N, C, S (4H2a)",0.040,0.200,0.010,"USDA NRCS Kellogg Soil Survey Laboratory","2014-01-01","2019-06-12",
"2295da11-d51b-4f0f-ab01-dfb507b449d7","alOxalate","percent","Kellogg Soil Survey Laboratory Methods Manual, Soil Survey Investigations Report No. 42 Version 5.0, Issued 2014","Acid Oxalate Extractable (4G2)",0.002,0.009,0.010,"USDA NRCS Kellogg Soil Survey Laboratory","2014-01-01","2019-06-12",
