uid,domainID,siteID,pitNamedLocation,pitID,horizonID,bulkDensID,horizonName,setDate,collectDate,laboratoryName,labProjID,bulkDensCenterDepth,bulkDensTopDepth,bulkDensBottomDepth,bulkDensHorizonProportion,bulkDensSampleType,bulkDensExclCoarseFrag,remarks
"e970f530-ced8-418a-b61e-493481a30eee","D09","DCFS","MEGAPT100968","9_DAKOTAC_PIT1","9_DAKOTAC_PIT1_A2","9_DAKOTAC_PIT1_8-18_BULKD_A2","A2","2012-09-26","2012-09-26","USDA NRCS Kellogg Soil Survey Laboratory - Lincoln - NE","I2013USND001",13.0,8.0,18.0,1.0,"Regular",1.1909,
"588069df-8ece-4efc-8469-727c4c551769","D09","DCFS","MEGAPT100968","9_DAKOTAC_PIT1","9_DAKOTAC_PIT1_BK1","9_DAKOTAC_PIT1_36-46_BULKD_BK1","Bk1","2012-09-26","2012-09-26","USDA NRCS Kellogg Soil Survey Laboratory - Lincoln - NE","I2013USND001",41.0,36.0,46.0,1.0,"Regular",1.3825,
"94087268-fc98-44f8-9fb2-f231d7d9f333","D09","DCFS","MEGAPT100968","9_DAKOTAC_PIT1","9_DAKOTAC_PIT1_BC","9_DAKOTAC_PIT1_96-106_BULKD_BC","BC","2012-09-26","2012-09-26","USDA NRCS Kellogg Soil Survey Laboratory - Lincoln - NE","I2013USND001",101.0,96.0,106.0,1.0,"Regular",1.3970,
"dfb67957-f3d7-4666-96de-8be3877f5493","D09","DCFS","MEGAPT100968","9_DAKOTAC_PIT1","9_DAKOTAC_PIT1_C3","9_DAKOTAC_PIT1_170-180_BULKD_C3","C3","2012-09-26","2012-09-26","USDA NRCS Kellogg Soil Survey Laboratory - Lincoln - NE","I2013USND001",175.0,170.0,180.0,1.0,"Regular",1.4331,
"ec6596b8-532b-46dc-9e29-5ade1423b838","D09","DCFS","MEGAPT100968","9_DAKOTAC_PIT1","9_DAKOTAC_PIT1_C1","9_DAKOTAC_PIT1_116-126_BULKD_C1","C1","2012-09-26","2012-09-26","USDA NRCS Kellogg Soil Survey Laboratory - Lincoln - NE","I2013USND001",121.0,116.0,126.0,1.0,"Regular",1.2261,
"0b37ae06-d268-41f3-a389-9bd35db12ad7","D09","DCFS","MEGAPT100968","9_DAKOTAC_PIT1","9_DAKOTAC_PIT1_BK2","9_DAKOTAC_PIT1_63-73_BULKD_BK2","Bk2","2012-09-26","2012-09-26","USDA NRCS Kellogg Soil Survey Laboratory - Lincoln - NE","I2013USND001",68.0,63.0,73.0,1.0,"Regular",1.3460,
"8f55769c-6de4-4b69-8fa7-8051fdc5f210","D09","DCFS","MEGAPT100968","9_DAKOTAC_PIT1","9_DAKOTAC_PIT1_C2","9_DAKOTAC_PIT1_155-165_BULKD_C2","C2","2012-09-26","2012-09-26","USDA NRCS Kellogg Soil Survey Laboratory - Lincoln - NE","I2013USND001",160.0,155.0,165.0,1.0,"Regular",1.3544,
"e324b907-e3ec-4fdd-a96d-03ef5b5871c2","D09","DCFS","MEGAPT100968","9_DAKOTAC_PIT1","9_DAKOTAC_PIT1_BW","9_DAKOTAC_PIT1_26-35_BULKD_BW","Bw","2012-09-26","2012-09-26","USDA NRCS Kellogg Soil Survey Laboratory - Lincoln - NE","I2013USND001",30.5,26.0,35.0,1.0,"Regular",1.2984,
"be5790fd-bd6f-4933-bab0-2318dd0e8df2","D09","DCFS","MEGAPT100968","9_DAKOTAC_PIT1","9_DAKOTAC_PIT1_A3","9_DAKOTAC_PIT1_18-26_BULKD_A3","A3","2012-09-26","2012-09-26","USDA NRCS Kellogg Soil Survey Laboratory - Lincoln - NE","I2013USND001",22.0,18.0,26.0,1.0,"Regular",1.1169,
"525b3dbc-cee1-41da-925e-be41a21a00ff","D09","DCFS","MEGAPT100968","9_DAKOTAC_PIT1","9_DAKOTAC_PIT1_A1","9_DAKOTAC_PIT1_0-8_BULKD_A1","A1","2012-09-26","2012-09-26","USDA NRCS Kellogg Soil Survey Laboratory - Lincoln - NE","I2013USND001",4.0,0.0,8.0,1.0,"Regular",0.7419,
