uid,domainID,siteID,pitNamedLocation,pitID,horizonID,horizonName,setDate,collectDate,archiveID,archiveLaboratoryName,archiveTopDepth,archiveBottomDepth,remarks,sampleMass
"4fcd4664-9530-4ec3-b8dc-4a302fdf5cb1","D09","DCFS","MEGAPT100968","9_DAKOTAC_PIT1","9_DAKOTAC_PIT1_BW","Bw","2012-09-26","2012-09-26","9_DAKOTAC_PIT1_26-35_ARCHIVE_BW","NEON",26.0,35.0,,1199.6
"f372cda0-705f-437a-b173-1f0a460603b5","D09","DCFS","MEGAPT100968","9_DAKOTAC_PIT1","9_DAKOTAC_PIT1_C1","C1","2012-09-26","2012-09-26","9_DAKOTAC_PIT1_110-148_ARCHIVE_C1","NEON",110.0,148.0,,1201.7
"09e8119d-0c59-4370-a44c-adb530527259","D09","DCFS","MEGAPT100968","9_DAKOTAC_PIT1","9_DAKOTAC_PIT1_BC","BC","2012-09-26","2012-09-26","9_DAKOTAC_PIT1_92-110_ARCHIVE_BC","NEON",92.0,110.0,,1200.5
"e2dc8e98-9bd3-498c-a991-72f5f7f310d3","D09","DCFS","MEGAPT100968","9_DAKOTAC_PIT1","9_DAKOTAC_PIT1_C3","C3","2012-09-26","2012-09-26","9_DAKOTAC_PIT1_165-200_ARCHIVE_C3","NEON",165.0,200.0,,1201.3
"51505e5c-7ccd-4df9-adb2-7a70fefe8d5f","D09","DCFS","MEGAPT100968","9_DAKOTAC_PIT1","9_DAKOTAC_PIT1_C2","C2","2012-09-26","2012-09-26","9_DAKOTAC_PIT1_148-165_ARCHIVE_C2","NEON",148.0,165.0,,1202.0
"240f2fe1-2a1f-4468-8bad-60b594f0e903","D09","DCFS","MEGAPT100968","9_DAKOTAC_PIT1","9_DAKOTAC_PIT1_BK1","Bk1","2012-09-26","2012-09-26","9_DAKOTAC_PIT1_35-55_ARCHIVE_BK1","NEON",35.0,55.0,,1200.1
"9189331b-a463-4b08-a12e-756561ae59a7","D09","DCFS","MEGAPT100968","9_DAKOTAC_PIT1","9_DAKOTAC_PIT1_BK2","Bk2","2012-09-26","2012-09-26","9_DAKOTAC_PIT1_55-92_ARCHIVE_BK2","NEON",55.0,92.0,,1201.3
"ac95fa78-beae-46b5-a24c-be7a6e6d3ca3","D09","DCFS","MEGAPT100968","9_DAKOTAC_PIT1","9_DAKOTAC_PIT1_A1","A1","2012-09-26","2012-09-26","9_DAKOTAC_PIT1_0-8_ARCHIVE_A1","NEON",0.0,8.0,,1200.1
"89adfa9d-481e-4814-ac35-d9c1ff8a489f","D09","DCFS","MEGAPT100968","9_DAKOTAC_PIT1","9_DAKOTAC_PIT1_A2","A2","2012-09-26","2012-09-26","9_DAKOTAC_PIT1_8-18_ARCHIVE_A2","NEON",8.0,18.0,,1199.7
"a7493263-647d-4bdf-b7f3-1a1ae77f8f7b","D09","DCFS","MEGAPT100968","9_DAKOTAC_PIT1","9_DAKOTAC_PIT1_A3","A3","2012-09-26","2012-09-26","9_DAKOTAC_PIT1_18-26_ARCHIVE_A3","NEON",18.0,26.0,,1200.1
