uid,domainID,siteID,pitNamedLocation,pitID,horizonID,horizonName,setDate,collectDate,horizonTopDepth,horizonBottomDepth,nrcsDescriptionID,remarks
"a66034dc-1fe6-4699-9cb6-78ea0bc77c90","D09","DCFS","MEGAPT100968","9_DAKOTAC_PIT1","9_DAKOTAC_PIT1_BC","BC","2012-09-26","2012-09-26",92.0,110.0,"12ND093002",
"67abdc33-d7a9-4dde-944d-7f3ba98f0bf7","D09","DCFS","MEGAPT100968","9_DAKOTAC_PIT1","9_DAKOTAC_PIT1_A1","A1","2012-09-26","2012-09-26",0.0,8.0,"12ND093002",
"03898002-df0b-4315-9a49-88fb90e1d4ee","D09","DCFS","MEGAPT100968","9_DAKOTAC_PIT1","9_DAKOTAC_PIT1_A3","A3","2012-09-26","2012-09-26",18.0,26.0,"12ND093002",
"7fca3b72-8dd2-495c-bba3-1ed7d6e4a552","D09","DCFS","MEGAPT100968","9_DAKOTAC_PIT1","9_DAKOTAC_PIT1_BK2","Bk2","2012-09-26","2012-09-26",55.0,92.0,"12ND093002",
"4f7d4888-a191-4685-8b9e-5cf097a29abc","D09","DCFS","MEGAPT100968","9_DAKOTAC_PIT1","9_DAKOTAC_PIT1_C2","C2","2012-09-26","2012-09-26",148.0,165.0,"12ND093002",
"85c2c308-a6e7-4fb0-9f87-38cfae54e8f6","D09","DCFS","MEGAPT100968","9_DAKOTAC_PIT1","9_DAKOTAC_PIT1_A2","A2","2012-09-26","2012-09-26",8.0,18.0,"12ND093002",
"a3e12a5b-a70c-47bf-8d45-b2d6918bc0e4","D09","DCFS","MEGAPT100968","9_DAKOTAC_PIT1","9_DAKOTAC_PIT1_BW","Bw","2012-09-26","2012-09-26",26.0,35.0,"12ND093002",
"cc919b11-ea4b-4540-9773-af7a91a7d5ca","D09","DCFS","MEGAPT100968","9_DAKOTAC_PIT1","9_DAKOTAC_PIT1_C1","C1","2012-09-26","2012-09-26",110.0,148.0,"12ND093002",
"1d394594-db5c-4de4-a371-3f2fd99e05f6","D09","DCFS","MEGAPT100968","9_DAKOTAC_PIT1","9_DAKOTAC_PIT1_C3","C3","2012-09-26","2012-09-26",165.0,200.0,"12ND093002",
"124b147e-dc1c-40b9-a43c-19f48f61e224","D09","DCFS","MEGAPT100968","9_DAKOTAC_PIT1","9_DAKOTAC_PIT1_BK1","Bk1","2012-09-26","2012-09-26",35.0,55.0,"12ND093002",
