uid,namedLocation,domainID,siteID,plotID,pitID,collectDate,testProtocolVersion,nrcsDescriptionID,horizonID,horizonName,horizonTopDepth,horizonBottomDepth,remarks,dataQF
"d38d854b-fbd3-4fb6-923b-6b0dd5fdc83f","OAES_016.basePlot.all","D11","OAES","OAES_016","1165603","2016-02-09","Field Book for Describing and Sampling Soils ver3","S2016OK149016","16N02147","A",0,8,,
"9b4c5f97-d257-425c-adde-870191b66123","OAES_016.basePlot.all","D11","OAES","OAES_016","1165603","2016-02-09","Field Book for Describing and Sampling Soils ver3","S2016OK149016","16N02148","Bw",8,28,,
"41e0705e-5eda-4442-a462-6c1567175594","OAES_016.basePlot.all","D11","OAES","OAES_016","1165603","2016-02-09","Field Book for Describing and Sampling Soils ver3","S2016OK149016","5763711","R",28,200,,
"bf32f64e-ecc4-4c37-9089-f57757ef75a0","OAES_019.basePlot.all","D11","OAES","OAES_019","1165601","2016-02-10","Field Book for Describing and Sampling Soils ver3","S2016OK149019","5763703","R",20,200,,
"d2e5b2b1-2092-4c1a-9ffa-1691fcff9ba2","OAES_030.basePlot.all","D11","OAES","OAES_030","1165600","2016-02-10","Field Book for Describing and Sampling Soils ver3","S2016OK149030","16N02161","Bw",8,25,,
"545f2fb5-e901-4e6e-8aad-de9848a402dd","OAES_005.basePlot.all","D11","OAES","OAES_005","1165604","2016-02-10","Field Book for Describing and Sampling Soils ver3","S2016OK149005","16N02130","A",0,11,,
"2aef45e9-96ea-4945-9731-84d001ba558f","OAES_019.basePlot.all","D11","OAES","OAES_019","1165601","2016-02-10","Field Book for Describing and Sampling Soils ver3","S2016OK149019","16N02150","Cr",11,20,,
"89363bcd-0209-4853-aa75-61d5b59591a5","OAES_030.basePlot.all","D11","OAES","OAES_030","1165600","2016-02-10","Field Book for Describing and Sampling Soils ver3","S2016OK149030","16N02160","A",0,8,,
"5b2b08c5-67ec-4062-81d2-43c9394096f7","OAES_005.basePlot.all","D11","OAES","OAES_005","1165604","2016-02-10","Field Book for Describing and Sampling Soils ver3","S2016OK149005","5763714","R",38,200,,
"e5ceba7b-29d7-47d3-95be-e64d05ae1839","OAES_005.basePlot.all","D11","OAES","OAES_005","1165604","2016-02-10","Field Book for Describing and Sampling Soils ver3","S2016OK149005","16N02132","Bw2",27,38,,
"dace46da-7a33-4200-9ab4-3379790c7fae","OAES_019.basePlot.all","D11","OAES","OAES_019","1165601","2016-02-10","Field Book for Describing and Sampling Soils ver3","S2016OK149019","16N02149","Ap",0,11,,
"da028074-fdd8-4fc0-8c5c-104199d22b4e","OAES_030.basePlot.all","D11","OAES","OAES_030","1165600","2016-02-10","Field Book for Describing and Sampling Soils ver3","S2016OK149030","5763700","R",25,200,,
"610f0936-745d-49b1-83fe-a5a698199748","OAES_005.basePlot.all","D11","OAES","OAES_005","1165604","2016-02-10","Field Book for Describing and Sampling Soils ver3","S2016OK149005","16N02131","Bw1",11,27,,
