uid,namedLocation,domainID,siteID,plotID,nrcsDescriptionID,collectDate,horizonID,horizonName,biogeoIDnrcs,biogeoSampleType,biogeoTopDepth,biogeoBottomDepth,biogeoCenterDepth,particleSizeDistProcessedDate,particleSizeDistMethodPub,particleSizeDistMethod,coarseFrag2To5,coarseFrag5To20,sandTotal,siltTotal,clayTotal,carbonateClay,clayFineContent,siltFineContent,siltCoarseContent,sandVeryFineContent,sandFineContent,sandMediumContent,sandCoarseContent,sandVeryCoarseContent,laboratoryName,dataQF
"28f6bd3a-1d71-41e9-92ef-c5c5f2d08d19","OAES_016.basePlot.all","D11","OAES","OAES_016","S2016OK149016","2016-02-09","16N02147","A","S2016OK149016-1","bulk",0.0,8.0,4.0,"2016-06-29","Kellogg Soil Survey Laboratory Methods Manual, Soil Survey Investigations Report No. 42 Version 5.0, Issued 2014","Routine Particle Size Distribution (3A1a1a)",42.3,20.1,13.6,62.3,24.1,,,22.8,39.5,11.9,1.0,0.4,0.3,0.0,"USDA NRCS Kellogg Soil Survey Laboratory",
"7231ef3e-29d0-4dae-9ffa-b77028b55cf1","OAES_016.basePlot.all","D11","OAES","OAES_016","S2016OK149016","2016-02-09","16N02148","Bw","S2016OK149016-2","bulk",8.0,28.0,18.0,"2016-06-29","Kellogg Soil Survey Laboratory Methods Manual, Soil Survey Investigations Report No. 42 Version 5.0, Issued 2014","Routine Particle Size Distribution (3A1a1a)",220.0,83.4,14.5,58.7,26.8,0.0,,24.0,34.7,11.9,1.1,0.7,0.7,0.1,"USDA NRCS Kellogg Soil Survey Laboratory",
"484c7e0d-05d3-4573-9a3d-7e6dc6fe17e0","OAES_005.basePlot.all","D11","OAES","OAES_005","S2016OK149005","2016-02-10","16N02131","Bw1","S2016OK149005-2","bulk",11.0,27.0,19.0,"2016-06-26","Kellogg Soil Survey Laboratory Methods Manual, Soil Survey Investigations Report No. 42 Version 5.0, Issued 2014","Routine Particle Size Distribution (3A1a1a)",0.0,0.0,22.4,51.4,26.2,0.0,,18.4,33.0,17.7,3.2,1.1,0.3,0.1,"USDA NRCS Kellogg Soil Survey Laboratory",
"94055fcc-86cd-440e-9b2e-8ecbdfb974ce","OAES_005.basePlot.all","D11","OAES","OAES_005","S2016OK149005","2016-02-10","16N02130","A","S2016OK149005-1","bulk",0.0,11.0,5.5,"2016-06-26","Kellogg Soil Survey Laboratory Methods Manual, Soil Survey Investigations Report No. 42 Version 5.0, Issued 2014","Routine Particle Size Distribution (3A1a1a)",0.0,0.0,25.7,51.7,22.6,0.0,,17.6,34.1,19.1,4.0,1.7,0.7,0.2,"USDA NRCS Kellogg Soil Survey Laboratory",
"a9bb81f0-2fd1-4ace-aeed-9b4fdad37200","OAES_030.basePlot.all","D11","OAES","OAES_030","S2016OK149030","2016-02-10","16N02161","Bw","S2016OK149030-2","bulk",8.0,25.0,16.5,"2016-07-01","Kellogg Soil Survey Laboratory Methods Manual, Soil Survey Investigations Report No. 42 Version 5.0, Issued 2014","Routine Particle Size Distribution (3A1a1a)",247.4,149.7,24.4,61.4,14.2,0.0,,31.0,30.4,12.0,2.3,2.4,6.6,1.1,"USDA NRCS Kellogg Soil Survey Laboratory",
"5ccc1264-a550-4af9-b266-4b2e303dde44","OAES_019.basePlot.all","D11","OAES","OAES_019","S2016OK149019","2016-02-10","16N02150","Cr","S2016OK149019-2","bulk",11.0,20.0,15.5,"2016-06-29","Kellogg Soil Survey Laboratory Methods Manual, Soil Survey Investigations Report No. 42 Version 5.0, Issued 2014","Routine Particle Size Distribution (3A1a1a)",102.6,667.7,32.9,52.6,14.5,3.8,,22.0,30.6,10.9,6.1,4.4,10.0,1.5,"USDA NRCS Kellogg Soil Survey Laboratory",
"98c3afa4-e58f-48a0-8893-c82b28a2a0a6","OAES_019.basePlot.all","D11","OAES","OAES_019","S2016OK149019","2016-02-10","16N02149","Ap","S2016OK149019-1","bulk",0.0,11.0,5.5,"2016-06-29","Kellogg Soil Survey Laboratory Methods Manual, Soil Survey Investigations Report No. 42 Version 5.0, Issued 2014","Routine Particle Size Distribution (3A1a1a)",110.7,107.8,19.1,63.9,17.0,0.0,,23.9,40.0,12.7,3.1,2.4,0.5,0.4,"USDA NRCS Kellogg Soil Survey Laboratory",
"24cd7837-059a-4e4c-9e06-c32aaac3649c","OAES_005.basePlot.all","D11","OAES","OAES_005","S2016OK149005","2016-02-10","16N02132","Bw2","S2016OK149005-3","bulk",27.0,38.0,32.5,"2016-06-26","Kellogg Soil Survey Laboratory Methods Manual, Soil Survey Investigations Report No. 42 Version 5.0, Issued 2014","Routine Particle Size Distribution (3A1a1a)",0.0,0.0,19.2,52.1,28.7,0.0,,21.1,31.0,15.7,2.0,1.1,0.4,0.0,"USDA NRCS Kellogg Soil Survey Laboratory",
"08b116e8-2587-4cc5-b92f-0cec263338b0","OAES_030.basePlot.all","D11","OAES","OAES_030","S2016OK149030","2016-02-10","16N02160","A","S2016OK149030-1","bulk",0.0,8.0,4.0,"2016-07-01","Kellogg Soil Survey Laboratory Methods Manual, Soil Survey Investigations Report No. 42 Version 5.0, Issued 2014","Routine Particle Size Distribution (3A1a1a)",200.9,136.0,24.1,63.3,12.6,,,30.2,33.1,11.8,1.8,2.0,4.9,3.6,"USDA NRCS Kellogg Soil Survey Laboratory",
