uid,namedLocation,domainID,siteID,plotID,nrcsDescriptionID,collectDate,horizonID,horizonName,bulkDensProcessedDate,bulkDensMethodPub,bulkDensMethod,bulkDensIDnrcs,bulkDensSampleType,bulkDensCenterDepth,bulkDensTopDepth,bulkDensBottomDepth,bulkDensThirdBar,bulkDensOvenDry,bulkDensFieldMoist,waterRetentionThirdBar,fieldWaterContent,laboratoryName,remarks,dataQF
"70b941a8-a987-479a-8d42-9322ee5d3161","OAES_016.basePlot.all","D11","OAES","OAES_016","S2016OK149016","2016-02-09","16N02147","A","2016-10-05","Kellogg Soil Survey Laboratory Methods Manual, Soil Survey Investigations Report No. 42 Version 5.0, Issued 2014","Bulk Density, Clods (3B1)","S2016OK149016-1","clod",4.0,0.0,8.0,1.27,1.33,,27.4,,"USDA NRCS Kellogg Soil Survey Laboratory",,
"5f080f29-f5b6-4acc-8644-b05e6e2c8ee9","OAES_016.basePlot.all","D11","OAES","OAES_016","S2016OK149016","2016-02-09","16N02148","Bw","2016-10-05","Kellogg Soil Survey Laboratory Methods Manual, Soil Survey Investigations Report No. 42 Version 5.0, Issued 2014","Bulk Density, Clods (3B1)","S2016OK149016-2","clod",18.0,8.0,28.0,1.29,1.39,,26.1,,"USDA NRCS Kellogg Soil Survey Laboratory",,
"54f3ea59-a087-42c0-91e2-e218e77a07ed","OAES_030.basePlot.all","D11","OAES","OAES_030","S2016OK149030","2016-02-10","16N02161","Bw","2016-10-05","Kellogg Soil Survey Laboratory Methods Manual, Soil Survey Investigations Report No. 42 Version 5.0, Issued 2014","Bulk Density, Clods (3B1)","S2016OK149030-2","clod",16.5,8.0,25.0,1.10,1.27,,23.4,,"USDA NRCS Kellogg Soil Survey Laboratory",,
"6a2cc7fc-6553-4c4d-be87-19c44bf84d05","OAES_005.basePlot.all","D11","OAES","OAES_005","S2016OK149005","2016-02-10","16N02130","A","2016-10-05","Kellogg Soil Survey Laboratory Methods Manual, Soil Survey Investigations Report No. 42 Version 5.0, Issued 2014","Bulk Density, Clods (3B1)","S2016OK149005-1","clod",5.5,0.0,11.0,1.37,1.46,,15.2,,"USDA NRCS Kellogg Soil Survey Laboratory",,
"e89a9e50-ac84-4e92-b2fb-a74fcc8f4fcd","OAES_005.basePlot.all","D11","OAES","OAES_005","S2016OK149005","2016-02-10","16N02131","Bw1","2016-10-05","Kellogg Soil Survey Laboratory Methods Manual, Soil Survey Investigations Report No. 42 Version 5.0, Issued 2014","Bulk Density, Clods (3B1)","S2016OK149005-2","clod",19.0,11.0,27.0,1.40,1.54,,12.6,,"USDA NRCS Kellogg Soil Survey Laboratory",,
"a3e29bd4-76e9-4d98-9885-afb7e6ebba7f","OAES_030.basePlot.all","D11","OAES","OAES_030","S2016OK149030","2016-02-10","16N02160","A","2016-10-05","Kellogg Soil Survey Laboratory Methods Manual, Soil Survey Investigations Report No. 42 Version 5.0, Issued 2014","Bulk Density, Clods (3B1)","S2016OK149030-1","clod",4.0,0.0,8.0,1.16,1.23,,25.9,,"USDA NRCS Kellogg Soil Survey Laboratory",,
"00d8c6ca-16d6-4da1-a2bc-f7587189996a","OAES_005.basePlot.all","D11","OAES","OAES_005","S2016OK149005","2016-02-10","16N02132","Bw2","2016-10-05","Kellogg Soil Survey Laboratory Methods Manual, Soil Survey Investigations Report No. 42 Version 5.0, Issued 2014","Bulk Density, Clods (3B1)","S2016OK149005-3","clod",32.5,27.0,38.0,1.31,1.50,,16.5,,"USDA NRCS Kellogg Soil Survey Laboratory",,
"3ccd2767-bcee-494e-8887-9eb27818871f","OAES_019.basePlot.all","D11","OAES","OAES_019","S2016OK149019","2016-02-10","16N02149","Ap","2016-10-05","Kellogg Soil Survey Laboratory Methods Manual, Soil Survey Investigations Report No. 42 Version 5.0, Issued 2014","Bulk Density, Clods (3B1)","S2016OK149019-1","clod",5.5,0.0,11.0,1.12,1.24,,24.5,,"USDA NRCS Kellogg Soil Survey Laboratory",,
