uid,domainID,siteID,plotID,namedLocation,plotType,nlcdClass,geodeticDatum,decimalLatitude,decimalLongitude,coordinateUncertainty,elevation,elevationUncertainty,collectDate,referenceCorner,sampleDistance,sampleBearing,pitID,testProtocolVersion,soilSamplingMethod,sampleRelativeLocation,pitDepth,recordedByA,soilProfileDescriberA,soilProfileDescriberInst,nrcsDescriptionID,soilSeries,soilFamily,soilSubgroup,soilGreatGroup,soilSuborder,soilOrder,remarks,dataQF
"57084998-fbb7-4204-9681-cae46defce56","D11","OAES","OAES_016","OAES_016.basePlot.all","distributed","grasslandHerbaceous","WGS84",35.410784,-99.069142,20.1,511.3,0.1,"2016-02-09","SW40",1.6,230,"1165603","Field Book for Describing and Sampling Soils ver3","soil pit","Center marker",200,"YUP4yULhrfJ0PUALwDe9Wg==","YUP4yULhrfJ0PUALwDe9Wg==","Natural Resource Conservation Service","S2016OK149016","Cordell","Loamy, mixed, active, thermic Lithic Haplustepts","lithic haplustepts","haplustepts","ustepts","inceptisols","15.6;230; 40X40 center marker",
"42a5606c-fd18-447a-80aa-6745363b2374","D11","OAES","OAES_005","OAES_005.basePlot.all","distributed","grasslandHerbaceous","WGS84",35.404299,-99.080041,20.1,511.9,0.1,"2016-02-10","SW40",1.7,20,"1165604","Field Book for Describing and Sampling Soils ver3","soil pit","Center marker",200,"YUP4yULhrfJ0PUALwDe9Wg==","YUP4yULhrfJ0PUALwDe9Wg==","Natural Resource Conservation Service","S2016OK149005","Cordell","Loamy, mixed, active, thermic Lithic Haplustepts","lithic haplustepts","haplustepts","ustepts","inceptisols","16.7;20; 40X40 center marker",
"5a92306f-84c6-450f-bfcf-a0be777c740b","D11","OAES","OAES_030","OAES_030.basePlot.all","distributed","shrubScrub","WGS84",35.409948,-99.071457,20.1,503.8,0.1,"2016-02-10","SW40",1.8,120,"1165600","Field Book for Describing and Sampling Soils ver3","soil pit","Center marker",200,"YUP4yULhrfJ0PUALwDe9Wg==","YUP4yULhrfJ0PUALwDe9Wg==","Natural Resource Conservation Service","S2016OK149030","Cordell","Loamy, mixed, active, thermic Lithic Haplustepts","lithic haplustepts","haplustepts","ustepts","inceptisols","17.5;120; 40X40 center marker",
"ad79c049-1f89-4a6c-94cb-011a364baad1","D11","OAES","OAES_019","OAES_019.basePlot.all","distributed","grasslandHerbaceous","WGS84",35.403750,-99.077405,20.1,503.2,0.1,"2016-02-10","SW40",1.8,30,"1165601","Field Book for Describing and Sampling Soils ver3","soil pit","Center marker",200,"YUP4yULhrfJ0PUALwDe9Wg==","YUP4yULhrfJ0PUALwDe9Wg==","Natural Resource Conservation Service","S2016OK149019","Cordell-Eroded","Loamy, mixed, active, thermic Lithic Ustorthents","lithic ustorthents","ustorthents","orthents","entisols","17.7;30; 40X40 center marker",
