uid,domainID,siteID,pitNamedLocation,pitID,horizonID,horizonName,setDate,collectDate,horizonTopDepth,horizonBottomDepth,nrcsDescriptionID,remarks
"febc7625-06fb-4542-b89f-cc8ca6f010ce","D08","LENO","MEGAPT100980","D08_LENO_PIT1","8_LENOIR_PIT1_BG1","Bg1","2015-03-16","2015-03-16",21.0,58.0,"S2015AL023004",
"c183479a-4f03-47e1-9ac7-5a3d50c63d30","D08","LENO","MEGAPT100980","D08_LENO_PIT1","8_LENOIR_PIT1_BG4","Bg4","2015-03-16","2015-03-16",147.0,200.0,"S2015AL023004",
"ee97a8ac-e525-4fd2-9c30-acacf9b360cc","D08","LENO","MEGAPT100980","D08_LENO_PIT1","8_LENOIR_PIT1_BG3","Bg3","2015-03-16","2015-03-16",102.0,147.0,"S2015AL023004",
"382e3b1d-7a62-4ac6-9676-419c3fe568ad","D08","LENO","MEGAPT100980","D08_LENO_PIT1","8_LENOIR_PIT1_OI","Oi","2015-03-16","2015-03-16",0.0,2.0,"S2015AL023004",
"fe077890-3f52-4bb4-8cee-080645531252","D08","LENO","MEGAPT100980","D08_LENO_PIT1","8_LENOIR_PIT1_BW","Bw","2015-03-16","2015-03-16",8.0,21.0,"S2015AL023004",
"e928919e-685d-4c2e-b833-992f2794ef1d","D08","LENO","MEGAPT100980","D08_LENO_PIT1","8_LENOIR_PIT1_A","A","2015-03-16","2015-03-16",2.0,8.0,"S2015AL023004",
"41ca5448-bed2-4641-82f8-9ff8316bbf4c","D08","LENO","MEGAPT100980","D08_LENO_PIT1","8_LENOIR_PIT1_BG2","Bg2","2015-03-16","2015-03-16",58.0,102.0,"S2015AL023004",
