uid,domainID,siteID,pitNamedLocation,pitID,horizonID,horizonName,setDate,collectDate,archiveID,archiveLaboratoryName,archiveTopDepth,archiveBottomDepth,remarks,sampleMass
"bd24079d-5f6b-4e74-bbf5-917c0e314283","D08","LENO","MEGAPT100980","D08_LENO_PIT1","8_LENOIR_PIT1_BG4","Bg4","2015-03-16","2015-03-16","D08_LENOIR_PIT1_ARCHIVE_147-200_BG4","NEON",147.0,200.0,,3601.1
"0e6c5ac7-e981-46cb-b61a-79d6316afbe4","D08","LENO","MEGAPT100980","D08_LENO_PIT1","8_LENOIR_PIT1_OI","Oi","2015-03-16","2015-03-16","D08_LENOIR_PIT1_ARCHIVE_0-2_OI","NEON",0.0,2.0,,3600.7
"eb20da5f-e1e7-4e87-8ce3-ff9bdbaa2e24","D08","LENO","MEGAPT100980","D08_LENO_PIT1","8_LENOIR_PIT1_BW","Bw","2015-03-16","2015-03-16","D08_LENOIR_PIT1_ARCHIVE_8-21_BW","NEON",8.0,21.0,,3600.7
"98033f31-28aa-4c20-afeb-93dd58d4d382","D08","LENO","MEGAPT100980","D08_LENO_PIT1","8_LENOIR_PIT1_BG1","Bg1","2015-03-16","2015-03-16","D08_LENOIR_PIT1_ARCHIVE_21-58_BG1","NEON",21.0,58.0,,3599.9
"b940d874-7e63-4a25-9f25-05674bd75d23","D08","LENO","MEGAPT100980","D08_LENO_PIT1","8_LENOIR_PIT1_BG2","Bg2","2015-03-16","2015-03-16","D08_LENOIR_PIT1_ARCHIVE_58-102_BG2","NEON",58.0,102.0,,3601.1
"3a2cdbca-4a5c-48f9-a493-51cfe87c7e49","D08","LENO","MEGAPT100980","D08_LENO_PIT1","8_LENOIR_PIT1_BG3","Bg3","2015-03-16","2015-03-16","D08_LENOIR_PIT1_ARCHIVE_102-147_BG3","NEON",102.0,147.0,,3602.0
"19533669-c43b-4142-9588-34bf51099207","D08","LENO","MEGAPT100980","D08_LENO_PIT1","8_LENOIR_PIT1_A","A","2015-03-16","2015-03-16","D08_LENOIR_PIT1_ARCHIVE_2-8_A","NEON",2.0,8.0,,3601.0
