uid,domainID,siteID,pitNamedLocation,pitID,horizonID,bulkDensID,horizonName,setDate,collectDate,laboratoryName,labProjID,bulkDensCenterDepth,bulkDensTopDepth,bulkDensBottomDepth,bulkDensHorizonProportion,bulkDensSampleType,bulkDensExclCoarseFrag,remarks
"4d011064-aac5-4a24-b19d-012f77b6cab2","D08","LENO","MEGAPT100980","D08_LENO_PIT1","8_LENOIR_PIT1_A","D08_LENOIR_PIT1_BULKD_2-7_A","A","2015-03-16","2015-03-16","USDA NRCS Kellogg Soil Survey Laboratory - Lincoln - NE","I2015USAL049",4.5,2.0,7.0,1.0,"Regular",1.2136,
"d1066d08-a05b-467f-b017-f160899d0b01","D08","LENO","MEGAPT100980","D08_LENO_PIT1","8_LENOIR_PIT1_BW","D08_LENOIR_PIT1_BULKD_9-19_BW","Bw","2015-03-16","2015-03-16","USDA NRCS Kellogg Soil Survey Laboratory - Lincoln - NE","I2015USAL049",14.0,9.0,19.0,1.0,"Regular",1.0776,
"f3d7b7b1-8b40-48e2-8571-7bb397496457","D08","LENO","MEGAPT100980","D08_LENO_PIT1","8_LENOIR_PIT1_BG1","D08_LENOIR_PIT1_BULKD_35-40_BG1","Bg1","2015-03-16","2015-03-16","USDA NRCS Kellogg Soil Survey Laboratory - Lincoln - NE","I2015USAL049",37.5,35.0,40.0,1.0,"Regular",1.3767,
"5e3faed4-f48b-45dc-8345-09a10d4dd8c2","D08","LENO","MEGAPT100980","D08_LENO_PIT1","8_LENOIR_PIT1_OI","D08_LENOIR_PIT1_BULKD_0-2_OI","Oi","2015-03-16","2015-03-16","USDA NRCS Kellogg Soil Survey Laboratory - Lincoln - NE","I2015USAL049",1.0,0.0,2.0,1.0,"Regular",0.1397,
"5c059360-48a5-4495-bed4-2eee0f03c3f3","D08","LENO","MEGAPT100980","D08_LENO_PIT1","8_LENOIR_PIT1_BG4","D08_LENOIR_PIT1_BULKD_160-165_BG4","Bg4","2015-03-16","2015-03-16","USDA NRCS Kellogg Soil Survey Laboratory - Lincoln - NE","I2015USAL049",162.5,160.0,165.0,1.0,"Regular",1.3568,
"09716fb9-241c-4c08-afd4-600817fe3407","D08","LENO","MEGAPT100980","D08_LENO_PIT1","8_LENOIR_PIT1_BG3","D08_LENOIR_PIT1_BULKD_110-115_BG3","Bg3","2015-03-16","2015-03-16","USDA NRCS Kellogg Soil Survey Laboratory - Lincoln - NE","I2015USAL049",112.5,110.0,115.0,1.0,"Regular",1.4443,
"34e5fcbb-cc08-43b4-b9f3-f89eb4937e5c","D08","LENO","MEGAPT100980","D08_LENO_PIT1","8_LENOIR_PIT1_BG2","D08_LENOIR_PIT1_BULKD_75-80_BG2","Bg2","2015-03-16","2015-03-16","USDA NRCS Kellogg Soil Survey Laboratory - Lincoln - NE","I2015USAL049",72.5,70.0,75.0,1.0,"Regular",1.4045,
