uid,namedLocation,domainID,siteID,plotID,pitID,collectDate,testProtocolVersion,nrcsDescriptionID,horizonID,horizonName,horizonTopDepth,horizonBottomDepth,remarks,dataQF
"6bf57782-6b7b-4b41-bc8c-aeb086add40c","DEJU_045.basePlot.all","D19","DEJU","DEJU_045","1115447","2017-07-31","Field Book for Describing and Sampling Soils ver3","S2017AK240045","18N02974","2BC",25,70,,
"28bbc92f-3751-422e-a36b-48f3397c8cda","DEJU_011.basePlot.all","D19","DEJU","DEJU_011","1115438","2017-07-31","Field Book for Describing and Sampling Soils ver3","S2017AK240011","18N02929","2C",28,100,,
"7c2a36f2-86a2-4daf-8ff4-9a7a194f1d9e","DEJU_045.basePlot.all","D19","DEJU","DEJU_045","1115447","2017-07-31","Field Book for Describing and Sampling Soils ver3","S2017AK240045","18N02972","A/E",5,8,,
"f0a95114-ab91-468d-a100-40c1f0258a1d","DEJU_027.basePlot.all","D19","DEJU","DEJU_027","1115446","2017-07-31","Field Book for Describing and Sampling Soils ver3","S2017AK240027","18N02971","2C",63,100,,
"080d355d-06e2-45df-8601-f1f59ef8c466","DEJU_011.basePlot.all","D19","DEJU","DEJU_011","1115438","2017-07-31","Field Book for Describing and Sampling Soils ver3","S2017AK240011","18N02928","2BC",9,28,,
"85e3bd3d-6317-42d9-aa4d-17661a85e5e9","DEJU_045.basePlot.all","D19","DEJU","DEJU_045","1115447","2017-07-31","Field Book for Describing and Sampling Soils ver3","S2017AK240045","18N02975","2C",70,100,,
"f5f2aed5-2b44-4091-bd1d-2b2356954a59","DEJU_027.basePlot.all","D19","DEJU","DEJU_027","1115446","2017-07-31","Field Book for Describing and Sampling Soils ver3","S2017AK240027","5298435","Oa",6,13,,
"ae6676c2-369c-4b68-8c75-dd57e73511b1","DEJU_027.basePlot.all","D19","DEJU","DEJU_027","1115446","2017-07-31","Field Book for Describing and Sampling Soils ver3","S2017AK240027","18N02969","Bw",15,37,,
"a07326cc-c8cf-40f4-b202-f37a3c0638d1","DEJU_011.basePlot.all","D19","DEJU","DEJU_011","1115438","2017-07-31","Field Book for Describing and Sampling Soils ver3","S2017AK240011","5298390","Oe",0,5,,
"15635d16-2eca-4b32-a751-d28e0ccc167c","DEJU_027.basePlot.all","D19","DEJU","DEJU_027","1115446","2017-07-31","Field Book for Describing and Sampling Soils ver3","S2017AK240027","5298434","Oe",0,6,,
"5b09fd3c-9c45-4371-887f-94c1ab3090e2","DEJU_045.basePlot.all","D19","DEJU","DEJU_045","1115447","2017-07-31","Field Book for Describing and Sampling Soils ver3","S2017AK240045","18N02973","Bw",8,25,,
"e9b6b4c6-9d23-4eee-a5d1-3857f43bf05f","DEJU_027.basePlot.all","D19","DEJU","DEJU_027","1115446","2017-07-31","Field Book for Describing and Sampling Soils ver3","S2017AK240027","18N02970","2BC",37,63,,
"d3e3fb61-7a5f-4b5b-8fdd-6d6be6695633","DEJU_011.basePlot.all","D19","DEJU","DEJU_011","1115438","2017-07-31","Field Book for Describing and Sampling Soils ver3","S2017AK240011","18N02927","A/E",5,9,,
"ca08c6ce-00d9-4615-89cc-2bf71985469a","DEJU_045.basePlot.all","D19","DEJU","DEJU_045","1115447","2017-07-31","Field Book for Describing and Sampling Soils ver3","S2017AK240045","5298440","Oe",0,5,,
"5f343bd6-539b-4264-9f4f-cb985dd7e446","DEJU_027.basePlot.all","D19","DEJU","DEJU_027","1115446","2017-07-31","Field Book for Describing and Sampling Soils ver3","S2017AK240027","18N02968","A",13,15,,
