uid,namedLocation,domainID,siteID,plotID,nrcsDescriptionID,collectDate,horizonID,horizonName,biogeoIDnrcs,biogeoSampleType,biogeoTopDepth,biogeoBottomDepth,biogeoCenterDepth,particleSizeDistProcessedDate,particleSizeDistMethodPub,particleSizeDistMethod,coarseFrag2To5,coarseFrag5To20,sandTotal,siltTotal,clayTotal,carbonateClay,clayFineContent,siltFineContent,siltCoarseContent,sandVeryFineContent,sandFineContent,sandMediumContent,sandCoarseContent,sandVeryCoarseContent,laboratoryName,dataQF
"19a2fa6b-8b00-480c-8240-fb5fdbafaacd","DEJU_045.basePlot.all","D19","DEJU","DEJU_045","S2017AK240045","2017-07-31","18N02972","A/E","S2017AK240045-2","bulk",5.0,8.0,6.5,"2018-08-14","Kellogg Soil Survey Laboratory Methods Manual, Soil Survey Investigations Report No. 42 Version 5.0, Issued 2014","Routine Particle Size Distribution (3A1a1a)",11.9,0.0,36.5,55.2,8.3,,,23.9,31.3,18.6,5.1,4.5,4.1,4.2,"USDA NRCS Kellogg Soil Survey Laboratory",
"044df2b0-4887-4949-8cc3-f90713cd887e","DEJU_027.basePlot.all","D19","DEJU","DEJU_027","S2017AK240027","2017-07-31","18N02970","2BC","S2017AK240027-5","bulk",37.0,63.0,50.0,"2018-08-14","Kellogg Soil Survey Laboratory Methods Manual, Soil Survey Investigations Report No. 42 Version 5.0, Issued 2014","Routine Particle Size Distribution (3A1a1a)",293.5,10.9,91.4,6.4,2.2,,,2.6,3.8,3.3,7.7,15.9,28.9,35.6,"USDA NRCS Kellogg Soil Survey Laboratory",
"942adc35-63d3-42dd-8a12-b6f6ca9ce898","DEJU_011.basePlot.all","D19","DEJU","DEJU_011","S2017AK240011","2017-07-31","18N02927","A/E","S2017AK240011-2","bulk",5.0,9.0,7.0,"2018-08-07","Kellogg Soil Survey Laboratory Methods Manual, Soil Survey Investigations Report No. 42 Version 5.0, Issued 2014","Routine Particle Size Distribution (3A1a1a)",0.0,0.0,30.8,62.8,6.4,,,30.2,32.6,18.6,8.7,2.2,0.6,0.7,"USDA NRCS Kellogg Soil Survey Laboratory",
"e07b1c39-3886-47f3-9001-a1fbb8b80f63","DEJU_027.basePlot.all","D19","DEJU","DEJU_027","S2017AK240027","2017-07-31","18N02971","2C","S2017AK240027-6","bulk",63.0,100.0,81.5,"2018-08-14","Kellogg Soil Survey Laboratory Methods Manual, Soil Survey Investigations Report No. 42 Version 5.0, Issued 2014","Routine Particle Size Distribution (3A1a1a)",176.8,5.4,79.5,15.8,4.7,,,8.6,7.2,7.8,15.7,17.4,24.3,14.3,"USDA NRCS Kellogg Soil Survey Laboratory",
"449cdb4b-4f88-426a-a590-fdbd0c7b43d7","DEJU_011.basePlot.all","D19","DEJU","DEJU_011","S2017AK240011","2017-07-31","18N02928","2BC","S2017AK240011-3","bulk",9.0,28.0,18.5,"2018-08-07","Kellogg Soil Survey Laboratory Methods Manual, Soil Survey Investigations Report No. 42 Version 5.0, Issued 2014","Routine Particle Size Distribution (3A1a1a)",75.5,235.7,45.1,48.8,6.1,,,27.2,21.6,15.3,11.2,7.2,6.0,5.4,"USDA NRCS Kellogg Soil Survey Laboratory",
"758c0948-4428-4cc5-ba00-090fded3ed2c","DEJU_045.basePlot.all","D19","DEJU","DEJU_045","S2017AK240045","2017-07-31","18N02973","Bw","S2017AK240045-3","bulk",8.0,25.0,16.5,"2018-08-14","Kellogg Soil Survey Laboratory Methods Manual, Soil Survey Investigations Report No. 42 Version 5.0, Issued 2014","Routine Particle Size Distribution (3A1a1a)",10.1,8.7,40.1,50.6,9.3,,,27.2,23.4,19.3,9.6,5.2,4.1,1.9,"USDA NRCS Kellogg Soil Survey Laboratory",
"e36bcc77-65b6-4c90-a641-91018469349a","DEJU_045.basePlot.all","D19","DEJU","DEJU_045","S2017AK240045","2017-07-31","18N02975","2C","S2017AK240045-5","bulk",70.0,100.0,85.0,"2018-08-14","Kellogg Soil Survey Laboratory Methods Manual, Soil Survey Investigations Report No. 42 Version 5.0, Issued 2014","Routine Particle Size Distribution (3A1a1a)",206.8,1.6,83.0,12.1,4.9,,,5.6,6.5,5.8,14.1,17.0,27.4,18.7,"USDA NRCS Kellogg Soil Survey Laboratory",
"9edaa396-0518-4109-bfe1-f2b64dcb71cf","DEJU_027.basePlot.all","D19","DEJU","DEJU_027","S2017AK240027","2017-07-31","18N02969","Bw","S2017AK240027-4","bulk",15.0,37.0,26.0,"2018-08-14","Kellogg Soil Survey Laboratory Methods Manual, Soil Survey Investigations Report No. 42 Version 5.0, Issued 2014","Routine Particle Size Distribution (3A1a1a)",0.0,0.0,40.1,52.0,7.9,,,27.4,24.6,23.0,11.1,3.8,1.8,0.4,"USDA NRCS Kellogg Soil Survey Laboratory",
"9ccd34a9-07e4-493f-b6b9-32cfd934f9b1","DEJU_045.basePlot.all","D19","DEJU","DEJU_045","S2017AK240045","2017-07-31","18N02974","2BC","S2017AK240045-4","bulk",25.0,70.0,47.5,"2018-08-14","Kellogg Soil Survey Laboratory Methods Manual, Soil Survey Investigations Report No. 42 Version 5.0, Issued 2014","Routine Particle Size Distribution (3A1a1a)",200.2,8.7,78.9,15.8,5.3,,,7.5,8.3,9.1,17.2,21.5,20.2,10.9,"USDA NRCS Kellogg Soil Survey Laboratory",
"7df6abf8-e3f6-466d-b1fb-6dd061aeecef","DEJU_027.basePlot.all","D19","DEJU","DEJU_027","S2017AK240027","2017-07-31","18N02968","A","S2017AK240027-3","bulk",13.0,15.0,14.0,"2018-08-14","Kellogg Soil Survey Laboratory Methods Manual, Soil Survey Investigations Report No. 42 Version 5.0, Issued 2014","Routine Particle Size Distribution (3A1a1a)",0.0,0.0,42.4,50.4,7.2,,,22.5,27.9,17.7,9.5,6.1,5.5,3.6,"USDA NRCS Kellogg Soil Survey Laboratory",
"43b918b7-a9cb-4f7a-ae9a-73f6ee38025c","DEJU_011.basePlot.all","D19","DEJU","DEJU_011","S2017AK240011","2017-07-31","18N02929","2C","S2017AK240011-4","bulk",28.0,100.0,64.0,"2018-08-07","Kellogg Soil Survey Laboratory Methods Manual, Soil Survey Investigations Report No. 42 Version 5.0, Issued 2014","Routine Particle Size Distribution (3A1a1a)",52.8,128.6,41.4,48.8,9.8,,,28.1,20.7,13.1,12.3,7.4,4.8,3.8,"USDA NRCS Kellogg Soil Survey Laboratory",
