uid,domainID,siteID,pitNamedLocation,pitID,horizonID,biogeoID,horizonName,biogeoHorizonProportion,biogeoSampleType,setDate,collectDate,coarseFrag2To5,coarseFrag5To20,sandTotal,siltTotal,clayTotal,carbonateClay,clayFineContent,siltFineContent,siltCoarseContent,sandVeryFineContent,sandFineContent,sandMediumContent,sandCoarseContent,sandVeryCoarseContent,carbonTot,nitrogenTot,sulfurTot,estimatedOC,airDryOvenDry,alMjelm,caMjelm,feMjelm,kMjelm,mgMjelm,mnMjelm,naMjelm,pMjelm,siMjelm,srMjelm,tiMjelm,zrMjelm,phCacl2,phH2o,ec12pre,gypsumConc,caco3Conc,caNh4d,kNh4d,mgNh4d,naNh4d,cecdNh4,alSatCecd33,baseSumCecd10,bsesatCecd10,ececCecd33,alKcl,feKcl,mnKcl,bSatx,brSatx,caSatx,clSatx,co3Satx,ecSatp,flSatx,waterSatx,hco3Sx,kSatx,mgSatx,naSatx,no2Satx,no3Satx,pSatx,phSp,resist,so4Satx,laboratoryName,labProjID,biogeoTopDepth,biogeoBottomDepth,biogeoCenterDepth,remarks
"94e03780-c906-408c-8491-f76cc30b090b","D08","DELA","MEGAPT100969","8_DEADLAKE_PIT1","8_DEADLAKE_PIT1_OI","8_DEADLAKE_PIT1_0-2_BIOGEO_LITTER","Oi",1.0,"Regular","2013-04-29","2013-04-29",0,0,2.1,62.3,35.6,,,50.3,12.0,1.1,0.5,0.1,0.2,0.2,203.3,8.40,0.60,203.0,1.073,47790,15274,23444,10505,3764,2412,1443,983,177419,100,4088,126,6.7,7.0,2.13,,,44.4,1.6,8.6,0.0,51.4,,54.6,100,,,,,,0.3,14.6,1.3,0.0,2.18,0.7,180.90,17.3,2.2,7.4,0.0,0.4,0.2,0.2,6.5,,0.4,"USDA NRCS Kellogg Soil Survey Laboratory - Lincoln - NE","I2013USAL083",0.0,2.0,1.0,
"cd3a1e49-eb47-4c86-abce-519494f797f3","D08","DELA","MEGAPT100969","8_DEADLAKE_PIT1","8_DEADLAKE_PIT1_BT1","8_DEADLAKE_PIT1_27-58_BIOGEO_BT1","Bt1",1.0,"Regular","2013-04-29","2013-04-29",0,0,23.2,43.8,33.0,,,23.9,19.9,17.1,5.0,0.8,0.2,0.1,6.1,0.80,0.00,6.0,1.029,62976,440,30385,11277,3195,1313,1844,537,325045,47,5966,233,3.9,4.6,0.06,,,0.9,0.1,0.4,0.0,13.1,85,1.4,11,9.1,7.7,,5.4,,,,,,,,,,,,,,,,,,,"USDA NRCS Kellogg Soil Survey Laboratory - Lincoln - NE","I2013USAL083",27.0,58.0,42.5,
"2ea5c45c-4325-4e72-8a6d-8ee5212273e8","D08","DELA","MEGAPT100969","8_DEADLAKE_PIT1","8_DEADLAKE_PIT1_BT4","8_DEADLAKE_PIT1_150-200_BIOGEO_BT4","Bt4",1.0,"Regular","2013-04-29","2013-04-29",0,0,29.8,45.9,24.3,,,25.6,20.3,20.0,7.3,1.7,0.5,0.3,1.1,0.30,0.10,1.0,1.021,54787,289,27878,12123,2706,410,2051,305,342553,45,5738,230,4.0,4.9,0.04,,0,0.0,0.0,0.7,0.0,8.6,,0.7,8,,5.4,,0.9,,,,,,,,,,,,,,,,,,,"USDA NRCS Kellogg Soil Survey Laboratory - Lincoln - NE","I2013USAL083",150.0,200.0,175.0,
"554fdc6a-5833-4d61-8bde-e05a0ae597f0","D08","DELA","MEGAPT100969","8_DEADLAKE_PIT1","8_DEADLAKE_PIT1_BT3","8_DEADLAKE_PIT1_79-150_BIOGEO_BT3","Bt3",1.0,"Regular","2013-04-29","2013-04-29",0,0,26.7,45.2,28.1,,,24.8,20.4,17.8,7.7,0.8,0.4,0.0,1.4,0.20,0.10,1.0,1.025,56985,378,28824,12031,2801,684,1624,324,329534,43,5734,220,4.0,4.8,0.06,,,1.0,0.1,0.9,0.0,9.4,75,2.0,21,8.1,6.1,,2.1,,,,,,,,,,,,,,,,,,,"USDA NRCS Kellogg Soil Survey Laboratory - Lincoln - NE","I2013USAL083",79.0,150.0,114.5,
"2d01ca5d-6234-4d4e-8169-50e55953b85e","D08","DELA","MEGAPT100969","8_DEADLAKE_PIT1","8_DEADLAKE_PIT1_A1","8_DEADLAKE_PIT1_2-15_BIOGEO_A1","A1",1.0,"Regular","2013-04-29","2013-04-29",1,0,3.4,57.1,39.5,,,44.0,13.1,2.2,0.8,0.2,0.1,0.1,27.5,2.40,0.10,28.0,1.034,76303,2719,36411,16187,4589,2190,2333,685,285497,74,6641,204,4.9,5.7,0.07,,,10.9,0.3,3.7,0.0,19.6,1,14.9,76,15.1,0.2,,15.9,,,,,,,,,,,,,,,,,,,"USDA NRCS Kellogg Soil Survey Laboratory - Lincoln - NE","I2013USAL083",2.0,15.0,8.5,
"82697037-acb7-4dd5-82d2-f80ebf6cbf67","D08","DELA","MEGAPT100969","8_DEADLAKE_PIT1","8_DEADLAKE_PIT1_A2","8_DEADLAKE_PIT1_15-27_BIOGEO_A2","A2",1.0,"Regular","2013-04-29","2013-04-29",0,0,11.8,45.5,42.7,,,30.3,15.2,8.8,2.6,0.2,0.2,0.0,18.6,1.90,0.10,19.0,1.036,75116,1774,35152,12725,4165,2366,1932,686,299401,62,6391,236,4.3,5.1,0.06,,,6.5,0.1,2.3,0.0,19.0,28,8.9,47,12.4,3.5,,7.4,,,,,,,,,,,,,,,,,,,"USDA NRCS Kellogg Soil Survey Laboratory - Lincoln - NE","I2013USAL083",15.0,27.0,21.0,
"599b18d8-a4cd-46c4-8c5c-df2789adc0a6","D08","DELA","MEGAPT100969","8_DEADLAKE_PIT1","8_DEADLAKE_PIT1_BT2","8_DEADLAKE_PIT1_58-79_BIOGEO_BT2","Bt2",1.0,"Regular","2013-04-29","2013-04-29",0,0,28.0,45.2,26.8,,,22.4,22.8,19.6,7.3,0.7,0.4,0.0,2.4,0.30,0.00,2.0,1.023,53373,406,25333,11266,2599,720,1835,404,334643,42,5686,277,4.0,4.8,0.05,,,1.0,0.1,0.7,0.0,10.5,77,1.8,17,7.7,5.9,,3.0,,,,,,,,,,,,,,,,,,,"USDA NRCS Kellogg Soil Survey Laboratory - Lincoln - NE","I2013USAL083",58.0,79.0,68.5,
