uid,domainID,siteID,pitNamedLocation,pitID,horizonID,horizonName,setDate,collectDate,horizonTopDepth,horizonBottomDepth,nrcsDescriptionID,remarks
"86faf6c3-dbce-4df5-b469-7a4fd63b0795","D08","DELA","MEGAPT100969","8_DEADLAKE_PIT1","8_DEADLAKE_PIT1_BT3","Bt3","2013-04-29","2013-04-29",79.0,150.0,"S2013AL063001",
"e314bcce-50b0-4b93-8a95-c964b5707dcf","D08","DELA","MEGAPT100969","8_DEADLAKE_PIT1","8_DEADLAKE_PIT1_A2","A2","2013-04-29","2013-04-29",15.0,27.0,"S2013AL063001",
"4dc578bb-d4de-419c-9398-e41dd2c0c377","D08","DELA","MEGAPT100969","8_DEADLAKE_PIT1","8_DEADLAKE_PIT1_BT4","Bt4","2013-04-29","2013-04-29",150.0,200.0,"S2013AL063001",
"457fe40a-a2f4-44b8-ac7c-3f2234e97dcf","D08","DELA","MEGAPT100969","8_DEADLAKE_PIT1","8_DEADLAKE_PIT1_BT2","Bt2","2013-04-29","2013-04-29",58.0,79.0,"S2013AL063001",
"7ece4edd-66e5-4adb-8b00-a8b93891bd60","D08","DELA","MEGAPT100969","8_DEADLAKE_PIT1","8_DEADLAKE_PIT1_A1","A1","2013-04-29","2013-04-29",2.0,15.0,"S2013AL063001",
"148c37e0-914f-43c4-85e9-f623e17b5ebf","D08","DELA","MEGAPT100969","8_DEADLAKE_PIT1","8_DEADLAKE_PIT1_BT1","Bt1","2013-04-29","2013-04-29",27.0,58.0,"S2013AL063001",
"6dcdd965-793e-44fb-9c5e-a0f78ed9ed63","D08","DELA","MEGAPT100969","8_DEADLAKE_PIT1","8_DEADLAKE_PIT1_OI","Oi","2013-04-29","2013-04-29",0.0,2.0,"S2013AL063001",
