uid,domainID,siteID,pitNamedLocation,pitID,horizonID,horizonName,setDate,collectDate,archiveID,archiveLaboratoryName,archiveTopDepth,archiveBottomDepth,remarks,sampleMass
"17a58246-0db9-46ed-bc09-f4802ed5e4d9","D08","DELA","MEGAPT100969","8_DEADLAKE_PIT1","8_DEADLAKE_PIT1_BT3","Bt3","2013-04-29","2013-04-29","8_DEADLAKE_PIT1_79-150_ARCHIVE_BT3","NEON",79.0,150.0,,1201.0
"47254c03-c1ce-42a6-a57a-2371c7dc48b7","D08","DELA","MEGAPT100969","8_DEADLAKE_PIT1","8_DEADLAKE_PIT1_A1","A1","2013-04-29","2013-04-29","8_DEADLAKE_PIT1_2-15_ARCHIVE_A1","NEON",2.0,15.0,,1199.9
"e26c2e3b-545f-4ea0-8198-95bb4b3afaa7","D08","DELA","MEGAPT100969","8_DEADLAKE_PIT1","8_DEADLAKE_PIT1_BT2","Bt2","2013-04-29","2013-04-29","8_DEADLAKE_PIT1_58-79_ARCHIVE_BT2","NEON",58.0,79.0,,1199.7
"f4c684ba-df0e-4189-88bc-e557f780efdd","D08","DELA","MEGAPT100969","8_DEADLAKE_PIT1","8_DEADLAKE_PIT1_BT1","Bt1","2013-04-29","2013-04-29","8_DEADLAKE_PIT1_27-58_ARCHIVE_BT1","NEON",27.0,58.0,,1200.6
"59b7c2e5-f55c-4acd-931d-4a885aeb78fc","D08","DELA","MEGAPT100969","8_DEADLAKE_PIT1","8_DEADLAKE_PIT1_BT4","Bt4","2013-04-29","2013-04-29","8_DEADLAKE_PIT1_150-200_ARCHIVE_BT4","NEON",150.0,200.0,,1199.5
"5aa82631-ceca-4dc2-a0b7-2e9c6f3b842d","D08","DELA","MEGAPT100969","8_DEADLAKE_PIT1","8_DEADLAKE_PIT1_A2","A2","2013-04-29","2013-04-29","8_DEADLAKE_PIT1_15-27_ARCHIVE_A2","NEON",15.0,27.0,,1200.0
"b8d49596-1e82-4dec-90b5-b03299237d7a","D08","DELA","MEGAPT100969","8_DEADLAKE_PIT1","8_DEADLAKE_PIT1_OI","Oi","2013-04-29","2013-04-29","8_DEADLAKE_PIT1_0-2_ARCHIVE_LITTER","NEON",0.0,2.0,,1660.9
