uid,domainID,siteID,pitNamedLocation,pitID,horizonID,bulkDensID,horizonName,setDate,collectDate,laboratoryName,labProjID,bulkDensCenterDepth,bulkDensTopDepth,bulkDensBottomDepth,bulkDensHorizonProportion,bulkDensSampleType,bulkDensExclCoarseFrag,remarks
"d1f3846e-6297-4f65-8db6-24f8b92395ab","D08","DELA","MEGAPT100969","8_DEADLAKE_PIT1","8_DEADLAKE_PIT1_BT1","8_DEADLAKE_PIT1_34-44_BULKD_BT1","Bt1","2013-04-29","2013-04-29","USDA NRCS Kellogg Soil Survey Laboratory - Lincoln - NE","I2013USAL083",39.0,34.0,44.0,1.0,"Regular",1.1205,
"b2d0f1d8-ec27-48b4-90aa-9716ce738f9a","D08","DELA","MEGAPT100969","8_DEADLAKE_PIT1","8_DEADLAKE_PIT1_A2","8_DEADLAKE_PIT1_15-25_BULKD_A2","A2","2013-04-29","2013-04-29","USDA NRCS Kellogg Soil Survey Laboratory - Lincoln - NE","I2013USAL083",20.0,15.0,25.0,1.0,"Regular",0.7033,
"310db97c-828e-4406-9e67-e2bddabfe4cc","D08","DELA","MEGAPT100969","8_DEADLAKE_PIT1","8_DEADLAKE_PIT1_BT2","8_DEADLAKE_PIT1_60-70_BULKD_BT2","Bt2","2013-04-29","2013-04-29","USDA NRCS Kellogg Soil Survey Laboratory - Lincoln - NE","I2013USAL083",65.0,60.0,70.0,1.0,"Regular",1.3206,
"6cb793e7-86fe-48a3-ab5d-4e1a00262ca6","D08","DELA","MEGAPT100969","8_DEADLAKE_PIT1","8_DEADLAKE_PIT1_OI","8_DEADLAKE_PIT1_0-2_BULKD_LITTER","Oi","2013-04-29","2013-04-29","USDA NRCS Kellogg Soil Survey Laboratory - Lincoln - NE","I2013USAL083",1.0,0.0,2.0,1.0,"Regular",0.1056,
"b1c568ae-6bb6-4105-8c0c-41f2a22d6f3d","D08","DELA","MEGAPT100969","8_DEADLAKE_PIT1","8_DEADLAKE_PIT1_BT4","8_DEADLAKE_PIT1_?-?_BULKD_BT4","Bt4","2013-04-29","2013-04-29","USDA NRCS Kellogg Soil Survey Laboratory - Lincoln - NE","I2013USAL083",175.0,150.0,200.0,1.0,"Regular",1.0912,"Sample depth not recorded; top/bottom depths are min/max possible depths. Sample likely came from closer to 150 cm than 200 cm."
"288c9331-b2e4-4f1c-98ee-58a8beb76236","D08","DELA","MEGAPT100969","8_DEADLAKE_PIT1","8_DEADLAKE_PIT1_BT3","8_DEADLAKE_PIT1_90-100_BULKD_BT3","Bt3","2013-04-29","2013-04-29","USDA NRCS Kellogg Soil Survey Laboratory - Lincoln - NE","I2013USAL083",95.0,90.0,100.0,1.0,"Regular",1.0798,
"91696d45-0eec-4c93-85f2-dfaa2b49c230","D08","DELA","MEGAPT100969","8_DEADLAKE_PIT1","8_DEADLAKE_PIT1_A1","8_DEADLAKE_PIT1_2-12_BULKD_A1","A1","2013-04-29","2013-04-29","USDA NRCS Kellogg Soil Survey Laboratory - Lincoln - NE","I2013USAL083",7.0,2.0,12.0,1.0,"Regular",1.0251,
