uid,domainID,siteID,pitNamedLocation,pitID,horizonID,horizonName,setDate,collectDate,archiveID,archiveLaboratoryName,archiveTopDepth,archiveBottomDepth,remarks,sampleMass
"14903c11-ab3a-4152-a4fc-bd5a4bee1afe","D19","DEJU","MEGAPT103797","D19_DEJU_PIT1","19_DEJU_PIT1_C","C","2015-07-28","2015-07-28","D19_DEJU_PIT1_ARCHIVE_72-125_C","NEON",72.0,125.0,,3600.1
"960fa650-bb58-49f3-b84f-821d15227629","D19","DEJU","MEGAPT103797","D19_DEJU_PIT1","19_DEJU_PIT1_2BC1","2BC1","2015-07-28","2015-07-28","D19_DEJU_PIT1_ARCHIVE_125-210_2BC1","NEON",125.0,210.0,,3600.9
"0020e20b-90e8-4a75-ae18-870428e92917","D19","DEJU","MEGAPT103797","D19_DEJU_PIT1","19_DEJU_PIT1_OE","Oe","2015-07-28","2015-07-28","D19_DEJU_PIT1_ARCHIVE_0-5_OE","NEON",0.0,5.0,,3600.5
"3e37da97-107b-463f-a483-ba93ee45d16a","D19","DEJU","MEGAPT103797","D19_DEJU_PIT1","19_DEJU_PIT1_BW","Bw","2015-07-28","2015-07-28","D19_DEJU_PIT1_ARCHIVE_16-30_BW","NEON",16.0,30.0,,3600.5
"f1fefa0c-3084-403e-b0ad-4f547f78a933","D19","DEJU","MEGAPT103797","D19_DEJU_PIT1","19_DEJU_PIT1_2BC2","2BC2","2015-07-28","2015-07-28","D19_DEJU_PIT1_ARCHIVE_210-300_2BC2","NEON",210.0,300.0,,3600.5
"5506b749-9191-4eed-9e90-1d273c2f5442","D19","DEJU","MEGAPT103797","D19_DEJU_PIT1","19_DEJU_PIT1_BC","BC","2015-07-28","2015-07-28","D19_DEJU_PIT1_ARCHIVE_30-72_BC","NEON",30.0,72.0,,3600.1
"84c61671-4c89-4ba3-a7a3-537c15cad836","D19","DEJU","MEGAPT103797","D19_DEJU_PIT1","19_DEJU_PIT1_A","A","2015-07-28","2015-07-28","D19_DEJU_PIT1_ARCHIVE_5-16_A","NEON",5.0,16.0,,3601.3
