uid,domainID,siteID,pitNamedLocation,pitID,horizonID,horizonName,setDate,collectDate,horizonTopDepth,horizonBottomDepth,nrcsDescriptionID,remarks
"fe275176-6503-456a-b270-d570902291f0","D19","DEJU","MEGAPT103797","D19_DEJU_PIT1","19_DEJU_PIT1_2BC2","2BC2","2015-07-28","2015-07-28",210.0,300.0,"S2015AK240001",
"d81ef36f-e83d-42a2-8384-e2544c49000c","D19","DEJU","MEGAPT103797","D19_DEJU_PIT1","19_DEJU_PIT1_OE","Oe","2015-07-28","2015-07-28",0.0,5.0,"S2015AK240001",
"a4519afc-7f56-4650-8eba-75a8995fe057","D19","DEJU","MEGAPT103797","D19_DEJU_PIT1","19_DEJU_PIT1_BC","BC","2015-07-28","2015-07-28",30.0,72.0,"S2015AK240001",
"5aefdbdf-5849-43c9-a887-2d3e0f89b278","D19","DEJU","MEGAPT103797","D19_DEJU_PIT1","19_DEJU_PIT1_BW","Bw","2015-07-28","2015-07-28",16.0,30.0,"S2015AK240001",
"9e22edad-6999-4503-8679-b937bfe01d68","D19","DEJU","MEGAPT103797","D19_DEJU_PIT1","19_DEJU_PIT1_A","A","2015-07-28","2015-07-28",5.0,16.0,"S2015AK240001",
"2c115a12-87f8-4068-ae24-4f76d2c57441","D19","DEJU","MEGAPT103797","D19_DEJU_PIT1","19_DEJU_PIT1_C","C","2015-07-28","2015-07-28",72.0,125.0,"S2015AK240001","Boundary between C and 2BC1 slopes downward to right of pit (125cm average). Pin marking boundary in photo is not at 125cm because of this."
"088ecfc4-32be-4236-9e8e-31e0b08e7b6c","D19","DEJU","MEGAPT103797","D19_DEJU_PIT1","19_DEJU_PIT1_2BC1","2BC1","2015-07-28","2015-07-28",125.0,210.0,"S2015AK240001","Boundary between C and 2BC1 slopes downward to right of pit (125cm average). Pin marking boundary in photo is not at 125cm because of this."
