uid,domainID,siteID,pitNamedLocation,pitID,horizonID,bulkDensID,horizonName,setDate,collectDate,laboratoryName,labProjID,bulkDensCenterDepth,bulkDensTopDepth,bulkDensBottomDepth,bulkDensHorizonProportion,bulkDensSampleType,bulkDensExclCoarseFrag,remarks
"04c271e1-9d1c-480f-8584-c5e1de7ce57f","D19","DEJU","MEGAPT103797","D19_DEJU_PIT1","19_DEJU_PIT1_BC","D19_DEJU_PIT1_BULKD_40-45_BC","BC","2015-07-28","2015-07-28","USDA NRCS Kellogg Soil Survey Laboratory - Lincoln - NE","I2015USAK080",42.5,40.0,45.0,1.0,"Regular",1.2264,
"f1fe3b1e-bac8-4a4b-86c9-cda7376b04cf","D19","DEJU","MEGAPT103797","D19_DEJU_PIT1","19_DEJU_PIT1_2BC2","D19_DEJU_PIT1_BULKD_220-223_2BC2","2BC2","2015-07-28","2015-07-28","USDA NRCS Kellogg Soil Survey Laboratory - Lincoln - NE","I2015USAK080",221.5,220.0,223.0,1.0,"Regular",1.6113,
"dcbf268e-de6c-49bb-9c98-ec13352c20f5","D19","DEJU","MEGAPT103797","D19_DEJU_PIT1","19_DEJU_PIT1_C","D19_DEJU_PIT1_BULKD_85-90_C","C","2015-07-28","2015-07-28","USDA NRCS Kellogg Soil Survey Laboratory - Lincoln - NE","I2015USAK080",87.5,84.0,90.0,1.0,"Regular",1.2382,
"2d2f8aad-acd9-4820-a618-942e5a601d26","D19","DEJU","MEGAPT103797","D19_DEJU_PIT1","19_DEJU_PIT1_A","D19_DEJU_PIT1_BULKD_9-14_A","A","2015-07-28","2015-07-28","USDA NRCS Kellogg Soil Survey Laboratory - Lincoln - NE","I2015USAK080",11.5,9.0,14.0,1.0,"Regular",1.0982,
"68ab6fd4-e63d-4757-b1c5-d122a334ae38","D19","DEJU","MEGAPT103797","D19_DEJU_PIT1","19_DEJU_PIT1_2BC1","D19_DEJU_PIT1_BULKD_140-145_2BC1","2BC1","2015-07-28","2015-07-28","USDA NRCS Kellogg Soil Survey Laboratory - Lincoln - NE","I2015USAK080",142.5,140.0,145.0,1.0,"Regular",1.6230,
"a2f8d670-f663-4e78-ae64-54c4dfaf17a0","D19","DEJU","MEGAPT103797","D19_DEJU_PIT1","19_DEJU_PIT1_OE","D19_DEJU_PIT1_BULKD_0-5_OE","Oe","2015-07-28","2015-07-28","USDA NRCS Kellogg Soil Survey Laboratory - Lincoln - NE","I2015USAK080",2.5,0.0,5.0,1.0,"Regular",0.5690,
"0270f9fc-29ff-453d-a6c7-cae11a2ba412","D19","DEJU","MEGAPT103797","D19_DEJU_PIT1","19_DEJU_PIT1_BW","D19_DEJU_PIT1_BULKD_20-25_BW","Bw","2015-07-28","2015-07-28","USDA NRCS Kellogg Soil Survey Laboratory - Lincoln - NE","I2015USAK080",22.5,20.0,25.0,1.0,"Regular",1.2322,
