uid,namedLocation,domainID,siteID,plotID,nrcsDescriptionID,collectDate,horizonID,horizonName,bulkDensProcessedDate,bulkDensMethodPub,bulkDensMethod,bulkDensIDnrcs,bulkDensSampleType,bulkDensCenterDepth,bulkDensTopDepth,bulkDensBottomDepth,bulkDensThirdBar,bulkDensOvenDry,bulkDensFieldMoist,waterRetentionThirdBar,fieldWaterContent,laboratoryName,remarks,dataQF
"8aca55e8-f742-4d68-8cf8-352f7ccead56","BLAN_017.basePlot.all","D02","BLAN","BLAN_017","S2017VA043017","2017-06-12","17N03943","A","2018-07-16","Kellogg Soil Survey Laboratory Methods Manual, Soil Survey Investigations Report No. 42 Version 5.0, Issued 2014","Bulk Density, Clods (3B1)","S2017VA043017-1","clod",4.0,0.0,8.0,1.32,1.36,,22.7,,"USDA NRCS Kellogg Soil Survey Laboratory",,
"f94300f2-62ca-4a29-8342-099dc4c2bb0a","BLAN_005.basePlot.all","D02","BLAN","BLAN_005","S2017VA043005","2017-06-12","17N03912","AB","2018-07-16","Kellogg Soil Survey Laboratory Methods Manual, Soil Survey Investigations Report No. 42 Version 5.0, Issued 2014","Bulk Density, Clods (3B1)","S2017VA043005-2","clod",17.0,8.0,26.0,1.61,1.63,,19.2,,"USDA NRCS Kellogg Soil Survey Laboratory",,
"83530a61-5131-40f7-acf6-3ee75688eae4","BLAN_011.basePlot.all","D02","BLAN","BLAN_011","S2017VA043011","2017-06-12","17N03928","A","2018-07-16","Kellogg Soil Survey Laboratory Methods Manual, Soil Survey Investigations Report No. 42 Version 5.0, Issued 2014","Bulk Density, Clods (3B1)","S2017VA043011-1","clod",6.5,0.0,13.0,1.18,1.26,,31.6,,"USDA NRCS Kellogg Soil Survey Laboratory",,
"c938c60f-8f87-4afe-bcd3-4f57de216005","BLAN_017.basePlot.all","D02","BLAN","BLAN_017","S2017VA043017","2017-06-12","17N03947","2BCt","2018-07-16","Kellogg Soil Survey Laboratory Methods Manual, Soil Survey Investigations Report No. 42 Version 5.0, Issued 2014","Bulk Density, Clods (3B1)","S2017VA043017-5","clod",88.0,76.0,100.0,1.35,1.54,,32.5,,"USDA NRCS Kellogg Soil Survey Laboratory",,
"6f98fa27-d400-4cae-a638-c1a8104cc4bd","BLAN_005.basePlot.all","D02","BLAN","BLAN_005","S2017VA043005","2017-06-12","17N03911","A","2018-07-16","Kellogg Soil Survey Laboratory Methods Manual, Soil Survey Investigations Report No. 42 Version 5.0, Issued 2014","Bulk Density, Clods (3B1)","S2017VA043005-1","clod",4.0,0.0,8.0,1.25,1.36,,29.2,,"USDA NRCS Kellogg Soil Survey Laboratory",,
"08076698-b6aa-4c80-918b-04e39b957b20","BLAN_005.basePlot.all","D02","BLAN","BLAN_005","S2017VA043005","2017-06-12","17N03913","Bt","2018-07-16","Kellogg Soil Survey Laboratory Methods Manual, Soil Survey Investigations Report No. 42 Version 5.0, Issued 2014","Bulk Density, Clods (3B1)","S2017VA043005-3","clod",32.5,26.0,39.0,1.61,1.66,,18.1,,"USDA NRCS Kellogg Soil Survey Laboratory",,
"e168346f-d874-46eb-a8c6-bdabc523f1b8","BLAN_017.basePlot.all","D02","BLAN","BLAN_017","S2017VA043017","2017-06-12","17N03946","2Bt2","2018-07-16","Kellogg Soil Survey Laboratory Methods Manual, Soil Survey Investigations Report No. 42 Version 5.0, Issued 2014","Bulk Density, Clods (3B1)","S2017VA043017-4","clod",62.5,49.0,76.0,1.43,1.57,,26.0,,"USDA NRCS Kellogg Soil Survey Laboratory",,
"1a1bb5c9-b86a-4cf7-90fc-f25f7a3fdb04","BLAN_011.basePlot.all","D02","BLAN","BLAN_011","S2017VA043011","2017-06-12","17N03930","Bw1","2018-07-16","Kellogg Soil Survey Laboratory Methods Manual, Soil Survey Investigations Report No. 42 Version 5.0, Issued 2014","Bulk Density, Clods (3B1)","S2017VA043011-3","clod",56.5,33.0,80.0,1.62,1.65,,16.8,,"USDA NRCS Kellogg Soil Survey Laboratory",,
"7f8248ae-e8c5-4e8a-8fdc-9c4b448cff11","BLAN_005.basePlot.all","D02","BLAN","BLAN_005","S2017VA043005","2017-06-12","17N03914","2Btx1","2018-07-16","Kellogg Soil Survey Laboratory Methods Manual, Soil Survey Investigations Report No. 42 Version 5.0, Issued 2014","Bulk Density, Clods (3B1)","S2017VA043005-4","clod",50.5,39.0,62.0,1.77,1.78,,16.1,,"USDA NRCS Kellogg Soil Survey Laboratory",,
"1b56571c-73a0-4f4a-9a6d-2849230dfd7a","BLAN_011.basePlot.all","D02","BLAN","BLAN_011","S2017VA043011","2017-06-12","17N03931","2Bw2","2018-07-16","Kellogg Soil Survey Laboratory Methods Manual, Soil Survey Investigations Report No. 42 Version 5.0, Issued 2014","Bulk Density, Clods (3B1)","S2017VA043011-4","clod",90.0,80.0,100.0,1.53,1.60,,20.1,,"USDA NRCS Kellogg Soil Survey Laboratory",,
"ba19cd2a-45f1-4f79-8fcd-1da5efdea07a","BLAN_017.basePlot.all","D02","BLAN","BLAN_017","S2017VA043017","2017-06-12","17N03944","BA","2018-07-16","Kellogg Soil Survey Laboratory Methods Manual, Soil Survey Investigations Report No. 42 Version 5.0, Issued 2014","Bulk Density, Clods (3B1)","S2017VA043017-2","clod",18.5,8.0,29.0,1.35,1.40,,21.9,,"USDA NRCS Kellogg Soil Survey Laboratory",,
"67788eac-840b-4e99-b1b6-06d634838609","BLAN_017.basePlot.all","D02","BLAN","BLAN_017","S2017VA043017","2017-06-12","17N03945","2Bt1","2018-07-16","Kellogg Soil Survey Laboratory Methods Manual, Soil Survey Investigations Report No. 42 Version 5.0, Issued 2014","Bulk Density, Clods (3B1)","S2017VA043017-3","clod",39.0,29.0,49.0,1.58,1.65,,19.0,,"USDA NRCS Kellogg Soil Survey Laboratory",,
"d65b98ef-73ab-4c2a-bae1-5001d7f682a0","BLAN_011.basePlot.all","D02","BLAN","BLAN_011","S2017VA043011","2017-06-12","17N03929","BA","2018-07-16","Kellogg Soil Survey Laboratory Methods Manual, Soil Survey Investigations Report No. 42 Version 5.0, Issued 2014","Bulk Density, Clods (3B1)","S2017VA043011-2","clod",23.0,13.0,33.0,1.50,1.50,,20.8,,"USDA NRCS Kellogg Soil Survey Laboratory",,
"885b5986-b78f-4bf6-bf63-30036d7dc3da","BLAN_012.basePlot.all","D02","BLAN","BLAN_012","S2017VA043012","2017-06-13","17N03932","A","2018-07-16","Kellogg Soil Survey Laboratory Methods Manual, Soil Survey Investigations Report No. 42 Version 5.0, Issued 2014","Bulk Density, Clods (3B1)","S2017VA043012-1","clod",4.0,0.0,8.0,1.17,1.22,,15.7,,"USDA NRCS Kellogg Soil Survey Laboratory",,
"704bc7f1-36c6-4c74-9cd3-71c0b66adcd9","BLAN_012.basePlot.all","D02","BLAN","BLAN_012","S2017VA043012","2017-06-13","17N03933","AE","2018-07-16","Kellogg Soil Survey Laboratory Methods Manual, Soil Survey Investigations Report No. 42 Version 5.0, Issued 2014","Bulk Density, Clods (3B1)","S2017VA043012-2","clod",14.0,8.0,20.0,1.53,1.55,,17.2,,"USDA NRCS Kellogg Soil Survey Laboratory",,
"f3dfec18-5150-4641-a9bb-7e3e52d11f58","BLAN_015.basePlot.all","D02","BLAN","BLAN_015","S2017VA043015","2017-06-13","17N03938","C","2018-07-16","Kellogg Soil Survey Laboratory Methods Manual, Soil Survey Investigations Report No. 42 Version 5.0, Issued 2014","Bulk Density, Clods (3B1)","S2017VA043015-3","clod",74.0,48.0,100.0,1.38,1.39,,15.2,,"USDA NRCS Kellogg Soil Survey Laboratory",,
"db5f673a-8f7f-4e81-901e-ceaea1553903","BLAN_015.basePlot.all","D02","BLAN","BLAN_015","S2017VA043015","2017-06-13","17N03937","Bw","2018-07-16","Kellogg Soil Survey Laboratory Methods Manual, Soil Survey Investigations Report No. 42 Version 5.0, Issued 2014","Bulk Density, Clods (3B1)","S2017VA043015-2","clod",32.0,16.0,48.0,1.59,1.68,,9.9,,"USDA NRCS Kellogg Soil Survey Laboratory",,
"fc145446-08b2-4f16-a4f7-49a2d07f30c5","BLAN_001.basePlot.all","D02","BLAN","BLAN_001","S2017VA043001","2017-06-13","17N03905","2Bt","2018-07-16","Kellogg Soil Survey Laboratory Methods Manual, Soil Survey Investigations Report No. 42 Version 5.0, Issued 2014","Bulk Density, Clods (3B1)","S2017VA043001-4","clod",76.5,53.0,100.0,1.45,1.51,,17.9,,"USDA NRCS Kellogg Soil Survey Laboratory",,
"0c9255ec-0ee1-4005-a75e-cb8bf1061c15","BLAN_012.basePlot.all","D02","BLAN","BLAN_012","S2017VA043012","2017-06-13","17N03934","Bt1","2018-07-16","Kellogg Soil Survey Laboratory Methods Manual, Soil Survey Investigations Report No. 42 Version 5.0, Issued 2014","Bulk Density, Clods (3B1)","S2017VA043012-3","clod",37.0,20.0,54.0,1.63,1.68,,17.7,,"USDA NRCS Kellogg Soil Survey Laboratory",,
"afbc0051-f077-448b-942a-eabfde86b356","BLAN_001.basePlot.all","D02","BLAN","BLAN_001","S2017VA043001","2017-06-13","17N03903","Bw1","2018-07-16","Kellogg Soil Survey Laboratory Methods Manual, Soil Survey Investigations Report No. 42 Version 5.0, Issued 2014","Bulk Density, Clods (3B1)","S2017VA043001-2","clod",25.0,16.0,34.0,1.48,1.49,,14.5,,"USDA NRCS Kellogg Soil Survey Laboratory",,
"cc4ac54c-4824-4f88-bd9d-279f97f60474","BLAN_001.basePlot.all","D02","BLAN","BLAN_001","S2017VA043001","2017-06-13","17N03904","Bw2","2018-07-16","Kellogg Soil Survey Laboratory Methods Manual, Soil Survey Investigations Report No. 42 Version 5.0, Issued 2014","Bulk Density, Clods (3B1)","S2017VA043001-3","clod",43.5,34.0,53.0,1.44,1.47,,15.9,,"USDA NRCS Kellogg Soil Survey Laboratory",,
"1c72fd5e-8e06-4ff3-a3c0-7f66155e8e37","BLAN_012.basePlot.all","D02","BLAN","BLAN_012","S2017VA043012","2017-06-13","17N03935","Bt2","2018-07-16","Kellogg Soil Survey Laboratory Methods Manual, Soil Survey Investigations Report No. 42 Version 5.0, Issued 2014","Bulk Density, Clods (3B1)","S2017VA043012-4","clod",77.0,54.0,100.0,1.64,1.68,,18.5,,"USDA NRCS Kellogg Soil Survey Laboratory",,
"2f3e9bf2-329a-48a6-9d71-1838951837fe","BLAN_001.basePlot.all","D02","BLAN","BLAN_001","S2017VA043001","2017-06-13","17N03902","Ap","2018-07-16","Kellogg Soil Survey Laboratory Methods Manual, Soil Survey Investigations Report No. 42 Version 5.0, Issued 2014","Bulk Density, Clods (3B1)","S2017VA043001-1","clod",8.0,0.0,16.0,1.35,1.37,,17.1,,"USDA NRCS Kellogg Soil Survey Laboratory",,
"4f1fb30b-b86f-4efe-83dd-ed38e11470de","BLAN_015.basePlot.all","D02","BLAN","BLAN_015","S2017VA043015","2017-06-13","17N03936","A","2018-07-16","Kellogg Soil Survey Laboratory Methods Manual, Soil Survey Investigations Report No. 42 Version 5.0, Issued 2014","Bulk Density, Clods (3B1)","S2017VA043015-1","clod",8.0,0.0,16.0,1.55,1.57,,9.3,,"USDA NRCS Kellogg Soil Survey Laboratory",,
"47b6a4d3-03e9-413f-8ea9-982e4ece48e2","BLAN_008.basePlot.all","D02","BLAN","BLAN_008","S2017VA043008","2017-06-14","17N03922","Bt2","2018-07-16","Kellogg Soil Survey Laboratory Methods Manual, Soil Survey Investigations Report No. 42 Version 5.0, Issued 2014","Bulk Density, Clods (3B1)","S2017VA043008-4","clod",67.5,55.0,80.0,1.64,1.68,,18.6,,"USDA NRCS Kellogg Soil Survey Laboratory",,
"a8a4dcb1-2bf1-4422-bab6-96b7dc639094","BLAN_002.basePlot.all","D02","BLAN","BLAN_002","S2017VA043002","2017-06-14","17N03909","BCt","2018-07-16","Kellogg Soil Survey Laboratory Methods Manual, Soil Survey Investigations Report No. 42 Version 5.0, Issued 2014","Bulk Density, Clods (3B1)","S2017VA043002-4","clod",78.0,66.0,90.0,1.34,1.54,,31.5,,"USDA NRCS Kellogg Soil Survey Laboratory",,
"e3f95334-c3e8-4b6d-91de-df3f374b450f","BLAN_010.basePlot.all","D02","BLAN","BLAN_010","S2017VA043010","2017-06-14","17N03927","Bt3","2018-07-16","Kellogg Soil Survey Laboratory Methods Manual, Soil Survey Investigations Report No. 42 Version 5.0, Issued 2014","Bulk Density, Clods (3B1)","S2017VA043010-4","clod",87.5,75.0,100.0,1.42,1.59,,30.6,,"USDA NRCS Kellogg Soil Survey Laboratory",,
"22b876d5-ecc2-4153-a1ef-5cbf73810c15","BLAN_002.basePlot.all","D02","BLAN","BLAN_002","S2017VA043002","2017-06-14","17N03907","Bt1","2018-07-16","Kellogg Soil Survey Laboratory Methods Manual, Soil Survey Investigations Report No. 42 Version 5.0, Issued 2014","Bulk Density, Clods (3B1)","S2017VA043002-2","clod",25.0,15.0,35.0,1.37,1.40,,21.6,,"USDA NRCS Kellogg Soil Survey Laboratory",,
"ed1c3ed9-d86e-4094-8039-25b13b9badb7","BLAN_008.basePlot.all","D02","BLAN","BLAN_008","S2017VA043008","2017-06-14","17N03923","Bt3","2018-07-16","Kellogg Soil Survey Laboratory Methods Manual, Soil Survey Investigations Report No. 42 Version 5.0, Issued 2014","Bulk Density, Clods (3B1)","S2017VA043008-5","clod",90.0,80.0,100.0,1.64,1.69,,17.9,,"USDA NRCS Kellogg Soil Survey Laboratory",,
"a152644f-f096-4c30-96d6-99b76e98b5c3","BLAN_010.basePlot.all","D02","BLAN","BLAN_010","S2017VA043010","2017-06-14","17N03925","Bt1","2018-07-16","Kellogg Soil Survey Laboratory Methods Manual, Soil Survey Investigations Report No. 42 Version 5.0, Issued 2014","Bulk Density, Clods (3B1)","S2017VA043010-2","clod",36.0,21.0,51.0,1.58,1.63,,16.2,,"USDA NRCS Kellogg Soil Survey Laboratory",,
"9add0886-d472-4710-8b4e-ba58cf6604ca","BLAN_020.basePlot.all","D02","BLAN","BLAN_020","S2017VA043020","2017-06-14","17N03951","Bt","2018-07-16","Kellogg Soil Survey Laboratory Methods Manual, Soil Survey Investigations Report No. 42 Version 5.0, Issued 2014","Bulk Density, Clods (3B1)","S2017VA043020-2","clod",27.5,10.0,45.0,1.25,1.27,,28.5,,"USDA NRCS Kellogg Soil Survey Laboratory",,
"e40db315-416a-4f28-8d22-373d779d4f84","BLAN_002.basePlot.all","D02","BLAN","BLAN_002","S2017VA043002","2017-06-14","17N03908","Bt2","2018-07-16","Kellogg Soil Survey Laboratory Methods Manual, Soil Survey Investigations Report No. 42 Version 5.0, Issued 2014","Bulk Density, Clods (3B1)","S2017VA043002-3","clod",50.5,35.0,66.0,1.41,1.57,,28.3,,"USDA NRCS Kellogg Soil Survey Laboratory",,
"3e94331d-f795-4081-8b61-b5c2a87708d7","BLAN_010.basePlot.all","D02","BLAN","BLAN_010","S2017VA043010","2017-06-14","17N03926","Bt2","2018-07-16","Kellogg Soil Survey Laboratory Methods Manual, Soil Survey Investigations Report No. 42 Version 5.0, Issued 2014","Bulk Density, Clods (3B1)","S2017VA043010-3","clod",63.0,51.0,75.0,1.29,1.38,,30.6,,"USDA NRCS Kellogg Soil Survey Laboratory",,
"a7164387-5d85-4c3f-97fa-a4bd986954c1","BLAN_008.basePlot.all","D02","BLAN","BLAN_008","S2017VA043008","2017-06-14","17N03920","BE","2018-07-16","Kellogg Soil Survey Laboratory Methods Manual, Soil Survey Investigations Report No. 42 Version 5.0, Issued 2014","Bulk Density, Clods (3B1)","S2017VA043008-2","clod",20.0,10.0,30.0,1.56,1.63,,14.0,,"USDA NRCS Kellogg Soil Survey Laboratory",,
"c4f5ef5a-40a5-4c7d-80a5-b2b7867cfb58","BLAN_020.basePlot.all","D02","BLAN","BLAN_020","S2017VA043020","2017-06-14","17N03950","Ap","2018-07-16","Kellogg Soil Survey Laboratory Methods Manual, Soil Survey Investigations Report No. 42 Version 5.0, Issued 2014","Bulk Density, Clods (3B1)","S2017VA043020-1","clod",5.0,0.0,10.0,1.35,1.40,,25.2,,"USDA NRCS Kellogg Soil Survey Laboratory",,
"5a2da4ea-9d7c-4aa9-9837-46c848a7349c","BLAN_020.basePlot.all","D02","BLAN","BLAN_020","S2017VA043020","2017-06-14","17N03952","BCt","2018-07-16","Kellogg Soil Survey Laboratory Methods Manual, Soil Survey Investigations Report No. 42 Version 5.0, Issued 2014","Bulk Density, Clods (3B1)","S2017VA043020-3","clod",62.5,45.0,80.0,1.43,1.46,,21.6,,"USDA NRCS Kellogg Soil Survey Laboratory",,
"d4d33795-d575-475c-93b1-977265bdc4e0","BLAN_019.basePlot.all","D02","BLAN","BLAN_019","S2017VA043019","2017-06-14","17N03949","Bw","2018-07-16","Kellogg Soil Survey Laboratory Methods Manual, Soil Survey Investigations Report No. 42 Version 5.0, Issued 2014","Bulk Density, Clods (3B1)","S2017VA043019-2","clod",58.5,17.0,100.0,1.52,1.61,,19.4,,"USDA NRCS Kellogg Soil Survey Laboratory",,
"590ac858-267e-4b20-94a5-c3bb5b3adac2","BLAN_010.basePlot.all","D02","BLAN","BLAN_010","S2017VA043010","2017-06-14","17N03924","Ap","2018-07-16","Kellogg Soil Survey Laboratory Methods Manual, Soil Survey Investigations Report No. 42 Version 5.0, Issued 2014","Bulk Density, Clods (3B1)","S2017VA043010-1","clod",10.5,0.0,21.0,1.14,1.22,,16.3,,"USDA NRCS Kellogg Soil Survey Laboratory",,
"331bda9a-4c82-4a43-a75b-5c970e3d4694","BLAN_019.basePlot.all","D02","BLAN","BLAN_019","S2017VA043019","2017-06-14","17N03948","Ap","2018-07-16","Kellogg Soil Survey Laboratory Methods Manual, Soil Survey Investigations Report No. 42 Version 5.0, Issued 2014","Bulk Density, Clods (3B1)","S2017VA043019-1","clod",8.5,0.0,17.0,1.53,1.60,,20.5,,"USDA NRCS Kellogg Soil Survey Laboratory",,
"8381922e-282a-4639-b637-3080d24dad35","BLAN_002.basePlot.all","D02","BLAN","BLAN_002","S2017VA043002","2017-06-14","17N03906","Ap","2018-07-16","Kellogg Soil Survey Laboratory Methods Manual, Soil Survey Investigations Report No. 42 Version 5.0, Issued 2014","Bulk Density, Clods (3B1)","S2017VA043002-1","clod",7.5,0.0,15.0,1.40,1.45,,22.0,,"USDA NRCS Kellogg Soil Survey Laboratory",,
"ca30efa9-e156-4ab0-b109-d0ce1794d9e8","BLAN_008.basePlot.all","D02","BLAN","BLAN_008","S2017VA043008","2017-06-14","17N03919","Ap","2018-07-16","Kellogg Soil Survey Laboratory Methods Manual, Soil Survey Investigations Report No. 42 Version 5.0, Issued 2014","Bulk Density, Clods (3B1)","S2017VA043008-1","clod",5.0,0.0,10.0,1.56,1.62,,13.8,,"USDA NRCS Kellogg Soil Survey Laboratory",,
"8cebcb03-c91e-4e12-ac39-bba1ee9b125d","BLAN_008.basePlot.all","D02","BLAN","BLAN_008","S2017VA043008","2017-06-14","17N03921","Bt1","2018-07-16","Kellogg Soil Survey Laboratory Methods Manual, Soil Survey Investigations Report No. 42 Version 5.0, Issued 2014","Bulk Density, Clods (3B1)","S2017VA043008-3","clod",42.5,30.0,55.0,1.58,1.63,,14.6,,"USDA NRCS Kellogg Soil Survey Laboratory",,
"734e8e87-9a6c-4208-b32e-f66db3c21fe2","BLAN_016.basePlot.all","D02","BLAN","BLAN_016","S2017VA043016","2017-06-15","17N03942","Bt3","2018-07-16","Kellogg Soil Survey Laboratory Methods Manual, Soil Survey Investigations Report No. 42 Version 5.0, Issued 2014","Bulk Density, Clods (3B1)","S2017VA043016-4","clod",80.0,60.0,100.0,1.71,1.75,,16.8,,"USDA NRCS Kellogg Soil Survey Laboratory",,
"67cc02d5-4f4e-44c4-875d-c03e8cb1cef6","BLAN_016.basePlot.all","D02","BLAN","BLAN_016","S2017VA043016","2017-06-15","17N03940","Bt1","2018-07-16","Kellogg Soil Survey Laboratory Methods Manual, Soil Survey Investigations Report No. 42 Version 5.0, Issued 2014","Bulk Density, Clods (3B1)","S2017VA043016-2","clod",29.5,21.0,38.0,1.65,1.67,,15.3,,"USDA NRCS Kellogg Soil Survey Laboratory",,
"68128a1d-54f0-4a60-9ca4-08c20a8870d2","BLAN_006.basePlot.all","D02","BLAN","BLAN_006","S2017VA043006","2017-06-15","17N03918","Bt2","2018-07-16","Kellogg Soil Survey Laboratory Methods Manual, Soil Survey Investigations Report No. 42 Version 5.0, Issued 2014","Bulk Density, Clods (3B1)","S2017VA043006-3","clod",71.0,42.0,100.0,1.71,1.74,,11.9,,"USDA NRCS Kellogg Soil Survey Laboratory",,
"cd3a834f-6a3d-4b7b-95d6-9814fba0ecc0","BLAN_016.basePlot.all","D02","BLAN","BLAN_016","S2017VA043016","2017-06-15","17N03941","Bt2","2018-07-16","Kellogg Soil Survey Laboratory Methods Manual, Soil Survey Investigations Report No. 42 Version 5.0, Issued 2014","Bulk Density, Clods (3B1)","S2017VA043016-3","clod",49.0,38.0,60.0,1.73,1.78,,15.0,,"USDA NRCS Kellogg Soil Survey Laboratory",,
"a339028b-9fc9-4d42-8014-882888d7cc80","BLAN_016.basePlot.all","D02","BLAN","BLAN_016","S2017VA043016","2017-06-15","17N03939","Ap","2018-07-16","Kellogg Soil Survey Laboratory Methods Manual, Soil Survey Investigations Report No. 42 Version 5.0, Issued 2014","Bulk Density, Clods (3B1)","S2017VA043016-1","clod",10.5,0.0,21.0,1.58,1.63,,20.1,,"USDA NRCS Kellogg Soil Survey Laboratory",,
"7a12b57d-4e71-4f14-acef-96fc7ec0370e","BLAN_006.basePlot.all","D02","BLAN","BLAN_006","S2017VA043006","2017-06-15","17N03916","Ap","2018-07-16","Kellogg Soil Survey Laboratory Methods Manual, Soil Survey Investigations Report No. 42 Version 5.0, Issued 2014","Bulk Density, Clods (3B1)","S2017VA043006-1","clod",12.0,0.0,24.0,1.46,1.50,,16.9,,"USDA NRCS Kellogg Soil Survey Laboratory",,
"76dbb5fc-ee9e-494c-a862-77014996bdda","BLAN_006.basePlot.all","D02","BLAN","BLAN_006","S2017VA043006","2017-06-15","17N03917","Bt1","2018-07-16","Kellogg Soil Survey Laboratory Methods Manual, Soil Survey Investigations Report No. 42 Version 5.0, Issued 2014","Bulk Density, Clods (3B1)","S2017VA043006-2","clod",33.0,24.0,42.0,1.67,1.70,,12.1,,"USDA NRCS Kellogg Soil Survey Laboratory",,
