uid,namedLocation,domainID,siteID,plotID,nrcsDescriptionID,collectDate,horizonID,horizonName,biogeoIDnrcs,biogeoSampleType,biogeoTopDepth,biogeoBottomDepth,biogeoCenterDepth,particleSizeDistProcessedDate,particleSizeDistMethodPub,particleSizeDistMethod,coarseFrag2To5,coarseFrag5To20,sandTotal,siltTotal,clayTotal,carbonateClay,clayFineContent,siltFineContent,siltCoarseContent,sandVeryFineContent,sandFineContent,sandMediumContent,sandCoarseContent,sandVeryCoarseContent,laboratoryName,dataQF
"4f841d09-2adf-4782-a4f2-d72b3cba258b","BLAN_017.basePlot.all","D02","BLAN","BLAN_017","S2017VA043017","2017-06-12","17N03947","2BCt","S2017VA043017-5","bulk",76.0,100.0,88.0,"2018-04-17","Kellogg Soil Survey Laboratory Methods Manual, Soil Survey Investigations Report No. 42 Version 5.0, Issued 2014","Routine Particle Size Distribution (3A1a1a)",0.0,0.0,4.4,26.6,69.0,,,21.4,5.2,1.9,0.9,0.6,0.6,0.4,"USDA NRCS Kellogg Soil Survey Laboratory",
"40ace1c2-3365-43e5-8ba9-bbd4a606bdf4","BLAN_005.basePlot.all","D02","BLAN","BLAN_005","S2017VA043005","2017-06-12","17N03912","AB","S2017VA043005-2","bulk",8.0,26.0,17.0,"2018-04-05","Kellogg Soil Survey Laboratory Methods Manual, Soil Survey Investigations Report No. 42 Version 5.0, Issued 2014","Routine Particle Size Distribution (3A1a1a)",20.5,16.5,22.6,59.2,18.2,,,41.8,17.4,9.6,6.0,4.0,2.2,0.8,"USDA NRCS Kellogg Soil Survey Laboratory",
"6c2e7372-248f-4e1a-8e43-2a460872d49a","BLAN_017.basePlot.all","D02","BLAN","BLAN_017","S2017VA043017","2017-06-12","17N03943","A","S2017VA043017-1","bulk",0.0,8.0,4.0,"2018-04-17","Kellogg Soil Survey Laboratory Methods Manual, Soil Survey Investigations Report No. 42 Version 5.0, Issued 2014","Routine Particle Size Distribution (3A1a1a)",51.5,13.0,18.1,63.4,18.5,,,45.9,17.5,6.7,3.9,2.8,2.0,2.7,"USDA NRCS Kellogg Soil Survey Laboratory",
"38d0a76d-2d09-4a47-95a8-d30444ab91dc","BLAN_017.basePlot.all","D02","BLAN","BLAN_017","S2017VA043017","2017-06-12","17N03944","BA","S2017VA043017-2","bulk",8.0,29.0,18.5,"2018-04-17","Kellogg Soil Survey Laboratory Methods Manual, Soil Survey Investigations Report No. 42 Version 5.0, Issued 2014","Routine Particle Size Distribution (3A1a1a)",49.7,15.7,16.9,63.3,19.8,,,47.6,15.7,6.0,4.2,2.9,1.8,2.0,"USDA NRCS Kellogg Soil Survey Laboratory",
"2071286a-6c53-49b3-b74d-57afb92668a9","BLAN_005.basePlot.all","D02","BLAN","BLAN_005","S2017VA043005","2017-06-12","17N03913","Bt","S2017VA043005-3","bulk",26.0,39.0,32.5,"2018-04-05","Kellogg Soil Survey Laboratory Methods Manual, Soil Survey Investigations Report No. 42 Version 5.0, Issued 2014","Routine Particle Size Distribution (3A1a1a)",15.7,1.9,21.4,57.1,21.5,,,40.8,16.3,8.3,6.1,3.7,2.1,1.2,"USDA NRCS Kellogg Soil Survey Laboratory",
"2dcdd6f6-ba2a-46dc-88c9-439f9c68804a","BLAN_011.basePlot.all","D02","BLAN","BLAN_011","S2017VA043011","2017-06-12","17N03931","2Bw2","S2017VA043011-4","bulk",80.0,100.0,90.0,"2018-04-17","Kellogg Soil Survey Laboratory Methods Manual, Soil Survey Investigations Report No. 42 Version 5.0, Issued 2014","Routine Particle Size Distribution (3A1a1a)",37.5,55.7,32.2,44.8,23.0,,,31.8,13.0,11.7,9.4,6.6,3.6,0.9,"USDA NRCS Kellogg Soil Survey Laboratory",
"f472bf61-628b-4d43-84f1-68c76b7ddad6","BLAN_005.basePlot.all","D02","BLAN","BLAN_005","S2017VA043005","2017-06-12","17N03914","2Btx1","S2017VA043005-4","bulk",39.0,62.0,50.5,"2018-04-05","Kellogg Soil Survey Laboratory Methods Manual, Soil Survey Investigations Report No. 42 Version 5.0, Issued 2014","Routine Particle Size Distribution (3A1a1a)",7.1,2.9,19.6,54.3,26.1,,,38.6,15.7,8.2,8.2,1.1,1.6,0.5,"USDA NRCS Kellogg Soil Survey Laboratory",
"5f5ccb2f-6004-42f5-8942-655db1d64c41","BLAN_017.basePlot.all","D02","BLAN","BLAN_017","S2017VA043017","2017-06-12","17N03946","2Bt2","S2017VA043017-4","bulk",49.0,76.0,62.5,"2018-04-17","Kellogg Soil Survey Laboratory Methods Manual, Soil Survey Investigations Report No. 42 Version 5.0, Issued 2014","Routine Particle Size Distribution (3A1a1a)",8.1,3.2,8.7,35.4,55.9,,,26.8,8.6,4.1,2.1,1.5,0.6,0.4,"USDA NRCS Kellogg Soil Survey Laboratory",
"c3767ab3-f361-4aed-82eb-0fa42f8d3bab","BLAN_011.basePlot.all","D02","BLAN","BLAN_011","S2017VA043011","2017-06-12","17N03928","A","S2017VA043011-1","bulk",0.0,13.0,6.5,"2018-04-17","Kellogg Soil Survey Laboratory Methods Manual, Soil Survey Investigations Report No. 42 Version 5.0, Issued 2014","Routine Particle Size Distribution (3A1a1a)",34.9,64.1,24.9,58.3,16.8,,,45.1,13.2,6.2,8.1,4.8,4.6,1.2,"USDA NRCS Kellogg Soil Survey Laboratory",
"75495fd6-c190-4c03-8e72-4c36683c1318","BLAN_005.basePlot.all","D02","BLAN","BLAN_005","S2017VA043005","2017-06-12","17N03915","2Btx2","S2017VA043005-5","bulk",62.0,100.0,81.0,"2018-04-05","Kellogg Soil Survey Laboratory Methods Manual, Soil Survey Investigations Report No. 42 Version 5.0, Issued 2014","Routine Particle Size Distribution (3A1a1a)",128.1,102.4,33.0,44.6,22.4,,,30.8,13.8,9.8,10.1,5.9,3.2,4.0,"USDA NRCS Kellogg Soil Survey Laboratory",
"b34998ce-2077-4562-989d-16168ce6271e","BLAN_011.basePlot.all","D02","BLAN","BLAN_011","S2017VA043011","2017-06-12","17N03930","Bw1","S2017VA043011-3","bulk",33.0,80.0,56.5,"2018-04-17","Kellogg Soil Survey Laboratory Methods Manual, Soil Survey Investigations Report No. 42 Version 5.0, Issued 2014","Routine Particle Size Distribution (3A1a1a)",206.4,136.6,34.6,48.7,16.7,,,34.8,13.9,8.3,10.5,7.6,5.7,2.5,"USDA NRCS Kellogg Soil Survey Laboratory",
"b8037fc2-b73a-4b4c-a540-f69c56c43344","BLAN_017.basePlot.all","D02","BLAN","BLAN_017","S2017VA043017","2017-06-12","17N03945","2Bt1","S2017VA043017-3","bulk",29.0,49.0,39.0,"2018-04-17","Kellogg Soil Survey Laboratory Methods Manual, Soil Survey Investigations Report No. 42 Version 5.0, Issued 2014","Routine Particle Size Distribution (3A1a1a)",21.0,3.4,12.3,51.7,36.0,,,38.2,13.5,4.2,3.4,1.8,1.6,1.3,"USDA NRCS Kellogg Soil Survey Laboratory",
"8e60c240-75fd-4ac4-a025-55e8cb785aca","BLAN_005.basePlot.all","D02","BLAN","BLAN_005","S2017VA043005","2017-06-12","17N03911","A","S2017VA043005-1","bulk",0.0,8.0,4.0,"2018-04-05","Kellogg Soil Survey Laboratory Methods Manual, Soil Survey Investigations Report No. 42 Version 5.0, Issued 2014","Routine Particle Size Distribution (3A1a1a)",13.5,5.3,25.7,58.1,16.2,,,40.4,17.7,10.3,6.8,4.8,2.7,1.1,"USDA NRCS Kellogg Soil Survey Laboratory",
"f4a27b2d-8cac-44a1-8b0f-d6d5b3f2d139","BLAN_011.basePlot.all","D02","BLAN","BLAN_011","S2017VA043011","2017-06-12","17N03929","BA","S2017VA043011-2","bulk",13.0,33.0,23.0,"2018-04-17","Kellogg Soil Survey Laboratory Methods Manual, Soil Survey Investigations Report No. 42 Version 5.0, Issued 2014","Routine Particle Size Distribution (3A1a1a)",31.3,92.2,32.2,53.6,14.2,,,40.0,13.6,8.0,9.3,7.9,5.1,1.9,"USDA NRCS Kellogg Soil Survey Laboratory",
"719827ca-3ab3-416c-901b-bbb6354e99d1","BLAN_031.basePlot.all","D02","BLAN","BLAN_031","S2017VA043031","2017-06-13","17N03956","Bt1","S2017VA043031-3","bulk",48.0,88.0,68.0,"2018-04-19","Kellogg Soil Survey Laboratory Methods Manual, Soil Survey Investigations Report No. 42 Version 5.0, Issued 2014","Routine Particle Size Distribution (3A1a1a)",35.4,84.9,15.3,66.0,18.7,,,46.0,20.0,7.9,2.5,1.7,2.1,1.1,"USDA NRCS Kellogg Soil Survey Laboratory",
"cce09b4b-dadc-40b8-9190-6d387da33110","BLAN_001.basePlot.all","D02","BLAN","BLAN_001","S2017VA043001","2017-06-13","17N03903","Bw1","S2017VA043001-2","bulk",16.0,34.0,25.0,"2018-04-04","Kellogg Soil Survey Laboratory Methods Manual, Soil Survey Investigations Report No. 42 Version 5.0, Issued 2014","Routine Particle Size Distribution (3A1a1a)",120.2,83.0,40.9,41.3,17.8,,,32.6,8.7,7.2,10.5,17.4,4.2,1.6,"USDA NRCS Kellogg Soil Survey Laboratory",
"2cdc2f63-c308-4dab-a1bf-f9549c84559e","BLAN_001.basePlot.all","D02","BLAN","BLAN_001","S2017VA043001","2017-06-13","17N03905","2Bt","S2017VA043001-4","bulk",53.0,100.0,76.5,"2018-04-04","Kellogg Soil Survey Laboratory Methods Manual, Soil Survey Investigations Report No. 42 Version 5.0, Issued 2014","Routine Particle Size Distribution (3A1a1a)",97.9,194.8,38.5,33.3,28.2,,,25.4,7.9,5.8,10.6,13.8,5.7,2.6,"USDA NRCS Kellogg Soil Survey Laboratory",
"6f80c54b-da56-447c-a1e6-c706e742f599","BLAN_031.basePlot.all","D02","BLAN","BLAN_031","S2017VA043031","2017-06-13","17N03955","EB","S2017VA043031-2","bulk",20.0,48.0,34.0,"2018-04-19","Kellogg Soil Survey Laboratory Methods Manual, Soil Survey Investigations Report No. 42 Version 5.0, Issued 2014","Routine Particle Size Distribution (3A1a1a)",41.4,62.6,18.8,64.8,16.4,,,41.7,23.1,10.6,2.6,2.3,1.5,1.8,"USDA NRCS Kellogg Soil Survey Laboratory",
"b1c4983a-1c42-4c86-9a1c-7966df3ff589","BLAN_031.basePlot.all","D02","BLAN","BLAN_031","S2017VA043031","2017-06-13","17N03957","Bt2","S2017VA043031-4","bulk",88.0,100.0,94.0,"2018-04-19","Kellogg Soil Survey Laboratory Methods Manual, Soil Survey Investigations Report No. 42 Version 5.0, Issued 2014","Routine Particle Size Distribution (3A1a1a)",44.6,6.6,10.4,51.2,38.4,,,33.5,17.7,6.0,2.1,0.9,0.9,0.5,"USDA NRCS Kellogg Soil Survey Laboratory",
"bf168893-4715-45ef-b54e-c0e780694049","BLAN_012.basePlot.all","D02","BLAN","BLAN_012","S2017VA043012","2017-06-13","17N03935","Bt2","S2017VA043012-4","bulk",54.0,100.0,77.0,"2018-04-17","Kellogg Soil Survey Laboratory Methods Manual, Soil Survey Investigations Report No. 42 Version 5.0, Issued 2014","Routine Particle Size Distribution (3A1a1a)",30.7,2.2,21.6,47.8,30.6,,,33.7,14.1,8.7,6.2,3.5,2.2,1.0,"USDA NRCS Kellogg Soil Survey Laboratory",
"5de48e52-1618-4922-b16b-88fc7ae61b45","BLAN_001.basePlot.all","D02","BLAN","BLAN_001","S2017VA043001","2017-06-13","17N03902","Ap","S2017VA043001-1","bulk",0.0,16.0,8.0,"2018-04-04","Kellogg Soil Survey Laboratory Methods Manual, Soil Survey Investigations Report No. 42 Version 5.0, Issued 2014","Routine Particle Size Distribution (3A1a1a)",42.8,126.6,39.1,42.9,18.0,,,33.1,9.8,6.1,11.6,15.0,5.4,1.0,"USDA NRCS Kellogg Soil Survey Laboratory",
"864fbd4b-674e-418b-86d2-5bed9ef9c2d5","BLAN_032.basePlot.all","D02","BLAN","BLAN_032","S2017VA043032","2017-06-13","17N03959","AB","S2017VA043032-2","bulk",26.0,58.0,42.0,"2018-04-19","Kellogg Soil Survey Laboratory Methods Manual, Soil Survey Investigations Report No. 42 Version 5.0, Issued 2014","Routine Particle Size Distribution (3A1a1a)",27.3,25.4,18.1,59.1,22.8,,,41.2,17.9,6.5,3.0,5.7,1.9,1.0,"USDA NRCS Kellogg Soil Survey Laboratory",
"a7baf56c-7ed8-4abb-9f96-4171127f2748","BLAN_031.basePlot.all","D02","BLAN","BLAN_031","S2017VA043031","2017-06-13","17N03954","A","S2017VA043031-1","bulk",0.0,20.0,10.0,"2018-04-19","Kellogg Soil Survey Laboratory Methods Manual, Soil Survey Investigations Report No. 42 Version 5.0, Issued 2014","Routine Particle Size Distribution (3A1a1a)",49.5,56.0,21.0,62.2,16.8,,,38.0,24.2,9.4,5.3,1.2,2.3,2.8,"USDA NRCS Kellogg Soil Survey Laboratory",
"0de5100f-09b1-4d59-bd79-b8043015441c","BLAN_012.basePlot.all","D02","BLAN","BLAN_012","S2017VA043012","2017-06-13","17N03934","Bt1","S2017VA043012-3","bulk",20.0,54.0,37.0,"2018-04-17","Kellogg Soil Survey Laboratory Methods Manual, Soil Survey Investigations Report No. 42 Version 5.0, Issued 2014","Routine Particle Size Distribution (3A1a1a)",3.8,5.3,22.7,54.5,22.8,,,39.5,15.0,8.6,6.9,3.5,2.4,1.3,"USDA NRCS Kellogg Soil Survey Laboratory",
"9611c094-34c5-4c09-bdb7-f287011047b9","BLAN_032.basePlot.all","D02","BLAN","BLAN_032","S2017VA043032","2017-06-13","17N03961","Bt2","S2017VA043032-4","bulk",82.0,100.0,91.0,"2018-04-19","Kellogg Soil Survey Laboratory Methods Manual, Soil Survey Investigations Report No. 42 Version 5.0, Issued 2014","Routine Particle Size Distribution (3A1a1a)",57.0,6.4,8.7,21.4,69.9,,,15.8,5.6,2.9,2.7,2.2,0.7,0.2,"USDA NRCS Kellogg Soil Survey Laboratory",
"86ff68cb-a2b1-4218-92d2-beed2a9be18d","BLAN_015.basePlot.all","D02","BLAN","BLAN_015","S2017VA043015","2017-06-13","17N03936","A","S2017VA043015-1","bulk",0.0,16.0,8.0,"2018-04-17","Kellogg Soil Survey Laboratory Methods Manual, Soil Survey Investigations Report No. 42 Version 5.0, Issued 2014","Routine Particle Size Distribution (3A1a1a)",0.0,0.0,68.1,21.5,10.4,,,13.2,8.3,10.3,28.3,27.2,2.3,0.0,"USDA NRCS Kellogg Soil Survey Laboratory",
"498385f6-3bd1-4f32-be77-e637332c8f96","BLAN_015.basePlot.all","D02","BLAN","BLAN_015","S2017VA043015","2017-06-13","17N03938","C","S2017VA043015-3","bulk",48.0,100.0,74.0,"2018-04-17","Kellogg Soil Survey Laboratory Methods Manual, Soil Survey Investigations Report No. 42 Version 5.0, Issued 2014","Routine Particle Size Distribution (3A1a1a)",0.0,0.0,78.3,14.4,7.3,,,8.7,5.7,9.7,31.9,34.3,2.4,0.0,"USDA NRCS Kellogg Soil Survey Laboratory",
"cdcfa1af-89a8-457e-adbe-05e92c74b3d7","BLAN_012.basePlot.all","D02","BLAN","BLAN_012","S2017VA043012","2017-06-13","17N03933","AE","S2017VA043012-2","bulk",8.0,20.0,14.0,"2018-04-17","Kellogg Soil Survey Laboratory Methods Manual, Soil Survey Investigations Report No. 42 Version 5.0, Issued 2014","Routine Particle Size Distribution (3A1a1a)",4.2,6.9,23.1,60.7,16.2,,,43.1,17.6,8.9,7.3,4.1,2.1,0.7,"USDA NRCS Kellogg Soil Survey Laboratory",
"0762dd4d-8caf-48ee-bc4f-ec51aa45c7ba","BLAN_012.basePlot.all","D02","BLAN","BLAN_012","S2017VA043012","2017-06-13","17N03932","A","S2017VA043012-1","bulk",0.0,8.0,4.0,"2018-04-17","Kellogg Soil Survey Laboratory Methods Manual, Soil Survey Investigations Report No. 42 Version 5.0, Issued 2014","Routine Particle Size Distribution (3A1a1a)",3.5,2.2,24.4,59.7,15.9,,,42.4,17.3,8.8,7.7,4.7,2.2,1.0,"USDA NRCS Kellogg Soil Survey Laboratory",
"3b39af8b-8bf6-437b-a702-377d3c8999c9","BLAN_032.basePlot.all","D02","BLAN","BLAN_032","S2017VA043032","2017-06-13","17N03958","A","S2017VA043032-1","bulk",0.0,26.0,13.0,"2018-04-19","Kellogg Soil Survey Laboratory Methods Manual, Soil Survey Investigations Report No. 42 Version 5.0, Issued 2014","Routine Particle Size Distribution (3A1a1a)",33.5,22.3,17.7,64.4,17.9,,,43.3,21.1,6.9,3.5,4.9,2.0,0.4,"USDA NRCS Kellogg Soil Survey Laboratory",
"239c4fff-2641-4560-923f-b0240b45f71f","BLAN_015.basePlot.all","D02","BLAN","BLAN_015","S2017VA043015","2017-06-13","17N03937","Bw","S2017VA043015-2","bulk",16.0,48.0,32.0,"2018-04-17","Kellogg Soil Survey Laboratory Methods Manual, Soil Survey Investigations Report No. 42 Version 5.0, Issued 2014","Routine Particle Size Distribution (3A1a1a)",0.0,0.0,75.8,15.4,8.8,,,8.4,7.0,9.6,34.5,29.6,2.1,0.0,"USDA NRCS Kellogg Soil Survey Laboratory",
"e9599797-9a30-4de5-a3f5-5ce3a534c123","BLAN_001.basePlot.all","D02","BLAN","BLAN_001","S2017VA043001","2017-06-13","17N03904","Bw2","S2017VA043001-3","bulk",34.0,53.0,43.5,"2018-04-04","Kellogg Soil Survey Laboratory Methods Manual, Soil Survey Investigations Report No. 42 Version 5.0, Issued 2014","Routine Particle Size Distribution (3A1a1a)",36.5,70.5,38.4,43.3,18.3,,,33.4,9.9,6.7,11.6,15.1,4.1,0.9,"USDA NRCS Kellogg Soil Survey Laboratory",
"8a5b04ed-9b60-40a8-b032-8512030dd6e9","BLAN_032.basePlot.all","D02","BLAN","BLAN_032","S2017VA043032","2017-06-13","17N03960","Bt1","S2017VA043032-3","bulk",58.0,82.0,70.0,"2018-04-19","Kellogg Soil Survey Laboratory Methods Manual, Soil Survey Investigations Report No. 42 Version 5.0, Issued 2014","Routine Particle Size Distribution (3A1a1a)",54.5,60.6,15.6,42.4,42.0,,,31.2,11.2,5.7,2.7,5.0,1.8,0.4,"USDA NRCS Kellogg Soil Survey Laboratory",
"e1a32718-8078-4162-b3db-2d399d6bdfcc","BLAN_008.basePlot.all","D02","BLAN","BLAN_008","S2017VA043008","2017-06-14","17N03923","Bt3","S2017VA043008-5","bulk",80.0,100.0,90.0,"2018-04-05","Kellogg Soil Survey Laboratory Methods Manual, Soil Survey Investigations Report No. 42 Version 5.0, Issued 2014","Routine Particle Size Distribution (3A1a1a)",4.5,4.8,34.5,36.0,29.5,,,25.5,10.5,9.5,12.3,7.2,3.9,1.6,"USDA NRCS Kellogg Soil Survey Laboratory",
"c964cd33-3979-45fa-8e9e-6afb535eaaec","BLAN_010.basePlot.all","D02","BLAN","BLAN_010","S2017VA043010","2017-06-14","17N03926","Bt2","S2017VA043010-3","bulk",51.0,75.0,63.0,"2018-04-05","Kellogg Soil Survey Laboratory Methods Manual, Soil Survey Investigations Report No. 42 Version 5.0, Issued 2014","Routine Particle Size Distribution (3A1a1a)",189.2,250.5,32.4,17.0,50.6,,,13.7,3.3,2.7,7.5,7.0,8.2,7.0,"USDA NRCS Kellogg Soil Survey Laboratory",
"d939acd2-4e58-4e48-a4fe-db96d0ca9242","BLAN_020.basePlot.all","D02","BLAN","BLAN_020","S2017VA043020","2017-06-14","17N03950","Ap","S2017VA043020-1","bulk",0.0,10.0,5.0,"2018-04-19","Kellogg Soil Survey Laboratory Methods Manual, Soil Survey Investigations Report No. 42 Version 5.0, Issued 2014","Routine Particle Size Distribution (3A1a1a)",24.3,16.1,14.0,68.7,17.3,,,52.1,16.6,6.3,2.1,1.5,2.1,2.0,"USDA NRCS Kellogg Soil Survey Laboratory",
"5c25bccd-de9d-4ad3-b112-57bbe35568ba","BLAN_008.basePlot.all","D02","BLAN","BLAN_008","S2017VA043008","2017-06-14","17N03922","Bt2","S2017VA043008-4","bulk",55.0,80.0,67.5,"2018-04-05","Kellogg Soil Survey Laboratory Methods Manual, Soil Survey Investigations Report No. 42 Version 5.0, Issued 2014","Routine Particle Size Distribution (3A1a1a)",4.0,3.1,30.4,39.2,30.4,,,27.1,12.1,7.6,10.7,6.7,4.3,1.1,"USDA NRCS Kellogg Soil Survey Laboratory",
"c1b5e139-3fba-47f5-9f07-78b1739bb596","BLAN_010.basePlot.all","D02","BLAN","BLAN_010","S2017VA043010","2017-06-14","17N03924","Ap","S2017VA043010-1","bulk",0.0,21.0,10.5,"2018-04-05","Kellogg Soil Survey Laboratory Methods Manual, Soil Survey Investigations Report No. 42 Version 5.0, Issued 2014","Routine Particle Size Distribution (3A1a1a)",53.4,158.3,56.8,29.9,13.3,,,22.6,7.3,7.4,14.7,22.0,9.1,3.6,"USDA NRCS Kellogg Soil Survey Laboratory",
"122a731e-1d77-450c-9c4b-dd87efc3a32b","BLAN_019.basePlot.all","D02","BLAN","BLAN_019","S2017VA043019","2017-06-14","17N03949","Bw","S2017VA043019-2","bulk",17.0,100.0,58.5,"2018-04-17","Kellogg Soil Survey Laboratory Methods Manual, Soil Survey Investigations Report No. 42 Version 5.0, Issued 2014","Routine Particle Size Distribution (3A1a1a)",2.7,2.2,22.1,50.4,27.5,,,32.2,18.2,10.4,8.2,3.2,0.3,0.0,"USDA NRCS Kellogg Soil Survey Laboratory",
"94e80b9a-b701-4714-9868-2e51fafbb576","BLAN_020.basePlot.all","D02","BLAN","BLAN_020","S2017VA043020","2017-06-14","17N03953","Cr","S2017VA043020-4","bulk",80.0,100.0,90.0,"2018-04-19","Kellogg Soil Survey Laboratory Methods Manual, Soil Survey Investigations Report No. 42 Version 5.0, Issued 2014","Routine Particle Size Distribution (3A1a1a)",77.3,385.2,15.9,63.7,20.4,,,50.1,13.6,5.7,2.6,1.9,3.1,2.6,"USDA NRCS Kellogg Soil Survey Laboratory",
"44cde00a-63ef-4851-b2c0-3c7ee2ec02f8","BLAN_008.basePlot.all","D02","BLAN","BLAN_008","S2017VA043008","2017-06-14","17N03920","BE","S2017VA043008-2","bulk",10.0,30.0,20.0,"2018-04-05","Kellogg Soil Survey Laboratory Methods Manual, Soil Survey Investigations Report No. 42 Version 5.0, Issued 2014","Routine Particle Size Distribution (3A1a1a)",2.9,7.4,30.2,41.4,28.4,,,30.3,11.1,8.2,9.8,7.5,3.5,1.2,"USDA NRCS Kellogg Soil Survey Laboratory",
"d4e62000-3565-4ff8-bd47-dd817edda63e","BLAN_008.basePlot.all","D02","BLAN","BLAN_008","S2017VA043008","2017-06-14","17N03919","Ap","S2017VA043008-1","bulk",0.0,10.0,5.0,"2018-04-05","Kellogg Soil Survey Laboratory Methods Manual, Soil Survey Investigations Report No. 42 Version 5.0, Issued 2014","Routine Particle Size Distribution (3A1a1a)",0.6,0.6,29.9,47.2,22.9,,,33.5,13.7,9.3,8.8,8.1,3.1,0.6,"USDA NRCS Kellogg Soil Survey Laboratory",
"d7af4b99-92eb-46bf-9a29-330255381e37","BLAN_008.basePlot.all","D02","BLAN","BLAN_008","S2017VA043008","2017-06-14","17N03921","Bt1","S2017VA043008-3","bulk",30.0,55.0,42.5,"2018-04-05","Kellogg Soil Survey Laboratory Methods Manual, Soil Survey Investigations Report No. 42 Version 5.0, Issued 2014","Routine Particle Size Distribution (3A1a1a)",3.6,3.2,30.5,39.4,30.1,,,27.4,12.0,7.7,10.5,7.3,3.9,1.1,"USDA NRCS Kellogg Soil Survey Laboratory",
"d3a2f098-0f92-4791-a025-9e1d78a04a62","BLAN_002.basePlot.all","D02","BLAN","BLAN_002","S2017VA043002","2017-06-14","17N03906","Ap","S2017VA043002-1","bulk",0.0,15.0,7.5,"2018-04-04","Kellogg Soil Survey Laboratory Methods Manual, Soil Survey Investigations Report No. 42 Version 5.0, Issued 2014","Routine Particle Size Distribution (3A1a1a)",30.3,10.1,14.2,60.8,25.0,,,46.1,14.7,6.6,3.1,1.6,1.8,1.1,"USDA NRCS Kellogg Soil Survey Laboratory",
"3b0e7c1e-2d1d-44f5-accc-aafb55566afd","BLAN_020.basePlot.all","D02","BLAN","BLAN_020","S2017VA043020","2017-06-14","17N03952","BCt","S2017VA043020-3","bulk",45.0,80.0,62.5,"2018-04-19","Kellogg Soil Survey Laboratory Methods Manual, Soil Survey Investigations Report No. 42 Version 5.0, Issued 2014","Routine Particle Size Distribution (3A1a1a)",66.2,222.2,12.5,70.8,16.7,,,54.2,16.6,6.0,1.8,1.4,1.8,1.5,"USDA NRCS Kellogg Soil Survey Laboratory",
"93b9a592-9214-4d1f-9f1f-76d1d25eea46","BLAN_010.basePlot.all","D02","BLAN","BLAN_010","S2017VA043010","2017-06-14","17N03927","Bt3","S2017VA043010-4","bulk",75.0,100.0,87.5,"2018-04-17","Kellogg Soil Survey Laboratory Methods Manual, Soil Survey Investigations Report No. 42 Version 5.0, Issued 2014","Routine Particle Size Distribution (3A1a1a)",40.8,8.7,6.3,15.1,78.6,,,13.2,1.9,1.3,1.4,1.9,0.9,0.8,"USDA NRCS Kellogg Soil Survey Laboratory",
"bda0e842-f7d6-45d0-a17a-8fe0bf750a78","BLAN_002.basePlot.all","D02","BLAN","BLAN_002","S2017VA043002","2017-06-14","17N03907","Bt1","S2017VA043002-2","bulk",15.0,35.0,25.0,"2018-04-05","Kellogg Soil Survey Laboratory Methods Manual, Soil Survey Investigations Report No. 42 Version 5.0, Issued 2014","Routine Particle Size Distribution (3A1a1a)",86.8,68.1,16.2,59.0,24.8,,,44.0,15.0,5.9,3.1,1.8,2.6,2.8,"USDA NRCS Kellogg Soil Survey Laboratory",
"e2720c7c-20a7-45b7-9cff-607e66fed2e2","BLAN_010.basePlot.all","D02","BLAN","BLAN_010","S2017VA043010","2017-06-14","17N03925","Bt1","S2017VA043010-2","bulk",21.0,51.0,36.0,"2018-04-05","Kellogg Soil Survey Laboratory Methods Manual, Soil Survey Investigations Report No. 42 Version 5.0, Issued 2014","Routine Particle Size Distribution (3A1a1a)",122.3,196.2,54.5,32.0,13.5,,,24.4,7.6,6.1,13.0,21.5,8.8,5.1,"USDA NRCS Kellogg Soil Survey Laboratory",
"a4bd55a4-a3d0-41de-983d-a641c1c2cfd7","BLAN_020.basePlot.all","D02","BLAN","BLAN_020","S2017VA043020","2017-06-14","17N03951","Bt","S2017VA043020-2","bulk",10.0,45.0,27.5,"2018-04-19","Kellogg Soil Survey Laboratory Methods Manual, Soil Survey Investigations Report No. 42 Version 5.0, Issued 2014","Routine Particle Size Distribution (3A1a1a)",97.7,221.1,14.4,68.2,17.4,,,52.0,16.2,6.9,1.5,1.7,2.1,2.2,"USDA NRCS Kellogg Soil Survey Laboratory",
"f845edeb-d73c-4a59-8c2f-599fe7aa13db","BLAN_002.basePlot.all","D02","BLAN","BLAN_002","S2017VA043002","2017-06-14","17N03908","Bt2","S2017VA043002-3","bulk",35.0,66.0,50.5,"2018-04-05","Kellogg Soil Survey Laboratory Methods Manual, Soil Survey Investigations Report No. 42 Version 5.0, Issued 2014","Routine Particle Size Distribution (3A1a1a)",32.7,20.4,9.0,44.7,46.3,,,35.9,8.8,4.2,1.9,1.3,1.1,0.5,"USDA NRCS Kellogg Soil Survey Laboratory",
"7bd7f4a9-451f-44ce-8a30-4dc0220cca00","BLAN_019.basePlot.all","D02","BLAN","BLAN_019","S2017VA043019","2017-06-14","17N03948","Ap","S2017VA043019-1","bulk",0.0,17.0,8.5,"2018-04-17","Kellogg Soil Survey Laboratory Methods Manual, Soil Survey Investigations Report No. 42 Version 5.0, Issued 2014","Routine Particle Size Distribution (3A1a1a)",2.0,2.3,30.3,48.3,21.4,,,31.4,16.9,13.0,13.3,3.6,0.3,0.1,"USDA NRCS Kellogg Soil Survey Laboratory",
"46620d61-ccb8-4307-ac91-b82d8ad0e2da","BLAN_002.basePlot.all","D02","BLAN","BLAN_002","S2017VA043002","2017-06-14","17N03909","BCt","S2017VA043002-4","bulk",66.0,90.0,78.0,"2018-04-05","Kellogg Soil Survey Laboratory Methods Manual, Soil Survey Investigations Report No. 42 Version 5.0, Issued 2014","Routine Particle Size Distribution (3A1a1a)",41.4,0.0,8.2,25.9,65.9,,,21.2,4.7,3.1,1.9,1.4,1.2,0.6,"USDA NRCS Kellogg Soil Survey Laboratory",
"8a4afbdb-6f20-4b66-b6e8-7eda1992c779","BLAN_002.basePlot.all","D02","BLAN","BLAN_002","S2017VA043002","2017-06-14","17N03910","Cr","S2017VA043002-5","bulk",90.0,100.0,95.0,"2018-04-05","Kellogg Soil Survey Laboratory Methods Manual, Soil Survey Investigations Report No. 42 Version 5.0, Issued 2014","Routine Particle Size Distribution (3A1a1a)",0.0,0.0,24.5,35.6,39.9,,,26.4,9.2,7.1,4.6,2.9,5.1,4.8,"USDA NRCS Kellogg Soil Survey Laboratory",
"f217e621-ab54-46da-82e9-0fa543851c1a","BLAN_016.basePlot.all","D02","BLAN","BLAN_016","S2017VA043016","2017-06-15","17N03941","Bt2","S2017VA043016-3","bulk",38.0,60.0,49.0,"2018-04-17","Kellogg Soil Survey Laboratory Methods Manual, Soil Survey Investigations Report No. 42 Version 5.0, Issued 2014","Routine Particle Size Distribution (3A1a1a)",47.1,27.0,43.7,38.2,18.1,,,26.4,11.8,10.0,15.3,13.4,3.7,1.3,"USDA NRCS Kellogg Soil Survey Laboratory",
"ced2ec7b-5c90-442c-a73a-a74f1d83c03e","BLAN_006.basePlot.all","D02","BLAN","BLAN_006","S2017VA043006","2017-06-15","17N03916","Ap","S2017VA043006-1","bulk",0.0,24.0,12.0,"2018-04-05","Kellogg Soil Survey Laboratory Methods Manual, Soil Survey Investigations Report No. 42 Version 5.0, Issued 2014","Routine Particle Size Distribution (3A1a1a)",3.5,4.3,37.9,46.1,16.0,,,31.3,14.8,10.2,15.3,8.5,3.0,0.9,"USDA NRCS Kellogg Soil Survey Laboratory",
"feb4aad2-4e08-408d-92f8-f6b6878aa4a1","BLAN_016.basePlot.all","D02","BLAN","BLAN_016","S2017VA043016","2017-06-15","17N03939","Ap","S2017VA043016-1","bulk",0.0,21.0,10.5,"2018-04-17","Kellogg Soil Survey Laboratory Methods Manual, Soil Survey Investigations Report No. 42 Version 5.0, Issued 2014","Routine Particle Size Distribution (3A1a1a)",3.1,1.7,40.0,45.4,14.6,,,29.7,15.7,12.7,13.2,11.8,1.9,0.4,"USDA NRCS Kellogg Soil Survey Laboratory",
"bda2387f-e0f4-422b-b2c5-e7138f51f161","BLAN_006.basePlot.all","D02","BLAN","BLAN_006","S2017VA043006","2017-06-15","17N03918","Bt2","S2017VA043006-3","bulk",42.0,100.0,71.0,"2018-04-05","Kellogg Soil Survey Laboratory Methods Manual, Soil Survey Investigations Report No. 42 Version 5.0, Issued 2014","Routine Particle Size Distribution (3A1a1a)",20.1,16.1,37.0,35.9,27.1,,,23.6,12.3,9.1,17.4,6.0,2.9,1.6,"USDA NRCS Kellogg Soil Survey Laboratory",
"1489ed1f-d54f-4826-9517-6505bb1ae8d7","BLAN_016.basePlot.all","D02","BLAN","BLAN_016","S2017VA043016","2017-06-15","17N03942","Bt3","S2017VA043016-4","bulk",60.0,100.0,80.0,"2018-04-17","Kellogg Soil Survey Laboratory Methods Manual, Soil Survey Investigations Report No. 42 Version 5.0, Issued 2014","Routine Particle Size Distribution (3A1a1a)",11.5,16.5,43.6,30.9,25.5,,,20.7,10.2,10.2,13.9,14.6,4.1,0.8,"USDA NRCS Kellogg Soil Survey Laboratory",
"a33d39d9-3827-4b7d-a0ac-19dc9a69e982","BLAN_006.basePlot.all","D02","BLAN","BLAN_006","S2017VA043006","2017-06-15","17N03917","Bt1","S2017VA043006-2","bulk",24.0,42.0,33.0,"2018-04-05","Kellogg Soil Survey Laboratory Methods Manual, Soil Survey Investigations Report No. 42 Version 5.0, Issued 2014","Routine Particle Size Distribution (3A1a1a)",19.9,17.4,37.6,45.1,17.3,,,31.7,13.4,8.8,14.4,8.4,3.4,2.6,"USDA NRCS Kellogg Soil Survey Laboratory",
"c8942a19-fe7f-40c4-a8a5-9a712a64f006","BLAN_016.basePlot.all","D02","BLAN","BLAN_016","S2017VA043016","2017-06-15","17N03940","Bt1","S2017VA043016-2","bulk",21.0,38.0,29.5,"2018-04-17","Kellogg Soil Survey Laboratory Methods Manual, Soil Survey Investigations Report No. 42 Version 5.0, Issued 2014","Routine Particle Size Distribution (3A1a1a)",4.7,2.3,38.3,45.2,16.5,,,32.0,13.2,11.1,12.1,11.4,2.9,0.8,"USDA NRCS Kellogg Soil Survey Laboratory",
