uid,domainID,siteID,plotID,namedLocation,plotType,nlcdClass,geodeticDatum,decimalLatitude,decimalLongitude,coordinateUncertainty,elevation,elevationUncertainty,collectDate,referenceCorner,sampleDistance,sampleBearing,pitID,testProtocolVersion,soilSamplingMethod,sampleRelativeLocation,pitDepth,recordedByA,soilProfileDescriberA,soilProfileDescriberInst,nrcsDescriptionID,soilSeries,soilFamily,soilSubgroup,soilGreatGroup,soilSuborder,soilOrder,remarks,dataQF
"be039740-c3c9-4123-8123-85324358b2e5","D02","BLAN","BLAN_011","BLAN_011.basePlot.all","distributed","deciduousForest","WGS84",39.087243,-77.974013,20.2,141.0,0.3,"2017-06-12","SW20",0.5,280,"1229597","Field Book for Describing and Sampling Soils ver3","soil pit","Center of Pit",100,"hCX/iLRB7l8UVlzMEr+MrA==","hCX/iLRB7l8UVlzMEr+MrA==","Natural Resource Conservation Service","S2017VA043011","Timberville","Fine, mixed, active, mesic Typic Hapludults","typic hapludults","hapludults","udults","ultisols","SW20 to pit center is 4m90cm @ 280 degrees",
"cec13230-725c-416d-8dd3-80436e95a5d5","D02","BLAN","BLAN_017","BLAN_017.basePlot.all","distributed","deciduousForest","WGS84",39.086353,-77.970992,20.3,144.2,0.5,"2017-06-12","NW20",0.9,257,"1131988","Field Book for Describing and Sampling Soils ver3","soil pit","Center of Pit",100,"QNcLZTMS5RzmjEDSVx1pbw==","Fs2eXi/J2H5AewCTB0GQXA==","Natural Resource Conservation Service","S2017VA043017","udults",,,,"udults","ultisols","Casey Tree Farm near Winchester, VA. Sampling site for National Ecological Observatory Network (NEON).",
"8b80fca3-a08b-4096-b9b1-684c899e17d9","D02","BLAN","BLAN_005","BLAN_005.basePlot.all","distributed","deciduousForest","WGS84",39.087456,-77.971942,20.1,137.4,0.2,"2017-06-12","SE40",0.8,289,"1209201","Field Book for Describing and Sampling Soils ver3","soil pit","Center of Pit",100,"cMFuzbrEKtSiJJUiv6ah+Q==","cMFuzbrEKtSiJJUiv6ah+Q==","Natural Resource Conservation Service","S2017VA043005","Monongahela","Fine-loamy, mixed, semiactive, mesic Typic Fragiudults","typic fragiudults","fragiudults","udults","ultisols","8.07;289;40x40 SE marker",
"cdee51cc-bc4f-4e58-9ccc-16ef8979533c","D02","BLAN","BLAN_032","BLAN_032.basePlot.all","tower","shrubScrub","WGS84",39.058572,-78.073305,20.1,184.7,0.1,"2017-06-13","NE20",0.3,51,"1131989","Field Book for Describing and Sampling Soils ver3","soil core","Center of Pit",100,"cMFuzbrEKtSiJJUiv6ah+Q==","Fs2eXi/J2H5AewCTB0GQXA==","Natural Resource Conservation Service","S2017VA043032","Poplimento","Fine, mixed, subactive, mesic Ultic Hapludalfs","ultic hapludalfs","hapludalfs","udalfs","alfisols","Blandy Farm near Winchester, VA. National Ecological Observatory Network (NEON) Tower site.",
"bf0dbe7d-85a9-4305-99ba-7e2a9abcf68e","D02","BLAN","BLAN_031","BLAN_031.basePlot.all","tower","cultivatedCrops","WGS84",39.058809,-78.070547,20.1,183.1,0.1,"2017-06-13","SW40",0.7,12,"1131990","Field Book for Describing and Sampling Soils ver3","soil core","*SW40 not marked*",100,"cMFuzbrEKtSiJJUiv6ah+Q==","Fs2eXi/J2H5AewCTB0GQXA==","Natural Resource Conservation Service","S2017VA043031","Poplimento","Fine, mixed, subactive, mesic Ultic Hapludalfs","ultic hapludalfs","hapludalfs","udalfs","alfisols","Blandy Farm near Winchester, VA. National Ecological Observatory Network (NEON) Tower site.",
"9fc0adf9-d025-4cfb-ab1f-9a470a27de7a","D02","BLAN","BLAN_015","BLAN_015.basePlot.all","distributed","deciduousForest","WGS84",39.087544,-77.954623,20.1,124.7,0.2,"2017-06-13","SW20",0.8,260,"1229595","Field Book for Describing and Sampling Soils ver3","soil pit","Center of Pit",100,"QNcLZTMS5RzmjEDSVx1pbw==","hCX/iLRB7l8UVlzMEr+MrA==","Natural Resource Conservation Service","S2017VA043015","Udipsamment",,,,,,"SW20 to pit center is 8m @ 260 degrees",
"df2ac2e5-85b3-4056-8d85-8a2b1de49132","D02","BLAN","BLAN_012","BLAN_012.basePlot.all","distributed","deciduousForest","WGS84",39.082046,-77.961088,20.2,138.9,0.3,"2017-06-13","SE20",0.5,8,"1229596","Field Book for Describing and Sampling Soils ver3","soil pit","Center of Pit",100,"cMFuzbrEKtSiJJUiv6ah+Q==","cMFuzbrEKtSiJJUiv6ah+Q==","Natural Resource Conservation Service","S2017VA043012","Thurmont","Fine-loamy, mixed, active, mesic Oxyaquic Hapludults","oxyaquic hapludults","hapludults","udults","ultisols","SE20 to pit center 180 inches @ 108 degrees",
"39cb1932-bcc6-4852-abfd-dfc538080c3d","D02","BLAN","BLAN_001","BLAN_001.basePlot.all","distributed","deciduousForest","WGS84",39.087919,-77.958389,20.2,128.3,0.3,"2017-06-13","SW20",0.6,212,"1209199","Field Book for Describing and Sampling Soils ver3","soil pit","Center of Pit",100,"QNcLZTMS5RzmjEDSVx1pbw==","hCX/iLRB7l8UVlzMEr+MrA==","Natural Resource Conservation Service","S2017VA043001","Lakin","Mixed, mesic Lamellic Udipsamments","lamellic udipsamments","udipsamments","psamments","entisols","5.5;212;20x20 SW marker",
"7edb14ba-367b-4c08-a317-124050949172","D02","BLAN","BLAN_002","BLAN_002.basePlot.all","distributed","pastureHay","WGS84",39.092296,-77.980761,20.1,139.7,0.1,"2017-06-14","SW40",0.4,60,"1209200","Field Book for Describing and Sampling Soils ver3","soil pit","Center of Pit",100,"hCX/iLRB7l8UVlzMEr+MrA==","hCX/iLRB7l8UVlzMEr+MrA==","Natural Resource Conservation Service","S2017VA043002","Poplimento","Mixed, subactive, mesic Ultic Hapludalfs","ultic hapludalfs","hapludalfs","udalfs","alfisols","3.79;60;40x40 SW marker",
"66eddde4-d2c0-4f09-b0fc-c6c3002816aa","D02","BLAN","BLAN_019","BLAN_019.basePlot.all","distributed","pastureHay","WGS84",39.087842,-77.966033,20.1,120.2,0.1,"2017-06-14","SW40",0.4,34,"1131992","Field Book for Describing and Sampling Soils ver3","soil pit","Center of Pit",100,"cMFuzbrEKtSiJJUiv6ah+Q==","cMFuzbrEKtSiJJUiv6ah+Q==","Natural Resource Conservation Service","S2017VA043019","Chagrin","Fine-loamy, mixed, active, mesic Dystric Fluventic Eutrudepts","dystric fluventic eutrudepts","eutrudepts","udepts","inceptisols","Casey Tree Farm near Winchester, VA. Sampling site for National Ecological Observatory Network (NEON).",
"d0086f42-3b79-4a37-ad2a-f61a7a2a2132","D02","BLAN","BLAN_008","BLAN_008.basePlot.all","distributed","pastureHay","WGS84",39.084853,-77.965124,20.1,142.1,0.1,"2017-06-14","SW40",0.4,39,"1209203","Field Book for Describing and Sampling Soils ver3","soil pit","Center of Pit",100,"QNcLZTMS5RzmjEDSVx1pbw==","hCX/iLRB7l8UVlzMEr+MrA==","Natural Resource Conservation Service","S2017VA043008","udult/udalf",,,,,,"3.83;39;40x40 SW marker",
"238253a8-12ea-4549-97a1-581c62b357a9","D02","BLAN","BLAN_010","BLAN_010.basePlot.all","distributed","pastureHay","WGS84",39.086352,-77.960564,20.1,133.2,0.1,"2017-06-14","SW40",0.5,26,"1229598","Field Book for Describing and Sampling Soils ver3","soil pit","Center of Pit",100,"cMFuzbrEKtSiJJUiv6ah+Q==","cMFuzbrEKtSiJJUiv6ah+Q==","Natural Resource Conservation Service","S2017VA043010","Thurmont","Fine-loamy, mixed, active, mesic Oxyaquic Hapludults","oxyaquic hapludults","hapludults","udults","ultisols","SW40 to pit center is 5m inches @ 26 degrees",
"fb5245a5-9461-4818-b163-e62311905d03","D02","BLAN","BLAN_020","BLAN_020.basePlot.all","distributed","pastureHay","WGS84",39.100938,-77.980394,20.1,165.9,0.1,"2017-06-14","SW40",0.3,66,"1131991","Field Book for Describing and Sampling Soils ver3","soil pit","Center of Pit",100,"QNcLZTMS5RzmjEDSVx1pbw==","QNcLZTMS5RzmjEDSVx1pbw==","Natural Resource Conservation Service","S2017VA043020","Webbtown","Loamy-skeletal, mixed, semiactive, mesic Ruptic-Alfic Eutrudepts","ruptic-alfic eutrudepts","eutrudepts","udepts","inceptisols","Casey Tree Farm near Winchester, VA. Sampling site for National Ecological Observatory Network (NEON).",
"245d1162-6e8b-4b97-b157-1f79a07e4d8b","D02","BLAN","BLAN_006","BLAN_006.basePlot.all","distributed","pastureHay","WGS84",39.083999,-77.963812,20.1,154.4,0.1,"2017-06-15","SW40",0.3,63,"1209202","Field Book for Describing and Sampling Soils ver3","soil pit","Center of Pit",100,"cMFuzbrEKtSiJJUiv6ah+Q==","cMFuzbrEKtSiJJUiv6ah+Q==","Natural Resource Conservation Service","S2017VA043006","Monongahela","Fine-loamy, mixed, semiactive, mesic Typic Fragiudults","typic fragiudults","fragiudults","udults","ultisols","257cm;257;40x40 SW marker",
"2db84a89-7440-4761-9965-ee58e697873d","D02","BLAN","BLAN_016","BLAN_016.basePlot.all","distributed","pastureHay","WGS84",39.086430,-77.963650,20.1,134.5,0.1,"2017-06-15","NW40",0.5,125,"1229594","Field Book for Describing and Sampling Soils ver3","soil pit","Center of Pit",100,"cMFuzbrEKtSiJJUiv6ah+Q==","cMFuzbrEKtSiJJUiv6ah+Q==","Natural Resource Conservation Service","S2017VA043016","Thurmont","Fine-loamy, mixed, active, mesic Oxyaquic Hapludults","oxyaquic hapludults","hapludults","udults","ultisols","NW40 to pit center is 210 inches @ 125 degrees",
