uid,domainID,siteID,pitNamedLocation,pitID,horizonID,bulkDensID,horizonName,setDate,collectDate,laboratoryName,labProjID,bulkDensCenterDepth,bulkDensTopDepth,bulkDensBottomDepth,bulkDensHorizonProportion,bulkDensSampleType,bulkDensExclCoarseFrag,remarks
"25e607fa-6946-4eda-a526-d611806db096","D01","HARV","MEGAPT100973","1_HARVARD_PIT1","1_HARVARD_PIT1_OI","1_HARVARD_PIT1_0-4_BULKD_OI","Oi","2012-07-17","2012-07-17","USDA NRCS Kellogg Soil Survey Laboratory - Lincoln - NE","I2012USMA075",2.2,0.0,4.4,1.0,"Regular",0.4608,"Sample collected by cutting out a square of soil and measuring dimensions. Void caused by a rock was subtracted from sample volume."
"004470cd-20a5-4a60-afaa-f41b8883cc19","D01","HARV","MEGAPT100973","1_HARVARD_PIT1","1_HARVARD_PIT1_AP","1_HARVARD_PIT1_9-15_BULKD_AP","Ap","2012-07-17","2012-07-17","USDA NRCS Kellogg Soil Survey Laboratory - Lincoln - NE","I2012USMA075",12.0,9.0,15.0,1.0,"Regular",0.6562,
"ddec6a2b-3c91-4567-91f2-c5adb40139ca","D01","HARV","MEGAPT100973","1_HARVARD_PIT1","1_HARVARD_PIT1_A","1_HARVARD_PIT1_4-9_BULKD_A","A","2012-07-17","2012-07-17","USDA NRCS Kellogg Soil Survey Laboratory - Lincoln - NE","I2012USMA075",6.5,4.0,9.0,1.0,"Regular",0.4772,"2 x 5 cm long cores"
"0a996be9-fb4a-42e6-9895-496eaf918b58","D01","HARV","MEGAPT100973","1_HARVARD_PIT1","1_HARVARD_PIT1_2C","1_HARVARD_PIT1_101-106_BULKD_2C","2C","2012-07-17","2012-07-17","USDA NRCS Kellogg Soil Survey Laboratory - Lincoln - NE","I2012USMA075",103.5,101.0,106.0,1.0,"Regular",1.7729,"2 x 5 cm long cores"
"81d20561-a361-4bec-af70-8d10539447f6","D01","HARV","MEGAPT100973","1_HARVARD_PIT1","1_HARVARD_PIT1_2CD2","1_HARVARD_PIT1_133-137_BULKD_2CD2","2Cd2","2012-07-17","2012-07-17","USDA NRCS Kellogg Soil Survey Laboratory - Lincoln - NE","I2012USMA075",135.0,133.0,137.0,1.0,"Regular",0.9727,
"88ef84e7-9ce3-4068-9e74-e754725f94bf","D01","HARV","MEGAPT100973","1_HARVARD_PIT1","1_HARVARD_PIT1_BW2","1_HARVARD_PIT1_55-65_BULKD_BW2","Bw2","2012-07-17","2012-07-17","USDA NRCS Kellogg Soil Survey Laboratory - Lincoln - NE","I2012USMA075",60.0,55.0,65.0,1.0,"Regular",1.4603,
"e708f4d0-9f3b-40d3-9d55-9fd900797cfe","D01","HARV","MEGAPT100973","1_HARVARD_PIT1","1_HARVARD_PIT1_2CD1","1_HARVARD_PIT1_115-125_BULKD_2CD1","2Cd1","2012-07-17","2012-07-17","USDA NRCS Kellogg Soil Survey Laboratory - Lincoln - NE","I2012USMA075",120.0,115.0,125.0,1.0,"Regular",1.5210,
"b823ebd4-3807-422f-8c0e-d816fbf2df34","D01","HARV","MEGAPT100973","1_HARVARD_PIT1","1_HARVARD_PIT1_2BC","1_HARVARD_PIT1_85-95_BULKD_2BC","2BC","2012-07-17","2012-07-17","USDA NRCS Kellogg Soil Survey Laboratory - Lincoln - NE","I2012USMA075",90.0,85.0,95.0,1.0,"Regular",1.4581,
"c53d603d-d6e2-49dd-a6b9-49d393f376b3","D01","HARV","MEGAPT100973","1_HARVARD_PIT1","1_HARVARD_PIT1_BW/E","1_HARVARD_PIT1_20-30_BULKD_BW/E","Bw/E","2012-07-17","2012-07-17","USDA NRCS Kellogg Soil Survey Laboratory - Lincoln - NE","I2012USMA075",25.0,20.0,30.0,1.0,"Regular",0.7750,
"8b926559-dc10-4569-b34b-6efac53d08d2","D01","HARV","MEGAPT100973","1_HARVARD_PIT1","1_HARVARD_PIT1_BW1","1_HARVARD_PIT1_32-42_BULKD_BW1","Bw1","2012-07-17","2012-07-17","USDA NRCS Kellogg Soil Survey Laboratory - Lincoln - NE","I2012USMA075",37.0,32.0,42.0,1.0,"Regular",1.2805,
