uid,domainID,siteID,pitNamedLocation,pitID,horizonID,horizonName,setDate,collectDate,horizonTopDepth,horizonBottomDepth,nrcsDescriptionID,remarks
"1a956ca4-f82a-4c2d-b55b-6394a054f6b4","D01","HARV","MEGAPT100973","1_HARVARD_PIT1","1_HARVARD_PIT1_OI","Oi","2012-07-17","2012-07-17",0.0,4.0,"S2012MA027001",
"ff70d691-0f0e-4888-92a9-a7cdd0c0dea7","D01","HARV","MEGAPT100973","1_HARVARD_PIT1","1_HARVARD_PIT1_A","A","2012-07-17","2012-07-17",4.0,9.0,"S2012MA027001",
"40ce2223-e845-4bf5-9e02-f2d58535909b","D01","HARV","MEGAPT100973","1_HARVARD_PIT1","1_HARVARD_PIT1_2CD2","2Cd2","2012-07-17","2012-07-17",133.0,160.0,"S2012MA027001",
"ead152c8-441a-44cc-b0a3-8019e28f8b8d","D01","HARV","MEGAPT100973","1_HARVARD_PIT1","1_HARVARD_PIT1_2BC","2BC","2012-07-17","2012-07-17",82.0,96.0,"S2012MA027001",
"5abf8c09-9d59-4398-8cc9-9abd4483d07f","D01","HARV","MEGAPT100973","1_HARVARD_PIT1","1_HARVARD_PIT1_BW1","Bw1","2012-07-17","2012-07-17",32.0,53.0,"S2012MA027001",
"f99483c5-8cd9-49cc-8dd4-ecb6106144d4","D01","HARV","MEGAPT100973","1_HARVARD_PIT1","1_HARVARD_PIT1_2C","2C","2012-07-17","2012-07-17",96.0,113.0,"S2012MA027001",
"36fb9b4c-309e-4cd0-b24c-458fc5773f37","D01","HARV","MEGAPT100973","1_HARVARD_PIT1","1_HARVARD_PIT1_2CD1","2Cd1","2012-07-17","2012-07-17",113.0,133.0,"S2012MA027001",
"ecf09cd7-f9c3-4a46-bba9-99943270d2aa","D01","HARV","MEGAPT100973","1_HARVARD_PIT1","1_HARVARD_PIT1_AP","Ap","2012-07-17","2012-07-17",9.0,17.0,"S2012MA027001",
"01b4861c-0969-4113-8181-2d8c1631f98c","D01","HARV","MEGAPT100973","1_HARVARD_PIT1","1_HARVARD_PIT1_BW2","Bw2","2012-07-17","2012-07-17",53.0,82.0,"S2012MA027001",
"6e9ac8b5-e530-421c-80cb-e86f9560460b","D01","HARV","MEGAPT100973","1_HARVARD_PIT1","1_HARVARD_PIT1_BW/E","Bw/E","2012-07-17","2012-07-17",17.0,32.0,"S2012MA027001",
