uid,domainID,siteID,pitNamedLocation,pitID,horizonID,horizonName,setDate,collectDate,archiveID,archiveLaboratoryName,archiveTopDepth,archiveBottomDepth,remarks,sampleMass
"cc235169-a858-4d9a-9b64-7b83ad37191e","D01","HARV","MEGAPT100973","1_HARVARD_PIT1","1_HARVARD_PIT1_2CD2","2Cd2","2012-07-17","2012-07-17","1_HARVARD_PIT1_133-160_ARCHIVE_2CD2","NEON",133.0,160.0,,1201.9
"2665c8d4-67fb-409e-9dda-059f58568e00","D01","HARV","MEGAPT100973","1_HARVARD_PIT1","1_HARVARD_PIT1_A","A","2012-07-17","2012-07-17","1_HARVARD_PIT1_4-9_ARCHIVE_A","NEON",4.0,9.0,,1200.3
"686fb64c-af6e-4f04-9a17-48555f3c1c94","D01","HARV","MEGAPT100973","1_HARVARD_PIT1","1_HARVARD_PIT1_AP","Ap","2012-07-17","2012-07-17","1_HARVARD_PIT1_9-17_ARCHIVE_AP","NEON",9.0,17.0,,1200.1
"d57379ac-d0a7-43cf-9e8a-8519ef4f603c","D01","HARV","MEGAPT100973","1_HARVARD_PIT1","1_HARVARD_PIT1_OI","Oi","2012-07-17","2012-07-17","1_HARVARD_PIT1_0-4_ARCHIVE_OI","NEON",0.0,4.0,,665.6
"8d50b333-3ca4-416a-8498-e9bd6ebc0c86","D01","HARV","MEGAPT100973","1_HARVARD_PIT1","1_HARVARD_PIT1_BW2","Bw2","2012-07-17","2012-07-17","1_HARVARD_PIT1_53-82_ARCHIVE_BW2","NEON",53.0,82.0,,1200.5
"87165890-75e4-4dfa-b445-acd67935f7d9","D01","HARV","MEGAPT100973","1_HARVARD_PIT1","1_HARVARD_PIT1_BW1","Bw1","2012-07-17","2012-07-17","1_HARVARD_PIT1_32-53_ARCHIVE_BW1","NEON",32.0,53.0,,1200.0
"31fc794e-3957-4085-9ae5-01d6655d57db","D01","HARV","MEGAPT100973","1_HARVARD_PIT1","1_HARVARD_PIT1_2BC","2BC","2012-07-17","2012-07-17","1_HARVARD_PIT1_82-96_ARCHIVE_2BC","NEON",82.0,96.0,,1201.3
"bf76173b-7e83-4c45-add4-71199be5c520","D01","HARV","MEGAPT100973","1_HARVARD_PIT1","1_HARVARD_PIT1_BW/E","Bw/E","2012-07-17","2012-07-17","1_HARVARD_PIT1_17-32_ARCHIVE_BW/E","NEON",17.0,32.0,,1200.0
"e380a035-bd35-488a-b021-4c3773fe8bc2","D01","HARV","MEGAPT100973","1_HARVARD_PIT1","1_HARVARD_PIT1_2C","2C","2012-07-17","2012-07-17","1_HARVARD_PIT1_96-113_ARCHIVE_2C","NEON",96.0,113.0,,1200.8
"4fe089e9-7209-47a7-92ba-718dbb89bedb","D01","HARV","MEGAPT100973","1_HARVARD_PIT1","1_HARVARD_PIT1_2CD1","2Cd1","2012-07-17","2012-07-17","1_HARVARD_PIT1_113-133_ARCHIVE_2CD1","NEON",113.0,133.0,,1200.3
