uid,domainID,siteID,pitNamedLocation,pitID,horizonID,horizonName,setDate,collectDate,archiveID,archiveLaboratoryName,archiveTopDepth,archiveBottomDepth,remarks,sampleMass
"bdaeb120-a110-4468-9d7f-b781628c9a89","D11","CLBJ","MEGAPT100966","11_CLBJ_PIT1","11_CLBJ_PIT1_A","A","2016-05-09","2016-05-09","11_CLBJ_PIT1_ARCHIVE_0-21_A","NEON",0.0,21.0,,3600.3
"f7209702-ebfb-420e-aafe-bf7e25cdf72b","D11","CLBJ","MEGAPT100966","11_CLBJ_PIT1","11_CLBJ_PIT1_BT2","Bt2","2016-05-09","2016-05-09","11_CLBJ_PIT1_ARCHIVE_71-89_BT2","NEON",89.0,89.0,,3600.6
"fb33b883-ec6e-4345-8699-ed09aecb8dca","D11","CLBJ","MEGAPT100966","11_CLBJ_PIT1","11_CLBJ_PIT1_CD","Cd","2016-05-09","2016-05-09","11_CLBJ_PIT1_ARCHIVE_122_147_CD","NEON",147.0,147.0,,3600.4
"7c6d64a7-b547-4673-b33f-f5dcbec2f58d","D11","CLBJ","MEGAPT100966","11_CLBJ_PIT1","11_CLBJ_PIT1_BT1","Bt1","2016-05-09","2016-05-09","11_CLBJ_PIT1_ARCHIVE_34-71_BT1","NEON",34.0,71.0,,3600.2
"93e5766b-bebb-4a4d-9969-0f1975fda509","D11","CLBJ","MEGAPT100966","11_CLBJ_PIT1","11_CLBJ_PIT1_E","E","2016-05-09","2016-05-09","11_CLBJ_PIT1_ARCHIVE_21-34_E","NEON",21.0,34.0,,3600.5
"e1a9bf2a-18ca-4041-9317-496fabcdd4bd","D11","CLBJ","MEGAPT100966","11_CLBJ_PIT1","11_CLBJ_PIT1_BT3","Bt3","2016-05-09","2016-05-09","11_CLBJ_PIT1_ARCHIVE_89-122_BT3","NEON",122.0,122.0,,3600.2
