uid,domainID,siteID,pitNamedLocation,pitID,horizonID,bulkDensID,horizonName,setDate,collectDate,laboratoryName,labProjID,bulkDensCenterDepth,bulkDensTopDepth,bulkDensBottomDepth,bulkDensHorizonProportion,bulkDensSampleType,bulkDensExclCoarseFrag,remarks
"5c5fce2e-9844-4696-bb81-ebcd636a391b","D11","CLBJ","MEGAPT100966","11_CLBJ_PIT1","11_CLBJ_PIT1_BT2","11_CLBJ_PIT1_BULKD_75-83_BT2","Bt2","2016-05-09","2016-05-09","USDA NRCS Kellogg Soil Survey Laboratory - Lincoln - NE","I2016USTX114",79.0,75.0,88.0,1.0,"Regular",1.7069,
"11b3f2ce-fe0b-417d-881d-90238ac81dce","D11","CLBJ","MEGAPT100966","11_CLBJ_PIT1","11_CLBJ_PIT1_E","11_CLBJ_PIT1_BULKD_23-31_E","E","2016-05-09","2016-05-09","USDA NRCS Kellogg Soil Survey Laboratory - Lincoln - NE","I2016USTX114",27.0,23.0,31.0,1.0,"Regular",1.4364,
"b419774b-3b40-4943-a298-47ddab25916b","D11","CLBJ","MEGAPT100966","11_CLBJ_PIT1","11_CLBJ_PIT1_BT1","11_CLBJ_PIT1_BULKD_48-56_BT1","Bt1","2016-05-09","2016-05-09","USDA NRCS Kellogg Soil Survey Laboratory - Lincoln - NE","I2016USTX114",52.0,48.0,56.0,1.0,"Regular",1.6353,
"757b5ca9-f912-4ba7-9fff-ab79fa959e1b","D11","CLBJ","MEGAPT100966","11_CLBJ_PIT1","11_CLBJ_PIT1_CD","11_CLBJ_PIT1_BULKD_132-140_CD","Cd","2016-05-09","2016-05-09","USDA NRCS Kellogg Soil Survey Laboratory - Lincoln - NE","I2016USTX114",136.0,132.0,140.0,1.0,"Regular",1.6075,
"31812da2-d779-4e45-9941-4894f24c4634","D11","CLBJ","MEGAPT100966","11_CLBJ_PIT1","11_CLBJ_PIT1_BT3","11_CLBJ_PIT1_BULKD_98-106_BT3","Bt3","2016-05-09","2016-05-09","USDA NRCS Kellogg Soil Survey Laboratory - Lincoln - NE","I2016USTX114",102.0,98.0,106.0,1.0,"Regular",1.6512,
"3c778e5b-a3ac-43f1-93e1-2e5c63067064","D11","CLBJ","MEGAPT100966","11_CLBJ_PIT1","11_CLBJ_PIT1_A","11_CLBJ_PIT1_BULKD_10-18_A","A","2016-05-09","2016-05-09","USDA NRCS Kellogg Soil Survey Laboratory - Lincoln - NE","I2016USTX114",14.0,10.0,18.0,1.0,"Regular",1.5876,
