uid,domainID,siteID,pitNamedLocation,pitID,horizonID,horizonName,setDate,collectDate,horizonTopDepth,horizonBottomDepth,nrcsDescriptionID,remarks
"0be75ae2-54d1-4f52-90ed-9c7da0ee8627","D11","CLBJ","MEGAPT100966","11_CLBJ_PIT1","11_CLBJ_PIT1_CD","Cd","2016-05-09","2016-05-09",122.0,147.0,"S2016TX497001","Wavy organic staining from ~135-143cm. Stopped digging at 147cm due to potential pit collapse."
"1b511df4-5032-4de5-9553-51c80aa74a83","D11","CLBJ","MEGAPT100966","11_CLBJ_PIT1","11_CLBJ_PIT1_A","A","2016-05-09","2016-05-09",0.0,21.0,"S2016TX497001","Litter+duff layer present but <1cm thick"
"c7678779-8f39-43e8-9f1f-da26c4981ffa","D11","CLBJ","MEGAPT100966","11_CLBJ_PIT1","11_CLBJ_PIT1_BT1","Bt1","2016-05-09","2016-05-09",34.0,71.0,"S2016TX497001",
"82b3056d-c952-4a19-adc5-57a72a361cf9","D11","CLBJ","MEGAPT100966","11_CLBJ_PIT1","11_CLBJ_PIT1_E","E","2016-05-09","2016-05-09",21.0,34.0,"S2016TX497001",
"70a20f7b-f444-4206-b964-9e2616cd8a19","D11","CLBJ","MEGAPT100966","11_CLBJ_PIT1","11_CLBJ_PIT1_BT3","Bt3","2016-05-09","2016-05-09",89.0,122.0,"S2016TX497001",
"966108b0-bd2e-4e69-9573-c8714aac6364","D11","CLBJ","MEGAPT100966","11_CLBJ_PIT1","11_CLBJ_PIT1_BT2","Bt2","2016-05-09","2016-05-09",71.0,89.0,"S2016TX497001",
