uid,domainID,siteID,pitNamedLocation,pitID,horizonID,horizonName,setDate,collectDate,horizonTopDepth,horizonBottomDepth,nrcsDescriptionID,remarks
"4a218004-e09a-4830-aa00-dacfd5664bb2","D19","HEAL","MEGAPT100974","D19_HEAL_PIT1","D19_HEAL_PIT1_OA","Oa","2015-11-04","2015-11-04",22.0,31.0,"S2016AK068001_MP","Soil horizons described from intact frozen soil cores"
"12253b68-e88a-405d-b8bf-d9a516faaf59","D19","HEAL","MEGAPT100974","D19_HEAL_PIT1","D19_HEAL_PIT1_A/CJJ","A/Cjj","2015-11-04","2015-11-04",31.0,50.0,"S2016AK068001_MP","Soil horizons described from intact frozen soil cores"
"a3554655-6f37-4c25-866b-56957567b50a","D19","HEAL","MEGAPT100974","D19_HEAL_PIT1","D19_HEAL_PIT1_OE","Oe","2015-11-04","2015-11-04",9.0,22.0,"S2016AK068001_MP","Soil horizons described from intact frozen soil cores"
"b472c046-726f-40fb-88f3-f5c83189373d","D19","HEAL","MEGAPT100974","D19_HEAL_PIT1","D19_HEAL_PIT1_CJJF","Cjjf","2015-11-04","2015-11-04",50.0,84.0,"S2016AK068001_MP","Soil horizons described from intact frozen soil cores"
"6adac547-36e0-4857-89ce-74ce0ded689e","D19","HEAL","MEGAPT100974","D19_HEAL_PIT1","D19_HEAL_PIT1_OI","Oi","2015-11-04","2015-11-04",0.0,9.0,"S2016AK068001_MP","Soil horizons described from intact frozen soil cores"
