uid,domainID,siteID,pitNamedLocation,pitID,horizonID,bulkDensID,horizonName,setDate,collectDate,laboratoryName,labProjID,bulkDensCenterDepth,bulkDensTopDepth,bulkDensBottomDepth,bulkDensHorizonProportion,bulkDensSampleType,bulkDensExclCoarseFrag,remarks
"f91a9f83-233b-4b45-8251-c3ef03a92227","D19","HEAL","MEGAPT100974","D19_HEAL_PIT1","D19_HEAL_PIT1_CJJF","D19_HEAL_PIT1_BULKD_CFJJ","Cjjf","2015-11-04","2015-11-04","USDA NRCS Kellogg Soil Survey Laboratory - Lincoln - NE","I2017USAK080",67.0,50.0,84.0,1.0,"Regular",0.4663,"Exact depths unknown (top/bottom depths are min/max possible depths)."
"960f85cd-b8c4-481e-b9c1-e106760335a9","D19","HEAL","MEGAPT100974","D19_HEAL_PIT1","D19_HEAL_PIT1_OE","D19_HEAL_PIT1_BULKD_OE","Oe","2015-11-04","2015-11-04","USDA NRCS Kellogg Soil Survey Laboratory - Lincoln - NE","I2017USAK080",15.5,9.0,22.0,1.0,"Regular",0.0317,"Exact depths unknown (top/bottom depths are min/max possible depths)."
"b28f5d4b-7a81-49f1-bad6-55a9bfbdba61","D19","HEAL","MEGAPT100974","D19_HEAL_PIT1","D19_HEAL_PIT1_OA","D19_HEAL_PIT1_BULKD_OA","Oa","2015-11-04","2015-11-04","USDA NRCS Kellogg Soil Survey Laboratory - Lincoln - NE","I2017USAK080",26.5,22.0,31.0,1.0,"Regular",0.3531,"Exact depths unknown (top/bottom depths are min/max possible depths)."
"048768e1-1e53-40bc-8349-73e2d672cbaf","D19","HEAL","MEGAPT100974","D19_HEAL_PIT1","D19_HEAL_PIT1_A/CJJ","D19_HEAL_PIT1_BULKD_A/CJJ","A/Cjj","2015-11-04","2015-11-04","USDA NRCS Kellogg Soil Survey Laboratory - Lincoln - NE","I2017USAK080",40.5,31.0,50.0,1.0,"Regular",1.4034,"Exact depths unknown (top/bottom depths are min/max possible depths)."
"9baa95d8-0aa8-4fe2-b160-d4df2dfd62cd","D19","HEAL","MEGAPT100974","D19_HEAL_PIT1","D19_HEAL_PIT1_OI","D19_HEAL_PIT1_BULKD_OI","Oi","2015-11-04","2015-11-04","USDA NRCS Kellogg Soil Survey Laboratory - Lincoln - NE","I2017USAK080",4.5,0.0,9.0,1.0,"Regular",0.0226,"Exact depths unknown (top/bottom depths are min/max possible depths)."
