uid,domainID,siteID,pitNamedLocation,pitID,horizonID,horizonName,setDate,collectDate,archiveID,archiveLaboratoryName,archiveTopDepth,archiveBottomDepth,remarks,sampleMass
"ff198e03-d1d8-4d5d-b9a5-2dcb1d4a176e","D19","HEAL","MEGAPT100974","D19_HEAL_PIT1","D19_HEAL_PIT1_OI","Oi","2015-11-04","2015-11-04",,,,,,
"df3943c1-df34-4fa6-a4af-38c0b7d6ad0c","D19","HEAL","MEGAPT100974","D19_HEAL_PIT1","D19_HEAL_PIT1_OE","Oe","2015-11-04","2015-11-04",,,,,,
"54ed2db7-53e4-440d-b8d2-070632fbb09e","D19","HEAL","MEGAPT100974","D19_HEAL_PIT1","D19_HEAL_PIT1_CJJF","Cjjf","2015-11-04","2015-11-04","D19_HEAL_PIT1_ARCHIVE_50-84_CFJJ","NEON",50.0,84.0,,3600.6
"d1e06e78-e13f-46d3-8dc2-5e0f49a144de","D19","HEAL","MEGAPT100974","D19_HEAL_PIT1","D19_HEAL_PIT1_OA","Oa","2015-11-04","2015-11-04","D19_HEAL_PIT1_ARCHIVE_22-31_OA","NEON",22.0,31.0,,3600.9
"b83cf227-7cc6-40b5-b6ba-77502ba84f2b","D19","HEAL","MEGAPT100974","D19_HEAL_PIT1","D19_HEAL_PIT1_A/CJJ","A/Cjj","2015-11-04","2015-11-04","D19_HEAL_PIT1_ARCHIVE_31-50_A/CJJ","NEON",31.0,50.0,,3600.4
