uid,domainID,siteID,pitNamedLocation,pitID,horizonID,biogeoID,horizonName,biogeoHorizonProportion,biogeoSampleType,setDate,collectDate,coarseFrag2To5,coarseFrag5To20,sandTotal,siltTotal,clayTotal,carbonateClay,clayFineContent,siltFineContent,siltCoarseContent,sandVeryFineContent,sandFineContent,sandMediumContent,sandCoarseContent,sandVeryCoarseContent,carbonTot,nitrogenTot,sulfurTot,estimatedOC,airDryOvenDry,alMjelm,caMjelm,feMjelm,kMjelm,mgMjelm,mnMjelm,naMjelm,pMjelm,siMjelm,srMjelm,tiMjelm,zrMjelm,phCacl2,phH2o,ec12pre,gypsumConc,caco3Conc,caNh4d,kNh4d,mgNh4d,naNh4d,cecdNh4,alSatCecd33,baseSumCecd10,bsesatCecd10,ececCecd33,alKcl,feKcl,mnKcl,bSatx,brSatx,caSatx,clSatx,co3Satx,ecSatp,flSatx,waterSatx,hco3Sx,kSatx,mgSatx,naSatx,no2Satx,no3Satx,pSatx,phSp,resist,so4Satx,laboratoryName,labProjID,biogeoTopDepth,biogeoBottomDepth,biogeoCenterDepth,remarks
"915b7d28-b10a-4e70-bec3-03d020e47e3f","D19","HEAL","MEGAPT100974","D19_HEAL_PIT1","D19_HEAL_PIT1_CJJF","D19_HEAL_PIT1_BIOGEO_50-84_CFJJ","Cjjf",1.0,"Regular","2015-11-04","2015-11-04",24,58,38.6,46.7,14.7,,,30.1,16.6,14.7,11.6,6.2,3.6,2.5,52.9,2.00,0.30,53.0,1.014,61667,8740,26332,15529,7021,287,10454,393,267047,135,4897,97,4.3,5.2,0.09,,,3.7,0.1,2.2,0.1,14.0,18,6.1,44,7.4,1.3,,8.2,,,,,,,,,,,,,,,,,,,"USDA NRCS Kellogg Soil Survey Laboratory - Lincoln - NE","I2017USAK080",50.0,84.0,67.0,
"11265a9e-db1d-4206-bb99-77580808cf75","D19","HEAL","MEGAPT100974","D19_HEAL_PIT1","D19_HEAL_PIT1_OI","D19_HEAL_PIT1_BIOGEO_0-9_OI","Oi",1.0,"Regular","2015-11-04","2015-11-04",0,0,,,,,,,,,,,,,464.9,14.90,0.90,465.0,1.071,10829,5210,5825,4903,2139,1353,1270,1307,39120,27,725,20,4.3,4.8,2.63,0,,20.4,5.1,9.3,0.2,75.2,1,35.0,47,35.3,0.3,,651.8,,0.0,1.0,0.5,0.0,0.70,0.3,759.40,1.2,2.5,0.7,0.3,0.0,0.0,3.0,4.9,,0.7,"USDA NRCS Kellogg Soil Survey Laboratory - Lincoln - NE","I2017USAK080",0.0,9.0,4.5,
"481dedda-c80d-48a7-8241-802105133380","D19","HEAL","MEGAPT100974","D19_HEAL_PIT1","D19_HEAL_PIT1_OA","D19_HEAL_PIT1_BIOGEO_22-31_OA","Oa",1.0,"Regular","2015-11-04","2015-11-04",14,18,,,,,,,,,,,,,271.2,11.00,1.30,271.0,1.057,43145,4769,29182,10944,3818,151,5362,1192,140804,76,3079,74,3.8,4.5,0.46,,,4.4,0.2,2.5,0.1,58.3,43,7.2,12,12.6,5.4,,8.0,,0.0,0.8,0.4,0.0,0.27,0.1,245.70,0.0,0.2,0.9,0.4,0.0,0.0,0.0,4.4,,0.3,"USDA NRCS Kellogg Soil Survey Laboratory - Lincoln - NE","I2017USAK080",22.0,31.0,26.5,
"febf5661-3eea-4b39-9dcf-ca5778af5b96","D19","HEAL","MEGAPT100974","D19_HEAL_PIT1","D19_HEAL_PIT1_OE","D19_HEAL_PIT1_BIOGEO_9-22_OE","Oe",1.0,"Regular","2015-11-04","2015-11-04",0,0,,,,,,,,,,,,,453.5,12.00,0.80,454.0,1.075,13202,3723,11724,4299,1805,346,1368,1085,43046,33,871,26,3.7,4.3,1.35,0,,4.0,1.4,2.9,0.0,69.0,29,8.3,12,11.7,3.4,,229.3,,0.0,0.7,0.4,0.0,0.45,0.1,663.70,0.0,1.4,0.7,0.3,0.0,0.0,0.1,4.2,,0.0,"USDA NRCS Kellogg Soil Survey Laboratory - Lincoln - NE","I2017USAK080",9.0,22.0,15.5,
"eb2d328b-028f-4008-b6f6-0028e537e9b4","D19","HEAL","MEGAPT100974","D19_HEAL_PIT1","D19_HEAL_PIT1_A/CJJ","D19_HEAL_PIT1_BIOGEO_31-50_A/CJJ","A/Cjj",1.0,"Regular","2015-11-04","2015-11-04",22,33,35.1,51.5,13.4,,,33.1,18.4,12.6,12.1,5.1,3.6,1.7,95.6,3.70,0.50,96.0,1.024,61475,7386,26790,14707,6091,254,9231,249,236770,117,4611,88,4.0,5.0,0.07,,,3.3,0.1,2.2,0.0,25.5,39,5.6,22,9.2,3.6,,6.8,,,,,,,,,,,,,,,,,,,"USDA NRCS Kellogg Soil Survey Laboratory - Lincoln - NE","I2017USAK080",31.0,50.0,40.5,
