uid,domainID,siteID,pitNamedLocation,pitID,horizonID,horizonName,setDate,collectDate,horizonTopDepth,horizonBottomDepth,nrcsDescriptionID,remarks
"ebe31af3-d276-4cef-9cdb-3aed56f7b735","D05","STEI","MEGAPT100996","D05_STEI_PIT1","5_STEI_PIT1_C","Cd","2015-06-16","2015-06-16",148.0,200.0,"2015WI069001",
"03ab60d2-8fe2-474b-9c14-1ac2e67b3d3b","D05","STEI","MEGAPT100996","D05_STEI_PIT1","5_STEI_PIT1_BT2","Bt2","2015-06-16","2015-06-16",78.0,109.0,"2015WI069001",
"77301968-8ece-49df-bfe5-45d6576eb53c","D05","STEI","MEGAPT100996","D05_STEI_PIT1","5_STEI_PIT1_A","A","2015-06-16","2015-06-16",0.0,14.0,"2015WI069001",
"ec0bd7e6-9afa-4c16-bc18-d7c226bd3196","D05","STEI","MEGAPT100996","D05_STEI_PIT1","5_STEI_PIT1_E/B","E/B","2015-06-16","2015-06-16",36.0,61.0,"2015WI069001",
"1b041612-2575-4285-aedc-f1ef2783a43c","D05","STEI","MEGAPT100996","D05_STEI_PIT1","5_STEI_PIT1_BS1","Bs1","2015-06-16","2015-06-16",14.0,28.0,"2015WI069001",
"ca0ea7f2-2d72-4944-bc32-a94ffbbcca8c","D05","STEI","MEGAPT100996","D05_STEI_PIT1","5_STEI_PIT1_BT1","Bt1","2015-06-16","2015-06-16",61.0,78.0,"2015WI069001",
"8efd1305-817d-4607-9254-5b11c46b70c5","D05","STEI","MEGAPT100996","D05_STEI_PIT1","5_STEI_PIT1_BS2","Bs2","2015-06-16","2015-06-16",28.0,36.0,"2015WI069001",
"03dd4696-7d11-479d-905c-e878a7ed6a5e","D05","STEI","MEGAPT100996","D05_STEI_PIT1","5_STEI_PIT1_BC","BC","2015-06-16","2015-06-16",109.0,148.0,"2015WI069001",
