uid,domainID,siteID,pitNamedLocation,pitID,horizonID,bulkDensID,horizonName,setDate,collectDate,laboratoryName,labProjID,bulkDensCenterDepth,bulkDensTopDepth,bulkDensBottomDepth,bulkDensHorizonProportion,bulkDensSampleType,bulkDensExclCoarseFrag,remarks
"5c0a0712-d706-489c-8cc6-97a176adcfcc","D05","STEI","MEGAPT100996","D05_STEI_PIT1","5_STEI_PIT1_E/B","5_STEI_PIT1_BULKD_41-46_E/B","E/B","2015-06-16","2015-06-16","USDA NRCS Kellogg Soil Survey Laboratory - Lincoln - NE","S2015WI069001",43.5,42.0,46.0,1.0,"Regular",1.5916,
"5e6343e6-cb91-4e30-9eb6-8d6a4f0fe05e","D05","STEI","MEGAPT100996","D05_STEI_PIT1","5_STEI_PIT1_C","5_STEI_PIT1_BULKD_150-155_C","Cd","2015-06-16","2015-06-16","USDA NRCS Kellogg Soil Survey Laboratory - Lincoln - NE","S2015WI069001",152.5,150.0,155.0,1.0,"Regular",1.8131,
"ec287a2b-fe06-497d-bc4e-d3a015b4f1bb","D05","STEI","MEGAPT100996","D05_STEI_PIT1","5_STEI_PIT1_BC","5_STEI_PIT1_BULKD_120-125_BC","BC","2015-06-16","2015-06-16","USDA NRCS Kellogg Soil Survey Laboratory - Lincoln - NE","S2015WI069001",122.5,120.0,125.0,1.0,"Regular",1.5882,
"804030c4-c4b3-47ac-9b4f-0759cc961888","D05","STEI","MEGAPT100996","D05_STEI_PIT1","5_STEI_PIT1_BT2","5_STEI_PIT1_BULKD_90-95_BT2","Bt2","2015-06-16","2015-06-16","USDA NRCS Kellogg Soil Survey Laboratory - Lincoln - NE","S2015WI069001",92.5,90.0,95.0,1.0,"Regular",1.6389,
"dba4b077-3f07-4467-ab53-bcc2a7f33298","D05","STEI","MEGAPT100996","D05_STEI_PIT1","5_STEI_PIT1_A","5_STEI_PIT1_BULKD_3-8_A","A","2015-06-16","2015-06-16","USDA NRCS Kellogg Soil Survey Laboratory - Lincoln - NE","S2015WI069001",5.5,3.0,8.0,1.0,"Regular",1.0743,
"f277b733-c49c-4270-97e5-d18ec92321d3","D05","STEI","MEGAPT100996","D05_STEI_PIT1","5_STEI_PIT1_BT1","5_STEI_PIT1_BULKD_70-75_BT1","Bt1","2015-06-16","2015-06-16","USDA NRCS Kellogg Soil Survey Laboratory - Lincoln - NE","S2015WI069001",72.5,70.0,75.0,1.0,"Regular",1.5010,
"6f891596-0f9e-42ca-917e-0fe17a0438a8","D05","STEI","MEGAPT100996","D05_STEI_PIT1","5_STEI_PIT1_BS2","5_STEI_PIT1_BULKD_29-34_BS2","Bs2","2015-06-16","2015-06-16","USDA NRCS Kellogg Soil Survey Laboratory - Lincoln - NE","S2015WI069001",31.5,29.0,34.0,1.0,"Regular",1.1340,
"50e5b959-1a15-49e5-8c4b-24f2ae5b9c16","D05","STEI","MEGAPT100996","D05_STEI_PIT1","5_STEI_PIT1_BS1","5_STEI_PIT1_BULKD_20-25_BS1","Bs1","2015-06-16","2015-06-16","USDA NRCS Kellogg Soil Survey Laboratory - Lincoln - NE","S2015WI069001",22.5,20.0,25.0,1.0,"Regular",1.0345,
