uid,domainID,siteID,pitNamedLocation,pitID,horizonID,horizonName,setDate,collectDate,archiveID,archiveLaboratoryName,archiveTopDepth,archiveBottomDepth,remarks,sampleMass
"df51c078-6380-468f-9435-571b99099876","D05","STEI","MEGAPT100996","D05_STEI_PIT1","5_STEI_PIT1_BT2","Bt2","2015-06-16","2015-06-16","5_STEI_PIT1_ARCHIVE_78-109_BT2","NEON",78.0,109.0,,3600.3
"f3b0f4bb-3aa9-40d3-9d80-7e52311b50b1","D05","STEI","MEGAPT100996","D05_STEI_PIT1","5_STEI_PIT1_BS2","Bs2","2015-06-16","2015-06-16","5_STEI_PIT1_ARCHIVE_28-36_BS2","NEON",28.0,36.0,,3600.5
"15d81f47-8125-46e9-ae14-127e3171842b","D05","STEI","MEGAPT100996","D05_STEI_PIT1","5_STEI_PIT1_BT1","Bt1","2015-06-16","2015-06-16","5_STEI_PIT1_ARCHIVE_61-78_BT1","NEON",61.0,78.0,,3600.6
"d08bc83c-008f-4370-bf48-8c9080a1241c","D05","STEI","MEGAPT100996","D05_STEI_PIT1","5_STEI_PIT1_C","Cd","2015-06-16","2015-06-16","5_STEI_PIT1_ARCHIVE_148-200_C","NEON",148.0,200.0,,3600.4
"3169e9b0-8ced-415a-afa8-48d7b9af9d6e","D05","STEI","MEGAPT100996","D05_STEI_PIT1","5_STEI_PIT1_E/B","E/B","2015-06-16","2015-06-16","5_STEI_PIT1_ARCHIVE_36-61_E/B","NEON",36.0,61.0,,3600.5
"4d547c73-0909-45ea-ae3a-347731accd15","D05","STEI","MEGAPT100996","D05_STEI_PIT1","5_STEI_PIT1_BC","BC","2015-06-16","2015-06-16","5_STEI_PIT1_ARCHIVE_109-148_BC","NEON",109.0,148.0,,3600.6
"7d4a16b6-3276-4fa5-82d2-ce48ee152ccc","D05","STEI","MEGAPT100996","D05_STEI_PIT1","5_STEI_PIT1_A","A","2015-06-16","2015-06-16","5_STEI_PIT1_ARCHIVE_0-14_A","NEON",0.0,14.0,,3600.1
"bd2e0df9-62fa-49a8-adce-b82c6a4aef24","D05","STEI","MEGAPT100996","D05_STEI_PIT1","5_STEI_PIT1_BS1","Bs1","2015-06-16","2015-06-16","5_STEI_PIT1_ARCHIVE_14-28_BS1","NEON",14.0,28.0,,3600.1
