uid,domainID,siteID,pitNamedLocation,pitID,horizonID,horizonName,setDate,collectDate,archiveID,archiveLaboratoryName,archiveTopDepth,archiveBottomDepth,remarks,sampleMass
"c8f1da1e-d333-4ac7-a02a-f5e99f90694d","D02","SCBI","MEGAPT100991","2_SCBI_PIT1","2_SCBI_PIT1_BT2","Bt2","2013-05-13","2013-05-13","2_SCBI_PIT1_34-59_ARCHIVE_BT2","NEON",34.0,59.0,,1200.7
"5e83c7a5-aafc-4b27-84df-96d0cd3b98ea","D02","SCBI","MEGAPT100991","2_SCBI_PIT1","2_SCBI_PIT1_A","A","2013-05-13","2013-05-13","2_SCBI_PIT1_2-7_ARCHIVE_A","NEON",2.0,7.0,,1199.8
"65de80a3-9889-46ab-81d7-1541f5f60f5b","D02","SCBI","MEGAPT100991","2_SCBI_PIT1","2_SCBI_PIT1_BT3","Bt3","2013-05-13","2013-05-13","2_SCBI_PIT1_59-114_ARCHIVE_BT3","NEON",59.0,114.0,,1199.3
"271d87bb-ee0b-4154-a19b-20e68104c869","D02","SCBI","MEGAPT100991","2_SCBI_PIT1","2_SCBI_PIT1_2BC","2BC","2013-05-13","2013-05-13","2_SCBI_PIT1_179-200_ARCHIVE_2BC","NEON",179.0,200.0,,1200.3
"b6115694-7453-4138-98cd-2cdc75eea6f7","D02","SCBI","MEGAPT100991","2_SCBI_PIT1","2_SCBI_PIT1_BT1","Bt1","2013-05-13","2013-05-13","2_SCBI_PIT1_14-34_ARCHIVE_BT1","NEON",14.0,34.0,,1201.1
"b733597f-4789-4640-980d-c609f6e97df0","D02","SCBI","MEGAPT100991","2_SCBI_PIT1","2_SCBI_PIT1_2BT4","2Bt4","2013-05-13","2013-05-13","2_SCBI_PIT1_114-146_ARCHIVE_2BT4","NEON",114.0,146.0,,1200.2
"0c06f034-9e5a-4a65-86a8-372c50e0eeb0","D02","SCBI","MEGAPT100991","2_SCBI_PIT1","2_SCBI_PIT1_OI","Oi","2013-05-13","2013-05-13","2_SCBI_PIT1_0-2_ARCHIVE_OI","NEON",0.0,2.0,,569.9
"8e49360b-a5e1-4d08-9e04-518338fb1530","D02","SCBI","MEGAPT100991","2_SCBI_PIT1","2_SCBI_PIT1_2BT5","2Bt5","2013-05-13","2013-05-13","2_SCBI_PIT1_146-179_ARCHIVE_2BT5","NEON",146.0,179.0,,1199.7
"0dbf6984-9a29-40df-9759-7b01d029ea30","D02","SCBI","MEGAPT100991","2_SCBI_PIT1","2_SCBI_PIT1_2CR","2Cr","2013-05-13","2013-05-13",,,,,,
"9fe99e59-e84b-4de7-98cc-7c1f498954cb","D02","SCBI","MEGAPT100991","2_SCBI_PIT1","2_SCBI_PIT1_BA","BA","2013-05-13","2013-05-13","2_SCBI_PIT1_7-14_ARCHIVE_BA","NEON",7.0,14.0,,1200.5
