uid,domainID,siteID,pitNamedLocation,pitID,horizonID,horizonName,setDate,collectDate,horizonTopDepth,horizonBottomDepth,nrcsDescriptionID,remarks
"178da609-1f70-4b49-b909-e1bcdf5c4aac","D02","SCBI","MEGAPT100991","2_SCBI_PIT1","2_SCBI_PIT1_2BT5","2Bt5","2013-05-13","2013-05-13",146.0,179.0,"S13VA-187-1-X-Lew",
"89d8830b-3b44-45e1-a557-e3055546d5ee","D02","SCBI","MEGAPT100991","2_SCBI_PIT1","2_SCBI_PIT1_BA","BA","2013-05-13","2013-05-13",7.0,14.0,"S13VA-187-1-X-Lew",
"6c2f56f5-d970-4370-86c9-5493df4cf8d3","D02","SCBI","MEGAPT100991","2_SCBI_PIT1","2_SCBI_PIT1_2BT4","2Bt4","2013-05-13","2013-05-13",114.0,146.0,"S13VA-187-1-X-Lew",
"fac0c4b5-2402-4534-9022-8489e3795a19","D02","SCBI","MEGAPT100991","2_SCBI_PIT1","2_SCBI_PIT1_BT1","Bt1","2013-05-13","2013-05-13",14.0,34.0,"S13VA-187-1-X-Lew",
"db61c1c8-f9d4-44e1-bea9-b38f99ef369a","D02","SCBI","MEGAPT100991","2_SCBI_PIT1","2_SCBI_PIT1_OI","Oi","2013-05-13","2013-05-13",0.0,2.0,"S13VA-187-1-X-Lew",
"b8d75b19-7d6d-4a10-be06-4949731a9550","D02","SCBI","MEGAPT100991","2_SCBI_PIT1","2_SCBI_PIT1_2CR","2Cr","2013-05-13","2013-05-13",209.0,247.0,"S13VA-187-1-X-Lew",
"e5824eb8-b183-479b-a0ca-06d2b033e9a3","D02","SCBI","MEGAPT100991","2_SCBI_PIT1","2_SCBI_PIT1_BT3","Bt3","2013-05-13","2013-05-13",59.0,114.0,"S13VA-187-1-X-Lew",
"e685be72-c8a4-4fac-9705-c6fe54b83c61","D02","SCBI","MEGAPT100991","2_SCBI_PIT1","2_SCBI_PIT1_2BC","2BC","2013-05-13","2013-05-13",179.0,209.0,"S13VA-187-1-X-Lew",
"9a36829e-dc39-4e8f-abca-c46aeb3ee611","D02","SCBI","MEGAPT100991","2_SCBI_PIT1","2_SCBI_PIT1_BT2","Bt2","2013-05-13","2013-05-13",34.0,59.0,"S13VA-187-1-X-Lew",
"a7ddc760-761f-4569-8310-ccb5b69deea2","D02","SCBI","MEGAPT100991","2_SCBI_PIT1","2_SCBI_PIT1_A","A","2013-05-13","2013-05-13",2.0,7.0,"S13VA-187-1-X-Lew",
