uid,domainID,siteID,pitNamedLocation,pitID,horizonID,bulkDensID,horizonName,setDate,collectDate,laboratoryName,labProjID,bulkDensCenterDepth,bulkDensTopDepth,bulkDensBottomDepth,bulkDensHorizonProportion,bulkDensSampleType,bulkDensExclCoarseFrag,remarks
"19d97302-3b42-4509-a794-57892bab8d82","D02","SCBI","MEGAPT100991","2_SCBI_PIT1","2_SCBI_PIT1_A","2_SCBI_PIT1_2-7_BULKD_A","A","2013-05-13","2013-05-13","USDA NRCS Kellogg Soil Survey Laboratory - Lincoln - NE","I2013USVA087",4.5,2.0,7.0,1.0,"Regular",0.6869,"2 x 5 cm cores"
"23198e94-7499-43e2-b146-59c6b5069778","D02","SCBI","MEGAPT100991","2_SCBI_PIT1","2_SCBI_PIT1_2CR",,"2Cr","2013-05-13","2013-05-13","USDA NRCS Kellogg Soil Survey Laboratory - Lincoln - NE",,,,,,,,
"c331fcac-5519-4f9d-b617-fcef0f8c9149","D02","SCBI","MEGAPT100991","2_SCBI_PIT1","2_SCBI_PIT1_BT2","2_SCBI_PIT1_35-43_BULKD_BT2","Bt2","2013-05-13","2013-05-13","USDA NRCS Kellogg Soil Survey Laboratory - Lincoln - NE","I2013USVA087",39.0,35.0,43.0,1.0,"Regular",0.8863,
"53f4a077-a37d-470e-9751-a2ef904a418c","D02","SCBI","MEGAPT100991","2_SCBI_PIT1","2_SCBI_PIT1_OI","2_SCBI_PIT1_0-2_BULKD_OI","Oi","2013-05-13","2013-05-13","USDA NRCS Kellogg Soil Survey Laboratory - Lincoln - NE","I2013USVA087",1.0,0.0,2.0,1.0,"Regular",0.0609,
"961f0c14-2872-4156-9406-41c94171c6ba","D02","SCBI","MEGAPT100991","2_SCBI_PIT1","2_SCBI_PIT1_BT3","2_SCBI_PIT1_65-68_BULKD_BT3","Bt3","2013-05-13","2013-05-13","USDA NRCS Kellogg Soil Survey Laboratory - Lincoln - NE","I2013USVA087",66.5,65.0,68.0,1.0,"Regular",1.0738,"4 x 3 cm long cores"
"c8375e16-da71-480d-87c7-4aee4faef753","D02","SCBI","MEGAPT100991","2_SCBI_PIT1","2_SCBI_PIT1_2BC","2_SCBI_PIT1_184-194_BULKD_2BC","2BC","2013-05-13","2013-05-13","USDA NRCS Kellogg Soil Survey Laboratory - Lincoln - NE","I2013USVA087",189.0,184.0,194.0,1.0,"Regular",1.2876,
"9c6c7285-0904-440d-9149-accea9fe0ca3","D02","SCBI","MEGAPT100991","2_SCBI_PIT1","2_SCBI_PIT1_2BT4","2_SCBI_PIT1_125-135_BULKD_2BT4","2Bt4","2013-05-13","2013-05-13","USDA NRCS Kellogg Soil Survey Laboratory - Lincoln - NE","I2013USVA087",130.0,125.0,135.0,1.0,"Regular",1.2434,
"61ba6142-2135-418a-8698-c20c1739e6e1","D02","SCBI","MEGAPT100991","2_SCBI_PIT1","2_SCBI_PIT1_2BT5","2_SCBI_PIT1_150-160_BULKD_2BT5","2Bt5","2013-05-13","2013-05-13","USDA NRCS Kellogg Soil Survey Laboratory - Lincoln - NE","I2013USVA087",155.0,150.0,160.0,1.0,"Regular",1.3594,
"33150ab1-be19-4413-b226-5f1ae5ad388c","D02","SCBI","MEGAPT100991","2_SCBI_PIT1","2_SCBI_PIT1_BA","2_SCBI_PIT1_8-13_BULKD_BA","BA","2013-05-13","2013-05-13","USDA NRCS Kellogg Soil Survey Laboratory - Lincoln - NE","I2013USVA087",10.5,8.0,13.0,1.0,"Regular",0.7939,"2 x 5 cm cores"
"a1b111a0-a8b7-45e2-b99d-6a128ad12704","D02","SCBI","MEGAPT100991","2_SCBI_PIT1","2_SCBI_PIT1_BT1","2_SCBI_PIT1_20-30_BULKD_BT1","Bt1","2013-05-13","2013-05-13","USDA NRCS Kellogg Soil Survey Laboratory - Lincoln - NE","I2013USVA087",25.0,20.0,30.0,1.0,"Regular",1.1716,
