uid,domainID,siteID,pitNamedLocation,pitID,horizonID,horizonName,setDate,collectDate,horizonTopDepth,horizonBottomDepth,nrcsDescriptionID,remarks
"e1b9b0ed-9277-411e-9b6a-1677a802f45f","D07","ORNL","MEGAPT100988","7_OAKRIDGE_PIT1","7_OAKRIDGE_PIT1_2BT3","2Bt3","2013-09-23","2013-09-23",65.0,147.0,"S2013TN001001",
"bcac87a3-0dcb-4389-9cfb-ee45d334b1e8","D07","ORNL","MEGAPT100988","7_OAKRIDGE_PIT1","7_OAKRIDGE_PIT1_A","A","2013-09-23","2013-09-23",1.0,10.0,"S2013TN001001",
"ac937a91-c420-4ff7-83a7-1d0cc1dfe43e","D07","ORNL","MEGAPT100988","7_OAKRIDGE_PIT1","7_OAKRIDGE_PIT1_OI","Oi","2013-09-23","2013-09-23",0.0,1.0,"S2013TN001001",
"18f57edc-cd22-4be3-949d-3b9b4cea3958","D07","ORNL","MEGAPT100988","7_OAKRIDGE_PIT1","7_OAKRIDGE_PIT1_E","E","2013-09-23","2013-09-23",10.0,19.0,"S2013TN001001",
"432babdc-019a-4430-9ec9-68d849129f61","D07","ORNL","MEGAPT100988","7_OAKRIDGE_PIT1","7_OAKRIDGE_PIT1_2BT4","2Bt4","2013-09-23","2013-09-23",147.0,180.0,"S2013TN001001",
"b8312305-fdd0-44cc-b3e3-740dfdd1b84c","D07","ORNL","MEGAPT100988","7_OAKRIDGE_PIT1","7_OAKRIDGE_PIT1_2BT2","2Bt2","2013-09-23","2013-09-23",40.0,65.0,"S2013TN001001",
"fdf8550d-a3aa-41ee-aac0-bf564f941e8f","D07","ORNL","MEGAPT100988","7_OAKRIDGE_PIT1","7_OAKRIDGE_PIT1_BT1","Bt1","2013-09-23","2013-09-23",19.0,40.0,"S2013TN001001",
