uid,domainID,siteID,pitNamedLocation,pitID,horizonID,horizonName,setDate,collectDate,archiveID,archiveLaboratoryName,archiveTopDepth,archiveBottomDepth,remarks,sampleMass
"d7efc103-e6df-473e-aa95-efbcc19ac527","D07","ORNL","MEGAPT100988","7_OAKRIDGE_PIT1","7_OAKRIDGE_PIT1_2BT4","2Bt4","2013-09-23","2013-09-23","7_OAKRIDGE_PIT1_ARCHIVE_147-180_2BT4","NEON",147.0,180.0,,3542.5
"74efb911-eacb-423b-8bb2-64908570b284","D07","ORNL","MEGAPT100988","7_OAKRIDGE_PIT1","7_OAKRIDGE_PIT1_2BT2","2Bt2","2013-09-23","2013-09-23",,,,,,
"86f4e1bc-43a6-4c35-beea-724067665914","D07","ORNL","MEGAPT100988","7_OAKRIDGE_PIT1","7_OAKRIDGE_PIT1_2BT3","2Bt3","2013-09-23","2013-09-23","7_OAKRIDGE_PIT1_ARCHIVE_65-147_2BT3","NEON",65.0,147.0,,3279.4
"52f81996-7e83-4fd2-b4b1-0c9c3ad0f289","D07","ORNL","MEGAPT100988","7_OAKRIDGE_PIT1","7_OAKRIDGE_PIT1_E","E","2013-09-23","2013-09-23","7_OAKRIDGE_PIT1_ARCHIVE_10-19_E","NEON",10.0,19.0,,3600.6
"eb3403e6-dd24-4c7a-bb67-efd86e3a5c26","D07","ORNL","MEGAPT100988","7_OAKRIDGE_PIT1","7_OAKRIDGE_PIT1_2BT2","2Bt2","2013-09-23","2013-09-23","7_OAKRIDGE_PIT1_ARCHIVE_40-65_2BT2","NEON",40.0,65.0,,3600.4
"9e94e906-9595-4b31-80d3-9661e387f2f1","D07","ORNL","MEGAPT100988","7_OAKRIDGE_PIT1","7_OAKRIDGE_PIT1_BT1","Bt1","2013-09-23","2013-09-23","7_OAKRIDGE_PIT1_ARCHIVE_19-40_BT1","NEON",19.0,40.0,,3600.5
"0de819a1-03c7-42cb-a546-82217407ae6c","D07","ORNL","MEGAPT100988","7_OAKRIDGE_PIT1","7_OAKRIDGE_PIT1_A","A","2013-09-23","2013-09-23","7_OAKRIDGE_PIT1_ARCHIVE_1-10_A","NEON",1.0,10.0,,2600.0
"8c8e8c2b-6f33-4b62-af43-e683889f6f92","D07","ORNL","MEGAPT100988","7_OAKRIDGE_PIT1","7_OAKRIDGE_PIT1_OI","Oi","2013-09-23","2013-09-23","7_OAKRIDGE_PIT1_ARCHIVE_0-1_OI","NEON",0.0,1.0,,914.2
