uid,domainID,siteID,pitNamedLocation,pitID,horizonID,bulkDensID,horizonName,setDate,collectDate,laboratoryName,labProjID,bulkDensCenterDepth,bulkDensTopDepth,bulkDensBottomDepth,bulkDensHorizonProportion,bulkDensSampleType,bulkDensExclCoarseFrag,remarks
"78dde60e-2d5e-4278-abae-6807804e9abd","D07","ORNL","MEGAPT100988","7_OAKRIDGE_PIT1","7_OAKRIDGE_PIT1_OI","7_OAKRIDGE_PIT1_BULKD_0-1_OI","Oi","2013-09-23","2013-09-23","USDA NRCS Kellogg Soil Survey Laboratory - Lincoln - NE","I2014USTN005",0.5,0.0,1.0,1.0,"Regular",0.1138,
"71e7d092-866c-436f-ab67-5221345f340e","D07","ORNL","MEGAPT100988","7_OAKRIDGE_PIT1","7_OAKRIDGE_PIT1_E","7_OAKRIDGE_PIT1_BULKD_11-16_E","E","2013-09-23","2013-09-23","USDA NRCS Kellogg Soil Survey Laboratory - Lincoln - NE","I2014USTN005",13.5,11.0,16.0,1.0,"Regular",1.3550,"2 x 5 cm long cores"
"c6934cd9-4458-46ff-9deb-bc6786665c34","D07","ORNL","MEGAPT100988","7_OAKRIDGE_PIT1","7_OAKRIDGE_PIT1_2BT4","7_OAKRIDGE_PIT1_BULKD_166-169_2BT4","2Bt4","2013-09-23","2013-09-23","USDA NRCS Kellogg Soil Survey Laboratory - Lincoln - NE","I2014USTN005",172.0,166.0,169.0,1.0,"Regular",1.0926,"4 x 3 cm long cores"
"d780ee72-2515-460f-9b5a-4777e6960108","D07","ORNL","MEGAPT100988","7_OAKRIDGE_PIT1","7_OAKRIDGE_PIT1_2BT2","7_OAKRIDGE_PIT1_BULKD_45-55_BULKDENSITY1","2Bt2","2013-09-23","2013-09-23","USDA NRCS Kellogg Soil Survey Laboratory - Lincoln - NE","I2014USTN005",50.0,45.0,55.0,1.0,"Audit",1.4893,
"08c9ca29-2d98-47a2-9a9d-b2ff5adffa4d","D07","ORNL","MEGAPT100988","7_OAKRIDGE_PIT1","7_OAKRIDGE_PIT1_2BT3","7_OAKRIDGE_PIT1_BULKD_75-85_2BT3","2Bt3","2013-09-23","2013-09-23","USDA NRCS Kellogg Soil Survey Laboratory - Lincoln - NE","I2014USTN005",80.0,75.0,85.0,1.0,"Regular",1.4368,
"ade85793-0767-4d9f-bfd0-91b76efc2f2e","D07","ORNL","MEGAPT100988","7_OAKRIDGE_PIT1","7_OAKRIDGE_PIT1_2BT2","7_OAKRIDGE_PIT1_BULKD_45-55_2BT2","2Bt2","2013-09-23","2013-09-23","USDA NRCS Kellogg Soil Survey Laboratory - Lincoln - NE","I2014USTN005",50.0,45.0,55.0,1.0,"Regular",1.6729,
"b625de96-a9c9-4fe4-846c-f9c1f4e44687","D07","ORNL","MEGAPT100988","7_OAKRIDGE_PIT1","7_OAKRIDGE_PIT1_BT1","7_OAKRIDGE_PIT1_BULKD_25-35_BT1","Bt1","2013-09-23","2013-09-23","USDA NRCS Kellogg Soil Survey Laboratory - Lincoln - NE","I2014USTN005",30.0,25.0,35.0,1.0,"Regular",1.2899,
"2f347120-e832-4200-9458-f21399a86840","D07","ORNL","MEGAPT100988","7_OAKRIDGE_PIT1","7_OAKRIDGE_PIT1_A","7_OAKRIDGE_PIT1_BULKD_1-5_A","A","2013-09-23","2013-09-23","USDA NRCS Kellogg Soil Survey Laboratory - Lincoln - NE","I2014USTN005",2.5,1.0,5.0,1.0,"Regular",0.7494,"2 x 5 cm long cores"
