uid,domainID,siteID,pitNamedLocation,pitID,horizonID,horizonName,setDate,collectDate,horizonTopDepth,horizonBottomDepth,nrcsDescriptionID,remarks
"87aadb8d-4e5a-4058-b278-c3e7fb906d87","D02","SERC","MEGAPT100992","2_SERC_PIT1","2_SERC_PIT1_E","E","2014-05-05","2014-05-05",23.0,37.0,"2014MD003001",
"fa1e695f-264e-4886-b448-f080053a56d8","D02","SERC","MEGAPT100992","2_SERC_PIT1","2_SERC_PIT1_C1","C1","2014-05-05","2014-05-05",187.0,200.0,"2014MD003001","No photo of horizon taken due to being under the water table and difficulty in photographing it due to the mud depth in the bottom of the pit."
"c2dc42a7-267e-4973-a004-9ebebb05a4a8","D02","SERC","MEGAPT100992","2_SERC_PIT1","2_SERC_PIT1_BT3","Bt3","2014-05-05","2014-05-05",75.0,85.0,"2014MD003001",
"bb73d9a5-dffd-4dc3-9549-a88a32a3f271","D02","SERC","MEGAPT100992","2_SERC_PIT1","2_SERC_PIT1_BTG1","Btg1","2014-05-05","2014-05-05",85.0,131.0,"2014MD003001",
"5f09472e-cac3-4532-8c2e-e0a341586791","D02","SERC","MEGAPT100992","2_SERC_PIT1","2_SERC_PIT1_OE","Oe","2014-05-05","2014-05-05",0.0,2.0,"2014MD003001",
"53bbea07-1b52-415f-b6c8-aca028e639fb","D02","SERC","MEGAPT100992","2_SERC_PIT1","2_SERC_PIT1_A","A","2014-05-05","2014-05-05",2.0,13.0,"2014MD003001",
"6393b464-931a-4987-a012-8eb417e5ca58","D02","SERC","MEGAPT100992","2_SERC_PIT1","2_SERC_PIT1_BT1","Bt1","2014-05-05","2014-05-05",37.0,60.0,"2014MD003001",
"4880c28c-1575-4b00-a524-2e9c05fe178d","D02","SERC","MEGAPT100992","2_SERC_PIT1","2_SERC_PIT1_CG","Cg","2014-05-05","2014-05-05",156.0,187.0,"2014MD003001",
"e51d8a2f-4b7b-4587-bf98-53067ec90bef","D02","SERC","MEGAPT100992","2_SERC_PIT1","2_SERC_PIT1_C","C","2014-05-05","2014-05-05",147.0,156.0,"2014MD003001",
"46ffed24-c9bf-422a-b17e-8589897b0e52","D02","SERC","MEGAPT100992","2_SERC_PIT1","2_SERC_PIT1_BT2","Bt2","2014-05-05","2014-05-05",60.0,75.0,"2014MD003001",
"ad394974-e565-46d3-a8ba-32fd02d31050","D02","SERC","MEGAPT100992","2_SERC_PIT1","2_SERC_PIT1_EA","EA","2014-05-05","2014-05-05",13.0,23.0,"2014MD003001",
"cacca20f-f25f-4802-a7bf-0f7a7cc0bca9","D02","SERC","MEGAPT100992","2_SERC_PIT1","2_SERC_PIT1_BTG2","Btg2","2014-05-05","2014-05-05",131.0,147.0,"2014MD003001",
