uid,domainID,siteID,pitNamedLocation,pitID,horizonID,bulkDensID,horizonName,setDate,collectDate,laboratoryName,labProjID,bulkDensCenterDepth,bulkDensTopDepth,bulkDensBottomDepth,bulkDensHorizonProportion,bulkDensSampleType,bulkDensExclCoarseFrag,remarks
"ade917eb-a6b8-41ff-8182-5aa59fd903a4","D02","SERC","MEGAPT100992","2_SERC_PIT1","2_SERC_PIT1_BT1","2_SERC_PIT1_BULKD_38-48_BT1","Bt1","2014-05-05","2014-05-05","USDA NRCS Kellogg Soil Survey Laboratory - Lincoln - NE","I2014USMD052",43.0,38.0,48.0,1.0,"Regular",1.4644,
"b796626d-283e-4acd-905b-a5dcef61396d","D02","SERC","MEGAPT100992","2_SERC_PIT1","2_SERC_PIT1_A","2_SERC_PIT1_BULKD_2-12_A","A","2014-05-05","2014-05-05","USDA NRCS Kellogg Soil Survey Laboratory - Lincoln - NE","I2014USMD052",7.0,2.0,12.0,1.0,"Regular",0.9837,
"5e252f2b-18ab-4d7e-b1bd-1396cc9b268d","D02","SERC","MEGAPT100992","2_SERC_PIT1","2_SERC_PIT1_BTG2","2_SERC_PIT1_BULKD_135-145_BTG2","Btg2","2014-05-05","2014-05-05","USDA NRCS Kellogg Soil Survey Laboratory - Lincoln - NE","I2014USMD052",140.0,135.0,145.0,1.0,"Regular",1.6523,
"ba55228d-2330-4490-bb77-a18ab39eeb40","D02","SERC","MEGAPT100992","2_SERC_PIT1","2_SERC_PIT1_E","2_SERC_PIT1_BULKD_25-35_E","E","2014-05-05","2014-05-05","USDA NRCS Kellogg Soil Survey Laboratory - Lincoln - NE","I2014USMD052",30.0,25.0,35.0,1.0,"Regular",1.5915,
"a9aac412-df29-4849-b273-0e44b12d6a4f","D02","SERC","MEGAPT100992","2_SERC_PIT1","2_SERC_PIT1_EA","2_SERC_PIT1_BULKD_13-23_EA","EA","2014-05-05","2014-05-05","USDA NRCS Kellogg Soil Survey Laboratory - Lincoln - NE","I2014USMD052",18.0,13.0,23.0,1.0,"Regular",1.4810,
"785c1011-fbe5-4639-a2e8-089889feb797","D02","SERC","MEGAPT100992","2_SERC_PIT1","2_SERC_PIT1_OE","2_SERC_PIT1_BULKD_0-2_O","Oe","2014-05-05","2014-05-05","USDA NRCS Kellogg Soil Survey Laboratory - Lincoln - NE","I2014USMD052",1.0,0.0,2.0,1.0,"Regular",0.9406,
"d077e83e-e905-4f51-b4d5-c32b0b803f6c","D02","SERC","MEGAPT100992","2_SERC_PIT1","2_SERC_PIT1_BT2","2_SERC_PIT1_BULKD_63-73_BT2","Bt2","2014-05-05","2014-05-05","USDA NRCS Kellogg Soil Survey Laboratory - Lincoln - NE","I2014USMD052",68.0,63.0,73.0,1.0,"Regular",1.3871,
"15ae3e4c-448c-4ea1-8b8f-3a87ab7d8206","D02","SERC","MEGAPT100992","2_SERC_PIT1","2_SERC_PIT1_C","2_SERC_PIT1_BULKD_151-154_C1","C","2014-05-05","2014-05-05","USDA NRCS Kellogg Soil Survey Laboratory - Lincoln - NE","I2014USMD052",152.5,151.0,154.0,1.0,"Regular",1.4598,"4 x 3 cm long cores"
"bb5d7b0d-c60a-4469-bf00-a3fb6b899a98","D02","SERC","MEGAPT100992","2_SERC_PIT1","2_SERC_PIT1_C1","2_SERC_PIT1_BULKD_190-200_C2","C1","2014-05-05","2014-05-05","USDA NRCS Kellogg Soil Survey Laboratory - Lincoln - NE","I2014USMD052",195.0,190.0,200.0,1.0,"Regular",1.4479,
"5492d40b-018f-412a-83f3-b7a0c65536fd","D02","SERC","MEGAPT100992","2_SERC_PIT1","2_SERC_PIT1_CG","2_SERC_PIT1_BULKD_170-173CG","Cg","2014-05-05","2014-05-05","USDA NRCS Kellogg Soil Survey Laboratory - Lincoln - NE","I2014USMD052",171.5,170.0,173.0,1.0,"Regular",1.4368,"4 x 3 cm long cores"
"08eb066d-9386-4221-8ffc-1bc272e5a29e","D02","SERC","MEGAPT100992","2_SERC_PIT1","2_SERC_PIT1_BT3","2_SERC_PIT1_BULKD_75-85_BT3","Bt3","2014-05-05","2014-05-05","USDA NRCS Kellogg Soil Survey Laboratory - Lincoln - NE","I2014USMD052",80.0,75.0,85.0,1.0,"Regular",1.6192,
"e181fc51-212d-4312-8c19-732e168af988","D02","SERC","MEGAPT100992","2_SERC_PIT1","2_SERC_PIT1_BTG1","2_SERC_PIT1_BULKD_100-110_BTG1","Btg1","2014-05-05","2014-05-05","USDA NRCS Kellogg Soil Survey Laboratory - Lincoln - NE","I2014USMD052",105.0,100.0,110.0,1.0,"Regular",1.6965,
"c438c10b-fb14-4e92-adaa-5f3c46e764ee","D02","SERC","MEGAPT100992","2_SERC_PIT1","2_SERC_PIT1_BT3",,"Bt3","2014-05-05","2014-05-05","USDA NRCS Kellogg Soil Survey Laboratory - Lincoln - NE","I2014USMD052",,,,,,,"Bulk density audit sample appears not to have been collected"
