uid,domainID,siteID,pitNamedLocation,pitID,horizonID,biogeoID,horizonName,biogeoHorizonProportion,biogeoSampleType,setDate,collectDate,coarseFrag2To5,coarseFrag5To20,sandTotal,siltTotal,clayTotal,carbonateClay,clayFineContent,siltFineContent,siltCoarseContent,sandVeryFineContent,sandFineContent,sandMediumContent,sandCoarseContent,sandVeryCoarseContent,carbonTot,nitrogenTot,sulfurTot,estimatedOC,airDryOvenDry,alMjelm,caMjelm,feMjelm,kMjelm,mgMjelm,mnMjelm,naMjelm,pMjelm,siMjelm,srMjelm,tiMjelm,zrMjelm,phCacl2,phH2o,ec12pre,gypsumConc,caco3Conc,caNh4d,kNh4d,mgNh4d,naNh4d,cecdNh4,alSatCecd33,baseSumCecd10,bsesatCecd10,ececCecd33,alKcl,feKcl,mnKcl,bSatx,brSatx,caSatx,clSatx,co3Satx,ecSatp,flSatx,waterSatx,hco3Sx,kSatx,mgSatx,naSatx,no2Satx,no3Satx,pSatx,phSp,resist,so4Satx,laboratoryName,labProjID,biogeoTopDepth,biogeoBottomDepth,biogeoCenterDepth,remarks
"f284aefc-8482-4b15-b355-a7484ee15ed9","D02","SERC","MEGAPT100992","2_SERC_PIT1","2_SERC_PIT1_BT3","2_SERC_PIT1_BIOGEO_75-85_BT3","Bt3",1.0,"Regular","2014-05-05","2014-05-05",0,0,50.9,19.9,29.2,,,12.5,7.4,20.1,27.7,2.4,0.7,0.0,1.9,0.10,0.00,2.0,1.042,38011,685,56564,15327,6507,155,1186,993,304780,32,4535,149,4.1,5.1,0.06,,,2.6,0.5,4.0,0.0,16.1,48,7.1,44,13.7,6.6,,0.0,,,,,,,,,,,,,,,,,,,"USDA NRCS Kellogg Soil Survey Laboratory - Lincoln - NE","I2014USMD052",75.0,85.0,80.0,
"5db4537d-0ce9-436c-b94e-10bf74ef1d84","D02","SERC","MEGAPT100992","2_SERC_PIT1","2_SERC_PIT1_C1","2_SERC_PIT1_BIOGEO_187-200_C2","C1",1.0,"Regular","2014-05-05","2014-05-05",7,5,80.7,7.7,11.6,,,4.5,3.2,10.0,44.0,22.3,4.1,0.3,1.1,0.00,0.00,1.0,1.022,22020,497,35233,12513,5666,127,775,317,362453,22,5057,103,5.3,4.9,0.05,,,1.3,0.3,2.1,0.0,9.3,53,3.7,40,7.9,4.2,,0.1,,,,,,,,,,,,,,,,,,,"USDA NRCS Kellogg Soil Survey Laboratory - Lincoln - NE","I2014USMD052",187.0,200.0,193.5,
"eae05b75-78cb-4e19-8a0b-d32564cc3b6b","D02","SERC","MEGAPT100992","2_SERC_PIT1","2_SERC_PIT1_EA","2_SERC_PIT1_BIOGEO_13-23_EA","EA",1.0,"Regular","2014-05-05","2014-05-05",0,0,61.7,26.6,11.7,,,16.5,10.1,20.8,35.8,4.3,0.7,0.1,8.8,0.70,0.00,8.0,1.014,23551,927,24041,10769,3497,347,1398,319,353851,29,5040,159,4.7,5.9,0.05,,0,2.1,0.2,0.7,0.0,7.5,,3.0,40,,0.6,,0.2,,,,,,,,,,,,,,,,,,,"USDA NRCS Kellogg Soil Survey Laboratory - Lincoln - NE","I2014USMD052",13.0,23.0,18.0,
"b2f75af8-ecf8-46eb-9b08-d6c642213c07","D02","SERC","MEGAPT100992","2_SERC_PIT1","2_SERC_PIT1_BT1","2_SERC_PIT1_BIOGEO_37-60_BT1","Bt1",1.0,"Regular","2014-05-05","2014-05-05",0,0,52.7,16.1,31.2,,,10.8,5.3,16.6,30.6,5.0,0.5,0.0,3.1,0.30,0.10,3.0,1.041,42765,830,50277,18027,8099,151,1115,595,315822,35,4535,150,4.1,5.3,0.05,,,2.7,0.6,3.8,0.0,17.4,52,7.1,41,14.9,7.8,,0.1,,,,,,,,,,,,,,,,,,,"USDA NRCS Kellogg Soil Survey Laboratory - Lincoln - NE","I2014USMD052",37.0,60.0,48.5,
"677d4bf1-8793-4419-9107-8ac21d8dbb40","D02","SERC","MEGAPT100992","2_SERC_PIT1","2_SERC_PIT1_BTG1","2_SERC_PIT1_BIOGEO_85-131_BTG1","Btg1",1.0,"Regular","2014-05-05","2014-05-05",0,0,53.1,22.6,24.3,,,13.5,9.1,17.5,31.6,3.7,0.3,0.0,1.0,0.10,0.00,1.0,1.035,38935,770,34996,14920,6157,125,1569,549,342559,40,5265,192,4.0,5.1,0.05,,,2.2,0.4,3.2,0.0,14.7,55,5.8,39,13.0,7.2,,0.0,,,,,,,,,,,,,,,,,,,"USDA NRCS Kellogg Soil Survey Laboratory - Lincoln - NE","I2014USMD052",85.0,131.0,108.0,
"32adefcd-a286-4f02-8e81-d42ba4a725ee","D02","SERC","MEGAPT100992","2_SERC_PIT1","2_SERC_PIT1_OE","2_SERC_PIT1_BIOGEO_0-2_O","Oe",1.0,"Regular","2014-05-05","2014-05-05",0,0,61.7,26.8,11.5,,,16.2,10.6,20.6,35.5,4.9,0.7,0.0,79.9,4.40,0.40,79.0,1.030,20012,3602,19324,9160,3384,297,1235,442,301884,46,4452,149,5.9,6.8,0.42,,0,14.2,0.5,3.6,0.0,20.7,,18.3,88,,,,,,0.0,6.1,0.6,0.0,0.91,0.0,88.60,4.8,0.5,3.9,0.0,0.1,0.1,0.0,5.7,,0.4,"USDA NRCS Kellogg Soil Survey Laboratory - Lincoln - NE","I2014USMD052",0.0,2.0,1.0,
"93a19a0c-0b64-4b37-8a5d-6ac8d5e571d6","D02","SERC","MEGAPT100992","2_SERC_PIT1","2_SERC_PIT1_BT2","2_SERC_PIT1_BIOGEO_60-75_BT2","Bt2",1.0,"Regular","2014-05-05","2014-05-05",0,0,52.8,15.5,31.7,,,9.4,6.1,19.0,29.4,4.3,0.1,0.0,1.8,0.20,0.10,2.0,1.047,41888,816,51606,18330,8225,157,1014,618,310713,33,4589,147,4.1,5.2,0.07,,,3.4,0.7,5.1,0.0,18.9,47,9.2,49,17.2,8.0,,0.0,,,,,,,,,,,,,,,,,,,"USDA NRCS Kellogg Soil Survey Laboratory - Lincoln - NE","I2014USMD052",60.0,75.0,67.5,
"95371567-ebc1-4a0b-9593-f6fc519f8995","D02","SERC","MEGAPT100992","2_SERC_PIT1","2_SERC_PIT1_C","2_SERC_PIT1_BIOGEO_147-156_C1","C",1.0,"Regular","2014-05-05","2014-05-05",0,0,64.4,17.7,17.9,,,9.6,8.1,22.8,32.7,8.5,0.3,0.1,0.9,0.10,0.00,1.0,1.031,29669,675,37541,12180,5082,91,1383,1344,337609,37,4478,129,4.0,4.9,0.06,,,1.3,0.2,2.2,0.0,11.8,59,3.7,31,9.0,5.3,,0.0,,,,,,,,,,,,,,,,,,,"USDA NRCS Kellogg Soil Survey Laboratory - Lincoln - NE","I2014USMD052",147.0,156.0,151.5,
"13cae953-b9d0-45c1-b5c9-fffe70d7da91","D02","SERC","MEGAPT100992","2_SERC_PIT1","2_SERC_PIT1_BTG2","2_SERC_PIT1_BIOGEO_131-147_BTG2","Btg2",1.0,"Regular","2014-05-05","2014-05-05",0,0,50.5,26.2,23.3,,,14.9,11.3,22.5,25.4,2.3,0.2,0.1,1.0,0.20,0.00,1.0,1.032,33486,757,27940,12891,4727,97,1697,617,319512,37,4837,194,4.0,5.0,0.05,,,1.7,0.4,2.7,0.0,13.7,59,4.8,35,11.6,6.8,,0.0,,,,,,,,,,,,,,,,,,,"USDA NRCS Kellogg Soil Survey Laboratory - Lincoln - NE","I2014USMD052",131.0,147.0,139.0,
"357b1dda-f163-4a6f-ad81-e48c7d696da3","D02","SERC","MEGAPT100992","2_SERC_PIT1","2_SERC_PIT1_CG","2_SERC_PIT1_BIOGEO_156-187_CG","Cg",1.0,"Regular","2014-05-05","2014-05-05",2,1,62.8,17.3,19.9,,,8.7,8.6,29.1,30.7,2.1,0.8,0.1,0.9,0.20,0.00,1.0,1.028,31671,784,25743,12513,5389,107,1577,480,353573,51,4927,163,3.9,4.9,0.04,,,1.5,0.4,2.6,0.0,12.0,58,4.5,38,10.6,6.1,,0.0,,,,,,,,,,,,,,,,,,,"USDA NRCS Kellogg Soil Survey Laboratory - Lincoln - NE","I2014USMD052",156.0,187.0,171.5,
"0b00fdd6-6dc6-4db8-9aaa-76376afbb901","D02","SERC","MEGAPT100992","2_SERC_PIT1","2_SERC_PIT1_A","2_SERC_PIT1_BIOGEO_2-13_A","A",1.0,"Regular","2014-05-05","2014-05-05",0,0,61.6,25.8,12.6,,,16.3,9.5,20.8,32.2,8.1,0.4,0.1,33.8,2.10,0.40,33.0,1.021,21836,1753,22697,9836,3431,302,1326,369,339762,35,4913,165,5.1,6.3,0.12,,0,6.3,0.3,1.8,0.0,13.6,,8.4,62,,0.4,,0.8,,,,,,,,,,,,,,,,,,,"USDA NRCS Kellogg Soil Survey Laboratory - Lincoln - NE","I2014USMD052",2.0,13.0,7.5,
"3dca5c63-e45c-4fe3-838d-cc261e9f6ea9","D02","SERC","MEGAPT100992","2_SERC_PIT1","2_SERC_PIT1_BT3","2_SERC_PIT1_BIOGEO_?-?_?","Bt3",1.0,"Audit","2014-05-05","2014-05-05",0,0,50.8,19.5,29.7,,,12.1,7.4,19.3,27.0,3.9,0.5,0.1,1.8,0.50,0.00,2.0,1.042,39571,722,59060,15522,7088,155,1134,1015,310029,34,4405,125,4.2,5.1,0.07,,,2.6,0.5,4.0,0.0,16.1,49,7.1,44,13.9,6.8,,0.0,,,,,,,,,,,,,,,,,,,"USDA NRCS Kellogg Soil Survey Laboratory - Lincoln - NE","I2014USMD052",75.0,85.0,80.0,
"42a4f8ed-32ae-4b48-b927-e6f68cb86eb2","D02","SERC","MEGAPT100992","2_SERC_PIT1","2_SERC_PIT1_E","2_SERC_PIT1_BIOGEO_23-37_E","E",1.0,"Regular","2014-05-05","2014-05-05",0,0,60.8,24.6,14.6,,,15.8,8.8,16.6,37.0,6.3,0.9,0.0,2.9,0.10,0.00,2.0,1.017,26328,656,30419,12889,4413,218,1351,327,353426,28,5284,183,4.2,5.4,0.04,,0,1.0,0.2,0.8,0.0,7.9,,2.0,25,,4.0,,1.1,,,,,,,,,,,,,,,,,,,"USDA NRCS Kellogg Soil Survey Laboratory - Lincoln - NE","I2014USMD052",23.0,37.0,30.0,
