uid,domainID,siteID,pitNamedLocation,pitID,horizonID,horizonName,setDate,collectDate,archiveID,archiveLaboratoryName,archiveTopDepth,archiveBottomDepth,remarks,sampleMass
"48519de2-8eaf-47c0-877c-3048eec48c3c","D02","SERC","MEGAPT100992","2_SERC_PIT1","2_SERC_PIT1_C1","C1","2014-05-05","2014-05-05","2_SERC_PIT1_ARCHIVE_187-200_C2","NEON",187.0,200.0,,3600.2
"8003b3f5-de20-4f66-8df2-c2b303d433b8","D02","SERC","MEGAPT100992","2_SERC_PIT1","2_SERC_PIT1_BTG2","Btg2","2014-05-05","2014-05-05","2_SERC_PIT1_ARCHIVE_131-147_BTG2","NEON",131.0,147.0,,3309.1
"3941a317-ab0f-4a43-855b-eadbd343d19d","D02","SERC","MEGAPT100992","2_SERC_PIT1","2_SERC_PIT1_C","C","2014-05-05","2014-05-05","2_SERC_PIT1_ARCHIVE_147-156_C1","NEON",147.0,156.0,,3324.5
"ad8b0c20-6580-4962-a850-700c7e85f319","D02","SERC","MEGAPT100992","2_SERC_PIT1","2_SERC_PIT1_BTG1","Btg1","2014-05-05","2014-05-05","2_SERC_PIT1_ARCHIVE_85-131_BTG1","NEON",85.0,131.0,,3225.8
"01f92361-dd75-4550-b82d-a690bb943681","D02","SERC","MEGAPT100992","2_SERC_PIT1","2_SERC_PIT1_EA","EA","2014-05-05","2014-05-05","2_SERC_PIT1_ARCHIVE_13-23_EA","NEON",13.0,23.0,,3600.3
"8de67fef-8b21-4a93-8099-999a9f3a3c9e","D02","SERC","MEGAPT100992","2_SERC_PIT1","2_SERC_PIT1_E","E","2014-05-05","2014-05-05","2_SERC_PIT1_ARCHIVE_23-37_E","NEON",23.0,37.0,,3600.0
"79873b41-995e-4f3e-990b-669f64b58afd","D02","SERC","MEGAPT100992","2_SERC_PIT1","2_SERC_PIT1_BT3","Bt3","2014-05-05","2014-05-05","2_SERC_PIT1_ARCHIVE_75-85_BT3","NEON",75.0,85.0,,3334.6
"a4519325-7341-4909-97ae-ec5ea8f384f3","D02","SERC","MEGAPT100992","2_SERC_PIT1","2_SERC_PIT1_BT3","Bt3","2014-05-05","2014-05-05",,,,,,
"1b218ef7-5f23-494a-a44d-2ceebd4fc60e","D02","SERC","MEGAPT100992","2_SERC_PIT1","2_SERC_PIT1_BT1","Bt1","2014-05-05","2014-05-05","2_SERC_PIT1_ARCHIVE_37-60_BT1","NEON",37.0,60.0,,3153.5
"fae4ecf2-c8c3-41fc-9c7d-22e082c713ca","D02","SERC","MEGAPT100992","2_SERC_PIT1","2_SERC_PIT1_CG","Cg","2014-05-05","2014-05-05","2_SERC_PIT1_ARCHIVE_156-187_CG","NEON",156.0,187.0,,3192.7
"957e59c8-b80b-4fc8-abce-2d97da7fb92c","D02","SERC","MEGAPT100992","2_SERC_PIT1","2_SERC_PIT1_OE","Oe","2014-05-05","2014-05-05","2_SERC_PIT1_ARCHIVE_0-2_O","NEON",0.0,2.0,,3600.1
"0bd2ff9b-00bb-4664-a85d-47f8a1afd6b6","D02","SERC","MEGAPT100992","2_SERC_PIT1","2_SERC_PIT1_BT2","Bt2","2014-05-05","2014-05-05","2_SERC_PIT1_ARCHIVE_60-75_BT2","NEON",60.0,75.0,,2962.8
"e9ec6d52-4a1c-404c-948d-5c5dca91a22b","D02","SERC","MEGAPT100992","2_SERC_PIT1","2_SERC_PIT1_A","A","2014-05-05","2014-05-05","2_SERC_PIT1_ARCHIVE_2-13_A","NEON",2.0,13.0,,2712.5
