uid,domainID,siteID,plotID,namedLocation,plotType,nlcdClass,geodeticDatum,decimalLatitude,decimalLongitude,coordinateUncertainty,elevation,elevationUncertainty,collectDate,referenceCorner,sampleDistance,sampleBearing,pitID,testProtocolVersion,soilSamplingMethod,sampleRelativeLocation,pitDepth,recordedByA,soilProfileDescriberA,soilProfileDescriberInst,nrcsDescriptionID,soilSeries,soilFamily,soilSubgroup,soilGreatGroup,soilSuborder,soilOrder,remarks,dataQF
"61ef5414-4c84-4024-bb9a-97505dc6a876","D11","CLBJ","CLBJ_054","CLBJ_054.basePlot.all","distributed","deciduousForest","WGS84",33.408388,-97.603648,20.1,291.3,0.1,"2017-04-03","SW40",2.6,88,"1216322","Field Book for Describing and Sampling Soils ver3","soil pit","Center of pit",207,"0cS7PciqqpepJkqwfJjAtA==","B3hLMlze6jL6IgLFD/gjHA==","Natural Resource Conservation Service","S2017TX497054","Weatherford","Fine-loamy, siliceous, active, thermic Ultic Haplustalfs","ultic haplustalfs","haplustalfs","ustalfs","alfisols",,
"59bc398a-6342-4520-ad1a-af216ac1c00e","D11","CLBJ","CLBJ_048","CLBJ_048.basePlot.all","distributed","grasslandHerbaceous","WGS84",33.392969,-97.579058,20.1,288.8,0.1,"2017-04-04","SW40",1.6,88,"1216327","Field Book for Describing and Sampling Soils ver3","soil pit","Center of pit",147,"0cS7PciqqpepJkqwfJjAtA==","UvXDSls5vKHKGBZ7ALYGnQ==","Natural Resource Conservation Service","S2017TX497048","Keeter","Fine, mixed, active, thermic Udic Paleustalfs","udic paleustalfs","paleustalfs","ustalfs","alfisols",,
"496d25d1-0b1b-4aaa-be70-9cc5bda8e62f","D11","CLBJ","CLBJ_049","CLBJ_049.basePlot.all","distributed","deciduousForest","WGS84",33.413367,-97.635828,20.1,305.7,0.1,"2017-04-04","SW40",1.6,2,"1216324","Field Book for Describing and Sampling Soils ver3","soil pit","Center of pit",212,"LwYRO20X+wOphwmeNXPF0A==","B3hLMlze6jL6IgLFD/gjHA==","Natural Resource Conservation Service","S2017TX497049","Duffau","Fine-loamy, siliceous, active, thermic Udic Paleustalfs","udic paleustalfs","paleustalfs","ustalfs","alfisols",,
"f6b93e05-2c9f-4411-95fa-722763a861f1","D11","CLBJ","CLBJ_052","CLBJ_052.basePlot.all","distributed","deciduousForest","WGS84",33.399631,-97.619581,20.1,313.5,0.1,"2017-04-04","NW40",2.2,178,"1216326","Field Book for Describing and Sampling Soils ver3","soil pit","Center of pit",204,"0cS7PciqqpepJkqwfJjAtA==","UvXDSls5vKHKGBZ7ALYGnQ==","Natural Resource Conservation Service","S2017TX497052","Windthorst","Fine, mixed, active, thermic Udic Paleustalfs","udic paleustalfs","paleustalfs","ustalfs","alfisols",,
"0ccc5c91-e00b-480b-b24b-a5e3f59c90ba","D11","CLBJ","CLBJ_034","CLBJ_034.basePlot.all","distributed","grasslandHerbaceous","WGS84",33.321251,-97.577650,20.0,323.0,0.0,"2017-04-04","NE40",1.8,182,"1216325","Field Book for Describing and Sampling Soils ver3","soil pit","Center of pit",51,"LwYRO20X+wOphwmeNXPF0A==","B3hLMlze6jL6IgLFD/gjHA==","Natural Resource Conservation Service","S2017TX497034","Pidcoke","Loamy-skeletal, carbonatic, thermic Lithic Haplustolls","lithic haplustolls","haplustolls","ustolls","mollisols",,
"9c1cc0fc-7139-4a25-a926-8ea25829b6be","D11","CLBJ","CLBJ_044","CLBJ_044.basePlot.all","distributed","grasslandHerbaceous","WGS84",33.416293,-97.657079,20.1,307.4,0.1,"2017-04-04","NW40",1.1,179,"1216323","Field Book for Describing and Sampling Soils ver3","soil pit","Center of pit",203,"LwYRO20X+wOphwmeNXPF0A==","B3hLMlze6jL6IgLFD/gjHA==","Natural Resource Conservation Service","S2017TX497044","Duffau","Fine-loamy, siliceous, active, thermic Oxyaquic Haplustalfs","oxyaquic haplustalfs","haplustalfs","ustalfs","alfisols",,
"1aa31dc6-68ff-4256-9e26-f33e3975cf49","D11","CLBJ","CLBJ_058","CLBJ_058.basePlot.all","distributed","deciduousForest","WGS84",33.374568,-97.578391,20.1,284.7,0.1,"2017-04-05","NE40",1.2,269,"1216331","Field Book for Describing and Sampling Soils ver3","soil pit","Center of pit",201,"0cS7PciqqpepJkqwfJjAtA==","UvXDSls5vKHKGBZ7ALYGnQ==","Natural Resource Conservation Service","S2017TX497058","Duffau","Fine-loamy, siliceous, active, thermic Udic Paleustalfs","udic paleustalfs","paleustalfs","ustalfs","alfisols",,
"b3e53c72-bd4f-48fd-b0c1-a382fb839ecc","D11","CLBJ","CLBJ_059","CLBJ_059.basePlot.all","distributed","grasslandHerbaceous","WGS84",33.375690,-97.631907,20.1,341.7,0.1,"2017-04-05","NW40",3.8,100,"1216329","Field Book for Describing and Sampling Soils ver3","soil pit","Center of pit",206,"LwYRO20X+wOphwmeNXPF0A==","B3hLMlze6jL6IgLFD/gjHA==","Natural Resource Conservation Service","S2017TX497059","Wise","Coarse-loamy, siliceous, active, thermic Udic Haplustepts","udic haplustepts","haplustepts","ustepts","inceptisols",,
"0b7d0f86-590b-454d-abab-6649c5d27c02","D11","CLBJ","CLBJ_050","CLBJ_050.basePlot.all","distributed","grasslandHerbaceous","WGS84",33.379385,-97.622498,20.1,313.8,0.1,"2017-04-05","SE40",1.8,358,"1216328","Field Book for Describing and Sampling Soils ver3","soil pit","Center of pit",223,"LwYRO20X+wOphwmeNXPF0A==","B3hLMlze6jL6IgLFD/gjHA==","Natural Resource Conservation Service","S2017TX497050","Windthorst","Fine, mixed, active, thermic Udic Paleustalfs","udic paleustalfs","paleustalfs","ustalfs","alfisols",,
"b373a5bf-d1f2-4fb6-8d5e-e92366f42cce","D11","CLBJ","CLBJ_051","CLBJ_051.basePlot.all","distributed","deciduousForest","WGS84",33.369609,-97.594595,20.1,302.2,0.1,"2017-04-05","SW40",2.2,88,"1216330","Field Book for Describing and Sampling Soils ver3","soil pit","Center of pit",201,"0cS7PciqqpepJkqwfJjAtA==","0cS7PciqqpepJkqwfJjAtA==","Natural Resource Conservation Service","S2017TX497051","Duffau","Fine-loamy, siliceous, active, thermic Aquic Haplustalfs","aquic haplustalfs","haplustalfs","ustalfs","alfisols",,
"16665f0c-effd-4178-aed0-299800ab68db","D11","CLBJ","CLBJ_039","CLBJ_039.basePlot.all","distributed","grasslandHerbaceous","WGS84",33.329427,-97.583638,20.1,310.0,0.1,"2017-04-06","SW40",2.5,88,"1216332","Field Book for Describing and Sampling Soils ver3","soil pit","Center of pit",206,"0cS7PciqqpepJkqwfJjAtA==","B3hLMlze6jL6IgLFD/gjHA==","Natural Resource Conservation Service","S2017TX497039","Windthorst","Fine, mixed, active, thermic Udic Paleustalfs","udic paleustalfs","paleustalfs","ustalfs","alfisols",,
