uid,namedLocation,domainID,siteID,plotID,nrcsDescriptionID,collectDate,horizonID,horizonName,biogeoIDnrcs,biogeoSampleType,biogeoTopDepth,biogeoBottomDepth,biogeoCenterDepth,particleSizeDistProcessedDate,particleSizeDistMethodPub,particleSizeDistMethod,coarseFrag2To5,coarseFrag5To20,sandTotal,siltTotal,clayTotal,carbonateClay,clayFineContent,siltFineContent,siltCoarseContent,sandVeryFineContent,sandFineContent,sandMediumContent,sandCoarseContent,sandVeryCoarseContent,laboratoryName,dataQF
"6be2a40a-bde2-4198-a727-60437a605c73","CLBJ_054.basePlot.all","D11","CLBJ","CLBJ_054","S2017TX497054","2017-04-03","17N03356","A2","S2017TX497054-2","bulk",13.0,31.0,22.0,"2018-03-02","Kellogg Soil Survey Laboratory Methods Manual, Soil Survey Investigations Report No. 42 Version 5.0, Issued 2014","Routine Particle Size Distribution (3A1a1a)",0.2,0.0,72.4,22.9,4.7,,3.0,6.4,16.5,43.6,27.7,0.8,0.3,0.0,"USDA NRCS Kellogg Soil Survey Laboratory",
"8a603af6-ab5e-4de8-be7e-b48da15c47a8","CLBJ_054.basePlot.all","D11","CLBJ","CLBJ_054","S2017TX497054","2017-04-03","17N03355","A1","S2017TX497054-1","bulk",0.0,13.0,6.5,"2018-03-02","Kellogg Soil Survey Laboratory Methods Manual, Soil Survey Investigations Report No. 42 Version 5.0, Issued 2014","Routine Particle Size Distribution (3A1a1a)",0.5,0.0,66.7,29.0,4.3,,3.4,8.2,20.8,36.3,29.3,0.9,0.1,0.1,"USDA NRCS Kellogg Soil Survey Laboratory",
"a205c934-8986-4473-b6d9-c46c7156b91b","CLBJ_054.basePlot.all","D11","CLBJ","CLBJ_054","S2017TX497054","2017-04-03","17N03361","Cd1","S2017TX497054-7","bulk",132.0,170.0,151.0,"2018-03-02","Kellogg Soil Survey Laboratory Methods Manual, Soil Survey Investigations Report No. 42 Version 5.0, Issued 2014","Routine Particle Size Distribution (3A1a1a)",0.0,0.0,36.6,49.1,14.3,,,13.1,36.0,35.6,0.9,0.1,0.0,0.0,"USDA NRCS Kellogg Soil Survey Laboratory",
"b09e9250-c9f8-42b9-8408-c1604cefed9c","CLBJ_054.basePlot.all","D11","CLBJ","CLBJ_054","S2017TX497054","2017-04-03","17N03359","Bt2","S2017TX497054-5","bulk",57.0,74.0,65.5,"2018-09-05","Kellogg Soil Survey Laboratory Methods Manual, Soil Survey Investigations Report No. 42 Version 5.0, Issued 2014","Routine Particle Size Distribution (3A1a1a)",0.0,0.0,44.5,16.4,39.1,,31.9,2.2,14.2,31.2,13.1,0.1,0.1,0.0,"USDA NRCS Kellogg Soil Survey Laboratory",
"62eb69b1-dcf2-47dd-a3a4-fe3fb23ec950","CLBJ_054.basePlot.all","D11","CLBJ","CLBJ_054","S2017TX497054","2017-04-03","17N03358","Bt1","S2017TX497054-4","bulk",42.0,57.0,49.5,"2018-03-02","Kellogg Soil Survey Laboratory Methods Manual, Soil Survey Investigations Report No. 42 Version 5.0, Issued 2014","Routine Particle Size Distribution (3A1a1a)",0.0,0.2,55.7,20.1,24.2,,20.4,5.0,15.1,33.9,21.1,0.5,0.1,0.1,"USDA NRCS Kellogg Soil Survey Laboratory",
"2a51f724-7ce2-4621-b548-7881e5670ead","CLBJ_054.basePlot.all","D11","CLBJ","CLBJ_054","S2017TX497054","2017-04-03","17N03360","Bt3","S2017TX497054-6","bulk",74.0,132.0,103.0,"2018-03-02","Kellogg Soil Survey Laboratory Methods Manual, Soil Survey Investigations Report No. 42 Version 5.0, Issued 2014","Routine Particle Size Distribution (3A1a1a)",0.2,0.7,41.7,29.9,28.4,,24.5,7.2,22.7,29.8,11.8,0.1,0.0,0.0,"USDA NRCS Kellogg Soil Survey Laboratory",
"a5340755-756c-4917-958a-bc11dee075b3","CLBJ_054.basePlot.all","D11","CLBJ","CLBJ_054","S2017TX497054","2017-04-03","17N03357","E","S2017TX497054-3","bulk",31.0,42.0,36.5,"2018-03-02","Kellogg Soil Survey Laboratory Methods Manual, Soil Survey Investigations Report No. 42 Version 5.0, Issued 2014","Routine Particle Size Distribution (3A1a1a)",0.4,0.0,70.8,23.8,5.4,,3.9,6.6,17.2,37.3,32.0,1.1,0.3,0.1,"USDA NRCS Kellogg Soil Survey Laboratory",
"a582d6d5-5aa5-4af2-8b25-47d745d37cd4","CLBJ_054.basePlot.all","D11","CLBJ","CLBJ_054","S2017TX497054","2017-04-03","17N03362","Cd2","S2017TX497054-8","bulk",170.0,207.0,188.5,"2018-02-09","Kellogg Soil Survey Laboratory Methods Manual, Soil Survey Investigations Report No. 42 Version 5.0, Issued 2014","Routine Particle Size Distribution (3A1a1a)",0.0,0.0,25.4,46.1,28.5,,,14.9,31.2,24.8,0.6,0.0,0.0,0.0,"USDA NRCS Kellogg Soil Survey Laboratory",
"59a54dcc-41d2-44b8-86d8-b6d21a34d419","CLBJ_049.basePlot.all","D11","CLBJ","CLBJ_049","S2017TX497049","2017-04-04","17N03329","E","S2017TX497049-2","bulk",20.0,39.0,29.5,"2018-02-22","Kellogg Soil Survey Laboratory Methods Manual, Soil Survey Investigations Report No. 42 Version 5.0, Issued 2014","Routine Particle Size Distribution (3A1a1a)",0.2,0.0,77.0,19.2,3.8,,3.2,5.0,14.2,33.3,36.9,6.4,0.4,0.0,"USDA NRCS Kellogg Soil Survey Laboratory",
"50e83aeb-2d09-424a-a996-84e2de5eb5fb","CLBJ_048.basePlot.all","D11","CLBJ","CLBJ_048","S2017TX497048","2017-04-04","17N03323","A","S2017TX497048-1","bulk",0.0,16.0,8.0,"2018-02-22","Kellogg Soil Survey Laboratory Methods Manual, Soil Survey Investigations Report No. 42 Version 5.0, Issued 2014","Routine Particle Size Distribution (3A1a1a)",0.0,0.0,70.6,23.0,6.4,,6.2,5.0,18.0,43.9,26.4,0.2,0.1,0.0,"USDA NRCS Kellogg Soil Survey Laboratory",
"b39140f8-a018-4658-9c4f-34f347b372b9","CLBJ_048.basePlot.all","D11","CLBJ","CLBJ_048","S2017TX497048","2017-04-04","17N03327","Cd","S2017TX497048-5","bulk",84.0,147.0,115.5,"2018-02-22","Kellogg Soil Survey Laboratory Methods Manual, Soil Survey Investigations Report No. 42 Version 5.0, Issued 2014","Routine Particle Size Distribution (3A1a1a)",0.0,0.0,53.3,36.0,10.7,,,8.7,27.3,48.8,4.3,0.1,0.1,0.0,"USDA NRCS Kellogg Soil Survey Laboratory",
"8147ca5b-5e90-4b6d-9071-527ce5703cd3","CLBJ_044.basePlot.all","D11","CLBJ","CLBJ_044","S2017TX497044","2017-04-04","17N03318","Bt1","S2017TX497044-3","bulk",36.0,69.0,52.5,"2018-02-22","Kellogg Soil Survey Laboratory Methods Manual, Soil Survey Investigations Report No. 42 Version 5.0, Issued 2014","Routine Particle Size Distribution (3A1a1a)",0.0,0.0,61.2,16.8,22.0,,18.5,6.7,10.1,37.1,23.5,0.4,0.2,0.0,"USDA NRCS Kellogg Soil Survey Laboratory",
"673872ea-69e3-492c-a10f-04138a23dada","CLBJ_052.basePlot.all","D11","CLBJ","CLBJ_052","S2017TX497052","2017-04-04","17N03349","E","S2017TX497052-3","bulk",22.0,30.0,26.0,"2018-03-02","Kellogg Soil Survey Laboratory Methods Manual, Soil Survey Investigations Report No. 42 Version 5.0, Issued 2014","Routine Particle Size Distribution (3A1a1a)",2.2,0.7,77.9,17.4,4.7,,3.0,5.0,12.4,33.7,41.6,2.3,0.3,0.0,"USDA NRCS Kellogg Soil Survey Laboratory",
"40987560-e065-4980-841c-f0dbae9f36d8","CLBJ_034.basePlot.all","D11","CLBJ","CLBJ_034","S2017TX497034","2017-04-04","17N03308","A","S2017TX497034-1","bulk",0.0,12.0,6.0,"2018-02-12","Kellogg Soil Survey Laboratory Methods Manual, Soil Survey Investigations Report No. 42 Version 5.0, Issued 2014","Routine Particle Size Distribution (3A1a1a)",43.5,18.2,46.5,35.5,18.0,3.0,,26.6,8.9,8.1,14.0,12.9,9.1,2.4,"USDA NRCS Kellogg Soil Survey Laboratory",
"cccd89cf-5b8c-4cde-a218-868fcb4a8973","CLBJ_052.basePlot.all","D11","CLBJ","CLBJ_052","S2017TX497052","2017-04-04","17N03353","BC","S2017TX497052-7","bulk",140.0,180.0,160.0,"2018-03-02","Kellogg Soil Survey Laboratory Methods Manual, Soil Survey Investigations Report No. 42 Version 5.0, Issued 2014","Routine Particle Size Distribution (3A1a1a)",0.0,0.0,27.9,51.0,21.1,,16.5,15.3,35.7,23.0,4.7,0.2,0.0,0.0,"USDA NRCS Kellogg Soil Survey Laboratory",
"bb1c072a-5e0c-468e-94c7-46f4ba3afe5f","CLBJ_048.basePlot.all","D11","CLBJ","CLBJ_048","S2017TX497048","2017-04-04","17N03325","Bt2","S2017TX497048-3","bulk",37.0,56.0,46.5,"2018-02-22","Kellogg Soil Survey Laboratory Methods Manual, Soil Survey Investigations Report No. 42 Version 5.0, Issued 2014","Routine Particle Size Distribution (3A1a1a)",0.0,0.0,43.6,29.5,26.9,,24.4,6.3,23.2,37.4,6.1,0.1,0.0,0.0,"USDA NRCS Kellogg Soil Survey Laboratory",
"18e90c19-1975-471c-aa9c-30b8b518b5b9","CLBJ_049.basePlot.all","D11","CLBJ","CLBJ_049","S2017TX497049","2017-04-04","17N03328","A","S2017TX497049-1","bulk",0.0,20.0,10.0,"2018-02-22","Kellogg Soil Survey Laboratory Methods Manual, Soil Survey Investigations Report No. 42 Version 5.0, Issued 2014","Routine Particle Size Distribution (3A1a1a)",0.2,0.2,77.9,18.4,3.7,,3.2,4.4,14.0,30.8,39.6,7.4,0.1,0.0,"USDA NRCS Kellogg Soil Survey Laboratory",
"86e69150-879d-4941-b59b-3d9e225a8ff2","CLBJ_052.basePlot.all","D11","CLBJ","CLBJ_052","S2017TX497052","2017-04-04","17N03354","Cd","S2017TX497052-8","bulk",180.0,204.0,192.0,"2018-03-02","Kellogg Soil Survey Laboratory Methods Manual, Soil Survey Investigations Report No. 42 Version 5.0, Issued 2014","Routine Particle Size Distribution (3A1a1a)",141.0,276.5,22.7,66.2,11.1,0.0,,19.6,46.6,20.9,1.7,0.1,0.0,0.0,"USDA NRCS Kellogg Soil Survey Laboratory",
"fccc5d58-e64b-45c3-902c-8265b8d7291a","CLBJ_052.basePlot.all","D11","CLBJ","CLBJ_052","S2017TX497052","2017-04-04","17N03352","Bt3","S2017TX497052-6","bulk",102.0,140.0,121.0,"2018-03-02","Kellogg Soil Survey Laboratory Methods Manual, Soil Survey Investigations Report No. 42 Version 5.0, Issued 2014","Routine Particle Size Distribution (3A1a1a)",0.0,0.3,52.5,19.2,28.3,,25.0,4.8,14.4,26.9,23.7,1.8,0.1,0.0,"USDA NRCS Kellogg Soil Survey Laboratory",
"6de67947-a3bf-451a-bcda-568ea8cb18e3","CLBJ_048.basePlot.all","D11","CLBJ","CLBJ_048","S2017TX497048","2017-04-04","17N03324","Bt1","S2017TX497048-2","bulk",16.0,37.0,26.5,"2018-02-22","Kellogg Soil Survey Laboratory Methods Manual, Soil Survey Investigations Report No. 42 Version 5.0, Issued 2014","Routine Particle Size Distribution (3A1a1a)",0.0,0.0,41.1,23.2,35.7,,31.5,5.2,18.0,31.1,9.7,0.3,0.0,0.0,"USDA NRCS Kellogg Soil Survey Laboratory",
"66085980-e536-46ed-a06e-9e607f1cca00","CLBJ_052.basePlot.all","D11","CLBJ","CLBJ_052","S2017TX497052","2017-04-04","17N03350","Bt1","S2017TX497052-4","bulk",30.0,56.0,43.0,"2018-03-02","Kellogg Soil Survey Laboratory Methods Manual, Soil Survey Investigations Report No. 42 Version 5.0, Issued 2014","Routine Particle Size Distribution (3A1a1a)",0.3,1.8,59.4,14.4,26.2,,22.0,4.5,9.9,22.7,34.3,2.1,0.2,0.1,"USDA NRCS Kellogg Soil Survey Laboratory",
"71a17841-87b1-487c-afda-dd60ce8748c9","CLBJ_052.basePlot.all","D11","CLBJ","CLBJ_052","S2017TX497052","2017-04-04","17N03348","A2","S2017TX497052-2","bulk",12.0,22.0,17.0,"2018-03-02","Kellogg Soil Survey Laboratory Methods Manual, Soil Survey Investigations Report No. 42 Version 5.0, Issued 2014","Routine Particle Size Distribution (3A1a1a)",1.0,4.2,76.6,19.3,4.1,,3.3,6.0,13.3,31.8,41.6,3.0,0.1,0.1,"USDA NRCS Kellogg Soil Survey Laboratory",
"e12a84af-7806-499c-b9f5-b85183b727a1","CLBJ_052.basePlot.all","D11","CLBJ","CLBJ_052","S2017TX497052","2017-04-04","17N03347","A1","S2017TX497052-1","bulk",0.0,12.0,6.0,"2018-03-02","Kellogg Soil Survey Laboratory Methods Manual, Soil Survey Investigations Report No. 42 Version 5.0, Issued 2014","Routine Particle Size Distribution (3A1a1a)",0.0,0.0,66.3,26.3,7.4,,6.0,7.3,19.0,32.6,32.4,1.0,0.2,0.1,"USDA NRCS Kellogg Soil Survey Laboratory",
"d7026930-d3cd-430a-a69d-b0dc83ad7071","CLBJ_048.basePlot.all","D11","CLBJ","CLBJ_048","S2017TX497048","2017-04-04","17N03326","BC","S2017TX497048-4","bulk",56.0,84.0,70.0,"2018-02-22","Kellogg Soil Survey Laboratory Methods Manual, Soil Survey Investigations Report No. 42 Version 5.0, Issued 2014","Routine Particle Size Distribution (3A1a1a)",0.0,0.0,46.3,36.1,17.6,,15.0,7.7,28.4,39.2,7.0,0.1,0.0,0.0,"USDA NRCS Kellogg Soil Survey Laboratory",
"ced934c1-d5aa-46bf-8b87-b7061336e2d6","CLBJ_044.basePlot.all","D11","CLBJ","CLBJ_044","S2017TX497044","2017-04-04","17N03320","Bt3","S2017TX497044-5","bulk",84.0,146.0,115.0,"2018-03-04","Kellogg Soil Survey Laboratory Methods Manual, Soil Survey Investigations Report No. 42 Version 5.0, Issued 2014","Routine Particle Size Distribution (3A1a1a)",0.0,0.0,56.5,14.6,28.9,,27.3,5.8,8.8,37.8,17.9,0.6,0.2,0.0,"USDA NRCS Kellogg Soil Survey Laboratory",
"78a8998b-1e65-4054-b47a-62fd16f32f5a","CLBJ_034.basePlot.all","D11","CLBJ","CLBJ_034","S2017TX497034","2017-04-04","17N03309","Bk","S2017TX497034-2","bulk",12.0,26.0,19.0,"2018-02-12","Kellogg Soil Survey Laboratory Methods Manual, Soil Survey Investigations Report No. 42 Version 5.0, Issued 2014","Routine Particle Size Distribution (3A1a1a)",132.7,589.2,46.8,36.8,16.4,3.2,,29.5,7.3,6.8,10.1,11.0,8.5,10.4,"USDA NRCS Kellogg Soil Survey Laboratory",
"6f718ed7-8ab4-4145-99aa-f5dec3a3cdec","CLBJ_049.basePlot.all","D11","CLBJ","CLBJ_049","S2017TX497049","2017-04-04","17N03330","Bt1","S2017TX497049-3","bulk",39.0,68.0,53.5,"2018-02-22","Kellogg Soil Survey Laboratory Methods Manual, Soil Survey Investigations Report No. 42 Version 5.0, Issued 2014","Routine Particle Size Distribution (3A1a1a)",0.2,0.0,66.3,15.6,18.1,,16.4,4.3,11.3,25.2,34.5,6.3,0.2,0.1,"USDA NRCS Kellogg Soil Survey Laboratory",
"e0c344cb-1992-4c6e-affe-7cf0d1e11659","CLBJ_044.basePlot.all","D11","CLBJ","CLBJ_044","S2017TX497044","2017-04-04","17N03319","Bt2","S2017TX497044-4","bulk",69.0,84.0,76.5,"2018-02-22","Kellogg Soil Survey Laboratory Methods Manual, Soil Survey Investigations Report No. 42 Version 5.0, Issued 2014","Routine Particle Size Distribution (3A1a1a)",0.0,0.0,55.8,16.8,27.4,,25.1,6.8,10.0,31.6,23.8,0.3,0.1,0.0,"USDA NRCS Kellogg Soil Survey Laboratory",
"c6051203-58b0-42dd-9fea-a3e3d02560fe","CLBJ_049.basePlot.all","D11","CLBJ","CLBJ_049","S2017TX497049","2017-04-04","17N03332","BCt","S2017TX497049-5","bulk",155.0,212.0,183.5,"2018-02-22","Kellogg Soil Survey Laboratory Methods Manual, Soil Survey Investigations Report No. 42 Version 5.0, Issued 2014","Routine Particle Size Distribution (3A1a1a)",0.0,0.0,72.0,15.6,12.4,,11.2,4.6,11.0,28.9,33.2,9.4,0.4,0.1,"USDA NRCS Kellogg Soil Survey Laboratory",
"854001e1-4222-4fdf-af5a-f67ad046efcb","CLBJ_044.basePlot.all","D11","CLBJ","CLBJ_044","S2017TX497044","2017-04-04","17N03317","E","S2017TX497044-2","bulk",18.0,36.0,27.0,"2018-02-22","Kellogg Soil Survey Laboratory Methods Manual, Soil Survey Investigations Report No. 42 Version 5.0, Issued 2014","Routine Particle Size Distribution (3A1a1a)",0.0,0.0,70.6,20.6,8.8,,5.1,6.9,13.7,39.3,30.9,0.3,0.1,0.0,"USDA NRCS Kellogg Soil Survey Laboratory",
"69233891-5fef-4fdf-839e-ccba04fb24ce","CLBJ_044.basePlot.all","D11","CLBJ","CLBJ_044","S2017TX497044","2017-04-04","17N03321","BC","S2017TX497044-6","bulk",146.0,164.0,155.0,"2018-03-16","Kellogg Soil Survey Laboratory Methods Manual, Soil Survey Investigations Report No. 42 Version 5.0, Issued 2014","Routine Particle Size Distribution (3A1a1a)",0.0,0.0,64.7,18.5,16.7,,14.7,3.9,15.1,60.2,4.5,0.1,0.1,0.0,"USDA NRCS Kellogg Soil Survey Laboratory",
"6168bc09-a0b0-4c39-a5b2-d255f5f680ed","CLBJ_044.basePlot.all","D11","CLBJ","CLBJ_044","S2017TX497044","2017-04-04","17N03316","Ap","S2017TX497044-1","bulk",0.0,18.0,9.0,"2018-02-12","Kellogg Soil Survey Laboratory Methods Manual, Soil Survey Investigations Report No. 42 Version 5.0, Issued 2014","Routine Particle Size Distribution (3A1a1a)",0.0,0.0,80.6,14.4,5.0,,2.2,3.6,10.8,46.0,34.1,0.3,0.2,0.0,"USDA NRCS Kellogg Soil Survey Laboratory",
"c74d81b3-9da7-4b35-a8eb-ee9e60e63972","CLBJ_049.basePlot.all","D11","CLBJ","CLBJ_049","S2017TX497049","2017-04-04","17N03331","Bt2","S2017TX497049-4","bulk",68.0,155.0,111.5,"2018-02-22","Kellogg Soil Survey Laboratory Methods Manual, Soil Survey Investigations Report No. 42 Version 5.0, Issued 2014","Routine Particle Size Distribution (3A1a1a)",0.2,0.0,68.1,17.4,14.5,,12.7,4.8,12.6,28.4,33.1,6.0,0.4,0.2,"USDA NRCS Kellogg Soil Survey Laboratory",
"37f9e631-3f84-4044-aa15-e9b771d90dc5","CLBJ_044.basePlot.all","D11","CLBJ","CLBJ_044","S2017TX497044","2017-04-04","17N03322","Cd","S2017TX497044-7","bulk",164.0,203.0,183.5,"2018-02-22","Kellogg Soil Survey Laboratory Methods Manual, Soil Survey Investigations Report No. 42 Version 5.0, Issued 2014","Routine Particle Size Distribution (3A1a1a)",0.0,0.0,73.8,14.4,11.8,,11.4,2.5,11.9,70.7,3.1,0.0,0.0,0.0,"USDA NRCS Kellogg Soil Survey Laboratory",
"0c378c16-ce52-4096-827c-3f443262db50","CLBJ_052.basePlot.all","D11","CLBJ","CLBJ_052","S2017TX497052","2017-04-04","17N03351","Bt2","S2017TX497052-5","bulk",56.0,102.0,79.0,"2018-03-02","Kellogg Soil Survey Laboratory Methods Manual, Soil Survey Investigations Report No. 42 Version 5.0, Issued 2014","Routine Particle Size Distribution (3A1a1a)",0.3,3.1,54.9,13.6,31.5,,27.4,4.1,9.5,25.2,29.0,0.6,0.1,0.0,"USDA NRCS Kellogg Soil Survey Laboratory",
"f8cadfc2-8874-4b5b-bd56-f4183c54f1e6","CLBJ_058.basePlot.all","D11","CLBJ","CLBJ_058","S2017TX497058","2017-04-05","17N03364","Bt1","S2017TX497058-2","bulk",16.0,42.0,29.0,"2018-02-09","Kellogg Soil Survey Laboratory Methods Manual, Soil Survey Investigations Report No. 42 Version 5.0, Issued 2014","Routine Particle Size Distribution (3A1a1a)",0.0,0.0,51.7,22.1,26.2,,24.1,6.1,16.0,24.8,24.8,2.0,0.1,0.0,"USDA NRCS Kellogg Soil Survey Laboratory",
"a8efdb1f-2e55-4be9-93a9-8ee7edd2ead9","CLBJ_058.basePlot.all","D11","CLBJ","CLBJ_058","S2017TX497058","2017-04-05","17N03368","BC","S2017TX497058-6","bulk",155.0,201.0,178.0,"2018-02-09","Kellogg Soil Survey Laboratory Methods Manual, Soil Survey Investigations Report No. 42 Version 5.0, Issued 2014","Routine Particle Size Distribution (3A1a1a)",0.0,0.0,51.4,32.9,15.7,,12.3,8.3,24.6,29.3,20.4,1.6,0.1,0.0,"USDA NRCS Kellogg Soil Survey Laboratory",
"de32598c-e522-4011-a8ee-9dfb9bdbabf4","CLBJ_059.basePlot.all","D11","CLBJ","CLBJ_059","S2017TX497059","2017-04-05","17N03369","A","S2017TX497059-1","bulk",0.0,18.0,9.0,"2018-02-09","Kellogg Soil Survey Laboratory Methods Manual, Soil Survey Investigations Report No. 42 Version 5.0, Issued 2014","Routine Particle Size Distribution (3A1a1a)",27.2,7.1,87.0,5.9,7.1,0.0,,0.7,5.2,24.9,51.6,7.1,1.7,1.7,"USDA NRCS Kellogg Soil Survey Laboratory",
"48df39e8-c4d3-4d94-843c-a64f3c27cc7e","CLBJ_051.basePlot.all","D11","CLBJ","CLBJ_051","S2017TX497051","2017-04-05","17N03342","A","S2017TX497051-1","bulk",0.0,19.0,9.5,"2018-03-02","Kellogg Soil Survey Laboratory Methods Manual, Soil Survey Investigations Report No. 42 Version 5.0, Issued 2014","Routine Particle Size Distribution (3A1a1a)",0.0,0.0,76.1,13.9,10.0,,7.6,5.0,8.9,15.0,41.5,18.1,1.3,0.2,"USDA NRCS Kellogg Soil Survey Laboratory",
"cbfc4cd7-44bd-4ab2-b66a-6f6847735577","CLBJ_051.basePlot.all","D11","CLBJ","CLBJ_051","S2017TX497051","2017-04-05","17N03344","Bt2","S2017TX497051-3","bulk",43.0,75.0,59.0,"2018-03-02","Kellogg Soil Survey Laboratory Methods Manual, Soil Survey Investigations Report No. 42 Version 5.0, Issued 2014","Routine Particle Size Distribution (3A1a1a)",0.0,0.0,66.7,12.9,20.4,,17.4,3.2,9.7,15.6,33.9,16.3,0.7,0.2,"USDA NRCS Kellogg Soil Survey Laboratory",
"a5812738-09dc-4406-abab-43503c2e6a45","CLBJ_050.basePlot.all","D11","CLBJ","CLBJ_050","S2017TX497050","2017-04-05","17N03333","A","S2017TX497050-1","bulk",0.0,10.0,5.0,"2018-02-22","Kellogg Soil Survey Laboratory Methods Manual, Soil Survey Investigations Report No. 42 Version 5.0, Issued 2014","Routine Particle Size Distribution (3A1a1a)",0.0,0.0,77.2,17.6,5.2,,4.3,6.2,11.4,22.7,43.1,10.5,0.7,0.2,"USDA NRCS Kellogg Soil Survey Laboratory",
"40a1ea9e-7287-476d-bc7e-9e6e573d576d","CLBJ_050.basePlot.all","D11","CLBJ","CLBJ_050","S2017TX497050","2017-04-05","17N03341","Cd","S2017TX497050-9","bulk",195.0,223.0,209.0,"2018-03-02","Kellogg Soil Survey Laboratory Methods Manual, Soil Survey Investigations Report No. 42 Version 5.0, Issued 2014","Routine Particle Size Distribution (3A1a1a)",0.0,0.0,87.9,2.8,9.3,,,0.4,2.4,5.8,76.5,5.5,0.1,0.0,"USDA NRCS Kellogg Soil Survey Laboratory",
"6804022f-3eb1-4da3-8771-ec5f2af807fa","CLBJ_051.basePlot.all","D11","CLBJ","CLBJ_051","S2017TX497051","2017-04-05","17N03346","BCt","S2017TX497051-5","bulk",168.0,201.0,184.5,"2018-03-02","Kellogg Soil Survey Laboratory Methods Manual, Soil Survey Investigations Report No. 42 Version 5.0, Issued 2014","Routine Particle Size Distribution (3A1a1a)",0.0,0.0,58.6,22.9,18.5,,13.7,6.3,16.6,18.5,31.4,7.9,0.6,0.2,"USDA NRCS Kellogg Soil Survey Laboratory",
"b80b5947-50d3-45db-b08e-5e68de19af41","CLBJ_051.basePlot.all","D11","CLBJ","CLBJ_051","S2017TX497051","2017-04-05","17N03345","Bt3","S2017TX497051-4","bulk",75.0,168.0,121.5,"2018-03-02","Kellogg Soil Survey Laboratory Methods Manual, Soil Survey Investigations Report No. 42 Version 5.0, Issued 2014","Routine Particle Size Distribution (3A1a1a)",0.4,0.0,57.4,18.1,24.5,,20.0,5.5,12.6,18.6,29.0,9.1,0.6,0.1,"USDA NRCS Kellogg Soil Survey Laboratory",
"3b8f38fe-78f6-47e3-a3d3-bd3df27db096","CLBJ_050.basePlot.all","D11","CLBJ","CLBJ_050","S2017TX497050","2017-04-05","17N03335","Bt1","S2017TX497050-3","bulk",18.0,35.0,26.5,"2018-02-22","Kellogg Soil Survey Laboratory Methods Manual, Soil Survey Investigations Report No. 42 Version 5.0, Issued 2014","Routine Particle Size Distribution (3A1a1a)",0.0,0.0,58.7,14.0,27.3,,24.8,5.1,8.9,15.0,33.4,9.6,0.7,0.0,"USDA NRCS Kellogg Soil Survey Laboratory",
"71526c1f-2e9b-4ddc-b43d-e45dc0d80253","CLBJ_059.basePlot.all","D11","CLBJ","CLBJ_059","S2017TX497059","2017-04-05","17N03374","Cd2","S2017TX497059-6","bulk",165.0,206.0,185.5,"2018-02-09","Kellogg Soil Survey Laboratory Methods Manual, Soil Survey Investigations Report No. 42 Version 5.0, Issued 2014","Routine Particle Size Distribution (3A1a1a)",1.9,0.0,93.1,3.5,3.4,0.0,,1.6,1.9,2.8,16.1,67.6,6.0,0.6,"USDA NRCS Kellogg Soil Survey Laboratory",
"61c23b28-dae8-4ba3-ab18-2cad2efff1b0","CLBJ_059.basePlot.all","D11","CLBJ","CLBJ_059","S2017TX497059","2017-04-05","17N03370","Ab","S2017TX497059-2","bulk",18.0,31.0,24.5,"2018-02-09","Kellogg Soil Survey Laboratory Methods Manual, Soil Survey Investigations Report No. 42 Version 5.0, Issued 2014","Routine Particle Size Distribution (3A1a1a)",28.5,17.0,75.5,15.0,9.5,0.0,7.6,4.4,10.6,23.1,37.5,12.4,1.8,0.7,"USDA NRCS Kellogg Soil Survey Laboratory",
"9d9d05c9-dc3d-4235-9596-1be33f07435b","CLBJ_058.basePlot.all","D11","CLBJ","CLBJ_058","S2017TX497058","2017-04-05","17N03366","Bt3","S2017TX497058-4","bulk",62.0,105.0,83.5,"2018-02-09","Kellogg Soil Survey Laboratory Methods Manual, Soil Survey Investigations Report No. 42 Version 5.0, Issued 2014","Routine Particle Size Distribution (3A1a1a)",0.0,0.0,58.7,24.7,16.6,,14.7,6.6,18.1,31.7,25.0,1.9,0.1,0.0,"USDA NRCS Kellogg Soil Survey Laboratory",
"7650cb29-484b-4a6c-bbfb-12321a0cf30b","CLBJ_050.basePlot.all","D11","CLBJ","CLBJ_050","S2017TX497050","2017-04-05","17N03337","Bt3","S2017TX497050-5","bulk",64.0,104.0,84.0,"2018-02-22","Kellogg Soil Survey Laboratory Methods Manual, Soil Survey Investigations Report No. 42 Version 5.0, Issued 2014","Routine Particle Size Distribution (3A1a1a)",0.0,0.0,57.0,10.1,32.9,0.0,28.6,4.3,5.8,13.3,34.5,8.5,0.6,0.1,"USDA NRCS Kellogg Soil Survey Laboratory",
"ff023813-5057-4571-b400-08eb9ac5b70a","CLBJ_050.basePlot.all","D11","CLBJ","CLBJ_050","S2017TX497050","2017-04-05","17N03340","CB2","S2017TX497050-8","bulk",180.0,195.0,187.5,"2018-03-02","Kellogg Soil Survey Laboratory Methods Manual, Soil Survey Investigations Report No. 42 Version 5.0, Issued 2014","Routine Particle Size Distribution (3A1a1a)",0.0,0.0,80.3,6.1,13.6,,,1.7,4.4,10.5,58.6,10.8,0.4,0.0,"USDA NRCS Kellogg Soil Survey Laboratory",
"90a07682-3708-46ea-951f-22fdc22afcdc","CLBJ_058.basePlot.all","D11","CLBJ","CLBJ_058","S2017TX497058","2017-04-05","17N03363","A","S2017TX497058-1","bulk",0.0,16.0,8.0,"2018-02-09","Kellogg Soil Survey Laboratory Methods Manual, Soil Survey Investigations Report No. 42 Version 5.0, Issued 2014","Routine Particle Size Distribution (3A1a1a)",0.0,0.0,63.9,29.6,6.5,,4.9,6.2,23.4,33.8,27.5,2.4,0.1,0.1,"USDA NRCS Kellogg Soil Survey Laboratory",
"dbf95e71-ab22-4798-94c5-d8805638561f","CLBJ_051.basePlot.all","D11","CLBJ","CLBJ_051","S2017TX497051","2017-04-05","17N03343","Bt1","S2017TX497051-2","bulk",19.0,43.0,31.0,"2018-03-02","Kellogg Soil Survey Laboratory Methods Manual, Soil Survey Investigations Report No. 42 Version 5.0, Issued 2014","Routine Particle Size Distribution (3A1a1a)",0.0,0.0,70.1,13.1,16.8,,13.9,4.0,9.1,16.7,39.9,12.7,0.8,0.0,"USDA NRCS Kellogg Soil Survey Laboratory",
"2ac4e8ce-8099-4046-8213-9bfeebeafd49","CLBJ_050.basePlot.all","D11","CLBJ","CLBJ_050","S2017TX497050","2017-04-05","17N03334","E","S2017TX497050-2","bulk",10.0,18.0,14.0,"2018-02-22","Kellogg Soil Survey Laboratory Methods Manual, Soil Survey Investigations Report No. 42 Version 5.0, Issued 2014","Routine Particle Size Distribution (3A1a1a)",3.2,3.0,78.6,16.4,5.0,,4.1,4.8,11.6,21.4,45.9,10.2,0.9,0.2,"USDA NRCS Kellogg Soil Survey Laboratory",
"8e36fd4f-62e3-42f3-8a78-9563a3c411ac","CLBJ_059.basePlot.all","D11","CLBJ","CLBJ_059","S2017TX497059","2017-04-05","17N03373","Cd1","S2017TX497059-5","bulk",80.0,165.0,122.5,"2018-02-09","Kellogg Soil Survey Laboratory Methods Manual, Soil Survey Investigations Report No. 42 Version 5.0, Issued 2014","Routine Particle Size Distribution (3A1a1a)",1.0,0.4,92.5,2.1,5.4,0.0,,0.2,1.9,2.7,19.2,60.9,8.8,0.9,"USDA NRCS Kellogg Soil Survey Laboratory",
"b89bc1ac-1312-4d70-bcef-9625ffcaa695","CLBJ_058.basePlot.all","D11","CLBJ","CLBJ_058","S2017TX497058","2017-04-05","17N03365","Bt2","S2017TX497058-3","bulk",42.0,62.0,52.0,"2018-02-09","Kellogg Soil Survey Laboratory Methods Manual, Soil Survey Investigations Report No. 42 Version 5.0, Issued 2014","Routine Particle Size Distribution (3A1a1a)",0.0,0.0,51.5,23.7,24.8,,21.7,6.8,16.9,27.0,23.0,1.5,0.0,0.0,"USDA NRCS Kellogg Soil Survey Laboratory",
"12b74980-d61c-4943-8dc5-b9ea2170bf57","CLBJ_050.basePlot.all","D11","CLBJ","CLBJ_050","S2017TX497050","2017-04-05","17N03336","Bt2","S2017TX497050-4","bulk",35.0,64.0,49.5,"2018-02-22","Kellogg Soil Survey Laboratory Methods Manual, Soil Survey Investigations Report No. 42 Version 5.0, Issued 2014","Routine Particle Size Distribution (3A1a1a)",0.0,0.0,55.9,14.0,30.1,,25.4,6.3,7.7,14.9,30.2,10.3,0.4,0.1,"USDA NRCS Kellogg Soil Survey Laboratory",
"903b7ba1-ad40-44b3-bd99-b41a2314c4c1","CLBJ_058.basePlot.all","D11","CLBJ","CLBJ_058","S2017TX497058","2017-04-05","17N03367","Bt4","S2017TX497058-5","bulk",105.0,155.0,130.0,"2018-02-09","Kellogg Soil Survey Laboratory Methods Manual, Soil Survey Investigations Report No. 42 Version 5.0, Issued 2014","Routine Particle Size Distribution (3A1a1a)",2.5,1.3,58.1,24.8,17.1,,14.2,6.4,18.4,29.2,25.5,3.0,0.3,0.1,"USDA NRCS Kellogg Soil Survey Laboratory",
"ef5626b3-172a-4766-9d46-12ee87fdc660","CLBJ_050.basePlot.all","D11","CLBJ","CLBJ_050","S2017TX497050","2017-04-05","17N03338","Bt4","S2017TX497050-6","bulk",104.0,152.0,128.0,"2018-02-22","Kellogg Soil Survey Laboratory Methods Manual, Soil Survey Investigations Report No. 42 Version 5.0, Issued 2014","Routine Particle Size Distribution (3A1a1a)",0.0,0.0,82.6,2.2,15.2,,13.7,1.2,1.0,4.6,76.2,1.8,0.0,0.0,"USDA NRCS Kellogg Soil Survey Laboratory",
"7433e04d-efa4-4664-83f7-00450d7c9943","CLBJ_059.basePlot.all","D11","CLBJ","CLBJ_059","S2017TX497059","2017-04-05","17N03372","BC","S2017TX497059-4","bulk",53.0,80.0,66.5,"2018-02-09","Kellogg Soil Survey Laboratory Methods Manual, Soil Survey Investigations Report No. 42 Version 5.0, Issued 2014","Routine Particle Size Distribution (3A1a1a)",6.0,5.6,88.6,4.5,6.9,1.5,4.2,0.9,3.6,5.5,32.2,43.1,6.7,1.1,"USDA NRCS Kellogg Soil Survey Laboratory",
"a3d3a46f-1456-46f1-8a51-eb339c7a3ce8","CLBJ_059.basePlot.all","D11","CLBJ","CLBJ_059","S2017TX497059","2017-04-05","17N03371","Bw","S2017TX497059-3","bulk",31.0,53.0,42.0,"2018-02-09","Kellogg Soil Survey Laboratory Methods Manual, Soil Survey Investigations Report No. 42 Version 5.0, Issued 2014","Routine Particle Size Distribution (3A1a1a)",25.1,14.4,80.9,10.7,8.4,1.2,6.1,3.2,7.5,20.2,33.6,23.7,2.7,0.7,"USDA NRCS Kellogg Soil Survey Laboratory",
"905648bb-ed53-4348-9d2e-8ff191221e51","CLBJ_050.basePlot.all","D11","CLBJ","CLBJ_050","S2017TX497050","2017-04-05","17N03339","CB1","S2017TX497050-7","bulk",152.0,180.0,166.0,"2018-02-22","Kellogg Soil Survey Laboratory Methods Manual, Soil Survey Investigations Report No. 42 Version 5.0, Issued 2014","Routine Particle Size Distribution (3A1a1a)",0.0,0.0,89.5,2.5,8.0,,,1.3,1.2,5.7,81.8,2.0,0.0,0.0,"USDA NRCS Kellogg Soil Survey Laboratory",
"d4251d5b-a01a-4a77-bf7e-0e723341de83","CLBJ_039.basePlot.all","D11","CLBJ","CLBJ_039","S2017TX497039","2017-04-06","17N03312","Bt2","S2017TX497039-3","bulk",48.0,75.0,61.5,"2018-02-12","Kellogg Soil Survey Laboratory Methods Manual, Soil Survey Investigations Report No. 42 Version 5.0, Issued 2014","Routine Particle Size Distribution (3A1a1a)",0.0,0.0,41.0,27.8,31.2,,24.8,9.8,18.0,10.3,25.2,5.1,0.3,0.1,"USDA NRCS Kellogg Soil Survey Laboratory",
"38b5a156-9580-4c6c-a4a8-2528367bb202","CLBJ_039.basePlot.all","D11","CLBJ","CLBJ_039","S2017TX497039","2017-04-06","17N03313","Bt3","S2017TX497039-4","bulk",75.0,115.0,95.0,"2018-02-12","Kellogg Soil Survey Laboratory Methods Manual, Soil Survey Investigations Report No. 42 Version 5.0, Issued 2014","Routine Particle Size Distribution (3A1a1a)",0.4,0.0,27.5,27.8,44.7,0.0,33.1,10.8,17.0,8.1,15.2,3.9,0.2,0.1,"USDA NRCS Kellogg Soil Survey Laboratory",
"63d3f99c-2e5c-4678-b8a0-08f61ef07f34","CLBJ_039.basePlot.all","D11","CLBJ","CLBJ_039","S2017TX497039","2017-04-06","17N03310","A","S2017TX497039-1","bulk",0.0,19.0,9.5,"2018-02-12","Kellogg Soil Survey Laboratory Methods Manual, Soil Survey Investigations Report No. 42 Version 5.0, Issued 2014","Routine Particle Size Distribution (3A1a1a)",0.8,0.0,78.8,16.5,4.7,,4.0,4.3,12.2,22.8,45.1,10.3,0.6,0.0,"USDA NRCS Kellogg Soil Survey Laboratory",
"dd47af6f-035a-4c1f-987a-70820e9dff3f","CLBJ_039.basePlot.all","D11","CLBJ","CLBJ_039","S2017TX497039","2017-04-06","17N03314","2Bk","S2017TX497039-5","bulk",115.0,149.0,132.0,"2018-02-12","Kellogg Soil Survey Laboratory Methods Manual, Soil Survey Investigations Report No. 42 Version 5.0, Issued 2014","Routine Particle Size Distribution (3A1a1a)",208.3,312.1,48.0,28.7,23.3,0.9,15.2,16.6,12.1,6.9,17.0,11.7,8.0,4.4,"USDA NRCS Kellogg Soil Survey Laboratory",
"8b3de500-8b8a-4465-8a53-4dc769239e1c","CLBJ_039.basePlot.all","D11","CLBJ","CLBJ_039","S2017TX497039","2017-04-06","17N03311","Bt1","S2017TX497039-2","bulk",19.0,48.0,33.5,"2018-02-12","Kellogg Soil Survey Laboratory Methods Manual, Soil Survey Investigations Report No. 42 Version 5.0, Issued 2014","Routine Particle Size Distribution (3A1a1a)",0.0,0.0,49.7,21.5,28.8,,24.9,7.5,14.0,10.7,30.8,7.8,0.2,0.2,"USDA NRCS Kellogg Soil Survey Laboratory",
"d223b3b2-1dad-4635-afa1-041e9db57076","CLBJ_039.basePlot.all","D11","CLBJ","CLBJ_039","S2017TX497039","2017-04-06","17N03315","2BCk","S2017TX497039-6","bulk",149.0,206.0,177.5,"2018-02-12","Kellogg Soil Survey Laboratory Methods Manual, Soil Survey Investigations Report No. 42 Version 5.0, Issued 2014","Routine Particle Size Distribution (3A1a1a)",32.3,17.7,44.1,37.6,18.3,0.9,10.9,18.7,18.9,7.4,24.5,8.2,2.1,1.9,"USDA NRCS Kellogg Soil Survey Laboratory",
