uid,namedLocation,domainID,siteID,plotID,pitID,collectDate,testProtocolVersion,nrcsDescriptionID,horizonID,horizonName,horizonTopDepth,horizonBottomDepth,remarks,dataQF
"40740e92-3774-429a-89eb-0f626d311f3d","CLBJ_054.basePlot.all","D11","CLBJ","CLBJ_054","1216322","2017-04-03","Field Book for Describing and Sampling Soils ver3","S2017TX497054","17N03359","Bt2",57,74,,
"0327964a-f53e-4259-b9ac-5c139d78298d","CLBJ_054.basePlot.all","D11","CLBJ","CLBJ_054","1216322","2017-04-03","Field Book for Describing and Sampling Soils ver3","S2017TX497054","17N03356","A2",13,31,,
"697021f6-8d8d-4edf-8074-93fe75b3cdd0","CLBJ_054.basePlot.all","D11","CLBJ","CLBJ_054","1216322","2017-04-03","Field Book for Describing and Sampling Soils ver3","S2017TX497054","17N03361","Cd1",132,170,"Interbedded siltstone strata at 144 cm",
"2f05a902-5b2e-4594-bd96-de023d0652eb","CLBJ_054.basePlot.all","D11","CLBJ","CLBJ_054","1216322","2017-04-03","Field Book for Describing and Sampling Soils ver3","S2017TX497054","17N03360","Bt3",74,132,,
"54423c57-1560-4fa0-a108-4cea60a03128","CLBJ_054.basePlot.all","D11","CLBJ","CLBJ_054","1216322","2017-04-03","Field Book for Describing and Sampling Soils ver3","S2017TX497054","17N03355","A1",0,13,,
"c61ef487-aa8d-4650-819e-4a2e82808f4d","CLBJ_054.basePlot.all","D11","CLBJ","CLBJ_054","1216322","2017-04-03","Field Book for Describing and Sampling Soils ver3","S2017TX497054","17N03358","Bt1",42,57,,
"e70b7357-47b5-4bd8-9864-6adbd5387e06","CLBJ_054.basePlot.all","D11","CLBJ","CLBJ_054","1216322","2017-04-03","Field Book for Describing and Sampling Soils ver3","S2017TX497054","17N03362","Cd2",170,207,"Interbedded sandstone strata at 190 cm",
"15ab102c-4f00-4564-9290-a5919508c2d6","CLBJ_054.basePlot.all","D11","CLBJ","CLBJ_054","1216322","2017-04-03","Field Book for Describing and Sampling Soils ver3","S2017TX497054","17N03357","E",31,42,,
"faf0a66a-2eac-42e5-8d30-c0813c88594f","CLBJ_044.basePlot.all","D11","CLBJ","CLBJ_044","1216323","2017-04-04","Field Book for Describing and Sampling Soils ver3","S2017TX497044","17N03320","Bt3",84,146,,
"cd68f80c-0d94-433c-b5ee-fa9133b43af2","CLBJ_034.basePlot.all","D11","CLBJ","CLBJ_034","1216325","2017-04-04","Field Book for Describing and Sampling Soils ver3","S2017TX497034","17N03308","A",0,12,,
"a2502cd2-d36a-4146-8a3b-b32baa457a16","CLBJ_044.basePlot.all","D11","CLBJ","CLBJ_044","1216323","2017-04-04","Field Book for Describing and Sampling Soils ver3","S2017TX497044","17N03318","Bt1",36,69,,
"9781d31a-f2fa-482f-9c49-dc3d6b1f7720","CLBJ_052.basePlot.all","D11","CLBJ","CLBJ_052","1216326","2017-04-04","Field Book for Describing and Sampling Soils ver3","S2017TX497052","17N03352","Bt3",102,140,"Interior color of cemented sandstone fragments is either red (2.5YR 4/6 moist and dry) or white (N 9.5/ moist or dry)",
"ce5cab2e-6a95-4490-8aa5-8c605af3b165","CLBJ_048.basePlot.all","D11","CLBJ","CLBJ_048","1216327","2017-04-04","Field Book for Describing and Sampling Soils ver3","S2017TX497048","17N03327","Cd",84,147,,
"632f992a-1860-4b0d-9fa9-fa9a3e7e9885","CLBJ_049.basePlot.all","D11","CLBJ","CLBJ_049","1216324","2017-04-04","Field Book for Describing and Sampling Soils ver3","S2017TX497049","17N03330","Bt1",39,68,,
"f306e447-ae3b-47ed-b4a9-332faebcf374","CLBJ_044.basePlot.all","D11","CLBJ","CLBJ_044","1216323","2017-04-04","Field Book for Describing and Sampling Soils ver3","S2017TX497044","17N03317","E",18,36,,
"c7c4fc29-4965-4dd1-ad15-358e2620772d","CLBJ_052.basePlot.all","D11","CLBJ","CLBJ_052","1216326","2017-04-04","Field Book for Describing and Sampling Soils ver3","S2017TX497052","17N03349","E",22,30,"Interior color of cemented sandstone fragments is red (2.5YR 4/6 moist and dry)",
"532c950e-cf87-415b-af81-3c3346474391","CLBJ_049.basePlot.all","D11","CLBJ","CLBJ_049","1216324","2017-04-04","Field Book for Describing and Sampling Soils ver3","S2017TX497049","17N03328","A",0,20,,
"15508f2b-e312-4dd1-b200-2fce8945a135","CLBJ_044.basePlot.all","D11","CLBJ","CLBJ_044","1216323","2017-04-04","Field Book for Describing and Sampling Soils ver3","S2017TX497044","17N03319","Bt2",69,84,,
"7a0ace4d-14c6-43a6-8650-4751d0cf8b17","CLBJ_049.basePlot.all","D11","CLBJ","CLBJ_049","1216324","2017-04-04","Field Book for Describing and Sampling Soils ver3","S2017TX497049","17N03329","E",20,39,,
"2c11f7a6-b4e9-4f32-b783-57fee182eba6","CLBJ_048.basePlot.all","D11","CLBJ","CLBJ_048","1216327","2017-04-04","Field Book for Describing and Sampling Soils ver3","S2017TX497048","17N03325","Bt2",37,56,,
"da01b1f2-f071-4676-978c-7d29936bafd4","CLBJ_049.basePlot.all","D11","CLBJ","CLBJ_049","1216324","2017-04-04","Field Book for Describing and Sampling Soils ver3","S2017TX497049","17N03331","Bt2",68,155,,
"ace59d99-aaec-42cc-835e-41c98756c5f7","CLBJ_052.basePlot.all","D11","CLBJ","CLBJ_052","1216326","2017-04-04","Field Book for Describing and Sampling Soils ver3","S2017TX497052","17N03351","Bt2",56,102,"Interior color of cemented sandstone fragments is either red (2.5YR 4/6 moist and dry) or white (N 9.5/ moist or dry)",
"2ef844aa-4176-432d-a9a3-9036fd9d0e5b","CLBJ_048.basePlot.all","D11","CLBJ","CLBJ_048","1216327","2017-04-04","Field Book for Describing and Sampling Soils ver3","S2017TX497048","17N03326","BC",56,84,,
"0af494f0-980d-448f-98e0-c407532c162d","CLBJ_044.basePlot.all","D11","CLBJ","CLBJ_044","1216323","2017-04-04","Field Book for Describing and Sampling Soils ver3","S2017TX497044","17N03316","Ap",0,18,,
"1a7d07ad-5670-4471-9c11-77143978e0c5","CLBJ_034.basePlot.all","D11","CLBJ","CLBJ_034","1216325","2017-04-04","Field Book for Describing and Sampling Soils ver3","S2017TX497034","17N03309","Bk",12,26,,
"93da724e-3ac5-4a6d-9152-b034eaa79f28","CLBJ_052.basePlot.all","D11","CLBJ","CLBJ_052","1216326","2017-04-04","Field Book for Describing and Sampling Soils ver3","S2017TX497052","17N03347","A1",0,12,"Interior color of cemented sandstone fragments is red (2.5YR 4/6 moist and dry)",
"098ae90a-6cd4-45d4-9059-e1554f334d9f","CLBJ_052.basePlot.all","D11","CLBJ","CLBJ_052","1216326","2017-04-04","Field Book for Describing and Sampling Soils ver3","S2017TX497052","17N03353","BC",140,180,,
"a9e03f1f-0e3c-4ac7-bb7d-bc7ea1d54bfd","CLBJ_044.basePlot.all","D11","CLBJ","CLBJ_044","1216323","2017-04-04","Field Book for Describing and Sampling Soils ver3","S2017TX497044","17N03321","BC",146,164,,
"e9cd9844-f37c-42b7-b71b-9c1933e48dbe","CLBJ_052.basePlot.all","D11","CLBJ","CLBJ_052","1216326","2017-04-04","Field Book for Describing and Sampling Soils ver3","S2017TX497052","17N03350","Bt1",30,56,"Interior color of cemented sandstone fragments is either red (2.5YR 4/6 moist and dry) or white (N 9.5/ moist or dry)",
"d22ebab3-7509-4b39-87eb-1f2a4c41816d","CLBJ_052.basePlot.all","D11","CLBJ","CLBJ_052","1216326","2017-04-04","Field Book for Describing and Sampling Soils ver3","S2017TX497052","17N03354","Cd",180,204,,
"c7e79f8c-e9e9-4d5a-b4ce-1277516e1e8f","CLBJ_048.basePlot.all","D11","CLBJ","CLBJ_048","1216327","2017-04-04","Field Book for Describing and Sampling Soils ver3","S2017TX497048","17N03324","Bt1",16,37,,
"23abe3c6-dca1-4996-b46f-3d605e0d3115","CLBJ_052.basePlot.all","D11","CLBJ","CLBJ_052","1216326","2017-04-04","Field Book for Describing and Sampling Soils ver3","S2017TX497052","17N03348","A2",12,22,"Interior color of cemented sandstone fragments is red (2.5YR 4/6 moist and dry)",
"58c8c1f6-3407-46b1-9277-aac248cc572c","CLBJ_044.basePlot.all","D11","CLBJ","CLBJ_044","1216323","2017-04-04","Field Book for Describing and Sampling Soils ver3","S2017TX497044","17N03322","Cd",164,203,"Interbedded siltstone strata (silty clay loam texture) within horizon is 5 cm in thickness",
"3d64ba27-28a5-4b03-b8b9-f39e1284928d","CLBJ_034.basePlot.all","D11","CLBJ","CLBJ_034","1216325","2017-04-04","Field Book for Describing and Sampling Soils ver3","S2017TX497034","6069826","R",26,51,,
"6fecdde5-4143-479c-829c-b77c3b31b9eb","CLBJ_048.basePlot.all","D11","CLBJ","CLBJ_048","1216327","2017-04-04","Field Book for Describing and Sampling Soils ver3","S2017TX497048","17N03323","A",0,16,,
"f3e2f232-f0d3-4da9-9bb5-c5a56af69a6a","CLBJ_049.basePlot.all","D11","CLBJ","CLBJ_049","1216324","2017-04-04","Field Book for Describing and Sampling Soils ver3","S2017TX497049","17N03332","BCt",155,212,,
"f5b0a5d6-7f91-435c-be79-6909801e5b0d","CLBJ_050.basePlot.all","D11","CLBJ","CLBJ_050","1216328","2017-04-05","Field Book for Describing and Sampling Soils ver3","S2017TX497050","17N03339","CB1",152,180,,
"a34b929c-de77-473e-b83a-c2afa3a1099c","CLBJ_059.basePlot.all","D11","CLBJ","CLBJ_059","1216329","2017-04-05","Field Book for Describing and Sampling Soils ver3","S2017TX497059","17N03371","Bw",31,53,"Sandstone fragments are laterally discontinuous at bottom of horizon",
"37c0dc41-a034-40cf-9b61-b96f975beba1","CLBJ_058.basePlot.all","D11","CLBJ","CLBJ_058","1216331","2017-04-05","Field Book for Describing and Sampling Soils ver3","S2017TX497058","17N03364","Bt1",16,42,,
"88ff72c1-fc33-4901-b9a5-ce7c5d381d51","CLBJ_051.basePlot.all","D11","CLBJ","CLBJ_051","1216330","2017-04-05","Field Book for Describing and Sampling Soils ver3","S2017TX497051","17N03346","BCt",168,201,,
"5e55acf8-f8cc-45a7-8d08-1168ecd4ff81","CLBJ_050.basePlot.all","D11","CLBJ","CLBJ_050","1216328","2017-04-05","Field Book for Describing and Sampling Soils ver3","S2017TX497050","17N03338","Bt4",104,152,,
"480e6db1-2b8c-4060-a404-43ef6b9c4590","CLBJ_059.basePlot.all","D11","CLBJ","CLBJ_059","1216329","2017-04-05","Field Book for Describing and Sampling Soils ver3","S2017TX497059","17N03369","A",0,18,,
"4f9bdc52-baff-4287-95b1-bdd4054f1a98","CLBJ_050.basePlot.all","D11","CLBJ","CLBJ_050","1216328","2017-04-05","Field Book for Describing and Sampling Soils ver3","S2017TX497050","17N03340","CB2",180,195,,
"5c7893dd-877a-4654-a1cd-e22b884f7544","CLBJ_051.basePlot.all","D11","CLBJ","CLBJ_051","1216330","2017-04-05","Field Book for Describing and Sampling Soils ver3","S2017TX497051","17N03343","Bt1",19,43,,
"5c826f1e-f701-40e9-b54e-12fa52b1c270","CLBJ_059.basePlot.all","D11","CLBJ","CLBJ_059","1216329","2017-04-05","Field Book for Describing and Sampling Soils ver3","S2017TX497059","17N03370","Ab",18,31,,
"c64a5476-bb0a-47cc-bcdd-1165a48993be","CLBJ_058.basePlot.all","D11","CLBJ","CLBJ_058","1216331","2017-04-05","Field Book for Describing and Sampling Soils ver3","S2017TX497058","17N03363","A",0,16,,
"f20c3c3e-868d-4dd6-a14a-389c5199603a","CLBJ_050.basePlot.all","D11","CLBJ","CLBJ_050","1216328","2017-04-05","Field Book for Describing and Sampling Soils ver3","S2017TX497050","17N03336","Bt2",35,64,,
"5483c476-3641-4323-aa6e-545108cdb61c","CLBJ_058.basePlot.all","D11","CLBJ","CLBJ_058","1216331","2017-04-05","Field Book for Describing and Sampling Soils ver3","S2017TX497058","17N03366","Bt3",62,105,,
"21886f0f-f93f-4f7e-acac-ebf3ecec1e66","CLBJ_058.basePlot.all","D11","CLBJ","CLBJ_058","1216331","2017-04-05","Field Book for Describing and Sampling Soils ver3","S2017TX497058","17N03368","BC",155,201,,
"6fe73ccc-8c37-4bdb-9249-8637f5cc3d27","CLBJ_058.basePlot.all","D11","CLBJ","CLBJ_058","1216331","2017-04-05","Field Book for Describing and Sampling Soils ver3","S2017TX497058","17N03367","Bt4",105,155,,
"f9ce19df-e293-4330-8179-d281edc5f578","CLBJ_059.basePlot.all","D11","CLBJ","CLBJ_059","1216329","2017-04-05","Field Book for Describing and Sampling Soils ver3","S2017TX497059","17N03373","Cd1",80,165,,
"48b49c7e-3fbf-4ec5-ad59-57ac6e9cbbdd","CLBJ_059.basePlot.all","D11","CLBJ","CLBJ_059","1216329","2017-04-05","Field Book for Describing and Sampling Soils ver3","S2017TX497059","17N03372","BC",53,80,,
"07705fa2-64c6-4f8f-b80e-3490fb63a127","CLBJ_051.basePlot.all","D11","CLBJ","CLBJ_051","1216330","2017-04-05","Field Book for Describing and Sampling Soils ver3","S2017TX497051","17N03342","A",0,19,,
"bb43587a-4041-4f61-8917-6e769ed959fd","CLBJ_050.basePlot.all","D11","CLBJ","CLBJ_050","1216328","2017-04-05","Field Book for Describing and Sampling Soils ver3","S2017TX497050","17N03337","Bt3",64,104,"Interior color of cemented sandstone fragments is pale yellowish pink (7.5YR 9.5/2 moist and dry)",
"19e4b84a-a16c-486c-a48d-09b3956e8c39","CLBJ_051.basePlot.all","D11","CLBJ","CLBJ_051","1216330","2017-04-05","Field Book for Describing and Sampling Soils ver3","S2017TX497051","17N03345","Bt3",75,168,,
"f57b4deb-2456-46c8-9c5a-ad17d6cb24a9","CLBJ_058.basePlot.all","D11","CLBJ","CLBJ_058","1216331","2017-04-05","Field Book for Describing and Sampling Soils ver3","S2017TX497058","17N03365","Bt2",42,62,,
"27f81c17-c7d6-4924-b46f-274089eed422","CLBJ_050.basePlot.all","D11","CLBJ","CLBJ_050","1216328","2017-04-05","Field Book for Describing and Sampling Soils ver3","S2017TX497050","17N03341","Cd",195,223,,
"9e969c12-0e2a-4dab-9985-a7ab5776f96b","CLBJ_051.basePlot.all","D11","CLBJ","CLBJ_051","1216330","2017-04-05","Field Book for Describing and Sampling Soils ver3","S2017TX497051","17N03344","Bt2",43,75,,
"73ffda2f-f6a3-449e-aa8a-ec1c602e6688","CLBJ_050.basePlot.all","D11","CLBJ","CLBJ_050","1216328","2017-04-05","Field Book for Describing and Sampling Soils ver3","S2017TX497050","17N03334","E",10,18,,
"0901984e-486a-4c96-a30b-280b7d7eb14f","CLBJ_050.basePlot.all","D11","CLBJ","CLBJ_050","1216328","2017-04-05","Field Book for Describing and Sampling Soils ver3","S2017TX497050","17N03335","Bt1",18,35,,
"096a5947-c9b0-464c-9500-69c623acd9eb","CLBJ_050.basePlot.all","D11","CLBJ","CLBJ_050","1216328","2017-04-05","Field Book for Describing and Sampling Soils ver3","S2017TX497050","17N03333","A",0,10,,
"76cb6c54-2049-4ab8-b51f-0c140d341cf0","CLBJ_059.basePlot.all","D11","CLBJ","CLBJ_059","1216329","2017-04-05","Field Book for Describing and Sampling Soils ver3","S2017TX497059","17N03374","Cd2",165,206,,
"099c103a-53bd-4270-8601-638f49c10a15","CLBJ_039.basePlot.all","D11","CLBJ","CLBJ_039","1216332","2017-04-06","Field Book for Describing and Sampling Soils ver3","S2017TX497039","17N03314","2Bk",115,149,,
"6870b0bd-fe67-43c5-9e9f-97521f7db8b3","CLBJ_039.basePlot.all","D11","CLBJ","CLBJ_039","1216332","2017-04-06","Field Book for Describing and Sampling Soils ver3","S2017TX497039","17N03311","Bt1",19,48,,
"b21a4fa2-8469-49c5-8f4e-f1419b9f9abd","CLBJ_039.basePlot.all","D11","CLBJ","CLBJ_039","1216332","2017-04-06","Field Book for Describing and Sampling Soils ver3","S2017TX497039","17N03310","A",0,19,,
"8b409a66-3ae2-4b7a-97ae-c2fa8caa205b","CLBJ_039.basePlot.all","D11","CLBJ","CLBJ_039","1216332","2017-04-06","Field Book for Describing and Sampling Soils ver3","S2017TX497039","17N03315","2BCk",149,206,,
"2b86a924-c3bf-4fe1-a1c5-1f0a5e9aabb0","CLBJ_039.basePlot.all","D11","CLBJ","CLBJ_039","1216332","2017-04-06","Field Book for Describing and Sampling Soils ver3","S2017TX497039","17N03313","Bt3",75,115,,
"7047a0fb-7c3d-408f-a8a3-ba19859e6895","CLBJ_039.basePlot.all","D11","CLBJ","CLBJ_039","1216332","2017-04-06","Field Book for Describing and Sampling Soils ver3","S2017TX497039","17N03312","Bt2",48,75,,
