uid,namedLocation,domainID,siteID,plotID,nrcsDescriptionID,collectDate,horizonID,horizonName,bulkDensProcessedDate,bulkDensMethodPub,bulkDensMethod,bulkDensIDnrcs,bulkDensSampleType,bulkDensCenterDepth,bulkDensTopDepth,bulkDensBottomDepth,bulkDensThirdBar,bulkDensOvenDry,bulkDensFieldMoist,waterRetentionThirdBar,fieldWaterContent,laboratoryName,remarks,dataQF
"65007e52-2117-4e54-be3c-7dbe6db898b7","CLBJ_054.basePlot.all","D11","CLBJ","CLBJ_054","S2017TX497054","2017-04-03","17N03357","E","2018-05-14","Kellogg Soil Survey Laboratory Methods Manual, Soil Survey Investigations Report No. 42 Version 5.0, Issued 2014","Bulk Density, Clods (3B1)","S2017TX497054-3","clod",36.5,31.0,42.0,1.52,1.52,,5.1,,"USDA NRCS Kellogg Soil Survey Laboratory",,
"b44a8e9e-0f46-48b8-89fe-6c8748575d78","CLBJ_054.basePlot.all","D11","CLBJ","CLBJ_054","S2017TX497054","2017-04-03","17N03355","A1","2018-05-14","Kellogg Soil Survey Laboratory Methods Manual, Soil Survey Investigations Report No. 42 Version 5.0, Issued 2014","Bulk Density, Clods (3B1)","S2017TX497054-1","clod",6.5,0.0,13.0,1.27,1.30,,9.6,,"USDA NRCS Kellogg Soil Survey Laboratory",,
"47600917-9e76-4e40-8cf8-bbc8a3c22c30","CLBJ_054.basePlot.all","D11","CLBJ","CLBJ_054","S2017TX497054","2017-04-03","17N03360","Bt3","2018-05-14","Kellogg Soil Survey Laboratory Methods Manual, Soil Survey Investigations Report No. 42 Version 5.0, Issued 2014","Bulk Density, Clods (3B1)","S2017TX497054-6","clod",103.0,74.0,132.0,1.58,1.69,,18.4,,"USDA NRCS Kellogg Soil Survey Laboratory",,
"f84d21e4-52d7-4d58-b61e-2b4e315672bc","CLBJ_054.basePlot.all","D11","CLBJ","CLBJ_054","S2017TX497054","2017-04-03","17N03356","A2","2018-05-14","Kellogg Soil Survey Laboratory Methods Manual, Soil Survey Investigations Report No. 42 Version 5.0, Issued 2014","Bulk Density, Clods (3B1)","S2017TX497054-2","clod",22.0,13.0,31.0,1.53,1.56,,6.0,,"USDA NRCS Kellogg Soil Survey Laboratory",,
"f63d206c-9e33-4967-bdd6-971da673ac65","CLBJ_054.basePlot.all","D11","CLBJ","CLBJ_054","S2017TX497054","2017-04-03","17N03358","Bt1","2018-05-14","Kellogg Soil Survey Laboratory Methods Manual, Soil Survey Investigations Report No. 42 Version 5.0, Issued 2014","Bulk Density, Clods (3B1)","S2017TX497054-4","clod",49.5,42.0,57.0,1.62,1.68,,11.8,,"USDA NRCS Kellogg Soil Survey Laboratory",,
"c411e53e-a21a-4a4f-862f-3e78a7c5a654","CLBJ_054.basePlot.all","D11","CLBJ","CLBJ_054","S2017TX497054","2017-04-03","17N03359","Bt2","2018-05-14","Kellogg Soil Survey Laboratory Methods Manual, Soil Survey Investigations Report No. 42 Version 5.0, Issued 2014","Bulk Density, Clods (3B1)","S2017TX497054-5","clod",65.5,57.0,74.0,1.56,1.74,,19.8,,"USDA NRCS Kellogg Soil Survey Laboratory",,
"2948ea78-bd23-47fa-a153-795159aa27a4","CLBJ_049.basePlot.all","D11","CLBJ","CLBJ_049","S2017TX497049","2017-04-04","17N03330","Bt1","2018-05-14","Kellogg Soil Survey Laboratory Methods Manual, Soil Survey Investigations Report No. 42 Version 5.0, Issued 2014","Bulk Density, Clods (3B1)","S2017TX497049-3","clod",53.5,39.0,68.0,1.57,1.67,,13.3,,"USDA NRCS Kellogg Soil Survey Laboratory",,
"8b138b61-8ed4-4845-b171-a2164bd988a1","CLBJ_044.basePlot.all","D11","CLBJ","CLBJ_044","S2017TX497044","2017-04-04","17N03318","Bt1","2018-05-14","Kellogg Soil Survey Laboratory Methods Manual, Soil Survey Investigations Report No. 42 Version 5.0, Issued 2014","Bulk Density, Clods (3B1)","S2017TX497044-3","clod",52.5,36.0,69.0,1.58,1.64,,14.0,,"USDA NRCS Kellogg Soil Survey Laboratory",,
"405b4850-e2c0-400b-bca4-ae2dc8c93e10","CLBJ_044.basePlot.all","D11","CLBJ","CLBJ_044","S2017TX497044","2017-04-04","17N03316","Ap","2018-05-14","Kellogg Soil Survey Laboratory Methods Manual, Soil Survey Investigations Report No. 42 Version 5.0, Issued 2014","Bulk Density, Clods (3B1)","S2017TX497044-1","clod",9.0,0.0,18.0,1.34,1.38,,11.8,,"USDA NRCS Kellogg Soil Survey Laboratory",,
"9ae68646-9354-411f-a420-c01673247404","CLBJ_048.basePlot.all","D11","CLBJ","CLBJ_048","S2017TX497048","2017-04-04","17N03325","Bt2","2018-05-14","Kellogg Soil Survey Laboratory Methods Manual, Soil Survey Investigations Report No. 42 Version 5.0, Issued 2014","Bulk Density, Clods (3B1)","S2017TX497048-3","clod",46.5,37.0,56.0,1.55,1.65,,18.7,,"USDA NRCS Kellogg Soil Survey Laboratory",,
"f97e8a12-3c09-491d-8cd3-43dc58fc58e0","CLBJ_049.basePlot.all","D11","CLBJ","CLBJ_049","S2017TX497049","2017-04-04","17N03328","A","2018-05-14","Kellogg Soil Survey Laboratory Methods Manual, Soil Survey Investigations Report No. 42 Version 5.0, Issued 2014","Bulk Density, Clods (3B1)","S2017TX497049-1","clod",10.0,0.0,20.0,1.43,1.45,,9.3,,"USDA NRCS Kellogg Soil Survey Laboratory",,
"f7a64b79-1869-4cca-a284-f3c3531a1fe1","CLBJ_048.basePlot.all","D11","CLBJ","CLBJ_048","S2017TX497048","2017-04-04","17N03324","Bt1","2018-05-14","Kellogg Soil Survey Laboratory Methods Manual, Soil Survey Investigations Report No. 42 Version 5.0, Issued 2014","Bulk Density, Clods (3B1)","S2017TX497048-2","clod",26.5,16.0,37.0,1.50,1.74,,18.3,,"USDA NRCS Kellogg Soil Survey Laboratory",,
"b64c878f-09fb-49f8-9ece-a7bc802ae38f","CLBJ_052.basePlot.all","D11","CLBJ","CLBJ_052","S2017TX497052","2017-04-04","17N03350","Bt1","2018-05-14","Kellogg Soil Survey Laboratory Methods Manual, Soil Survey Investigations Report No. 42 Version 5.0, Issued 2014","Bulk Density, Clods (3B1)","S2017TX497052-4","clod",43.0,30.0,56.0,1.64,1.75,,12.9,,"USDA NRCS Kellogg Soil Survey Laboratory",,
"06796f78-0070-47d3-80dc-02d885684091","CLBJ_048.basePlot.all","D11","CLBJ","CLBJ_048","S2017TX497048","2017-04-04","17N03323","A","2018-05-14","Kellogg Soil Survey Laboratory Methods Manual, Soil Survey Investigations Report No. 42 Version 5.0, Issued 2014","Bulk Density, Clods (3B1)","S2017TX497048-1","clod",8.0,0.0,16.0,1.58,1.61,,16.1,,"USDA NRCS Kellogg Soil Survey Laboratory",,
"a4ee8f99-f97c-438e-8d12-861b130de10a","CLBJ_049.basePlot.all","D11","CLBJ","CLBJ_049","S2017TX497049","2017-04-04","17N03329","E","2018-05-14","Kellogg Soil Survey Laboratory Methods Manual, Soil Survey Investigations Report No. 42 Version 5.0, Issued 2014","Bulk Density, Clods (3B1)","S2017TX497049-2","clod",29.5,20.0,39.0,1.62,1.63,,7.1,,"USDA NRCS Kellogg Soil Survey Laboratory",,
"f749974d-ac71-4520-b961-fe3db9f3738e","CLBJ_044.basePlot.all","D11","CLBJ","CLBJ_044","S2017TX497044","2017-04-04","17N03320","Bt3","2018-05-14","Kellogg Soil Survey Laboratory Methods Manual, Soil Survey Investigations Report No. 42 Version 5.0, Issued 2014","Bulk Density, Clods (3B1)","S2017TX497044-5","clod",115.0,84.0,146.0,1.58,1.69,,18.7,,"USDA NRCS Kellogg Soil Survey Laboratory",,
"621261f3-69df-415e-be74-f482d90dbdd4","CLBJ_052.basePlot.all","D11","CLBJ","CLBJ_052","S2017TX497052","2017-04-04","17N03351","Bt2","2018-05-14","Kellogg Soil Survey Laboratory Methods Manual, Soil Survey Investigations Report No. 42 Version 5.0, Issued 2014","Bulk Density, Clods (3B1)","S2017TX497052-5","clod",79.0,56.0,102.0,1.61,1.77,,18.4,,"USDA NRCS Kellogg Soil Survey Laboratory",,
"f578d56b-4836-4cff-aa28-99646b56d8b0","CLBJ_044.basePlot.all","D11","CLBJ","CLBJ_044","S2017TX497044","2017-04-04","17N03317","E","2018-05-14","Kellogg Soil Survey Laboratory Methods Manual, Soil Survey Investigations Report No. 42 Version 5.0, Issued 2014","Bulk Density, Clods (3B1)","S2017TX497044-2","clod",27.0,18.0,36.0,1.50,1.55,,8.8,,"USDA NRCS Kellogg Soil Survey Laboratory",,
"1d0e8220-5b0f-43ae-bced-54c1654cf554","CLBJ_044.basePlot.all","D11","CLBJ","CLBJ_044","S2017TX497044","2017-04-04","17N03319","Bt2","2018-05-14","Kellogg Soil Survey Laboratory Methods Manual, Soil Survey Investigations Report No. 42 Version 5.0, Issued 2014","Bulk Density, Clods (3B1)","S2017TX497044-4","clod",76.5,69.0,84.0,1.56,1.65,,17.4,,"USDA NRCS Kellogg Soil Survey Laboratory",,
"93d50388-eb41-47e2-9795-2b67f555b8c0","CLBJ_049.basePlot.all","D11","CLBJ","CLBJ_049","S2017TX497049","2017-04-04","17N03331","Bt2","2018-05-14","Kellogg Soil Survey Laboratory Methods Manual, Soil Survey Investigations Report No. 42 Version 5.0, Issued 2014","Bulk Density, Clods (3B1)","S2017TX497049-4","clod",111.5,68.0,155.0,1.68,1.74,,10.2,,"USDA NRCS Kellogg Soil Survey Laboratory",,
"d0c342ef-0963-427d-a1bb-ec9cb33c0424","CLBJ_048.basePlot.all","D11","CLBJ","CLBJ_048","S2017TX497048","2017-04-04","17N03326","BC","2018-05-14","Kellogg Soil Survey Laboratory Methods Manual, Soil Survey Investigations Report No. 42 Version 5.0, Issued 2014","Bulk Density, Clods (3B1)","S2017TX497048-4","clod",70.0,56.0,84.0,1.64,1.72,,14.1,,"USDA NRCS Kellogg Soil Survey Laboratory",,
"72b7b7f4-e8c2-4af8-a402-cbf9ce4c2048","CLBJ_052.basePlot.all","D11","CLBJ","CLBJ_052","S2017TX497052","2017-04-04","17N03347","A1","2018-05-14","Kellogg Soil Survey Laboratory Methods Manual, Soil Survey Investigations Report No. 42 Version 5.0, Issued 2014","Bulk Density, Clods (3B1)","S2017TX497052-1","clod",6.0,0.0,12.0,1.07,1.14,,12.6,,"USDA NRCS Kellogg Soil Survey Laboratory",,
"9581fb70-cf9a-40ca-859a-8baf413dc6d8","CLBJ_034.basePlot.all","D11","CLBJ","CLBJ_034","S2017TX497034","2017-04-04","17N03308","A","2018-05-14","Kellogg Soil Survey Laboratory Methods Manual, Soil Survey Investigations Report No. 42 Version 5.0, Issued 2014","Bulk Density, Clods (3B1)","S2017TX497034-1","clod",6.0,0.0,12.0,1.49,1.57,,16.6,,"USDA NRCS Kellogg Soil Survey Laboratory",,
"4a6b0acd-994f-43bd-a0ad-be73cf08531d","CLBJ_052.basePlot.all","D11","CLBJ","CLBJ_052","S2017TX497052","2017-04-04","17N03349","E","2018-05-14","Kellogg Soil Survey Laboratory Methods Manual, Soil Survey Investigations Report No. 42 Version 5.0, Issued 2014","Bulk Density, Clods (3B1)","S2017TX497052-3","clod",26.0,22.0,30.0,1.59,1.63,,3.3,,"USDA NRCS Kellogg Soil Survey Laboratory",,
"c1d4fac2-773a-4df9-8805-801bea18402a","CLBJ_052.basePlot.all","D11","CLBJ","CLBJ_052","S2017TX497052","2017-04-04","17N03348","A2","2018-05-14","Kellogg Soil Survey Laboratory Methods Manual, Soil Survey Investigations Report No. 42 Version 5.0, Issued 2014","Bulk Density, Clods (3B1)","S2017TX497052-2","clod",17.0,12.0,22.0,1.56,1.57,,3.1,,"USDA NRCS Kellogg Soil Survey Laboratory",,
"f360a488-fff2-404c-9920-f4e3e2a4f42b","CLBJ_048.basePlot.all","D11","CLBJ","CLBJ_048","S2017TX497048","2017-04-04","17N03327","Cd","2018-05-14","Kellogg Soil Survey Laboratory Methods Manual, Soil Survey Investigations Report No. 42 Version 5.0, Issued 2014","Bulk Density, Clods (3B1)","S2017TX497048-5","clod",115.5,84.0,147.0,1.76,1.86,,14.0,,"USDA NRCS Kellogg Soil Survey Laboratory",,
"acbe96fe-343b-457a-b1e7-46bca32d831a","CLBJ_058.basePlot.all","D11","CLBJ","CLBJ_058","S2017TX497058","2017-04-05","17N03364","Bt1","2018-05-14","Kellogg Soil Survey Laboratory Methods Manual, Soil Survey Investigations Report No. 42 Version 5.0, Issued 2014","Bulk Density, Clods (3B1)","S2017TX497058-2","clod",29.0,16.0,42.0,1.53,1.74,,19.6,,"USDA NRCS Kellogg Soil Survey Laboratory",,
"1271be5c-0465-43ec-af36-7403a4289e3f","CLBJ_059.basePlot.all","D11","CLBJ","CLBJ_059","S2017TX497059","2017-04-05","17N03369","A","2018-05-14","Kellogg Soil Survey Laboratory Methods Manual, Soil Survey Investigations Report No. 42 Version 5.0, Issued 2014","Bulk Density, Clods (3B1)","S2017TX497059-1","clod",9.0,0.0,18.0,1.22,1.30,,11.2,,"USDA NRCS Kellogg Soil Survey Laboratory",,
"b6f866a1-c0fc-42ed-a4c6-62707fe07cd6","CLBJ_050.basePlot.all","D11","CLBJ","CLBJ_050","S2017TX497050","2017-04-05","17N03333","A","2018-05-14","Kellogg Soil Survey Laboratory Methods Manual, Soil Survey Investigations Report No. 42 Version 5.0, Issued 2014","Bulk Density, Clods (3B1)","S2017TX497050-1","clod",5.0,0.0,10.0,1.28,1.32,,22.9,,"USDA NRCS Kellogg Soil Survey Laboratory",,
"3e2aa4a9-53cb-4311-b9e0-fab0777969a5","CLBJ_058.basePlot.all","D11","CLBJ","CLBJ_058","S2017TX497058","2017-04-05","17N03363","A","2018-05-14","Kellogg Soil Survey Laboratory Methods Manual, Soil Survey Investigations Report No. 42 Version 5.0, Issued 2014","Bulk Density, Clods (3B1)","S2017TX497058-1","clod",8.0,0.0,16.0,1.41,1.47,,11.6,,"USDA NRCS Kellogg Soil Survey Laboratory",,
"411f136f-a883-4fe8-9ddd-d08f6a8a7a54","CLBJ_059.basePlot.all","D11","CLBJ","CLBJ_059","S2017TX497059","2017-04-05","17N03371","Bw","2018-05-14","Kellogg Soil Survey Laboratory Methods Manual, Soil Survey Investigations Report No. 42 Version 5.0, Issued 2014","Bulk Density, Clods (3B1)","S2017TX497059-3","clod",42.0,31.0,53.0,1.52,1.59,,9.8,,"USDA NRCS Kellogg Soil Survey Laboratory",,
"c80012d2-1294-42a4-83ea-ae30dbbfb521","CLBJ_050.basePlot.all","D11","CLBJ","CLBJ_050","S2017TX497050","2017-04-05","17N03337","Bt3","2018-05-14","Kellogg Soil Survey Laboratory Methods Manual, Soil Survey Investigations Report No. 42 Version 5.0, Issued 2014","Bulk Density, Clods (3B1)","S2017TX497050-5","clod",84.0,64.0,104.0,1.55,1.75,,18.0,,"USDA NRCS Kellogg Soil Survey Laboratory",,
"fa467c45-c7a2-4976-b24a-3dcfdeafc227","CLBJ_050.basePlot.all","D11","CLBJ","CLBJ_050","S2017TX497050","2017-04-05","17N03336","Bt2","2018-05-14","Kellogg Soil Survey Laboratory Methods Manual, Soil Survey Investigations Report No. 42 Version 5.0, Issued 2014","Bulk Density, Clods (3B1)","S2017TX497050-4","clod",49.5,35.0,64.0,1.59,1.72,,16.2,,"USDA NRCS Kellogg Soil Survey Laboratory",,
"86f46706-5efa-40a2-9eb9-bc31e33e3419","CLBJ_051.basePlot.all","D11","CLBJ","CLBJ_051","S2017TX497051","2017-04-05","17N03342","A","2018-05-14","Kellogg Soil Survey Laboratory Methods Manual, Soil Survey Investigations Report No. 42 Version 5.0, Issued 2014","Bulk Density, Clods (3B1)","S2017TX497051-1","clod",9.5,0.0,19.0,1.60,1.68,,6.6,,"USDA NRCS Kellogg Soil Survey Laboratory",,
"f4d3782c-12dd-442d-a00e-3541ab849d21","CLBJ_051.basePlot.all","D11","CLBJ","CLBJ_051","S2017TX497051","2017-04-05","17N03343","Bt1","2018-05-14","Kellogg Soil Survey Laboratory Methods Manual, Soil Survey Investigations Report No. 42 Version 5.0, Issued 2014","Bulk Density, Clods (3B1)","S2017TX497051-2","clod",31.0,19.0,43.0,1.79,1.86,,8.2,,"USDA NRCS Kellogg Soil Survey Laboratory",,
"84fcd460-c5f9-4158-82cd-a96820832792","CLBJ_051.basePlot.all","D11","CLBJ","CLBJ_051","S2017TX497051","2017-04-05","17N03344","Bt2","2018-05-14","Kellogg Soil Survey Laboratory Methods Manual, Soil Survey Investigations Report No. 42 Version 5.0, Issued 2014","Bulk Density, Clods (3B1)","S2017TX497051-3","clod",59.0,43.0,75.0,1.87,1.98,,12.0,,"USDA NRCS Kellogg Soil Survey Laboratory",,
"c6fdb53b-76ca-4624-a890-8f1c66654ac1","CLBJ_050.basePlot.all","D11","CLBJ","CLBJ_050","S2017TX497050","2017-04-05","17N03334","E","2018-05-14","Kellogg Soil Survey Laboratory Methods Manual, Soil Survey Investigations Report No. 42 Version 5.0, Issued 2014","Bulk Density, Clods (3B1)","S2017TX497050-2","clod",14.0,10.0,18.0,1.54,1.54,,10.1,,"USDA NRCS Kellogg Soil Survey Laboratory",,
"2ec3fb52-1bbe-4f31-8112-5d2fa2ff689d","CLBJ_059.basePlot.all","D11","CLBJ","CLBJ_059","S2017TX497059","2017-04-05","17N03370","Ab","2018-05-14","Kellogg Soil Survey Laboratory Methods Manual, Soil Survey Investigations Report No. 42 Version 5.0, Issued 2014","Bulk Density, Clods (3B1)","S2017TX497059-2","clod",24.5,18.0,31.0,1.54,1.70,,8.8,,"USDA NRCS Kellogg Soil Survey Laboratory",,
"29d3eb60-f3e8-434e-ae08-ed2dcbabdd5a","CLBJ_059.basePlot.all","D11","CLBJ","CLBJ_059","S2017TX497059","2017-04-05","17N03372","BC","2018-05-14","Kellogg Soil Survey Laboratory Methods Manual, Soil Survey Investigations Report No. 42 Version 5.0, Issued 2014","Bulk Density, Clods (3B1)","S2017TX497059-4","clod",66.5,53.0,80.0,1.65,1.71,,7.7,,"USDA NRCS Kellogg Soil Survey Laboratory",,
"29170888-5fea-4745-8d07-7a5e9b087891","CLBJ_051.basePlot.all","D11","CLBJ","CLBJ_051","S2017TX497051","2017-04-05","17N03345","Bt3","2018-05-14","Kellogg Soil Survey Laboratory Methods Manual, Soil Survey Investigations Report No. 42 Version 5.0, Issued 2014","Bulk Density, Clods (3B1)","S2017TX497051-4","clod",121.5,75.0,168.0,1.76,1.95,,16.9,,"USDA NRCS Kellogg Soil Survey Laboratory",,
"b6cf58f3-2683-444b-a6ce-36b6979ddecf","CLBJ_058.basePlot.all","D11","CLBJ","CLBJ_058","S2017TX497058","2017-04-05","17N03366","Bt3","2018-05-14","Kellogg Soil Survey Laboratory Methods Manual, Soil Survey Investigations Report No. 42 Version 5.0, Issued 2014","Bulk Density, Clods (3B1)","S2017TX497058-4","clod",83.5,62.0,105.0,1.60,1.69,,14.2,,"USDA NRCS Kellogg Soil Survey Laboratory",,
"02723437-2bae-4e7f-a7a3-d37965bdb07d","CLBJ_058.basePlot.all","D11","CLBJ","CLBJ_058","S2017TX497058","2017-04-05","17N03365","Bt2","2018-05-14","Kellogg Soil Survey Laboratory Methods Manual, Soil Survey Investigations Report No. 42 Version 5.0, Issued 2014","Bulk Density, Clods (3B1)","S2017TX497058-3","clod",52.0,42.0,62.0,1.55,1.71,,18.5,,"USDA NRCS Kellogg Soil Survey Laboratory",,
"98c020ea-9649-46d8-9fdb-e2b929a1a1c7","CLBJ_050.basePlot.all","D11","CLBJ","CLBJ_050","S2017TX497050","2017-04-05","17N03335","Bt1","2018-05-14","Kellogg Soil Survey Laboratory Methods Manual, Soil Survey Investigations Report No. 42 Version 5.0, Issued 2014","Bulk Density, Clods (3B1)","S2017TX497050-3","clod",26.5,18.0,35.0,1.59,1.75,,16.4,,"USDA NRCS Kellogg Soil Survey Laboratory",,
"91d6cc2a-4ed2-4d36-9403-66b0a84d79c4","CLBJ_039.basePlot.all","D11","CLBJ","CLBJ_039","S2017TX497039","2017-04-06","17N03312","Bt2","2018-05-14","Kellogg Soil Survey Laboratory Methods Manual, Soil Survey Investigations Report No. 42 Version 5.0, Issued 2014","Bulk Density, Clods (3B1)","S2017TX497039-3","clod",61.5,48.0,75.0,1.61,1.82,,19.1,,"USDA NRCS Kellogg Soil Survey Laboratory",,
"75781475-3ac7-4fde-89a4-f23ead3f13d7","CLBJ_039.basePlot.all","D11","CLBJ","CLBJ_039","S2017TX497039","2017-04-06","17N03310","A","2018-05-14","Kellogg Soil Survey Laboratory Methods Manual, Soil Survey Investigations Report No. 42 Version 5.0, Issued 2014","Bulk Density, Clods (3B1)","S2017TX497039-1","clod",9.5,0.0,19.0,1.49,1.52,,11.8,,"USDA NRCS Kellogg Soil Survey Laboratory",,
"bc41cbeb-aad1-4e79-932e-c36f17e9dd47","CLBJ_039.basePlot.all","D11","CLBJ","CLBJ_039","S2017TX497039","2017-04-06","17N03311","Bt1","2018-05-14","Kellogg Soil Survey Laboratory Methods Manual, Soil Survey Investigations Report No. 42 Version 5.0, Issued 2014","Bulk Density, Clods (3B1)","S2017TX497039-2","clod",33.5,19.0,48.0,1.54,1.73,,17.9,,"USDA NRCS Kellogg Soil Survey Laboratory",,
"18939f21-a32d-48c3-b245-53b5a40dd07e","CLBJ_039.basePlot.all","D11","CLBJ","CLBJ_039","S2017TX497039","2017-04-06","17N03313","Bt3","2018-05-14","Kellogg Soil Survey Laboratory Methods Manual, Soil Survey Investigations Report No. 42 Version 5.0, Issued 2014","Bulk Density, Clods (3B1)","S2017TX497039-4","clod",95.0,75.0,115.0,1.51,1.84,,22.9,,"USDA NRCS Kellogg Soil Survey Laboratory",,
