uid,namedLocation,domainID,siteID,plotID,plotType,sampleID,sampleCode,ligninSampleID,ligninSampleBarcode,collectDate,analysisDate,analyticalRepNumber,dryMass,digestVolume,foliarPhosphorusConc,foliarPotassiumConc,foliarCalciumConc,foliarMagnesiumConc,foliarSulfurConc,foliarManganeseConc,foliarIronConc,foliarCopperConc,foliarBoronConc,foliarZincConc,foliarPhosphorusQF,foliarPotassiumQF,foliarCalciumQF,foliarMagnesiumQF,foliarSulfurQF,foliarManganeseQF,foliarIronQF,foliarCopperQF,foliarBoronQF,foliarZincQF,remarks,laboratoryName,testMethod,analyzedBy,reviewedBy,dataQF
"8d0120ca-dbeb-4f74-952b-bead0e6ef24a","SJER_047.basePlot.cfc","D17","SJER","SJER_047","tower","2kN0Z0OxE8E+lZV9RHONKqDs6ZKapv+0u7oG7Emx5WE=",,"2kN0Z0OxE8E+lZV9RHONKqDs6ZKapv+0dH2taQTJwrkZVk6l+vhdZg==","A00000062427","2019-03-20T16:30Z","2020-01-21",1,0.198,25,0.130,0.560,0.187,0.157,0.144,95.7,50.3,2.4,5.4,36.8,"OK","OK","OK","OK","OK","OK","OK","OK","OK","OK",,"A and L Great Lakes","SOP APF-10-020","PG+Xl6bagiQ=","0SbE4/OAjEQ=",
"364158a0-1cb8-48bd-aef0-63c8d20013e3","SJER_047.basePlot.cfc","D17","SJER","SJER_047","tower","2kN0Z0OxE8GnauhgI/8jSJpeoaSip4Y/FCxFs7NemNc=",,"2kN0Z0OxE8GnauhgI/8jSJpeoaSip4Y/u3dAkydd+kQ6Vq1bkstX2Q==","A00000062429","2019-03-20T16:47Z","2020-01-21",1,0.202,25,0.294,1.343,0.580,0.336,0.170,231.8,81.1,9.0,15.6,46.0,"OK","OK","OK","OK","OK","OK","OK","OK","OK","OK",,"A and L Great Lakes","SOP APF-10-020","PG+Xl6bagiQ=","0SbE4/OAjEQ=",
"88761bc8-4a9b-4163-9346-b9186c86ce7c","SJER_047.basePlot.cfc","D17","SJER","SJER_047","tower","2kN0Z0OxE8EX0dPugoM0gEE18+LRfi1RArlKGlYLvwE=",,"2kN0Z0OxE8EX0dPugoM0gEE18+LRfi1RNE3O4e7ObJE=","A00000062431","2019-03-20T17:32Z","2020-01-21",1,0.202,25,0.367,3.437,0.564,0.151,0.224,117.0,490.1,8.8,4.8,51.5,"OK","OK","OK","OK","OK","OK","sample value outlier - soil contamination","OK","OK","OK",,"A and L Great Lakes","SOP APF-10-020","PG+Xl6bagiQ=","0SbE4/OAjEQ=",
"958728e0-1275-49b8-a705-8f0e1cc2f417","SJER_046.basePlot.cfc","D17","SJER","SJER_046","tower","2kN0Z0OxE8F0itnBgnoWQ2DjhXjI2smSUTLiITwlIzo=",,"2kN0Z0OxE8F0itnBgnoWQ2DjhXjI2smS2F9ZSMb03kKquz2dTI6Grg==","A00000062418","2019-03-21T17:26Z","2020-01-21",1,0.199,25,0.154,0.997,1.544,0.201,0.111,99.5,64.0,2.8,21.0,24.1,"OK","OK","OK","OK","OK","OK","OK","OK","OK","OK",,"A and L Great Lakes","SOP APF-10-020","PG+Xl6bagiQ=","0SbE4/OAjEQ=",
"07061e8d-4418-4259-a13c-5fa00f313b41","SJER_046.basePlot.cfc","D17","SJER","SJER_046","tower","2kN0Z0OxE8EqZNFhaFHoFVaMnPgYDebiV1hjVWHZ0RA=",,"2kN0Z0OxE8EqZNFhaFHoFVaMnPgYDebiZt/Aoe0GXPftApXtvzi1yQ==","A00000062420","2019-03-21T17:55Z","2020-01-21",1,0.202,25,0.113,0.483,1.346,0.166,0.073,39.6,58.6,2.2,17.8,41.5,"OK","OK","OK","OK","OK","OK","OK","OK","OK","OK",,"A and L Great Lakes","SOP APF-10-020","PG+Xl6bagiQ=","0SbE4/OAjEQ=",
"a7a344f2-90fa-40bd-af66-616fe53f390b","SJER_046.basePlot.cfc","D17","SJER","SJER_046","tower","2kN0Z0OxE8FrgGadQFQgjyNFoYubzkbft7HCelRuUzE=",,"2kN0Z0OxE8FrgGadQFQgjyNFoYubzkbfH4ccuO1agQM=","A00000062433","2019-03-21T18:26Z","2020-01-21",1,0.201,25,0.493,4.286,0.950,0.188,0.174,67.6,725.6,4.3,9.8,26.9,"OK","sample value outlier","OK","OK","OK","OK","sample value outlier - soil contamination","OK","OK","OK",,"A and L Great Lakes","SOP APF-10-020","PG+Xl6bagiQ=","0SbE4/OAjEQ=",
"cb1ec564-44af-4028-be99-3899e3830f3f","SJER_045.basePlot.cfc","D17","SJER","SJER_045","tower","2kN0Z0OxE8Eu4tQpkUVPsADW0gceKEmBYhhOnri9nEA=",,"2kN0Z0OxE8Eu4tQpkUVPsADW0gceKEmBnXeWnsIHOdI=","A00000062411","2019-03-21T19:23Z","2020-01-21",1,0.206,25,0.140,0.655,2.505,0.212,0.134,31.1,47.9,1.6,15.4,10.9,"OK","OK","OK","OK","OK","OK","OK","OK","OK","OK",,"A and L Great Lakes","SOP APF-10-020","PG+Xl6bagiQ=","0SbE4/OAjEQ=",
"16746ca2-4814-4f3e-9b87-865cf949946a","SJER_045.basePlot.cfc","D17","SJER","SJER_045","tower","2kN0Z0OxE8HrKU2Qmu4c9qyGJjwEw/YBgx2PAcfjwtY=",,"2kN0Z0OxE8HrKU2Qmu4c9qyGJjwEw/YBr4p6z26MQ6UWzrpGALXyzA==","A00000062413","2019-03-21T20:16Z","2020-01-21",1,0.204,25,0.390,1.593,0.689,0.263,0.165,169.4,76.1,5.4,18.7,40.6,"OK","OK","OK","OK","OK","OK","OK","OK","OK","OK",,"A and L Great Lakes","SOP APF-10-020","PG+Xl6bagiQ=","0SbE4/OAjEQ=",
"39cbd3da-c11a-4b34-b9ef-d8754457506d","SJER_045.basePlot.cfc","D17","SJER","SJER_045","tower","2kN0Z0OxE8Ght+vqSNjLJvuyEWgosBDJ64mf1a8wgMY=",,"2kN0Z0OxE8Ght+vqSNjLJvuyEWgosBDJUuOtnq1NdBQ=","A00000062415","2019-03-21T20:46Z","2020-01-21",1,0.204,25,0.656,4.857,0.732,0.207,0.215,79.7,941.4,6.0,9.4,30.6,"sample value outlier","sample value outlier","OK","OK","OK","OK","sample value outlier - soil contamination","OK","OK","OK",,"A and L Great Lakes","SOP APF-10-020","PG+Xl6bagiQ=","0SbE4/OAjEQ=",
"a696f210-78ad-486c-8deb-d5095b27e713","SJER_004.basePlot.cfc","D17","SJER","SJER_004","distributed","2kN0Z0OxE8E6yoOagSqOSRtNLSrhl99uQ0RdgD9X3OE=",,"2kN0Z0OxE8E6yoOagSqOSRtNLSrhl99uv6BVobtmjj0=","A00000062408","2019-03-26T15:29Z","2020-01-21",1,0.201,25,0.459,4.226,1.001,0.189,0.183,85.8,1675.0,5.3,12.4,34.3,"OK","sample value outlier","OK","OK","OK","OK","sample value outlier - soil contamination","OK","OK","OK",,"A and L Great Lakes","SOP APF-10-020","PG+Xl6bagiQ=","0SbE4/OAjEQ=",
"06802453-1f94-407f-9bd0-5687c21927a7","SJER_004.basePlot.cfc","D17","SJER","SJER_004","distributed","2kN0Z0OxE8HY/ANLaNM/Z9TQ8MtVrOUgeHOsKlcNqQc=",,"2kN0Z0OxE8HY/ANLaNM/Z9TQ8MtVrOUgskmFxuSlXy403PpBLBAhDg==","A00000062396","2019-03-26T16:00Z","2020-01-21",1,0.205,25,0.247,0.910,0.362,0.255,0.156,61.0,66.4,5.1,12.9,25.8,"OK","OK","OK","OK","OK","OK","OK","OK","OK","OK",,"A and L Great Lakes","SOP APF-10-020","PG+Xl6bagiQ=","0SbE4/OAjEQ=",
"7572a33b-053b-4b8b-9ec7-e7f0ef53b236","SJER_005.basePlot.cfc","D17","SJER","SJER_005","distributed","2kN0Z0OxE8Hr/ST52veN+F/G0i29hKz+bdOTAX8+mww=",,"2kN0Z0OxE8Hr/ST52veN+F/G0i29hKz+/ZRumtGCB10=","A00000061802","2019-03-26T17:15Z","2020-01-21",1,0.201,25,0.427,2.594,1.464,0.202,0.136,150.3,1958.0,6.7,17.8,48.0,"OK","OK","OK","OK","OK","OK","sample value outlier - soil contamination","OK","OK","OK",,"A and L Great Lakes","SOP APF-10-020","PG+Xl6bagiQ=","0SbE4/OAjEQ=",
"f1e9c803-70fa-4bee-a621-37d79916ec5a","SJER_005.basePlot.cfc","D17","SJER","SJER_005","distributed","2kN0Z0OxE8GoTaF3l2eqwKj52kbWxr61oywLpDSGm6Y=",,"2kN0Z0OxE8GoTaF3l2eqwKj52kbWxr61N7ZM6nE/+I4=","A00000062391","2019-03-26T17:53Z","2020-01-21",1,0.198,25,0.233,0.978,1.207,0.163,0.122,103.9,78.6,5.4,15.4,22.7,"OK","OK","OK","OK","OK","OK","OK","OK","OK","OK",,"A and L Great Lakes","SOP APF-10-020","PG+Xl6bagiQ=","0SbE4/OAjEQ=",
"dc529189-f152-4fc5-abc7-04b31d07f354","SJER_007.basePlot.cfc","D17","SJER","SJER_007","distributed","2kN0Z0OxE8ElZr6rYAw5km9PPEYuhOJY8zUsBFnwhxU=",,"2kN0Z0OxE8ElZr6rYAw5km9PPEYuhOJYI2U37KBlQTE=","A00000061791","2019-03-26T19:11Z","2020-01-21",1,0.201,25,0.340,2.436,1.469,0.208,0.146,143.7,878.4,4.9,16.9,32.5,"OK","OK","OK","OK","OK","OK","sample value outlier - soil contamination","OK","OK","OK",,"A and L Great Lakes","SOP APF-10-020","PG+Xl6bagiQ=","0SbE4/OAjEQ=",
"6aa9abcc-a660-48a6-8b0f-bacd8e991c54","SJER_007.basePlot.cfc","D17","SJER","SJER_007","distributed","2kN0Z0OxE8EXpOZcskMA8lOknWoTJAhLhpKrhYkVQ4Y=",,"2kN0Z0OxE8EXpOZcskMA8lOknWoTJAhLZNeX89E2oag=","A00000062394","2019-03-26T19:52Z","2020-01-21",1,0.199,25,0.253,0.863,1.426,0.141,0.148,31.6,129.5,3.2,16.3,21.4,"OK","OK","OK","OK","OK","OK","OK","OK","OK","OK",,"A and L Great Lakes","SOP APF-10-020","PG+Xl6bagiQ=","0SbE4/OAjEQ=",
"6e737f32-3f42-4c83-85e8-682ff2339aa0","SJER_006.basePlot.cfc","D17","SJER","SJER_006","distributed","2kN0Z0OxE8HK7y4Ug7B/m9gTIZ4LtbgRdQ3N0I6UUbw=",,"2kN0Z0OxE8HK7y4Ug7B/m9gTIZ4LtbgRKIX3BDglsPs=","A00000061797","2019-03-27T15:08Z","2020-01-21",1,0.198,25,0.352,1.618,1.419,0.194,0.111,106.8,1379.0,7.1,15.9,35.2,"OK","OK","OK","OK","OK","OK","sample value outlier - soil contamination","OK","OK","OK",,"A and L Great Lakes","SOP APF-10-020","PG+Xl6bagiQ=","0SbE4/OAjEQ=",
"9b4b6242-5d6d-4c41-8ce2-e5482c9375b4","SJER_006.basePlot.cfc","D17","SJER","SJER_006","distributed","2kN0Z0OxE8FufroDTO/Jjpr0TrwPlb+xOHccQZBen58=",,"2kN0Z0OxE8FufroDTO/Jjpr0TrwPlb+xn1Sc+kcmEveHylWIpSdRxA==","A00000062398","2019-03-27T15:42Z","2020-01-21",1,0.199,25,0.255,0.797,3.435,0.439,0.163,314.4,120.4,2.5,53.5,26.0,"OK","OK","OK","OK","OK","OK","OK","OK","OK","OK",,"A and L Great Lakes","SOP APF-10-020","PG+Xl6bagiQ=","0SbE4/OAjEQ=",
"1bb1b459-aa31-4ebc-a480-eaa25f0cc5f4","SJER_025.basePlot.cfc","D17","SJER","SJER_025","distributed","2kN0Z0OxE8EMu3R8eYj5xN/6hDPf09jF06PkPHv+LqU=",,"2kN0Z0OxE8EMu3R8eYj5xN/6hDPf09jFqC9BFzbNoVk=","A00000061805","2019-03-27T17:42Z","2020-01-21",1,0.199,25,0.493,2.215,0.856,0.188,0.135,110.3,1127.0,6.0,7.3,38.4,"OK","OK","OK","OK","OK","OK","sample value outlier - soil contamination","OK","OK","OK",,"A and L Great Lakes","SOP APF-10-020","PG+Xl6bagiQ=","0SbE4/OAjEQ=",
"05028aa7-88d5-4a12-a1ff-be77acfa52c1","SJER_025.basePlot.cfc","D17","SJER","SJER_025","distributed","2kN0Z0OxE8Hz4DkUohEzLJNSvGT/VDdp/4tY5xL1ALs=",,"2kN0Z0OxE8Hz4DkUohEzLJNSvGT/VDdpykaxEJHmbBo=","A00000062401","2019-03-27T18:13Z","2020-01-21",1,0.198,25,0.153,0.794,1.920,0.169,0.118,26.7,71.4,0.9,14.8,10.8,"OK","OK","OK","OK","OK","OK","OK","OK","OK","OK",,"A and L Great Lakes","SOP APF-10-020","PG+Xl6bagiQ=","0SbE4/OAjEQ=",
"ed8fb3d3-cc80-4315-a82e-a11dbbba3ca5","SJER_014.basePlot.cfc","D17","SJER","SJER_014","distributed","2kN0Z0OxE8GgcyGjlRGWMpEXrHmkEBaOQWcTWbMHN08=",,"2kN0Z0OxE8GgcyGjlRGWMpEXrHmkEBaOy4wBBxkeDsA=","A00000061808","2019-03-27T20:35Z","2020-01-21",1,0.202,25,0.332,2.232,0.575,0.343,0.144,87.3,1133.0,5.6,8.6,27.4,"OK","OK","OK","OK","OK","OK","sample value outlier - soil contamination","OK","OK","OK",,"A and L Great Lakes","SOP APF-10-020","PG+Xl6bagiQ=","0SbE4/OAjEQ=",
"bc6773ba-0751-4c9b-9d59-206b35294fef","SJER_016.basePlot.cfc","D17","SJER","SJER_016","distributed","2kN0Z0OxE8FjnNzpkc8JhHgREbvwdKYSE9oPpOCEWbE=",,"2kN0Z0OxE8FjnNzpkc8JhHgREbvwdKYSiWa2F+KqUyK88dZQndFA5w==","A00000062404","2019-03-27T21:23Z","2020-01-21",1,0.199,25,0.144,0.505,0.417,0.191,0.128,225.7,102.9,2.8,12.7,43.6,"OK","OK","OK","OK","OK","OK","OK","OK","OK","OK",,"A and L Great Lakes","SOP APF-10-020","PG+Xl6bagiQ=","0SbE4/OAjEQ=",
"1d3a1665-7197-43e0-a7db-4820778f26a1","SJER_016.basePlot.cfc","D17","SJER","SJER_016","distributed","2kN0Z0OxE8EdHCE0H8fEFSNc/DiPr5nV8NJ5SNU81LY=",,"2kN0Z0OxE8EdHCE0H8fEFSNc/DiPr5nV5yDHVnI7EjQ=","A00000061794","2019-03-27T21:28Z","2020-01-21",1,0.204,25,0.421,2.088,0.426,0.127,0.147,56.2,199.2,6.2,5.0,22.8,"OK","OK","OK","OK","OK","OK","OK","OK","OK","OK",,"A and L Great Lakes","SOP APF-10-020","PG+Xl6bagiQ=","0SbE4/OAjEQ=",
"f0ddf249-1818-4c82-a112-6fcfb8fc624d","SJER_001.basePlot.cfc","D17","SJER","SJER_001","distributed","2kN0Z0OxE8EKT18zkbawyweuoYHqBzNxqV5SFrxN3s4=",,"2kN0Z0OxE8EKT18zkbawyweuoYHqBzNxGIi+TAEeNKA=","A00000061799","2019-03-28T15:47Z","2020-01-21",1,0.203,25,0.342,3.062,1.008,0.204,0.127,126.5,897.1,5.7,11.4,30.8,"OK","OK","OK","OK","OK","OK","sample value outlier - soil contamination","OK","OK","OK",,"A and L Great Lakes","SOP APF-10-020","PG+Xl6bagiQ=","0SbE4/OAjEQ=",
"5d51ba3f-548d-4019-8965-a704b9cc683b","SJER_019.basePlot.cfc","D17","SJER","SJER_019","distributed","2kN0Z0OxE8ESp2OZlPr9inkwNhuc0nx/4T8gEhL9cSI=",,"2kN0Z0OxE8ESp2OZlPr9inkwNhuc0nx/sagqbadMz8M=","A00000062422","2019-03-28T16:40Z","2020-01-21",1,0.202,25,0.406,2.847,1.111,0.271,0.178,275.5,2926.0,5.6,7.9,30.5,"OK","OK","OK","OK","OK","OK","sample value outlier - soil contamination","OK","OK","OK",,"A and L Great Lakes","SOP APF-10-020","PG+Xl6bagiQ=","0SbE4/OAjEQ=",
"94b768f5-a93c-44e8-aa02-26e62eb06b55","SJER_012.basePlot.cfc","D17","SJER","SJER_012","distributed","2kN0Z0OxE8HfzJ2cXhW90gTLmh7AQNfvvcSjLpKcNC8=",,"2kN0Z0OxE8HfzJ2cXhW90gTLmh7AQNfvbOzK+Ai/x1A=","A00000062424","2019-03-28T20:09Z","2020-01-21",1,0.198,25,0.351,2.126,0.762,0.118,0.139,120.4,533.3,6.1,6.9,26.7,"OK","OK","OK","OK","OK","OK","sample value outlier - soil contamination","OK","OK","OK",,"A and L Great Lakes","SOP APF-10-020","PG+Xl6bagiQ=","0SbE4/OAjEQ=",
"84072b5b-ccdf-4f05-8dbc-ce624d3fdcb4","SJER_012.basePlot.cfc","D17","SJER","SJER_012","distributed","2kN0Z0OxE8GeT1an5Vbz9ik0z5dixN1NADFlM6/uixk=",,"2kN0Z0OxE8GeT1an5Vbz9ik0z5dixN1N+JeTX0AeImk=","A00000062406","2019-03-28T20:10Z","2020-01-21",1,0.202,25,0.498,1.815,0.356,0.253,0.312,102.7,78.9,8.6,20.9,39.2,"OK","OK","OK","OK","OK","OK","OK","OK","OK","OK",,"A and L Great Lakes","SOP APF-10-020","PG+Xl6bagiQ=","0SbE4/OAjEQ=",
