uid,namedLocation,domainID,siteID,plotType,sampleID,sampleCode,collectDate,lmaSampleID,lmaSampleCode,lmaSampleCondition,tissueDescriptor,scanDate,scannedBy,freshMass,ovenStartDate,ovenEndDate,dryMass,weighedBy,scannedLeafNumber,leafArea,percentGreen,leafMassPerArea,dryMassFraction,measuredBy,remarks,dataQF
"c22de8f8-20ec-4f68-bd2f-e72d778e3b7d","SJER_047.basePlot.cfc","D17","SJER","tower","2kN0Z0OxE8E+lZV9RHONKqDs6ZKapv+0u7oG7Emx5WE=",,"2019-03-20T16:30Z","2kN0Z0OxE8E+lZV9RHONKqDs6ZKapv+0o7vKDAPSUCcP66Cv7katJg==",,"OK",,"2019-03-21T23:45Z","0000-0003-0607-4441",3.394,"2019-03-21T23:50Z","2019-04-03T18:47Z",1.698,"0000-0001-5494-1832",24,7800.6,100,217.7,0.500,"0000-0003-0607-4441",,
"2d7f6880-2d4e-4080-99db-55ab4a5dcdf1","SJER_047.basePlot.cfc","D17","SJER","tower","2kN0Z0OxE8GnauhgI/8jSJpeoaSip4Y/FCxFs7NemNc=",,"2019-03-20T16:47Z","2kN0Z0OxE8GnauhgI/8jSJpeoaSip4Y/3WmXmP2PszRUQ18OaEgvrw==",,"OK",,"2019-03-21T22:20Z","0000-0003-0607-4441",2.359,"2019-03-21T23:50Z","2019-04-03T18:55Z",0.921,"0000-0001-5494-1832",20,9870.2,100,93.3,0.390,"0000-0003-0607-4441",,
"41b2bf41-f2b1-4cb4-878c-c770b126f2e3","SJER_047.basePlot.cfc","D17","SJER","tower","2kN0Z0OxE8EX0dPugoM0gEE18+LRfi1RArlKGlYLvwE=",,"2019-03-20T17:32Z","2kN0Z0OxE8EX0dPugoM0gEE18+LRfi1R6DH5Y0J3Qz8=",,"OK",,"2019-03-21T23:03Z","0000-0003-0607-4441",0.674,"2019-03-21T23:50Z","2019-04-03T17:34Z",0.162,"0000-0001-5494-1832",18,4415.3,100,36.7,0.240,"0000-0003-0607-4441",,
"5c16561e-36f6-4eff-8ef0-1614b241787b","SJER_046.basePlot.cfc","D17","SJER","tower","2kN0Z0OxE8F0itnBgnoWQ2DjhXjI2smSUTLiITwlIzo=",,"2019-03-21T17:26Z","2kN0Z0OxE8F0itnBgnoWQ2DjhXjI2smSljDaDcxCdOLyM2MepCOO3Q==",,"OK",,"2019-03-25T20:34Z","0000-0001-7920-7757",6.847,"2019-03-25T22:00Z","2019-04-02T21:14Z",4.202,"0000-0002-0287-3871",80,23269.0,100,180.6,0.614,"0000-0003-1062-1081",,
"5384c308-0076-4070-9d3d-11192fc19516","SJER_046.basePlot.cfc","D17","SJER","tower","2kN0Z0OxE8EqZNFhaFHoFVaMnPgYDebiV1hjVWHZ0RA=",,"2019-03-21T17:55Z","2kN0Z0OxE8EqZNFhaFHoFVaMnPgYDebiBb+RBaVz8IqYGXfkto7oNw==",,"OK",,"2019-03-25T20:52Z","0000-0001-7920-7757",8.746,"2019-03-25T22:00Z","2019-04-02T21:19Z",5.553,"0000-0002-0287-3871",32,18918.4,100,293.5,0.635,"0000-0003-1062-1081",,
"ac5abfd9-db76-4ccb-b635-7e4200bb5aaf","SJER_046.basePlot.cfc","D17","SJER","tower","2kN0Z0OxE8FrgGadQFQgjyNFoYubzkbft7HCelRuUzE=",,"2019-03-21T18:26Z","2kN0Z0OxE8FrgGadQFQgjyNFoYubzkbfK5rOBIJ8dng=",,"OK",,"2019-03-25T21:45Z","0000-0001-7920-7757",0.943,"2019-03-25T22:00Z","2019-04-02T21:05Z",0.321,"0000-0002-0287-3871",28,7044.5,100,45.5,0.340,"0000-0003-1062-1081",,
"b105d40c-b537-4d96-bc61-ac6e4321398c","SJER_045.basePlot.cfc","D17","SJER","tower","2kN0Z0OxE8Eu4tQpkUVPsADW0gceKEmBYhhOnri9nEA=",,"2019-03-21T19:23Z","2kN0Z0OxE8Eu4tQpkUVPsADW0gceKEmBjqJsD3RHO2g=",,"OK",,"2019-03-25T18:17Z","0000-0001-7920-7757",4.672,"2019-03-25T22:00Z","2019-04-02T21:12Z",2.701,"0000-0002-0287-3871",51,17567.6,100,153.8,0.578,"0000-0003-1062-1081",,
"94a487c0-5b30-40b2-be12-f014d2fbfef2","SJER_045.basePlot.cfc","D17","SJER","tower","2kN0Z0OxE8HrKU2Qmu4c9qyGJjwEw/YBgx2PAcfjwtY=",,"2019-03-21T20:16Z","2kN0Z0OxE8HrKU2Qmu4c9qyGJjwEw/YBRzb5bPfJnQsG88xbEce/Dw==",,"OK",,"2019-03-25T19:04Z","0000-0001-7920-7757",4.083,"2019-03-25T22:00Z","2019-04-02T21:09Z",2.134,"0000-0002-0287-3871",36,15914.9,100,134.1,0.523,"0000-0003-1062-1081",,
"0f35c409-e73e-4a00-98b3-bbfed4374f95","SJER_045.basePlot.cfc","D17","SJER","tower","2kN0Z0OxE8Ght+vqSNjLJvuyEWgosBDJ64mf1a8wgMY=",,"2019-03-21T20:46Z","2kN0Z0OxE8Ght+vqSNjLJvuyEWgosBDJZMz2q32/CXc=",,"OK",,"2019-03-25T20:08Z","0000-0001-7920-7757",2.103,"2019-03-25T22:00Z","2019-04-02T21:17Z",0.669,"0000-0002-0287-3871",51,11653.8,100,57.4,0.318,"0000-0003-1062-1081",,
"b436f5a8-a258-4a05-a93e-b84014b8d3ed","SJER_004.basePlot.cfc","D17","SJER","distributed","2kN0Z0OxE8E6yoOagSqOSRtNLSrhl99uQ0RdgD9X3OE=",,"2019-03-26T15:29Z","2kN0Z0OxE8E6yoOagSqOSRtNLSrhl99uOu9qFSOI8zo=",,"OK",,"2019-03-27T20:26Z","0000-0001-5717-3867",4.470,"2019-03-29T00:00Z","2019-04-03T18:10Z",0.642,"0000-0001-5494-1832",30,16393.2,100,39.2,0.144,,,
"8aa5e7d3-eb75-4253-ac97-36cde52d368b","SJER_004.basePlot.cfc","D17","SJER","distributed","2kN0Z0OxE8HY/ANLaNM/Z9TQ8MtVrOUgeHOsKlcNqQc=",,"2019-03-26T16:00Z","2kN0Z0OxE8HY/ANLaNM/Z9TQ8MtVrOUgr5U6US2Yor1tHMcZDQX8BQ==",,"OK",,"2019-03-27T19:12Z","0000-0001-5717-3867",5.040,"2019-03-29T00:00Z","2019-04-03T18:27Z",1.781,"0000-0001-5494-1832",54,20419.6,100,87.2,0.353,,,
"bf4cfc7d-58af-490d-b880-1cf985741a51","SJER_005.basePlot.cfc","D17","SJER","distributed","2kN0Z0OxE8Hr/ST52veN+F/G0i29hKz+bdOTAX8+mww=",,"2019-03-26T17:15Z","2kN0Z0OxE8Hr/ST52veN+F/G0i29hKz+R5u7hHXvJdg=",,"OK",,"2019-03-28T15:45Z","0000-0001-7253-0439",1.737,"2019-03-29T00:00Z","2019-04-02T21:31Z",0.351,"0000-0002-0287-3871",29,7109.9,100,49.4,0.202,,,
"b00b9ed6-ed1f-48d3-806e-784cf6d94b34","SJER_005.basePlot.cfc","D17","SJER","distributed","2kN0Z0OxE8GoTaF3l2eqwKj52kbWxr61oywLpDSGm6Y=",,"2019-03-26T17:53Z","2kN0Z0OxE8GoTaF3l2eqwKj52kbWxr61SnyiITE+Z8s=",,"OK",,"2019-03-28T15:26Z","0000-0001-7253-0439",2.334,"2019-03-29T00:00Z","2019-04-02T21:54Z",1.035,"0000-0002-0287-3871",32,6293.8,100,164.4,0.443,"0000-0002-0287-3871",,
"b7be56d8-99a1-409b-845e-78a084ed0a45","SJER_007.basePlot.cfc","D17","SJER","distributed","2kN0Z0OxE8ElZr6rYAw5km9PPEYuhOJY8zUsBFnwhxU=",,"2019-03-26T19:11Z","2kN0Z0OxE8ElZr6rYAw5km9PPEYuhOJYqcknX/F1ffs=",,"OK",,"2019-03-27T23:55Z","0000-0001-5717-3867",3.180,"2019-03-29T00:00Z","2019-04-03T18:15Z",0.823,"0000-0001-5494-1832",82,15530.1,100,53.0,0.259,"0000-0003-1062-1081",,
"dbc6f5b1-a5d0-4e49-91ac-f2047502a85b","SJER_007.basePlot.cfc","D17","SJER","distributed","2kN0Z0OxE8EXpOZcskMA8lOknWoTJAhLhpKrhYkVQ4Y=",,"2019-03-26T19:52Z","2kN0Z0OxE8EXpOZcskMA8lOknWoTJAhLSfg1pgrTaGw=",,"OK",,"2019-03-27T22:05Z","0000-0001-5717-3867",6.280,"2019-03-29T00:00Z","2019-04-03T18:04Z",3.155,"0000-0001-5494-1832",100,19768.9,100,159.6,0.502,"0000-0003-1062-1081",,
"7b87a40e-4125-4909-b54a-c213da7c0a8a","SJER_006.basePlot.cfc","D17","SJER","distributed","2kN0Z0OxE8HK7y4Ug7B/m9gTIZ4LtbgRdQ3N0I6UUbw=",,"2019-03-27T15:08Z","2kN0Z0OxE8HK7y4Ug7B/m9gTIZ4LtbgRdqorlhe/UpI=",,"OK",,"2019-03-28T20:42Z","0000-0001-7253-0439",0.770,"2019-03-29T00:00Z","2019-04-03T18:24Z",0.226,"0000-0001-5494-1832",35,4681.1,100,48.3,0.294,"0000-0003-0607-4441",,
"8f88ea85-cee7-4499-bbc7-b184788a3341","SJER_006.basePlot.cfc","D17","SJER","distributed","2kN0Z0OxE8FufroDTO/Jjpr0TrwPlb+xOHccQZBen58=",,"2019-03-27T15:42Z","2kN0Z0OxE8FufroDTO/Jjpr0TrwPlb+xrQeES1vWp6RNwwKLNqdO9g==",,"OK",,"2019-03-28T18:19Z","0000-0001-7253-0439",3.073,"2019-03-29T00:00Z","2019-04-03T18:20Z",1.333,"0000-0001-5494-1832",20,7558.0,100,176.4,0.434,"0000-0003-0607-4441",,
"b161f0ae-b79b-4f16-b468-b21f530b67dd","SJER_025.basePlot.cfc","D17","SJER","distributed","2kN0Z0OxE8EMu3R8eYj5xN/6hDPf09jF06PkPHv+LqU=",,"2019-03-27T17:42Z","2kN0Z0OxE8EMu3R8eYj5xN/6hDPf09jFf/b6cbiktjg=",,"OK",,"2019-03-28T17:36Z","0000-0001-7253-0439",0.983,"2019-03-29T00:00Z","2019-04-03T17:45Z",0.151,"0000-0001-5494-1832",24,4021.5,100,37.5,0.154,"0000-0003-1062-1081",,
"2540e19c-6ea8-4787-95da-e9451b8df23b","SJER_025.basePlot.cfc","D17","SJER","distributed","2kN0Z0OxE8Hz4DkUohEzLJNSvGT/VDdp/4tY5xL1ALs=",,"2019-03-27T18:13Z","2kN0Z0OxE8Hz4DkUohEzLJNSvGT/VDdp7SeO51TYdjE=",,"OK",,"2019-03-28T17:32Z","0000-0001-7253-0439",4.085,"2019-03-29T00:00Z","2019-04-02T21:21Z",2.018,"0000-0002-0287-3871",27,12781.0,100,157.9,0.494,"0000-0003-0607-4441",,
"15892826-d7c9-4aed-8960-7ebd34be1af9","SJER_014.basePlot.cfc","D17","SJER","distributed","2kN0Z0OxE8GgcyGjlRGWMpEXrHmkEBaOQWcTWbMHN08=",,"2019-03-27T20:35Z","2kN0Z0OxE8GgcyGjlRGWMpEXrHmkEBaOCdLs/QespFw=",,"OK",,"2019-03-28T21:50Z","0000-0001-7253-0439",1.442,"2019-03-29T00:00Z","2019-04-03T18:32Z",0.337,"0000-0001-5494-1832",25,7524.9,100,44.8,0.234,"0000-0003-1062-1081",,
"d191ffdb-4087-4995-b56a-6b8b4fec8815","SJER_016.basePlot.cfc","D17","SJER","distributed","2kN0Z0OxE8FjnNzpkc8JhHgREbvwdKYSE9oPpOCEWbE=",,"2019-03-27T21:23Z","2kN0Z0OxE8FjnNzpkc8JhHgREbvwdKYSpzrYHVLPX7v7vlJ0whG+rw==",,"OK",,"2019-03-28T21:05Z","0000-0001-7253-0439",4.152,"2019-03-29T00:00Z","2019-04-04T06:41Z",2.173,"0000-0001-5494-1832",20,5119.7,100,424.4,0.523,"0000-0003-1062-1081",,
"4d3d3e35-318a-403a-b843-38638ab81215","SJER_016.basePlot.cfc","D17","SJER","distributed","2kN0Z0OxE8EdHCE0H8fEFSNc/DiPr5nV8NJ5SNU81LY=",,"2019-03-27T21:28Z","2kN0Z0OxE8EdHCE0H8fEFSNc/DiPr5nVlwl7KKot0BE=",,"OK",,"2019-03-28T20:28Z","0000-0001-7253-0439",1.612,"2019-03-29T00:00Z","2019-04-03T18:37Z",0.303,"0000-0001-5494-1832",18,7369.2,100,41.1,0.188,"0000-0003-1062-1081",,
"76b05468-793f-4a50-a9d1-05940d033624","SJER_001.basePlot.cfc","D17","SJER","distributed","2kN0Z0OxE8EKT18zkbawyweuoYHqBzNxqV5SFrxN3s4=",,"2019-03-28T15:47Z","2kN0Z0OxE8EKT18zkbawyweuoYHqBzNxBEQ1/ukX90Y=",,"OK",,"2019-03-28T23:54Z","0000-0001-7253-0439",2.895,"2019-03-29T00:00Z","2019-04-02T21:57Z",0.475,"0000-0002-0287-3871",20,11070.9,100,42.9,0.164,"0000-0002-0287-3871",,
"139be6a9-03e2-42e5-98d4-cb44542e2b79","SJER_019.basePlot.cfc","D17","SJER","distributed","2kN0Z0OxE8ESp2OZlPr9inkwNhuc0nx/4T8gEhL9cSI=",,"2019-03-28T16:40Z","2kN0Z0OxE8ESp2OZlPr9inkwNhuc0nx/OI6+o4ybk/I=",,"OK",,"2019-03-28T23:18Z","0000-0001-7253-0439",3.220,"2019-03-29T00:00Z","2019-04-02T21:26Z",0.648,"0000-0002-0287-3871",24,14332.8,100,45.2,0.201,"0000-0003-1062-1081",,
"8005f77b-5521-4dc6-ba0b-afc44f0dfde0","SJER_012.basePlot.cfc","D17","SJER","distributed","2kN0Z0OxE8HfzJ2cXhW90gTLmh7AQNfvvcSjLpKcNC8=",,"2019-03-28T20:09Z","2kN0Z0OxE8HfzJ2cXhW90gTLmh7AQNfvh9BW26pH2aU=",,"OK",,"2019-03-28T22:39Z","0000-0001-7253-0439",1.615,"2019-03-29T00:00Z","2019-04-02T21:24Z",0.342,"0000-0002-0287-3871",33,8121.8,100,42.0,0.211,"0000-0003-1062-1081",,
"0dbae392-08e5-4581-b2e5-ab1c72e07cfa","SJER_012.basePlot.cfc","D17","SJER","distributed","2kN0Z0OxE8GeT1an5Vbz9ik0z5dixN1NADFlM6/uixk=",,"2019-03-28T20:10Z","2kN0Z0OxE8GeT1an5Vbz9ik0z5dixN1NjrWOf9JTV3s=",,"OK",,"2019-03-28T22:09Z","0000-0001-7253-0439",2.288,"2019-03-29T00:00Z","2019-04-03T17:51Z",0.751,"0000-0001-5494-1832",33,11478.4,100,65.4,0.328,"0000-0003-1062-1081",,
