uid,namedLocation,domainID,siteID,plotID,plotType,sampleID,sampleCode,chlorophyllSampleID,chlorophyllSampleCode,collectDate,sampleCondition,extractionStartDate,extractionLength,freshMass,solventVolume,analyticalRepNumber,extractChlAConc,extractChlBConc,extractCarotConc,relativeAccuracyScale,handlingQF,measurementQF,remarks,laboratoryName,testMethod,analyzedBy,reviewedBy,dataQF
"9594f4e0-0f65-4bed-8d40-848d0107170f","SJER_047.basePlot.cfc","D17","SJER","SJER_047","tower","2kN0Z0OxE8E+lZV9RHONKqDs6ZKapv+0u7oG7Emx5WE=",,"2kN0Z0OxE8E+lZV9RHONKqDs6ZKapv+0GzDL6UdFGdFdJdTdX6u5sw==","B00000043399","2019-03-20T16:30Z","OK","2019-03-30",22,0.0788,5,1,17.66,4.80,4.63,"A","OK","OK",,"University of Maryland Center for Environmental Science","HPL Foliar Pigment SOP","tO3Lchp2lPI=","tO3Lchp2lPI=",
"9fd42522-c0b5-49e6-ab04-78f08dad287c","SJER_047.basePlot.cfc","D17","SJER","SJER_047","tower","2kN0Z0OxE8GnauhgI/8jSJpeoaSip4Y/FCxFs7NemNc=",,"2kN0Z0OxE8GnauhgI/8jSJpeoaSip4Y/jAmyZ8Cfa30pVuJtmvi7BA==","B00000043403","2019-03-20T16:47Z","OK","2019-03-30",22,0.0703,5,1,12.57,3.07,4.30,"A","OK","OK",,"University of Maryland Center for Environmental Science","HPL Foliar Pigment SOP","tO3Lchp2lPI=","tO3Lchp2lPI=",
"fee6be66-2b06-47da-9667-30d35abfe5bd","SJER_047.basePlot.cfc","D17","SJER","SJER_047","tower","2kN0Z0OxE8EX0dPugoM0gEE18+LRfi1RArlKGlYLvwE=",,"2kN0Z0OxE8EX0dPugoM0gEE18+LRfi1R4zuGwCiRBcM=","B00000043402","2019-03-20T17:32Z","OK","2019-03-30",22,0.0635,5,1,23.77,6.75,5.96,"A","OK","OK",,"University of Maryland Center for Environmental Science","HPL Foliar Pigment SOP","tO3Lchp2lPI=","tO3Lchp2lPI=",
"d3bf0631-d717-44bb-bf10-024b2efbff24","SJER_046.basePlot.cfc","D17","SJER","SJER_046","tower","2kN0Z0OxE8F0itnBgnoWQ2DjhXjI2smSUTLiITwlIzo=",,"2kN0Z0OxE8F0itnBgnoWQ2DjhXjI2smSdvPRx8tbSTHjwEanLpsSVw==","B00000043413","2019-03-21T17:26Z","OK","2019-03-30",22,0.0843,5,1,28.32,7.45,7.62,"A","OK","OK",,"University of Maryland Center for Environmental Science","HPL Foliar Pigment SOP","tO3Lchp2lPI=","tO3Lchp2lPI=",
"f09a1e2b-a1b3-48ad-9fac-0753524234f8","SJER_046.basePlot.cfc","D17","SJER","SJER_046","tower","2kN0Z0OxE8EqZNFhaFHoFVaMnPgYDebiV1hjVWHZ0RA=",,"2kN0Z0OxE8EqZNFhaFHoFVaMnPgYDebiiURvNOF1zr0oPyp7a0iG/A==","B00000043412","2019-03-21T17:55Z","OK","2019-03-30",22,0.0861,5,1,15.78,3.99,4.04,"A","OK","OK",,"University of Maryland Center for Environmental Science","HPL Foliar Pigment SOP","tO3Lchp2lPI=","tO3Lchp2lPI=",
"6fcee01b-5f79-4213-aa6c-7662f34d371c","SJER_046.basePlot.cfc","D17","SJER","SJER_046","tower","2kN0Z0OxE8FrgGadQFQgjyNFoYubzkbft7HCelRuUzE=",,"2kN0Z0OxE8FrgGadQFQgjyNFoYubzkbfb9puGQkwjL4=","B00000043411","2019-03-21T18:26Z","OK","2019-03-30",22,0.0459,5,1,18.17,4.59,5.34,"A","OK","OK",,"University of Maryland Center for Environmental Science","HPL Foliar Pigment SOP","tO3Lchp2lPI=","tO3Lchp2lPI=",
"fe776ca7-8139-4842-a4ed-9c9d9d9e88cc","SJER_045.basePlot.cfc","D17","SJER","SJER_045","tower","2kN0Z0OxE8Eu4tQpkUVPsADW0gceKEmBYhhOnri9nEA=",,"2kN0Z0OxE8Eu4tQpkUVPsADW0gceKEmBJVQz6zjCShk=","B00000043410","2019-03-21T19:23Z","OK","2019-03-30",22,0.0905,5,1,15.53,3.14,5.29,"A","OK","OK",,"University of Maryland Center for Environmental Science","HPL Foliar Pigment SOP","tO3Lchp2lPI=","tO3Lchp2lPI=",
"965cc117-23f6-4351-b131-2b80e56b2b37","SJER_045.basePlot.cfc","D17","SJER","SJER_045","tower","2kN0Z0OxE8HrKU2Qmu4c9qyGJjwEw/YBgx2PAcfjwtY=",,"2kN0Z0OxE8HrKU2Qmu4c9qyGJjwEw/YB36o9qrQmXFDb8xg9OhlqTw==","B00000043409","2019-03-21T20:16Z","OK","2019-03-30",22,0.0709,5,1,15.22,4.30,4.48,"A","OK","OK",,"University of Maryland Center for Environmental Science","HPL Foliar Pigment SOP","tO3Lchp2lPI=","tO3Lchp2lPI=",
"2b2ef448-bcdc-43d5-98fa-de9860f457e9","SJER_045.basePlot.cfc","D17","SJER","SJER_045","tower","2kN0Z0OxE8Ght+vqSNjLJvuyEWgosBDJ64mf1a8wgMY=",,"2kN0Z0OxE8Ght+vqSNjLJvuyEWgosBDJkYQurjGkcjU=","B00000043408","2019-03-21T20:46Z","OK","2019-03-30",22,0.0317,5,1,16.19,4.44,4.58,"A","OK","OK",,"University of Maryland Center for Environmental Science","HPL Foliar Pigment SOP","tO3Lchp2lPI=","tO3Lchp2lPI=",
"2e63a2dd-82cc-43b5-a236-f638ac213708","SJER_004.basePlot.cfc","D17","SJER","SJER_004","distributed","2kN0Z0OxE8E6yoOagSqOSRtNLSrhl99uQ0RdgD9X3OE=",,"2kN0Z0OxE8E6yoOagSqOSRtNLSrhl99uGX50pFoaenk=","B00000043407","2019-03-26T15:29Z","OK","2019-04-01",22,0.0544,7,1,10.83,3.91,3.09,"A","OK","OK",,"University of Maryland Center for Environmental Science","HPL Foliar Pigment SOP","tO3Lchp2lPI=","tO3Lchp2lPI=",
"c2c14cef-678d-4c6f-aec6-da6c665481d8","SJER_004.basePlot.cfc","D17","SJER","SJER_004","distributed","2kN0Z0OxE8HY/ANLaNM/Z9TQ8MtVrOUgeHOsKlcNqQc=",,"2kN0Z0OxE8HY/ANLaNM/Z9TQ8MtVrOUgxO+3Nn/epBhYtUXNX/AbaA==","B00000043406","2019-03-26T16:00Z","OK","2019-04-01",22,0.0791,7,1,8.77,2.79,2.64,"A","OK","OK",,"University of Maryland Center for Environmental Science","HPL Foliar Pigment SOP","tO3Lchp2lPI=","tO3Lchp2lPI=",
"b0afc36b-b534-4428-add1-98dadd84d896","SJER_005.basePlot.cfc","D17","SJER","SJER_005","distributed","2kN0Z0OxE8Hr/ST52veN+F/G0i29hKz+bdOTAX8+mww=",,"2kN0Z0OxE8Hr/ST52veN+F/G0i29hKz+LFfPBEAK6yI=","B00000043419","2019-03-26T17:15Z","OK","2019-04-01",22,0.0571,7,1,13.18,3.79,4.52,"A","OK","OK",,"University of Maryland Center for Environmental Science","HPL Foliar Pigment SOP","tO3Lchp2lPI=","tO3Lchp2lPI=",
"8d5ab16b-8083-498f-a84d-dc31f0d60c6c","SJER_005.basePlot.cfc","D17","SJER","SJER_005","distributed","2kN0Z0OxE8GoTaF3l2eqwKj52kbWxr61oywLpDSGm6Y=",,"2kN0Z0OxE8GoTaF3l2eqwKj52kbWxr61ImM94jqwlg8=","B00000043418","2019-03-26T17:53Z","OK","2019-04-01",22,0.0633,7,1,7.21,1.98,2.03,"A","OK","OK",,"University of Maryland Center for Environmental Science","HPL Foliar Pigment SOP","tO3Lchp2lPI=","tO3Lchp2lPI=",
"9ce139cb-ea81-47d1-bec2-996604dcd983","SJER_007.basePlot.cfc","D17","SJER","SJER_007","distributed","2kN0Z0OxE8ElZr6rYAw5km9PPEYuhOJY8zUsBFnwhxU=",,"2kN0Z0OxE8ElZr6rYAw5km9PPEYuhOJYRgHppiAkpxI=","B00000043417","2019-03-26T19:11Z","OK","2019-04-01",22,0.0623,7,1,11.47,3.71,2.56,"A","OK","OK",,"University of Maryland Center for Environmental Science","HPL Foliar Pigment SOP","tO3Lchp2lPI=","tO3Lchp2lPI=",
"18e90798-7f36-4a75-bdb6-3e6695aed6bb","SJER_007.basePlot.cfc","D17","SJER","SJER_007","distributed","2kN0Z0OxE8EXpOZcskMA8lOknWoTJAhLhpKrhYkVQ4Y=",,"2kN0Z0OxE8EXpOZcskMA8lOknWoTJAhLHfYg6BRjnp4=","B00000043416","2019-03-26T19:52Z","OK","2019-04-01",22,0.0844,7,1,14.69,4.12,5.35,"A","OK","OK",,"University of Maryland Center for Environmental Science","HPL Foliar Pigment SOP","tO3Lchp2lPI=","tO3Lchp2lPI=",
"4820d68d-051b-4b57-a720-f729073ca17e","SJER_006.basePlot.cfc","D17","SJER","SJER_006","distributed","2kN0Z0OxE8HK7y4Ug7B/m9gTIZ4LtbgRdQ3N0I6UUbw=",,"2kN0Z0OxE8HK7y4Ug7B/m9gTIZ4LtbgRTbeIuFai9Rc=","B00000043435","2019-03-27T15:08Z","OK","2019-04-01",22,0.0532,7,1,7.43,2.36,2.60,"A","OK","OK",,"University of Maryland Center for Environmental Science","HPL Foliar Pigment SOP","tO3Lchp2lPI=","tO3Lchp2lPI=",
"ee4f7d16-9171-4704-9905-6a7b51d722cf","SJER_006.basePlot.cfc","D17","SJER","SJER_006","distributed","2kN0Z0OxE8FufroDTO/Jjpr0TrwPlb+xOHccQZBen58=",,"2kN0Z0OxE8FufroDTO/Jjpr0TrwPlb+x+gwWS5UCJOFXIfos0zIP/w==","B00000043434","2019-03-27T15:42Z","OK","2019-04-01",22,0.0890,7,1,10.93,2.62,4.45,"A","OK","OK",,"University of Maryland Center for Environmental Science","HPL Foliar Pigment SOP","tO3Lchp2lPI=","tO3Lchp2lPI=",
"a9d3f6ae-8d8d-45d2-acde-31bd693b57fc","SJER_025.basePlot.cfc","D17","SJER","SJER_025","distributed","2kN0Z0OxE8EMu3R8eYj5xN/6hDPf09jF06PkPHv+LqU=",,"2kN0Z0OxE8EMu3R8eYj5xN/6hDPf09jFYG76/qOIjoU=","B00000043433","2019-03-27T17:42Z","OK","2019-04-01",22,0.0663,7,1,5.83,1.70,1.67,"A","OK","OK",,"University of Maryland Center for Environmental Science","HPL Foliar Pigment SOP","tO3Lchp2lPI=","tO3Lchp2lPI=",
"3e013b90-8499-43e5-887d-0957d5a67b14","SJER_025.basePlot.cfc","D17","SJER","SJER_025","distributed","2kN0Z0OxE8Hz4DkUohEzLJNSvGT/VDdp/4tY5xL1ALs=",,"2kN0Z0OxE8Hz4DkUohEzLJNSvGT/VDdp6sqNvBZX4l0=","B00000043432","2019-03-27T18:13Z","OK","2019-04-01",22,0.0595,7,1,9.49,2.79,3.19,"A","OK","OK",,"University of Maryland Center for Environmental Science","HPL Foliar Pigment SOP","tO3Lchp2lPI=","tO3Lchp2lPI=",
"49d4d5e5-8ee3-456d-bf33-bc3c520be714","SJER_014.basePlot.cfc","D17","SJER","SJER_014","distributed","2kN0Z0OxE8GgcyGjlRGWMpEXrHmkEBaOQWcTWbMHN08=",,"2kN0Z0OxE8GgcyGjlRGWMpEXrHmkEBaOcrhGtyL6Y54=","B00000043431","2019-03-27T20:35Z","OK","2019-04-01",22,0.0562,7,1,5.01,1.67,1.89,"A","OK","OK",,"University of Maryland Center for Environmental Science","HPL Foliar Pigment SOP","tO3Lchp2lPI=","tO3Lchp2lPI=",
"5105323f-7732-471c-a6d1-fd3cdaa9a1e9","SJER_016.basePlot.cfc","D17","SJER","SJER_016","distributed","2kN0Z0OxE8FjnNzpkc8JhHgREbvwdKYSE9oPpOCEWbE=",,"2kN0Z0OxE8FjnNzpkc8JhHgREbvwdKYSL7OqkHCHoLBAjE1NYEzD5g==","B00000043425","2019-03-27T21:23Z","OK","2019-04-01",22,0.0822,7,1,9.96,2.94,2.54,"A","OK","OK",,"University of Maryland Center for Environmental Science","HPL Foliar Pigment SOP","tO3Lchp2lPI=","tO3Lchp2lPI=",
"ad139e6c-91d8-498a-b056-ae77cc0a33fd","SJER_016.basePlot.cfc","D17","SJER","SJER_016","distributed","2kN0Z0OxE8EdHCE0H8fEFSNc/DiPr5nV8NJ5SNU81LY=",,"2kN0Z0OxE8EdHCE0H8fEFSNc/DiPr5nVu6BtwAEnEWI=","B00000043430","2019-03-27T21:28Z","OK","2019-04-01",22,0.0544,7,1,6.46,2.00,2.01,"A","OK","OK",,"University of Maryland Center for Environmental Science","HPL Foliar Pigment SOP","tO3Lchp2lPI=","tO3Lchp2lPI=",
"a2546c53-f086-41ed-a786-8477400984e6","SJER_001.basePlot.cfc","D17","SJER","SJER_001","distributed","2kN0Z0OxE8EKT18zkbawyweuoYHqBzNxqV5SFrxN3s4=",,"2kN0Z0OxE8EKT18zkbawyweuoYHqBzNxYMj3GqeClTE=","B00000043429","2019-03-28T15:47Z","OK","2019-04-01",22,0.0792,7,1,9.44,2.75,2.92,"A","OK","OK",,"University of Maryland Center for Environmental Science","HPL Foliar Pigment SOP","tO3Lchp2lPI=","tO3Lchp2lPI=",
"f6c81c5e-4cc9-48a1-991e-a14eef294380","SJER_019.basePlot.cfc","D17","SJER","SJER_019","distributed","2kN0Z0OxE8ESp2OZlPr9inkwNhuc0nx/4T8gEhL9cSI=",,"2kN0Z0OxE8ESp2OZlPr9inkwNhuc0nx/xCbPgsoa00U=","B00000043428","2019-03-28T16:40Z","OK","2019-04-01",22,0.0616,7,1,17.25,5.27,5.41,"A","OK","OK",,"University of Maryland Center for Environmental Science","HPL Foliar Pigment SOP","tO3Lchp2lPI=","tO3Lchp2lPI=",
"06202570-08f0-41b9-9d2d-91fdb060b69f","SJER_012.basePlot.cfc","D17","SJER","SJER_012","distributed","2kN0Z0OxE8HfzJ2cXhW90gTLmh7AQNfvvcSjLpKcNC8=",,"2kN0Z0OxE8HfzJ2cXhW90gTLmh7AQNfvH7GvxhCSSdA=","B00000043427","2019-03-28T20:09Z","OK","2019-04-01",22,0.0796,7,1,10.72,3.28,3.46,"A","OK","OK",,"University of Maryland Center for Environmental Science","HPL Foliar Pigment SOP","tO3Lchp2lPI=","tO3Lchp2lPI=",
"74e487ee-dd49-40d8-9221-7c797548894e","SJER_012.basePlot.cfc","D17","SJER","SJER_012","distributed","2kN0Z0OxE8GeT1an5Vbz9ik0z5dixN1NADFlM6/uixk=",,"2kN0Z0OxE8GeT1an5Vbz9ik0z5dixN1NeXjwyFiTIeY=","B00000043426","2019-03-28T20:10Z","OK","2019-04-01",22,0.0664,7,1,7.16,2.02,2.76,"A","OK","OK",,"University of Maryland Center for Environmental Science","HPL Foliar Pigment SOP","tO3Lchp2lPI=","tO3Lchp2lPI=",
