uid,namedLocation,domainID,siteID,plotID,plotType,sampleID,sampleCode,cnSampleID,cnSampleCode,collectDate,analysisDate,co2Trapped,d15N,d13C,nitrogenPercent,carbonPercent,CNratio,cnIsotopeQF,cnPercentQF,isotopeAccuracyQF,percentAccuracyQF,analyticalRepNumber,remarks,laboratoryName,testMethod,instrument,analyzedBy,reviewedBy,dataQF
"41ea356f-34df-4e68-8fb5-eda82225e186","SJER_047.basePlot.cfc","D17","SJER","SJER_047","tower","2kN0Z0OxE8E+lZV9RHONKqDs6ZKapv+0u7oG7Emx5WE=",,"2kN0Z0OxE8E+lZV9RHONKqDs6ZKapv+0NgNMwNWvMi4=","A00000062426","2019-03-20T16:30Z","2019-05-29","N",-2.2,-26.7,1.59,51.07,32.1,"OK","OK","OK","OK",1,,"University of Wyoming Stable Isotope Facility","010 EA-IRMS organic d15n, d13c, C% & N%","Costech 4010 Elemental Analyzer with Costech Zero Blank Autosampler plus Thermo Finnigan Delta Plus XP with Finnigan Conflo III Interface","rHBrhUbTwVSLtfc5tc9S18/eJGkjVJIj","L/6ZjMlRllRQ+sQbi+7sFw==","dryingProtocolError"
"a14bd914-d570-48e2-bfef-31768ce693dc","SJER_047.basePlot.cfc","D17","SJER","SJER_047","tower","2kN0Z0OxE8GnauhgI/8jSJpeoaSip4Y/FCxFs7NemNc=",,"2kN0Z0OxE8GnauhgI/8jSJpeoaSip4Y/iTQBf5fDvVk=","A00000062428","2019-03-20T16:47Z","2019-05-29","N",-1.8,-25.7,2.60,47.94,18.4,"OK","OK","OK","OK",1,,"University of Wyoming Stable Isotope Facility","010 EA-IRMS organic d15n, d13c, C% & N%","Costech 4010 Elemental Analyzer with Costech Zero Blank Autosampler plus Thermo Finnigan Delta Plus XP with Finnigan Conflo III Interface","rHBrhUbTwVSLtfc5tc9S18/eJGkjVJIj","L/6ZjMlRllRQ+sQbi+7sFw==","dryingProtocolError"
"744a722b-5413-41c6-9491-318826afdac0","SJER_047.basePlot.cfc","D17","SJER","SJER_047","tower","2kN0Z0OxE8EX0dPugoM0gEE18+LRfi1RArlKGlYLvwE=",,"2kN0Z0OxE8EX0dPugoM0gEE18+LRfi1R1/2dH0a33bc=","A00000062430","2019-03-20T17:32Z","2019-05-29","N",-2.7,-31.8,3.07,40.45,13.2,"OK","OK","OK","OK",1,,"University of Wyoming Stable Isotope Facility","010 EA-IRMS organic d15n, d13c, C% & N%","Costech 4010 Elemental Analyzer with Costech Zero Blank Autosampler plus Thermo Finnigan Delta Plus XP with Finnigan Conflo III Interface","rHBrhUbTwVSLtfc5tc9S18/eJGkjVJIj","L/6ZjMlRllRQ+sQbi+7sFw==","dryingProtocolError"
"bef8c8f1-852b-425e-bb1c-8ff0f23971d8","SJER_046.basePlot.cfc","D17","SJER","SJER_046","tower","2kN0Z0OxE8F0itnBgnoWQ2DjhXjI2smSUTLiITwlIzo=",,"2kN0Z0OxE8F0itnBgnoWQ2DjhXjI2smSwdLx5qKxBfg=","A00000062417","2019-03-21T17:26Z","2019-05-29","N",-2.2,-29.9,1.96,49.15,25.1,"OK","OK","OK","OK",1,,"University of Wyoming Stable Isotope Facility","010 EA-IRMS organic d15n, d13c, C% & N%","Costech 4010 Elemental Analyzer with Costech Zero Blank Autosampler plus Thermo Finnigan Delta Plus XP with Finnigan Conflo III Interface","rHBrhUbTwVSLtfc5tc9S18/eJGkjVJIj","L/6ZjMlRllRQ+sQbi+7sFw==","dryingProtocolError"
"7f68bc73-9bd3-44df-a753-e6bbc8d10d62","SJER_046.basePlot.cfc","D17","SJER","SJER_046","tower","2kN0Z0OxE8EqZNFhaFHoFVaMnPgYDebiV1hjVWHZ0RA=",,"2kN0Z0OxE8EqZNFhaFHoFVaMnPgYDebir5hiznqm1og=","A00000062419","2019-03-21T17:55Z","2019-05-29","N",-2.4,-30.3,0.92,51.60,55.8,"OK","OK","OK","OK",1,,"University of Wyoming Stable Isotope Facility","010 EA-IRMS organic d15n, d13c, C% & N%","Costech 4010 Elemental Analyzer with Costech Zero Blank Autosampler plus Thermo Finnigan Delta Plus XP with Finnigan Conflo III Interface","rHBrhUbTwVSLtfc5tc9S18/eJGkjVJIj","L/6ZjMlRllRQ+sQbi+7sFw==","dryingProtocolError"
"337172f8-7ed4-4987-a8b5-f1486710b5e1","SJER_046.basePlot.cfc","D17","SJER","SJER_046","tower","2kN0Z0OxE8FrgGadQFQgjyNFoYubzkbft7HCelRuUzE=",,"2kN0Z0OxE8FrgGadQFQgjyNFoYubzkbfDLq87hJERu0=","A00000062432","2019-03-21T18:26Z","2019-05-29","N",-3.0,-31.2,2.82,42.52,15.1,"OK","OK","OK","OK",1,,"University of Wyoming Stable Isotope Facility","010 EA-IRMS organic d15n, d13c, C% & N%","Costech 4010 Elemental Analyzer with Costech Zero Blank Autosampler plus Thermo Finnigan Delta Plus XP with Finnigan Conflo III Interface","rHBrhUbTwVSLtfc5tc9S18/eJGkjVJIj","L/6ZjMlRllRQ+sQbi+7sFw==","dryingProtocolError"
"ecd578b0-72ec-45f0-8b80-41e83d02897a","SJER_045.basePlot.cfc","D17","SJER","SJER_045","tower","2kN0Z0OxE8Eu4tQpkUVPsADW0gceKEmBYhhOnri9nEA=",,"2kN0Z0OxE8Eu4tQpkUVPsADW0gceKEmBst1j0keDokc=","A00000062410","2019-03-21T19:23Z","2019-05-29","N",-1.6,-29.6,3.24,46.45,14.4,"OK","OK","OK","OK",1,,"University of Wyoming Stable Isotope Facility","010 EA-IRMS organic d15n, d13c, C% & N%","Costech 4010 Elemental Analyzer with Costech Zero Blank Autosampler plus Thermo Finnigan Delta Plus XP with Finnigan Conflo III Interface","rHBrhUbTwVSLtfc5tc9S18/eJGkjVJIj","L/6ZjMlRllRQ+sQbi+7sFw==","dryingProtocolError"
"03a24d69-07b8-4468-85d1-9e83e256d051","SJER_045.basePlot.cfc","D17","SJER","SJER_045","tower","2kN0Z0OxE8HrKU2Qmu4c9qyGJjwEw/YBgx2PAcfjwtY=",,"2kN0Z0OxE8HrKU2Qmu4c9qyGJjwEw/YByPza97TLusk=","A00000062412","2019-03-21T20:16Z","2019-05-29","N",-3.0,-26.7,2.52,47.73,18.9,"OK","OK","OK","OK",1,,"University of Wyoming Stable Isotope Facility","010 EA-IRMS organic d15n, d13c, C% & N%","Costech 4010 Elemental Analyzer with Costech Zero Blank Autosampler plus Thermo Finnigan Delta Plus XP with Finnigan Conflo III Interface","rHBrhUbTwVSLtfc5tc9S18/eJGkjVJIj","L/6ZjMlRllRQ+sQbi+7sFw==","dryingProtocolError"
"288d0a35-7af5-4837-b076-03cf5a56d642","SJER_045.basePlot.cfc","D17","SJER","SJER_045","tower","2kN0Z0OxE8Ght+vqSNjLJvuyEWgosBDJ64mf1a8wgMY=",,"2kN0Z0OxE8Ght+vqSNjLJvuyEWgosBDJCq10X+AnLaQ=","A00000062414","2019-03-21T20:46Z","2019-05-29","N",-2.3,-30.8,2.76,41.37,15.0,"OK","OK","OK","OK",1,,"University of Wyoming Stable Isotope Facility","010 EA-IRMS organic d15n, d13c, C% & N%","Costech 4010 Elemental Analyzer with Costech Zero Blank Autosampler plus Thermo Finnigan Delta Plus XP with Finnigan Conflo III Interface","rHBrhUbTwVSLtfc5tc9S18/eJGkjVJIj","L/6ZjMlRllRQ+sQbi+7sFw==","dryingProtocolError"
"df73b303-edb4-4747-8bb2-70d756166084","SJER_004.basePlot.cfc","D17","SJER","SJER_004","distributed","2kN0Z0OxE8E6yoOagSqOSRtNLSrhl99uQ0RdgD9X3OE=",,"2kN0Z0OxE8E6yoOagSqOSRtNLSrhl99uqGG6511x7xk=","A00000062407","2019-03-26T15:29Z","2019-05-30","N",-1.3,-30.0,2.90,41.20,14.2,"OK","OK","OK","OK",1,,"University of Wyoming Stable Isotope Facility","010 EA-IRMS organic d15n, d13c, C% & N%","Costech 4010 Elemental Analyzer with Costech Zero Blank Autosampler plus Thermo Finnigan Delta Plus XP with Finnigan Conflo III Interface","rHBrhUbTwVSLtfc5tc9S18/eJGkjVJIj","L/6ZjMlRllRQ+sQbi+7sFw==","dryingProtocolError"
"c9019476-437d-4b23-afa0-89378ac78f6d","SJER_004.basePlot.cfc","D17","SJER","SJER_004","distributed","2kN0Z0OxE8HY/ANLaNM/Z9TQ8MtVrOUgeHOsKlcNqQc=",,"2kN0Z0OxE8HY/ANLaNM/Z9TQ8MtVrOUguxEXqfMtU6Y=","A00000062395","2019-03-26T16:00Z","2019-05-30","N",-0.5,-26.4,2.26,48.29,21.4,"OK","OK","OK","OK",1,,"University of Wyoming Stable Isotope Facility","010 EA-IRMS organic d15n, d13c, C% & N%","Costech 4010 Elemental Analyzer with Costech Zero Blank Autosampler plus Thermo Finnigan Delta Plus XP with Finnigan Conflo III Interface","rHBrhUbTwVSLtfc5tc9S18/eJGkjVJIj","L/6ZjMlRllRQ+sQbi+7sFw==","dryingProtocolError"
"169730c6-4884-45c0-bb91-eafcbd85d9f7","SJER_005.basePlot.cfc","D17","SJER","SJER_005","distributed","2kN0Z0OxE8Hr/ST52veN+F/G0i29hKz+bdOTAX8+mww=",,"2kN0Z0OxE8Hr/ST52veN+F/G0i29hKz+kDkMnT5z5Fw=","A00000061803","2019-03-26T17:15Z","2019-05-30","N",-1.7,-30.0,2.20,41.09,18.7,"OK","OK","OK","OK",1,,"University of Wyoming Stable Isotope Facility","010 EA-IRMS organic d15n, d13c, C% & N%","Costech 4010 Elemental Analyzer with Costech Zero Blank Autosampler plus Thermo Finnigan Delta Plus XP with Finnigan Conflo III Interface","rHBrhUbTwVSLtfc5tc9S18/eJGkjVJIj","L/6ZjMlRllRQ+sQbi+7sFw==","dryingProtocolError"
"3a2692f0-c02f-4cc0-91ce-6710647d56a6","SJER_005.basePlot.cfc","D17","SJER","SJER_005","distributed","2kN0Z0OxE8GoTaF3l2eqwKj52kbWxr61oywLpDSGm6Y=",,"2kN0Z0OxE8GoTaF3l2eqwKj52kbWxr61NVMJjqwkCjk=","A00000062390","2019-03-26T17:53Z","2019-05-30","N",-1.6,-29.9,2.08,49.55,23.9,"OK","OK","OK","OK",1,,"University of Wyoming Stable Isotope Facility","010 EA-IRMS organic d15n, d13c, C% & N%","Costech 4010 Elemental Analyzer with Costech Zero Blank Autosampler plus Thermo Finnigan Delta Plus XP with Finnigan Conflo III Interface","rHBrhUbTwVSLtfc5tc9S18/eJGkjVJIj","L/6ZjMlRllRQ+sQbi+7sFw==","dryingProtocolError"
"dcc549c3-6b90-4ba2-8332-aee5d4b68473","SJER_007.basePlot.cfc","D17","SJER","SJER_007","distributed","2kN0Z0OxE8ElZr6rYAw5km9PPEYuhOJY8zUsBFnwhxU=",,"2kN0Z0OxE8ElZr6rYAw5km9PPEYuhOJYx64kfNcL0VA=","A00000061792","2019-03-26T19:11Z","2019-05-30","N",-0.6,-30.5,1.98,40.85,20.7,"OK","OK","OK","OK",1,,"University of Wyoming Stable Isotope Facility","010 EA-IRMS organic d15n, d13c, C% & N%","Costech 4010 Elemental Analyzer with Costech Zero Blank Autosampler plus Thermo Finnigan Delta Plus XP with Finnigan Conflo III Interface","rHBrhUbTwVSLtfc5tc9S18/eJGkjVJIj","L/6ZjMlRllRQ+sQbi+7sFw==","dryingProtocolError"
"2ad593a3-0487-4d32-ae4d-4a24bff6786b","SJER_007.basePlot.cfc","D17","SJER","SJER_007","distributed","2kN0Z0OxE8EXpOZcskMA8lOknWoTJAhLhpKrhYkVQ4Y=",,"2kN0Z0OxE8EXpOZcskMA8lOknWoTJAhL0d05z1nrZ+I=","A00000062393","2019-03-26T19:52Z","2019-05-30","N",-1.0,-28.6,1.99,47.78,24.0,"OK","OK","OK","OK",1,,"University of Wyoming Stable Isotope Facility","010 EA-IRMS organic d15n, d13c, C% & N%","Costech 4010 Elemental Analyzer with Costech Zero Blank Autosampler plus Thermo Finnigan Delta Plus XP with Finnigan Conflo III Interface","rHBrhUbTwVSLtfc5tc9S18/eJGkjVJIj","L/6ZjMlRllRQ+sQbi+7sFw==","dryingProtocolError"
"abc3774e-b9ab-4bf4-bfaf-c7b54329bf8e","SJER_006.basePlot.cfc","D17","SJER","SJER_006","distributed","2kN0Z0OxE8HK7y4Ug7B/m9gTIZ4LtbgRdQ3N0I6UUbw=",,"2kN0Z0OxE8HK7y4Ug7B/m9gTIZ4LtbgRIrVVbpI/7Mk=","A00000061798","2019-03-27T15:08Z","2019-05-30","N",-1.6,-30.2,1.45,40.30,27.9,"OK","OK","OK","OK",1,,"University of Wyoming Stable Isotope Facility","010 EA-IRMS organic d15n, d13c, C% & N%","Costech 4010 Elemental Analyzer with Costech Zero Blank Autosampler plus Thermo Finnigan Delta Plus XP with Finnigan Conflo III Interface","rHBrhUbTwVSLtfc5tc9S18/eJGkjVJIj","L/6ZjMlRllRQ+sQbi+7sFw==","dryingProtocolError"
"93fac2be-07d2-474a-85a8-1998716008b3","SJER_006.basePlot.cfc","D17","SJER","SJER_006","distributed","2kN0Z0OxE8FufroDTO/Jjpr0TrwPlb+xOHccQZBen58=",,"2kN0Z0OxE8FufroDTO/Jjpr0TrwPlb+xzmIMFYEWGkMky1ddrsoCZA==","A00000062397","2019-03-27T15:42Z","2019-05-30","N",-1.7,-28.7,2.08,45.61,21.9,"OK","OK","OK","OK",1,,"University of Wyoming Stable Isotope Facility","010 EA-IRMS organic d15n, d13c, C% & N%","Costech 4010 Elemental Analyzer with Costech Zero Blank Autosampler plus Thermo Finnigan Delta Plus XP with Finnigan Conflo III Interface","rHBrhUbTwVSLtfc5tc9S18/eJGkjVJIj","L/6ZjMlRllRQ+sQbi+7sFw==","dryingProtocolError"
"f25bdf6d-28a8-4639-b840-8de685186876","SJER_025.basePlot.cfc","D17","SJER","SJER_025","distributed","2kN0Z0OxE8EMu3R8eYj5xN/6hDPf09jF06PkPHv+LqU=",,"2kN0Z0OxE8EMu3R8eYj5xN/6hDPf09jFTcbykIp7u7M=","A00000061806","2019-03-27T17:42Z","2019-05-29","N",-1.0,-30.3,1.94,43.42,22.4,"OK","OK","OK","OK",1,,"University of Wyoming Stable Isotope Facility","010 EA-IRMS organic d15n, d13c, C% & N%","Costech 4010 Elemental Analyzer with Costech Zero Blank Autosampler plus Thermo Finnigan Delta Plus XP with Finnigan Conflo III Interface","rHBrhUbTwVSLtfc5tc9S18/eJGkjVJIj","L/6ZjMlRllRQ+sQbi+7sFw==","dryingProtocolError"
"333d15dc-aa3b-4231-84d5-4911aa726da1","SJER_025.basePlot.cfc","D17","SJER","SJER_025","distributed","2kN0Z0OxE8Hz4DkUohEzLJNSvGT/VDdp/4tY5xL1ALs=",,"2kN0Z0OxE8Hz4DkUohEzLJNSvGT/VDdpnwDOvZT82ZE=","A00000062400","2019-03-27T18:13Z","2019-05-29","N",-1.2,-29.6,1.96,46.68,23.8,"OK","OK","OK","OK",1,,"University of Wyoming Stable Isotope Facility","010 EA-IRMS organic d15n, d13c, C% & N%","Costech 4010 Elemental Analyzer with Costech Zero Blank Autosampler plus Thermo Finnigan Delta Plus XP with Finnigan Conflo III Interface","rHBrhUbTwVSLtfc5tc9S18/eJGkjVJIj","L/6ZjMlRllRQ+sQbi+7sFw==","dryingProtocolError"
"2c32cbf6-0d89-45ec-acd8-dec6b6de330c","SJER_014.basePlot.cfc","D17","SJER","SJER_014","distributed","2kN0Z0OxE8GgcyGjlRGWMpEXrHmkEBaOQWcTWbMHN08=",,"2kN0Z0OxE8GgcyGjlRGWMpEXrHmkEBaOrkQ0RUc83iY=","A00000061789","2019-03-27T20:35Z","2019-05-29","N",-1.6,-29.4,1.59,41.42,26.1,"OK","OK","OK","OK",1,,"University of Wyoming Stable Isotope Facility","010 EA-IRMS organic d15n, d13c, C% & N%","Costech 4010 Elemental Analyzer with Costech Zero Blank Autosampler plus Thermo Finnigan Delta Plus XP with Finnigan Conflo III Interface","rHBrhUbTwVSLtfc5tc9S18/eJGkjVJIj","L/6ZjMlRllRQ+sQbi+7sFw==","dryingProtocolError"
"5ff75310-e11c-4188-90d3-efc76ab7e5f2","SJER_016.basePlot.cfc","D17","SJER","SJER_016","distributed","2kN0Z0OxE8FjnNzpkc8JhHgREbvwdKYSE9oPpOCEWbE=",,"2kN0Z0OxE8FjnNzpkc8JhHgREbvwdKYSqkvl6DT+vB8=","A00000062403","2019-03-27T21:23Z","2019-05-29","N",-2.0,-24.6,1.58,51.31,32.4,"OK","OK","OK","OK",1,,"University of Wyoming Stable Isotope Facility","010 EA-IRMS organic d15n, d13c, C% & N%","Costech 4010 Elemental Analyzer with Costech Zero Blank Autosampler plus Thermo Finnigan Delta Plus XP with Finnigan Conflo III Interface","rHBrhUbTwVSLtfc5tc9S18/eJGkjVJIj","L/6ZjMlRllRQ+sQbi+7sFw==","dryingProtocolError"
"2b5a75d4-6cd9-40c9-aee3-702f4f2b74b1","SJER_016.basePlot.cfc","D17","SJER","SJER_016","distributed","2kN0Z0OxE8EdHCE0H8fEFSNc/DiPr5nV8NJ5SNU81LY=",,"2kN0Z0OxE8EdHCE0H8fEFSNc/DiPr5nVFlo2WUqHsLg=","A00000061795","2019-03-27T21:28Z","2019-05-29","N",-1.1,-30.1,1.60,43.29,27.0,"OK","OK","OK","OK",1,,"University of Wyoming Stable Isotope Facility","010 EA-IRMS organic d15n, d13c, C% & N%","Costech 4010 Elemental Analyzer with Costech Zero Blank Autosampler plus Thermo Finnigan Delta Plus XP with Finnigan Conflo III Interface","rHBrhUbTwVSLtfc5tc9S18/eJGkjVJIj","L/6ZjMlRllRQ+sQbi+7sFw==","dryingProtocolError"
"6ca7f33a-579f-423a-85e6-503a8b56730f","SJER_001.basePlot.cfc","D17","SJER","SJER_001","distributed","2kN0Z0OxE8EKT18zkbawyweuoYHqBzNxqV5SFrxN3s4=",,"2kN0Z0OxE8EKT18zkbawyweuoYHqBzNxAvh1PXQ/AQI=","A00000061801","2019-03-28T15:47Z","2019-05-30","N",1.2,-29.3,1.98,42.34,21.4,"OK","OK","OK","OK",1,,"University of Wyoming Stable Isotope Facility","010 EA-IRMS organic d15n, d13c, C% & N%","Costech 4010 Elemental Analyzer with Costech Zero Blank Autosampler plus Thermo Finnigan Delta Plus XP with Finnigan Conflo III Interface","rHBrhUbTwVSLtfc5tc9S18/eJGkjVJIj","L/6ZjMlRllRQ+sQbi+7sFw==","dryingProtocolError"
"b2b4d711-1464-4141-ba97-a6bfa73f2be0","SJER_019.basePlot.cfc","D17","SJER","SJER_019","distributed","2kN0Z0OxE8ESp2OZlPr9inkwNhuc0nx/4T8gEhL9cSI=",,"2kN0Z0OxE8ESp2OZlPr9inkwNhuc0nx/d9SyuQAnXNs=","A00000062421","2019-03-28T16:40Z","2019-05-29","N",4.6,-29.5,2.39,38.28,16.0,"OK","OK","OK","OK",1,,"University of Wyoming Stable Isotope Facility","010 EA-IRMS organic d15n, d13c, C% & N%","Costech 4010 Elemental Analyzer with Costech Zero Blank Autosampler plus Thermo Finnigan Delta Plus XP with Finnigan Conflo III Interface","rHBrhUbTwVSLtfc5tc9S18/eJGkjVJIj","L/6ZjMlRllRQ+sQbi+7sFw==","dryingProtocolError"
"4ebd9572-2660-4053-8456-6df77f747ff2","SJER_012.basePlot.cfc","D17","SJER","SJER_012","distributed","2kN0Z0OxE8HfzJ2cXhW90gTLmh7AQNfvvcSjLpKcNC8=",,"2kN0Z0OxE8HfzJ2cXhW90gTLmh7AQNfvX3acrTdyIMM=","A00000062416","2019-03-28T20:09Z","2019-05-29","N",-1.0,-29.7,1.74,43.14,24.8,"OK","OK","OK","OK",1,,"University of Wyoming Stable Isotope Facility","010 EA-IRMS organic d15n, d13c, C% & N%","Costech 4010 Elemental Analyzer with Costech Zero Blank Autosampler plus Thermo Finnigan Delta Plus XP with Finnigan Conflo III Interface","rHBrhUbTwVSLtfc5tc9S18/eJGkjVJIj","L/6ZjMlRllRQ+sQbi+7sFw==","dryingProtocolError"
"a3050803-005c-4029-8504-cc0bb2a5206e","SJER_012.basePlot.cfc","D17","SJER","SJER_012","distributed","2kN0Z0OxE8GeT1an5Vbz9ik0z5dixN1NADFlM6/uixk=",,"2kN0Z0OxE8GeT1an5Vbz9ik0z5dixN1N1YRzAnnkSKA=","A00000062405","2019-03-28T20:10Z","2019-05-29","N",0.2,-25.5,4.17,47.97,11.5,"OK","OK","OK","OK",1,,"University of Wyoming Stable Isotope Facility","010 EA-IRMS organic d15n, d13c, C% & N%","Costech 4010 Elemental Analyzer with Costech Zero Blank Autosampler plus Thermo Finnigan Delta Plus XP with Finnigan Conflo III Interface","rHBrhUbTwVSLtfc5tc9S18/eJGkjVJIj","L/6ZjMlRllRQ+sQbi+7sFw==","dryingProtocolError"
