uid,namedLocation,domainID,siteID,plotID,plotType,sampleID,sampleCode,collectDate,ovenStartDate,ovenEndDate,sampleCondition,cnSampleID,cnSampleCode,ligninSampleID,ligninSampleBarcode,archiveSampleID,archiveSampleCode,archiveMass,toxicodendronPossible,processedBy,remarks,dataQF
"fc670afc-f88b-4342-a93a-10253702a099","SJER_047.basePlot.cfc","D17","SJER","SJER_047","tower","2kN0Z0OxE8E+lZV9RHONKqDs6ZKapv+0u7oG7Emx5WE=",,"2019-03-20T16:30Z","2019-03-25T22:00Z","2019-04-02T19:20Z","OK","2kN0Z0OxE8E+lZV9RHONKqDs6ZKapv+0NgNMwNWvMi4=","A00000062426","2kN0Z0OxE8E+lZV9RHONKqDs6ZKapv+0dH2taQTJwrkZVk6l+vhdZg==","A00000062427","2kN0Z0OxE8E+lZV9RHONKqDs6ZKapv+0KceTksNB+m4=","A00000062528",,,"0000-0002-9129-5419",,
"7096b66e-e5d8-4e1d-85b6-b022319933d4","SJER_047.basePlot.cfc","D17","SJER","SJER_047","tower","2kN0Z0OxE8GnauhgI/8jSJpeoaSip4Y/FCxFs7NemNc=",,"2019-03-20T16:47Z","2019-03-25T22:00Z","2019-04-02T19:26Z","OK","2kN0Z0OxE8GnauhgI/8jSJpeoaSip4Y/iTQBf5fDvVk=","A00000062428","2kN0Z0OxE8GnauhgI/8jSJpeoaSip4Y/u3dAkydd+kQ6Vq1bkstX2Q==","A00000062429","2kN0Z0OxE8GnauhgI/8jSJpeoaSip4Y/n17tiVGDvN8=","A00000062534",,,"0000-0002-9129-5419",,
"5d2c7df3-25a1-4c4a-b91d-7b23fb9082aa","SJER_047.basePlot.cfc","D17","SJER","SJER_047","tower","2kN0Z0OxE8EX0dPugoM0gEE18+LRfi1RArlKGlYLvwE=",,"2019-03-20T17:32Z","2019-03-25T22:00Z","2019-04-02T19:33Z","OK","2kN0Z0OxE8EX0dPugoM0gEE18+LRfi1R1/2dH0a33bc=","A00000062430","2kN0Z0OxE8EX0dPugoM0gEE18+LRfi1RNE3O4e7ObJE=","A00000062431","2kN0Z0OxE8EX0dPugoM0gEE18+LRfi1RNRz/S5GFBxs=","A00000062533",,"N","0000-0002-9129-5419",,
"820c3e15-3c8a-4a75-8b94-a4e25e79ef0c","SJER_046.basePlot.cfc","D17","SJER","SJER_046","tower","2kN0Z0OxE8F0itnBgnoWQ2DjhXjI2smSUTLiITwlIzo=",,"2019-03-21T17:26Z","2019-03-25T22:00Z","2019-04-02T18:16Z","OK","2kN0Z0OxE8F0itnBgnoWQ2DjhXjI2smSwdLx5qKxBfg=","A00000062417","2kN0Z0OxE8F0itnBgnoWQ2DjhXjI2smS2F9ZSMb03kKquz2dTI6Grg==","A00000062418","2kN0Z0OxE8F0itnBgnoWQ2DjhXjI2smSTYVaH2eZCiU=","A00000062527",,,"0000-0003-2386-8235",,
"86dc82e0-405f-416e-8d9c-49e571fa5130","SJER_046.basePlot.cfc","D17","SJER","SJER_046","tower","2kN0Z0OxE8EqZNFhaFHoFVaMnPgYDebiV1hjVWHZ0RA=",,"2019-03-21T17:55Z","2019-03-25T22:00Z","2019-04-02T18:22Z","OK","2kN0Z0OxE8EqZNFhaFHoFVaMnPgYDebir5hiznqm1og=","A00000062419","2kN0Z0OxE8EqZNFhaFHoFVaMnPgYDebiZt/Aoe0GXPftApXtvzi1yQ==","A00000062420","2kN0Z0OxE8EqZNFhaFHoFVaMnPgYDebiVDZMDtSXgd0=","A00000062526",,,"0000-0003-2386-8235",,
"fb0d7599-7da2-4774-9048-2b7f222a9dc3","SJER_046.basePlot.cfc","D17","SJER","SJER_046","tower","2kN0Z0OxE8FrgGadQFQgjyNFoYubzkbft7HCelRuUzE=",,"2019-03-21T18:26Z","2019-03-25T22:00Z","2019-04-02T19:41Z","OK","2kN0Z0OxE8FrgGadQFQgjyNFoYubzkbfDLq87hJERu0=","A00000062432","2kN0Z0OxE8FrgGadQFQgjyNFoYubzkbfH4ccuO1agQM=","A00000062433","2kN0Z0OxE8FrgGadQFQgjyNFoYubzkbfzFw33znLKyE=","A00000062525",,"N","0000-0003-2386-8235",,
"ac71eb08-9d56-45a5-8ef6-a0a26f91037c","SJER_045.basePlot.cfc","D17","SJER","SJER_045","tower","2kN0Z0OxE8Eu4tQpkUVPsADW0gceKEmBYhhOnri9nEA=",,"2019-03-21T19:23Z","2019-03-25T22:00Z","2019-04-02T17:44Z","OK","2kN0Z0OxE8Eu4tQpkUVPsADW0gceKEmBst1j0keDokc=","A00000062410","2kN0Z0OxE8Eu4tQpkUVPsADW0gceKEmBnXeWnsIHOdI=","A00000062411","2kN0Z0OxE8Eu4tQpkUVPsADW0gceKEmBWefJecN8iCk=","A00000062532",,,"0000-0002-9129-5419",,
"50595d7e-82e5-4723-bb99-b7074251683e","SJER_045.basePlot.cfc","D17","SJER","SJER_045","tower","2kN0Z0OxE8HrKU2Qmu4c9qyGJjwEw/YBgx2PAcfjwtY=",,"2019-03-21T20:16Z","2019-03-25T22:00Z","2019-04-02T18:01Z","OK","2kN0Z0OxE8HrKU2Qmu4c9qyGJjwEw/YByPza97TLusk=","A00000062412","2kN0Z0OxE8HrKU2Qmu4c9qyGJjwEw/YBr4p6z26MQ6UWzrpGALXyzA==","A00000062413","2kN0Z0OxE8HrKU2Qmu4c9qyGJjwEw/YBKTNfjgp9uMs=","A00000062536",,,"0000-0002-9129-5419",,
"0fe99678-4fa2-4b44-83a5-134c372166a8","SJER_045.basePlot.cfc","D17","SJER","SJER_045","tower","2kN0Z0OxE8Ght+vqSNjLJvuyEWgosBDJ64mf1a8wgMY=",,"2019-03-21T20:46Z","2019-03-25T22:00Z","2019-04-02T18:08Z","OK","2kN0Z0OxE8Ght+vqSNjLJvuyEWgosBDJCq10X+AnLaQ=","A00000062414","2kN0Z0OxE8Ght+vqSNjLJvuyEWgosBDJUuOtnq1NdBQ=","A00000062415","2kN0Z0OxE8Ght+vqSNjLJvuyEWgosBDJzi5x1929RYQ=","A00000062441",,"N","0000-0002-9129-5419",,
"8256532d-1159-4b4c-b61e-cdffe32f1324","SJER_004.basePlot.cfc","D17","SJER","SJER_004","distributed","2kN0Z0OxE8E6yoOagSqOSRtNLSrhl99uQ0RdgD9X3OE=",,"2019-03-26T15:29Z","2019-03-29T00:00Z","2019-04-02T17:37Z","OK","2kN0Z0OxE8E6yoOagSqOSRtNLSrhl99uqGG6511x7xk=","A00000062407","2kN0Z0OxE8E6yoOagSqOSRtNLSrhl99uv6BVobtmjj0=","A00000062408","2kN0Z0OxE8E6yoOagSqOSRtNLSrhl99uffB+mB08TyA=","A00000062409",,"N","0000-0002-9129-5419",,
"14184f03-f8b6-4a03-8890-fd858443ab66","SJER_004.basePlot.cfc","D17","SJER","SJER_004","distributed","2kN0Z0OxE8HY/ANLaNM/Z9TQ8MtVrOUgeHOsKlcNqQc=",,"2019-03-26T16:00Z","2019-03-29T00:00Z","2019-04-02T17:03Z","OK","2kN0Z0OxE8HY/ANLaNM/Z9TQ8MtVrOUguxEXqfMtU6Y=","A00000062395","2kN0Z0OxE8HY/ANLaNM/Z9TQ8MtVrOUgskmFxuSlXy403PpBLBAhDg==","A00000062396","2kN0Z0OxE8HY/ANLaNM/Z9TQ8MtVrOUg7S0CqaGRM0U=","A00000062530",,,"0000-0002-9129-5419",,
"fb3b2316-8eae-432e-a0d2-727162717ec7","SJER_005.basePlot.cfc","D17","SJER","SJER_005","distributed","2kN0Z0OxE8Hr/ST52veN+F/G0i29hKz+bdOTAX8+mww=",,"2019-03-26T17:15Z","2019-03-29T00:00Z","2019-04-02T15:59Z","OK","2kN0Z0OxE8Hr/ST52veN+F/G0i29hKz+kDkMnT5z5Fw=","A00000061803","2kN0Z0OxE8Hr/ST52veN+F/G0i29hKz+/ZRumtGCB10=","A00000061802","2kN0Z0OxE8Hr/ST52veN+F/G0i29hKz+VjsvhILe6SM=","A00000061800",,"N","0000-0002-9129-5419",,
"47658d8d-75ee-4ee6-8070-c0d80528f70f","SJER_005.basePlot.cfc","D17","SJER","SJER_005","distributed","2kN0Z0OxE8GoTaF3l2eqwKj52kbWxr61oywLpDSGm6Y=",,"2019-03-26T17:53Z","2019-03-29T00:00Z","2019-04-02T16:44Z","OK","2kN0Z0OxE8GoTaF3l2eqwKj52kbWxr61NVMJjqwkCjk=","A00000062390","2kN0Z0OxE8GoTaF3l2eqwKj52kbWxr61N7ZM6nE/+I4=","A00000062391","2kN0Z0OxE8GoTaF3l2eqwKj52kbWxr61AY46TVC16FQ=","A00000062392",,,"0000-0002-9129-5419",,
"65c45a5f-7555-4a55-bacb-decb10b481c0","SJER_007.basePlot.cfc","D17","SJER","SJER_007","distributed","2kN0Z0OxE8ElZr6rYAw5km9PPEYuhOJY8zUsBFnwhxU=",,"2019-03-26T19:11Z","2019-03-29T00:00Z","2019-04-02T15:29Z","OK","2kN0Z0OxE8ElZr6rYAw5km9PPEYuhOJYx64kfNcL0VA=","A00000061792","2kN0Z0OxE8ElZr6rYAw5km9PPEYuhOJYI2U37KBlQTE=","A00000061791","2kN0Z0OxE8ElZr6rYAw5km9PPEYuhOJY5J2hGFTZYs0=","A00000061790",,"N","0000-0002-9129-5419",,
"7744b128-170e-4c7c-9148-02ad29bfd9fe","SJER_007.basePlot.cfc","D17","SJER","SJER_007","distributed","2kN0Z0OxE8EXpOZcskMA8lOknWoTJAhLhpKrhYkVQ4Y=",,"2019-03-26T19:52Z","2019-03-29T00:00Z","2019-04-02T16:53Z","OK","2kN0Z0OxE8EXpOZcskMA8lOknWoTJAhL0d05z1nrZ+I=","A00000062393","2kN0Z0OxE8EXpOZcskMA8lOknWoTJAhLZNeX89E2oag=","A00000062394","2kN0Z0OxE8EXpOZcskMA8lOknWoTJAhL2P7izT/Q5Yk=","A00000062531",,,"0000-0002-9129-5419",,
"e8de680d-fc9f-4960-a526-d40df097ac2e","SJER_006.basePlot.cfc","D17","SJER","SJER_006","distributed","2kN0Z0OxE8HK7y4Ug7B/m9gTIZ4LtbgRdQ3N0I6UUbw=",,"2019-03-27T15:08Z","2019-03-28T19:00Z","2019-04-02T15:00Z","OK","2kN0Z0OxE8HK7y4Ug7B/m9gTIZ4LtbgRIrVVbpI/7Mk=","A00000061798","2kN0Z0OxE8HK7y4Ug7B/m9gTIZ4LtbgRKIX3BDglsPs=","A00000061797","2kN0Z0OxE8HK7y4Ug7B/m9gTIZ4LtbgR3Rpr6AGRPY8=","A00000061796",,"N","0000-0002-9129-5419",,
"d2b8b0f7-0090-46f0-a7e0-cf28c5611f50","SJER_006.basePlot.cfc","D17","SJER","SJER_006","distributed","2kN0Z0OxE8FufroDTO/Jjpr0TrwPlb+xOHccQZBen58=",,"2019-03-27T15:42Z","2019-03-29T00:06Z","2019-04-02T17:08Z","OK","2kN0Z0OxE8FufroDTO/Jjpr0TrwPlb+xzmIMFYEWGkMky1ddrsoCZA==","A00000062397","2kN0Z0OxE8FufroDTO/Jjpr0TrwPlb+xn1Sc+kcmEveHylWIpSdRxA==","A00000062398","2kN0Z0OxE8FufroDTO/Jjpr0TrwPlb+xoJGIl4ZMM60TRD+uBAgOvw==","A00000062399",,,"0000-0002-9129-5419",,
"ef65750f-5c99-4899-bf5c-5810aeab2058","SJER_025.basePlot.cfc","D17","SJER","SJER_025","distributed","2kN0Z0OxE8EMu3R8eYj5xN/6hDPf09jF06PkPHv+LqU=",,"2019-03-27T17:42Z","2019-03-29T00:00Z","2019-04-02T15:48Z","OK","2kN0Z0OxE8EMu3R8eYj5xN/6hDPf09jFTcbykIp7u7M=","A00000061806","2kN0Z0OxE8EMu3R8eYj5xN/6hDPf09jFqC9BFzbNoVk=","A00000061805","2kN0Z0OxE8EMu3R8eYj5xN/6hDPf09jFxMbmwKyJCFc=","A00000061804",,"N","0000-0002-9129-5419",,
"3f9e1af6-c194-4bc7-95f1-2862283e5ce5","SJER_025.basePlot.cfc","D17","SJER","SJER_025","distributed","2kN0Z0OxE8Hz4DkUohEzLJNSvGT/VDdp/4tY5xL1ALs=",,"2019-03-27T18:13Z","2019-03-29T00:00Z","2019-04-02T17:17Z","OK","2kN0Z0OxE8Hz4DkUohEzLJNSvGT/VDdpnwDOvZT82ZE=","A00000062400","2kN0Z0OxE8Hz4DkUohEzLJNSvGT/VDdpykaxEJHmbBo=","A00000062401","2kN0Z0OxE8Hz4DkUohEzLJNSvGT/VDdpfXsqgNIP5+k=","A00000062402",,,"0000-0002-9129-5419",,
"6d660b01-4441-47a9-b87a-1ca5268790e3","SJER_014.basePlot.cfc","D17","SJER","SJER_014","distributed","2kN0Z0OxE8GgcyGjlRGWMpEXrHmkEBaOQWcTWbMHN08=",,"2019-03-27T20:35Z","2019-03-29T00:00Z","2019-04-02T15:41Z","OK","2kN0Z0OxE8GgcyGjlRGWMpEXrHmkEBaOrkQ0RUc83iY=","A00000061789","2kN0Z0OxE8GgcyGjlRGWMpEXrHmkEBaOy4wBBxkeDsA=","A00000061808","2kN0Z0OxE8GgcyGjlRGWMpEXrHmkEBaOg5nDUA9q7Ac=","A00000061807",,"N","0000-0002-9129-5419",,
"98ac3799-a02b-4a26-a857-b5bb3a26c3a9","SJER_016.basePlot.cfc","D17","SJER","SJER_016","distributed","2kN0Z0OxE8FjnNzpkc8JhHgREbvwdKYSE9oPpOCEWbE=",,"2019-03-27T21:23Z","2019-03-29T00:00Z","2019-04-02T17:23Z","OK","2kN0Z0OxE8FjnNzpkc8JhHgREbvwdKYSqkvl6DT+vB8=","A00000062403","2kN0Z0OxE8FjnNzpkc8JhHgREbvwdKYSiWa2F+KqUyK88dZQndFA5w==","A00000062404","2kN0Z0OxE8FjnNzpkc8JhHgREbvwdKYSM2R9SOiVUgQ=","A00000062535",,,"0000-0002-9129-5419",,
"efce6528-c35f-4e32-b653-a364a410d52e","SJER_016.basePlot.cfc","D17","SJER","SJER_016","distributed","2kN0Z0OxE8EdHCE0H8fEFSNc/DiPr5nV8NJ5SNU81LY=",,"2019-03-27T21:28Z","2019-03-29T00:00Z","2019-04-02T15:21Z","OK","2kN0Z0OxE8EdHCE0H8fEFSNc/DiPr5nVFlo2WUqHsLg=","A00000061795","2kN0Z0OxE8EdHCE0H8fEFSNc/DiPr5nV5yDHVnI7EjQ=","A00000061794","2kN0Z0OxE8EdHCE0H8fEFSNc/DiPr5nVoHV/t2bk6OM=","A00000061793",,"N","0000-0002-9129-5419",,
"6ee1a0dc-81b3-4006-af7c-17197193d3d2","SJER_001.basePlot.cfc","D17","SJER","SJER_001","distributed","2kN0Z0OxE8EKT18zkbawyweuoYHqBzNxqV5SFrxN3s4=",,"2019-03-28T15:47Z","2019-03-29T00:00Z","2019-04-02T16:11Z","OK","2kN0Z0OxE8EKT18zkbawyweuoYHqBzNxAvh1PXQ/AQI=","A00000061801","2kN0Z0OxE8EKT18zkbawyweuoYHqBzNxGIi+TAEeNKA=","A00000061799","2kN0Z0OxE8EKT18zkbawyweuoYHqBzNxttwYXrfeUu0=","A00000062389",,"N","0000-0002-9129-5419",,
"d2bbeff7-7ecc-4317-ac57-d70005a019ca","SJER_019.basePlot.cfc","D17","SJER","SJER_019","distributed","2kN0Z0OxE8ESp2OZlPr9inkwNhuc0nx/4T8gEhL9cSI=",,"2019-03-28T16:40Z","2019-03-29T00:06Z","2019-04-02T18:32Z","OK","2kN0Z0OxE8ESp2OZlPr9inkwNhuc0nx/d9SyuQAnXNs=","A00000062421","2kN0Z0OxE8ESp2OZlPr9inkwNhuc0nx/sagqbadMz8M=","A00000062422","2kN0Z0OxE8ESp2OZlPr9inkwNhuc0nx/P/Pyg1yoLOU=","A00000062423",,"N","0000-0002-9129-5419",,
"554c9eec-d674-4c6b-9970-3508c68f9dc1","SJER_012.basePlot.cfc","D17","SJER","SJER_012","distributed","2kN0Z0OxE8HfzJ2cXhW90gTLmh7AQNfvvcSjLpKcNC8=",,"2019-03-28T20:09Z","2019-03-28T22:00Z","2019-04-02T18:43Z","OK","2kN0Z0OxE8HfzJ2cXhW90gTLmh7AQNfvX3acrTdyIMM=","A00000062416","2kN0Z0OxE8HfzJ2cXhW90gTLmh7AQNfvbOzK+Ai/x1A=","A00000062424","2kN0Z0OxE8HfzJ2cXhW90gTLmh7AQNfvdk5+1CXuYz4=","A00000062425",,"N","0000-0002-9129-5419",,
"40b421a0-be17-4ac4-bbb8-118979068909","SJER_012.basePlot.cfc","D17","SJER","SJER_012","distributed","2kN0Z0OxE8GeT1an5Vbz9ik0z5dixN1NADFlM6/uixk=",,"2019-03-28T20:10Z","2019-03-29T00:00Z","2019-04-02T17:29Z","OK","2kN0Z0OxE8GeT1an5Vbz9ik0z5dixN1N1YRzAnnkSKA=","A00000062405","2kN0Z0OxE8GeT1an5Vbz9ik0z5dixN1N+JeTX0AeImk=","A00000062406","2kN0Z0OxE8GeT1an5Vbz9ik0z5dixN1N+28C4smb1lI=","A00000062529",,,"0000-0002-9129-5419",,
