uid,namedLocation,domainID,siteID,plotID,plotType,sampleID,sampleCode,ligninSampleID,ligninSampleBarcode,collectDate,analysisDate,analyticalRepNumber,dryMass,ligninPercent,cellulosePercent,measurementQF,accuracyQF,remarks,laboratoryName,testMethod,analyzedBy,reviewedBy,dataQF
"3cfb05c3-8ecb-4c58-8dbc-e723ab173f59","SJER_047.basePlot.cfc","D17","SJER","SJER_047","tower","2kN0Z0OxE8E+lZV9RHONKqDs6ZKapv+0u7oG7Emx5WE=",,"2kN0Z0OxE8E+lZV9RHONKqDs6ZKapv+0dH2taQTJwrkZVk6l+vhdZg==","A00000062427","2019-03-20T16:30Z","2020-01-30",1,0.486,14.47,15.85,"OK","OK",,"A and L Great Lakes","SOP APF-10-024","5CCjZV/fgtQ=","6AyUQh3hBk8=",
"5e992ae0-f3f5-47ef-b4c0-7418f5ceb5bb","SJER_047.basePlot.cfc","D17","SJER","SJER_047","tower","2kN0Z0OxE8GnauhgI/8jSJpeoaSip4Y/FCxFs7NemNc=",,"2kN0Z0OxE8GnauhgI/8jSJpeoaSip4Y/u3dAkydd+kQ6Vq1bkstX2Q==","A00000062429","2019-03-20T16:47Z","2020-01-30",1,0.484,7.57,8.13,"OK","OK",,"A and L Great Lakes","SOP APF-10-024","5CCjZV/fgtQ=","6AyUQh3hBk8=",
"ab308d30-6f66-4905-970f-3539629c1147","SJER_047.basePlot.cfc","D17","SJER","SJER_047","tower","2kN0Z0OxE8EX0dPugoM0gEE18+LRfi1RArlKGlYLvwE=",,"2kN0Z0OxE8EX0dPugoM0gEE18+LRfi1RNE3O4e7ObJE=","A00000062431","2019-03-20T17:32Z","2020-01-30",1,0.484,3.07,21.75,"OK","OK",,"A and L Great Lakes","SOP APF-10-024","5CCjZV/fgtQ=","6AyUQh3hBk8=",
"4020646c-8f77-48fe-a70d-d681658adcb4","SJER_046.basePlot.cfc","D17","SJER","SJER_046","tower","2kN0Z0OxE8F0itnBgnoWQ2DjhXjI2smSUTLiITwlIzo=",,"2kN0Z0OxE8F0itnBgnoWQ2DjhXjI2smS2F9ZSMb03kKquz2dTI6Grg==","A00000062418","2019-03-21T17:26Z","2020-01-30",1,0.489,8.78,7.21,"OK","OK",,"A and L Great Lakes","SOP APF-10-024","5CCjZV/fgtQ=","6AyUQh3hBk8=",
"a17040c2-2651-4cde-b12a-e41f407670c6","SJER_046.basePlot.cfc","D17","SJER","SJER_046","tower","2kN0Z0OxE8EqZNFhaFHoFVaMnPgYDebiV1hjVWHZ0RA=",,"2kN0Z0OxE8EqZNFhaFHoFVaMnPgYDebiZt/Aoe0GXPftApXtvzi1yQ==","A00000062420","2019-03-21T17:55Z","2020-01-30",1,0.484,19.58,12.36,"OK","OK",,"A and L Great Lakes","SOP APF-10-024","5CCjZV/fgtQ=","6AyUQh3hBk8=",
"5d125c28-026a-4802-b546-80870151ea72","SJER_046.basePlot.cfc","D17","SJER","SJER_046","tower","2kN0Z0OxE8FrgGadQFQgjyNFoYubzkbft7HCelRuUzE=",,"2kN0Z0OxE8FrgGadQFQgjyNFoYubzkbfH4ccuO1agQM=","A00000062433","2019-03-21T18:26Z","2020-01-30",1,0.457,2.64,18.89,"OK","OK",,"A and L Great Lakes","SOP APF-10-024","5CCjZV/fgtQ=","6AyUQh3hBk8=",
"e6b4cc12-7e25-463f-bc94-2e7cec85793d","SJER_045.basePlot.cfc","D17","SJER","SJER_045","tower","2kN0Z0OxE8Eu4tQpkUVPsADW0gceKEmBYhhOnri9nEA=",,"2kN0Z0OxE8Eu4tQpkUVPsADW0gceKEmBnXeWnsIHOdI=","A00000062411","2019-03-21T19:23Z","2020-01-30",1,0.461,5.67,13.25,"OK","OK",,"A and L Great Lakes","SOP APF-10-024","5CCjZV/fgtQ=","6AyUQh3hBk8=",
"ecd68074-a69c-40d2-b97d-b4da6465f24a","SJER_045.basePlot.cfc","D17","SJER","SJER_045","tower","2kN0Z0OxE8HrKU2Qmu4c9qyGJjwEw/YBgx2PAcfjwtY=",,"2kN0Z0OxE8HrKU2Qmu4c9qyGJjwEw/YBr4p6z26MQ6UWzrpGALXyzA==","A00000062413","2019-03-21T20:16Z","2020-01-30",1,0.495,5.20,11.37,"OK","OK",,"A and L Great Lakes","SOP APF-10-024","5CCjZV/fgtQ=","6AyUQh3hBk8=",
"9b1c45bd-f5c4-4091-97a4-9c95318e3f80","SJER_045.basePlot.cfc","D17","SJER","SJER_045","tower","2kN0Z0OxE8Ght+vqSNjLJvuyEWgosBDJ64mf1a8wgMY=",,"2kN0Z0OxE8Ght+vqSNjLJvuyEWgosBDJUuOtnq1NdBQ=","A00000062415","2019-03-21T20:46Z","2020-01-30",1,0.452,2.66,19.87,"OK","OK",,"A and L Great Lakes","SOP APF-10-024","5CCjZV/fgtQ=","6AyUQh3hBk8=",
"6ec404e9-049b-44ab-8611-e0f098918172","SJER_004.basePlot.cfc","D17","SJER","SJER_004","distributed","2kN0Z0OxE8E6yoOagSqOSRtNLSrhl99uQ0RdgD9X3OE=",,"2kN0Z0OxE8E6yoOagSqOSRtNLSrhl99uv6BVobtmjj0=","A00000062408","2019-03-26T15:29Z","2020-01-30",1,0.454,5.31,26.10,"OK","OK",,"A and L Great Lakes","SOP APF-10-024","5CCjZV/fgtQ=","6AyUQh3hBk8=",
"fe18f455-aa3c-4ef3-a750-f9a985750433","SJER_004.basePlot.cfc","D17","SJER","SJER_004","distributed","2kN0Z0OxE8HY/ANLaNM/Z9TQ8MtVrOUgeHOsKlcNqQc=",,"2kN0Z0OxE8HY/ANLaNM/Z9TQ8MtVrOUgskmFxuSlXy403PpBLBAhDg==","A00000062396","2019-03-26T16:00Z","2020-01-30",1,0.475,4.65,9.40,"OK","OK",,"A and L Great Lakes","SOP APF-10-024","5CCjZV/fgtQ=","6AyUQh3hBk8=",
"c13afae6-fc8e-4451-99b9-5ca43eaa76fb","SJER_005.basePlot.cfc","D17","SJER","SJER_005","distributed","2kN0Z0OxE8Hr/ST52veN+F/G0i29hKz+bdOTAX8+mww=",,"2kN0Z0OxE8Hr/ST52veN+F/G0i29hKz+/ZRumtGCB10=","A00000061802","2019-03-26T17:15Z","2020-01-30",1,0.468,3.47,16.87,"OK","OK",,"A and L Great Lakes","SOP APF-10-024","5CCjZV/fgtQ=","6AyUQh3hBk8=",
"fe43a5ec-ec29-4c4e-bfb8-b32dc9609a36","SJER_005.basePlot.cfc","D17","SJER","SJER_005","distributed","2kN0Z0OxE8GoTaF3l2eqwKj52kbWxr61oywLpDSGm6Y=",,"2kN0Z0OxE8GoTaF3l2eqwKj52kbWxr61N7ZM6nE/+I4=","A00000062391","2019-03-26T17:53Z","2020-01-30",1,0.469,7.97,8.03,"OK","OK",,"A and L Great Lakes","SOP APF-10-024","5CCjZV/fgtQ=","6AyUQh3hBk8=",
"d6fe65fa-66cb-413d-8aa5-c3e8a72e4ab5","SJER_007.basePlot.cfc","D17","SJER","SJER_007","distributed","2kN0Z0OxE8ElZr6rYAw5km9PPEYuhOJY8zUsBFnwhxU=",,"2kN0Z0OxE8ElZr6rYAw5km9PPEYuhOJYI2U37KBlQTE=","A00000061791","2019-03-26T19:11Z","2020-01-30",1,0.470,1.59,17.33,"OK","OK",,"A and L Great Lakes","SOP APF-10-024","5CCjZV/fgtQ=","6AyUQh3hBk8=",
"6c463e02-c79d-489f-9ab4-52e9754568f6","SJER_007.basePlot.cfc","D17","SJER","SJER_007","distributed","2kN0Z0OxE8EXpOZcskMA8lOknWoTJAhLhpKrhYkVQ4Y=",,"2kN0Z0OxE8EXpOZcskMA8lOknWoTJAhLZNeX89E2oag=","A00000062394","2019-03-26T19:52Z","2020-01-30",1,0.475,5.23,9.99,"OK","OK",,"A and L Great Lakes","SOP APF-10-024","5CCjZV/fgtQ=","6AyUQh3hBk8=",
"88309166-a123-4150-b086-c6c1f8cb9ca5","SJER_006.basePlot.cfc","D17","SJER","SJER_006","distributed","2kN0Z0OxE8HK7y4Ug7B/m9gTIZ4LtbgRdQ3N0I6UUbw=",,"2kN0Z0OxE8HK7y4Ug7B/m9gTIZ4LtbgRKIX3BDglsPs=","A00000061797","2019-03-27T15:08Z","2020-01-30",1,0.486,3.00,21.98,"OK","OK",,"A and L Great Lakes","SOP APF-10-024","5CCjZV/fgtQ=","6AyUQh3hBk8=",
"97adb3a8-3eea-4e9c-94fd-2b4a21bf2734","SJER_006.basePlot.cfc","D17","SJER","SJER_006","distributed","2kN0Z0OxE8FufroDTO/Jjpr0TrwPlb+xOHccQZBen58=",,"2kN0Z0OxE8FufroDTO/Jjpr0TrwPlb+xn1Sc+kcmEveHylWIpSdRxA==","A00000062398","2019-03-27T15:42Z","2020-01-30",1,0.496,6.09,8.99,"OK","OK",,"A and L Great Lakes","SOP APF-10-024","5CCjZV/fgtQ=","6AyUQh3hBk8=",
"f1493ee0-d8aa-4b46-a234-c7b8eae63d45","SJER_025.basePlot.cfc","D17","SJER","SJER_025","distributed","2kN0Z0OxE8EMu3R8eYj5xN/6hDPf09jF06PkPHv+LqU=",,"2kN0Z0OxE8EMu3R8eYj5xN/6hDPf09jFqC9BFzbNoVk=","A00000061805","2019-03-27T17:42Z","2020-01-30",1,0.470,5.14,28.18,"OK","OK",,"A and L Great Lakes","SOP APF-10-024","5CCjZV/fgtQ=","6AyUQh3hBk8=",
"eebe046a-d693-45c4-b9d5-f8e65869d45f","SJER_025.basePlot.cfc","D17","SJER","SJER_025","distributed","2kN0Z0OxE8Hz4DkUohEzLJNSvGT/VDdp/4tY5xL1ALs=",,"2kN0Z0OxE8Hz4DkUohEzLJNSvGT/VDdpykaxEJHmbBo=","A00000062401","2019-03-27T18:13Z","2020-01-30",1,0.479,12.39,14.78,"OK","OK",,"A and L Great Lakes","SOP APF-10-024","5CCjZV/fgtQ=","6AyUQh3hBk8=",
"994ea9ed-4793-4e0d-8077-e9bad7f58cb7","SJER_014.basePlot.cfc","D17","SJER","SJER_014","distributed","2kN0Z0OxE8GgcyGjlRGWMpEXrHmkEBaOQWcTWbMHN08=",,"2kN0Z0OxE8GgcyGjlRGWMpEXrHmkEBaOy4wBBxkeDsA=","A00000061808","2019-03-27T20:35Z","2020-01-30",1,0.458,3.58,21.64,"OK","OK",,"A and L Great Lakes","SOP APF-10-024","5CCjZV/fgtQ=","6AyUQh3hBk8=",
"863f1208-619a-4ef6-8484-9f802463740f","SJER_016.basePlot.cfc","D17","SJER","SJER_016","distributed","2kN0Z0OxE8FjnNzpkc8JhHgREbvwdKYSE9oPpOCEWbE=",,"2kN0Z0OxE8FjnNzpkc8JhHgREbvwdKYSiWa2F+KqUyK88dZQndFA5w==","A00000062404","2019-03-27T21:23Z","2020-01-30",1,0.489,13.04,14.71,"OK","OK",,"A and L Great Lakes","SOP APF-10-024","5CCjZV/fgtQ=","6AyUQh3hBk8=",
"4b60ecd0-73ea-4b25-a545-ded506bf0756","SJER_016.basePlot.cfc","D17","SJER","SJER_016","distributed","2kN0Z0OxE8EdHCE0H8fEFSNc/DiPr5nV8NJ5SNU81LY=",,"2kN0Z0OxE8EdHCE0H8fEFSNc/DiPr5nV5yDHVnI7EjQ=","A00000061794","2019-03-27T21:28Z","2020-01-30",1,0.460,2.16,29.51,"OK","OK",,"A and L Great Lakes","SOP APF-10-024","5CCjZV/fgtQ=","6AyUQh3hBk8=",
"4d31f97f-d8b4-430d-913d-867eae77084a","SJER_001.basePlot.cfc","D17","SJER","SJER_001","distributed","2kN0Z0OxE8EKT18zkbawyweuoYHqBzNxqV5SFrxN3s4=",,"2kN0Z0OxE8EKT18zkbawyweuoYHqBzNxGIi+TAEeNKA=","A00000061799","2019-03-28T15:47Z","2020-01-30",1,0.462,3.94,21.59,"OK","OK",,"A and L Great Lakes","SOP APF-10-024","5CCjZV/fgtQ=","6AyUQh3hBk8=",
"94a68c08-8852-4769-a411-d8c6b3690ac2","SJER_019.basePlot.cfc","D17","SJER","SJER_019","distributed","2kN0Z0OxE8ESp2OZlPr9inkwNhuc0nx/4T8gEhL9cSI=",,"2kN0Z0OxE8ESp2OZlPr9inkwNhuc0nx/sagqbadMz8M=","A00000062422","2019-03-28T16:40Z","2020-01-30",1,0.451,3.22,18.68,"OK","OK",,"A and L Great Lakes","SOP APF-10-024","5CCjZV/fgtQ=","6AyUQh3hBk8=",
"fb10066b-2c1f-4681-9f49-5f32e0437383","SJER_012.basePlot.cfc","D17","SJER","SJER_012","distributed","2kN0Z0OxE8HfzJ2cXhW90gTLmh7AQNfvvcSjLpKcNC8=",,"2kN0Z0OxE8HfzJ2cXhW90gTLmh7AQNfvbOzK+Ai/x1A=","A00000062424","2019-03-28T20:09Z","2020-01-30",1,0.470,5.72,26.23,"OK","OK",,"A and L Great Lakes","SOP APF-10-024","5CCjZV/fgtQ=","6AyUQh3hBk8=",
"346298bd-2175-49b6-84cd-21cd6849a975","SJER_012.basePlot.cfc","D17","SJER","SJER_012","distributed","2kN0Z0OxE8GeT1an5Vbz9ik0z5dixN1NADFlM6/uixk=",,"2kN0Z0OxE8GeT1an5Vbz9ik0z5dixN1N+JeTX0AeImk=","A00000062406","2019-03-28T20:10Z","2020-01-30",1,0.479,4.86,9.53,"OK","OK",,"A and L Great Lakes","SOP APF-10-024","5CCjZV/fgtQ=","6AyUQh3hBk8=",
