uid,namedLocation,domainID,siteID,plotID,nrcsDescriptionID,collectDate,horizonID,horizonName,bulkDensProcessedDate,bulkDensMethodPub,bulkDensMethod,bulkDensIDnrcs,bulkDensSampleType,bulkDensCenterDepth,bulkDensTopDepth,bulkDensBottomDepth,bulkDensThirdBar,bulkDensOvenDry,bulkDensFieldMoist,waterRetentionThirdBar,fieldWaterContent,laboratoryName,remarks,dataQF
"6bf3d2e2-07be-497f-b20d-352c90ad802a","ONAQ_015.basePlot.all","D15","ONAQ","ONAQ_015","S2016UT045015","2016-11-07","17N02734","Ck1","2018-03-13","Kellogg Soil Survey Laboratory Methods Manual, Soil Survey Investigations Report No. 42 Version 5.0, Issued 2014","Bulk Density, Clods (3B1)","S2016UT045015-4","clod",78.5,68.0,89.0,1.31,1.37,,17.9,,"USDA NRCS Kellogg Soil Survey Laboratory",,
"caf7b4d9-f26d-452b-ba5f-e6ebcce418ee","ONAQ_011.basePlot.all","D15","ONAQ","ONAQ_011","S2016UT045011","2016-11-07","17N02726","A1","2018-03-13","Kellogg Soil Survey Laboratory Methods Manual, Soil Survey Investigations Report No. 42 Version 5.0, Issued 2014","Bulk Density, Clods (3B1)","S2016UT045011-1","clod",4.0,0.0,8.0,1.35,1.40,,20.1,,"USDA NRCS Kellogg Soil Survey Laboratory",,
"562535fd-ff22-46f6-b00d-e7c900af6946","ONAQ_011.basePlot.all","D15","ONAQ","ONAQ_011","S2016UT045011","2016-11-07","17N02727","A2","2018-03-13","Kellogg Soil Survey Laboratory Methods Manual, Soil Survey Investigations Report No. 42 Version 5.0, Issued 2014","Bulk Density, Clods (3B1)","S2016UT045011-2","clod",16.0,8.0,24.0,1.23,1.27,,18.3,,"USDA NRCS Kellogg Soil Survey Laboratory",,
"449acadb-8273-45f6-83bd-126e9379ce4a","ONAQ_015.basePlot.all","D15","ONAQ","ONAQ_015","S2016UT045015","2016-11-07","17N02732","Bk1","2018-03-13","Kellogg Soil Survey Laboratory Methods Manual, Soil Survey Investigations Report No. 42 Version 5.0, Issued 2014","Bulk Density, Clods (3B1)","S2016UT045015-2","clod",25.0,9.0,41.0,1.23,1.27,,18.5,,"USDA NRCS Kellogg Soil Survey Laboratory",,
"153e1935-f4df-4bd4-8f0b-5724959fbe6d","ONAQ_011.basePlot.all","D15","ONAQ","ONAQ_011","S2016UT045011","2016-11-07","17N02729","Ck","2018-03-13","Kellogg Soil Survey Laboratory Methods Manual, Soil Survey Investigations Report No. 42 Version 5.0, Issued 2014","Bulk Density, Clods (3B1)","S2016UT045011-4","clod",66.5,46.0,87.0,1.28,1.31,,20.9,,"USDA NRCS Kellogg Soil Survey Laboratory",,
"fed99044-bc3c-4a4e-b4c9-77d2306fb38c","ONAQ_011.basePlot.all","D15","ONAQ","ONAQ_011","S2016UT045011","2016-11-07","17N02728","Bk","2018-08-21","Kellogg Soil Survey Laboratory Methods Manual, Soil Survey Investigations Report No. 42 Version 5.0, Issued 2014","Bulk Density, Clods (3B1)","S2016UT045011-3","clod",35.0,24.0,46.0,,,,,,"USDA NRCS Kellogg Soil Survey Laboratory","Sample could not be analyzed.",
"1182fd68-3c98-48a5-812b-b8937b61e8a7","ONAQ_015.basePlot.all","D15","ONAQ","ONAQ_015","S2016UT045015","2016-11-07","17N02731","A","2018-03-13","Kellogg Soil Survey Laboratory Methods Manual, Soil Survey Investigations Report No. 42 Version 5.0, Issued 2014","Bulk Density, Clods (3B1)","S2016UT045015-1","clod",4.5,0.0,9.0,1.27,1.32,,18.2,,"USDA NRCS Kellogg Soil Survey Laboratory",,
"dedafec2-ffed-47f7-88f5-08d77dac1a77","ONAQ_015.basePlot.all","D15","ONAQ","ONAQ_015","S2016UT045015","2016-11-07","17N02733","Bk2","2018-03-13","Kellogg Soil Survey Laboratory Methods Manual, Soil Survey Investigations Report No. 42 Version 5.0, Issued 2014","Bulk Density, Clods (3B1)","S2016UT045015-3","clod",54.5,41.0,68.0,1.34,1.40,,17.6,,"USDA NRCS Kellogg Soil Survey Laboratory",,
"57dab6ab-040d-46a9-8d27-89b2bf083e9d","ONAQ_011.basePlot.all","D15","ONAQ","ONAQ_011","S2016UT045011","2016-11-07","17N02730","C","2018-03-13","Kellogg Soil Survey Laboratory Methods Manual, Soil Survey Investigations Report No. 42 Version 5.0, Issued 2014","Bulk Density, Clods (3B1)","S2016UT045011-5","clod",93.5,87.0,100.0,1.26,1.30,,15.3,,"USDA NRCS Kellogg Soil Survey Laboratory",,
"7ecc8441-10a1-4edf-99e6-830f29a5f990","ONAQ_024.basePlot.all","D15","ONAQ","ONAQ_024","S2016UT045024","2016-11-08","17N02736","A","2018-03-13","Kellogg Soil Survey Laboratory Methods Manual, Soil Survey Investigations Report No. 42 Version 5.0, Issued 2014","Bulk Density, Clods (3B1)","S2016UT045024-1","clod",4.0,0.0,8.0,1.20,1.29,,14.0,,"USDA NRCS Kellogg Soil Survey Laboratory",,
"49d5e0d4-907e-4a16-a74c-1e63408743a6","ONAQ_024.basePlot.all","D15","ONAQ","ONAQ_024","S2016UT045024","2016-11-08","17N02740","Ck2","2018-03-13","Kellogg Soil Survey Laboratory Methods Manual, Soil Survey Investigations Report No. 42 Version 5.0, Issued 2014","Bulk Density, Clods (3B1)","S2016UT045024-5","clod",91.0,82.0,100.0,1.27,1.33,,27.7,,"USDA NRCS Kellogg Soil Survey Laboratory",,
"587164f2-dc19-4daa-bfdc-8019e735956e","ONAQ_024.basePlot.all","D15","ONAQ","ONAQ_024","S2016UT045024","2016-11-08","17N02739","Ck1","2018-03-13","Kellogg Soil Survey Laboratory Methods Manual, Soil Survey Investigations Report No. 42 Version 5.0, Issued 2014","Bulk Density, Clods (3B1)","S2016UT045024-4","clod",69.0,56.0,82.0,1.31,1.35,,19.7,,"USDA NRCS Kellogg Soil Survey Laboratory",,
"53f6d2ec-ceb8-497c-834b-cca1399a1557","ONAQ_008.basePlot.all","D15","ONAQ","ONAQ_008","S2016UT045008","2016-11-08","17N02741","A","2018-03-13","Kellogg Soil Survey Laboratory Methods Manual, Soil Survey Investigations Report No. 42 Version 5.0, Issued 2014","Bulk Density, Clods (3B1)","S2016UT045008-1","clod",9.0,0.0,18.0,1.09,1.15,,28.8,,"USDA NRCS Kellogg Soil Survey Laboratory",,
"4b8d764d-68ec-49d2-b83f-ceb6d716b3f5","ONAQ_024.basePlot.all","D15","ONAQ","ONAQ_024","S2016UT045024","2016-11-08","17N02738","Bk2","2018-03-13","Kellogg Soil Survey Laboratory Methods Manual, Soil Survey Investigations Report No. 42 Version 5.0, Issued 2014","Bulk Density, Clods (3B1)","S2016UT045024-3","clod",44.5,33.0,56.0,1.26,1.33,,16.4,,"USDA NRCS Kellogg Soil Survey Laboratory",,
"02802f41-7f12-426a-8922-79007bdda86b","ONAQ_024.basePlot.all","D15","ONAQ","ONAQ_024","S2016UT045024","2016-11-08","17N02737","Bk1","2018-03-13","Kellogg Soil Survey Laboratory Methods Manual, Soil Survey Investigations Report No. 42 Version 5.0, Issued 2014","Bulk Density, Clods (3B1)","S2016UT045024-2","clod",20.5,8.0,33.0,1.24,1.28,,18.3,,"USDA NRCS Kellogg Soil Survey Laboratory",,
"b0b1598d-20bb-48be-85f4-6317cc4a89ae","ONAQ_032.basePlot.all","D15","ONAQ","ONAQ_032","S2016UT045032","2016-11-08","17N02745","Ak","2018-03-13","Kellogg Soil Survey Laboratory Methods Manual, Soil Survey Investigations Report No. 42 Version 5.0, Issued 2014","Bulk Density, Clods (3B1)","S2016UT045032-1","clod",14.0,0.0,28.0,1.04,1.14,,28.0,,"USDA NRCS Kellogg Soil Survey Laboratory",,
"e6fe9eb1-8919-4015-8f31-f77c9ab18dda","ONAQ_008.basePlot.all","D15","ONAQ","ONAQ_008","S2016UT045008","2016-11-08","17N02742","ABk","2018-03-13","Kellogg Soil Survey Laboratory Methods Manual, Soil Survey Investigations Report No. 42 Version 5.0, Issued 2014","Bulk Density, Clods (3B1)","S2016UT045008-2","clod",29.5,18.0,41.0,1.19,1.26,,24.6,,"USDA NRCS Kellogg Soil Survey Laboratory",,
"21fc3d41-6096-4e76-baf0-373f3e926d49","ONAQ_008.basePlot.all","D15","ONAQ","ONAQ_008","S2016UT045008","2016-11-08","17N02743","Bk","2018-03-13","Kellogg Soil Survey Laboratory Methods Manual, Soil Survey Investigations Report No. 42 Version 5.0, Issued 2014","Bulk Density, Clods (3B1)","S2016UT045008-3","clod",55.5,41.0,70.0,1.39,1.47,,23.5,,"USDA NRCS Kellogg Soil Survey Laboratory",,
"75526c08-4229-499d-b288-c9fd353decb3","ONAQ_008.basePlot.all","D15","ONAQ","ONAQ_008","S2016UT045008","2016-11-08","17N02744","Ck","2018-03-13","Kellogg Soil Survey Laboratory Methods Manual, Soil Survey Investigations Report No. 42 Version 5.0, Issued 2014","Bulk Density, Clods (3B1)","S2016UT045008-4","clod",85.0,70.0,100.0,1.31,1.38,,19.6,,"USDA NRCS Kellogg Soil Survey Laboratory",,
"5752496a-5c31-4021-82ca-419b6eae9fda","ONAQ_004.basePlot.all","D15","ONAQ","ONAQ_004","S2016UT045004","2016-11-09","17N02754","Btk","2018-03-13","Kellogg Soil Survey Laboratory Methods Manual, Soil Survey Investigations Report No. 42 Version 5.0, Issued 2014","Bulk Density, Clods (3B1)","S2016UT045004-4","clod",42.5,29.0,56.0,1.24,1.43,,32.9,,"USDA NRCS Kellogg Soil Survey Laboratory",,
"f18424a3-4856-4f32-ae8b-ea225ad4d673","ONAQ_025.basePlot.all","D15","ONAQ","ONAQ_025","S2016UT045025","2016-11-09","17N02747","A1","2018-03-13","Kellogg Soil Survey Laboratory Methods Manual, Soil Survey Investigations Report No. 42 Version 5.0, Issued 2014","Bulk Density, Clods (3B1)","S2016UT045025-1","clod",7.0,0.0,14.0,1.07,1.16,,35.0,,"USDA NRCS Kellogg Soil Survey Laboratory",,
"2d0ef419-a294-45f6-844c-d9ac5d6a3538","ONAQ_018.basePlot.all","D15","ONAQ","ONAQ_018","S2016UT045018","2016-11-09","17N02756","A1","2018-03-13","Kellogg Soil Survey Laboratory Methods Manual, Soil Survey Investigations Report No. 42 Version 5.0, Issued 2014","Bulk Density, Clods (3B1)","S2016UT045018-1","clod",6.0,0.0,12.0,1.09,1.15,,25.3,,"USDA NRCS Kellogg Soil Survey Laboratory",,
"3461ef42-5a1a-4665-9341-c6d074a3878a","ONAQ_018.basePlot.all","D15","ONAQ","ONAQ_018","S2016UT045018","2016-11-09","17N02757","A2","2018-03-13","Kellogg Soil Survey Laboratory Methods Manual, Soil Survey Investigations Report No. 42 Version 5.0, Issued 2014","Bulk Density, Clods (3B1)","S2016UT045018-2","clod",17.5,12.0,23.0,1.14,1.20,,24.9,,"USDA NRCS Kellogg Soil Survey Laboratory",,
"f06f412f-a1fe-4d15-aab4-6aa666078bdf","ONAQ_004.basePlot.all","D15","ONAQ","ONAQ_004","S2016UT045004","2016-11-09","17N02751","A1","2018-03-13","Kellogg Soil Survey Laboratory Methods Manual, Soil Survey Investigations Report No. 42 Version 5.0, Issued 2014","Bulk Density, Clods (3B1)","S2016UT045004-1","clod",3.5,0.0,7.0,1.28,1.36,,20.4,,"USDA NRCS Kellogg Soil Survey Laboratory",,
"f75d40f4-e039-4ce6-b9a1-57e9b52145a9","ONAQ_029.basePlot.all","D15","ONAQ","ONAQ_029","S2016UT045029","2016-11-09","17N02761","A","2018-03-13","Kellogg Soil Survey Laboratory Methods Manual, Soil Survey Investigations Report No. 42 Version 5.0, Issued 2014","Bulk Density, Clods (3B1)","S2016UT045029-1","clod",3.0,0.0,6.0,1.30,1.34,,13.3,,"USDA NRCS Kellogg Soil Survey Laboratory",,
"b95b163a-3398-4fb6-8718-98acbe072e9b","ONAQ_025.basePlot.all","D15","ONAQ","ONAQ_025","S2016UT045025","2016-11-09","17N02748","A2","2018-03-13","Kellogg Soil Survey Laboratory Methods Manual, Soil Survey Investigations Report No. 42 Version 5.0, Issued 2014","Bulk Density, Clods (3B1)","S2016UT045025-2","clod",30.5,14.0,47.0,1.09,1.18,,25.1,,"USDA NRCS Kellogg Soil Survey Laboratory",,
"97eef82e-e4e8-42a6-b025-ad4fbe03096a","ONAQ_025.basePlot.all","D15","ONAQ","ONAQ_025","S2016UT045025","2016-11-09","17N02750","Bk","2018-03-13","Kellogg Soil Survey Laboratory Methods Manual, Soil Survey Investigations Report No. 42 Version 5.0, Issued 2014","Bulk Density, Clods (3B1)","S2016UT045025-4","clod",81.0,62.0,100.0,1.22,1.31,,27.9,,"USDA NRCS Kellogg Soil Survey Laboratory",,
"8e3f45ee-28be-4b73-b043-eabd4aa4af58","ONAQ_018.basePlot.all","D15","ONAQ","ONAQ_018","S2016UT045018","2016-11-09","17N02758","Bkk","2018-03-13","Kellogg Soil Survey Laboratory Methods Manual, Soil Survey Investigations Report No. 42 Version 5.0, Issued 2014","Bulk Density, Clods (3B1)","S2016UT045018-3","clod",40.0,23.0,57.0,1.05,1.08,,34.6,,"USDA NRCS Kellogg Soil Survey Laboratory",,
"7d56c13d-2b45-4f0e-ae14-947dce2cb91d","ONAQ_029.basePlot.all","D15","ONAQ","ONAQ_029","S2016UT045029","2016-11-09","17N02762","Bk","2018-03-13","Kellogg Soil Survey Laboratory Methods Manual, Soil Survey Investigations Report No. 42 Version 5.0, Issued 2014","Bulk Density, Clods (3B1)","S2016UT045029-2","clod",14.0,6.0,22.0,0.99,1.07,,19.1,,"USDA NRCS Kellogg Soil Survey Laboratory",,
"1878f193-99d1-4922-8c62-086ccb6d9e1a","ONAQ_004.basePlot.all","D15","ONAQ","ONAQ_004","S2016UT045004","2016-11-09","17N02752","A2","2018-03-13","Kellogg Soil Survey Laboratory Methods Manual, Soil Survey Investigations Report No. 42 Version 5.0, Issued 2014","Bulk Density, Clods (3B1)","S2016UT045004-2","clod",10.0,7.0,13.0,1.35,1.43,,20.5,,"USDA NRCS Kellogg Soil Survey Laboratory",,
"ae7d400b-1018-4691-9f2d-825c8efbd499","ONAQ_025.basePlot.all","D15","ONAQ","ONAQ_025","S2016UT045025","2016-11-09","17N02749","ABk","2018-03-13","Kellogg Soil Survey Laboratory Methods Manual, Soil Survey Investigations Report No. 42 Version 5.0, Issued 2014","Bulk Density, Clods (3B1)","S2016UT045025-3","clod",54.5,47.0,62.0,1.04,1.13,,27.4,,"USDA NRCS Kellogg Soil Survey Laboratory",,
"5793073c-aac4-422b-bd5e-82cbfe576547","ONAQ_004.basePlot.all","D15","ONAQ","ONAQ_004","S2016UT045004","2016-11-09","17N02753","Bt","2018-03-13","Kellogg Soil Survey Laboratory Methods Manual, Soil Survey Investigations Report No. 42 Version 5.0, Issued 2014","Bulk Density, Clods (3B1)","S2016UT045004-3","clod",21.0,13.0,29.0,1.44,1.59,,22.7,,"USDA NRCS Kellogg Soil Survey Laboratory",,
"3e58e50c-229a-4485-849d-e687d7eadbfd","ONAQ_018.basePlot.all","D15","ONAQ","ONAQ_018","S2016UT045018","2016-11-09","17N02760","Ck2","2018-03-13","Kellogg Soil Survey Laboratory Methods Manual, Soil Survey Investigations Report No. 42 Version 5.0, Issued 2014","Bulk Density, Clods (3B1)","S2016UT045018-5","clod",91.5,83.0,100.0,1.24,1.33,,25.8,,"USDA NRCS Kellogg Soil Survey Laboratory",,
