uid,namedLocation,domainID,siteID,plotID,nrcsDescriptionID,collectDate,horizonID,horizonName,biogeoIDnrcs,biogeoSampleType,biogeoTopDepth,biogeoBottomDepth,biogeoCenterDepth,particleSizeDistProcessedDate,particleSizeDistMethodPub,particleSizeDistMethod,coarseFrag2To5,coarseFrag5To20,sandTotal,siltTotal,clayTotal,carbonateClay,clayFineContent,siltFineContent,siltCoarseContent,sandVeryFineContent,sandFineContent,sandMediumContent,sandCoarseContent,sandVeryCoarseContent,laboratoryName,dataQF
"6c1b87e6-49cb-421a-b952-7883da6251a8","ONAQ_011.basePlot.all","D15","ONAQ","ONAQ_011","S2016UT045011","2016-11-07","17N02729","Ck","S2016UT045011-4","bulk",46.0,87.0,66.5,"2018-01-07","Kellogg Soil Survey Laboratory Methods Manual, Soil Survey Investigations Report No. 42 Version 5.0, Issued 2014","Routine Particle Size Distribution (3A1a1a)",7.9,15.0,40.4,42.1,17.5,6.8,,20.1,22.0,30.3,8.1,1.4,0.5,0.1,"USDA NRCS Kellogg Soil Survey Laboratory",
"bf203825-3247-4cf3-88ae-8443dbf4e3b0","ONAQ_011.basePlot.all","D15","ONAQ","ONAQ_011","S2016UT045011","2016-11-07","17N02726","A1","S2016UT045011-1","bulk",0.0,8.0,4.0,"2018-01-07","Kellogg Soil Survey Laboratory Methods Manual, Soil Survey Investigations Report No. 42 Version 5.0, Issued 2014","Routine Particle Size Distribution (3A1a1a)",26.0,44.3,37.7,49.5,12.8,5.0,,20.7,28.8,24.9,8.2,2.1,1.2,1.3,"USDA NRCS Kellogg Soil Survey Laboratory",
"4a36203e-fd86-40ac-b7c6-eebd6e32c4fc","ONAQ_015.basePlot.all","D15","ONAQ","ONAQ_015","S2016UT045015","2016-11-07","17N02734","Ck1","S2016UT045015-4","bulk",68.0,89.0,78.5,"2018-01-07","Kellogg Soil Survey Laboratory Methods Manual, Soil Survey Investigations Report No. 42 Version 5.0, Issued 2014","Routine Particle Size Distribution (3A1a1a)",13.7,24.5,44.4,38.4,17.2,5.2,,16.9,21.5,27.9,12.6,2.4,1.0,0.5,"USDA NRCS Kellogg Soil Survey Laboratory",
"bb2d393b-b644-4b5b-88f4-b74e180b8c8a","ONAQ_015.basePlot.all","D15","ONAQ","ONAQ_015","S2016UT045015","2016-11-07","17N02733","Bk2","S2016UT045015-3","bulk",41.0,68.0,54.5,"2018-01-07","Kellogg Soil Survey Laboratory Methods Manual, Soil Survey Investigations Report No. 42 Version 5.0, Issued 2014","Routine Particle Size Distribution (3A1a1a)",16.0,13.3,50.1,33.4,16.5,5.2,,16.4,17.0,34.1,12.5,2.0,1.0,0.5,"USDA NRCS Kellogg Soil Survey Laboratory",
"6d247ab6-509d-4857-954b-b68b4e471ede","ONAQ_015.basePlot.all","D15","ONAQ","ONAQ_015","S2016UT045015","2016-11-07","17N02731","A","S2016UT045015-1","bulk",0.0,9.0,4.5,"2018-01-18","Kellogg Soil Survey Laboratory Methods Manual, Soil Survey Investigations Report No. 42 Version 5.0, Issued 2014","Routine Particle Size Distribution (3A1a1a)",4.8,20.8,35.3,50.0,14.7,3.2,,24.7,25.3,24.7,8.3,1.4,0.5,0.4,"USDA NRCS Kellogg Soil Survey Laboratory",
"f89dd513-a528-4c9c-9aa5-49260a582feb","ONAQ_011.basePlot.all","D15","ONAQ","ONAQ_011","S2016UT045011","2016-11-07","17N02728","Bk","S2016UT045011-3","bulk",24.0,46.0,35.0,"2018-01-07","Kellogg Soil Survey Laboratory Methods Manual, Soil Survey Investigations Report No. 42 Version 5.0, Issued 2014","Routine Particle Size Distribution (3A1a1a)",6.7,3.9,34.0,48.9,17.1,7.8,,26.0,22.9,27.0,4.2,1.8,0.6,0.4,"USDA NRCS Kellogg Soil Survey Laboratory",
"2c410ccd-df25-440b-b9a8-a4dc612c54d5","ONAQ_015.basePlot.all","D15","ONAQ","ONAQ_015","S2016UT045015","2016-11-07","17N02732","Bk1","S2016UT045015-2","bulk",9.0,41.0,25.0,"2018-01-18","Kellogg Soil Survey Laboratory Methods Manual, Soil Survey Investigations Report No. 42 Version 5.0, Issued 2014","Routine Particle Size Distribution (3A1a1a)",4.1,9.2,34.2,49.6,16.2,3.7,,23.1,26.5,26.0,7.0,0.7,0.3,0.2,"USDA NRCS Kellogg Soil Survey Laboratory",
"fa87edc5-4441-49e4-bd75-1579ff1622c0","ONAQ_011.basePlot.all","D15","ONAQ","ONAQ_011","S2016UT045011","2016-11-07","17N02730","C","S2016UT045011-5","bulk",87.0,100.0,93.5,"2018-01-18","Kellogg Soil Survey Laboratory Methods Manual, Soil Survey Investigations Report No. 42 Version 5.0, Issued 2014","Routine Particle Size Distribution (3A1a1a)",14.9,31.5,43.8,39.4,16.8,5.7,,18.2,21.2,31.0,9.5,1.9,0.7,0.7,"USDA NRCS Kellogg Soil Survey Laboratory",
"ee4b7466-252f-4dc5-b3ac-4e4f1b744570","ONAQ_015.basePlot.all","D15","ONAQ","ONAQ_015","S2016UT045015","2016-11-07","17N02735","Ck2","S2016UT045015-5","bulk",89.0,100.0,94.5,"2018-01-07","Kellogg Soil Survey Laboratory Methods Manual, Soil Survey Investigations Report No. 42 Version 5.0, Issued 2014","Routine Particle Size Distribution (3A1a1a)",28.2,337.6,45.2,35.8,19.0,6.3,,16.6,19.2,21.6,10.2,6.7,4.6,2.1,"USDA NRCS Kellogg Soil Survey Laboratory",
"a2bfc48b-cef6-446d-a393-b37af07bdd3b","ONAQ_011.basePlot.all","D15","ONAQ","ONAQ_011","S2016UT045011","2016-11-07","17N02727","A2","S2016UT045011-2","bulk",8.0,24.0,16.0,"2018-01-07","Kellogg Soil Survey Laboratory Methods Manual, Soil Survey Investigations Report No. 42 Version 5.0, Issued 2014","Routine Particle Size Distribution (3A1a1a)",25.5,29.3,33.6,48.8,17.6,6.3,,23.9,24.9,23.1,6.7,1.8,1.1,0.9,"USDA NRCS Kellogg Soil Survey Laboratory",
"04f11895-7902-404e-8334-0b0dbc54f99a","ONAQ_024.basePlot.all","D15","ONAQ","ONAQ_024","S2016UT045024","2016-11-08","17N02740","Ck2","S2016UT045024-5","bulk",82.0,100.0,91.0,"2018-01-07","Kellogg Soil Survey Laboratory Methods Manual, Soil Survey Investigations Report No. 42 Version 5.0, Issued 2014","Routine Particle Size Distribution (3A1a1a)",15.5,15.2,39.4,44.4,16.2,4.3,,20.4,24.0,27.8,8.3,1.7,1.0,0.6,"USDA NRCS Kellogg Soil Survey Laboratory",
"52ec230c-6890-427e-a2fc-32fab9ac9712","ONAQ_008.basePlot.all","D15","ONAQ","ONAQ_008","S2016UT045008","2016-11-08","17N02742","ABk","S2016UT045008-2","bulk",18.0,41.0,29.5,"2018-01-07","Kellogg Soil Survey Laboratory Methods Manual, Soil Survey Investigations Report No. 42 Version 5.0, Issued 2014","Routine Particle Size Distribution (3A1a1a)",107.8,281.4,34.3,42.4,23.3,7.8,,23.5,18.9,16.3,6.2,2.9,3.3,5.6,"USDA NRCS Kellogg Soil Survey Laboratory",
"f0992e54-fa37-4512-83be-210f451c43df","ONAQ_024.basePlot.all","D15","ONAQ","ONAQ_024","S2016UT045024","2016-11-08","17N02736","A","S2016UT045024-1","bulk",0.0,8.0,4.0,"2018-01-07","Kellogg Soil Survey Laboratory Methods Manual, Soil Survey Investigations Report No. 42 Version 5.0, Issued 2014","Routine Particle Size Distribution (3A1a1a)",6.2,12.7,51.8,38.1,10.1,1.8,,15.1,23.0,38.1,11.0,1.6,0.7,0.4,"USDA NRCS Kellogg Soil Survey Laboratory",
"837db93e-bb97-4b76-916f-78ab2aa29445","ONAQ_032.basePlot.all","D15","ONAQ","ONAQ_032","S2016UT045032","2016-11-08","17N02746","Bkk","S2016UT045032-2","bulk",28.0,88.0,58.0,"2018-01-07","Kellogg Soil Survey Laboratory Methods Manual, Soil Survey Investigations Report No. 42 Version 5.0, Issued 2014","Routine Particle Size Distribution (3A1a1a)",2.8,5.8,37.5,40.5,22.0,13.7,,33.5,7.0,5.4,6.9,7.8,9.6,7.8,"USDA NRCS Kellogg Soil Survey Laboratory",
"1771096c-34ac-43e2-84ad-ff52075a77ba","ONAQ_008.basePlot.all","D15","ONAQ","ONAQ_008","S2016UT045008","2016-11-08","17N02744","Ck","S2016UT045008-4","bulk",70.0,100.0,85.0,"2018-01-07","Kellogg Soil Survey Laboratory Methods Manual, Soil Survey Investigations Report No. 42 Version 5.0, Issued 2014","Routine Particle Size Distribution (3A1a1a)",94.2,385.4,35.4,43.0,21.6,7.4,,23.7,19.3,21.9,3.9,2.8,3.4,3.4,"USDA NRCS Kellogg Soil Survey Laboratory",
"c4b17bfb-a275-4d44-8a8c-72c35a35f1de","ONAQ_032.basePlot.all","D15","ONAQ","ONAQ_032","S2016UT045032","2016-11-08","17N02745","Ak","S2016UT045032-1","bulk",0.0,28.0,14.0,"2018-01-07","Kellogg Soil Survey Laboratory Methods Manual, Soil Survey Investigations Report No. 42 Version 5.0, Issued 2014","Routine Particle Size Distribution (3A1a1a)",72.9,201.5,24.8,48.6,26.6,4.4,,28.8,19.8,10.7,4.5,3.2,3.8,2.6,"USDA NRCS Kellogg Soil Survey Laboratory",
"7a3c3b6a-d414-4e08-83b8-d4749b6cab29","ONAQ_008.basePlot.all","D15","ONAQ","ONAQ_008","S2016UT045008","2016-11-08","17N02743","Bk","S2016UT045008-3","bulk",41.0,70.0,55.5,"2018-01-07","Kellogg Soil Survey Laboratory Methods Manual, Soil Survey Investigations Report No. 42 Version 5.0, Issued 2014","Routine Particle Size Distribution (3A1a1a)",102.4,281.1,33.9,43.3,22.8,8.6,,22.8,20.5,17.6,5.4,2.5,3.8,4.6,"USDA NRCS Kellogg Soil Survey Laboratory",
"ce43e4be-a357-402a-b5fa-b64957587931","ONAQ_024.basePlot.all","D15","ONAQ","ONAQ_024","S2016UT045024","2016-11-08","17N02737","Bk1","S2016UT045024-2","bulk",8.0,33.0,20.5,"2018-01-07","Kellogg Soil Survey Laboratory Methods Manual, Soil Survey Investigations Report No. 42 Version 5.0, Issued 2014","Routine Particle Size Distribution (3A1a1a)",4.9,4.2,39.3,44.2,16.5,4.0,,20.9,23.3,29.4,7.7,1.5,0.4,0.3,"USDA NRCS Kellogg Soil Survey Laboratory",
"4b2f2d0b-1486-4ed8-b14a-60204bc9e327","ONAQ_024.basePlot.all","D15","ONAQ","ONAQ_024","S2016UT045024","2016-11-08","17N02738","Bk2","S2016UT045024-3","bulk",33.0,56.0,44.5,"2018-01-07","Kellogg Soil Survey Laboratory Methods Manual, Soil Survey Investigations Report No. 42 Version 5.0, Issued 2014","Routine Particle Size Distribution (3A1a1a)",1.5,1.5,36.9,50.2,12.9,4.0,,22.9,27.3,27.7,8.0,0.9,0.2,0.1,"USDA NRCS Kellogg Soil Survey Laboratory",
"d7f10770-f7ee-472e-b6b0-69750ab4a8ce","ONAQ_008.basePlot.all","D15","ONAQ","ONAQ_008","S2016UT045008","2016-11-08","17N02741","A","S2016UT045008-1","bulk",0.0,18.0,9.0,"2018-01-07","Kellogg Soil Survey Laboratory Methods Manual, Soil Survey Investigations Report No. 42 Version 5.0, Issued 2014","Routine Particle Size Distribution (3A1a1a)",102.6,300.5,34.2,41.4,24.4,6.5,,25.2,16.2,16.2,5.6,2.8,4.0,5.6,"USDA NRCS Kellogg Soil Survey Laboratory",
"c18c7d1d-845b-4ad9-8b92-489cbc8da32d","ONAQ_024.basePlot.all","D15","ONAQ","ONAQ_024","S2016UT045024","2016-11-08","17N02739","Ck1","S2016UT045024-4","bulk",56.0,82.0,69.0,"2018-01-07","Kellogg Soil Survey Laboratory Methods Manual, Soil Survey Investigations Report No. 42 Version 5.0, Issued 2014","Routine Particle Size Distribution (3A1a1a)",12.7,12.4,38.7,45.0,16.3,5.4,,19.3,25.7,27.7,8.2,1.1,0.8,0.9,"USDA NRCS Kellogg Soil Survey Laboratory",
"f25b2f91-1cc3-4cfa-bee2-9616b2d58a49","ONAQ_025.basePlot.all","D15","ONAQ","ONAQ_025","S2016UT045025","2016-11-09","17N02749","ABk","S2016UT045025-3","bulk",47.0,62.0,54.5,"2017-12-29","Kellogg Soil Survey Laboratory Methods Manual, Soil Survey Investigations Report No. 42 Version 5.0, Issued 2014","Routine Particle Size Distribution (3A1a1a)",38.9,46.4,27.4,46.7,25.9,4.4,,25.7,21.0,18.9,5.4,1.1,1.1,0.9,"USDA NRCS Kellogg Soil Survey Laboratory",
"de4000f3-7dc9-42a0-8b35-ab3fb1c40d61","ONAQ_004.basePlot.all","D15","ONAQ","ONAQ_004","S2016UT045004","2016-11-09","17N02755","Ck","S2016UT045004-5","bulk",56.0,100.0,78.0,"2017-12-29","Kellogg Soil Survey Laboratory Methods Manual, Soil Survey Investigations Report No. 42 Version 5.0, Issued 2014","Routine Particle Size Distribution (3A1a1a)",115.5,316.6,48.2,33.4,18.4,1.2,,17.0,16.4,18.1,10.2,4.6,6.2,9.1,"USDA NRCS Kellogg Soil Survey Laboratory",
"b2691bdf-8736-462e-8294-5db87f571a4a","ONAQ_029.basePlot.all","D15","ONAQ","ONAQ_029","S2016UT045029","2016-11-09","17N02762","Bk","S2016UT045029-2","bulk",6.0,22.0,14.0,"2017-12-29","Kellogg Soil Survey Laboratory Methods Manual, Soil Survey Investigations Report No. 42 Version 5.0, Issued 2014","Routine Particle Size Distribution (3A1a1a)",100.1,96.9,26.0,44.1,29.9,8.9,,23.1,21.0,14.0,5.4,2.1,2.3,2.2,"USDA NRCS Kellogg Soil Survey Laboratory",
"cdd19b20-2ed9-41c6-bcd1-475be399f5db","ONAQ_018.basePlot.all","D15","ONAQ","ONAQ_018","S2016UT045018","2016-11-09","17N02759","Ck1","S2016UT045018-4","bulk",57.0,83.0,70.0,"2017-12-29","Kellogg Soil Survey Laboratory Methods Manual, Soil Survey Investigations Report No. 42 Version 5.0, Issued 2014","Routine Particle Size Distribution (3A1a1a)",34.8,82.5,28.8,40.9,30.3,17.8,,25.2,15.7,15.2,6.5,2.7,2.0,2.4,"USDA NRCS Kellogg Soil Survey Laboratory",
"d3dc8ba1-2ac3-4338-8aee-2f04362735e6","ONAQ_004.basePlot.all","D15","ONAQ","ONAQ_004","S2016UT045004","2016-11-09","17N02751","A1","S2016UT045004-1","bulk",0.0,7.0,3.5,"2017-12-29","Kellogg Soil Survey Laboratory Methods Manual, Soil Survey Investigations Report No. 42 Version 5.0, Issued 2014","Routine Particle Size Distribution (3A1a1a)",46.6,112.1,33.9,55.9,10.2,1.8,,24.4,31.5,25.7,5.6,1.1,0.9,0.6,"USDA NRCS Kellogg Soil Survey Laboratory",
"0817f235-f711-4338-a8c8-3e30c462558f","ONAQ_018.basePlot.all","D15","ONAQ","ONAQ_018","S2016UT045018","2016-11-09","17N02760","Ck2","S2016UT045018-5","bulk",83.0,100.0,91.5,"2017-12-29","Kellogg Soil Survey Laboratory Methods Manual, Soil Survey Investigations Report No. 42 Version 5.0, Issued 2014","Routine Particle Size Distribution (3A1a1a)",66.6,34.9,29.4,43.5,27.1,8.1,,25.6,17.9,18.3,6.0,2.5,1.4,1.2,"USDA NRCS Kellogg Soil Survey Laboratory",
"8b2c7ccf-eb0c-43a3-bf3b-c228c8b32c71","ONAQ_025.basePlot.all","D15","ONAQ","ONAQ_025","S2016UT045025","2016-11-09","17N02748","A2","S2016UT045025-2","bulk",14.0,47.0,30.5,"2017-12-29","Kellogg Soil Survey Laboratory Methods Manual, Soil Survey Investigations Report No. 42 Version 5.0, Issued 2014","Routine Particle Size Distribution (3A1a1a)",43.9,60.0,28.9,46.9,24.2,2.4,,23.1,23.8,21.2,5.2,0.7,0.7,1.1,"USDA NRCS Kellogg Soil Survey Laboratory",
"3d0b64c2-9c5f-4473-9860-4d3ac6e15588","ONAQ_018.basePlot.all","D15","ONAQ","ONAQ_018","S2016UT045018","2016-11-09","17N02757","A2","S2016UT045018-2","bulk",12.0,23.0,17.5,"2017-12-29","Kellogg Soil Survey Laboratory Methods Manual, Soil Survey Investigations Report No. 42 Version 5.0, Issued 2014","Routine Particle Size Distribution (3A1a1a)",26.4,42.7,47.4,31.9,20.7,6.7,,17.1,14.8,26.3,11.4,4.2,3.4,2.1,"USDA NRCS Kellogg Soil Survey Laboratory",
"16c04fb1-5e6c-43ad-88c0-c92cfca233d0","ONAQ_018.basePlot.all","D15","ONAQ","ONAQ_018","S2016UT045018","2016-11-09","17N02756","A1","S2016UT045018-1","bulk",0.0,12.0,6.0,"2017-12-29","Kellogg Soil Survey Laboratory Methods Manual, Soil Survey Investigations Report No. 42 Version 5.0, Issued 2014","Routine Particle Size Distribution (3A1a1a)",50.1,43.3,54.9,29.5,15.6,5.0,,15.0,14.5,26.6,11.9,5.3,4.9,6.2,"USDA NRCS Kellogg Soil Survey Laboratory",
"5e2c437c-9af2-41e3-9153-33069862fb30","ONAQ_004.basePlot.all","D15","ONAQ","ONAQ_004","S2016UT045004","2016-11-09","17N02754","Btk","S2016UT045004-4","bulk",29.0,56.0,42.5,"2017-12-29","Kellogg Soil Survey Laboratory Methods Manual, Soil Survey Investigations Report No. 42 Version 5.0, Issued 2014","Routine Particle Size Distribution (3A1a1a)",25.1,75.4,28.4,43.9,27.7,8.6,,23.5,20.4,19.2,6.6,1.1,0.8,0.7,"USDA NRCS Kellogg Soil Survey Laboratory",
"b1721376-4039-4ea0-9046-a9a6e8b12c19","ONAQ_004.basePlot.all","D15","ONAQ","ONAQ_004","S2016UT045004","2016-11-09","17N02753","Bt","S2016UT045004-3","bulk",13.0,29.0,21.0,"2017-12-29","Kellogg Soil Survey Laboratory Methods Manual, Soil Survey Investigations Report No. 42 Version 5.0, Issued 2014","Routine Particle Size Distribution (3A1a1a)",61.3,52.8,30.9,43.2,25.9,2.4,,21.6,21.6,23.7,5.6,0.6,0.5,0.5,"USDA NRCS Kellogg Soil Survey Laboratory",
"600e5181-f52d-4412-bcda-5cda82224da2","ONAQ_029.basePlot.all","D15","ONAQ","ONAQ_029","S2016UT045029","2016-11-09","17N02761","A","S2016UT045029-1","bulk",0.0,6.0,3.0,"2017-12-29","Kellogg Soil Survey Laboratory Methods Manual, Soil Survey Investigations Report No. 42 Version 5.0, Issued 2014","Routine Particle Size Distribution (3A1a1a)",83.4,206.4,34.8,43.3,21.9,4.4,,23.1,20.2,19.1,6.1,2.9,3.3,3.4,"USDA NRCS Kellogg Soil Survey Laboratory",
"012ea5c7-06c0-4bed-a521-a6e90d0a6a34","ONAQ_030.basePlot.all","D15","ONAQ","ONAQ_030","S2016UT045030","2016-11-09","17N02763","A","S2016UT045030-1","bulk",0.0,14.0,7.0,"2017-12-29","Kellogg Soil Survey Laboratory Methods Manual, Soil Survey Investigations Report No. 42 Version 5.0, Issued 2014","Routine Particle Size Distribution (3A1a1a)",45.1,97.1,31.8,52.3,15.9,0.0,,25.6,26.7,24.1,5.4,0.3,0.7,1.3,"USDA NRCS Kellogg Soil Survey Laboratory",
"6d59f391-5a41-44de-9299-c058fca5c678","ONAQ_025.basePlot.all","D15","ONAQ","ONAQ_025","S2016UT045025","2016-11-09","17N02747","A1","S2016UT045025-1","bulk",0.0,14.0,7.0,"2018-01-07","Kellogg Soil Survey Laboratory Methods Manual, Soil Survey Investigations Report No. 42 Version 5.0, Issued 2014","Routine Particle Size Distribution (3A1a1a)",52.9,71.9,29.4,51.1,19.5,1.3,,23.5,27.6,21.3,4.8,1.2,1.1,1.0,"USDA NRCS Kellogg Soil Survey Laboratory",
"af9025e2-dbed-49d4-a28c-09bf4be747f7","ONAQ_025.basePlot.all","D15","ONAQ","ONAQ_025","S2016UT045025","2016-11-09","17N02750","Bk","S2016UT045025-4","bulk",62.0,100.0,81.0,"2017-12-29","Kellogg Soil Survey Laboratory Methods Manual, Soil Survey Investigations Report No. 42 Version 5.0, Issued 2014","Routine Particle Size Distribution (3A1a1a)",21.2,16.0,24.3,49.9,25.8,6.1,,27.9,22.0,16.6,5.0,1.2,0.8,0.7,"USDA NRCS Kellogg Soil Survey Laboratory",
"f928ec05-31ae-4593-b790-88cd0ed8fc81","ONAQ_004.basePlot.all","D15","ONAQ","ONAQ_004","S2016UT045004","2016-11-09","17N02752","A2","S2016UT045004-2","bulk",7.0,13.0,10.0,"2017-12-29","Kellogg Soil Survey Laboratory Methods Manual, Soil Survey Investigations Report No. 42 Version 5.0, Issued 2014","Routine Particle Size Distribution (3A1a1a)",22.5,35.7,32.3,53.7,14.0,2.4,,26.7,27.0,23.9,6.2,1.1,0.7,0.4,"USDA NRCS Kellogg Soil Survey Laboratory",
"5bd0e46e-5303-4a68-9a05-3ea8fb11cdfa","ONAQ_018.basePlot.all","D15","ONAQ","ONAQ_018","S2016UT045018","2016-11-09","17N02758","Bkk","S2016UT045018-3","bulk",23.0,57.0,40.0,"2017-12-29","Kellogg Soil Survey Laboratory Methods Manual, Soil Survey Investigations Report No. 42 Version 5.0, Issued 2014","Routine Particle Size Distribution (3A1a1a)",18.3,31.8,39.4,26.8,33.8,23.3,,17.8,9.0,12.0,9.5,6.0,7.2,4.7,"USDA NRCS Kellogg Soil Survey Laboratory",
"cd952fec-9620-49ee-a31a-468751cce232","ONAQ_012.basePlot.all","D15","ONAQ","ONAQ_012","S2016UT045012","2016-11-10","17N02764","A1","S2016UT045012-1","bulk",0.0,17.0,8.5,"2017-12-29","Kellogg Soil Survey Laboratory Methods Manual, Soil Survey Investigations Report No. 42 Version 5.0, Issued 2014","Routine Particle Size Distribution (3A1a1a)",96.5,268.0,28.9,52.9,18.2,0.0,,30.7,22.2,16.3,4.6,1.8,2.2,4.0,"USDA NRCS Kellogg Soil Survey Laboratory",
"a6d6ba6a-08cf-4fa8-842f-ff706b53b16b","ONAQ_012.basePlot.all","D15","ONAQ","ONAQ_012","S2016UT045012","2016-11-10","17N02765","A2","S2016UT045012-2","bulk",17.0,42.0,29.5,"2017-12-29","Kellogg Soil Survey Laboratory Methods Manual, Soil Survey Investigations Report No. 42 Version 5.0, Issued 2014","Routine Particle Size Distribution (3A1a1a)",113.5,136.8,24.0,46.9,29.1,0.0,,28.3,18.6,16.4,4.9,0.5,1.1,1.1,"USDA NRCS Kellogg Soil Survey Laboratory",
