uid,namedLocation,domainID,siteID,plotID,nrcsDescriptionID,collectDate,horizonID,horizonName,biogeoIDnrcs,biogeoSampleType,biogeoTopDepth,biogeoBottomDepth,biogeoCenterDepth,particleSizeDistProcessedDate,particleSizeDistMethodPub,particleSizeDistMethod,coarseFrag2To5,coarseFrag5To20,sandTotal,siltTotal,clayTotal,carbonateClay,clayFineContent,siltFineContent,siltCoarseContent,sandVeryFineContent,sandFineContent,sandMediumContent,sandCoarseContent,sandVeryCoarseContent,laboratoryName,dataQF
"98bf6585-a844-47c5-b547-e9213f3509af","BARR_008.basePlot.all","D18","BARR","BARR_008","S2018AK185008","2018-05-10","18N05563","Oi","S2018AK185008-1","bulk",0.0,32.0,16.0,,,,0.0,0.0,,,,,,,,,,,,,"USDA NRCS Kellogg Soil Survey Laboratory",
"7140c543-1ee6-4717-854a-15a1e01a58bc","BARR_015.basePlot.all","D18","BARR","BARR_015","S2018AK185015","2018-05-10","18N05576","Cfg","S2018AK185015-2","bulk",40.0,100.0,70.0,"2018-11-16","Kellogg Soil Survey Laboratory Methods Manual, Soil Survey Investigations Report No. 42 Version 5.0, Issued 2014","Routine Particle Size Distribution (3A1a1a)",0.0,0.0,39.1,37.4,23.5,,,21.4,16.0,32.7,6.0,0.3,0.0,0.1,"USDA NRCS Kellogg Soil Survey Laboratory",
"fb9fa617-2786-4b0e-911a-f3704a274195","BARR_004.basePlot.all","D18","BARR","BARR_004","S2018AK185004","2018-05-10","18N05558","Cf","S2018AK185004-3","bulk",34.0,52.0,43.0,"2018-11-16","Kellogg Soil Survey Laboratory Methods Manual, Soil Survey Investigations Report No. 42 Version 5.0, Issued 2014","Routine Particle Size Distribution (3A1a1a)",2.2,10.8,60.9,26.5,12.6,,,11.9,14.6,21.6,37.7,0.3,0.7,0.6,"USDA NRCS Kellogg Soil Survey Laboratory",
"da03d81f-2a0e-4640-a66e-4ff0f36959ac","BARR_021.basePlot.all","D18","BARR","BARR_021","S2018AK185021","2018-05-10","18N05584","Cgjj/O2","S2018AK185021-2","bulk",32.0,56.0,44.0,"2018-11-16","Kellogg Soil Survey Laboratory Methods Manual, Soil Survey Investigations Report No. 42 Version 5.0, Issued 2014","Routine Particle Size Distribution (3A1a1a)",0.0,0.0,26.8,43.0,30.2,,,20.1,22.9,24.1,2.6,0.1,0.0,0.0,"USDA NRCS Kellogg Soil Survey Laboratory",
"d425dc99-16b1-4485-9120-82a05ec92248","BARR_027.basePlot.all","D18","BARR","BARR_027","S2018AK185027","2018-05-10","18N05596","Cgjj/Oejj","S2018AK185027-2","bulk",24.0,49.0,36.5,"2018-11-19","Kellogg Soil Survey Laboratory Methods Manual, Soil Survey Investigations Report No. 42 Version 5.0, Issued 2014","Routine Particle Size Distribution (3A1a1a)",0.0,0.0,1.5,43.2,55.3,,,35.4,7.8,0.7,0.7,0.1,0.0,0.0,"USDA NRCS Kellogg Soil Survey Laboratory",
"2cb67889-a7af-42e6-a628-60d1e4db1e91","BARR_037.basePlot.all","D18","BARR","BARR_037","S2018AK185037","2018-05-10","18N05604","Cgf/Of","S2018AK185037-2","bulk",77.0,120.0,98.5,"2018-11-19","Kellogg Soil Survey Laboratory Methods Manual, Soil Survey Investigations Report No. 42 Version 5.0, Issued 2014","Routine Particle Size Distribution (3A1a1a)",0.0,2.8,25.2,45.8,29.0,0.0,,25.8,20.0,23.7,1.3,0.2,0.0,0.0,"USDA NRCS Kellogg Soil Survey Laboratory",
"afc20afb-9832-4126-b778-6c0e884f1145","BARR_005.basePlot.all","D18","BARR","BARR_005","S2018AK185005","2018-05-10","18N05561","Cgjjf/Ajjf1","S2018AK185005-3","bulk",33.0,62.0,47.5,"2018-11-16","Kellogg Soil Survey Laboratory Methods Manual, Soil Survey Investigations Report No. 42 Version 5.0, Issued 2014","Routine Particle Size Distribution (3A1a1a)",0.9,3.8,77.5,14.8,7.7,,,6.7,8.1,57.5,17.4,2.0,0.3,0.3,"USDA NRCS Kellogg Soil Survey Laboratory",
"459a4a69-00e0-44d9-a2ac-176643663717","BARR_018.basePlot.all","D18","BARR","BARR_018","S2018AK185018","2018-05-10","18N05580","Cfg","S2018AK185018-4","bulk",61.0,100.0,80.5,"2018-11-16","Kellogg Soil Survey Laboratory Methods Manual, Soil Survey Investigations Report No. 42 Version 5.0, Issued 2014","Routine Particle Size Distribution (3A1a1a)",0.0,0.0,1.2,53.4,45.4,,,39.8,13.6,0.9,0.3,0.0,0.0,0.0,"USDA NRCS Kellogg Soil Survey Laboratory",
"1c80d0b9-6994-44e8-a9e5-fc24bc0b0b1e","BARR_005.basePlot.all","D18","BARR","BARR_005","S2018AK185005","2018-05-10","18N05559","Oe","S2018AK185005-1","bulk",0.0,18.0,9.0,,,,3.3,0.0,,,,,,,,,,,,,"USDA NRCS Kellogg Soil Survey Laboratory",
"a6265540-ab50-49a8-be0c-24e95cf2db29","BARR_021.basePlot.all","D18","BARR","BARR_021","S2018AK185021","2018-05-10","18N05583","Cgjj/O1","S2018AK185021-1","bulk",11.0,32.0,21.5,"2018-11-16","Kellogg Soil Survey Laboratory Methods Manual, Soil Survey Investigations Report No. 42 Version 5.0, Issued 2014","Routine Particle Size Distribution (3A1a1a)",0.0,0.0,16.3,54.2,29.5,,,27.2,27.0,14.6,0.6,0.6,0.5,0.0,"USDA NRCS Kellogg Soil Survey Laboratory",
"14261ee4-044c-4a94-a798-0561748021aa","BARR_085.basePlot.all","D18","BARR","BARR_085","S2018AK185085","2018-05-10","18N05608","Oejj/Ajj","S2018AK185085-1","bulk",0.0,9.0,4.5,"2018-11-19","Kellogg Soil Survey Laboratory Methods Manual, Soil Survey Investigations Report No. 42 Version 5.0, Issued 2014","Routine Particle Size Distribution (3A1a1a)",0.0,0.0,28.2,49.7,22.1,,,27.8,21.9,24.7,3.2,0.3,0.0,0.0,"USDA NRCS Kellogg Soil Survey Laboratory",
"67e416f5-fa03-4b03-bd2b-debf414c6250","BARR_019.basePlot.all","D18","BARR","BARR_019","S2018AK185019","2018-05-10","18N05581","Oe","S2018AK185019-1","bulk",0.0,54.0,27.0,,,,0.0,0.0,,,,,,,,,,,,,"USDA NRCS Kellogg Soil Survey Laboratory",
"38d2e741-c7f6-4b8b-8df0-204a09182fb1","BARR_012.basePlot.all","D18","BARR","BARR_012","S2018AK185012","2018-05-10","18N05568","Oe","S2018AK185012-1","bulk",0.0,12.0,6.0,,,,0.0,0.0,,,,,,,,,,,,,"USDA NRCS Kellogg Soil Survey Laboratory",
"97b72474-bb89-4381-ab2f-1dc1694f19ee","BARR_001.basePlot.all","D18","BARR","BARR_001","S2018AK185001","2018-05-10","18N05552","Oi","S2018AK185001-1","bulk",0.0,14.0,7.0,,,,0.0,0.0,,,,,,,,,,,,,"USDA NRCS Kellogg Soil Survey Laboratory",
"6c343cc2-9fe7-427c-9513-b4149e06e944","BARR_031.basePlot.all","D18","BARR","BARR_031","S2018AK185031","2018-05-10","18N05602","Cf","S2018AK185031-3","bulk",52.0,100.0,76.0,"2018-11-19","Kellogg Soil Survey Laboratory Methods Manual, Soil Survey Investigations Report No. 42 Version 5.0, Issued 2014","Routine Particle Size Distribution (3A1a1a)",4.4,3.7,57.0,25.0,18.0,0.0,,10.0,15.0,45.8,10.5,0.3,0.2,0.2,"USDA NRCS Kellogg Soil Survey Laboratory",
"9ad1a433-f345-4573-8900-8f9348301e18","BARR_022.basePlot.all","D18","BARR","BARR_022","S2018AK185022","2018-05-10","18N05587","Cgjj/Oajj","S2018AK185022-2","bulk",30.0,52.0,41.0,"2018-11-19","Kellogg Soil Survey Laboratory Methods Manual, Soil Survey Investigations Report No. 42 Version 5.0, Issued 2014","Routine Particle Size Distribution (3A1a1a)",0.0,0.0,67.6,20.4,12.0,,,8.6,11.8,23.8,38.1,5.0,0.7,0.0,"USDA NRCS Kellogg Soil Survey Laboratory",
"4c9e2371-b4b1-4f73-a8e3-1cd08690a13c","BARR_085.basePlot.all","D18","BARR","BARR_085","S2018AK185085","2018-05-10","18N05609","A/Oajj","S2018AK185085-2","bulk",9.0,55.0,32.0,"2018-11-19","Kellogg Soil Survey Laboratory Methods Manual, Soil Survey Investigations Report No. 42 Version 5.0, Issued 2014","Routine Particle Size Distribution (3A1a1a)",0.0,0.0,34.8,44.5,20.7,,,21.7,22.8,28.3,6.3,0.0,0.1,0.1,"USDA NRCS Kellogg Soil Survey Laboratory",
"adce5c73-3741-45db-8628-371cacb11fc7","BARR_018.basePlot.all","D18","BARR","BARR_018","S2018AK185018","2018-05-10","18N05577","Oe","S2018AK185018-1","bulk",0.0,10.0,5.0,,,,0.0,0.0,,,,,,,,,,,,,"USDA NRCS Kellogg Soil Survey Laboratory",
"e4b55a6e-de47-4aa6-8a19-f0fba8fbd216","BARR_021.basePlot.all","D18","BARR","BARR_021","S2018AK185021","2018-05-10","18N05585","Cgjjf/Ojjf","S2018AK185021-3","bulk",56.0,100.0,78.0,"2018-11-16","Kellogg Soil Survey Laboratory Methods Manual, Soil Survey Investigations Report No. 42 Version 5.0, Issued 2014","Routine Particle Size Distribution (3A1a1a)",0.0,0.0,11.8,51.7,36.5,,,28.8,22.9,9.7,1.1,0.3,0.7,0.0,"USDA NRCS Kellogg Soil Survey Laboratory",
"c6aa4c86-d0a2-4856-bfa7-c9e60ad5c3a2","BARR_031.basePlot.all","D18","BARR","BARR_031","S2018AK185031","2018-05-10","18N05600","Oe","S2018AK185031-1","bulk",0.0,15.0,7.5,,,,0.0,0.0,,,,,,,,,,,,,"USDA NRCS Kellogg Soil Survey Laboratory",
"70437094-fffc-4c81-9965-1a176d90f00e","BARR_037.basePlot.all","D18","BARR","BARR_037","S2018AK185037","2018-05-10","18N05603","Oe","S2018AK185037-1","bulk",0.0,36.0,18.0,,,,0.0,0.0,,,,,,,,,,,,,"USDA NRCS Kellogg Soil Survey Laboratory",
"9d2c9eca-d691-41e0-8d59-725e3e7e69f5","BARR_018.basePlot.all","D18","BARR","BARR_018","S2018AK185018","2018-05-10","18N05579","Cg2","S2018AK185018-3","bulk",30.0,61.0,45.5,"2018-11-16","Kellogg Soil Survey Laboratory Methods Manual, Soil Survey Investigations Report No. 42 Version 5.0, Issued 2014","Routine Particle Size Distribution (3A1a1a)",0.0,7.1,21.7,48.6,29.7,,,21.4,27.2,16.1,5.3,0.2,0.0,0.1,"USDA NRCS Kellogg Soil Survey Laboratory",
"61520043-0a77-4740-8eb6-70a3e0e6950a","BARR_026.basePlot.all","D18","BARR","BARR_026","S2018AK185026","2018-05-10","18N05592","Oe","S2018AK185026-1","bulk",0.0,39.0,19.5,,,,0.0,0.0,,,,,,,,,,,,,"USDA NRCS Kellogg Soil Survey Laboratory",
"78051159-1abc-49a5-a4f0-299132233a5a","BARR_024.basePlot.all","D18","BARR","BARR_024","S2018AK185024","2018-05-10","18N05590","Cgjj/Oejj","S2018AK185024-3","bulk",54.0,80.0,67.0,"2018-11-19","Kellogg Soil Survey Laboratory Methods Manual, Soil Survey Investigations Report No. 42 Version 5.0, Issued 2014","Routine Particle Size Distribution (3A1a1a)",16.6,7.8,84.7,8.3,7.0,,,2.6,5.7,19.2,62.0,2.3,0.7,0.5,"USDA NRCS Kellogg Soil Survey Laboratory",
"cb613c16-39bb-4c8b-a403-b8ad9bf162ab","BARR_012.basePlot.all","D18","BARR","BARR_012","S2018AK185012","2018-05-10","18N05570","Cgjj/Oajj","S2018AK185012-3","bulk",29.0,60.0,44.5,"2018-11-19","Kellogg Soil Survey Laboratory Methods Manual, Soil Survey Investigations Report No. 42 Version 5.0, Issued 2014","Routine Particle Size Distribution (3A1a1a)",0.0,0.0,32.8,42.6,24.6,,,23.8,18.8,27.1,5.2,0.3,0.1,0.1,"USDA NRCS Kellogg Soil Survey Laboratory",
"e0733122-10eb-4a7d-a0ee-c87ce493417f","BARR_005.basePlot.all","D18","BARR","BARR_005","S2018AK185005","2018-05-10","18N05560","Ajj/Cgjj","S2018AK185005-2","bulk",18.0,33.0,25.5,"2018-11-16","Kellogg Soil Survey Laboratory Methods Manual, Soil Survey Investigations Report No. 42 Version 5.0, Issued 2014","Routine Particle Size Distribution (3A1a1a)",0.0,0.0,62.8,24.2,13.0,,,11.2,13.0,56.6,5.8,0.3,0.1,0.0,"USDA NRCS Kellogg Soil Survey Laboratory",
"a598e6c2-9390-43b6-aa45-23ff816e5dac","BARR_084.basePlot.all","D18","BARR","BARR_084","S2018AK185084","2018-05-10","18N05606","Oa/Ajj","S2018AK185084-2","bulk",10.0,35.0,22.5,,,,0.0,0.0,,,,,,,,,,,,,"USDA NRCS Kellogg Soil Survey Laboratory",
"96d0e3c0-1292-401e-97ec-0916b4cb2473","BARR_008.basePlot.all","D18","BARR","BARR_008","S2018AK185008","2018-05-10","18N05564","Oa","S2018AK185008-2","bulk",32.0,56.0,44.0,,,,0.0,0.0,,,,,,,,,,,,,"USDA NRCS Kellogg Soil Survey Laboratory",
"54981103-39f1-46cd-85a8-36737e30de26","BARR_005.basePlot.all","D18","BARR","BARR_005","S2018AK185005","2018-05-10","18N05562","Cgjjf/Ajjf2","S2018AK185005-4","bulk",62.0,100.0,81.0,"2018-11-16","Kellogg Soil Survey Laboratory Methods Manual, Soil Survey Investigations Report No. 42 Version 5.0, Issued 2014","Routine Particle Size Distribution (3A1a1a)",9.1,1.9,79.2,12.6,8.2,,,4.8,7.8,26.9,45.2,5.3,1.0,0.8,"USDA NRCS Kellogg Soil Survey Laboratory",
"71861c79-71e4-4183-804b-b985b4f67cb3","BARR_085.basePlot.all","D18","BARR","BARR_085","S2018AK185085","2018-05-10","18N05610","ACjjf","S2018AK185085-3","bulk",55.0,100.0,77.5,"2018-11-19","Kellogg Soil Survey Laboratory Methods Manual, Soil Survey Investigations Report No. 42 Version 5.0, Issued 2014","Routine Particle Size Distribution (3A1a1a)",0.0,0.0,37.7,38.7,23.6,,,17.6,21.1,32.7,4.8,0.2,0.0,0.0,"USDA NRCS Kellogg Soil Survey Laboratory",
"4861fd8a-a2e5-41cb-9100-b71cc51f1059","BARR_024.basePlot.all","D18","BARR","BARR_024","S2018AK185024","2018-05-10","18N05588","Oe","S2018AK185024-1","bulk",0.0,26.0,13.0,,,,0.0,0.0,,,,,,,,,,,,,"USDA NRCS Kellogg Soil Survey Laboratory",
"d0c47289-2f57-4df1-8eb1-e6549057dcbe","BARR_028.basePlot.all","D18","BARR","BARR_028","S2018AK185028","2018-05-10","18N05598","Cgjj/O","S2018AK185028-1","bulk",7.0,50.0,28.5,"2018-11-19","Kellogg Soil Survey Laboratory Methods Manual, Soil Survey Investigations Report No. 42 Version 5.0, Issued 2014","Routine Particle Size Distribution (3A1a1a)",0.0,0.0,47.6,39.8,12.6,,,11.6,28.2,42.4,5.1,0.1,0.0,0.0,"USDA NRCS Kellogg Soil Survey Laboratory",
"192ec39d-da66-44aa-9a2f-902bd95c943a","BARR_027.basePlot.all","D18","BARR","BARR_027","S2018AK185027","2018-05-10","18N05595","Oe","S2018AK185027-1","bulk",0.0,24.0,12.0,,,,0.0,0.0,,,,,,,,,,,,,"USDA NRCS Kellogg Soil Survey Laboratory",
"ce261d33-56d5-49ba-9941-96235ce3b01f","BARR_022.basePlot.all","D18","BARR","BARR_022","S2018AK185022","2018-05-10","18N05586","Oe","S2018AK185022-1","bulk",0.0,30.0,15.0,,,,0.0,0.0,,,,,,,,,,,,,"USDA NRCS Kellogg Soil Survey Laboratory",
"7529cfbf-0333-4082-8910-4db562cf072f","BARR_001.basePlot.all","D18","BARR","BARR_001","S2018AK185001","2018-05-10","18N05554","Cgjj/Oajj","S2018AK185001-3","bulk",23.0,56.0,39.5,"2018-11-16","Kellogg Soil Survey Laboratory Methods Manual, Soil Survey Investigations Report No. 42 Version 5.0, Issued 2014","Routine Particle Size Distribution (3A1a1a)",0.0,0.0,10.9,56.0,33.1,,,41.8,14.2,8.8,1.9,0.2,0.0,0.0,"USDA NRCS Kellogg Soil Survey Laboratory",
"8473c030-dcdf-484b-b5a7-d56e6a382a2f","BARR_011.basePlot.all","D18","BARR","BARR_011","S2018AK185011","2018-05-10","18N05565","Oe","S2018AK185011-1","bulk",4.0,24.0,14.0,,,,0.0,0.0,,,,,,,,,,,,,"USDA NRCS Kellogg Soil Survey Laboratory",
"a904cd1d-95f1-4f36-bca2-291a93ef1ff2","BARR_004.basePlot.all","D18","BARR","BARR_004","S2018AK185004","2018-05-10","18N05556","Oi","S2018AK185004-1","bulk",0.0,10.0,5.0,,,,0.0,0.0,,,,,,,,,,,,,"USDA NRCS Kellogg Soil Survey Laboratory",
"43c4e280-66c8-4141-b5f8-aa72513aff93","BARR_027.basePlot.all","D18","BARR","BARR_027","S2018AK185027","2018-05-10","18N05597","Cfg","S2018AK185027-3","bulk",49.0,100.0,74.5,"2018-11-19","Kellogg Soil Survey Laboratory Methods Manual, Soil Survey Investigations Report No. 42 Version 5.0, Issued 2014","Routine Particle Size Distribution (3A1a1a)",0.0,0.0,7.2,61.0,31.8,,,36.2,24.8,5.8,1.3,0.1,0.0,0.0,"USDA NRCS Kellogg Soil Survey Laboratory",
"0d175367-d226-48aa-81a8-3d96bb43e68e","BARR_026.basePlot.all","D18","BARR","BARR_026","S2018AK185026","2018-05-10","18N05593","Ajj","S2018AK185026-2","bulk",39.0,70.0,54.5,"2018-11-19","Kellogg Soil Survey Laboratory Methods Manual, Soil Survey Investigations Report No. 42 Version 5.0, Issued 2014","Routine Particle Size Distribution (3A1a1a)",0.0,0.0,18.4,43.6,38.0,,,28.3,15.3,17.0,1.0,0.3,0.1,0.0,"USDA NRCS Kellogg Soil Survey Laboratory",
"c903cd68-f9bf-4c9d-8fc7-9c770be3bb8b","BARR_004.basePlot.all","D18","BARR","BARR_004","S2018AK185004","2018-05-10","18N05557","Cg","S2018AK185004-2","bulk",10.0,34.0,22.0,"2018-11-16","Kellogg Soil Survey Laboratory Methods Manual, Soil Survey Investigations Report No. 42 Version 5.0, Issued 2014","Routine Particle Size Distribution (3A1a1a)",1.5,5.9,46.7,31.4,21.9,,,15.0,16.4,34.0,11.6,0.7,0.3,0.1,"USDA NRCS Kellogg Soil Survey Laboratory",
"da73366d-3a15-4566-a2b6-6b7077ec52d3","BARR_014.basePlot.all","D18","BARR","BARR_014","S2018AK185014","2018-05-10","18N05572","Oe","S2018AK185014-1","bulk",0.0,27.0,13.5,,,,0.0,0.0,,,,,,,,,,,,,"USDA NRCS Kellogg Soil Survey Laboratory",
"f6be501d-c8ab-4c82-ab34-183f2912ac66","BARR_024.basePlot.all","D18","BARR","BARR_024","S2018AK185024","2018-05-10","18N05589","Ojj/Cgjj","S2018AK185024-2","bulk",26.0,54.0,40.0,"2018-11-19","Kellogg Soil Survey Laboratory Methods Manual, Soil Survey Investigations Report No. 42 Version 5.0, Issued 2014","Routine Particle Size Distribution (3A1a1a)",0.0,0.0,70.7,17.4,11.9,,,4.3,13.1,26.1,42.3,1.7,0.3,0.3,"USDA NRCS Kellogg Soil Survey Laboratory",
"9f7cdbda-6f29-435e-b128-91671a1baa80","BARR_024.basePlot.all","D18","BARR","BARR_024","S2018AK185024","2018-05-10","18N05591","Cf","S2018AK185024-4","bulk",80.0,100.0,90.0,"2018-11-19","Kellogg Soil Survey Laboratory Methods Manual, Soil Survey Investigations Report No. 42 Version 5.0, Issued 2014","Routine Particle Size Distribution (3A1a1a)",9.9,0.0,76.1,15.0,8.9,,,3.6,11.4,26.7,46.7,1.1,1.0,0.6,"USDA NRCS Kellogg Soil Survey Laboratory",
"e8672acd-cb12-4dae-b72e-18dbcabfd658","BARR_084.basePlot.all","D18","BARR","BARR_084","S2018AK185084","2018-05-10","18N05607","Wf/Oajjf","S2018AK185084-3","bulk",35.0,100.0,67.5,"2018-11-19","Kellogg Soil Survey Laboratory Methods Manual, Soil Survey Investigations Report No. 42 Version 5.0, Issued 2014","Routine Particle Size Distribution (3A1a1a)",0.0,0.0,3.7,60.6,35.7,,,45.5,15.1,2.4,0.9,0.4,0.0,0.0,"USDA NRCS Kellogg Soil Survey Laboratory",
"5dbc81fb-200b-44fb-8080-2963b7668c1e","BARR_001.basePlot.all","D18","BARR","BARR_001","S2018AK185001","2018-05-10","18N05555","Cgjjf/Oajjf","S2018AK185001-4A","bulk",56.0,100.0,78.0,,,,0.0,0.0,,,,,,,,,,,,,"USDA NRCS Kellogg Soil Survey Laboratory",
"ccbe2347-037b-4ac9-9900-9d78b0659d63","BARR_012.basePlot.all","D18","BARR","BARR_012","S2018AK185012","2018-05-10","18N05569","Bg","S2018AK185012-2","bulk",12.0,29.0,20.5,"2018-11-16","Kellogg Soil Survey Laboratory Methods Manual, Soil Survey Investigations Report No. 42 Version 5.0, Issued 2014","Routine Particle Size Distribution (3A1a1a)",0.0,0.0,33.1,45.1,21.8,,,26.1,19.0,27.6,4.9,0.1,0.1,0.4,"USDA NRCS Kellogg Soil Survey Laboratory",
"79a3e793-860f-4dd3-a086-23ff5ba31504","BARR_018.basePlot.all","D18","BARR","BARR_018","S2018AK185018","2018-05-10","18N05578","Cg1","S2018AK185018-2","bulk",10.0,30.0,20.0,"2018-11-16","Kellogg Soil Survey Laboratory Methods Manual, Soil Survey Investigations Report No. 42 Version 5.0, Issued 2014","Routine Particle Size Distribution (3A1a1a)",0.0,0.0,32.8,36.5,30.7,,,18.6,17.9,16.5,15.7,0.5,0.1,0.0,"USDA NRCS Kellogg Soil Survey Laboratory",
"d5a22ce1-fa2d-4cc4-99e1-902cd73c752d","BARR_012.basePlot.all","D18","BARR","BARR_012","S2018AK185012","2018-05-10","18N05571","Cgjjf/Oajjf","S2018AK185012-4","bulk",60.0,100.0,80.0,"2018-11-16","Kellogg Soil Survey Laboratory Methods Manual, Soil Survey Investigations Report No. 42 Version 5.0, Issued 2014","Routine Particle Size Distribution (3A1a1a)",0.0,0.0,31.8,43.0,25.2,,,23.6,19.4,28.6,2.8,0.3,0.1,0.0,"USDA NRCS Kellogg Soil Survey Laboratory",
"43edc394-8440-4760-9af4-1dc62a412ff0","BARR_031.basePlot.all","D18","BARR","BARR_031","S2018AK185031","2018-05-10","18N05601","Cg/O","S2018AK185031-2","bulk",15.0,52.0,33.5,"2018-11-19","Kellogg Soil Survey Laboratory Methods Manual, Soil Survey Investigations Report No. 42 Version 5.0, Issued 2014","Routine Particle Size Distribution (3A1a1a)",0.4,0.0,48.9,29.6,21.5,,,14.2,15.4,33.7,14.2,0.8,0.2,0.0,"USDA NRCS Kellogg Soil Survey Laboratory",
"0e99c787-5fe0-4778-a1a5-f1173c6576b3","BARR_001.basePlot.all","D18","BARR","BARR_001","S2018AK185001","2018-05-10","18N05553","Oe","S2018AK185001-2","bulk",14.0,23.0,18.5,,,,0.0,0.0,,,,,,,,,,,,,"USDA NRCS Kellogg Soil Survey Laboratory",
"a10f0d2b-c986-4c86-8a70-d5d56c82f6c9","BARR_028.basePlot.all","D18","BARR","BARR_028","S2018AK185028","2018-05-10","18N05599","O/Cgjjf","S2018AK185028-2","bulk",63.0,100.0,81.5,"2018-11-19","Kellogg Soil Survey Laboratory Methods Manual, Soil Survey Investigations Report No. 42 Version 5.0, Issued 2014","Routine Particle Size Distribution (3A1a1a)",0.0,0.0,5.5,50.0,44.5,,,38.0,12.0,5.0,0.4,0.1,0.0,0.0,"USDA NRCS Kellogg Soil Survey Laboratory",
"52b5a6f8-ad12-47d2-924d-17dfbea5be65","BARR_011.basePlot.all","D18","BARR","BARR_011","S2018AK185011","2018-05-10","18N05566","Oe/Cgjj","S2018AK185011-2","bulk",24.0,56.0,40.0,"2018-11-16","Kellogg Soil Survey Laboratory Methods Manual, Soil Survey Investigations Report No. 42 Version 5.0, Issued 2014","Routine Particle Size Distribution (3A1a1a)",0.0,0.0,54.9,26.0,19.1,,,14.0,12.0,5.6,48.7,0.5,0.1,0.0,"USDA NRCS Kellogg Soil Survey Laboratory",
"81692800-c8e4-4959-829f-fff84d7bfa82","BARR_011.basePlot.all","D18","BARR","BARR_011","S2018AK185011","2018-05-10","18N05567","Cf","S2018AK185011-3","bulk",56.0,100.0,78.0,"2018-11-16","Kellogg Soil Survey Laboratory Methods Manual, Soil Survey Investigations Report No. 42 Version 5.0, Issued 2014","Routine Particle Size Distribution (3A1a1a)",10.1,4.0,36.8,36.3,26.9,,,18.3,18.0,19.1,16.9,0.5,0.1,0.2,"USDA NRCS Kellogg Soil Survey Laboratory",
"ff374190-d1b2-4466-a05f-daf8e34f5b71","BARR_084.basePlot.all","D18","BARR","BARR_084","S2018AK185084","2018-05-10","18N05605","Oe","S2018AK185084-1","bulk",0.0,10.0,5.0,,,,0.0,0.0,,,,,,,,,,,,,"USDA NRCS Kellogg Soil Survey Laboratory",
"80d46823-7e7e-49d6-ac33-c42dcb703875","BARR_015.basePlot.all","D18","BARR","BARR_015","S2018AK185015","2018-05-10","18N05575","Cgjj/Oejj","S2018AK185015-1","bulk",0.0,40.0,20.0,"2018-11-16","Kellogg Soil Survey Laboratory Methods Manual, Soil Survey Investigations Report No. 42 Version 5.0, Issued 2014","Routine Particle Size Distribution (3A1a1a)",0.0,0.0,37.8,40.0,22.2,,,22.8,17.2,32.0,5.5,0.1,0.0,0.2,"USDA NRCS Kellogg Soil Survey Laboratory",
"c7992fb8-ca28-4f07-b4c8-144a576a919a","BARR_014.basePlot.all","D18","BARR","BARR_014","S2018AK185014","2018-05-10","18N05573","Oejj/Cgjj","S2018AK185014-2","bulk",27.0,51.0,39.0,"2018-11-16","Kellogg Soil Survey Laboratory Methods Manual, Soil Survey Investigations Report No. 42 Version 5.0, Issued 2014","Routine Particle Size Distribution (3A1a1a)",33.6,0.0,47.7,32.1,20.2,,,16.8,15.3,36.2,9.8,0.7,0.5,0.5,"USDA NRCS Kellogg Soil Survey Laboratory",
"0ff59f2e-121b-409f-bbce-fe25c48db56a","BARR_026.basePlot.all","D18","BARR","BARR_026","S2018AK185026","2018-05-10","18N05594","ACjjf/Oajjf","S2018AK185026-3","bulk",70.0,100.0,85.0,"2018-11-19","Kellogg Soil Survey Laboratory Methods Manual, Soil Survey Investigations Report No. 42 Version 5.0, Issued 2014","Routine Particle Size Distribution (3A1a1a)",4.3,2.8,60.4,24.3,15.3,,,10.5,13.8,35.3,23.3,1.0,0.3,0.5,"USDA NRCS Kellogg Soil Survey Laboratory",
"f235aee4-c9f5-4d2f-b03a-12ae2b2f3a35","BARR_019.basePlot.all","D18","BARR","BARR_019","S2018AK185019","2018-05-10","18N05582","Oejjf/Cjjf","S2018AK185019-2","bulk",54.0,100.0,77.0,"2018-11-16","Kellogg Soil Survey Laboratory Methods Manual, Soil Survey Investigations Report No. 42 Version 5.0, Issued 2014","Routine Particle Size Distribution (3A1a1a)",0.0,0.0,4.4,53.5,42.1,,,38.5,15.0,3.2,0.3,0.5,0.4,0.0,"USDA NRCS Kellogg Soil Survey Laboratory",
"111af3f7-34eb-49af-88c0-da7d8b72cd6b","BARR_001.basePlot.all","D18","BARR","BARR_001","S2018AK185001","2018-05-10","18N05611","Cjjfg/Oajjf","S2018AK185001-4B","bulk",56.0,100.0,78.0,"2018-11-16","Kellogg Soil Survey Laboratory Methods Manual, Soil Survey Investigations Report No. 42 Version 5.0, Issued 2014","Routine Particle Size Distribution (3A1a1a)",0.0,0.0,20.8,52.2,27.0,,,36.2,16.0,19.2,1.5,0.1,0.0,0.0,"USDA NRCS Kellogg Soil Survey Laboratory",
"28843fac-ac9a-4293-bbbd-a0b3839da933","BARR_014.basePlot.all","D18","BARR","BARR_014","S2018AK185014","2018-05-10","18N05574","Cgjjf/Oejjf","S2018AK185014-3","bulk",51.0,100.0,75.5,"2018-11-16","Kellogg Soil Survey Laboratory Methods Manual, Soil Survey Investigations Report No. 42 Version 5.0, Issued 2014","Routine Particle Size Distribution (3A1a1a)",91.5,42.3,70.9,19.0,10.1,,,7.7,11.3,24.1,41.8,2.8,0.6,1.6,"USDA NRCS Kellogg Soil Survey Laboratory",
