uid,domainID,siteID,pitNamedLocation,pitID,horizonID,bulkDensID,horizonName,setDate,collectDate,laboratoryName,labProjID,bulkDensCenterDepth,bulkDensTopDepth,bulkDensBottomDepth,bulkDensHorizonProportion,bulkDensSampleType,bulkDensExclCoarseFrag,remarks
"1b664562-bfce-46a9-8df4-8e4d69d0a7ac","D10","STER","MEGAPT100997","10_STERLING_PIT1","10_STERLING_PIT1_AP1","10_STERLING_PIT1_0-10_BULKD_AP1","Ap1","2013-04-08","2013-04-08","USDA NRCS Kellogg Soil Survey Laboratory - Lincoln - NE","I2013USCO077",5.0,0.0,10.0,1.0,"Regular",1.0581,
"2640b26a-79a7-4dc8-a817-c67d92d71127","D10","STER","MEGAPT100997","10_STERLING_PIT1","10_STERLING_PIT1_C1","10_STERLING_PIT1_121-131_BULKD_C1","C1","2013-04-08","2013-04-08","USDA NRCS Kellogg Soil Survey Laboratory - Lincoln - NE","I2013USCO077",126.0,121.0,131.0,1.0,"Regular",1.3350,
"556bbbd2-b066-44af-9888-be69c5584723","D10","STER","MEGAPT100997","10_STERLING_PIT1","10_STERLING_PIT1_BT","10_STERLING_PIT1_56-66_BULKD_BT","Bt","2013-04-08","2013-04-08","USDA NRCS Kellogg Soil Survey Laboratory - Lincoln - NE","I2013USCO077",61.0,56.0,66.0,1.0,"Regular",0.9677,
"c3eff72a-9dfa-40df-9f0f-eda3de47c59a","D10","STER","MEGAPT100997","10_STERLING_PIT1","10_STERLING_PIT1_AP2","10_STERLING_PIT1_12-22_BULKD_AP2","Ap2","2013-04-08","2013-04-08","USDA NRCS Kellogg Soil Survey Laboratory - Lincoln - NE","I2013USCO077",17.0,12.0,22.0,1.0,"Regular",1.2906,
"41dfaeaf-40c3-440d-bb99-89a41e757c27","D10","STER","MEGAPT100997","10_STERLING_PIT1","10_STERLING_PIT1_BTK","10_STERLING_PIT1_105-115_BULKD_BTK","Btk","2013-04-08","2013-04-08","USDA NRCS Kellogg Soil Survey Laboratory - Lincoln - NE","I2013USCO077",110.0,105.0,115.0,1.0,"Regular",1.0885,
"a53fbe84-8860-447b-8eb4-b70f5eb38ad9","D10","STER","MEGAPT100997","10_STERLING_PIT1","10_STERLING_PIT1_C2","10_STERLING_PIT1_185-191_BULKD_C2","C2","2013-04-08","2013-04-08","USDA NRCS Kellogg Soil Survey Laboratory - Lincoln - NE","I2013USCO077",188.0,185.0,191.0,1.0,"Regular",1.1788,
