uid,domainID,siteID,pitNamedLocation,pitID,horizonID,horizonName,setDate,collectDate,archiveID,archiveLaboratoryName,archiveTopDepth,archiveBottomDepth,remarks,sampleMass
"108e3b83-3ca3-4840-8025-8fa24633ccfd","D10","STER","MEGAPT100997","10_STERLING_PIT1","10_STERLING_PIT1_C2","C2","2013-04-08","2013-04-08","10_STERLING_PIT1_159-200_ARCHIVE_C2","NEON",159.0,200.0,,1202.0
"18a7d19b-571b-4f55-82f8-713adac2b0cb","D10","STER","MEGAPT100997","10_STERLING_PIT1","10_STERLING_PIT1_BT","Bt","2013-04-08","2013-04-08","10_STERLING_PIT1_28-70_ARCHIVE_BT","NEON",28.0,70.0,,1201.7
"285b5224-754b-4c7b-9325-5d8158e3a11f","D10","STER","MEGAPT100997","10_STERLING_PIT1","10_STERLING_PIT1_C1","C1","2013-04-08","2013-04-08","10_STERLING_PIT1_121-159_ARCHIVE_C1","NEON",121.0,159.0,,1202.3
"aea98946-b3d4-47dc-8ace-099432c63b3e","D10","STER","MEGAPT100997","10_STERLING_PIT1","10_STERLING_PIT1_BTK","Btk","2013-04-08","2013-04-08","10_STERLING_PIT1_70-121_ARCHIVE_BTK","NEON",70.0,121.0,,1202.1
"7836b797-790d-49b4-9f9e-edc2578675c7","D10","STER","MEGAPT100997","10_STERLING_PIT1","10_STERLING_PIT1_AP1","Ap1","2013-04-08","2013-04-08","10_STERLING_PIT1_0-11_ARCHIVE_AP1","NEON",0.0,11.0,,1202.4
"7f1e668d-a3bf-45b0-a907-6c39acbc9f4f","D10","STER","MEGAPT100997","10_STERLING_PIT1","10_STERLING_PIT1_AP2","Ap2","2013-04-08","2013-04-08","10_STERLING_PIT1_11-28_ARCHIVE_AP2","NEON",11.0,28.0,,1200.5
