uid,domainID,siteID,pitNamedLocation,pitID,horizonID,horizonName,setDate,collectDate,horizonTopDepth,horizonBottomDepth,nrcsDescriptionID,remarks
"c2927bef-a062-4aab-9049-251a4b67d746","D10","STER","MEGAPT100997","10_STERLING_PIT1","10_STERLING_PIT1_AP1","Ap1","2013-04-08","2013-04-08",0.0,11.0,"S2013CO075001",
"29cfd132-eb14-4131-a818-8a7a4d805792","D10","STER","MEGAPT100997","10_STERLING_PIT1","10_STERLING_PIT1_BT","Bt","2013-04-08","2013-04-08",28.0,70.0,"S2013CO075001",
"6ac3cfd3-d62f-47e2-a6ce-b1f251133efb","D10","STER","MEGAPT100997","10_STERLING_PIT1","10_STERLING_PIT1_C1","C1","2013-04-08","2013-04-08",121.0,159.0,"S2013CO075001",
"4aef4a99-a973-40d2-8661-91b4d8e6f581","D10","STER","MEGAPT100997","10_STERLING_PIT1","10_STERLING_PIT1_BTK","Btk","2013-04-08","2013-04-08",70.0,121.0,"S2013CO075001",
"23b04f17-8a65-4736-a1a7-6a78261b5294","D10","STER","MEGAPT100997","10_STERLING_PIT1","10_STERLING_PIT1_AP2","Ap2","2013-04-08","2013-04-08",11.0,28.0,"S2013CO075001",
"b77ff74e-38f9-4a79-acc3-87e08b1b099c","D10","STER","MEGAPT100997","10_STERLING_PIT1","10_STERLING_PIT1_C2","C2","2013-04-08","2013-04-08",159.0,213.0,"S2013CO075001",
