uid,domainID,siteID,pitNamedLocation,pitID,horizonID,horizonName,setDate,collectDate,horizonTopDepth,horizonBottomDepth,nrcsDescriptionID,remarks
"f3d2d133-ffd1-4144-b6e5-ae3f10ff7c4f","D04","GUAN","MEGAPT100972","4_GUANICA_PIT1","4_GUANICA_PIT1_BCK","BCk","2015-04-10","2015-04-10",105.0,126.0,"S2015PR055001",
"20de213a-0004-4932-8c98-f73e2ae22e1a","D04","GUAN","MEGAPT100972","4_GUANICA_PIT1","4_GUANICA_PIT1_A","A","2015-04-10","2015-04-10",0.0,30.0,"S2015PR055001",
"99cdbcb7-2b52-4d8c-844c-f0c161dbfe4e","D04","GUAN","MEGAPT100972","4_GUANICA_PIT1","4_GUANICA_PIT1_CR","Cr","2015-04-10","2015-04-10",161.0,203.0,"S2015PR055001",
"cfae4e94-d667-460c-bb34-492d3b6791e0","D04","GUAN","MEGAPT100972","4_GUANICA_PIT1","4_GUANICA_PIT1_BK3","Bk3","2015-04-10","2015-04-10",86.0,105.0,"S2015PR055001",
"3470d231-ca08-4f1b-b239-0e834fce1fc2","D04","GUAN","MEGAPT100972","4_GUANICA_PIT1","4_GUANICA_PIT1_BK2","Bk2","2015-04-10","2015-04-10",55.0,86.0,"S2015PR055001",
"e4e49451-30ab-4c75-a525-59a46602f5fe","D04","GUAN","MEGAPT100972","4_GUANICA_PIT1","4_GUANICA_PIT1_C","C","2015-04-10","2015-04-10",126.0,161.0,"S2015PR055001",
"78026d56-482d-4871-af95-eade98883842","D04","GUAN","MEGAPT100972","4_GUANICA_PIT1","4_GUANICA_PIT1_BK1","Bk1","2015-04-10","2015-04-10",30.0,55.0,"S2015PR055001",
