uid,domainID,siteID,pitNamedLocation,pitID,horizonID,bulkDensID,horizonName,setDate,collectDate,laboratoryName,labProjID,bulkDensCenterDepth,bulkDensTopDepth,bulkDensBottomDepth,bulkDensHorizonProportion,bulkDensSampleType,bulkDensExclCoarseFrag,remarks
"1147e2d1-984b-4aac-953f-af1e1d635443","D04","GUAN","MEGAPT100972","4_GUANICA_PIT1","4_GUANICA_PIT1_C","4_GUANICA_PIT1_BULKD_1","C","2015-04-10","2015-04-10","USDA NRCS Kellogg Soil Survey Laboratory - Lincoln - NE","I2015USPR055",134.5,132.0,137.0,1.0,"Audit",1.1220,
"d28f2509-fd49-4727-b248-f5629ea70ab0","D04","GUAN","MEGAPT100972","4_GUANICA_PIT1","4_GUANICA_PIT1_C","4_GUANICA_PIT1_BULKD_4","C","2015-04-10","2015-04-10","USDA NRCS Kellogg Soil Survey Laboratory - Lincoln - NE","I2015USPR055",134.5,132.0,137.0,1.0,"Audit",1.1937,
"46da471b-a9e7-43fa-bcb7-0f66e598bfe7","D04","GUAN","MEGAPT100972","4_GUANICA_PIT1","4_GUANICA_PIT1_BK3","4_GUANICA_PIT1_BULKD_96-101-BKS","Bk3","2015-04-10","2015-04-10","USDA NRCS Kellogg Soil Survey Laboratory - Lincoln - NE","I2015USPR055",98.5,96.0,101.0,1.0,"Regular",1.2454,
"9914fe0a-bc7d-4fab-9941-7b9a028031f1","D04","GUAN","MEGAPT100972","4_GUANICA_PIT1","4_GUANICA_PIT1_C","4_GUANICA_PIT1_BULKD_2","C","2015-04-10","2015-04-10","USDA NRCS Kellogg Soil Survey Laboratory - Lincoln - NE","I2015USPR055",134.5,132.0,137.0,1.0,"Audit",1.2175,
"e28d2f72-6566-40d8-b0bb-6a447286a49c","D04","GUAN","MEGAPT100972","4_GUANICA_PIT1","4_GUANICA_PIT1_BCK","4_GUANICA_PIT1_BULKD_106-111_BCK","BCk","2015-04-10","2015-04-10","USDA NRCS Kellogg Soil Survey Laboratory - Lincoln - NE","I2015USPR055",108.5,106.0,111.0,1.0,"Regular",1.1579,
"1a761b7e-3200-4d92-9151-34414b2787fa","D04","GUAN","MEGAPT100972","4_GUANICA_PIT1","4_GUANICA_PIT1_BK1","4_GUANICA_PIT1_BULKD_34-39_BK1","Bk1","2015-04-10","2015-04-10","USDA NRCS Kellogg Soil Survey Laboratory - Lincoln - NE","I2015USPR055",36.5,34.0,39.0,1.0,"Regular",1.3488,
"15f78a15-ea23-49f3-a668-c010ca213f9a","D04","GUAN","MEGAPT100972","4_GUANICA_PIT1","4_GUANICA_PIT1_C","4_GUANICA_PIT1_BULKD_132-137_C","C","2015-04-10","2015-04-10","USDA NRCS Kellogg Soil Survey Laboratory - Lincoln - NE","I2015USPR055",134.5,132.0,137.0,1.0,"Regular",1.1658,
"23327e2c-00b6-49da-9c0e-55915c8c7d67","D04","GUAN","MEGAPT100972","4_GUANICA_PIT1","4_GUANICA_PIT1_A","4_GUANICA_PIT1_BULKD_1-6_A","A","2015-04-10","2015-04-10","USDA NRCS Kellogg Soil Survey Laboratory - Lincoln - NE","I2015USPR055",3.5,1.0,6.0,1.0,"Regular",0.9430,
"97b75bcf-e0c5-4153-a550-925f30a5b193","D04","GUAN","MEGAPT100972","4_GUANICA_PIT1","4_GUANICA_PIT1_C","4_GUANICA_PIT1_BULKD_3","C","2015-04-10","2015-04-10","USDA NRCS Kellogg Soil Survey Laboratory - Lincoln - NE","I2015USPR055",134.5,132.0,137.0,1.0,"Audit",1.1220,
"c12251bf-b866-40e0-8b13-a7c17be9f540","D04","GUAN","MEGAPT100972","4_GUANICA_PIT1","4_GUANICA_PIT1_CR","4_GUANICA_PIT1_BULKD_182-187_CR","Cr","2015-04-10","2015-04-10","USDA NRCS Kellogg Soil Survey Laboratory - Lincoln - NE","I2015USPR055",184.5,182.0,187.0,1.0,"Regular",1.2175,
"6d292bb9-086c-43f3-bf71-5f941d0b2e89","D04","GUAN","MEGAPT100972","4_GUANICA_PIT1","4_GUANICA_PIT1_BK2","4_GUANICA_PIT1_BULKD_65-70_BK2","Bk2","2015-04-10","2015-04-10","USDA NRCS Kellogg Soil Survey Laboratory - Lincoln - NE","I2015USPR055",67.5,65.0,70.0,1.0,"Regular",1.4364,
