uid,domainID,siteID,pitNamedLocation,pitID,horizonID,horizonName,setDate,collectDate,archiveID,archiveLaboratoryName,archiveTopDepth,archiveBottomDepth,remarks,sampleMass
"74bbf2f5-b5e6-45d8-af02-e77fc3340eef","D04","GUAN","MEGAPT100972","4_GUANICA_PIT1","4_GUANICA_PIT1_C","C","2015-04-10","2015-04-10",,,,,,
"19e973f7-beac-430c-ab17-8c7cc4b8b391","D04","GUAN","MEGAPT100972","4_GUANICA_PIT1","4_GUANICA_PIT1_BCK","BCk","2015-04-10","2015-04-10","4_GUANICA_PIT1_ARCHIVE_BCK","NEON",105.0,126.0,,3600.6
"79c7f1f0-c005-425f-ad88-c960418e52d1","D04","GUAN","MEGAPT100972","4_GUANICA_PIT1","4_GUANICA_PIT1_C","C","2015-04-10","2015-04-10",,,,,,
"396ca0e9-a195-4be0-b979-f1e2ebe7cb89","D04","GUAN","MEGAPT100972","4_GUANICA_PIT1","4_GUANICA_PIT1_BK1","Bk1","2015-04-10","2015-04-10","4_GUANICA_PIT1_ARCHIVE_BK1","NEON",30.0,55.0,,3601.1
"438d56d5-30b9-4974-aa05-60c223cdd8cc","D04","GUAN","MEGAPT100972","4_GUANICA_PIT1","4_GUANICA_PIT1_C","C","2015-04-10","2015-04-10","4_GUANICA_PIT1_ARCHIVE_C","NEON",126.0,161.0,,3600.2
"7607b52d-8df1-4ab0-9ff4-fa809f8e0a26","D04","GUAN","MEGAPT100972","4_GUANICA_PIT1","4_GUANICA_PIT1_BK2","Bk2","2015-04-10","2015-04-10","4_GUANICA_PIT1_ARCHIVE_BK2","NEON",55.0,86.0,,3600.2
"56a84354-3e47-48a3-8a7b-2f1c475a787f","D04","GUAN","MEGAPT100972","4_GUANICA_PIT1","4_GUANICA_PIT1_C","C","2015-04-10","2015-04-10",,,,,,
"b6827e94-41ad-4a43-a848-02813a14d720","D04","GUAN","MEGAPT100972","4_GUANICA_PIT1","4_GUANICA_PIT1_CR","Cr","2015-04-10","2015-04-10","4_GUANICA_PIT1_ARCHIVE_CR","NEON",161.0,200.0,,3600.0
"99c776d9-b4f1-439e-98f4-088fa31de3be","D04","GUAN","MEGAPT100972","4_GUANICA_PIT1","4_GUANICA_PIT1_A","A","2015-04-10","2015-04-10","4_GUANICA_PIT1_ARCHIVE_A","NEON",0.0,30.0,,3600.0
"11cb1b7e-d02f-4754-b771-cf58de279aea","D04","GUAN","MEGAPT100972","4_GUANICA_PIT1","4_GUANICA_PIT1_C","C","2015-04-10","2015-04-10",,,,,,
"c60be196-8994-4972-9d5d-b1b70730b81b","D04","GUAN","MEGAPT100972","4_GUANICA_PIT1","4_GUANICA_PIT1_BK3","Bk3","2015-04-10","2015-04-10","4_GUANICA_PIT1_ARCHIVE_BK3","NEON",86.0,105.0,,3600.6
