uid,namedLocation,domainID,siteID,plotID,nrcsDescriptionID,collectDate,horizonID,horizonName,biogeoIDnrcs,biogeoSampleType,biogeoTopDepth,biogeoBottomDepth,biogeoCenterDepth,particleSizeDistProcessedDate,particleSizeDistMethodPub,particleSizeDistMethod,coarseFrag2To5,coarseFrag5To20,sandTotal,siltTotal,clayTotal,carbonateClay,clayFineContent,siltFineContent,siltCoarseContent,sandVeryFineContent,sandFineContent,sandMediumContent,sandCoarseContent,sandVeryCoarseContent,laboratoryName,dataQF
"8cb28dbd-1982-4add-b868-a96596d74e5f","SCBI_043.basePlot.all","D02","SCBI","SCBI_043","S2015VA187043","2015-10-05","16N02522","Bt1","S2015VA187043-2","bulk",25.0,53.0,39.0,"2016-07-26","Kellogg Soil Survey Laboratory Methods Manual, Soil Survey Investigations Report No. 42 Version 5.0, Issued 2014","Routine Particle Size Distribution (3A1a1a)",37.1,59.2,16.9,44.1,39.0,0.0,,35.7,8.4,5.6,3.8,3.3,2.2,2.0,"USDA NRCS Kellogg Soil Survey Laboratory",
"feb4fc39-9774-4c28-af2e-f502b733da10","SCBI_043.basePlot.all","D02","SCBI","SCBI_043","S2015VA187043","2015-10-05","16N02521","Ap","S2015VA187043-1","bulk",0.0,25.0,12.5,"2016-07-26","Kellogg Soil Survey Laboratory Methods Manual, Soil Survey Investigations Report No. 42 Version 5.0, Issued 2014","Routine Particle Size Distribution (3A1a1a)",66.8,135.6,18.7,40.6,40.7,,,32.0,8.6,5.1,3.7,3.0,4.6,2.3,"USDA NRCS Kellogg Soil Survey Laboratory",
"60b00446-0ba6-4e7a-9375-7018b8f697a0","SCBI_043.basePlot.all","D02","SCBI","SCBI_043","S2015VA187043","2015-10-05","16N02524","BC","S2015VA187043-4","bulk",81.0,100.0,90.5,"2016-08-05","Kellogg Soil Survey Laboratory Methods Manual, Soil Survey Investigations Report No. 42 Version 5.0, Issued 2014","Routine Particle Size Distribution (3A1a1a)",9.0,10.3,20.1,43.1,36.8,0.0,,34.7,8.4,8.2,4.8,2.6,3.2,1.3,"USDA NRCS Kellogg Soil Survey Laboratory",
"87efc14e-7f55-491c-8c09-c65377eeaeb3","SCBI_043.basePlot.all","D02","SCBI","SCBI_043","S2015VA187043","2015-10-05","16N02523","Bt2","S2015VA187043-3","bulk",53.0,81.0,67.0,"2016-08-05","Kellogg Soil Survey Laboratory Methods Manual, Soil Survey Investigations Report No. 42 Version 5.0, Issued 2014","Routine Particle Size Distribution (3A1a1a)",36.2,28.4,15.7,44.7,39.6,0.0,,38.6,6.1,5.4,3.8,2.2,2.2,2.1,"USDA NRCS Kellogg Soil Survey Laboratory",
"c6ba197b-e71e-46a0-9ab3-e4904ea2594a","SCBI_035.basePlot.all","D02","SCBI","SCBI_035","S2015VA187035","2015-10-06","16N02514","BC","S2015VA187035-4","bulk",64.0,89.0,76.5,"2016-07-26","Kellogg Soil Survey Laboratory Methods Manual, Soil Survey Investigations Report No. 42 Version 5.0, Issued 2014","Routine Particle Size Distribution (3A1a1a)",9.3,0.3,21.0,45.1,33.9,0.0,,34.8,10.3,4.2,4.2,6.0,3.7,2.9,"USDA NRCS Kellogg Soil Survey Laboratory",
"1fd41d71-bf31-46f4-b1f3-0817631ada45","SCBI_037.basePlot.all","D02","SCBI","SCBI_037","S2015VA187037","2015-10-06","16N02518","Bt1","S2015VA187037-3","bulk",39.0,63.0,51.0,"2016-07-26","Kellogg Soil Survey Laboratory Methods Manual, Soil Survey Investigations Report No. 42 Version 5.0, Issued 2014","Routine Particle Size Distribution (3A1a1a)",88.1,103.1,14.2,48.5,37.3,0.0,,39.6,8.9,2.4,2.8,2.2,3.3,3.5,"USDA NRCS Kellogg Soil Survey Laboratory",
"a9da1a81-6f79-4d28-bf31-531af2db1a4d","SCBI_035.basePlot.all","D02","SCBI","SCBI_035","S2015VA187035","2015-10-06","16N02512","Bt1","S2015VA187035-2","bulk",18.0,35.0,26.5,"2016-07-26","Kellogg Soil Survey Laboratory Methods Manual, Soil Survey Investigations Report No. 42 Version 5.0, Issued 2014","Routine Particle Size Distribution (3A1a1a)",14.1,15.0,8.5,51.7,39.8,0.0,,41.5,10.2,2.2,1.6,1.8,1.9,1.0,"USDA NRCS Kellogg Soil Survey Laboratory",
"47610d7e-3706-474c-973c-e181d6a9f744","SCBI_034.basePlot.all","D02","SCBI","SCBI_034","S2015VA187034","2015-10-06","16N02506","Ap1","S2015VA187034-1","bulk",0.0,17.0,8.5,"2016-07-21","Kellogg Soil Survey Laboratory Methods Manual, Soil Survey Investigations Report No. 42 Version 5.0, Issued 2014","Routine Particle Size Distribution (3A1a1a)",182.5,148.7,25.0,48.5,26.5,,,38.8,9.7,2.2,3.1,3.3,7.9,8.5,"USDA NRCS Kellogg Soil Survey Laboratory",
"b226ebda-cc79-477a-beea-34f642f1f503","SCBI_035.basePlot.all","D02","SCBI","SCBI_035","S2015VA187035","2015-10-06","16N02513","Bt2","S2015VA187035-3","bulk",35.0,64.0,49.5,"2016-07-26","Kellogg Soil Survey Laboratory Methods Manual, Soil Survey Investigations Report No. 42 Version 5.0, Issued 2014","Routine Particle Size Distribution (3A1a1a)",14.5,5.9,11.1,53.9,35.0,0.0,,39.6,14.3,3.7,1.8,1.9,2.7,1.0,"USDA NRCS Kellogg Soil Survey Laboratory",
"ad8bf8d5-0ef3-4885-af07-41952e01d784","SCBI_037.basePlot.all","D02","SCBI","SCBI_037","S2015VA187037","2015-10-06","16N02520","BCt","S2015VA187037-5","bulk",84.0,100.0,92.0,"2016-07-26","Kellogg Soil Survey Laboratory Methods Manual, Soil Survey Investigations Report No. 42 Version 5.0, Issued 2014","Routine Particle Size Distribution (3A1a1a)",65.7,162.6,16.9,44.4,38.7,,,36.4,8.0,2.8,2.8,6.7,1.0,3.6,"USDA NRCS Kellogg Soil Survey Laboratory",
"6ca675e6-22e0-44bb-83eb-a89b352418b5","SCBI_034.basePlot.all","D02","SCBI","SCBI_034","S2015VA187034","2015-10-06","16N02508","Bt1","S2015VA187034-3","bulk",33.0,57.0,45.0,"2016-07-26","Kellogg Soil Survey Laboratory Methods Manual, Soil Survey Investigations Report No. 42 Version 5.0, Issued 2014","Routine Particle Size Distribution (3A1a1a)",12.2,0.0,16.4,48.3,35.3,0.0,,40.6,7.7,5.1,3.9,5.4,0.7,1.3,"USDA NRCS Kellogg Soil Survey Laboratory",
"1c271a29-f1ab-41b6-afa1-d8b32c626f6f","SCBI_035.basePlot.all","D02","SCBI","SCBI_035","S2015VA187035","2015-10-06","16N02515","C","S2015VA187035-5","bulk",89.0,100.0,94.5,"2016-07-26","Kellogg Soil Survey Laboratory Methods Manual, Soil Survey Investigations Report No. 42 Version 5.0, Issued 2014","Routine Particle Size Distribution (3A1a1a)",21.5,0.0,26.7,43.5,29.8,0.0,,35.2,8.3,3.8,4.7,6.7,8.0,3.5,"USDA NRCS Kellogg Soil Survey Laboratory",
"0f6c6097-6957-4376-ace8-d638de974d0d","SCBI_037.basePlot.all","D02","SCBI","SCBI_037","S2015VA187037","2015-10-06","16N02517","BA","S2015VA187037-2","bulk",23.0,39.0,31.0,"2016-07-26","Kellogg Soil Survey Laboratory Methods Manual, Soil Survey Investigations Report No. 42 Version 5.0, Issued 2014","Routine Particle Size Distribution (3A1a1a)",84.1,130.4,13.1,60.1,26.8,0.0,,48.9,11.2,3.0,2.6,2.5,3.1,1.9,"USDA NRCS Kellogg Soil Survey Laboratory",
"9703b725-4ba3-4c0b-8cf1-3e9795e918f5","SCBI_034.basePlot.all","D02","SCBI","SCBI_034","S2015VA187034","2015-10-06","16N02509","Bt2","S2015VA187034-4","bulk",57.0,77.0,67.0,"2016-07-26","Kellogg Soil Survey Laboratory Methods Manual, Soil Survey Investigations Report No. 42 Version 5.0, Issued 2014","Routine Particle Size Distribution (3A1a1a)",0.6,0.0,14.0,57.5,28.5,0.0,,47.9,9.6,4.9,3.1,3.2,2.2,0.6,"USDA NRCS Kellogg Soil Survey Laboratory",
"29bec0ab-579c-46eb-8828-dd37387c6d0f","SCBI_034.basePlot.all","D02","SCBI","SCBI_034","S2015VA187034","2015-10-06","16N02510","BC","S2015VA187034-5","bulk",77.0,100.0,88.5,"2016-07-26","Kellogg Soil Survey Laboratory Methods Manual, Soil Survey Investigations Report No. 42 Version 5.0, Issued 2014","Routine Particle Size Distribution (3A1a1a)",117.2,0.3,12.9,63.9,23.2,0.0,,51.9,12.0,4.6,2.5,3.2,2.2,0.4,"USDA NRCS Kellogg Soil Survey Laboratory",
"417ff64c-416f-402b-b5ca-d31ecd405ecc","SCBI_034.basePlot.all","D02","SCBI","SCBI_034","S2015VA187034","2015-10-06","16N02507","Ap2","S2015VA187034-2","bulk",17.0,33.0,25.0,"2016-07-21","Kellogg Soil Survey Laboratory Methods Manual, Soil Survey Investigations Report No. 42 Version 5.0, Issued 2014","Routine Particle Size Distribution (3A1a1a)",175.5,175.5,22.7,51.8,25.5,0.0,,41.9,9.9,3.2,3.3,4.3,7.2,4.7,"USDA NRCS Kellogg Soil Survey Laboratory",
"0bd3410f-b17f-4be2-b746-8fec88e264a6","SCBI_037.basePlot.all","D02","SCBI","SCBI_037","S2015VA187037","2015-10-06","16N02516","Ap","S2015VA187037-1","bulk",0.0,23.0,11.5,"2016-07-26","Kellogg Soil Survey Laboratory Methods Manual, Soil Survey Investigations Report No. 42 Version 5.0, Issued 2014","Routine Particle Size Distribution (3A1a1a)",80.0,105.4,12.5,59.4,28.1,0.0,,48.7,10.7,2.6,2.5,4.6,0.5,2.3,"USDA NRCS Kellogg Soil Survey Laboratory",
"031c9efb-40c9-41d3-b318-420311a08fc9","SCBI_035.basePlot.all","D02","SCBI","SCBI_035","S2015VA187035","2015-10-06","16N02511","Ap","S2015VA187035-1","bulk",0.0,18.0,9.0,"2016-07-26","Kellogg Soil Survey Laboratory Methods Manual, Soil Survey Investigations Report No. 42 Version 5.0, Issued 2014","Routine Particle Size Distribution (3A1a1a)",56.7,130.3,14.8,55.9,29.3,0.0,,45.1,10.8,2.5,2.4,2.8,4.1,3.0,"USDA NRCS Kellogg Soil Survey Laboratory",
"34935ef6-52b8-4b57-bd6c-af427530c6be","SCBI_037.basePlot.all","D02","SCBI","SCBI_037","S2015VA187037","2015-10-06","16N02519","Bt2","S2015VA187037-4","bulk",63.0,84.0,73.5,"2016-07-26","Kellogg Soil Survey Laboratory Methods Manual, Soil Survey Investigations Report No. 42 Version 5.0, Issued 2014","Routine Particle Size Distribution (3A1a1a)",63.7,182.9,16.0,45.2,38.8,0.0,,36.0,9.2,3.2,2.6,3.0,4.5,2.7,"USDA NRCS Kellogg Soil Survey Laboratory",
"18ce2d2e-71f5-4d54-979e-745a83909c0e","SCBI_007.basePlot.all","D02","SCBI","SCBI_007","S2015VA187007","2015-10-07","16N02458","BE","S2015VA187007-3","bulk",11.0,28.0,19.5,"2016-07-18","Kellogg Soil Survey Laboratory Methods Manual, Soil Survey Investigations Report No. 42 Version 5.0, Issued 2014","Routine Particle Size Distribution (3A1a1a)",131.5,133.5,17.6,47.7,34.7,0.0,,39.5,8.2,6.9,4.9,2.5,2.4,0.9,"USDA NRCS Kellogg Soil Survey Laboratory",
"279f3e44-0ccb-4a9a-bb8b-ea756d61006f","SCBI_017.basePlot.all","D02","SCBI","SCBI_017","S2015VA187017","2015-10-07","16N02486","BA","S2015VA187017-2","bulk",6.0,22.0,14.0,"2016-07-21","Kellogg Soil Survey Laboratory Methods Manual, Soil Survey Investigations Report No. 42 Version 5.0, Issued 2014","Routine Particle Size Distribution (3A1a1a)",77.7,416.0,20.1,53.7,26.2,,,40.2,13.5,7.0,5.0,2.2,3.0,2.9,"USDA NRCS Kellogg Soil Survey Laboratory",
"d8ecd17d-674c-4323-9df3-81b78797e7b0","SCBI_007.basePlot.all","D02","SCBI","SCBI_007","S2015VA187007","2015-10-07","16N02459","Bt1","S2015VA187007-4","bulk",28.0,51.0,39.5,"2016-07-18","Kellogg Soil Survey Laboratory Methods Manual, Soil Survey Investigations Report No. 42 Version 5.0, Issued 2014","Routine Particle Size Distribution (3A1a1a)",26.6,31.4,18.8,42.4,38.8,0.0,,35.1,7.3,6.5,5.5,3.6,2.1,1.1,"USDA NRCS Kellogg Soil Survey Laboratory",
"7b600218-d138-491e-87ca-8072e6effc89","SCBI_010.basePlot.all","D02","SCBI","SCBI_010","S2015VA187010","2015-10-07","16N02467","A2","S2015VA187010-2","bulk",6.0,13.0,9.5,"2016-07-19","Kellogg Soil Survey Laboratory Methods Manual, Soil Survey Investigations Report No. 42 Version 5.0, Issued 2014","Routine Particle Size Distribution (3A1a1a)",98.2,182.3,20.8,52.1,27.1,,,43.1,9.0,4.3,4.8,5.9,2.1,3.7,"USDA NRCS Kellogg Soil Survey Laboratory",
"75243b08-2afb-4015-b5eb-b688f4a0f960","SCBI_007.basePlot.all","D02","SCBI","SCBI_007","S2015VA187007","2015-10-07","16N02456","Oi","S2015VA187007-1","bulk",0.0,5.0,2.5,,,,0.0,34.5,,,,,,,,,,,,,"USDA NRCS Kellogg Soil Survey Laboratory",
"6dd5ebb6-51c0-41f8-9212-1f28475c7f76","SCBI_010.basePlot.all","D02","SCBI","SCBI_010","S2015VA187010","2015-10-07","16N02466","A1","S2015VA187010-1","bulk",0.0,6.0,3.0,"2016-07-19","Kellogg Soil Survey Laboratory Methods Manual, Soil Survey Investigations Report No. 42 Version 5.0, Issued 2014","Routine Particle Size Distribution (3A1a1a)",124.6,233.6,21.6,52.3,26.1,,,43.7,8.6,3.7,3.5,3.9,6.6,3.9,"USDA NRCS Kellogg Soil Survey Laboratory",
"a8959e43-1d84-46db-ab19-3cb171d888b0","SCBI_010.basePlot.all","D02","SCBI","SCBI_010","S2015VA187010","2015-10-07","16N02468","BA","S2015VA187010-3","bulk",13.0,24.0,18.5,"2016-07-19","Kellogg Soil Survey Laboratory Methods Manual, Soil Survey Investigations Report No. 42 Version 5.0, Issued 2014","Routine Particle Size Distribution (3A1a1a)",99.1,133.7,20.7,54.7,24.6,1.3,,45.7,9.0,4.7,4.4,4.1,5.1,2.4,"USDA NRCS Kellogg Soil Survey Laboratory",
"c961d60c-490b-4ba8-b78e-14ea80b8a3cf","SCBI_017.basePlot.all","D02","SCBI","SCBI_017","S2015VA187017","2015-10-07","16N02485","Ap","S2015VA187017-1","bulk",0.0,6.0,3.0,"2016-07-21","Kellogg Soil Survey Laboratory Methods Manual, Soil Survey Investigations Report No. 42 Version 5.0, Issued 2014","Routine Particle Size Distribution (3A1a1a)",19.1,20.3,17.5,55.5,27.0,0.0,,40.6,14.9,6.9,4.6,3.7,1.1,1.2,"USDA NRCS Kellogg Soil Survey Laboratory",
"609e3197-1838-45ff-b1e8-1ccdc444af85","SCBI_007.basePlot.all","D02","SCBI","SCBI_007","S2015VA187007","2015-10-07","16N02457","A","S2015VA187007-2","bulk",5.0,11.0,8.0,"2016-07-18","Kellogg Soil Survey Laboratory Methods Manual, Soil Survey Investigations Report No. 42 Version 5.0, Issued 2014","Routine Particle Size Distribution (3A1a1a)",66.8,189.7,24.3,49.4,26.3,0.0,,39.3,10.1,6.7,4.9,3.3,4.7,4.7,"USDA NRCS Kellogg Soil Survey Laboratory",
"3b2ec887-286f-49b4-9cc3-3c6acc0063c0","SCBI_010.basePlot.all","D02","SCBI","SCBI_010","S2015VA187010","2015-10-07","16N02471","Bt3","S2015VA187010-6","bulk",72.0,100.0,86.0,"2016-07-19","Kellogg Soil Survey Laboratory Methods Manual, Soil Survey Investigations Report No. 42 Version 5.0, Issued 2014","Routine Particle Size Distribution (3A1a1a)",84.3,184.1,30.5,43.6,25.9,0.0,,33.4,10.2,7.0,5.5,5.8,7.4,4.8,"USDA NRCS Kellogg Soil Survey Laboratory",
"3a072c68-ab55-4246-a2f8-e767df05ccec","SCBI_010.basePlot.all","D02","SCBI","SCBI_010","S2015VA187010","2015-10-07","16N02470","Bt2","S2015VA187010-5","bulk",51.0,72.0,61.5,"2016-07-19","Kellogg Soil Survey Laboratory Methods Manual, Soil Survey Investigations Report No. 42 Version 5.0, Issued 2014","Routine Particle Size Distribution (3A1a1a)",103.0,101.4,23.9,49.0,27.1,0.0,,40.2,8.8,5.8,4.7,4.6,6.5,2.3,"USDA NRCS Kellogg Soil Survey Laboratory",
"7997da7f-499b-47b9-86ca-6668b245f611","SCBI_007.basePlot.all","D02","SCBI","SCBI_007","S2015VA187007","2015-10-07","16N02460","2Bt2","S2015VA187007-5","bulk",51.0,100.0,75.5,"2016-07-18","Kellogg Soil Survey Laboratory Methods Manual, Soil Survey Investigations Report No. 42 Version 5.0, Issued 2014","Routine Particle Size Distribution (3A1a1a)",170.5,119.6,14.8,44.7,40.5,0.0,,38.3,6.4,5.1,4.3,2.3,1.9,1.2,"USDA NRCS Kellogg Soil Survey Laboratory",
"ecc5de69-4add-41cd-a591-440a3f34ae3f","SCBI_017.basePlot.all","D02","SCBI","SCBI_017","S2015VA187017","2015-10-07","16N02488","BC","S2015VA187017-4","bulk",65.0,102.0,83.5,"2016-07-21","Kellogg Soil Survey Laboratory Methods Manual, Soil Survey Investigations Report No. 42 Version 5.0, Issued 2014","Routine Particle Size Distribution (3A1a1a)",0.0,0.0,13.2,52.5,34.3,0.0,,42.6,9.9,6.1,4.4,2.0,0.6,0.1,"USDA NRCS Kellogg Soil Survey Laboratory",
"d6e2a289-bd87-4dec-b169-d827c8430285","SCBI_017.basePlot.all","D02","SCBI","SCBI_017","S2015VA187017","2015-10-07","16N02487","Bt","S2015VA187017-3","bulk",22.0,65.0,43.5,"2016-07-21","Kellogg Soil Survey Laboratory Methods Manual, Soil Survey Investigations Report No. 42 Version 5.0, Issued 2014","Routine Particle Size Distribution (3A1a1a)",35.9,22.6,20.5,44.5,35.0,0.0,,33.7,10.8,8.7,7.0,2.1,1.7,1.0,"USDA NRCS Kellogg Soil Survey Laboratory",
"00706e13-16f0-4f97-a4e0-5b357976d0a0","SCBI_010.basePlot.all","D02","SCBI","SCBI_010","S2015VA187010","2015-10-07","16N02469","Bt1","S2015VA187010-4","bulk",24.0,51.0,37.5,"2016-07-19","Kellogg Soil Survey Laboratory Methods Manual, Soil Survey Investigations Report No. 42 Version 5.0, Issued 2014","Routine Particle Size Distribution (3A1a1a)",100.9,136.9,21.5,53.6,24.9,0.0,,44.3,9.3,4.5,3.9,5.1,4.5,3.5,"USDA NRCS Kellogg Soil Survey Laboratory",
"9e3a8605-cde7-4607-9165-19ebf0dd54e0","SCBI_014.basePlot.all","D02","SCBI","SCBI_014","S2015VA187014","2015-10-08","16N02483","Bt","S2015VA187014-3","bulk",15.0,30.0,22.5,"2016-07-19","Kellogg Soil Survey Laboratory Methods Manual, Soil Survey Investigations Report No. 42 Version 5.0, Issued 2014","Routine Particle Size Distribution (3A1a1a)",86.6,185.4,18.0,59.0,23.0,0.0,,36.9,22.1,3.8,3.3,3.2,4.5,3.2,"USDA NRCS Kellogg Soil Survey Laboratory",
"9254a388-97a5-423d-9ce5-88178fcaa3d3","SCBI_008.basePlot.all","D02","SCBI","SCBI_008","S2015VA187008","2015-10-08","16N02461","A","S2015VA187008-1","bulk",0.0,12.0,6.0,"2016-07-18","Kellogg Soil Survey Laboratory Methods Manual, Soil Survey Investigations Report No. 42 Version 5.0, Issued 2014","Routine Particle Size Distribution (3A1a1a)",22.5,74.3,13.0,61.9,25.1,0.0,,48.9,13.0,5.3,3.4,2.3,1.3,0.7,"USDA NRCS Kellogg Soil Survey Laboratory",
"9a081154-5e5a-4996-a983-04defbf35f0c","SCBI_008.basePlot.all","D02","SCBI","SCBI_008","S2015VA187008","2015-10-08","16N02465","2C","S2015VA187008-5","bulk",93.0,100.0,96.5,"2016-07-19","Kellogg Soil Survey Laboratory Methods Manual, Soil Survey Investigations Report No. 42 Version 5.0, Issued 2014","Routine Particle Size Distribution (3A1a1a)",85.4,143.9,21.0,49.1,29.9,0.0,,44.0,5.1,4.0,3.9,3.9,6.1,3.1,"USDA NRCS Kellogg Soil Survey Laboratory",
"b705c2df-15f1-4821-9899-439fe0106ec2","SCBI_014.basePlot.all","D02","SCBI","SCBI_014","S2015VA187014","2015-10-08","16N02481","A","S2015VA187014-1","bulk",0.0,5.0,2.5,"2016-07-19","Kellogg Soil Survey Laboratory Methods Manual, Soil Survey Investigations Report No. 42 Version 5.0, Issued 2014","Routine Particle Size Distribution (3A1a1a)",69.4,189.3,18.4,56.6,25.0,0.0,,47.1,9.5,3.6,3.1,3.3,4.7,3.7,"USDA NRCS Kellogg Soil Survey Laboratory",
"edbd2b03-3a5a-420d-b4b7-d2c039c8d53a","SCBI_008.basePlot.all","D02","SCBI","SCBI_008","S2015VA187008","2015-10-08","16N02464","Bt2","S2015VA187008-4","bulk",49.0,93.0,71.0,"2016-07-19","Kellogg Soil Survey Laboratory Methods Manual, Soil Survey Investigations Report No. 42 Version 5.0, Issued 2014","Routine Particle Size Distribution (3A1a1a)",74.0,132.0,18.2,47.8,34.0,0.0,,39.8,8.0,5.2,3.9,3.1,5.1,0.9,"USDA NRCS Kellogg Soil Survey Laboratory",
"b0366a16-37eb-4f8d-a7b5-014699a547b3","SCBI_008.basePlot.all","D02","SCBI","SCBI_008","S2015VA187008","2015-10-08","16N02463","Bt1","S2015VA187008-3","bulk",30.0,49.0,39.5,"2016-07-19","Kellogg Soil Survey Laboratory Methods Manual, Soil Survey Investigations Report No. 42 Version 5.0, Issued 2014","Routine Particle Size Distribution (3A1a1a)",29.4,47.7,17.5,50.6,31.9,0.0,,41.0,9.6,5.5,4.3,3.4,2.0,2.3,"USDA NRCS Kellogg Soil Survey Laboratory",
"2df6ff2c-e4d8-4cbe-a853-25ce823510de","SCBI_014.basePlot.all","D02","SCBI","SCBI_014","S2015VA187014","2015-10-08","16N02482","BA","S2015VA187014-2","bulk",5.0,15.0,10.0,"2016-07-19","Kellogg Soil Survey Laboratory Methods Manual, Soil Survey Investigations Report No. 42 Version 5.0, Issued 2014","Routine Particle Size Distribution (3A1a1a)",82.7,270.4,20.8,56.3,22.9,1.2,,47.4,8.9,3.4,3.0,5.2,3.1,6.1,"USDA NRCS Kellogg Soil Survey Laboratory",
"4a2e52c3-852a-41fa-a5db-9f707b4d31e7","SCBI_014.basePlot.all","D02","SCBI","SCBI_014","S2015VA187014","2015-10-08","16N02484","BC","S2015VA187014-4","bulk",30.0,65.0,47.5,"2016-07-19","Kellogg Soil Survey Laboratory Methods Manual, Soil Survey Investigations Report No. 42 Version 5.0, Issued 2014","Routine Particle Size Distribution (3A1a1a)",72.2,202.9,20.7,55.1,24.2,0.0,,45.7,9.4,4.4,3.7,3.6,4.6,4.4,"USDA NRCS Kellogg Soil Survey Laboratory",
"c4537750-7402-4433-bf35-56c8fd790f9d","SCBI_008.basePlot.all","D02","SCBI","SCBI_008","S2015VA187008","2015-10-08","16N02462","BA","S2015VA187008-2","bulk",12.0,30.0,21.0,"2016-07-18","Kellogg Soil Survey Laboratory Methods Manual, Soil Survey Investigations Report No. 42 Version 5.0, Issued 2014","Routine Particle Size Distribution (3A1a1a)",26.8,75.1,13.9,61.3,24.8,0.0,,49.3,12.0,5.5,3.9,2.4,1.6,0.5,"USDA NRCS Kellogg Soil Survey Laboratory",
"7aad238a-e577-435a-9f3a-acb7d9de0339","SCBI_021.basePlot.all","D02","SCBI","SCBI_021","S2015VA187021","2015-10-09","16N02497","Bt1","S2015VA187021-4","bulk",35.0,63.0,49.0,"2016-07-21","Kellogg Soil Survey Laboratory Methods Manual, Soil Survey Investigations Report No. 42 Version 5.0, Issued 2014","Routine Particle Size Distribution (3A1a1a)",100.4,0.8,11.4,46.4,42.2,0.0,,35.8,10.6,4.5,3.0,2.5,0.4,1.0,"USDA NRCS Kellogg Soil Survey Laboratory",
"a871c924-fa3e-4569-8246-94dbd8b1052f","SCBI_021.basePlot.all","D02","SCBI","SCBI_021","S2015VA187021","2015-10-09","16N02494","Ap1","S2015VA187021-1","bulk",0.0,10.0,5.0,"2016-07-21","Kellogg Soil Survey Laboratory Methods Manual, Soil Survey Investigations Report No. 42 Version 5.0, Issued 2014","Routine Particle Size Distribution (3A1a1a)",66.7,9.3,22.9,52.5,24.6,0.0,,40.3,12.2,5.6,4.5,3.8,5.1,3.9,"USDA NRCS Kellogg Soil Survey Laboratory",
"5de175dd-0715-4969-8f3b-5c2c01b9c3e5","SCBI_006.basePlot.all","D02","SCBI","SCBI_006","S2015VA187006","2015-10-09","16N02452","BA","S2015VA187006-2","bulk",20.0,32.0,26.0,"2016-07-18","Kellogg Soil Survey Laboratory Methods Manual, Soil Survey Investigations Report No. 42 Version 5.0, Issued 2014","Routine Particle Size Distribution (3A1a1a)",20.9,10.2,13.8,44.3,41.9,0.0,,34.2,10.1,5.0,3.3,2.2,2.0,1.3,"USDA NRCS Kellogg Soil Survey Laboratory",
"75f744e7-3eb8-4ed0-a703-a9d8d6bf3a7d","SCBI_006.basePlot.all","D02","SCBI","SCBI_006","S2015VA187006","2015-10-09","16N02455","BCt2","S2015VA187006-5","bulk",77.0,100.0,88.5,"2016-07-18","Kellogg Soil Survey Laboratory Methods Manual, Soil Survey Investigations Report No. 42 Version 5.0, Issued 2014","Routine Particle Size Distribution (3A1a1a)",147.3,3.3,19.0,50.5,30.5,0.0,,33.8,16.7,10.6,3.8,2.8,1.7,0.1,"USDA NRCS Kellogg Soil Survey Laboratory",
"a7b62c15-b965-4723-91f5-a746b5b9abda","SCBI_021.basePlot.all","D02","SCBI","SCBI_021","S2015VA187021","2015-10-09","16N02499","BC","S2015VA187021-6","bulk",94.0,100.0,97.0,"2016-07-21","Kellogg Soil Survey Laboratory Methods Manual, Soil Survey Investigations Report No. 42 Version 5.0, Issued 2014","Routine Particle Size Distribution (3A1a1a)",15.8,79.2,15.1,50.8,34.1,0.0,,36.8,14.0,5.4,2.9,2.9,2.4,1.5,"USDA NRCS Kellogg Soil Survey Laboratory",
"06bb24f0-a544-47b2-ac6e-83c6d45cd048","SCBI_021.basePlot.all","D02","SCBI","SCBI_021","S2015VA187021","2015-10-09","16N02495","Ap2","S2015VA187021-2","bulk",10.0,19.0,14.5,"2016-07-21","Kellogg Soil Survey Laboratory Methods Manual, Soil Survey Investigations Report No. 42 Version 5.0, Issued 2014","Routine Particle Size Distribution (3A1a1a)",149.2,145.5,23.1,53.2,23.7,0.0,,40.4,12.8,5.6,5.0,4.3,3.5,4.7,"USDA NRCS Kellogg Soil Survey Laboratory",
"17195f42-ec4e-485d-9e37-80f8a5d515a7","SCBI_006.basePlot.all","D02","SCBI","SCBI_006","S2015VA187006","2015-10-09","16N02454","BCt1","S2015VA187006-4","bulk",58.0,77.0,67.5,"2016-07-18","Kellogg Soil Survey Laboratory Methods Manual, Soil Survey Investigations Report No. 42 Version 5.0, Issued 2014","Routine Particle Size Distribution (3A1a1a)",26.1,7.0,18.2,44.9,36.9,0.0,,31.0,13.9,7.2,4.3,4.3,1.7,0.7,"USDA NRCS Kellogg Soil Survey Laboratory",
"14fc2744-3b90-4d7b-b122-e948ca6a1f02","SCBI_021.basePlot.all","D02","SCBI","SCBI_021","S2015VA187021","2015-10-09","16N02498","Bt2","S2015VA187021-5","bulk",63.0,94.0,78.5,"2016-07-21","Kellogg Soil Survey Laboratory Methods Manual, Soil Survey Investigations Report No. 42 Version 5.0, Issued 2014","Routine Particle Size Distribution (3A1a1a)",60.9,12.0,14.8,43.1,42.1,0.0,,34.5,8.6,4.5,3.6,3.0,3.0,0.7,"USDA NRCS Kellogg Soil Survey Laboratory",
"dd47a2b8-f744-4e3f-9672-ebd1c5b9b2d8","SCBI_006.basePlot.all","D02","SCBI","SCBI_006","S2015VA187006","2015-10-09","16N02453","Bt","S2015VA187006-3","bulk",32.0,58.0,45.0,"2016-07-18","Kellogg Soil Survey Laboratory Methods Manual, Soil Survey Investigations Report No. 42 Version 5.0, Issued 2014","Routine Particle Size Distribution (3A1a1a)",58.1,7.8,12.2,41.2,46.6,0.0,,32.3,8.9,4.6,2.6,1.9,2.3,0.8,"USDA NRCS Kellogg Soil Survey Laboratory",
"e454a151-b9b4-40e6-8a2f-944de4e4b671","SCBI_006.basePlot.all","D02","SCBI","SCBI_006","S2015VA187006","2015-10-09","16N02451","Ap","S2015VA187006-1","bulk",0.0,20.0,10.0,"2016-07-18","Kellogg Soil Survey Laboratory Methods Manual, Soil Survey Investigations Report No. 42 Version 5.0, Issued 2014","Routine Particle Size Distribution (3A1a1a)",89.9,81.0,17.4,49.9,32.7,,,38.0,11.9,4.9,3.9,2.8,4.7,1.1,"USDA NRCS Kellogg Soil Survey Laboratory",
"02c25a98-deaa-49d3-a40b-e713adef82f8","SCBI_021.basePlot.all","D02","SCBI","SCBI_021","S2015VA187021","2015-10-09","16N02496","BA","S2015VA187021-3","bulk",19.0,35.0,27.0,"2016-07-21","Kellogg Soil Survey Laboratory Methods Manual, Soil Survey Investigations Report No. 42 Version 5.0, Issued 2014","Routine Particle Size Distribution (3A1a1a)",308.5,15.7,12.7,53.8,33.5,0.0,,43.3,10.5,3.8,2.4,2.1,2.2,2.2,"USDA NRCS Kellogg Soil Survey Laboratory",
"7f298bb8-834a-4d85-8cac-f60e602ca4bb","SCBI_004.basePlot.all","D02","SCBI","SCBI_004","S2015VA187004","2015-10-19","16N02443","AB","S2015VA187004-2","bulk",14.0,25.0,19.5,"2016-07-18","Kellogg Soil Survey Laboratory Methods Manual, Soil Survey Investigations Report No. 42 Version 5.0, Issued 2014","Routine Particle Size Distribution (3A1a1a)",57.9,121.7,13.0,60.4,26.6,0.0,,49.1,11.3,4.0,2.9,2.2,2.5,1.4,"USDA NRCS Kellogg Soil Survey Laboratory",
"7f5f6856-8c06-4c27-a3c5-a16494d8558c","SCBI_022.basePlot.all","D02","SCBI","SCBI_022","S2015VA187022","2015-10-19","16N02505","Bt3","S2015VA187022-6","bulk",62.0,100.0,81.0,"2016-07-21","Kellogg Soil Survey Laboratory Methods Manual, Soil Survey Investigations Report No. 42 Version 5.0, Issued 2014","Routine Particle Size Distribution (3A1a1a)",56.4,162.1,20.7,44.5,34.8,0.0,,32.3,12.2,7.1,5.3,3.4,4.1,0.8,"USDA NRCS Kellogg Soil Survey Laboratory",
"b978f158-209b-4477-a6c9-14b82c309d9a","SCBI_011.basePlot.all","D02","SCBI","SCBI_011","S2015VA187011","2015-10-19","16N02473","A","S2015VA187011-2","bulk",4.0,13.0,8.5,"2016-07-19","Kellogg Soil Survey Laboratory Methods Manual, Soil Survey Investigations Report No. 42 Version 5.0, Issued 2014","Routine Particle Size Distribution (3A1a1a)",93.2,154.3,17.4,53.9,28.7,,,42.3,11.6,5.5,4.1,2.3,2.8,2.7,"USDA NRCS Kellogg Soil Survey Laboratory",
"3561c17b-f7a9-460d-a8dd-e737d6765f67","SCBI_011.basePlot.all","D02","SCBI","SCBI_011","S2015VA187011","2015-10-19","16N02474","BE","S2015VA187011-3","bulk",13.0,30.0,21.5,"2016-07-19","Kellogg Soil Survey Laboratory Methods Manual, Soil Survey Investigations Report No. 42 Version 5.0, Issued 2014","Routine Particle Size Distribution (3A1a1a)",151.6,240.2,15.6,51.7,32.7,0.0,,42.3,9.4,5.4,4.0,2.5,2.2,1.5,"USDA NRCS Kellogg Soil Survey Laboratory",
"45b9aaa0-964b-4914-96a8-549c51c5234e","SCBI_011.basePlot.all","D02","SCBI","SCBI_011","S2015VA187011","2015-10-19","16N02472","Oi","S2015VA187011-1","bulk",0.0,4.0,2.0,,,,0.0,0.0,,,,,,,,,,,,,"USDA NRCS Kellogg Soil Survey Laboratory",
"5cb548e2-a227-42d7-b603-0dfa945fa9e0","SCBI_022.basePlot.all","D02","SCBI","SCBI_022","S2015VA187022","2015-10-19","16N02500","A","S2015VA187022-1","bulk",0.0,4.0,2.0,"2016-07-21","Kellogg Soil Survey Laboratory Methods Manual, Soil Survey Investigations Report No. 42 Version 5.0, Issued 2014","Routine Particle Size Distribution (3A1a1a)",65.5,213.7,16.4,55.1,28.5,0.0,,43.3,11.8,4.6,3.4,2.7,3.3,2.4,"USDA NRCS Kellogg Soil Survey Laboratory",
"26b74c00-f689-4913-bcd7-a44b299ba5c1","SCBI_004.basePlot.all","D02","SCBI","SCBI_004","S2015VA187004","2015-10-19","16N02442","A","S2015VA187004-1","bulk",0.0,14.0,7.0,"2016-07-18","Kellogg Soil Survey Laboratory Methods Manual, Soil Survey Investigations Report No. 42 Version 5.0, Issued 2014","Routine Particle Size Distribution (3A1a1a)",83.1,226.6,15.9,61.8,22.3,,,50.1,11.7,4.2,3.2,2.3,2.7,3.5,"USDA NRCS Kellogg Soil Survey Laboratory",
"76244f77-5d34-458f-85c7-6488cb2ecb80","SCBI_011.basePlot.all","D02","SCBI","SCBI_011","S2015VA187011","2015-10-19","16N02475","Bt1","S2015VA187011-4","bulk",30.0,41.0,35.5,"2016-07-19","Kellogg Soil Survey Laboratory Methods Manual, Soil Survey Investigations Report No. 42 Version 5.0, Issued 2014","Routine Particle Size Distribution (3A1a1a)",41.9,131.9,20.5,37.6,41.9,0.0,,31.1,6.5,5.6,5.3,5.9,0.6,3.1,"USDA NRCS Kellogg Soil Survey Laboratory",
"37738e45-c7bb-4716-8d1c-1f35e5a3e03a","SCBI_022.basePlot.all","D02","SCBI","SCBI_022","S2015VA187022","2015-10-19","16N02501","A","S2015VA187022-2","bulk",4.0,8.0,6.0,"2016-07-21","Kellogg Soil Survey Laboratory Methods Manual, Soil Survey Investigations Report No. 42 Version 5.0, Issued 2014","Routine Particle Size Distribution (3A1a1a)",87.9,205.9,19.6,53.4,27.0,,,42.0,11.4,4.9,4.0,2.8,4.1,3.8,"USDA NRCS Kellogg Soil Survey Laboratory",
"16855128-871a-4eff-8044-cf64590dfa2d","SCBI_011.basePlot.all","D02","SCBI","SCBI_011","S2015VA187011","2015-10-19","16N02476","Bt2","S2015VA187011-5","bulk",41.0,100.0,70.5,"2016-07-19","Kellogg Soil Survey Laboratory Methods Manual, Soil Survey Investigations Report No. 42 Version 5.0, Issued 2014","Routine Particle Size Distribution (3A1a1a)",4.1,0.0,21.6,39.0,39.4,0.6,,29.9,9.1,7.2,5.3,3.8,3.7,1.6,"USDA NRCS Kellogg Soil Survey Laboratory",
"69cf1639-d095-49e8-8925-52f7516a0aac","SCBI_022.basePlot.all","D02","SCBI","SCBI_022","S2015VA187022","2015-10-19","16N02502","AB","S2015VA187022-3","bulk",8.0,19.0,13.5,"2016-07-21","Kellogg Soil Survey Laboratory Methods Manual, Soil Survey Investigations Report No. 42 Version 5.0, Issued 2014","Routine Particle Size Distribution (3A1a1a)",94.8,170.5,18.7,54.3,27.0,,,42.0,12.3,4.6,3.7,2.9,4.2,3.3,"USDA NRCS Kellogg Soil Survey Laboratory",
"52941788-d6c3-4ca9-b8fd-986e8867bb18","SCBI_004.basePlot.all","D02","SCBI","SCBI_004","S2015VA187004","2015-10-19","16N02444","Bt1","S2015VA187004-3","bulk",25.0,48.0,36.5,"2016-07-18","Kellogg Soil Survey Laboratory Methods Manual, Soil Survey Investigations Report No. 42 Version 5.0, Issued 2014","Routine Particle Size Distribution (3A1a1a)",94.4,43.5,8.4,40.8,50.8,0.0,,33.4,7.4,3.7,2.2,1.2,0.7,0.6,"USDA NRCS Kellogg Soil Survey Laboratory",
"dcd3a290-d93e-441c-9211-81a4d5dff6dc","SCBI_022.basePlot.all","D02","SCBI","SCBI_022","S2015VA187022","2015-10-19","16N02504","Bt2","S2015VA187022-5","bulk",33.0,62.0,47.5,"2016-07-21","Kellogg Soil Survey Laboratory Methods Manual, Soil Survey Investigations Report No. 42 Version 5.0, Issued 2014","Routine Particle Size Distribution (3A1a1a)",111.4,182.3,18.3,48.9,32.8,0.0,,38.8,10.1,4.8,3.6,4.1,1.6,4.2,"USDA NRCS Kellogg Soil Survey Laboratory",
"a8f89c8b-5d9b-480c-b9d6-e1ebb6bac763","SCBI_022.basePlot.all","D02","SCBI","SCBI_022","S2015VA187022","2015-10-19","16N02503","Bt1","S2015VA187022-4","bulk",19.0,33.0,26.0,"2016-07-21","Kellogg Soil Survey Laboratory Methods Manual, Soil Survey Investigations Report No. 42 Version 5.0, Issued 2014","Routine Particle Size Distribution (3A1a1a)",41.9,86.5,15.1,56.2,28.7,,,44.9,11.3,4.5,3.4,2.7,2.6,1.9,"USDA NRCS Kellogg Soil Survey Laboratory",
"161b904d-9732-45ee-bc80-affa8436d657","SCBI_004.basePlot.all","D02","SCBI","SCBI_004","S2015VA187004","2015-10-19","16N02445","Bt2","S2015VA187004-4","bulk",48.0,100.0,74.0,"2016-07-18","Kellogg Soil Survey Laboratory Methods Manual, Soil Survey Investigations Report No. 42 Version 5.0, Issued 2014","Routine Particle Size Distribution (3A1a1a)",2.6,5.7,11.0,33.1,55.9,,,25.9,7.2,5.1,3.1,1.6,1.0,0.2,"USDA NRCS Kellogg Soil Survey Laboratory",
"1d5a6cb3-146f-4d9f-8ce7-11037cde154b","SCBI_002.basePlot.all","D02","SCBI","SCBI_002","S2015VA187002","2015-10-20","16N02439","E","S2015VA187002-2","bulk",11.0,34.0,22.5,"2016-07-18","Kellogg Soil Survey Laboratory Methods Manual, Soil Survey Investigations Report No. 42 Version 5.0, Issued 2014","Routine Particle Size Distribution (3A1a1a)",111.3,227.7,28.9,52.1,19.0,0.0,,40.7,11.4,6.6,6.5,5.6,7.1,3.1,"USDA NRCS Kellogg Soil Survey Laboratory",
"465aa19b-7da7-46bd-8211-22c19e8989a6","SCBI_005.basePlot.all","D02","SCBI","SCBI_005","S2015VA187005","2015-10-20","16N02449","BC","S2015VA187005-4","bulk",46.0,76.0,61.0,"2016-07-18","Kellogg Soil Survey Laboratory Methods Manual, Soil Survey Investigations Report No. 42 Version 5.0, Issued 2014","Routine Particle Size Distribution (3A1a1a)",115.7,77.7,12.7,49.9,37.4,0.0,,40.1,9.8,2.8,2.5,2.2,2.5,2.7,"USDA NRCS Kellogg Soil Survey Laboratory",
"fe486060-7437-4364-acc5-b668ce58d131","SCBI_013.basePlot.all","D02","SCBI","SCBI_013","S2015VA187013","2015-10-20","16N02477","A","S2015VA187013-1","bulk",0.0,4.0,2.0,"2016-07-19","Kellogg Soil Survey Laboratory Methods Manual, Soil Survey Investigations Report No. 42 Version 5.0, Issued 2014","Routine Particle Size Distribution (3A1a1a)",39.7,114.6,16.5,45.7,37.8,,,35.9,9.8,5.9,3.6,2.6,2.1,2.3,"USDA NRCS Kellogg Soil Survey Laboratory",
"451f6115-f73a-45a7-a142-fc590f588d0d","SCBI_005.basePlot.all","D02","SCBI","SCBI_005","S2015VA187005","2015-10-20","16N02446","Oi","S2015VA187005-1","bulk",0.0,4.0,2.0,,,,0.0,0.0,,,,,,,,,,,,,"USDA NRCS Kellogg Soil Survey Laboratory",
"837237ba-42f6-454b-877e-235509398c58","SCBI_019.basePlot.all","D02","SCBI","SCBI_019","S2015VA187019","2015-10-20","16N02489","A","S2015VA187019-1","bulk",0.0,13.0,6.5,"2016-07-21","Kellogg Soil Survey Laboratory Methods Manual, Soil Survey Investigations Report No. 42 Version 5.0, Issued 2014","Routine Particle Size Distribution (3A1a1a)",51.7,34.6,10.2,58.3,31.5,0.0,,48.3,10.0,2.7,2.2,1.9,2.2,1.2,"USDA NRCS Kellogg Soil Survey Laboratory",
"36d2bba5-67d4-4961-a99f-424ecda5af22","SCBI_005.basePlot.all","D02","SCBI","SCBI_005","S2015VA187005","2015-10-20","16N02447","A","S2015VA187005-2","bulk",4.0,20.0,12.0,"2016-07-18","Kellogg Soil Survey Laboratory Methods Manual, Soil Survey Investigations Report No. 42 Version 5.0, Issued 2014","Routine Particle Size Distribution (3A1a1a)",129.7,164.1,24.3,50.8,24.9,,,39.8,11.0,3.6,3.7,4.1,7.1,5.8,"USDA NRCS Kellogg Soil Survey Laboratory",
"57c959d0-92bd-4497-a174-06d671d4f6c4","SCBI_013.basePlot.all","D02","SCBI","SCBI_013","S2015VA187013","2015-10-20","16N02478","BA","S2015VA187013-2","bulk",4.0,20.0,12.0,"2016-07-19","Kellogg Soil Survey Laboratory Methods Manual, Soil Survey Investigations Report No. 42 Version 5.0, Issued 2014","Routine Particle Size Distribution (3A1a1a)",26.3,56.2,11.0,42.1,46.9,0.0,,35.9,6.2,4.8,3.0,1.7,0.9,0.6,"USDA NRCS Kellogg Soil Survey Laboratory",
"92c1ebce-251b-47b9-8b6f-ee5b9435f1b3","SCBI_005.basePlot.all","D02","SCBI","SCBI_005","S2015VA187005","2015-10-20","16N02448","Bw","S2015VA187005-3","bulk",20.0,46.0,33.0,"2016-07-18","Kellogg Soil Survey Laboratory Methods Manual, Soil Survey Investigations Report No. 42 Version 5.0, Issued 2014","Routine Particle Size Distribution (3A1a1a)",290.8,205.5,36.2,43.9,19.9,,,31.9,12.0,5.4,6.8,9.6,7.8,6.6,"USDA NRCS Kellogg Soil Survey Laboratory",
"059a3324-8755-4c47-b585-fbf8578098db","SCBI_013.basePlot.all","D02","SCBI","SCBI_013","S2015VA187013","2015-10-20","16N02479","Bt1","S2015VA187013-3","bulk",20.0,45.0,32.5,"2016-07-19","Kellogg Soil Survey Laboratory Methods Manual, Soil Survey Investigations Report No. 42 Version 5.0, Issued 2014","Routine Particle Size Distribution (3A1a1a)",12.5,67.2,8.8,37.7,53.5,0.0,,32.4,5.3,3.6,2.4,1.4,0.9,0.5,"USDA NRCS Kellogg Soil Survey Laboratory",
"27cfaa2e-8503-4fbd-8e6f-edc99943482e","SCBI_002.basePlot.all","D02","SCBI","SCBI_002","S2015VA187002","2015-10-20","16N02438","A","S2015VA187002-1","bulk",0.0,11.0,5.5,"2016-07-18","Kellogg Soil Survey Laboratory Methods Manual, Soil Survey Investigations Report No. 42 Version 5.0, Issued 2014","Routine Particle Size Distribution (3A1a1a)",119.3,248.7,27.3,54.5,18.2,,,41.3,13.2,6.5,6.1,7.8,3.0,3.9,"USDA NRCS Kellogg Soil Survey Laboratory",
"4de22444-460b-4652-9a7d-8cb549b2626d","SCBI_019.basePlot.all","D02","SCBI","SCBI_019","S2015VA187019","2015-10-20","16N02492","Bt2","S2015VA187019-4","bulk",71.0,92.0,81.5,"2016-07-21","Kellogg Soil Survey Laboratory Methods Manual, Soil Survey Investigations Report No. 42 Version 5.0, Issued 2014","Routine Particle Size Distribution (3A1a1a)",1.6,0.0,4.6,41.1,54.3,0.0,,35.2,5.9,2.0,1.0,0.8,0.6,0.2,"USDA NRCS Kellogg Soil Survey Laboratory",
"9c0a37e0-73ff-48be-b8f9-5a7319f1ca38","SCBI_013.basePlot.all","D02","SCBI","SCBI_013","S2015VA187013","2015-10-20","16N02480","Bt2","S2015VA187013-4","bulk",45.0,100.0,72.5,"2016-07-19","Kellogg Soil Survey Laboratory Methods Manual, Soil Survey Investigations Report No. 42 Version 5.0, Issued 2014","Routine Particle Size Distribution (3A1a1a)",26.2,86.2,11.0,44.2,44.8,0.0,,36.4,7.8,3.6,3.0,2.0,1.5,0.9,"USDA NRCS Kellogg Soil Survey Laboratory",
"045eb94e-aa6b-4a28-8f36-8a46f56a4422","SCBI_019.basePlot.all","D02","SCBI","SCBI_019","S2015VA187019","2015-10-20","16N02493","C","S2015VA187019-5","bulk",92.0,100.0,96.0,"2016-07-21","Kellogg Soil Survey Laboratory Methods Manual, Soil Survey Investigations Report No. 42 Version 5.0, Issued 2014","Routine Particle Size Distribution (3A1a1a)",83.5,53.5,5.6,31.9,62.5,0.0,,27.8,4.1,2.4,1.3,1.0,0.5,0.4,"USDA NRCS Kellogg Soil Survey Laboratory",
"029e4e41-aaa6-4700-bb4e-943b0737a5fa","SCBI_002.basePlot.all","D02","SCBI","SCBI_002","S2015VA187002","2015-10-20","16N02440","Bt1","S2015VA187002-3","bulk",34.0,56.0,45.0,"2016-07-18","Kellogg Soil Survey Laboratory Methods Manual, Soil Survey Investigations Report No. 42 Version 5.0, Issued 2014","Routine Particle Size Distribution (3A1a1a)",138.6,120.2,31.2,44.1,24.7,0.0,,33.3,10.8,7.5,7.1,6.1,5.7,4.8,"USDA NRCS Kellogg Soil Survey Laboratory",
"21ed16a0-3be7-4cd5-acbf-9876c843d9b5","SCBI_019.basePlot.all","D02","SCBI","SCBI_019","S2015VA187019","2015-10-20","16N02490","BE","S2015VA187019-2","bulk",13.0,31.0,22.0,"2016-07-21","Kellogg Soil Survey Laboratory Methods Manual, Soil Survey Investigations Report No. 42 Version 5.0, Issued 2014","Routine Particle Size Distribution (3A1a1a)",33.2,58.1,11.9,57.5,30.6,0.0,,47.7,9.8,2.9,2.4,2.0,2.2,2.4,"USDA NRCS Kellogg Soil Survey Laboratory",
"cf59405e-d8fb-4a9a-9e4e-d294a55fc02a","SCBI_002.basePlot.all","D02","SCBI","SCBI_002","S2015VA187002","2015-10-20","16N02441","Bt2","S2015VA187002-4","bulk",56.0,100.0,78.0,"2016-07-18","Kellogg Soil Survey Laboratory Methods Manual, Soil Survey Investigations Report No. 42 Version 5.0, Issued 2014","Routine Particle Size Distribution (3A1a1a)",125.7,210.0,31.3,41.0,27.7,0.0,,31.6,9.4,9.4,7.1,5.8,5.4,3.6,"USDA NRCS Kellogg Soil Survey Laboratory",
"1d46f192-2d6a-47ad-9a7d-ae428784f648","SCBI_005.basePlot.all","D02","SCBI","SCBI_005","S2015VA187005","2015-10-20","16N02450","2Bt","S2015VA187005-5","bulk",76.0,100.0,88.0,"2016-07-18","Kellogg Soil Survey Laboratory Methods Manual, Soil Survey Investigations Report No. 42 Version 5.0, Issued 2014","Routine Particle Size Distribution (3A1a1a)",299.6,302.1,29.2,31.2,39.6,0.0,,25.2,6.0,3.7,5.7,6.2,8.6,5.0,"USDA NRCS Kellogg Soil Survey Laboratory",
"f7a6b58b-f49a-4f66-a305-e270806fd8dd","SCBI_019.basePlot.all","D02","SCBI","SCBI_019","S2015VA187019","2015-10-20","16N02491","Bt1","S2015VA187019-3","bulk",31.0,71.0,51.0,"2016-07-21","Kellogg Soil Survey Laboratory Methods Manual, Soil Survey Investigations Report No. 42 Version 5.0, Issued 2014","Routine Particle Size Distribution (3A1a1a)",44.1,78.2,9.4,46.0,44.6,,,37.7,8.3,3.0,2.1,1.9,1.2,1.2,"USDA NRCS Kellogg Soil Survey Laboratory",
