uid,domainID,siteID,plotID,namedLocation,plotType,nlcdClass,geodeticDatum,decimalLatitude,decimalLongitude,coordinateUncertainty,elevation,elevationUncertainty,collectDate,referenceCorner,sampleDistance,sampleBearing,pitID,testProtocolVersion,soilSamplingMethod,sampleRelativeLocation,pitDepth,recordedByA,soilProfileDescriberA,soilProfileDescriberInst,nrcsDescriptionID,soilSeries,soilFamily,soilSubgroup,soilGreatGroup,soilSuborder,soilOrder,remarks,dataQF
"c45373c7-71e9-4c0c-8c5d-3c69b57faee3","D02","SCBI","SCBI_043","SCBI_043.basePlot.all","distributed","pastureHay","WGS84",38.890577,-78.151569,20.1,366.7,0.1,"2015-10-05","SW20",0.5,354,"1139147","Field Book for Describing and Sampling Soils ver3","soil pit","Center of pit",100,"hCX/iLRB7l8UVlzMEr+MrA==","02L3FV1qxZUmFwPQWhrtlA==","Natural Resource Conservation Service","S2015VA187043","Lew","Loamy-skeletal, mixed, active, mesic Ultic Hapludalfs","ultic hapludalfs","hapludalfs","udalfs","alfisols","5.2;354;20x20 SW marker",
"af614428-4886-4ef8-9ed5-2730f9105692","D02","SCBI","SCBI_037","SCBI_037.basePlot.all","distributed","pastureHay","WGS84",38.892172,-78.161528,20.1,367.0,0.1,"2015-10-06","SW20",0.5,114,"1139148","Field Book for Describing and Sampling Soils ver3","soil pit","Center of pit",100,"hCX/iLRB7l8UVlzMEr+MrA==","gdPz8fEBPbtk0C3WX4QI0g==","Natural Resource Conservation Service","S2015VA187037","Montalto","Fine, mixed, semiactive, mesic Ultic Hapludalfs","ultic hapludalfs","hapludalfs","udalfs","alfisols","5.0;114;20x20 SW marker",
"300d1a67-c542-494b-b986-37414149e98a","D02","SCBI","SCBI_035","SCBI_035.basePlot.all","distributed","pastureHay","WGS84",38.882888,-78.168813,20.1,300.9,0.1,"2015-10-06","NW20",1.1,256,"1139149","Field Book for Describing and Sampling Soils ver3","soil pit","Center of pit",100,"rJP6fULI9i3D33iXfzmirg==","rJP6fULI9i3D33iXfzmirg==","Natural Resource Conservation Service","S2015VA187035","Myersville","Fine-loamy, mixed, active, mesic Ultic Hapludalfs","ultic hapludalfs","hapludalfs","udalfs","alfisols","10.7;256;20x20 NW marker",
"cab11aaa-d0f6-446a-b63d-f636614a5b35","D02","SCBI","SCBI_034","SCBI_034.basePlot.all","distributed","pastureHay","WGS84",38.891060,-78.160512,20.1,337.0,0.1,"2015-10-06","SW20",1.2,338,"1139150","Field Book for Describing and Sampling Soils ver3","soil pit","Center of pit",100,"rJP6fULI9i3D33iXfzmirg==","rJP6fULI9i3D33iXfzmirg==","Natural Resource Conservation Service","S2015VA187034","Myersville","Fine-loamy, mixed, active, mesic Ultic Hapludalfs","ultic hapludalfs","hapludalfs","udalfs","alfisols","11.7;338;20x20 SW marker",
"dc2c759d-1f1f-44c4-951b-8e3de0e06b8a","D02","SCBI","SCBI_010","SCBI_010.basePlot.all","distributed","deciduousForest","WGS84",38.884776,-78.125148,20.3,491.9,0.5,"2015-10-07","NW20",0.7,53,"1139153","Field Book for Describing and Sampling Soils ver3","soil pit","Center of pit",100,"rJP6fULI9i3D33iXfzmirg==","pH8T5v0LXCXbrSAJRVFY7A==","Natural Resource Conservation Service","S2015VA187010","Lew","Loamy-skeletal, mixed, active, mesic Ultic Hapludalfs","ultic hapludalfs","hapludalfs","udalfs","alfisols","7.3;53;20x20 NW marker",
"6f899a9a-c8b1-4eeb-af6c-2d51b48bd86f","D02","SCBI","SCBI_007","SCBI_007.basePlot.all","distributed","deciduousForest","WGS84",38.884909,-78.130305,20.3,409.0,0.5,"2015-10-07","SW20",1.0,222,"1139154","Field Book for Describing and Sampling Soils ver3","soil pit","Center of pit",100,"hCX/iLRB7l8UVlzMEr+MrA==","gdPz8fEBPbtk0C3WX4QI0g==","Natural Resource Conservation Service","S2015VA187007","Lew","Loamy-skeletal, mixed, active, mesic Ultic Hapludalfs","ultic hapludalfs","hapludalfs","udalfs","alfisols","9.7;222;20x20 SW marker",
"c563cc7e-3d68-47af-ae01-0c48d7397f79","D02","SCBI","SCBI_017","SCBI_017.basePlot.all","distributed","deciduousForest","WGS84",38.879363,-78.135381,20.1,383.3,0.2,"2015-10-07","NE20",4.5,44,"1139155","Field Book for Describing and Sampling Soils ver3","soil pit","Center of pit",102,"hCX/iLRB7l8UVlzMEr+MrA==","gdPz8fEBPbtk0C3WX4QI0g==","Natural Resource Conservation Service","S2015VA187017","Myersville","Fine-loamy, mixed, active, mesic Ultic Hapludalfs","ultic hapludalfs","hapludalfs","udalfs","alfisols","16.2;45;20x20 NE marker",
"e1681126-b47f-41ab-a8b8-e050745243cd","D02","SCBI","SCBI_014","SCBI_014.basePlot.all","distributed","deciduousForest","WGS84",38.867075,-78.163552,20.1,390.8,0.2,"2015-10-08","SW40",0.8,274,"1139151","Field Book for Describing and Sampling Soils ver3","soil pit","Center of pit",65,"RkbhKqC9GYU9B15kBKN5xg==","rJP6fULI9i3D33iXfzmirg==","Natural Resource Conservation Service","S2015VA187014","Myersville","Loamy-skeletal, mixed, active, mesic Ultic Hapludalfs","ultic hapludalfs","hapludalfs","udalfs","alfisols","9.5;21;40x40 SW marker",
"c58a520a-3e29-4f65-b732-2744ef2b2912","D02","SCBI","SCBI_008","SCBI_008.basePlot.all","distributed","deciduousForest","WGS84",38.887763,-78.147164,20.3,336.7,0.4,"2015-10-08","SW20",0.2,294,"1139152","Field Book for Describing and Sampling Soils ver3","soil pit","Center of pit",100,"hCX/iLRB7l8UVlzMEr+MrA==","Fs2eXi/J2H5AewCTB0GQXA==","Natural Resource Conservation Service","S2015VA187008","Lew","Loamy-skeletal, mixed, active, mesic Ultic Hapludalfs","ultic hapludalfs","hapludalfs","udalfs","alfisols","2.2;294;20x20 SW marker",
"3ee1ea86-5b76-423b-84fd-c678608cc637","D02","SCBI","SCBI_021","SCBI_021.basePlot.all","distributed","deciduousForest","WGS84",38.900853,-78.152880,20.1,318.1,0.1,"2015-10-09","SW40",0.9,46,"1139164","Field Book for Describing and Sampling Soils ver3","soil pit","Center of pit",100,"9VumKn6lH2OKFH1EYoEHOg==","pH8T5v0LXCXbrSAJRVFY7A==","Natural Resource Conservation Service","S2015VA187021","Myersville","Fine-loamy, mixed, active, mesic Ultic Hapludalfs","ultic hapludalfs","hapludalfs","udalfs","alfisols","9.3;46;40x40 SW marker",
"a62d9751-2a5c-43b8-aaeb-716c66a8151e","D02","SCBI","SCBI_006","SCBI_006.basePlot.all","distributed","pastureHay","WGS84",38.897609,-78.152007,20.1,297.9,0.1,"2015-10-09","SW20",0.9,220,"1139156","Field Book for Describing and Sampling Soils ver3","soil pit","Center of pit",100,"hCX/iLRB7l8UVlzMEr+MrA==","hCX/iLRB7l8UVlzMEr+MrA==","Natural Resource Conservation Service","S2015VA187006","Myersville","Fine-loamy, mixed, active, mesic Ultic Hapludalfs","ultic hapludalfs","hapludalfs","udalfs","alfisols","9.0;220;20x20 SW marker",
"4b3fbb8f-45cf-44c7-bc5f-bf170dc51ac9","D02","SCBI","SCBI_022","SCBI_022.basePlot.all","distributed","deciduousForest","WGS84",38.882557,-78.123168,20.3,500.6,0.5,"2015-10-19","SW40",0.4,56,"1139162","Field Book for Describing and Sampling Soils ver3","soil pit","Center of pit",100,"rJP6fULI9i3D33iXfzmirg==","pH8T5v0LXCXbrSAJRVFY7A==","Natural Resource Conservation Service","S2015VA187022","Myersville","Fine-loamy, mixed, active, mesic Ultic Hapludalfs","ultic hapludalfs","hapludalfs","udalfs","alfisols","4.1;56;40x40 SW marker",
"160c7704-e16c-4c77-83b5-21bdfc5f66ea","D02","SCBI","SCBI_004","SCBI_004.basePlot.all","distributed","deciduousForest","WGS84",38.896938,-78.146458,20.5,309.4,0.7,"2015-10-19","SE40",0.6,305,"1139160","Field Book for Describing and Sampling Soils ver3","soil pit","Center of pit",100,"Fs2eXi/J2H5AewCTB0GQXA==","rJP6fULI9i3D33iXfzmirg==","Natural Resource Conservation Service","S2015VA187004","Montalto","Fine, mixed, semiactive, mesic Ultic Hapludalfs","ultic hapludalfs","hapludalfs","udalfs","alfisols","6.1;305;40x40 SE marker",
"897137a0-30be-4031-a4b2-5c74073d9c52","D02","SCBI","SCBI_011","SCBI_011.basePlot.all","distributed","deciduousForest","WGS84",38.879734,-78.139901,20.2,365.0,0.4,"2015-10-19","SE20",2.2,76,"1139163","Field Book for Describing and Sampling Soils ver3","soil pit","Center of pit",100,"aR9GPMdD7W/dXu/KGmtmCVZa8N01YGh/","gdPz8fEBPbtk0C3WX4QI0g==","Natural Resource Conservation Service","S2015VA187011","Myersville","Fine-loamy, mixed, active, mesic Ultic Hapludalfs","ultic hapludalfs","hapludalfs","udalfs","alfisols","7.5;4;20x20 SE marker",
"95c6d4dc-c2db-49b1-bcd3-ed384e5e0c01","D02","SCBI","SCBI_019","SCBI_019.basePlot.all","distributed","deciduousForest","WGS84",38.900642,-78.175704,20.1,304.6,0.1,"2015-10-20","NE20",2.9,38,"1139157","Field Book for Describing and Sampling Soils ver3","soil pit","Center of pit",100,"aR9GPMdD7W/dXu/KGmtmCVZa8N01YGh/","gdPz8fEBPbtk0C3WX4QI0g==","Natural Resource Conservation Service","S2015VA187019","Myersville","Fine-loamy, mixed, active, mesic Ultic Hapludalfs","ultic hapludalfs","hapludalfs","udalfs","alfisols","1.5;8;20x20 NE marker",
"c6e2b026-ffba-4f05-9264-12c2084e163c","D02","SCBI","SCBI_013","SCBI_013.basePlot.all","distributed","deciduousForest","WGS84",38.874379,-78.163985,20.2,314.3,0.3,"2015-10-20","NE20",2.8,34,"1139159","Field Book for Describing and Sampling Soils ver3","soil pit","Center of pit",100,"9VumKn6lH2OKFH1EYoEHOg==","rJP6fULI9i3D33iXfzmirg==","Natural Resource Conservation Service","S2015VA187013","Myersville","Fine-loamy, mixed, active, mesic Ultic Hapludalfs","ultic hapludalfs","hapludalfs","udalfs","alfisols","11.8;290;20x20 NE marker",
"5c23cd97-1c54-4ac7-a61c-870ab95fc059","D02","SCBI","SCBI_005","SCBI_005.basePlot.all","distributed","deciduousForest","WGS84",38.900538,-78.161860,20.2,270.7,0.3,"2015-10-20","SW20",1.2,350,"1139158","Field Book for Describing and Sampling Soils ver3","soil pit","Center of pit",100,"aR9GPMdD7W/dXu/KGmtmCVZa8N01YGh/","gdPz8fEBPbtk0C3WX4QI0g==","Natural Resource Conservation Service","S2015VA187005","Lew","Loamy-skeletal, mixed, active, mesic Ultic Hapludalfs","ultic hapludalfs","hapludalfs","udalfs","alfisols","11.8;350;20x20 SW marker",
"03c7885f-bc97-406d-8319-95a3c1313b9b","D02","SCBI","SCBI_002","SCBI_002.basePlot.all","distributed","deciduousForest","WGS84",38.895214,-78.142704,20.3,316.0,1.0,"2015-10-20","SW20",0.6,298,"1139161","Field Book for Describing and Sampling Soils ver3","soil pit","Center of pit",100,"rJP6fULI9i3D33iXfzmirg==","TLF5qhH7pUG6v4lZQicaqQ==","Natural Resource Conservation Service","S2015VA187002","Thurmont","Fine-loamy, mixed, active, mesic Oxyaquic Hapludults","oxyaquic hapludults","hapludults","udults","ultisols","6.4;298;20x20 SW marker",
