uid,namedLocation,domainID,siteID,plotID,nrcsDescriptionID,collectDate,horizonID,horizonName,bulkDensProcessedDate,bulkDensMethodPub,bulkDensMethod,bulkDensIDnrcs,bulkDensSampleType,bulkDensCenterDepth,bulkDensTopDepth,bulkDensBottomDepth,bulkDensThirdBar,bulkDensOvenDry,bulkDensFieldMoist,waterRetentionThirdBar,fieldWaterContent,laboratoryName,remarks,dataQF
"2ebf07fd-2b6b-47ea-bd37-c93f7956f8a8","SCBI_043.basePlot.all","D02","SCBI","SCBI_043","S2015VA187043","2015-10-05","16N02523","Bt2","2018-11-15","Kellogg Soil Survey Laboratory Methods Manual, Soil Survey Investigations Report No. 42 Version 5.0, Issued 2014","Bulk Density, Clods (3B1)","S2015VA187043-3.CLOD","clod",67.0,53.0,81.0,,,,,,"USDA NRCS Kellogg Soil Survey Laboratory","Sample could not be analyzed.",
"89f823e0-ff81-4d41-ad25-6595f05b49f8","SCBI_043.basePlot.all","D02","SCBI","SCBI_043","S2015VA187043","2015-10-05","16N02522","Bt1","2017-03-06","Kellogg Soil Survey Laboratory Methods Manual, Soil Survey Investigations Report No. 42 Version 5.0, Issued 2014","Bulk Density, Clods (3B1)","S2015VA187043-2.CLOD","clod",39.0,25.0,53.0,1.23,1.29,,29.8,,"USDA NRCS Kellogg Soil Survey Laboratory",,
"e88f6d2c-7a6d-4e31-8d18-0049e4c6c044","SCBI_043.basePlot.all","D02","SCBI","SCBI_043","S2015VA187043","2015-10-05","16N02521","Ap","2017-03-06","Kellogg Soil Survey Laboratory Methods Manual, Soil Survey Investigations Report No. 42 Version 5.0, Issued 2014","Bulk Density, Clods (3B1)","S2015VA187043-1.CLOD","clod",12.5,0.0,25.0,1.17,1.27,,32.8,,"USDA NRCS Kellogg Soil Survey Laboratory",,
"873e1040-ae1a-4416-aa4c-939c852e28bb","SCBI_037.basePlot.all","D02","SCBI","SCBI_037","S2015VA187037","2015-10-06","16N02518","Bt1","2017-03-06","Kellogg Soil Survey Laboratory Methods Manual, Soil Survey Investigations Report No. 42 Version 5.0, Issued 2014","Bulk Density, Clods (3B1)","S2015VA187037-3.CLOD","clod",51.0,39.0,63.0,1.39,1.48,,26.1,,"USDA NRCS Kellogg Soil Survey Laboratory",,
"14370c6e-a71f-4035-a43a-6b49c31d6de7","SCBI_035.basePlot.all","D02","SCBI","SCBI_035","S2015VA187035","2015-10-06","16N02514","BC","2017-03-06","Kellogg Soil Survey Laboratory Methods Manual, Soil Survey Investigations Report No. 42 Version 5.0, Issued 2014","Bulk Density, Clods (3B1)","S2015VA187035-4.CLOD","clod",76.5,64.0,89.0,1.53,1.61,,23.5,,"USDA NRCS Kellogg Soil Survey Laboratory",,
"e5555ca2-aa05-4f63-8d85-9f45f9b97b91","SCBI_035.basePlot.all","D02","SCBI","SCBI_035","S2015VA187035","2015-10-06","16N02513","Bt2","2017-03-06","Kellogg Soil Survey Laboratory Methods Manual, Soil Survey Investigations Report No. 42 Version 5.0, Issued 2014","Bulk Density, Clods (3B1)","S2015VA187035-3.CLOD","clod",49.5,35.0,64.0,1.43,1.50,,23.7,,"USDA NRCS Kellogg Soil Survey Laboratory",,
"87c96a1f-ca16-4417-a58a-ee10659ec11d","SCBI_034.basePlot.all","D02","SCBI","SCBI_034","S2015VA187034","2015-10-06","16N02508","Bt1","2017-03-06","Kellogg Soil Survey Laboratory Methods Manual, Soil Survey Investigations Report No. 42 Version 5.0, Issued 2014","Bulk Density, Clods (3B1)","S2015VA187034-3.CLOD","clod",45.0,33.0,57.0,1.52,1.65,,25.1,,"USDA NRCS Kellogg Soil Survey Laboratory",,
"bb2af8ab-a3e2-4ded-a8f9-6b9f1557ddeb","SCBI_034.basePlot.all","D02","SCBI","SCBI_034","S2015VA187034","2015-10-06","16N02509","Bt2","2018-11-15","Kellogg Soil Survey Laboratory Methods Manual, Soil Survey Investigations Report No. 42 Version 5.0, Issued 2014","Bulk Density, Clods (3B1)","S2015VA187034-4.CLOD","clod",67.0,57.0,77.0,,,,,,"USDA NRCS Kellogg Soil Survey Laboratory","Sample could not be analyzed.",
"f90fb99f-8c7d-4a15-8685-2064d28066b2","SCBI_037.basePlot.all","D02","SCBI","SCBI_037","S2015VA187037","2015-10-06","16N02519","Bt2","2017-03-06","Kellogg Soil Survey Laboratory Methods Manual, Soil Survey Investigations Report No. 42 Version 5.0, Issued 2014","Bulk Density, Clods (3B1)","S2015VA187037-4.CLOD","clod",73.5,63.0,84.0,1.46,1.57,,27.0,,"USDA NRCS Kellogg Soil Survey Laboratory",,
"5f63f060-7a8b-4be5-8959-0eb89e5cbb40","SCBI_037.basePlot.all","D02","SCBI","SCBI_037","S2015VA187037","2015-10-06","16N02517","BA","2017-03-06","Kellogg Soil Survey Laboratory Methods Manual, Soil Survey Investigations Report No. 42 Version 5.0, Issued 2014","Bulk Density, Clods (3B1)","S2015VA187037-2.CLOD","clod",31.0,23.0,39.0,1.37,1.43,,25.8,,"USDA NRCS Kellogg Soil Survey Laboratory",,
"0b1d5c8f-e209-49cf-8fce-ae58b5070061","SCBI_034.basePlot.all","D02","SCBI","SCBI_034","S2015VA187034","2015-10-06","16N02506","Ap1","2017-03-06","Kellogg Soil Survey Laboratory Methods Manual, Soil Survey Investigations Report No. 42 Version 5.0, Issued 2014","Bulk Density, Clods (3B1)","S2015VA187034-1.CLOD","clod",8.5,0.0,17.0,1.09,1.19,,33.0,,"USDA NRCS Kellogg Soil Survey Laboratory",,
"b224c286-99cf-4ed1-a3d8-2fa25e2fad2e","SCBI_037.basePlot.all","D02","SCBI","SCBI_037","S2015VA187037","2015-10-06","16N02520","BCt","2017-03-06","Kellogg Soil Survey Laboratory Methods Manual, Soil Survey Investigations Report No. 42 Version 5.0, Issued 2014","Bulk Density, Clods (3B1)","S2015VA187037-5.CLOD","clod",92.0,84.0,100.0,1.48,1.59,,25.3,,"USDA NRCS Kellogg Soil Survey Laboratory",,
"31f7bfea-8749-4617-80b7-64dac5d935e1","SCBI_034.basePlot.all","D02","SCBI","SCBI_034","S2015VA187034","2015-10-06","16N02510","BC","2017-03-06","Kellogg Soil Survey Laboratory Methods Manual, Soil Survey Investigations Report No. 42 Version 5.0, Issued 2014","Bulk Density, Clods (3B1)","S2015VA187034-5.CLOD","clod",88.5,77.0,100.0,1.58,1.70,,19.8,,"USDA NRCS Kellogg Soil Survey Laboratory",,
"410c4be4-94dd-45d1-aa5d-e3371fbe6d46","SCBI_035.basePlot.all","D02","SCBI","SCBI_035","S2015VA187035","2015-10-06","16N02511","Ap","2017-03-06","Kellogg Soil Survey Laboratory Methods Manual, Soil Survey Investigations Report No. 42 Version 5.0, Issued 2014","Bulk Density, Clods (3B1)","S2015VA187035-1.CLOD","clod",9.0,0.0,18.0,1.30,1.37,,26.3,,"USDA NRCS Kellogg Soil Survey Laboratory",,
"08b8dc3d-f87a-449d-8588-b17140f7ba06","SCBI_034.basePlot.all","D02","SCBI","SCBI_034","S2015VA187034","2015-10-06","16N02507","Ap2","2017-03-06","Kellogg Soil Survey Laboratory Methods Manual, Soil Survey Investigations Report No. 42 Version 5.0, Issued 2014","Bulk Density, Clods (3B1)","S2015VA187034-2.CLOD","clod",25.0,17.0,33.0,1.28,1.37,,26.0,,"USDA NRCS Kellogg Soil Survey Laboratory",,
"4360061e-614a-4188-a16b-4a51e32b9d01","SCBI_035.basePlot.all","D02","SCBI","SCBI_035","S2015VA187035","2015-10-06","16N02515","C","2017-03-06","Kellogg Soil Survey Laboratory Methods Manual, Soil Survey Investigations Report No. 42 Version 5.0, Issued 2014","Bulk Density, Clods (3B1)","S2015VA187035-5.CLOD","clod",94.5,89.0,100.0,1.48,1.58,,25.5,,"USDA NRCS Kellogg Soil Survey Laboratory",,
"110da628-531c-46d9-a7bd-0c9cb1c77786","SCBI_037.basePlot.all","D02","SCBI","SCBI_037","S2015VA187037","2015-10-06","16N02516","Ap","2017-03-06","Kellogg Soil Survey Laboratory Methods Manual, Soil Survey Investigations Report No. 42 Version 5.0, Issued 2014","Bulk Density, Clods (3B1)","S2015VA187037-1.CLOD","clod",11.5,0.0,23.0,1.04,1.15,,31.0,,"USDA NRCS Kellogg Soil Survey Laboratory",,
"6bea2a33-b708-49c6-b2d0-b57114fa5a1b","SCBI_035.basePlot.all","D02","SCBI","SCBI_035","S2015VA187035","2015-10-06","16N02512","Bt1","2017-03-06","Kellogg Soil Survey Laboratory Methods Manual, Soil Survey Investigations Report No. 42 Version 5.0, Issued 2014","Bulk Density, Clods (3B1)","S2015VA187035-2.CLOD","clod",26.5,18.0,35.0,1.38,1.48,,25.8,,"USDA NRCS Kellogg Soil Survey Laboratory",,
"2fafa5a1-5a5f-4f0e-aaf4-cb07d1bda6f6","SCBI_010.basePlot.all","D02","SCBI","SCBI_010","S2015VA187010","2015-10-07","16N02469","Bt1","2017-03-06","Kellogg Soil Survey Laboratory Methods Manual, Soil Survey Investigations Report No. 42 Version 5.0, Issued 2014","Bulk Density, Clods (3B1)","S2015VA187010-4.CLOD","clod",37.5,24.0,51.0,1.35,1.38,,22.3,,"USDA NRCS Kellogg Soil Survey Laboratory",,
"7a26a513-d827-4129-9eda-bfc0649b7290","SCBI_010.basePlot.all","D02","SCBI","SCBI_010","S2015VA187010","2015-10-07","16N02471","Bt3","2017-03-06","Kellogg Soil Survey Laboratory Methods Manual, Soil Survey Investigations Report No. 42 Version 5.0, Issued 2014","Bulk Density, Clods (3B1)","S2015VA187010-6.CLOD","clod",86.0,72.0,100.0,1.45,1.53,,28.6,,"USDA NRCS Kellogg Soil Survey Laboratory",,
"aa051722-5cc1-410f-83b0-74d979a9ece0","SCBI_017.basePlot.all","D02","SCBI","SCBI_017","S2015VA187017","2015-10-07","16N02487","Bt","2017-03-06","Kellogg Soil Survey Laboratory Methods Manual, Soil Survey Investigations Report No. 42 Version 5.0, Issued 2014","Bulk Density, Clods (3B1)","S2015VA187017-3.CLOD","clod",43.5,22.0,65.0,1.43,1.54,,28.3,,"USDA NRCS Kellogg Soil Survey Laboratory",,
"44d047a9-4f9e-4f73-96ea-c6609a969248","SCBI_007.basePlot.all","D02","SCBI","SCBI_007","S2015VA187007","2015-10-07","16N02458","BE","2017-03-06","Kellogg Soil Survey Laboratory Methods Manual, Soil Survey Investigations Report No. 42 Version 5.0, Issued 2014","Bulk Density, Clods (3B1)","S2015VA187007-3.CLOD","clod",19.5,11.0,28.0,1.14,1.22,,27.7,,"USDA NRCS Kellogg Soil Survey Laboratory",,
"b1cbf210-63f3-487d-a8c1-6f9032473264","SCBI_017.basePlot.all","D02","SCBI","SCBI_017","S2015VA187017","2015-10-07","16N02485","Ap","2017-03-06","Kellogg Soil Survey Laboratory Methods Manual, Soil Survey Investigations Report No. 42 Version 5.0, Issued 2014","Bulk Density, Clods (3B1)","S2015VA187017-1.CLOD","clod",3.0,0.0,6.0,0.94,1.12,,42.9,,"USDA NRCS Kellogg Soil Survey Laboratory",,
"85cdc6e6-4b7f-4fbd-8c63-4b45e1ce7df2","SCBI_007.basePlot.all","D02","SCBI","SCBI_007","S2015VA187007","2015-10-07","16N02459","Bt1","2017-03-06","Kellogg Soil Survey Laboratory Methods Manual, Soil Survey Investigations Report No. 42 Version 5.0, Issued 2014","Bulk Density, Clods (3B1)","S2015VA187007-4.CLOD","clod",39.5,28.0,51.0,1.22,1.29,,25.9,,"USDA NRCS Kellogg Soil Survey Laboratory",,
"d50e7ad0-5ee3-4bcf-8f69-888e80b7015f","SCBI_010.basePlot.all","D02","SCBI","SCBI_010","S2015VA187010","2015-10-07","16N02470","Bt2","2017-03-06","Kellogg Soil Survey Laboratory Methods Manual, Soil Survey Investigations Report No. 42 Version 5.0, Issued 2014","Bulk Density, Clods (3B1)","S2015VA187010-5.CLOD","clod",61.5,51.0,72.0,1.39,1.45,,28.2,,"USDA NRCS Kellogg Soil Survey Laboratory",,
"2f40ced0-d8ab-46c3-ab32-81cc7d9c32e5","SCBI_007.basePlot.all","D02","SCBI","SCBI_007","S2015VA187007","2015-10-07","16N02457","A","2017-03-06","Kellogg Soil Survey Laboratory Methods Manual, Soil Survey Investigations Report No. 42 Version 5.0, Issued 2014","Bulk Density, Clods (3B1)","S2015VA187007-2.CLOD","clod",8.0,5.0,11.0,0.74,0.96,,41.1,,"USDA NRCS Kellogg Soil Survey Laboratory",,
"7054664e-181e-4c68-80a1-cd878a54500f","SCBI_007.basePlot.all","D02","SCBI","SCBI_007","S2015VA187007","2015-10-07","16N02460","2Bt2","2017-03-06","Kellogg Soil Survey Laboratory Methods Manual, Soil Survey Investigations Report No. 42 Version 5.0, Issued 2014","Bulk Density, Clods (3B1)","S2015VA187007-5.CLOD","clod",75.5,51.0,100.0,1.30,1.41,,30.8,,"USDA NRCS Kellogg Soil Survey Laboratory",,
"4426bfba-ed94-4005-8955-2e074d3c041a","SCBI_017.basePlot.all","D02","SCBI","SCBI_017","S2015VA187017","2015-10-07","16N02486","BA","2017-03-06","Kellogg Soil Survey Laboratory Methods Manual, Soil Survey Investigations Report No. 42 Version 5.0, Issued 2014","Bulk Density, Clods (3B1)","S2015VA187017-2.CLOD","clod",14.0,6.0,22.0,1.03,1.16,,33.6,,"USDA NRCS Kellogg Soil Survey Laboratory",,
"5188125a-1d23-4e7d-b337-8a90b83f828d","SCBI_017.basePlot.all","D02","SCBI","SCBI_017","S2015VA187017","2015-10-07","16N02488","BC","2017-03-06","Kellogg Soil Survey Laboratory Methods Manual, Soil Survey Investigations Report No. 42 Version 5.0, Issued 2014","Bulk Density, Clods (3B1)","S2015VA187017-4.CLOD","clod",83.5,65.0,102.0,1.31,1.43,,34.5,,"USDA NRCS Kellogg Soil Survey Laboratory",,
"54ef438a-41e3-42b7-bcc3-b425ca984586","SCBI_014.basePlot.all","D02","SCBI","SCBI_014","S2015VA187014","2015-10-08","16N02484","BC","2017-03-06","Kellogg Soil Survey Laboratory Methods Manual, Soil Survey Investigations Report No. 42 Version 5.0, Issued 2014","Bulk Density, Clods (3B1)","S2015VA187014-4.CLOD","clod",47.5,30.0,65.0,1.58,1.64,,28.0,,"USDA NRCS Kellogg Soil Survey Laboratory",,
"fa08832a-e723-47fc-b573-8477b06400e7","SCBI_008.basePlot.all","D02","SCBI","SCBI_008","S2015VA187008","2015-10-08","16N02465","2C","2017-03-06","Kellogg Soil Survey Laboratory Methods Manual, Soil Survey Investigations Report No. 42 Version 5.0, Issued 2014","Bulk Density, Clods (3B1)","S2015VA187008-5.CLOD","clod",96.5,93.0,100.0,1.30,1.40,,37.0,,"USDA NRCS Kellogg Soil Survey Laboratory",,
"98f7d245-20c9-4095-abc4-e4e4e9e26552","SCBI_008.basePlot.all","D02","SCBI","SCBI_008","S2015VA187008","2015-10-08","16N02463","Bt1","2017-03-06","Kellogg Soil Survey Laboratory Methods Manual, Soil Survey Investigations Report No. 42 Version 5.0, Issued 2014","Bulk Density, Clods (3B1)","S2015VA187008-3.CLOD","clod",39.5,30.0,49.0,1.38,1.48,,29.8,,"USDA NRCS Kellogg Soil Survey Laboratory",,
"e06273f6-afa4-4f6a-ab35-12d686788e3b","SCBI_014.basePlot.all","D02","SCBI","SCBI_014","S2015VA187014","2015-10-08","16N02482","BA","2017-03-06","Kellogg Soil Survey Laboratory Methods Manual, Soil Survey Investigations Report No. 42 Version 5.0, Issued 2014","Bulk Density, Clods (3B1)","S2015VA187014-2.CLOD","clod",10.0,5.0,15.0,1.40,1.46,,28.5,,"USDA NRCS Kellogg Soil Survey Laboratory",,
"53b43245-6930-4fea-96e5-d04bd16b7d73","SCBI_008.basePlot.all","D02","SCBI","SCBI_008","S2015VA187008","2015-10-08","16N02461","A","2017-03-06","Kellogg Soil Survey Laboratory Methods Manual, Soil Survey Investigations Report No. 42 Version 5.0, Issued 2014","Bulk Density, Clods (3B1)","S2015VA187008-1.CLOD","clod",6.0,0.0,12.0,0.92,1.04,,42.8,,"USDA NRCS Kellogg Soil Survey Laboratory",,
"5d4ba61e-b618-4d80-8b58-256c481844b5","SCBI_014.basePlot.all","D02","SCBI","SCBI_014","S2015VA187014","2015-10-08","16N02483","Bt","2017-03-06","Kellogg Soil Survey Laboratory Methods Manual, Soil Survey Investigations Report No. 42 Version 5.0, Issued 2014","Bulk Density, Clods (3B1)","S2015VA187014-3.CLOD","clod",22.5,15.0,30.0,1.34,1.39,,31.1,,"USDA NRCS Kellogg Soil Survey Laboratory",,
"e2c9d729-4ef3-447f-9661-7b1070f98724","SCBI_014.basePlot.all","D02","SCBI","SCBI_014","S2015VA187014","2015-10-08","16N02481","A","2016-09-08","Kellogg Soil Survey Laboratory Methods Manual, Soil Survey Investigations Report No. 42 Version 5.0, Issued 2014","Bulk Density, Compliant Cavity (3B3)","S2015VA187014-1.COMPLIANT CAVITY","compliant cavity",2.5,0.0,5.0,,,0.67,,55.7,"USDA NRCS Kellogg Soil Survey Laboratory",,
"6ed69bc7-ccb3-4181-880d-0c7d0edce1cf","SCBI_008.basePlot.all","D02","SCBI","SCBI_008","S2015VA187008","2015-10-08","16N02462","BA","2017-03-06","Kellogg Soil Survey Laboratory Methods Manual, Soil Survey Investigations Report No. 42 Version 5.0, Issued 2014","Bulk Density, Clods (3B1)","S2015VA187008-2.CLOD","clod",21.0,12.0,30.0,1.36,1.44,,27.4,,"USDA NRCS Kellogg Soil Survey Laboratory",,
"9cc87db4-8270-44b0-8150-f68731584337","SCBI_008.basePlot.all","D02","SCBI","SCBI_008","S2015VA187008","2015-10-08","16N02464","Bt2","2017-03-06","Kellogg Soil Survey Laboratory Methods Manual, Soil Survey Investigations Report No. 42 Version 5.0, Issued 2014","Bulk Density, Clods (3B1)","S2015VA187008-4.CLOD","clod",71.0,49.0,93.0,1.50,1.68,,35.2,,"USDA NRCS Kellogg Soil Survey Laboratory",,
"9c31fde3-f139-48d0-b072-d57a2984e55f","SCBI_021.basePlot.all","D02","SCBI","SCBI_021","S2015VA187021","2015-10-09","16N02497","Bt1","2017-03-06","Kellogg Soil Survey Laboratory Methods Manual, Soil Survey Investigations Report No. 42 Version 5.0, Issued 2014","Bulk Density, Clods (3B1)","S2015VA187021-4.CLOD","clod",49.0,35.0,63.0,1.52,1.63,,25.5,,"USDA NRCS Kellogg Soil Survey Laboratory",,
"7de2345b-581f-4c7e-b325-05159c10fbd1","SCBI_006.basePlot.all","D02","SCBI","SCBI_006","S2015VA187006","2015-10-09","16N02453","Bt","2017-03-06","Kellogg Soil Survey Laboratory Methods Manual, Soil Survey Investigations Report No. 42 Version 5.0, Issued 2014","Bulk Density, Clods (3B1)","S2015VA187006-3.CLOD","clod",45.0,32.0,58.0,1.42,1.55,,28.4,,"USDA NRCS Kellogg Soil Survey Laboratory",,
"f9176a1c-1ef8-4d09-96cd-55f993c9a1bf","SCBI_021.basePlot.all","D02","SCBI","SCBI_021","S2015VA187021","2015-10-09","16N02495","Ap2","2017-03-06","Kellogg Soil Survey Laboratory Methods Manual, Soil Survey Investigations Report No. 42 Version 5.0, Issued 2014","Bulk Density, Clods (3B1)","S2015VA187021-2.CLOD","clod",14.5,10.0,19.0,1.19,1.31,,28.2,,"USDA NRCS Kellogg Soil Survey Laboratory",,
"d38c96ce-bf17-4a42-b088-309985e8ad72","SCBI_021.basePlot.all","D02","SCBI","SCBI_021","S2015VA187021","2015-10-09","16N02496","BA","2017-03-06","Kellogg Soil Survey Laboratory Methods Manual, Soil Survey Investigations Report No. 42 Version 5.0, Issued 2014","Bulk Density, Clods (3B1)","S2015VA187021-3.CLOD","clod",27.0,19.0,35.0,1.57,1.64,,20.0,,"USDA NRCS Kellogg Soil Survey Laboratory",,
"72d28086-1355-4097-857a-a982112b69fc","SCBI_006.basePlot.all","D02","SCBI","SCBI_006","S2015VA187006","2015-10-09","16N02455","BCt2","2017-03-06","Kellogg Soil Survey Laboratory Methods Manual, Soil Survey Investigations Report No. 42 Version 5.0, Issued 2014","Bulk Density, Clods (3B1)","S2015VA187006-5.CLOD","clod",88.5,77.0,100.0,1.50,1.61,,25.6,,"USDA NRCS Kellogg Soil Survey Laboratory",,
"8be8af17-7606-4201-ae99-7b1e3b3ed802","SCBI_006.basePlot.all","D02","SCBI","SCBI_006","S2015VA187006","2015-10-09","16N02451","Ap","2017-03-06","Kellogg Soil Survey Laboratory Methods Manual, Soil Survey Investigations Report No. 42 Version 5.0, Issued 2014","Bulk Density, Clods (3B1)","S2015VA187006-1.CLOD","clod",10.0,0.0,20.0,1.17,1.30,,32.1,,"USDA NRCS Kellogg Soil Survey Laboratory",,
"403053af-19e7-4f58-bd90-27162e4b0e0c","SCBI_006.basePlot.all","D02","SCBI","SCBI_006","S2015VA187006","2015-10-09","16N02452","BA","2017-03-06","Kellogg Soil Survey Laboratory Methods Manual, Soil Survey Investigations Report No. 42 Version 5.0, Issued 2014","Bulk Density, Clods (3B1)","S2015VA187006-2.CLOD","clod",26.0,20.0,32.0,1.52,1.70,,30.5,,"USDA NRCS Kellogg Soil Survey Laboratory",,
"7e2557d6-b049-4c0d-8095-6243d4c53b1a","SCBI_021.basePlot.all","D02","SCBI","SCBI_021","S2015VA187021","2015-10-09","16N02498","Bt2","2017-03-06","Kellogg Soil Survey Laboratory Methods Manual, Soil Survey Investigations Report No. 42 Version 5.0, Issued 2014","Bulk Density, Clods (3B1)","S2015VA187021-5.CLOD","clod",78.5,63.0,94.0,1.31,1.44,,33.7,,"USDA NRCS Kellogg Soil Survey Laboratory",,
"f71cfe6a-f39c-4dd9-aae5-c47be635f659","SCBI_006.basePlot.all","D02","SCBI","SCBI_006","S2015VA187006","2015-10-09","16N02454","BCt1","2017-03-06","Kellogg Soil Survey Laboratory Methods Manual, Soil Survey Investigations Report No. 42 Version 5.0, Issued 2014","Bulk Density, Clods (3B1)","S2015VA187006-4.CLOD","clod",67.5,58.0,77.0,1.54,1.63,,25.6,,"USDA NRCS Kellogg Soil Survey Laboratory",,
"e6020399-3e1c-4748-a46e-219f95612ef1","SCBI_021.basePlot.all","D02","SCBI","SCBI_021","S2015VA187021","2015-10-09","16N02499","BC","2017-03-06","Kellogg Soil Survey Laboratory Methods Manual, Soil Survey Investigations Report No. 42 Version 5.0, Issued 2014","Bulk Density, Clods (3B1)","S2015VA187021-6.CLOD","clod",97.0,94.0,100.0,1.34,1.48,,32.3,,"USDA NRCS Kellogg Soil Survey Laboratory",,
"798d6328-ebdf-468a-a7c1-719056c76637","SCBI_022.basePlot.all","D02","SCBI","SCBI_022","S2015VA187022","2015-10-19","16N02503","Bt1","2017-03-06","Kellogg Soil Survey Laboratory Methods Manual, Soil Survey Investigations Report No. 42 Version 5.0, Issued 2014","Bulk Density, Clods (3B1)","S2015VA187022-4.CLOD","clod",26.0,19.0,33.0,1.33,1.42,,28.4,,"USDA NRCS Kellogg Soil Survey Laboratory",,
"20e69349-b93a-47de-bcc8-df1acb8c384e","SCBI_004.basePlot.all","D02","SCBI","SCBI_004","S2015VA187004","2015-10-19","16N02445","Bt2","2017-03-06","Kellogg Soil Survey Laboratory Methods Manual, Soil Survey Investigations Report No. 42 Version 5.0, Issued 2014","Bulk Density, Clods (3B1)","S2015VA187004-4.CLOD","clod",74.0,48.0,100.0,1.28,1.48,,35.5,,"USDA NRCS Kellogg Soil Survey Laboratory",,
"8b1cb912-0d33-4b52-a385-209110114ba3","SCBI_004.basePlot.all","D02","SCBI","SCBI_004","S2015VA187004","2015-10-19","16N02444","Bt1","2017-03-06","Kellogg Soil Survey Laboratory Methods Manual, Soil Survey Investigations Report No. 42 Version 5.0, Issued 2014","Bulk Density, Clods (3B1)","S2015VA187004-3.CLOD","clod",36.5,25.0,48.0,1.40,1.60,,30.2,,"USDA NRCS Kellogg Soil Survey Laboratory",,
"998a9486-a4fa-4ded-b5d0-b956e57c708d","SCBI_011.basePlot.all","D02","SCBI","SCBI_011","S2015VA187011","2015-10-19","16N02475","Bt1","2017-03-06","Kellogg Soil Survey Laboratory Methods Manual, Soil Survey Investigations Report No. 42 Version 5.0, Issued 2014","Bulk Density, Clods (3B1)","S2015VA187011-4.CLOD","clod",35.5,30.0,41.0,1.46,1.58,,29.1,,"USDA NRCS Kellogg Soil Survey Laboratory",,
"10fc6b77-eef3-42a7-94b0-578e33ffb151","SCBI_004.basePlot.all","D02","SCBI","SCBI_004","S2015VA187004","2015-10-19","16N02442","A","2016-09-08","Kellogg Soil Survey Laboratory Methods Manual, Soil Survey Investigations Report No. 42 Version 5.0, Issued 2014","Bulk Density, Compliant Cavity (3B3)","S2015VA187004-1.COMPLIANT CAVITY","compliant cavity",7.0,0.0,14.0,,,0.79,,37.6,"USDA NRCS Kellogg Soil Survey Laboratory",,
"90fbe515-5380-4a2e-b22f-05f338af91fa","SCBI_011.basePlot.all","D02","SCBI","SCBI_011","S2015VA187011","2015-10-19","16N02473","A","2018-11-15","Kellogg Soil Survey Laboratory Methods Manual, Soil Survey Investigations Report No. 42 Version 5.0, Issued 2014","Bulk Density, Clods (3B1)","S2015VA187011-2.CLOD","clod",8.5,4.0,13.0,,,,,,"USDA NRCS Kellogg Soil Survey Laboratory","Sample could not be analyzed.",
"a98c68d5-8c8d-432d-b655-8e41cfa06031","SCBI_011.basePlot.all","D02","SCBI","SCBI_011","S2015VA187011","2015-10-19","16N02476","Bt2","2017-03-06","Kellogg Soil Survey Laboratory Methods Manual, Soil Survey Investigations Report No. 42 Version 5.0, Issued 2014","Bulk Density, Clods (3B1)","S2015VA187011-5.CLOD","clod",70.5,41.0,100.0,1.37,1.48,,32.1,,"USDA NRCS Kellogg Soil Survey Laboratory",,
"a5c46428-c6ee-4657-8bfa-9c2364cfa50e","SCBI_022.basePlot.all","D02","SCBI","SCBI_022","S2015VA187022","2015-10-19","16N02504","Bt2","2017-03-06","Kellogg Soil Survey Laboratory Methods Manual, Soil Survey Investigations Report No. 42 Version 5.0, Issued 2014","Bulk Density, Clods (3B1)","S2015VA187022-5.CLOD","clod",47.5,33.0,62.0,1.45,1.53,,27.9,,"USDA NRCS Kellogg Soil Survey Laboratory",,
"b1be781b-8e13-4a04-98c5-b4775695ac75","SCBI_004.basePlot.all","D02","SCBI","SCBI_004","S2015VA187004","2015-10-19","16N02443","AB","2017-03-06","Kellogg Soil Survey Laboratory Methods Manual, Soil Survey Investigations Report No. 42 Version 5.0, Issued 2014","Bulk Density, Clods (3B1)","S2015VA187004-2.CLOD","clod",19.5,14.0,25.0,1.55,1.61,,20.6,,"USDA NRCS Kellogg Soil Survey Laboratory",,
"9b343240-7dfe-4f0c-8b96-9be3f99897bf","SCBI_011.basePlot.all","D02","SCBI","SCBI_011","S2015VA187011","2015-10-19","16N02474","BE","2017-03-06","Kellogg Soil Survey Laboratory Methods Manual, Soil Survey Investigations Report No. 42 Version 5.0, Issued 2014","Bulk Density, Clods (3B1)","S2015VA187011-3.CLOD","clod",21.5,13.0,30.0,1.50,1.58,,21.6,,"USDA NRCS Kellogg Soil Survey Laboratory",,
"dbc762b2-ce70-457e-9516-1a365f6568d3","SCBI_011.basePlot.all","D02","SCBI","SCBI_011","S2015VA187011","2015-10-19","16N02473","A","2016-09-08","Kellogg Soil Survey Laboratory Methods Manual, Soil Survey Investigations Report No. 42 Version 5.0, Issued 2014","Bulk Density, Compliant Cavity (3B3)","S2015VA187011-2.COMPLIANT CAVITY","compliant cavity",8.5,4.0,13.0,,,0.77,,50.1,"USDA NRCS Kellogg Soil Survey Laboratory",,
"0a064b0f-6c42-4c97-943e-ebcaf83405cd","SCBI_019.basePlot.all","D02","SCBI","SCBI_019","S2015VA187019","2015-10-20","16N02491","Bt1","2017-03-06","Kellogg Soil Survey Laboratory Methods Manual, Soil Survey Investigations Report No. 42 Version 5.0, Issued 2014","Bulk Density, Clods (3B1)","S2015VA187019-3.CLOD","clod",51.0,31.0,71.0,1.47,1.60,,28.4,,"USDA NRCS Kellogg Soil Survey Laboratory",,
"e00b5155-f959-4e3d-a290-cc558255e6db","SCBI_013.basePlot.all","D02","SCBI","SCBI_013","S2015VA187013","2015-10-20","16N02479","Bt1","2017-03-06","Kellogg Soil Survey Laboratory Methods Manual, Soil Survey Investigations Report No. 42 Version 5.0, Issued 2014","Bulk Density, Clods (3B1)","S2015VA187013-3.CLOD","clod",32.5,20.0,45.0,1.31,1.42,,27.6,,"USDA NRCS Kellogg Soil Survey Laboratory",,
"2e2370f1-145a-4222-9284-0d003f68dc73","SCBI_013.basePlot.all","D02","SCBI","SCBI_013","S2015VA187013","2015-10-20","16N02477","A","2017-03-06","Kellogg Soil Survey Laboratory Methods Manual, Soil Survey Investigations Report No. 42 Version 5.0, Issued 2014","Bulk Density, Clods (3B1)","S2015VA187013-1.CLOD","clod",2.0,0.0,4.0,1.21,1.29,,31.1,,"USDA NRCS Kellogg Soil Survey Laboratory",,
"88f1442a-ea1e-4a75-a173-cc89c981fd8e","SCBI_005.basePlot.all","D02","SCBI","SCBI_005","S2015VA187005","2015-10-20","16N02449","BC","2017-03-06","Kellogg Soil Survey Laboratory Methods Manual, Soil Survey Investigations Report No. 42 Version 5.0, Issued 2014","Bulk Density, Clods (3B1)","S2015VA187005-4.CLOD","clod",61.0,46.0,76.0,1.33,1.48,,31.8,,"USDA NRCS Kellogg Soil Survey Laboratory",,
"3df396da-51e3-4943-aa05-ef854d1d1900","SCBI_005.basePlot.all","D02","SCBI","SCBI_005","S2015VA187005","2015-10-20","16N02450","2Bt","2017-03-06","Kellogg Soil Survey Laboratory Methods Manual, Soil Survey Investigations Report No. 42 Version 5.0, Issued 2014","Bulk Density, Clods (3B1)","S2015VA187005-5.CLOD","clod",88.0,76.0,100.0,1.39,1.60,,29.3,,"USDA NRCS Kellogg Soil Survey Laboratory",,
"f4208363-92b2-475b-94ca-bcbec605372e","SCBI_005.basePlot.all","D02","SCBI","SCBI_005","S2015VA187005","2015-10-20","16N02448","Bw","2017-03-06","Kellogg Soil Survey Laboratory Methods Manual, Soil Survey Investigations Report No. 42 Version 5.0, Issued 2014","Bulk Density, Clods (3B1)","S2015VA187005-3.CLOD","clod",33.0,20.0,46.0,1.32,1.40,,28.4,,"USDA NRCS Kellogg Soil Survey Laboratory",,
"4f0eab64-d7f7-4b21-b907-d8f0030be415","SCBI_002.basePlot.all","D02","SCBI","SCBI_002","S2015VA187002","2015-10-20","16N02439","E","2017-03-06","Kellogg Soil Survey Laboratory Methods Manual, Soil Survey Investigations Report No. 42 Version 5.0, Issued 2014","Bulk Density, Clods (3B1)","S2015VA187002-2.CLOD","clod",22.5,11.0,34.0,1.36,1.41,,23.8,,"USDA NRCS Kellogg Soil Survey Laboratory",,
"dfb20780-1c81-4036-980b-12a715139497","SCBI_019.basePlot.all","D02","SCBI","SCBI_019","S2015VA187019","2015-10-20","16N02493","C","2017-03-06","Kellogg Soil Survey Laboratory Methods Manual, Soil Survey Investigations Report No. 42 Version 5.0, Issued 2014","Bulk Density, Clods (3B1)","S2015VA187019-5.CLOD","clod",96.0,92.0,100.0,1.34,1.54,,32.0,,"USDA NRCS Kellogg Soil Survey Laboratory",,
"95e97fec-0314-4e0c-8c0c-09c53c65ae4b","SCBI_002.basePlot.all","D02","SCBI","SCBI_002","S2015VA187002","2015-10-20","16N02438","A","2016-09-08","Kellogg Soil Survey Laboratory Methods Manual, Soil Survey Investigations Report No. 42 Version 5.0, Issued 2014","Bulk Density, Compliant Cavity (3B3)","S2015VA187002-1.COMPLIANT CAVITY","compliant cavity",5.5,0.0,11.0,,,0.59,,56.9,"USDA NRCS Kellogg Soil Survey Laboratory",,
"886c03fd-52ea-4079-8679-c484a2ef0d22","SCBI_019.basePlot.all","D02","SCBI","SCBI_019","S2015VA187019","2015-10-20","16N02492","Bt2","2017-03-06","Kellogg Soil Survey Laboratory Methods Manual, Soil Survey Investigations Report No. 42 Version 5.0, Issued 2014","Bulk Density, Clods (3B1)","S2015VA187019-4.CLOD","clod",81.5,71.0,92.0,1.41,1.59,,30.8,,"USDA NRCS Kellogg Soil Survey Laboratory",,
"c273b939-649e-48c3-ad44-5701f2ea008c","SCBI_002.basePlot.all","D02","SCBI","SCBI_002","S2015VA187002","2015-10-20","16N02441","Bt2","2017-03-06","Kellogg Soil Survey Laboratory Methods Manual, Soil Survey Investigations Report No. 42 Version 5.0, Issued 2014","Bulk Density, Clods (3B1)","S2015VA187002-4.CLOD","clod",78.0,56.0,100.0,1.56,1.64,,25.2,,"USDA NRCS Kellogg Soil Survey Laboratory",,
"70c7d861-ecf8-4fc4-8cf9-ab20f076185a","SCBI_002.basePlot.all","D02","SCBI","SCBI_002","S2015VA187002","2015-10-20","16N02440","Bt1","2017-03-06","Kellogg Soil Survey Laboratory Methods Manual, Soil Survey Investigations Report No. 42 Version 5.0, Issued 2014","Bulk Density, Clods (3B1)","S2015VA187002-3.CLOD","clod",45.0,34.0,56.0,1.50,1.57,,23.5,,"USDA NRCS Kellogg Soil Survey Laboratory",,
"8db41681-3d31-46f1-871f-ddf9b2c2e3e8","SCBI_005.basePlot.all","D02","SCBI","SCBI_005","S2015VA187005","2015-10-20","16N02447","A","2017-03-06","Kellogg Soil Survey Laboratory Methods Manual, Soil Survey Investigations Report No. 42 Version 5.0, Issued 2014","Bulk Density, Clods (3B1)","S2015VA187005-2.CLOD","clod",12.0,4.0,20.0,1.14,1.25,,33.2,,"USDA NRCS Kellogg Soil Survey Laboratory",,
"a443da2b-0e27-480d-a526-7e270c72ed7e","SCBI_019.basePlot.all","D02","SCBI","SCBI_019","S2015VA187019","2015-10-20","16N02489","A","2018-11-15","Kellogg Soil Survey Laboratory Methods Manual, Soil Survey Investigations Report No. 42 Version 5.0, Issued 2014","Bulk Density, Clods (3B1)","S2015VA187019-1.CLOD","clod",6.5,0.0,13.0,,,,,,"USDA NRCS Kellogg Soil Survey Laboratory","Sample could not be analyzed.",
"ca260e0d-f3df-4df3-bbfa-6c1e1bfd9352","SCBI_013.basePlot.all","D02","SCBI","SCBI_013","S2015VA187013","2015-10-20","16N02477","A","2016-09-08","Kellogg Soil Survey Laboratory Methods Manual, Soil Survey Investigations Report No. 42 Version 5.0, Issued 2014","Bulk Density, Compliant Cavity (3B3)","S2015VA187013-1.COMPLIANT CAVITY","compliant cavity",2.0,0.0,4.0,,,0.65,,47.7,"USDA NRCS Kellogg Soil Survey Laboratory",,
"13f69647-c22e-4063-bafe-803265746d8f","SCBI_013.basePlot.all","D02","SCBI","SCBI_013","S2015VA187013","2015-10-20","16N02478","BA","2017-03-06","Kellogg Soil Survey Laboratory Methods Manual, Soil Survey Investigations Report No. 42 Version 5.0, Issued 2014","Bulk Density, Clods (3B1)","S2015VA187013-2.CLOD","clod",12.0,4.0,20.0,1.27,1.36,,30.4,,"USDA NRCS Kellogg Soil Survey Laboratory",,
"4d0c1756-8157-4d96-ad05-9b5d25de97f0","SCBI_019.basePlot.all","D02","SCBI","SCBI_019","S2015VA187019","2015-10-20","16N02490","BE","2017-03-06","Kellogg Soil Survey Laboratory Methods Manual, Soil Survey Investigations Report No. 42 Version 5.0, Issued 2014","Bulk Density, Clods (3B1)","S2015VA187019-2.CLOD","clod",22.0,13.0,31.0,1.52,1.60,,25.4,,"USDA NRCS Kellogg Soil Survey Laboratory",,
"8d77ae84-9714-4055-b060-a86e2a166973","SCBI_013.basePlot.all","D02","SCBI","SCBI_013","S2015VA187013","2015-10-20","16N02480","Bt2","2017-03-06","Kellogg Soil Survey Laboratory Methods Manual, Soil Survey Investigations Report No. 42 Version 5.0, Issued 2014","Bulk Density, Clods (3B1)","S2015VA187013-4.CLOD","clod",72.5,45.0,100.0,1.49,1.58,,25.0,,"USDA NRCS Kellogg Soil Survey Laboratory",,
