uid,domainID,siteID,pitNamedLocation,pitID,horizonID,bulkDensID,horizonName,setDate,collectDate,laboratoryName,labProjID,bulkDensCenterDepth,bulkDensTopDepth,bulkDensBottomDepth,bulkDensHorizonProportion,bulkDensSampleType,bulkDensExclCoarseFrag,remarks
"6bf8109a-059c-4023-b61b-1e5f815b9a3e","D16","ABBY","MEGAPT102179","D16_ABBY_PIT1","16_ABBY_PIT1_2C","D16_ABBY_PIT1_BULKD_142-147_2C","2C","2015-06-01","2015-06-01","USDA NRCS Kellogg Soil Survey Laboratory - Lincoln - NE","I2015USWA064",144.5,142.0,147.0,1.0,"Regular",0.9510,
"63467b72-fe5d-4b1b-b679-f6d148f7641a","D16","ABBY","MEGAPT102179","D16_ABBY_PIT1","16_ABBY_PIT1_AB","D16_ABBY_PIT1_BULKD_24-29_AB","AB","2015-06-01","2015-06-01","USDA NRCS Kellogg Soil Survey Laboratory - Lincoln - NE","I2015USWA064",26.5,24.0,29.0,1.0,"Regular",0.8475,
"e4500901-632c-4a11-9324-9435360f52f0","D16","ABBY","MEGAPT102179","D16_ABBY_PIT1","16_ABBY_PIT1_2BW2","D16_ABBY_PIT1_BULKD_80-85_2BW2","2Bw2","2015-06-01","2015-06-01","USDA NRCS Kellogg Soil Survey Laboratory - Lincoln - NE","I2015USWA064",82.5,80.0,85.0,1.0,"Regular",1.1260,
"789f02af-22e9-4d01-84ff-3ff4a00a06a9","D16","ABBY","MEGAPT102179","D16_ABBY_PIT1","16_ABBY_PIT1_A","D16_ABBY_PIT1_BULKD_6-11_A","A","2015-06-01","2015-06-01","USDA NRCS Kellogg Soil Survey Laboratory - Lincoln - NE","I2015USWA064",8.5,6.0,11.0,1.0,"Regular",0.3933,
"66c70b80-e6e4-4dc3-80d0-7cc83c6d58e1","D16","ABBY","MEGAPT102179","D16_ABBY_PIT1","16_ABBY_PIT1_BW1","D16_ABBY_PIT1_BULKD_51-56_BW1","Bw1","2015-06-01","2015-06-01","USDA NRCS Kellogg Soil Survey Laboratory - Lincoln - NE","I2015USWA064",53.5,51.0,56.0,1.0,"Regular",0.8913,
"2a3f3889-a136-46d9-893e-50cdc9a6befa","D16","ABBY","MEGAPT102179","D16_ABBY_PIT1","16_ABBY_PIT1_OI","D16_ABBY_PIT1_BULKD_0-3_OI","Oi","2015-06-01","2015-06-01","USDA NRCS Kellogg Soil Survey Laboratory - Lincoln - NE","I2015USWA064",1.5,0.0,3.0,1.0,"Regular",0.1602,
"4a1b1040-c414-4157-9891-efb5b544a2d8","D16","ABBY","MEGAPT102179","D16_ABBY_PIT1","16_ABBY_PIT1_2BC","D16_ABBY_PIT1_BULKD_109-114_2BC","2BC","2015-06-01","2015-06-01","USDA NRCS Kellogg Soil Survey Laboratory - Lincoln - NE","I2015USWA064",111.5,109.0,114.0,1.0,"Regular",0.9698,
