uid,domainID,siteID,pitNamedLocation,pitID,horizonID,horizonName,setDate,collectDate,archiveID,archiveLaboratoryName,archiveTopDepth,archiveBottomDepth,remarks,sampleMass
"1f2967d3-73f5-49ba-8945-1db7302598bb","D16","ABBY","MEGAPT102179","D16_ABBY_PIT1","16_ABBY_PIT1_A","A","2015-06-01","2015-06-01","D16_ABBY_PIT1_ARCHIVE_3-19_A","NEON",3.0,19.0,,3600.9
"c6d66745-6aab-4ebb-adef-ce6d88d467a8","D16","ABBY","MEGAPT102179","D16_ABBY_PIT1","16_ABBY_PIT1_2BC","2BC","2015-06-01","2015-06-01","D16_ABBY_PIT1_ARCHIVE_103-131_2BC","NEON",103.0,131.0,,3601.1
"60311770-6194-46d9-9175-0a60902d2253","D16","ABBY","MEGAPT102179","D16_ABBY_PIT1","16_ABBY_PIT1_BW1","Bw1","2015-06-01","2015-06-01","D16_ABBY_PIT1_ARCHIVE_44-74_BW1","NEON",44.0,74.0,,3600.4
"486b260b-4972-4310-bb2a-80491f4f76ab","D16","ABBY","MEGAPT102179","D16_ABBY_PIT1","16_ABBY_PIT1_OI","Oi","2015-06-01","2015-06-01","D16_ABBY_PIT1_ARCHIVE_0-3_OI","NEON",0.0,3.0,,3600.4
"031cb6f8-ca83-4299-9321-57fe6fff19c1","D16","ABBY","MEGAPT102179","D16_ABBY_PIT1","16_ABBY_PIT1_2C","2C","2015-06-01","2015-06-01","D16_ABBY_PIT1_ARCHIVE_131-200_2C","NEON",131.0,200.0,,3601.2
"c5bf3ef1-b32a-4d54-acd9-503c3e12d0b5","D16","ABBY","MEGAPT102179","D16_ABBY_PIT1","16_ABBY_PIT1_2BW2","2Bw2","2015-06-01","2015-06-01","D16_ABBY_PIT1_ARCHIVE_74-103_2BW2","NEON",74.0,103.0,,3600.7
"954e6647-5c47-4795-ba6a-71b373f201a8","D16","ABBY","MEGAPT102179","D16_ABBY_PIT1","16_ABBY_PIT1_AB","AB","2015-06-01","2015-06-01","D16_ABBY_PIT1_ARCHIVE_19-44_AB","NEON",19.0,44.0,,3600.3
