uid,domainID,siteID,pitNamedLocation,pitID,horizonID,horizonName,setDate,collectDate,horizonTopDepth,horizonBottomDepth,nrcsDescriptionID,remarks
"7ca8628b-a19c-4683-b59d-f87f7e2a12fe","D16","ABBY","MEGAPT102179","D16_ABBY_PIT1","16_ABBY_PIT1_OI","Oi","2015-06-01","2015-06-01",0.0,3.0,"2015WA011001",
"6ff1db6f-645e-4a59-9fef-c2efaf565a19","D16","ABBY","MEGAPT102179","D16_ABBY_PIT1","16_ABBY_PIT1_2BC","2BC","2015-06-01","2015-06-01",103.0,131.0,"2015WA011001",
"d6540d2f-2a28-4c41-a721-48adfc7dae8b","D16","ABBY","MEGAPT102179","D16_ABBY_PIT1","16_ABBY_PIT1_2C","2C","2015-06-01","2015-06-01",131.0,200.0,"2015WA011001",
"71e825e2-b746-4546-bb0a-c11c47f3af5f","D16","ABBY","MEGAPT102179","D16_ABBY_PIT1","16_ABBY_PIT1_AB","AB","2015-06-01","2015-06-01",19.0,44.0,"2015WA011001",
"e8b36460-4bc3-447b-8cc1-e50f521b621e","D16","ABBY","MEGAPT102179","D16_ABBY_PIT1","16_ABBY_PIT1_BW1","Bw1","2015-06-01","2015-06-01",44.0,74.0,"2015WA011001",
"63da3946-2d5a-422c-9e6d-04b61a32b8b3","D16","ABBY","MEGAPT102179","D16_ABBY_PIT1","16_ABBY_PIT1_2BW2","2Bw2","2015-06-01","2015-06-01",74.0,103.0,"2015WA011001",
"21676fd4-0682-4cf5-8e3a-96e83d0c7f68","D16","ABBY","MEGAPT102179","D16_ABBY_PIT1","16_ABBY_PIT1_A","A","2015-06-01","2015-06-01",3.0,19.0,"2015WA011001",
