uid,namedLocation,domainID,siteID,plotID,nrcsDescriptionID,collectDate,horizonID,horizonName,biogeoIDnrcs,biogeoSampleType,biogeoTopDepth,biogeoBottomDepth,biogeoCenterDepth,particleSizeDistProcessedDate,particleSizeDistMethodPub,particleSizeDistMethod,coarseFrag2To5,coarseFrag5To20,sandTotal,siltTotal,clayTotal,carbonateClay,clayFineContent,siltFineContent,siltCoarseContent,sandVeryFineContent,sandFineContent,sandMediumContent,sandCoarseContent,sandVeryCoarseContent,laboratoryName,dataQF
"c00a3a0f-87ea-43ee-aa7f-e58eb0cc3fbe","MLBS_061.basePlot.all","D07","MLBS","MLBS_061","S2018VA071061","2018-05-08","18N06001","Bw1","S2018VA071061-3","bulk",21.0,30.0,25.5,"2018-10-29","Kellogg Soil Survey Laboratory Methods Manual, Soil Survey Investigations Report No. 42 Version 5.0, Issued 2014","Routine Particle Size Distribution (3A1a1a)",4.6,12.9,72.8,16.8,10.4,,,11.4,5.4,11.7,48.1,10.4,2.1,0.5,"USDA NRCS Kellogg Soil Survey Laboratory",
"da342cdf-3622-4173-bd31-70d970ac46d7","MLBS_061.basePlot.all","D07","MLBS","MLBS_061","S2018VA071061","2018-05-08","18N06000","AB","S2018VA071061-2","bulk",14.0,21.0,17.5,"2018-10-29","Kellogg Soil Survey Laboratory Methods Manual, Soil Survey Investigations Report No. 42 Version 5.0, Issued 2014","Routine Particle Size Distribution (3A1a1a)",4.6,6.9,79.3,16.8,3.9,,,11.7,5.1,12.2,50.1,15.1,1.8,0.1,"USDA NRCS Kellogg Soil Survey Laboratory",
"9c1a7823-8e07-44e1-9f8f-3c33dbe94bac","MLBS_061.basePlot.all","D07","MLBS","MLBS_061","S2018VA071061","2018-05-08","18N05999","A","S2018VA071061-1","bulk",6.0,14.0,10.0,"2018-10-29","Kellogg Soil Survey Laboratory Methods Manual, Soil Survey Investigations Report No. 42 Version 5.0, Issued 2014","Routine Particle Size Distribution (3A1a1a)",2.4,3.5,80.6,15.1,4.3,,,10.4,4.7,13.3,50.1,15.3,1.7,0.2,"USDA NRCS Kellogg Soil Survey Laboratory",
"f5f698f3-9c81-4448-b06b-be6bf789cb05","MLBS_061.basePlot.all","D07","MLBS","MLBS_061","S2018VA071061","2018-05-08","18N06003","Bt1","S2018VA071061-5","bulk",36.0,91.0,63.5,"2018-10-29","Kellogg Soil Survey Laboratory Methods Manual, Soil Survey Investigations Report No. 42 Version 5.0, Issued 2014","Routine Particle Size Distribution (3A1a1a)",0.0,0.0,43.5,22.2,34.3,,,20.0,2.2,8.1,27.1,7.2,1.0,0.1,"USDA NRCS Kellogg Soil Survey Laboratory",
"68bc268d-121e-45f1-a597-eed344d14770","MLBS_061.basePlot.all","D07","MLBS","MLBS_061","S2018VA071061","2018-05-08","18N06002","Bw2","S2018VA071061-4","bulk",30.0,36.0,33.0,"2018-10-29","Kellogg Soil Survey Laboratory Methods Manual, Soil Survey Investigations Report No. 42 Version 5.0, Issued 2014","Routine Particle Size Distribution (3A1a1a)",4.4,8.0,68.0,18.3,13.7,,,13.8,4.5,12.8,39.9,13.1,1.8,0.4,"USDA NRCS Kellogg Soil Survey Laboratory",
"49d03c94-5f81-49c1-a69b-1cac161f332f","MLBS_064.basePlot.all","D07","MLBS","MLBS_064","S2018VA071064","2018-05-14","18N06005","AB","S2018VA071064-2","bulk",11.0,20.0,15.5,"2018-10-29","Kellogg Soil Survey Laboratory Methods Manual, Soil Survey Investigations Report No. 42 Version 5.0, Issued 2014","Routine Particle Size Distribution (3A1a1a)",2.7,18.3,74.5,17.5,8.0,,,13.6,3.9,6.1,52.5,11.9,3.9,0.1,"USDA NRCS Kellogg Soil Survey Laboratory",
"8fd8c5d2-0292-48dc-b3f8-38ba8928c1ff","MLBS_009.basePlot.all","D07","MLBS","MLBS_009","S2018VA071009","2018-05-14","18N06026","A","S2018VA071009-1","bulk",0.0,7.0,3.5,"2018-10-30","Kellogg Soil Survey Laboratory Methods Manual, Soil Survey Investigations Report No. 42 Version 5.0, Issued 2014","Routine Particle Size Distribution (3A1a1a)",126.0,170.9,56.8,27.4,15.8,,,22.4,5.0,8.1,37.2,6.5,4.3,0.7,"USDA NRCS Kellogg Soil Survey Laboratory",
"2436b23d-427a-4809-add2-3861c732d24d","MLBS_009.basePlot.all","D07","MLBS","MLBS_009","S2018VA071009","2018-05-14","18N06027","BA","S2018VA071009-2","bulk",7.0,12.0,9.5,"2018-10-30","Kellogg Soil Survey Laboratory Methods Manual, Soil Survey Investigations Report No. 42 Version 5.0, Issued 2014","Routine Particle Size Distribution (3A1a1a)",60.1,93.2,57.5,25.1,17.4,,,20.4,4.7,8.3,28.9,10.3,6.1,3.9,"USDA NRCS Kellogg Soil Survey Laboratory",
"4b20b7c0-00a0-48c1-9b26-958c34f355bd","MLBS_064.basePlot.all","D07","MLBS","MLBS_064","S2018VA071064","2018-05-14","18N06004","A","S2018VA071064-1","bulk",8.0,11.0,9.5,"2018-10-29","Kellogg Soil Survey Laboratory Methods Manual, Soil Survey Investigations Report No. 42 Version 5.0, Issued 2014","Routine Particle Size Distribution (3A1a1a)",1.7,8.7,78.4,16.3,5.3,,,13.3,3.0,6.3,51.3,16.1,4.5,0.2,"USDA NRCS Kellogg Soil Survey Laboratory",
"9c599119-5c41-4d2b-a226-6362b2820286","MLBS_009.basePlot.all","D07","MLBS","MLBS_009","S2018VA071009","2018-05-14","18N06030","Bt3","S2018VA071009-5","bulk",85.0,100.0,93.0,"2018-10-30","Kellogg Soil Survey Laboratory Methods Manual, Soil Survey Investigations Report No. 42 Version 5.0, Issued 2014","Routine Particle Size Distribution (3A1a1a)",33.4,73.2,52.8,20.8,26.4,,,17.6,3.2,9.2,28.6,9.1,4.3,1.6,"USDA NRCS Kellogg Soil Survey Laboratory",
"61fbe2b3-b1dd-4d7d-bbe1-e33d4a7a22db","MLBS_009.basePlot.all","D07","MLBS","MLBS_009","S2018VA071009","2018-05-14","18N06028","Bt1","S2018VA071009-3","bulk",12.0,42.0,27.0,"2018-10-30","Kellogg Soil Survey Laboratory Methods Manual, Soil Survey Investigations Report No. 42 Version 5.0, Issued 2014","Routine Particle Size Distribution (3A1a1a)",108.1,171.4,55.2,24.5,20.3,,,21.3,3.2,6.3,30.5,9.5,5.4,3.5,"USDA NRCS Kellogg Soil Survey Laboratory",
"10e56ef0-4445-412d-8b33-42892ea6b687","MLBS_009.basePlot.all","D07","MLBS","MLBS_009","S2018VA071009","2018-05-14","18N06029","Bt2","S2018VA071009-4","bulk",42.0,85.0,63.5,"2018-10-30","Kellogg Soil Survey Laboratory Methods Manual, Soil Survey Investigations Report No. 42 Version 5.0, Issued 2014","Routine Particle Size Distribution (3A1a1a)",95.5,158.5,56.6,22.3,21.1,,,18.0,4.3,7.1,36.5,2.7,6.0,4.3,"USDA NRCS Kellogg Soil Survey Laboratory",
"153f8dc6-2251-43f8-b318-23178ef16112","MLBS_064.basePlot.all","D07","MLBS","MLBS_064","S2018VA071064","2018-05-14","18N06006","Bw1","S2018VA071064-3","bulk",20.0,94.0,57.0,"2018-10-29","Kellogg Soil Survey Laboratory Methods Manual, Soil Survey Investigations Report No. 42 Version 5.0, Issued 2014","Routine Particle Size Distribution (3A1a1a)",2.0,9.9,70.1,16.9,13.0,,,14.5,2.4,7.3,44.2,15.1,3.3,0.2,"USDA NRCS Kellogg Soil Survey Laboratory",
"1e9b8e83-7e6c-4d08-aede-6be2d99938fb","MLBS_030.basePlot.all","D07","MLBS","MLBS_030","S2018VA071030","2018-05-15","18N06024","Bt2","S2018VA071030-5","bulk",37.0,53.0,45.0,"2018-10-30","Kellogg Soil Survey Laboratory Methods Manual, Soil Survey Investigations Report No. 42 Version 5.0, Issued 2014","Routine Particle Size Distribution (3A1a1a)",28.4,26.6,33.1,38.6,28.3,,,28.5,10.1,14.2,9.8,3.2,4.0,1.9,"USDA NRCS Kellogg Soil Survey Laboratory",
"e6ea56a1-a1b0-4c26-890d-cce052918e27","MLBS_014.basePlot.all","D07","MLBS","MLBS_014","S2018VA071014","2018-05-15","18N06036","A","S2018VA071014-2","bulk",1.0,6.0,3.5,"2018-10-30","Kellogg Soil Survey Laboratory Methods Manual, Soil Survey Investigations Report No. 42 Version 5.0, Issued 2014","Routine Particle Size Distribution (3A1a1a)",57.0,121.1,50.6,32.7,16.7,,,21.4,11.3,17.5,21.6,5.6,3.0,2.9,"USDA NRCS Kellogg Soil Survey Laboratory",
"74e9928c-2ec1-49a7-acef-a9b573615b85","MLBS_030.basePlot.all","D07","MLBS","MLBS_030","S2018VA071030","2018-05-15","18N06022","Ap2","S2018VA071030-3","bulk",11.0,20.0,15.5,"2018-10-30","Kellogg Soil Survey Laboratory Methods Manual, Soil Survey Investigations Report No. 42 Version 5.0, Issued 2014","Routine Particle Size Distribution (3A1a1a)",17.1,99.1,41.8,41.3,16.9,,,28.2,13.1,17.8,19.5,0.8,2.2,1.5,"USDA NRCS Kellogg Soil Survey Laboratory",
"b22dbcd7-93c4-4bdf-8e06-f7411016aee6","MLBS_014.basePlot.all","D07","MLBS","MLBS_014","S2018VA071014","2018-05-15","18N06038","Bt1","S2018VA071014-4","bulk",19.0,36.0,27.5,"2018-10-31","Kellogg Soil Survey Laboratory Methods Manual, Soil Survey Investigations Report No. 42 Version 5.0, Issued 2014","Routine Particle Size Distribution (3A1a1a)",41.6,73.5,43.7,31.1,25.2,,,20.0,11.1,16.7,16.8,5.1,2.9,2.2,"USDA NRCS Kellogg Soil Survey Laboratory",
"caa7b665-f319-4480-9735-3c89164932ca","MLBS_013.basePlot.all","D07","MLBS","MLBS_013","S2018VA071013","2018-05-15","18N06007","A","S2018VA071013-1","bulk",2.0,11.0,6.5,"2018-10-29","Kellogg Soil Survey Laboratory Methods Manual, Soil Survey Investigations Report No. 42 Version 5.0, Issued 2014","Routine Particle Size Distribution (3A1a1a)",52.8,133.9,26.9,59.7,13.4,,,48.9,10.8,10.6,12.4,2.6,0.9,0.4,"USDA NRCS Kellogg Soil Survey Laboratory",
"21a7ec70-6dfa-4df1-baac-dbdbc7cd855f","MLBS_014.basePlot.all","D07","MLBS","MLBS_014","S2018VA071014","2018-05-15","18N06039","Bt2","S2018VA071014-5","bulk",36.0,69.0,52.5,"2018-10-31","Kellogg Soil Survey Laboratory Methods Manual, Soil Survey Investigations Report No. 42 Version 5.0, Issued 2014","Routine Particle Size Distribution (3A1a1a)",108.6,151.3,42.1,26.9,31.0,,,19.2,7.7,15.0,15.8,5.3,3.6,2.4,"USDA NRCS Kellogg Soil Survey Laboratory",
"9bb7d8df-7ccc-4191-b788-026eb22c7c41","MLBS_030.basePlot.all","D07","MLBS","MLBS_030","S2018VA071030","2018-05-15","18N06021","Ap1","S2018VA071030-2","bulk",2.0,11.0,6.5,"2018-10-30","Kellogg Soil Survey Laboratory Methods Manual, Soil Survey Investigations Report No. 42 Version 5.0, Issued 2014","Routine Particle Size Distribution (3A1a1a)",17.2,75.2,41.0,41.7,17.3,,,28.8,12.9,16.9,16.9,4.4,1.7,1.1,"USDA NRCS Kellogg Soil Survey Laboratory",
"f02bb296-7c41-4c82-bd5b-7a3a6458fb3f","MLBS_006.basePlot.all","D07","MLBS","MLBS_006","S2018VA071006","2018-05-15","18N06011","Bw1","S2018VA071006-2","bulk",19.0,30.0,24.5,"2018-10-29","Kellogg Soil Survey Laboratory Methods Manual, Soil Survey Investigations Report No. 42 Version 5.0, Issued 2014","Routine Particle Size Distribution (3A1a1a)",14.9,22.3,45.6,22.5,31.9,,,18.9,3.6,8.2,23.9,10.5,2.2,0.8,"USDA NRCS Kellogg Soil Survey Laboratory",
"39b1e554-9910-46a0-9968-3b1d5538046e","MLBS_006.basePlot.all","D07","MLBS","MLBS_006","S2018VA071006","2018-05-15","18N06010","A","S2018VA071006-1","bulk",0.0,19.0,9.5,"2018-10-29","Kellogg Soil Survey Laboratory Methods Manual, Soil Survey Investigations Report No. 42 Version 5.0, Issued 2014","Routine Particle Size Distribution (3A1a1a)",23.2,15.0,47.3,23.9,28.8,,,19.6,4.3,8.6,22.7,12.1,2.5,1.4,"USDA NRCS Kellogg Soil Survey Laboratory",
"de2fb675-6b33-429c-bd43-f94a6ddd09fd","MLBS_013.basePlot.all","D07","MLBS","MLBS_013","S2018VA071013","2018-05-15","18N06008","Bw1","S2018VA071013-2","bulk",11.0,27.0,19.0,"2018-10-29","Kellogg Soil Survey Laboratory Methods Manual, Soil Survey Investigations Report No. 42 Version 5.0, Issued 2014","Routine Particle Size Distribution (3A1a1a)",32.5,102.5,24.7,57.6,17.7,,,48.5,9.1,8.3,12.2,2.2,1.0,1.0,"USDA NRCS Kellogg Soil Survey Laboratory",
"f29c8ef7-8064-4066-9db6-9a18d8c4ac42","MLBS_030.basePlot.all","D07","MLBS","MLBS_030","S2018VA071030","2018-05-15","18N06025","Bt3","S2018VA071030-6","bulk",53.0,100.0,76.5,"2018-10-30","Kellogg Soil Survey Laboratory Methods Manual, Soil Survey Investigations Report No. 42 Version 5.0, Issued 2014","Routine Particle Size Distribution (3A1a1a)",1.0,7.2,17.3,43.0,39.7,,,30.7,12.3,10.1,4.4,1.7,0.9,0.2,"USDA NRCS Kellogg Soil Survey Laboratory",
"13e48319-669f-4b02-95ee-aa3d81dfeaf1","MLBS_030.basePlot.all","D07","MLBS","MLBS_030","S2018VA071030","2018-05-15","18N06023","Bt1","S2018VA071030-4","bulk",20.0,37.0,28.5,"2018-10-30","Kellogg Soil Survey Laboratory Methods Manual, Soil Survey Investigations Report No. 42 Version 5.0, Issued 2014","Routine Particle Size Distribution (3A1a1a)",21.3,59.3,39.5,40.8,19.7,,,28.5,12.3,17.0,14.0,2.1,3.1,3.3,"USDA NRCS Kellogg Soil Survey Laboratory",
"4865aa6a-b973-4347-ad8d-eaae02ab3b2c","MLBS_014.basePlot.all","D07","MLBS","MLBS_014","S2018VA071014","2018-05-15","18N06037","BA","S2018VA071014-3","bulk",6.0,19.0,12.5,"2018-10-30","Kellogg Soil Survey Laboratory Methods Manual, Soil Survey Investigations Report No. 42 Version 5.0, Issued 2014","Routine Particle Size Distribution (3A1a1a)",26.8,49.4,47.7,34.7,17.6,,,22.3,12.4,19.5,20.9,4.4,1.9,1.0,"USDA NRCS Kellogg Soil Survey Laboratory",
"2ce51cf1-2e93-4be1-a5c6-59da1f8ae5e2","MLBS_014.basePlot.all","D07","MLBS","MLBS_014","S2018VA071014","2018-05-15","18N06040","Bt3","S2018VA071014-6","bulk",69.0,100.0,84.5,"2018-10-31","Kellogg Soil Survey Laboratory Methods Manual, Soil Survey Investigations Report No. 42 Version 5.0, Issued 2014","Routine Particle Size Distribution (3A1a1a)",152.8,240.8,45.5,24.1,30.4,,,16.9,7.2,9.7,12.0,5.6,7.0,11.2,"USDA NRCS Kellogg Soil Survey Laboratory",
"f17b4494-72e3-4fc4-8b07-2251c0ba6085","MLBS_013.basePlot.all","D07","MLBS","MLBS_013","S2018VA071013","2018-05-15","18N06009","Bw2","S2018VA071013-3","bulk",27.0,40.0,33.5,"2018-10-29","Kellogg Soil Survey Laboratory Methods Manual, Soil Survey Investigations Report No. 42 Version 5.0, Issued 2014","Routine Particle Size Distribution (3A1a1a)",49.4,70.0,23.1,57.1,19.8,,,47.7,9.4,7.8,11.0,0.8,1.3,2.2,"USDA NRCS Kellogg Soil Survey Laboratory",
"36063af3-aea9-40ee-8b43-f7e69fce0d21","MLBS_006.basePlot.all","D07","MLBS","MLBS_006","S2018VA071006","2018-05-15","18N06012","Bwg2","S2018VA071006-3","bulk",30.0,48.0,39.0,"2018-10-29","Kellogg Soil Survey Laboratory Methods Manual, Soil Survey Investigations Report No. 42 Version 5.0, Issued 2014","Routine Particle Size Distribution (3A1a1a)",21.8,26.7,42.2,21.8,36.0,,,18.1,3.7,6.3,23.6,9.7,1.8,0.8,"USDA NRCS Kellogg Soil Survey Laboratory",
"f92384ac-f389-47ff-b196-7473d064a59c","MLBS_004.basePlot.all","D07","MLBS","MLBS_004","S2018VA071004","2018-05-16","18N06018","Bt1","S2018VA071004-3","bulk",27.0,44.0,35.5,"2018-10-30","Kellogg Soil Survey Laboratory Methods Manual, Soil Survey Investigations Report No. 42 Version 5.0, Issued 2014","Routine Particle Size Distribution (3A1a1a)",30.6,123.1,37.0,44.7,18.3,,,34.5,10.2,14.3,16.6,2.9,1.9,1.3,"USDA NRCS Kellogg Soil Survey Laboratory",
"e702da9e-256f-4b3d-a3c5-5ecaa1eb0486","MLBS_001.basePlot.all","D07","MLBS","MLBS_001","S2018VA071001","2018-05-16","18N06033","Bw1","S2018VA071001-3","bulk",30.0,50.0,40.0,"2018-10-30","Kellogg Soil Survey Laboratory Methods Manual, Soil Survey Investigations Report No. 42 Version 5.0, Issued 2014","Routine Particle Size Distribution (3A1a1a)",171.2,379.2,58.3,25.6,16.1,,,20.2,5.4,23.7,20.1,2.4,4.4,7.7,"USDA NRCS Kellogg Soil Survey Laboratory",
"12915f39-8c37-4135-bcc6-12c988f9061f","MLBS_001.basePlot.all","D07","MLBS","MLBS_001","S2018VA071001","2018-05-16","18N06034","Bw2","S2018VA071001-4","bulk",50.0,65.0,57.5,"2018-10-30","Kellogg Soil Survey Laboratory Methods Manual, Soil Survey Investigations Report No. 42 Version 5.0, Issued 2014","Routine Particle Size Distribution (3A1a1a)",98.4,324.4,59.9,30.3,9.8,,,22.7,7.6,25.9,20.8,2.4,3.7,7.1,"USDA NRCS Kellogg Soil Survey Laboratory",
"9d6d0472-bf44-49c7-b081-3e7815584214","MLBS_001.basePlot.all","D07","MLBS","MLBS_001","S2018VA071001","2018-05-16","18N06031","A","S2018VA071001-1","bulk",0.0,10.0,5.0,"2018-10-30","Kellogg Soil Survey Laboratory Methods Manual, Soil Survey Investigations Report No. 42 Version 5.0, Issued 2014","Routine Particle Size Distribution (3A1a1a)",113.2,205.3,52.8,32.3,14.9,,,26.2,6.1,21.8,25.7,2.2,2.0,1.1,"USDA NRCS Kellogg Soil Survey Laboratory",
"4430568d-af51-4689-a55d-95c94ed0b699","MLBS_001.basePlot.all","D07","MLBS","MLBS_001","S2018VA071001","2018-05-16","18N06032","BA","S2018VA071001-2","bulk",10.0,30.0,20.0,"2018-10-30","Kellogg Soil Survey Laboratory Methods Manual, Soil Survey Investigations Report No. 42 Version 5.0, Issued 2014","Routine Particle Size Distribution (3A1a1a)",126.0,207.6,52.7,31.0,16.3,,,23.6,7.4,24.5,17.6,1.1,2.9,6.6,"USDA NRCS Kellogg Soil Survey Laboratory",
"ebb16212-f2e1-4585-aadd-4ec756ebdecf","MLBS_004.basePlot.all","D07","MLBS","MLBS_004","S2018VA071004","2018-05-16","18N06019","Bt2","S2018VA071004-4","bulk",44.0,72.0,58.0,"2018-10-30","Kellogg Soil Survey Laboratory Methods Manual, Soil Survey Investigations Report No. 42 Version 5.0, Issued 2014","Routine Particle Size Distribution (3A1a1a)",45.2,190.3,43.2,42.4,14.4,,,30.9,11.5,17.2,16.2,4.4,2.8,2.6,"USDA NRCS Kellogg Soil Survey Laboratory",
"20f7421c-e5be-44f7-85a9-b614dddece0f","MLBS_004.basePlot.all","D07","MLBS","MLBS_004","S2018VA071004","2018-05-16","18N06016","A","S2018VA071004-1","bulk",2.0,13.0,7.5,"2018-10-30","Kellogg Soil Survey Laboratory Methods Manual, Soil Survey Investigations Report No. 42 Version 5.0, Issued 2014","Routine Particle Size Distribution (3A1a1a)",21.3,104.5,40.3,46.0,13.7,,,35.5,10.5,14.4,17.6,4.5,2.5,1.3,"USDA NRCS Kellogg Soil Survey Laboratory",
"9c291e1e-3585-4fac-99b8-601863fa87c0","MLBS_004.basePlot.all","D07","MLBS","MLBS_004","S2018VA071004","2018-05-16","18N06017","BA","S2018VA071004-2","bulk",13.0,27.0,20.0,"2018-10-30","Kellogg Soil Survey Laboratory Methods Manual, Soil Survey Investigations Report No. 42 Version 5.0, Issued 2014","Routine Particle Size Distribution (3A1a1a)",13.1,56.5,36.9,47.8,15.3,,,36.4,11.4,14.7,15.7,3.5,2.0,1.0,"USDA NRCS Kellogg Soil Survey Laboratory",
"c70f1dfa-6192-42c6-b93d-2c2ebc031089","MLBS_019.basePlot.all","D07","MLBS","MLBS_019","S2018VA071019","2018-05-18","18N06015","Bt","S2018VA071019-3","bulk",26.0,61.0,43.5,"2018-10-30","Kellogg Soil Survey Laboratory Methods Manual, Soil Survey Investigations Report No. 42 Version 5.0, Issued 2014","Routine Particle Size Distribution (3A1a1a)",7.0,9.6,30.2,39.6,30.2,,,28.1,11.5,13.0,11.4,3.5,1.5,0.8,"USDA NRCS Kellogg Soil Survey Laboratory",
"d94226b4-269e-4d65-a7a2-42dda72898fb","MLBS_019.basePlot.all","D07","MLBS","MLBS_019","S2018VA071019","2018-05-18","18N06013","A","S2018VA071019-1","bulk",4.0,9.0,6.5,"2018-10-29","Kellogg Soil Survey Laboratory Methods Manual, Soil Survey Investigations Report No. 42 Version 5.0, Issued 2014","Routine Particle Size Distribution (3A1a1a)",22.8,17.1,32.8,44.1,23.1,,,28.4,15.7,12.2,16.1,0.7,2.3,1.5,"USDA NRCS Kellogg Soil Survey Laboratory",
"cfaae759-2756-4289-8433-fa8f6d0bcaec","MLBS_019.basePlot.all","D07","MLBS","MLBS_019","S2018VA071019","2018-05-18","18N06014","BA","S2018VA071019-2","bulk",9.0,26.0,17.5,"2018-10-30","Kellogg Soil Survey Laboratory Methods Manual, Soil Survey Investigations Report No. 42 Version 5.0, Issued 2014","Routine Particle Size Distribution (3A1a1a)",17.5,8.7,33.7,43.0,23.3,,,29.5,13.5,15.0,11.9,4.5,1.5,0.8,"USDA NRCS Kellogg Soil Survey Laboratory",
