uid,namedLocation,domainID,siteID,plotID,pitID,collectDate,testProtocolVersion,nrcsDescriptionID,horizonID,horizonName,horizonTopDepth,horizonBottomDepth,remarks,dataQF
"53d8a704-e7ac-417b-8765-35adf8f820a6","MLBS_061.basePlot.all","D07","MLBS","MLBS_061","1283192","2018-05-08","Field Book for Describing and Sampling Soils ver3","S2018VA071061","6492360","Oe",0,2,,
"b49a529f-5a5b-4e4e-90ad-0f91e90b9c2c","MLBS_061.basePlot.all","D07","MLBS","MLBS_061","1283192","2018-05-08","Field Book for Describing and Sampling Soils ver3","S2018VA071061","18N06001","Bw1",21,30,,
"d608f8bd-b42e-4778-a502-89df4f5fe99b","MLBS_061.basePlot.all","D07","MLBS","MLBS_061","1283192","2018-05-08","Field Book for Describing and Sampling Soils ver3","S2018VA071061","18N06000","AB",14,21,,
"b80ae563-d519-4cad-a484-162f3f809e30","MLBS_061.basePlot.all","D07","MLBS","MLBS_061","1283192","2018-05-08","Field Book for Describing and Sampling Soils ver3","S2018VA071061","6492361","Oa",2,6,,
"8d7d17f2-bf6d-4706-a81e-b61f446b6240","MLBS_061.basePlot.all","D07","MLBS","MLBS_061","1283192","2018-05-08","Field Book for Describing and Sampling Soils ver3","S2018VA071061","18N06002","Bw2",30,36,,
"afad860f-9953-45fb-8c1d-678bc6bc5759","MLBS_061.basePlot.all","D07","MLBS","MLBS_061","1283192","2018-05-08","Field Book for Describing and Sampling Soils ver3","S2018VA071061","18N05999","A",6,14,,
"1dfa2247-879f-486d-a862-a903b8d2ab5f","MLBS_061.basePlot.all","D07","MLBS","MLBS_061","1283192","2018-05-08","Field Book for Describing and Sampling Soils ver3","S2018VA071061","18N06003","Bt1",36,91,"Upon boring with a bucket auger, the soils team encountered a high rock fragment content at 91cm and could not bore past this depth.",
"0a8d0ecd-17ac-409c-bff7-27c7b273bff5","MLBS_064.basePlot.all","D07","MLBS","MLBS_064","1283193","2018-05-14","Field Book for Describing and Sampling Soils ver3","S2018VA071064","18N06004","A",8,11,,
"a520d811-4396-4422-9179-42e8f1b197eb","MLBS_009.basePlot.all","D07","MLBS","MLBS_009","1283199","2018-05-14","Field Book for Describing and Sampling Soils ver3","S2018VA071009","18N06026","A",0,7,,
"42102ce6-a851-4680-922a-e965a161d225","MLBS_064.basePlot.all","D07","MLBS","MLBS_064","1283193","2018-05-14","Field Book for Describing and Sampling Soils ver3","S2018VA071064","6492367","Oe",0,3,,
"ba25a4a2-e1ed-4082-b266-f3555ee6a33e","MLBS_064.basePlot.all","D07","MLBS","MLBS_064","1283193","2018-05-14","Field Book for Describing and Sampling Soils ver3","S2018VA071064","18N06006","Bw",20,94,,
"7c75286e-fcb9-43cb-96b4-0d0176dbc260","MLBS_009.basePlot.all","D07","MLBS","MLBS_009","1283199","2018-05-14","Field Book for Describing and Sampling Soils ver3","S2018VA071009","18N06027","BA",7,12,,
"5fa75911-6add-421b-951b-1075641cf6d9","MLBS_009.basePlot.all","D07","MLBS","MLBS_009","1283199","2018-05-14","Field Book for Describing and Sampling Soils ver3","S2018VA071009","18N06028","Bt1",12,42,,
"aea7b3cf-deba-4a96-a8be-8eea2173ac66","MLBS_064.basePlot.all","D07","MLBS","MLBS_064","1283193","2018-05-14","Field Book for Describing and Sampling Soils ver3","S2018VA071064","18N06005","AB",11,20,,
"2cd70c83-5b38-4cac-b817-507071a0d44b","MLBS_009.basePlot.all","D07","MLBS","MLBS_009","1283199","2018-05-14","Field Book for Describing and Sampling Soils ver3","S2018VA071009","18N06030","Bt3",85,100,,
"9783dcc1-4219-43ca-a26d-9739de7715ba","MLBS_064.basePlot.all","D07","MLBS","MLBS_064","1283193","2018-05-14","Field Book for Describing and Sampling Soils ver3","S2018VA071064","6492368","Oa",3,8,,
"da87c261-cfb4-4df9-99c5-3d6343fcd1e3","MLBS_009.basePlot.all","D07","MLBS","MLBS_009","1283199","2018-05-14","Field Book for Describing and Sampling Soils ver3","S2018VA071009","18N06029","Bt2",42,85,,
"65d36790-80b8-41a1-919d-0c0212f0e6bb","MLBS_030.basePlot.all","D07","MLBS","MLBS_030","1283201","2018-05-15","Field Book for Describing and Sampling Soils ver3","S2018VA071030","18N06020","Oe",0,2,,
"fa3341f2-2006-47c5-a1f0-8526e15cc2b2","MLBS_013.basePlot.all","D07","MLBS","MLBS_013","1283195","2018-05-15","Field Book for Describing and Sampling Soils ver3","S2018VA071013","18N06008","Bw1",11,27,,
"5962bb29-041c-4141-b0b8-640b6d55c7fb","MLBS_030.basePlot.all","D07","MLBS","MLBS_030","1283201","2018-05-15","Field Book for Describing and Sampling Soils ver3","S2018VA071030","18N06024","Bt2",37,53,,
"a995736b-afb0-4e57-a5b4-2449edbd2f1b","MLBS_013.basePlot.all","D07","MLBS","MLBS_013","1283195","2018-05-15","Field Book for Describing and Sampling Soils ver3","S2018VA071013","6492380","R",40,65,,
"31fdd247-82d8-48c0-8f65-353c5c23abbd","MLBS_030.basePlot.all","D07","MLBS","MLBS_030","1283201","2018-05-15","Field Book for Describing and Sampling Soils ver3","S2018VA071030","18N06025","Bt3",53,100,,
"c0c37c46-2fd3-446a-b3d7-6ac45ccaf166","MLBS_030.basePlot.all","D07","MLBS","MLBS_030","1283201","2018-05-15","Field Book for Describing and Sampling Soils ver3","S2018VA071030","18N06021","Ap1",2,11,,
"08cef00f-d9e5-4664-81a5-186fd87dc7fb","MLBS_013.basePlot.all","D07","MLBS","MLBS_013","1283195","2018-05-15","Field Book for Describing and Sampling Soils ver3","S2018VA071013","6492376","Oa",1,2,,
"dd32399a-1ca7-4c3f-860a-705a5d17b73e","MLBS_014.basePlot.all","D07","MLBS","MLBS_014","1283198","2018-05-15","Field Book for Describing and Sampling Soils ver3","S2018VA071014","18N06036","A",1,6,,
"1a618328-ea23-46cb-b5c7-7da4f6395c3c","MLBS_014.basePlot.all","D07","MLBS","MLBS_014","1283198","2018-05-15","Field Book for Describing and Sampling Soils ver3","S2018VA071014","18N06035","Oe",0,1,,
"14e51ac9-8714-46f3-ae5b-e3c6cb5990fd","MLBS_014.basePlot.all","D07","MLBS","MLBS_014","1283198","2018-05-15","Field Book for Describing and Sampling Soils ver3","S2018VA071014","18N06039","Bt2",36,69,,
"403b390c-d54d-4b3b-990d-90203e859676","MLBS_030.basePlot.all","D07","MLBS","MLBS_030","1283201","2018-05-15","Field Book for Describing and Sampling Soils ver3","S2018VA071030","18N06022","Ap2",11,20,,
"37c3f2c3-030a-43eb-96cb-033fac029656","MLBS_006.basePlot.all","D07","MLBS","MLBS_006","1283194","2018-05-15","Field Book for Describing and Sampling Soils ver3","S2018VA071006","18N06011","Bw",19,30,,
"54ec4574-3ce6-482c-9e0e-aa31bf0be848","MLBS_006.basePlot.all","D07","MLBS","MLBS_006","1283194","2018-05-15","Field Book for Describing and Sampling Soils ver3","S2018VA071006","18N06012","Bwg",30,48,"This site was somewhat poorly drained. A water table was encountered at 48cm and the hole could not be described beyond 48cm due to water filling the pit.",
"24c5de94-a254-4cbe-9a66-a3111b425b6b","MLBS_013.basePlot.all","D07","MLBS","MLBS_013","1283195","2018-05-15","Field Book for Describing and Sampling Soils ver3","S2018VA071013","18N06007","A",2,11,,
"f9b5ac7b-6cc5-4725-bda7-4997255470d6","MLBS_006.basePlot.all","D07","MLBS","MLBS_006","1283194","2018-05-15","Field Book for Describing and Sampling Soils ver3","S2018VA071006","18N06010","A",0,19,,
"3ea2c680-55ca-49f7-afba-21d7d2ac462a","MLBS_014.basePlot.all","D07","MLBS","MLBS_014","1283198","2018-05-15","Field Book for Describing and Sampling Soils ver3","S2018VA071014","18N06038","Bt1",19,36,,
"7c480f0e-5d3b-447f-b944-08edc5191887","MLBS_014.basePlot.all","D07","MLBS","MLBS_014","1283198","2018-05-15","Field Book for Describing and Sampling Soils ver3","S2018VA071014","18N06040","Bt3",69,100,,
"14c2fbf2-22d8-4d0c-bba8-2ce39020e82e","MLBS_014.basePlot.all","D07","MLBS","MLBS_014","1283198","2018-05-15","Field Book for Describing and Sampling Soils ver3","S2018VA071014","18N06037","BA",6,19,,
"dc83bd15-38b4-45b5-a99a-28bc7bee3a03","MLBS_013.basePlot.all","D07","MLBS","MLBS_013","1283195","2018-05-15","Field Book for Describing and Sampling Soils ver3","S2018VA071013","18N06009","Bw2",27,40,,
"5684a659-cc65-4ac2-aabf-e3ab6b06b9d8","MLBS_013.basePlot.all","D07","MLBS","MLBS_013","1283195","2018-05-15","Field Book for Describing and Sampling Soils ver3","S2018VA071013","6492375","Oi",0,1,,
"2a78f9ea-8d0f-4351-bbcd-2172fa73c04a","MLBS_030.basePlot.all","D07","MLBS","MLBS_030","1283201","2018-05-15","Field Book for Describing and Sampling Soils ver3","S2018VA071030","18N06023","Bt1",20,37,,
"cc2e316b-b51c-4d64-8f92-92cad3def42f","MLBS_001.basePlot.all","D07","MLBS","MLBS_001","1283200","2018-05-16","Field Book for Describing and Sampling Soils ver3","S2018VA071001","18N06033","Bw1",30,50,,
"067fa7ee-e9cb-4bb5-b95d-f71833073a21","MLBS_004.basePlot.all","D07","MLBS","MLBS_004","1283197","2018-05-16","Field Book for Describing and Sampling Soils ver3","S2018VA071004","6492393","R",72,97,"Indurated sandtone bedrock (R) at 72cm.",
"30e6f23b-6280-4aa5-9da9-b108aed3d687","MLBS_001.basePlot.all","D07","MLBS","MLBS_001","1283200","2018-05-16","Field Book for Describing and Sampling Soils ver3","S2018VA071001","18N06031","A",0,10,,
"833fc304-f3ab-4947-a183-f30e8904e12a","MLBS_004.basePlot.all","D07","MLBS","MLBS_004","1283197","2018-05-16","Field Book for Describing and Sampling Soils ver3","S2018VA071004","18N06017","BA",13,27,,
"3628f5e4-a664-4868-85f8-6ee7ee6daaab","MLBS_004.basePlot.all","D07","MLBS","MLBS_004","1283197","2018-05-16","Field Book for Describing and Sampling Soils ver3","S2018VA071004","18N06016","A",2,13,,
"7d4d2935-9bac-4e20-9a5d-bcb7cd9bdb62","MLBS_004.basePlot.all","D07","MLBS","MLBS_004","1283197","2018-05-16","Field Book for Describing and Sampling Soils ver3","S2018VA071004","18N06019","Bt2",44,72,,
"0a6ea665-2025-468a-b8f0-5e2d6b00501d","MLBS_001.basePlot.all","D07","MLBS","MLBS_001","1283200","2018-05-16","Field Book for Describing and Sampling Soils ver3","S2018VA071001","18N06032","BA",10,30,,
"26dbb00b-6c2a-408a-b70d-89c57777af77","MLBS_004.basePlot.all","D07","MLBS","MLBS_004","1283197","2018-05-16","Field Book for Describing and Sampling Soils ver3","S2018VA071004","6492387","Oi",0,1,,
"39c038ef-5a82-4f66-8ac0-7ebc33fab0a1","MLBS_004.basePlot.all","D07","MLBS","MLBS_004","1283197","2018-05-16","Field Book for Describing and Sampling Soils ver3","S2018VA071004","6492388","Oa",1,2,,
"509cc7bb-f694-45e7-b140-ebf145275d63","MLBS_001.basePlot.all","D07","MLBS","MLBS_001","1283200","2018-05-16","Field Book for Describing and Sampling Soils ver3","S2018VA071001","18N06034","Bw2",50,65,,
"4b504fd6-087f-4e99-8e05-973ae5cd9d76","MLBS_004.basePlot.all","D07","MLBS","MLBS_004","1283197","2018-05-16","Field Book for Describing and Sampling Soils ver3","S2018VA071004","18N06018","Bt1",27,44,"Fragment and root content prohibited the samping team from sampling clods.",
"ed4e2d36-8a31-4bc5-b28c-a93ee1929019","MLBS_019.basePlot.all","D07","MLBS","MLBS_019","1283196","2018-05-18","Field Book for Describing and Sampling Soils ver3","S2018VA071019","18N06015","Bt",26,61,,
"b29e44da-9c6a-44c1-bc07-bcfde8c749c5","MLBS_019.basePlot.all","D07","MLBS","MLBS_019","1283196","2018-05-18","Field Book for Describing and Sampling Soils ver3","S2018VA071019","18N06013","A",4,9,,
"d652b82c-4cdc-4708-8d3f-dae904201925","MLBS_019.basePlot.all","D07","MLBS","MLBS_019","1283196","2018-05-18","Field Book for Describing and Sampling Soils ver3","S2018VA071019","18N06014","BA",9,26,,
"64851627-938f-45f5-be87-ac978280169c","MLBS_019.basePlot.all","D07","MLBS","MLBS_019","1283196","2018-05-18","Field Book for Describing and Sampling Soils ver3","S2018VA071019","6492386","R",61,86,"Indurated sandstone bedrock at 61cm.",
"066bd3f4-3930-4a88-990b-e08a89a83747","MLBS_019.basePlot.all","D07","MLBS","MLBS_019","1283196","2018-05-18","Field Book for Describing and Sampling Soils ver3","S2018VA071019","6492382","Oa",2,4,,
"15f2b5da-b320-4076-b7c7-f61b71e20898","MLBS_019.basePlot.all","D07","MLBS","MLBS_019","1283196","2018-05-18","Field Book for Describing and Sampling Soils ver3","S2018VA071019","6492381","Oi",0,2,,
