uid,domainID,siteID,plotID,namedLocation,plotType,nlcdClass,geodeticDatum,decimalLatitude,decimalLongitude,coordinateUncertainty,elevation,elevationUncertainty,collectDate,referenceCorner,sampleDistance,sampleBearing,pitID,testProtocolVersion,soilSamplingMethod,sampleRelativeLocation,pitDepth,recordedByA,soilProfileDescriberA,soilProfileDescriberInst,nrcsDescriptionID,soilSeries,soilFamily,soilSubgroup,soilGreatGroup,soilSuborder,soilOrder,remarks,dataQF
"e12bdd97-31d8-4523-be1e-5ed4d184e277","D07","MLBS","MLBS_061","MLBS_061.basePlot.all","tower","deciduousForest","WGS84",37.376631,-80.519800,20.1,1169.0,0.2,"2018-05-08","SW40",0.8,80,"1283192","Field Book for Describing and Sampling Soils ver3","soil core","center of pit",91,"tEQx/AIpjPDHru2CaiG0wY4mwGPcq6xP","eexGJQG0v9t3Zt+vx/f6/Q==","Natural Resource Conservation Service","S2018VA071061","Series Not Designated","Fine-loamy, mesic Fluvaquentic Dystrudepts","fluvaquentic dystrudepts","dystrudepts","udepts","inceptisols",,
"094bb80f-ae1e-41d5-a1b7-8dd0974ff18b","D07","MLBS","MLBS_064","MLBS_064.basePlot.all","tower","deciduousForest","WGS84",37.375560,-80.520200,20.3,1179.4,0.3,"2018-05-14","SW40",1.1,270,"1283193","Field Book for Describing and Sampling Soils ver3","soil core","center of pit",94,"tEQx/AIpjPDHru2CaiG0wY4mwGPcq6xP","eexGJQG0v9t3Zt+vx/f6/Q==","Natural Resource Conservation Service","S2018VA071064","Series Not Designated","Fine-loamy, mesic Typic Dystrudepts","typic dystrudepts","dystrudepts","udepts","inceptisols",,
"58b6e720-a792-433b-93c5-4c41ce1ae48a","D07","MLBS","MLBS_009","MLBS_009.basePlot.all","distributed","deciduousForest","WGS84",37.374434,-80.518487,20.2,1177.6,0.2,"2018-05-14","SW40",0.7,89,"1283199","Field Book for Describing and Sampling Soils ver3","soil pit","center of pit",100,"v+EsfoE1jz7iS9pY+fRUwQ==","ettCtgcPs30Rr7A+H7Nvbg==","Natural Resource Conservation Service","S2018VA071009","Series Not Designated","Fine-loamy, mesic Oxyaquic Hapludults","oxyaquic hapludults","hapludults","udults","ultisols",,
"df4fa3cc-a55e-451b-83c2-9da700768140","D07","MLBS","MLBS_014","MLBS_014.basePlot.all","distributed","deciduousForest","WGS84",37.417102,-80.557337,20.2,784.4,0.2,"2018-05-15","SW40",0.5,50,"1283198","Field Book for Describing and Sampling Soils ver3","soil pit","center of pit",100,"v+EsfoE1jz7iS9pY+fRUwQ==","ettCtgcPs30Rr7A+H7Nvbg==","Natural Resource Conservation Service","S2018VA071014","Grimsley","Loamy-skeletal, mesic Typic Hapludults","typic hapludults","hapludults","udults","ultisols",,
"e9e4e3f1-6d3b-4b94-ab11-10be1975b27d","D07","MLBS","MLBS_006","MLBS_006.basePlot.all","distributed","deciduousForest","WGS84",37.426799,-80.564064,20.1,777.0,0.2,"2018-05-15","SW40",0.8,72,"1283194","Field Book for Describing and Sampling Soils ver3","soil pit","center of pit",48,"tEQx/AIpjPDHru2CaiG0wY4mwGPcq6xP","eexGJQG0v9t3Zt+vx/f6/Q==","Natural Resource Conservation Service","S2018VA071006","Series Not Designated","Fine-loamy, mesic Udepts",,,"udepts","inceptisols",,
"f76bfad2-eb28-4672-ae03-621e60128d2d","D07","MLBS","MLBS_030","MLBS_030.basePlot.all","distributed","deciduousForest","WGS84",37.430103,-80.508172,20.2,894.1,0.3,"2018-05-15","NW40",1.0,135,"1283201","Field Book for Describing and Sampling Soils ver3","soil pit","centerof pit",100,"v+EsfoE1jz7iS9pY+fRUwQ==","v+EsfoE1jz7iS9pY+fRUwQ==","Natural Resource Conservation Service","S2018VA071030","Grimsley","Loamy-skeletal, mesic Typic Hapludults","typic hapludults","hapludults","udults","ultisols",,
"e10e08c8-9a89-4610-90cc-b38dc575dbfb","D07","MLBS","MLBS_013","MLBS_013.basePlot.all","distributed","deciduousForest","WGS84",37.432507,-80.559608,20.2,817.7,0.6,"2018-05-15","SW40",1.0,52,"1283195","Field Book for Describing and Sampling Soils ver3","soil pit","center of pit",65,"tEQx/AIpjPDHru2CaiG0wY4mwGPcq6xP","eexGJQG0v9t3Zt+vx/f6/Q==","Natural Resource Conservation Service","S2018VA071013","Series Not Designated","Fine-loamy, mesic Lithic Dystrudepts","lithic dystrudepts","dystrudepts","udepts","inceptisols",,
"d6381ab4-6a2b-4aad-904b-279d318674a4","D07","MLBS","MLBS_001","MLBS_001.basePlot.all","distributed","deciduousForest","WGS84",37.360700,-80.524992,20.2,1310.9,0.2,"2018-05-16","SW40",0.7,30,"1283200","Field Book for Describing and Sampling Soils ver3","soil pit","Center of pit",65,"v+EsfoE1jz7iS9pY+fRUwQ==","v+EsfoE1jz7iS9pY+fRUwQ==","Natural Resource Conservation Service","S2018VA071001","Hazleton","Loamy-skeletal, mesic Typic Dystrudepts","typic dystrudepts","dystrudepts","udepts","inceptisols",,
"b9623492-394d-4ba1-baba-c6573cac28bc","D07","MLBS","MLBS_004","MLBS_004.basePlot.all","distributed","deciduousForest","WGS84",37.429342,-80.511896,20.1,890.4,0.2,"2018-05-16","SW40",1.0,26,"1283197","Field Book for Describing and Sampling Soils ver3","soil pit","center of pit",97,"tEQx/AIpjPDHru2CaiG0wY4mwGPcq6xP","eexGJQG0v9t3Zt+vx/f6/Q==","Natural Resource Conservation Service","S2018VA071004","Series Not Desiganted","Loamy-skeletal, mesic Typic Hapludults","typic hapludults","hapludults","udults","ultisols",,
"172a68ac-1785-4481-a6cd-1b2ddc4d77d8","D07","MLBS","MLBS_019","MLBS_019.basePlot.all","distributed","deciduousForest","WGS84",37.424360,-80.551226,20.1,785.3,0.2,"2018-05-18","SW40",0.6,70,"1283196","Field Book for Describing and Sampling Soils ver3","soil pit","center of pit",86,"tEQx/AIpjPDHru2CaiG0wY4mwGPcq6xP","eexGJQG0v9t3Zt+vx/f6/Q==","Natural Resource Conservation Service","S2018VA071019","Series Not Designated","Fine-loamy, mesic Typic Hapludults","typic hapludults","hapludults","udults","ultisols",,
