uid,namedLocation,domainID,siteID,plotID,nrcsDescriptionID,collectDate,horizonID,horizonName,bulkDensProcessedDate,bulkDensMethodPub,bulkDensMethod,bulkDensIDnrcs,bulkDensSampleType,bulkDensCenterDepth,bulkDensTopDepth,bulkDensBottomDepth,bulkDensThirdBar,bulkDensOvenDry,bulkDensFieldMoist,waterRetentionThirdBar,fieldWaterContent,laboratoryName,remarks,dataQF
"989a54b0-709d-45c4-be11-9e17a4c8d007","MLBS_009.basePlot.all","D07","MLBS","MLBS_009","S2018VA071009","2018-05-14","18N06028","Bt1","2018-12-11","Kellogg Soil Survey Laboratory Methods Manual, Soil Survey Investigations Report No. 42 Version 5.0, Issued 2014","Bulk Density, Clods (3B1)","S2018VA071009-3.CLOD","clod",27.0,12.0,42.0,1.65,1.69,,14.1,,"USDA NRCS Kellogg Soil Survey Laboratory",,
"018bb055-f171-4fa5-8dd6-db2f45445089","MLBS_009.basePlot.all","D07","MLBS","MLBS_009","S2018VA071009","2018-05-14","18N06027","BA","2018-12-11","Kellogg Soil Survey Laboratory Methods Manual, Soil Survey Investigations Report No. 42 Version 5.0, Issued 2014","Bulk Density, Clods (3B1)","S2018VA071009-2.CLOD","clod",9.5,7.0,12.0,1.32,1.35,,19.0,,"USDA NRCS Kellogg Soil Survey Laboratory",,
"0abd50b4-46e0-4e3a-8b70-b0dfd249b072","MLBS_009.basePlot.all","D07","MLBS","MLBS_009","S2018VA071009","2018-05-14","18N06030","Bt3","2018-12-11","Kellogg Soil Survey Laboratory Methods Manual, Soil Survey Investigations Report No. 42 Version 5.0, Issued 2014","Bulk Density, Clods (3B1)","S2018VA071009-5.CLOD","clod",93.0,85.0,100.0,1.79,1.90,,15.7,,"USDA NRCS Kellogg Soil Survey Laboratory",,
"3f2061ec-80ec-4fa8-b206-e1c89d698256","MLBS_009.basePlot.all","D07","MLBS","MLBS_009","S2018VA071009","2018-05-14","18N06029","Bt2","2018-12-11","Kellogg Soil Survey Laboratory Methods Manual, Soil Survey Investigations Report No. 42 Version 5.0, Issued 2014","Bulk Density, Clods (3B1)","S2018VA071009-4.CLOD","clod",63.5,42.0,85.0,1.91,1.99,,13.2,,"USDA NRCS Kellogg Soil Survey Laboratory",,
"c07338da-fc4a-4357-8041-0bbf00ef7aab","MLBS_009.basePlot.all","D07","MLBS","MLBS_009","S2018VA071009","2018-05-14","18N06026","A","2018-11-15","Kellogg Soil Survey Laboratory Methods Manual, Soil Survey Investigations Report No. 42 Version 5.0, Issued 2014","Bulk Density, Compliant Cavity (3B3)","S2018VA071009-1.COMPLIANT CAVITY","compliant cavity",3.5,0.0,7.0,,,0.74,,86.2,"USDA NRCS Kellogg Soil Survey Laboratory",,
"37dabc9f-cc30-44ac-b0b0-6895bf8ffe83","MLBS_013.basePlot.all","D07","MLBS","MLBS_013","S2018VA071013","2018-05-15","18N06009","Bw2","2018-12-11","Kellogg Soil Survey Laboratory Methods Manual, Soil Survey Investigations Report No. 42 Version 5.0, Issued 2014","Bulk Density, Clods (3B1)","S2018VA071013-3.CLOD","clod",33.5,27.0,40.0,1.57,1.61,,17.2,,"USDA NRCS Kellogg Soil Survey Laboratory",,
"86646849-e05d-447d-a992-041db04d71c4","MLBS_030.basePlot.all","D07","MLBS","MLBS_030","S2018VA071030","2018-05-15","18N06020","Oe","2018-11-15","Kellogg Soil Survey Laboratory Methods Manual, Soil Survey Investigations Report No. 42 Version 5.0, Issued 2014","Bulk Density, Compliant Cavity (3B3)","S2018VA071030-1.COMPLIANT CAVITY","compliant cavity",1.0,0.0,2.0,,,0.13,,77.2,"USDA NRCS Kellogg Soil Survey Laboratory",,
"46d86245-55a4-463c-af10-998f91cdc5db","MLBS_006.basePlot.all","D07","MLBS","MLBS_006","S2018VA071006","2018-05-15","18N06012","Bwg2","2018-12-11","Kellogg Soil Survey Laboratory Methods Manual, Soil Survey Investigations Report No. 42 Version 5.0, Issued 2014","Bulk Density, Clods (3B1)","S2018VA071006-3.CLOD","clod",39.0,30.0,48.0,1.50,1.59,,21.8,,"USDA NRCS Kellogg Soil Survey Laboratory",,
"aedb22ab-3fe8-4dd7-91c5-d6d69115048c","MLBS_030.basePlot.all","D07","MLBS","MLBS_030","S2018VA071030","2018-05-15","18N06023","Bt1","2018-12-11","Kellogg Soil Survey Laboratory Methods Manual, Soil Survey Investigations Report No. 42 Version 5.0, Issued 2014","Bulk Density, Clods (3B1)","S2018VA071030-4.CLOD","clod",28.5,20.0,37.0,1.65,1.70,,16.0,,"USDA NRCS Kellogg Soil Survey Laboratory",,
"7aefb81e-bfb6-4722-bca4-aef32b7714d3","MLBS_030.basePlot.all","D07","MLBS","MLBS_030","S2018VA071030","2018-05-15","18N06021","Ap1","2018-11-15","Kellogg Soil Survey Laboratory Methods Manual, Soil Survey Investigations Report No. 42 Version 5.0, Issued 2014","Bulk Density, Compliant Cavity (3B3)","S2018VA071030-2.COMPLIANT CAVITY","compliant cavity",6.5,2.0,11.0,,,0.91,,47.8,"USDA NRCS Kellogg Soil Survey Laboratory",,
"b940ad6d-c985-4373-bc40-51947a9312aa","MLBS_030.basePlot.all","D07","MLBS","MLBS_030","S2018VA071030","2018-05-15","18N06024","Bt2","2018-12-11","Kellogg Soil Survey Laboratory Methods Manual, Soil Survey Investigations Report No. 42 Version 5.0, Issued 2014","Bulk Density, Clods (3B1)","S2018VA071030-5.CLOD","clod",45.0,37.0,53.0,1.70,1.76,,17.2,,"USDA NRCS Kellogg Soil Survey Laboratory",,
"d36956f1-51fc-42ac-a2b9-07e42de767b1","MLBS_014.basePlot.all","D07","MLBS","MLBS_014","S2018VA071014","2018-05-15","18N06035","O","2018-11-15","Kellogg Soil Survey Laboratory Methods Manual, Soil Survey Investigations Report No. 42 Version 5.0, Issued 2014","Bulk Density, Compliant Cavity (3B3)","S2018VA071014-1.COMPLIANT CAVITY","compliant cavity",0.5,0.0,1.0,,,0.16,,42.2,"USDA NRCS Kellogg Soil Survey Laboratory",,
"b484261a-8044-4454-a46a-e7f9b3ebe416","MLBS_030.basePlot.all","D07","MLBS","MLBS_030","S2018VA071030","2018-05-15","18N06022","Ap2","2018-12-11","Kellogg Soil Survey Laboratory Methods Manual, Soil Survey Investigations Report No. 42 Version 5.0, Issued 2014","Bulk Density, Clods (3B1)","S2018VA071030-3.CLOD","clod",15.5,11.0,20.0,1.40,1.45,,25.4,,"USDA NRCS Kellogg Soil Survey Laboratory",,
"bcbecd5c-2d64-4416-aecc-18dcbf05d952","MLBS_006.basePlot.all","D07","MLBS","MLBS_006","S2018VA071006","2018-05-15","18N06011","Bw1","2018-12-11","Kellogg Soil Survey Laboratory Methods Manual, Soil Survey Investigations Report No. 42 Version 5.0, Issued 2014","Bulk Density, Clods (3B1)","S2018VA071006-2.CLOD","clod",24.5,19.0,30.0,1.48,1.58,,24.2,,"USDA NRCS Kellogg Soil Survey Laboratory",,
"afad6d96-1f9e-448f-a0eb-9b743a438da9","MLBS_030.basePlot.all","D07","MLBS","MLBS_030","S2018VA071030","2018-05-15","18N06025","Bt3","2018-12-11","Kellogg Soil Survey Laboratory Methods Manual, Soil Survey Investigations Report No. 42 Version 5.0, Issued 2014","Bulk Density, Clods (3B1)","S2018VA071030-6.CLOD","clod",76.5,53.0,100.0,1.55,1.61,,23.5,,"USDA NRCS Kellogg Soil Survey Laboratory",,
"3f6c2c97-636f-497f-8a7b-cdca0c80909d","MLBS_006.basePlot.all","D07","MLBS","MLBS_006","S2018VA071006","2018-05-15","18N06010","A","2018-12-11","Kellogg Soil Survey Laboratory Methods Manual, Soil Survey Investigations Report No. 42 Version 5.0, Issued 2014","Bulk Density, Clods (3B1)","S2018VA071006-1.CLOD","clod",9.5,0.0,19.0,0.91,1.02,,28.1,,"USDA NRCS Kellogg Soil Survey Laboratory",,
"3cf6ecf6-e8e3-477d-9cf7-42cd67cf6ad9","MLBS_014.basePlot.all","D07","MLBS","MLBS_014","S2018VA071014","2018-05-15","18N06036","A","2018-11-15","Kellogg Soil Survey Laboratory Methods Manual, Soil Survey Investigations Report No. 42 Version 5.0, Issued 2014","Bulk Density, Compliant Cavity (3B3)","S2018VA071014-2.COMPLIANT CAVITY","compliant cavity",3.5,1.0,6.0,,,0.60,,63.5,"USDA NRCS Kellogg Soil Survey Laboratory",,
"d2d43c18-701b-440a-ae61-28d6d17283a6","MLBS_013.basePlot.all","D07","MLBS","MLBS_013","S2018VA071013","2018-05-15","18N06008","Bw1","2018-12-11","Kellogg Soil Survey Laboratory Methods Manual, Soil Survey Investigations Report No. 42 Version 5.0, Issued 2014","Bulk Density, Clods (3B1)","S2018VA071013-2.CLOD","clod",19.0,11.0,27.0,1.36,1.39,,22.8,,"USDA NRCS Kellogg Soil Survey Laboratory",,
"6d389ada-b687-4d29-9bae-5eb41c94edf0","MLBS_004.basePlot.all","D07","MLBS","MLBS_004","S2018VA071004","2018-05-16","18N06016","A","2018-12-11","Kellogg Soil Survey Laboratory Methods Manual, Soil Survey Investigations Report No. 42 Version 5.0, Issued 2014","Bulk Density, Clods (3B1)","S2018VA071004-1.CLOD","clod",7.5,2.0,13.0,0.81,0.93,,39.8,,"USDA NRCS Kellogg Soil Survey Laboratory",,
"96de564b-4b6a-431d-bf69-d652d5a75e01","MLBS_004.basePlot.all","D07","MLBS","MLBS_004","S2018VA071004","2018-05-16","18N06017","BA","2018-12-11","Kellogg Soil Survey Laboratory Methods Manual, Soil Survey Investigations Report No. 42 Version 5.0, Issued 2014","Bulk Density, Clods (3B1)","S2018VA071004-2.CLOD","clod",20.0,13.0,27.0,1.28,1.32,,21.6,,"USDA NRCS Kellogg Soil Survey Laboratory",,
"d178a021-91df-4999-a076-5e6c78e6c4ea","MLBS_004.basePlot.all","D07","MLBS","MLBS_004","S2018VA071004","2018-05-16","18N06018","Bt1","2018-12-11","Kellogg Soil Survey Laboratory Methods Manual, Soil Survey Investigations Report No. 42 Version 5.0, Issued 2014","Bulk Density, Clods (3B1)","S2018VA071004-3.CLOD","clod",35.5,27.0,44.0,1.65,1.69,,13.3,,"USDA NRCS Kellogg Soil Survey Laboratory",,
"6fb44fb9-4651-4847-9410-c15e5cb6d383","MLBS_004.basePlot.all","D07","MLBS","MLBS_004","S2018VA071004","2018-05-16","18N06019","Bt2","2018-12-11","Kellogg Soil Survey Laboratory Methods Manual, Soil Survey Investigations Report No. 42 Version 5.0, Issued 2014","Bulk Density, Clods (3B1)","S2018VA071004-4.CLOD","clod",58.0,44.0,72.0,1.76,1.82,,12.7,,"USDA NRCS Kellogg Soil Survey Laboratory",,
"ad55b4b2-c8f9-4f9a-89f9-e006082a82c1","MLBS_019.basePlot.all","D07","MLBS","MLBS_019","S2018VA071019","2018-05-18","18N06014","BA","2018-12-11","Kellogg Soil Survey Laboratory Methods Manual, Soil Survey Investigations Report No. 42 Version 5.0, Issued 2014","Bulk Density, Clods (3B1)","S2018VA071019-2.CLOD","clod",17.5,9.0,26.0,1.23,1.28,,27.0,,"USDA NRCS Kellogg Soil Survey Laboratory",,
"2288a628-d003-40c3-bea7-3f5cf6578abd","MLBS_019.basePlot.all","D07","MLBS","MLBS_019","S2018VA071019","2018-05-18","18N06015","Bt","2018-12-11","Kellogg Soil Survey Laboratory Methods Manual, Soil Survey Investigations Report No. 42 Version 5.0, Issued 2014","Bulk Density, Clods (3B1)","S2018VA071019-3.CLOD","clod",43.5,26.0,61.0,1.41,1.51,,18.8,,"USDA NRCS Kellogg Soil Survey Laboratory",,
