uid,namedLocation,domainID,siteID,plotID,pitID,collectDate,testProtocolVersion,nrcsDescriptionID,horizonID,horizonName,horizonTopDepth,horizonBottomDepth,remarks,dataQF
"6428c8ba-1aaa-4ab5-b176-22a16d2b50c0","RMNP_004.basePlot.all","D10","RMNP","RMNP_004","1235965","2017-08-14","Field Book for Describing and Sampling Soils ver3","S2017CO013010","18N01430","E",8,36,,
"4e7e6d66-ea8f-4090-89f2-84961dccc0a0","RMNP_004.basePlot.all","D10","RMNP","RMNP_004","1235965","2017-08-14","Field Book for Describing and Sampling Soils ver3","S2017CO013010","18N01432","Bt2",50,80,,
"5908793d-553b-4bb5-9a39-71e762e50159","RMNP_030.basePlot.all","D10","RMNP","RMNP_030","1235964","2017-08-14","Field Book for Describing and Sampling Soils ver3","S2017CO013008","18N01422","A2",7,18,,
"3b4ec6b5-bf82-4655-9ba5-c46129ea5c85","RMNP_030.basePlot.all","D10","RMNP","RMNP_030","1235964","2017-08-14","Field Book for Describing and Sampling Soils ver3","S2017CO013008","6189757","R",49,200,,
"c6b04d1c-a882-4385-b295-e4def61842bc","RMNP_030.basePlot.all","D10","RMNP","RMNP_030","1235964","2017-08-14","Field Book for Describing and Sampling Soils ver3","S2017CO013008","18N01424","Bt",29,49,,
"0fc6f9fd-74a3-4cfb-8ee3-1016ed3f744c","RMNP_016.basePlot.all","D10","RMNP","RMNP_016","1235977","2017-08-14","Field Book for Describing and Sampling Soils ver3","S2017CO013009","18N01425","Oe",0,6,,
"e04f84d0-c0c8-4470-860f-aa6821b1c86b","RMNP_030.basePlot.all","D10","RMNP","RMNP_030","1235964","2017-08-14","Field Book for Describing and Sampling Soils ver3","S2017CO013008","18N01420","Oi",0,2,,
"a31f0521-fde3-4d90-86e0-00ac407a9e34","RMNP_016.basePlot.all","D10","RMNP","RMNP_016","1235977","2017-08-14","Field Book for Describing and Sampling Soils ver3","S2017CO013009","18N01428","C2",33,43,,
"a766ff72-000b-4f30-aab4-253b8a20d585","RMNP_016.basePlot.all","D10","RMNP","RMNP_016","1235977","2017-08-14","Field Book for Describing and Sampling Soils ver3","S2017CO013009","18N01426","Bw",6,15,,
"4b0a1b50-8d87-4c7d-8790-49bd5a2f0cbd","RMNP_030.basePlot.all","D10","RMNP","RMNP_030","1235964","2017-08-14","Field Book for Describing and Sampling Soils ver3","S2017CO013008","18N01421","A1",2,7,,
"e77edb02-4aed-4f68-9c99-d34d7ff98b7b","RMNP_016.basePlot.all","D10","RMNP","RMNP_016","1235977","2017-08-14","Field Book for Describing and Sampling Soils ver3","S2017CO013009","18N01427","C1",15,33,,
"d7b548de-3a33-4c70-9721-724d7e3fc46c","RMNP_004.basePlot.all","D10","RMNP","RMNP_004","1235965","2017-08-14","Field Book for Describing and Sampling Soils ver3","S2017CO013010","18N01429","Oe",0,8,,
"ac3ecadd-5cf0-43a7-8857-7ddc10ab4cd8","RMNP_004.basePlot.all","D10","RMNP","RMNP_004","1235965","2017-08-14","Field Book for Describing and Sampling Soils ver3","S2017CO013010","18N01431","Bt1",36,50,,
"6b995783-dc71-4cff-85b8-943389371b50","RMNP_016.basePlot.all","D10","RMNP","RMNP_016","1235977","2017-08-14","Field Book for Describing and Sampling Soils ver3","S2017CO013009","6189820","R",43,200,,
"6796b1d9-1e03-4f46-a53b-2a2cf163204d","RMNP_030.basePlot.all","D10","RMNP","RMNP_030","1235964","2017-08-14","Field Book for Describing and Sampling Soils ver3","S2017CO013008","18N01423","BAt",18,29,,
"8e007a7c-5668-4f91-82c9-dcaf2e9f27ff","RMNP_003.basePlot.all","D10","RMNP","RMNP_003","1235966","2017-08-15","Field Book for Describing and Sampling Soils ver3","S2017CO013011","6189766","R",49,200,,
"280f7f28-5f2e-485c-829a-5fe9d5cf7949","RMNP_003.basePlot.all","D10","RMNP","RMNP_003","1235966","2017-08-15","Field Book for Describing and Sampling Soils ver3","S2017CO013011","18N01434","Bw1",12,26,,
"da7526dd-93d2-42da-b6f6-a800e1d36a66","RMNP_003.basePlot.all","D10","RMNP","RMNP_003","1235966","2017-08-15","Field Book for Describing and Sampling Soils ver3","S2017CO013011","18N01435","Bw2",26,49,,
"4cb5b0e7-b241-437d-8f46-c5c57427ed57","RMNP_019.basePlot.all","D10","RMNP","RMNP_019","1235968","2017-08-15","Field Book for Describing and Sampling Soils ver3","S2017CO013013","18N01438","Oe",0,5,,
"f47a5715-8b42-43f7-a467-ff698bd51b34","RMNP_019.basePlot.all","D10","RMNP","RMNP_019","1235968","2017-08-15","Field Book for Describing and Sampling Soils ver3","S2017CO013013","18N01440","Bt",18,28,,
"71a15a3c-f177-4715-8a03-704e3e023a85","RMNP_017.basePlot.all","D10","RMNP","RMNP_017","1235967","2017-08-15","Field Book for Describing and Sampling Soils ver3","S2017CO013012","6189769","R",17,200,,
"24febc9f-cf4c-40ea-bda1-de2e66bfa6fb","RMNP_017.basePlot.all","D10","RMNP","RMNP_017","1235967","2017-08-15","Field Book for Describing and Sampling Soils ver3","S2017CO013012","18N01436","Oe",0,3,,
"067f583b-638b-464c-aed3-23660e855a60","RMNP_019.basePlot.all","D10","RMNP","RMNP_019","1235968","2017-08-15","Field Book for Describing and Sampling Soils ver3","S2017CO013013","6189774","R",48,200,,
"74c81149-f144-4de6-b3f1-e244070e35a1","RMNP_019.basePlot.all","D10","RMNP","RMNP_019","1235968","2017-08-15","Field Book for Describing and Sampling Soils ver3","S2017CO013013","18N01439","E",5,18,,
"894b1653-7ed9-41e7-a1c3-9f69bc70d80e","RMNP_019.basePlot.all","D10","RMNP","RMNP_019","1235968","2017-08-15","Field Book for Describing and Sampling Soils ver3","S2017CO013013","18N01441","CBt",28,48,,
"e1d2917d-7391-43f4-ac02-6c6781277f9a","RMNP_017.basePlot.all","D10","RMNP","RMNP_017","1235967","2017-08-15","Field Book for Describing and Sampling Soils ver3","S2017CO013012","18N01437","Bw",3,17,,
"18ddab21-4e56-43b3-bf06-4c02b0fef939","RMNP_003.basePlot.all","D10","RMNP","RMNP_003","1235966","2017-08-15","Field Book for Describing and Sampling Soils ver3","S2017CO013011","18N01433","E",2,12,,
"43c7d29c-f4e8-4c9f-8106-3b90addb2f71","RMNP_003.basePlot.all","D10","RMNP","RMNP_003","1235966","2017-08-15","Field Book for Describing and Sampling Soils ver3","S2017CO013011","6189762","Oe",0,2,,
"ae64ca5a-bfdb-4157-aa0a-14950f1bcb2d","RMNP_020.basePlot.all","D10","RMNP","RMNP_020","1235969","2017-08-16","Field Book for Describing and Sampling Soils ver3","S2017CO013014","18N01445","BCt",60,79,,
"ae318454-f785-49eb-abf6-2a08df6691a9","RMNP_002.basePlot.all","D10","RMNP","RMNP_002","1235970","2017-08-16","Field Book for Describing and Sampling Soils ver3","S2017CO013015","18N01448","E2",30,70,,
"6537356d-a5f2-4395-be57-c6bf3967e117","RMNP_002.basePlot.all","D10","RMNP","RMNP_002","1235970","2017-08-16","Field Book for Describing and Sampling Soils ver3","S2017CO013015","18N01446","Oi",0,5,,
"6d89d127-3438-469c-9cea-b62965d6e79c","RMNP_020.basePlot.all","D10","RMNP","RMNP_020","1235969","2017-08-16","Field Book for Describing and Sampling Soils ver3","S2017CO013014","18N01444","Bt",30,60,,
"c40a2afc-fca1-4b87-81ac-bb8c1338edc1","RMNP_014.basePlot.all","D10","RMNP","RMNP_014","1235971","2017-08-16","Field Book for Describing and Sampling Soils ver3","S2017CO013016","18N01453","Bt2",72,110,,
"6f9f426e-97b6-4a0e-a496-856cfc8d5676","RMNP_020.basePlot.all","D10","RMNP","RMNP_020","1235969","2017-08-16","Field Book for Describing and Sampling Soils ver3","S2017CO013014","6189775","Oi",0,4,,
"78328fe2-9d8c-4e83-8c05-ef40c17a9146","RMNP_002.basePlot.all","D10","RMNP","RMNP_002","1235970","2017-08-16","Field Book for Describing and Sampling Soils ver3","S2017CO013015","18N01449","Bt",70,103,,
"5ffdf3e2-f9d0-471e-aada-c678186c5d45","RMNP_020.basePlot.all","D10","RMNP","RMNP_020","1235969","2017-08-16","Field Book for Describing and Sampling Soils ver3","S2017CO013014","6189780","C",79,120,,
"7b4aa5f2-1686-4e2d-91e3-52dfa57ed714","RMNP_002.basePlot.all","D10","RMNP","RMNP_002","1235970","2017-08-16","Field Book for Describing and Sampling Soils ver3","S2017CO013015","6189782","A",5,12,,
"1cde119f-ffa0-49c2-9dcb-a849d323bddf","RMNP_014.basePlot.all","D10","RMNP","RMNP_014","1235971","2017-08-16","Field Book for Describing and Sampling Soils ver3","S2017CO013016","18N01451","E",4,37,,
"5c5c85c2-9be8-412e-98fd-7a8d6fa4c226","RMNP_002.basePlot.all","D10","RMNP","RMNP_002","1235970","2017-08-16","Field Book for Describing and Sampling Soils ver3","S2017CO013015","18N01447","E1",12,30,,
"47075346-d26c-489a-8ce0-fdecc3115e5a","RMNP_014.basePlot.all","D10","RMNP","RMNP_014","1235971","2017-08-16","Field Book for Describing and Sampling Soils ver3","S2017CO013016","18N01450","Oi",0,4,,
"7597d5fa-6309-4c23-8945-3a79b4381448","RMNP_020.basePlot.all","D10","RMNP","RMNP_020","1235969","2017-08-16","Field Book for Describing and Sampling Soils ver3","S2017CO013014","18N01443","E",11,30,,
"94e3a817-d878-4719-832e-ea75fb03718f","RMNP_014.basePlot.all","D10","RMNP","RMNP_014","1235971","2017-08-16","Field Book for Describing and Sampling Soils ver3","S2017CO013016","18N01452","Bt1",37,72,,
"aadcaea0-6ed1-490c-80f4-15323286f2fe","RMNP_020.basePlot.all","D10","RMNP","RMNP_020","1235969","2017-08-16","Field Book for Describing and Sampling Soils ver3","S2017CO013014","18N01442","Oe",4,11,,
"04fdda7e-1088-412f-9750-546412822730","RMNP_024.basePlot.all","D10","RMNP","RMNP_024","1235972","2017-08-17","Field Book for Describing and Sampling Soils ver3","S2017CO013017","18N01454","Oe",0,5,,
"02177049-c27b-4c5b-9bc3-f8f2b4b654d5","RMNP_024.basePlot.all","D10","RMNP","RMNP_024","1235972","2017-08-17","Field Book for Describing and Sampling Soils ver3","S2017CO013017","18N01456","EBt",17,32,,
"a58d5aed-ede6-4e2e-b740-b53cb0c43b48","RMNP_018.basePlot.all","D10","RMNP","RMNP_018","1235973","2017-08-17","Field Book for Describing and Sampling Soils ver3","S2017CO013018","18N01459","Oe",0,5,,
"6ac92715-630c-4b74-9319-158f4841d8f9","RMNP_018.basePlot.all","D10","RMNP","RMNP_018","1235973","2017-08-17","Field Book for Describing and Sampling Soils ver3","S2017CO013018","18N01460","E",5,10,,
"fb407973-2f7a-4629-ab85-7e80b36c8250","RMNP_018.basePlot.all","D10","RMNP","RMNP_018","1235973","2017-08-17","Field Book for Describing and Sampling Soils ver3","S2017CO013018","18N01463","C",73,110,,
"de2f6715-70c8-4f96-a944-b1bd5bc7da57","RMNP_024.basePlot.all","D10","RMNP","RMNP_024","1235972","2017-08-17","Field Book for Describing and Sampling Soils ver3","S2017CO013017","18N01455","E",5,17,,
"62262261-690f-40e1-b6c8-c310ec8098a5","RMNP_018.basePlot.all","D10","RMNP","RMNP_018","1235973","2017-08-17","Field Book for Describing and Sampling Soils ver3","S2017CO013018","18N01461","Bt1",10,43,,
"80fcecb4-c37f-414e-aea0-91160833952a","RMNP_018.basePlot.all","D10","RMNP","RMNP_018","1235973","2017-08-17","Field Book for Describing and Sampling Soils ver3","S2017CO013018","18N01462","Bt2",43,73,,
"c02b5b1c-6ff5-427f-9553-2902d53b80d7","RMNP_006.basePlot.all","D10","RMNP","RMNP_006","1235974","2017-08-17","Field Book for Describing and Sampling Soils ver3","S2017CO013019","18N01464","E",10,32,,
"1a65e484-00ca-4b51-be03-5b749d8b4598","RMNP_006.basePlot.all","D10","RMNP","RMNP_006","1235974","2017-08-17","Field Book for Describing and Sampling Soils ver3","S2017CO013019","18N01467","Bt3",83,114,,
"6ccbff45-ca07-4f21-8c43-e0abf547e2f7","RMNP_006.basePlot.all","D10","RMNP","RMNP_006","1235974","2017-08-17","Field Book for Describing and Sampling Soils ver3","S2017CO013019","6189800","Oe",0,10,,
"98079a85-e749-434f-aeaf-6b836bd2e634","RMNP_024.basePlot.all","D10","RMNP","RMNP_024","1235972","2017-08-17","Field Book for Describing and Sampling Soils ver3","S2017CO013017","18N01457","Bt1",32,61,,
"dab9e797-7de6-4f9a-985e-ea02ed8fb845","RMNP_006.basePlot.all","D10","RMNP","RMNP_006","1235974","2017-08-17","Field Book for Describing and Sampling Soils ver3","S2017CO013019","18N01466","Bt2",52,83,,
"06a27254-0ea1-41c5-97ee-ff943f58d7ae","RMNP_006.basePlot.all","D10","RMNP","RMNP_006","1235974","2017-08-17","Field Book for Describing and Sampling Soils ver3","S2017CO013019","18N01465","Bt1",32,52,,
"ced35d79-5a2a-49a6-85b4-cc6522bf7241","RMNP_024.basePlot.all","D10","RMNP","RMNP_024","1235972","2017-08-17","Field Book for Describing and Sampling Soils ver3","S2017CO013017","18N01458","Bt2",61,110,,
"e1a9a97a-2f6d-420c-9022-da64c23717fb","RMNP_010.basePlot.all","D10","RMNP","RMNP_010","1235975","2017-08-18","Field Book for Describing and Sampling Soils ver3","S2017CO013020","18N01469","A",7,16,,
"badcafa3-b5e1-4f48-bdc7-8cdaa176433d","RMNP_026.basePlot.all","D10","RMNP","RMNP_026","1235976","2017-08-18","Field Book for Describing and Sampling Soils ver3","S2017CO013021","18N01475","C1",52,77,,
"80ec1513-7232-4abe-ba90-642bbb252139","RMNP_010.basePlot.all","D10","RMNP","RMNP_010","1235975","2017-08-18","Field Book for Describing and Sampling Soils ver3","S2017CO013020","18N01468","Oe",0,7,,
"47623658-0142-41e5-b69a-a8a91fd92203","RMNP_026.basePlot.all","D10","RMNP","RMNP_026","1235976","2017-08-18","Field Book for Describing and Sampling Soils ver3","S2017CO013021","6189814","C2",77,107,,
"6391fd95-6ddb-4363-93be-5758f410a06e","RMNP_026.basePlot.all","D10","RMNP","RMNP_026","1235976","2017-08-18","Field Book for Describing and Sampling Soils ver3","S2017CO013021","18N01472","Oi",0,9,,
"afad83a7-26e0-429d-9e28-71e558faefbf","RMNP_010.basePlot.all","D10","RMNP","RMNP_010","1235975","2017-08-18","Field Book for Describing and Sampling Soils ver3","S2017CO013020","6189809","R",70,200,,
"b2829847-1059-43a7-a58e-96180da55709","RMNP_010.basePlot.all","D10","RMNP","RMNP_010","1235975","2017-08-18","Field Book for Describing and Sampling Soils ver3","S2017CO013020","18N01471","Bw",33,70,,
"39358005-62a3-4f29-af7e-2b91adcd7bb9","RMNP_010.basePlot.all","D10","RMNP","RMNP_010","1235975","2017-08-18","Field Book for Describing and Sampling Soils ver3","S2017CO013020","18N01470","E",16,33,,
"17e0a257-d03d-41bf-b20a-c7adad32604b","RMNP_026.basePlot.all","D10","RMNP","RMNP_026","1235976","2017-08-18","Field Book for Describing and Sampling Soils ver3","S2017CO013021","18N01474","Bt",18,52,,
"4022dfad-9811-43a2-b633-d4216b37ec78","RMNP_026.basePlot.all","D10","RMNP","RMNP_026","1235976","2017-08-18","Field Book for Describing and Sampling Soils ver3","S2017CO013021","18N01473","E",9,18,,
