uid,namedLocation,domainID,siteID,plotID,nrcsDescriptionID,collectDate,horizonID,horizonName,biogeoIDnrcs,biogeoSampleType,biogeoTopDepth,biogeoBottomDepth,biogeoCenterDepth,particleSizeDistProcessedDate,particleSizeDistMethodPub,particleSizeDistMethod,coarseFrag2To5,coarseFrag5To20,sandTotal,siltTotal,clayTotal,carbonateClay,clayFineContent,siltFineContent,siltCoarseContent,sandVeryFineContent,sandFineContent,sandMediumContent,sandCoarseContent,sandVeryCoarseContent,laboratoryName,dataQF
"c00190bb-7360-4b6c-875c-619b69f3466d","RMNP_016.basePlot.all","D10","RMNP","RMNP_016","S2017CO013009","2017-08-14","18N01426","Bw","S2017CO013009-2","bulk",6.0,15.0,10.5,"2018-07-16","Kellogg Soil Survey Laboratory Methods Manual, Soil Survey Investigations Report No. 42 Version 5.0, Issued 2014","Routine Particle Size Distribution (3A1a1a)",147.2,151.9,65.9,27.0,7.1,,,16.0,11.0,5.4,9.1,14.5,19.4,17.5,"USDA NRCS Kellogg Soil Survey Laboratory",
"5c84573c-1e87-46b7-b1e7-5878e2dc45c4","RMNP_030.basePlot.all","D10","RMNP","RMNP_030","S2017CO013008","2017-08-14","18N01424","Bt","S2017CO013008-5","bulk",29.0,49.0,39.0,"2018-07-16","Kellogg Soil Survey Laboratory Methods Manual, Soil Survey Investigations Report No. 42 Version 5.0, Issued 2014","Routine Particle Size Distribution (3A1a1a)",225.6,78.7,64.0,25.5,10.5,,,14.4,11.1,6.9,9.9,9.8,17.6,19.8,"USDA NRCS Kellogg Soil Survey Laboratory",
"8190eb1c-c327-4e96-b5c6-188568fddd60","RMNP_030.basePlot.all","D10","RMNP","RMNP_030","S2017CO013008","2017-08-14","18N01421","A1","S2017CO013008-2","bulk",2.0,7.0,4.5,"2018-07-16","Kellogg Soil Survey Laboratory Methods Manual, Soil Survey Investigations Report No. 42 Version 5.0, Issued 2014","Routine Particle Size Distribution (3A1a1a)",132.7,81.5,69.9,22.2,7.9,,,11.6,10.6,5.8,8.8,14.3,20.9,20.1,"USDA NRCS Kellogg Soil Survey Laboratory",
"f3bc22ed-496d-44c9-b12e-800b595cc19d","RMNP_016.basePlot.all","D10","RMNP","RMNP_016","S2017CO013009","2017-08-14","18N01425","Oe","S2017CO013009-1","bulk",0.0,6.0,3.0,,,,104.7,98.1,,,,,,,,,,,,,"USDA NRCS Kellogg Soil Survey Laboratory",
"fa6121c2-7f70-4bef-bd85-fb51841ee9e4","RMNP_004.basePlot.all","D10","RMNP","RMNP_004","S2017CO013010","2017-08-14","18N01429","Oe","S2017CO013010-1","bulk",0.0,8.0,4.0,,,,8.6,0.0,,,,,,,,,,,,,"USDA NRCS Kellogg Soil Survey Laboratory",
"020b5f2a-48d0-45ee-94ea-95395ba522ab","RMNP_030.basePlot.all","D10","RMNP","RMNP_030","S2017CO013008","2017-08-14","18N01423","BAt","S2017CO013008-4","bulk",18.0,29.0,23.5,"2018-07-16","Kellogg Soil Survey Laboratory Methods Manual, Soil Survey Investigations Report No. 42 Version 5.0, Issued 2014","Routine Particle Size Distribution (3A1a1a)",211.9,109.4,68.2,23.7,8.1,,,13.7,10.0,6.0,10.1,13.5,19.1,19.5,"USDA NRCS Kellogg Soil Survey Laboratory",
"453dfbe7-1519-490e-880e-10515be742a8","RMNP_030.basePlot.all","D10","RMNP","RMNP_030","S2017CO013008","2017-08-14","18N01420","Oi","S2017CO013008-1","bulk",0.0,2.0,1.0,"2018-08-07","Kellogg Soil Survey Laboratory Methods Manual, Soil Survey Investigations Report No. 42 Version 5.0, Issued 2014","Routine Particle Size Distribution (3A1a1a)",94.6,11.2,69.1,21.9,9.0,,,13.3,8.6,6.3,11.0,17.0,20.7,14.1,"USDA NRCS Kellogg Soil Survey Laboratory",
"78444ba0-a0ec-44d5-9073-8b28b2e116da","RMNP_030.basePlot.all","D10","RMNP","RMNP_030","S2017CO013008","2017-08-14","18N01422","A2","S2017CO013008-3","bulk",7.0,18.0,12.5,"2018-07-16","Kellogg Soil Survey Laboratory Methods Manual, Soil Survey Investigations Report No. 42 Version 5.0, Issued 2014","Routine Particle Size Distribution (3A1a1a)",206.3,101.0,68.1,23.2,8.7,,,13.1,10.1,6.7,8.8,12.6,19.6,20.4,"USDA NRCS Kellogg Soil Survey Laboratory",
"ac3a4e3a-023e-4b92-ae4f-41e3ebc092af","RMNP_016.basePlot.all","D10","RMNP","RMNP_016","S2017CO013009","2017-08-14","18N01427","C1","S2017CO013009-3","bulk",15.0,33.0,24.0,"2018-07-16","Kellogg Soil Survey Laboratory Methods Manual, Soil Survey Investigations Report No. 42 Version 5.0, Issued 2014","Routine Particle Size Distribution (3A1a1a)",143.3,329.8,68.1,25.6,6.3,,,16.0,9.6,5.9,8.8,13.3,21.2,18.9,"USDA NRCS Kellogg Soil Survey Laboratory",
"8a5d0dc5-92f9-4e79-b4a3-5d1a5d7f5777","RMNP_004.basePlot.all","D10","RMNP","RMNP_004","S2017CO013010","2017-08-14","18N01431","Bt1","S2017CO013010-3","bulk",36.0,50.0,43.0,"2018-07-16","Kellogg Soil Survey Laboratory Methods Manual, Soil Survey Investigations Report No. 42 Version 5.0, Issued 2014","Routine Particle Size Distribution (3A1a1a)",216.5,297.2,66.8,22.2,11.0,,,11.4,10.8,6.6,8.5,11.2,18.2,22.3,"USDA NRCS Kellogg Soil Survey Laboratory",
"ca1cf5aa-c633-45a6-bbc9-2eed41ec9334","RMNP_004.basePlot.all","D10","RMNP","RMNP_004","S2017CO013010","2017-08-14","18N01432","Bt2","S2017CO013010-4","bulk",50.0,80.0,65.0,"2018-07-16","Kellogg Soil Survey Laboratory Methods Manual, Soil Survey Investigations Report No. 42 Version 5.0, Issued 2014","Routine Particle Size Distribution (3A1a1a)",268.1,393.0,75.2,15.4,9.4,,,8.8,6.6,5.1,6.3,13.0,24.5,26.3,"USDA NRCS Kellogg Soil Survey Laboratory",
"ea6e3795-4c8d-4d68-a11d-2721ede5a423","RMNP_004.basePlot.all","D10","RMNP","RMNP_004","S2017CO013010","2017-08-14","18N01430","E","S2017CO013010-2","bulk",8.0,36.0,22.0,"2018-07-16","Kellogg Soil Survey Laboratory Methods Manual, Soil Survey Investigations Report No. 42 Version 5.0, Issued 2014","Routine Particle Size Distribution (3A1a1a)",147.6,164.4,67.3,27.4,5.3,,,14.3,13.1,8.2,12.0,10.7,19.9,16.5,"USDA NRCS Kellogg Soil Survey Laboratory",
"4c2ee2b3-c370-4f65-b704-4afe1ccef3ad","RMNP_016.basePlot.all","D10","RMNP","RMNP_016","S2017CO013009","2017-08-14","18N01428","C2","S2017CO013009-4","bulk",33.0,43.0,38.0,"2018-07-16","Kellogg Soil Survey Laboratory Methods Manual, Soil Survey Investigations Report No. 42 Version 5.0, Issued 2014","Routine Particle Size Distribution (3A1a1a)",201.5,359.0,74.9,19.0,6.1,,,11.6,7.4,5.8,9.9,13.6,19.3,26.3,"USDA NRCS Kellogg Soil Survey Laboratory",
"6bb84f07-abe0-44f7-a822-c2ac8e611c48","RMNP_017.basePlot.all","D10","RMNP","RMNP_017","S2017CO013012","2017-08-15","18N01436","Oe","S2017CO013012-1","bulk",0.0,3.0,1.5,,,,44.6,31.4,,,,,,,,,,,,,"USDA NRCS Kellogg Soil Survey Laboratory",
"ffe47a15-c43b-4e2f-b7f8-24b94a090c16","RMNP_019.basePlot.all","D10","RMNP","RMNP_019","S2017CO013013","2017-08-15","18N01438","Oe","S2017CO013013-1","bulk",0.0,5.0,2.5,"2018-08-07","Kellogg Soil Survey Laboratory Methods Manual, Soil Survey Investigations Report No. 42 Version 5.0, Issued 2014","Routine Particle Size Distribution (3A1a1a)",89.4,23.4,82.8,11.8,5.4,,,8.1,3.7,2.1,5.5,6.5,33.6,35.1,"USDA NRCS Kellogg Soil Survey Laboratory",
"0b521e95-b420-4b1b-bd87-7c99fccee532","RMNP_017.basePlot.all","D10","RMNP","RMNP_017","S2017CO013012","2017-08-15","18N01437","Bw","S2017CO013012-2","bulk",3.0,17.0,10.0,"2018-07-03","Kellogg Soil Survey Laboratory Methods Manual, Soil Survey Investigations Report No. 42 Version 5.0, Issued 2014","Routine Particle Size Distribution (3A1a1a)",121.0,237.1,63.7,27.8,8.5,,,15.4,12.4,9.0,11.7,11.0,18.7,13.3,"USDA NRCS Kellogg Soil Survey Laboratory",
"28deb80d-f229-4deb-9114-75209a71b151","RMNP_003.basePlot.all","D10","RMNP","RMNP_003","S2017CO013011","2017-08-15","18N01433","E","S2017CO013011-2","bulk",2.0,12.0,7.0,"2018-07-16","Kellogg Soil Survey Laboratory Methods Manual, Soil Survey Investigations Report No. 42 Version 5.0, Issued 2014","Routine Particle Size Distribution (3A1a1a)",263.5,138.5,68.5,25.2,6.3,,,13.9,11.3,5.2,6.7,9.7,17.8,29.1,"USDA NRCS Kellogg Soil Survey Laboratory",
"77ad86ba-c39e-49b9-ac31-c0416aac2255","RMNP_003.basePlot.all","D10","RMNP","RMNP_003","S2017CO013011","2017-08-15","18N01435","Bw2","S2017CO013011-4","bulk",26.0,49.0,37.5,"2018-07-03","Kellogg Soil Survey Laboratory Methods Manual, Soil Survey Investigations Report No. 42 Version 5.0, Issued 2014","Routine Particle Size Distribution (3A1a1a)",235.9,227.9,76.9,17.2,5.9,,,9.6,7.6,6.2,10.1,13.1,18.7,28.8,"USDA NRCS Kellogg Soil Survey Laboratory",
"7ef14335-2563-4179-902d-08a2749ff165","RMNP_019.basePlot.all","D10","RMNP","RMNP_019","S2017CO013013","2017-08-15","18N01441","CBt","S2017CO013013-4","bulk",28.0,48.0,38.0,"2018-07-03","Kellogg Soil Survey Laboratory Methods Manual, Soil Survey Investigations Report No. 42 Version 5.0, Issued 2014","Routine Particle Size Distribution (3A1a1a)",347.1,254.1,70.3,13.5,16.2,,,8.8,4.7,4.8,8.5,11.6,20.4,25.0,"USDA NRCS Kellogg Soil Survey Laboratory",
"1e6f866c-1622-40f3-9adc-b03bae674b05","RMNP_019.basePlot.all","D10","RMNP","RMNP_019","S2017CO013013","2017-08-15","18N01439","E","S2017CO013013-2","bulk",5.0,18.0,11.5,"2018-07-03","Kellogg Soil Survey Laboratory Methods Manual, Soil Survey Investigations Report No. 42 Version 5.0, Issued 2014","Routine Particle Size Distribution (3A1a1a)",271.6,116.3,65.0,27.1,7.9,,,17.4,9.7,5.0,4.3,6.6,17.4,31.7,"USDA NRCS Kellogg Soil Survey Laboratory",
"15d05577-e9cd-4585-886a-3d848defb0cd","RMNP_003.basePlot.all","D10","RMNP","RMNP_003","S2017CO013011","2017-08-15","18N01434","Bw1","S2017CO013011-3","bulk",12.0,26.0,19.0,"2018-07-16","Kellogg Soil Survey Laboratory Methods Manual, Soil Survey Investigations Report No. 42 Version 5.0, Issued 2014","Routine Particle Size Distribution (3A1a1a)",280.6,206.4,74.4,18.5,7.1,,,9.5,9.0,4.9,7.2,9.4,23.9,29.0,"USDA NRCS Kellogg Soil Survey Laboratory",
"2fc4d872-fc6a-47d7-b23f-9aa8c2f49f36","RMNP_019.basePlot.all","D10","RMNP","RMNP_019","S2017CO013013","2017-08-15","18N01440","Bt","S2017CO013013-3","bulk",18.0,28.0,23.0,"2018-07-03","Kellogg Soil Survey Laboratory Methods Manual, Soil Survey Investigations Report No. 42 Version 5.0, Issued 2014","Routine Particle Size Distribution (3A1a1a)",270.7,51.1,69.0,17.3,13.7,,,11.5,5.8,6.0,6.8,10.2,19.3,26.7,"USDA NRCS Kellogg Soil Survey Laboratory",
"d3b96f78-fbf6-4649-b3f8-7de12f9dd60d","RMNP_020.basePlot.all","D10","RMNP","RMNP_020","S2017CO013014","2017-08-16","18N01444","Bt","S2017CO013014-4","bulk",30.0,60.0,45.0,"2018-07-03","Kellogg Soil Survey Laboratory Methods Manual, Soil Survey Investigations Report No. 42 Version 5.0, Issued 2014","Routine Particle Size Distribution (3A1a1a)",17.4,393.3,73.0,17.6,9.4,,,11.5,6.1,9.5,17.4,17.7,15.8,12.6,"USDA NRCS Kellogg Soil Survey Laboratory",
"ffbee41f-c6cb-44db-96c9-35cbc6fcc561","RMNP_002.basePlot.all","D10","RMNP","RMNP_002","S2017CO013015","2017-08-16","18N01449","Bt","S2017CO013015-5","bulk",70.0,103.0,86.5,"2018-07-03","Kellogg Soil Survey Laboratory Methods Manual, Soil Survey Investigations Report No. 42 Version 5.0, Issued 2014","Routine Particle Size Distribution (3A1a1a)",204.8,291.5,52.8,22.2,25.0,,,14.5,7.7,6.4,6.7,10.6,12.1,17.0,"USDA NRCS Kellogg Soil Survey Laboratory",
"b2fdb4bf-33c7-4992-98b7-07711509db84","RMNP_014.basePlot.all","D10","RMNP","RMNP_014","S2017CO013016","2017-08-16","18N01451","E","S2017CO013016-2","bulk",4.0,37.0,20.5,"2018-07-03","Kellogg Soil Survey Laboratory Methods Manual, Soil Survey Investigations Report No. 42 Version 5.0, Issued 2014","Routine Particle Size Distribution (3A1a1a)",144.8,136.8,57.2,36.5,6.3,,,21.6,14.9,7.6,7.9,13.2,16.6,11.9,"USDA NRCS Kellogg Soil Survey Laboratory",
"30a503a3-ec00-426e-8210-830118958ce4","RMNP_020.basePlot.all","D10","RMNP","RMNP_020","S2017CO013014","2017-08-16","18N01442","Oe","S2017CO013014-2","bulk",4.0,11.0,7.5,,,,113.2,20.4,,,,,,,,,,,,,"USDA NRCS Kellogg Soil Survey Laboratory",
"dc3c194d-6ed1-41a8-afab-a1c93a6a8197","RMNP_020.basePlot.all","D10","RMNP","RMNP_020","S2017CO013014","2017-08-16","18N01445","BCt","S2017CO013014-5","bulk",60.0,79.0,69.5,"2018-07-03","Kellogg Soil Survey Laboratory Methods Manual, Soil Survey Investigations Report No. 42 Version 5.0, Issued 2014","Routine Particle Size Distribution (3A1a1a)",136.5,389.9,71.9,19.0,9.1,,,10.8,8.2,11.5,18.3,16.9,17.1,8.1,"USDA NRCS Kellogg Soil Survey Laboratory",
"01bac78b-dca5-40e5-b321-a4383109b391","RMNP_014.basePlot.all","D10","RMNP","RMNP_014","S2017CO013016","2017-08-16","18N01450","Oi","S2017CO013016-1","bulk",0.0,4.0,2.0,"2018-08-07","Kellogg Soil Survey Laboratory Methods Manual, Soil Survey Investigations Report No. 42 Version 5.0, Issued 2014","Routine Particle Size Distribution (3A1a1a)",100.0,20.7,35.2,48.3,16.5,,,28.2,20.1,6.3,6.2,8.0,8.6,6.1,"USDA NRCS Kellogg Soil Survey Laboratory",
"667de656-46d2-429b-93b0-88929eecd894","RMNP_002.basePlot.all","D10","RMNP","RMNP_002","S2017CO013015","2017-08-16","18N01448","E2","S2017CO013015-4","bulk",30.0,70.0,50.0,"2018-07-03","Kellogg Soil Survey Laboratory Methods Manual, Soil Survey Investigations Report No. 42 Version 5.0, Issued 2014","Routine Particle Size Distribution (3A1a1a)",214.7,243.9,68.4,22.5,9.1,,,14.0,8.5,6.4,9.3,12.3,19.5,20.9,"USDA NRCS Kellogg Soil Survey Laboratory",
"6e006c96-4487-4bb2-8e13-46626b4936bd","RMNP_002.basePlot.all","D10","RMNP","RMNP_002","S2017CO013015","2017-08-16","18N01446","Oi","S2017CO013015-1","bulk",0.0,5.0,2.5,,,,155.4,292.3,,,,,,,,,,,,,"USDA NRCS Kellogg Soil Survey Laboratory",
"f2c0471a-d954-4fae-b097-44bbe543c611","RMNP_020.basePlot.all","D10","RMNP","RMNP_020","S2017CO013014","2017-08-16","18N01443","E","S2017CO013014-3","bulk",11.0,30.0,20.5,"2018-07-03","Kellogg Soil Survey Laboratory Methods Manual, Soil Survey Investigations Report No. 42 Version 5.0, Issued 2014","Routine Particle Size Distribution (3A1a1a)",132.6,114.5,74.0,20.8,5.2,,,13.1,7.7,9.3,16.6,15.2,19.0,13.9,"USDA NRCS Kellogg Soil Survey Laboratory",
"1df04de6-1b64-46eb-9892-6565f3d3d3dc","RMNP_014.basePlot.all","D10","RMNP","RMNP_014","S2017CO013016","2017-08-16","18N01453","Bt2","S2017CO013016-4","bulk",72.0,110.0,91.0,"2018-07-03","Kellogg Soil Survey Laboratory Methods Manual, Soil Survey Investigations Report No. 42 Version 5.0, Issued 2014","Routine Particle Size Distribution (3A1a1a)",234.8,168.4,66.4,23.3,10.3,,,13.2,10.1,5.3,7.6,10.2,19.4,23.9,"USDA NRCS Kellogg Soil Survey Laboratory",
"f1cd0f8b-382e-4804-83c3-3b05a40d39fd","RMNP_002.basePlot.all","D10","RMNP","RMNP_002","S2017CO013015","2017-08-16","18N01447","E1","S2017CO013015-3","bulk",12.0,30.0,21.0,"2018-07-03","Kellogg Soil Survey Laboratory Methods Manual, Soil Survey Investigations Report No. 42 Version 5.0, Issued 2014","Routine Particle Size Distribution (3A1a1a)",223.0,233.6,63.0,30.7,6.3,,,18.8,11.9,6.7,8.8,10.8,16.0,20.7,"USDA NRCS Kellogg Soil Survey Laboratory",
"110f4102-a6b0-4b08-8115-08fd621f66db","RMNP_014.basePlot.all","D10","RMNP","RMNP_014","S2017CO013016","2017-08-16","18N01452","Bt1","S2017CO013016-3","bulk",37.0,72.0,54.5,"2018-07-03","Kellogg Soil Survey Laboratory Methods Manual, Soil Survey Investigations Report No. 42 Version 5.0, Issued 2014","Routine Particle Size Distribution (3A1a1a)",171.1,200.8,69.1,23.4,7.5,,,13.4,10.0,6.7,10.2,15.7,20.8,15.7,"USDA NRCS Kellogg Soil Survey Laboratory",
"735c551e-acc6-4fce-920b-ecc0651341f5","RMNP_006.basePlot.all","D10","RMNP","RMNP_006","S2017CO013019","2017-08-17","18N01465","Bt1","S2017CO013019-3","bulk",32.0,52.0,42.0,"2018-07-16","Kellogg Soil Survey Laboratory Methods Manual, Soil Survey Investigations Report No. 42 Version 5.0, Issued 2014","Routine Particle Size Distribution (3A1a1a)",175.9,123.5,72.5,22.6,4.9,,,12.7,9.9,7.2,11.3,14.8,19.6,19.6,"USDA NRCS Kellogg Soil Survey Laboratory",
"1d87951a-6364-4aaf-ab3e-94b87b754f7f","RMNP_024.basePlot.all","D10","RMNP","RMNP_024","S2017CO013017","2017-08-17","18N01456","EBt","S2017CO013017-3","bulk",17.0,32.0,24.5,"2018-07-03","Kellogg Soil Survey Laboratory Methods Manual, Soil Survey Investigations Report No. 42 Version 5.0, Issued 2014","Routine Particle Size Distribution (3A1a1a)",177.4,96.8,64.7,28.5,6.8,,,16.4,12.1,8.2,12.0,14.4,16.7,13.4,"USDA NRCS Kellogg Soil Survey Laboratory",
"ec6c3aec-24c4-4f2f-a543-490bcdd87558","RMNP_024.basePlot.all","D10","RMNP","RMNP_024","S2017CO013017","2017-08-17","18N01457","Bt1","S2017CO013017-4","bulk",32.0,61.0,46.5,"2018-07-03","Kellogg Soil Survey Laboratory Methods Manual, Soil Survey Investigations Report No. 42 Version 5.0, Issued 2014","Routine Particle Size Distribution (3A1a1a)",292.0,268.5,70.1,21.2,8.7,,,13.4,7.8,4.1,6.6,7.9,22.6,28.9,"USDA NRCS Kellogg Soil Survey Laboratory",
"725e339b-ca2e-4fd2-94ce-234cddafa8b5","RMNP_018.basePlot.all","D10","RMNP","RMNP_018","S2017CO013018","2017-08-17","18N01459","Oe","S2017CO013018-1","bulk",0.0,5.0,2.5,,,,158.4,146.0,,,,,,,,,,,,,"USDA NRCS Kellogg Soil Survey Laboratory",
"d023f2ec-a15a-4899-b121-fc99dba0174b","RMNP_018.basePlot.all","D10","RMNP","RMNP_018","S2017CO013018","2017-08-17","18N01462","Bt2","S2017CO013018-4","bulk",43.0,73.0,58.0,"2018-10-27","Kellogg Soil Survey Laboratory Methods Manual, Soil Survey Investigations Report No. 42 Version 5.0, Issued 2014","Routine Particle Size Distribution (3A1a1a)",284.8,251.8,54.8,28.5,16.7,,,18.3,10.2,6.4,8.1,11.4,15.8,13.1,"USDA NRCS Kellogg Soil Survey Laboratory",
"e9b3cbdb-4354-4502-a484-f5e8860b4a0f","RMNP_018.basePlot.all","D10","RMNP","RMNP_018","S2017CO013018","2017-08-17","18N01461","Bt1","S2017CO013018-3","bulk",10.0,43.0,26.5,"2018-10-27","Kellogg Soil Survey Laboratory Methods Manual, Soil Survey Investigations Report No. 42 Version 5.0, Issued 2014","Routine Particle Size Distribution (3A1a1a)",199.1,231.0,53.0,32.3,14.7,,,19.2,13.1,7.8,7.3,9.7,14.4,13.8,"USDA NRCS Kellogg Soil Survey Laboratory",
"9186fe98-a810-4ea7-adeb-ddd0604368de","RMNP_006.basePlot.all","D10","RMNP","RMNP_006","S2017CO013019","2017-08-17","18N01466","Bt2","S2017CO013019-4","bulk",52.0,83.0,67.5,"2018-07-16","Kellogg Soil Survey Laboratory Methods Manual, Soil Survey Investigations Report No. 42 Version 5.0, Issued 2014","Routine Particle Size Distribution (3A1a1a)",179.9,156.4,78.3,16.6,5.1,,,9.7,6.9,5.9,10.1,13.8,26.3,22.2,"USDA NRCS Kellogg Soil Survey Laboratory",
"42f3b46a-9a12-4539-9ba8-21918d5c425d","RMNP_006.basePlot.all","D10","RMNP","RMNP_006","S2017CO013019","2017-08-17","18N01464","E","S2017CO013019-2","bulk",10.0,32.0,21.0,"2018-07-16","Kellogg Soil Survey Laboratory Methods Manual, Soil Survey Investigations Report No. 42 Version 5.0, Issued 2014","Routine Particle Size Distribution (3A1a1a)",174.1,120.7,69.6,25.9,4.5,,,15.3,10.6,7.8,10.6,18.2,18.2,14.8,"USDA NRCS Kellogg Soil Survey Laboratory",
"a5233861-d481-4325-93c4-8b6b39278ad5","RMNP_024.basePlot.all","D10","RMNP","RMNP_024","S2017CO013017","2017-08-17","18N01454","Oe","S2017CO013017-1","bulk",0.0,5.0,2.5,,,,85.4,122.1,,,,,,,,,,,,,"USDA NRCS Kellogg Soil Survey Laboratory",
"d6ab132a-528b-4196-a02a-c8ba92d45e72","RMNP_024.basePlot.all","D10","RMNP","RMNP_024","S2017CO013017","2017-08-17","18N01455","E","S2017CO013017-2","bulk",5.0,17.0,11.0,"2018-07-03","Kellogg Soil Survey Laboratory Methods Manual, Soil Survey Investigations Report No. 42 Version 5.0, Issued 2014","Routine Particle Size Distribution (3A1a1a)",169.0,115.3,68.3,25.1,6.6,,,14.0,11.1,7.4,9.3,12.9,17.3,21.4,"USDA NRCS Kellogg Soil Survey Laboratory",
"855d086c-6ab1-484f-bac4-225eae7b83ff","RMNP_018.basePlot.all","D10","RMNP","RMNP_018","S2017CO013018","2017-08-17","18N01460","E","S2017CO013018-2","bulk",5.0,10.0,7.5,"2018-10-27","Kellogg Soil Survey Laboratory Methods Manual, Soil Survey Investigations Report No. 42 Version 5.0, Issued 2014","Routine Particle Size Distribution (3A1a1a)",170.6,164.2,57.6,35.1,7.3,,,20.5,14.6,9.8,9.6,11.3,15.6,11.3,"USDA NRCS Kellogg Soil Survey Laboratory",
"19b0056f-6e3c-4e14-a7c9-53d159be05df","RMNP_018.basePlot.all","D10","RMNP","RMNP_018","S2017CO013018","2017-08-17","18N01463","C","S2017CO013018-5","bulk",73.0,100.0,86.5,"2018-07-16","Kellogg Soil Survey Laboratory Methods Manual, Soil Survey Investigations Report No. 42 Version 5.0, Issued 2014","Routine Particle Size Distribution (3A1a1a)",227.5,167.4,85.1,9.1,5.8,,,4.4,4.7,5.9,11.3,18.9,28.5,20.5,"USDA NRCS Kellogg Soil Survey Laboratory",
"dd0627dc-8f98-4069-aef5-7c9caf75ef10","RMNP_024.basePlot.all","D10","RMNP","RMNP_024","S2017CO013017","2017-08-17","18N01458","Bt2","S2017CO013017-5","bulk",61.0,100.0,80.5,"2018-07-03","Kellogg Soil Survey Laboratory Methods Manual, Soil Survey Investigations Report No. 42 Version 5.0, Issued 2014","Routine Particle Size Distribution (3A1a1a)",206.7,258.8,64.3,25.2,10.5,,,14.2,11.0,7.4,8.0,11.4,17.5,20.0,"USDA NRCS Kellogg Soil Survey Laboratory",
"79654e00-7d7d-4c8d-aeec-9efd1a05b41c","RMNP_010.basePlot.all","D10","RMNP","RMNP_010","S2017CO013020","2017-08-18","18N01469","A","S2017CO013020-2","bulk",7.0,16.0,11.5,"2018-07-16","Kellogg Soil Survey Laboratory Methods Manual, Soil Survey Investigations Report No. 42 Version 5.0, Issued 2014","Routine Particle Size Distribution (3A1a1a)",210.2,140.4,74.2,20.7,5.1,,,11.0,9.7,6.6,11.8,14.9,21.5,19.4,"USDA NRCS Kellogg Soil Survey Laboratory",
"4e22c92e-56e1-419c-b02a-0f2c689c6a56","RMNP_026.basePlot.all","D10","RMNP","RMNP_026","S2017CO013021","2017-08-18","18N01475","C1","S2017CO013021-4","bulk",52.0,77.0,64.5,"2018-07-16","Kellogg Soil Survey Laboratory Methods Manual, Soil Survey Investigations Report No. 42 Version 5.0, Issued 2014","Routine Particle Size Distribution (3A1a1a)",161.3,187.3,77.7,15.8,6.5,,,7.7,8.1,8.5,15.9,21.1,20.0,12.2,"USDA NRCS Kellogg Soil Survey Laboratory",
"8603dde2-d7b5-4d11-be72-2d1a77e796cc","RMNP_010.basePlot.all","D10","RMNP","RMNP_010","S2017CO013020","2017-08-18","18N01468","Oe","S2017CO013020-1","bulk",0.0,7.0,3.5,"2018-08-07","Kellogg Soil Survey Laboratory Methods Manual, Soil Survey Investigations Report No. 42 Version 5.0, Issued 2014","Routine Particle Size Distribution (3A1a1a)",102.3,112.1,78.5,13.7,7.8,,,8.2,5.5,2.0,7.3,14.0,27.9,27.3,"USDA NRCS Kellogg Soil Survey Laboratory",
"13b39073-9972-4205-8336-239e8f240e1d","RMNP_026.basePlot.all","D10","RMNP","RMNP_026","S2017CO013021","2017-08-18","18N01474","Bt","S2017CO013021-3","bulk",18.0,52.0,35.0,"2018-10-27","Kellogg Soil Survey Laboratory Methods Manual, Soil Survey Investigations Report No. 42 Version 5.0, Issued 2014","Routine Particle Size Distribution (3A1a1a)",138.0,119.9,65.5,24.8,9.7,,,14.6,10.2,7.0,8.4,13.9,19.5,16.7,"USDA NRCS Kellogg Soil Survey Laboratory",
"ee5baffe-eaf5-4347-8312-8e0bc96a58d8","RMNP_010.basePlot.all","D10","RMNP","RMNP_010","S2017CO013020","2017-08-18","18N01470","E","S2017CO013020-3","bulk",16.0,33.0,24.5,"2018-07-16","Kellogg Soil Survey Laboratory Methods Manual, Soil Survey Investigations Report No. 42 Version 5.0, Issued 2014","Routine Particle Size Distribution (3A1a1a)",210.7,326.2,76.1,19.0,4.9,,,10.9,8.1,5.6,8.3,15.2,23.5,23.5,"USDA NRCS Kellogg Soil Survey Laboratory",
"d41aed30-9c19-4d2a-b769-5251eaf0ac66","RMNP_010.basePlot.all","D10","RMNP","RMNP_010","S2017CO013020","2017-08-18","18N01471","Bw","S2017CO013020-4","bulk",33.0,70.0,51.5,"2018-07-16","Kellogg Soil Survey Laboratory Methods Manual, Soil Survey Investigations Report No. 42 Version 5.0, Issued 2014","Routine Particle Size Distribution (3A1a1a)",207.0,366.2,74.1,20.3,5.6,,,10.7,9.6,7.6,11.0,12.4,19.8,23.3,"USDA NRCS Kellogg Soil Survey Laboratory",
"d3b1c296-0329-452f-8aa3-ecfd623e6bdb","RMNP_026.basePlot.all","D10","RMNP","RMNP_026","S2017CO013021","2017-08-18","18N01473","E","S2017CO013021-2","bulk",9.0,18.0,13.5,"2018-08-07","Kellogg Soil Survey Laboratory Methods Manual, Soil Survey Investigations Report No. 42 Version 5.0, Issued 2014","Routine Particle Size Distribution (3A1a1a)",120.5,78.5,56.2,34.7,9.1,,,19.8,14.9,8.1,9.2,15.1,16.6,7.2,"USDA NRCS Kellogg Soil Survey Laboratory",
"9aa8e9a5-a272-4796-8e69-0971fc3d395e","RMNP_026.basePlot.all","D10","RMNP","RMNP_026","S2017CO013021","2017-08-18","18N01472","Oi","S2017CO013021-1","bulk",0.0,9.0,4.5,,,,22.2,18.3,,,,,,,,,,,,,"USDA NRCS Kellogg Soil Survey Laboratory",
