uid,namedLocation,domainID,siteID,plotID,nrcsDescriptionID,collectDate,horizonID,horizonName,bulkDensProcessedDate,bulkDensMethodPub,bulkDensMethod,bulkDensIDnrcs,bulkDensSampleType,bulkDensCenterDepth,bulkDensTopDepth,bulkDensBottomDepth,bulkDensThirdBar,bulkDensOvenDry,bulkDensFieldMoist,waterRetentionThirdBar,fieldWaterContent,laboratoryName,remarks,dataQF
"d882359d-3528-40f9-bb92-a0253693c2cd","RMNP_030.basePlot.all","D10","RMNP","RMNP_030","S2017CO013008","2017-08-14","18N01424","Bt","2018-08-18","Kellogg Soil Survey Laboratory Methods Manual, Soil Survey Investigations Report No. 42 Version 5.0, Issued 2014","Bulk Density, Clods (3B1)","S2017CO013008-5","clod",39.0,29.0,49.0,1.55,1.59,,11.1,,"USDA NRCS Kellogg Soil Survey Laboratory",,
"72fd3ebb-5e5e-4fd7-b53d-948eb91da35b","RMNP_004.basePlot.all","D10","RMNP","RMNP_004","S2017CO013010","2017-08-14","18N01431","Bt1","2018-08-18","Kellogg Soil Survey Laboratory Methods Manual, Soil Survey Investigations Report No. 42 Version 5.0, Issued 2014","Bulk Density, Clods (3B1)","S2017CO013010-3","clod",43.0,36.0,50.0,1.46,1.48,,10.4,,"USDA NRCS Kellogg Soil Survey Laboratory",,
"cb8c1765-3b9f-431a-a8de-1dce2fd42416","RMNP_016.basePlot.all","D10","RMNP","RMNP_016","S2017CO013009","2017-08-14","18N01427","C1","2018-08-18","Kellogg Soil Survey Laboratory Methods Manual, Soil Survey Investigations Report No. 42 Version 5.0, Issued 2014","Bulk Density, Clods (3B1)","S2017CO013009-3","clod",24.0,15.0,33.0,1.45,1.47,,14.2,,"USDA NRCS Kellogg Soil Survey Laboratory",,
"d5f92de3-55f0-44e6-97c6-17cdfebc594e","RMNP_030.basePlot.all","D10","RMNP","RMNP_030","S2017CO013008","2017-08-14","18N01423","BAt","2018-08-18","Kellogg Soil Survey Laboratory Methods Manual, Soil Survey Investigations Report No. 42 Version 5.0, Issued 2014","Bulk Density, Clods (3B1)","S2017CO013008-4","clod",23.5,18.0,29.0,1.49,1.54,,10.9,,"USDA NRCS Kellogg Soil Survey Laboratory",,
"6d315e9e-91b3-4d10-a408-db42afb3e27b","RMNP_030.basePlot.all","D10","RMNP","RMNP_030","S2017CO013008","2017-08-14","18N01421","A1","2018-08-18","Kellogg Soil Survey Laboratory Methods Manual, Soil Survey Investigations Report No. 42 Version 5.0, Issued 2014","Bulk Density, Clods (3B1)","S2017CO013008-2","clod",4.5,2.0,7.0,1.43,1.56,,17.3,,"USDA NRCS Kellogg Soil Survey Laboratory",,
"6b9d7142-4a29-4013-9530-c7e70b1409da","RMNP_030.basePlot.all","D10","RMNP","RMNP_030","S2017CO013008","2017-08-14","18N01422","A2","2018-08-18","Kellogg Soil Survey Laboratory Methods Manual, Soil Survey Investigations Report No. 42 Version 5.0, Issued 2014","Bulk Density, Clods (3B1)","S2017CO013008-3","clod",12.5,7.0,18.0,1.48,1.54,,10.5,,"USDA NRCS Kellogg Soil Survey Laboratory",,
"0f6d12be-58f0-475a-a9a2-8a5408a60ba7","RMNP_004.basePlot.all","D10","RMNP","RMNP_004","S2017CO013010","2017-08-14","18N01430","E","2018-08-18","Kellogg Soil Survey Laboratory Methods Manual, Soil Survey Investigations Report No. 42 Version 5.0, Issued 2014","Bulk Density, Clods (3B1)","S2017CO013010-2","clod",22.0,8.0,36.0,1.45,1.49,,11.6,,"USDA NRCS Kellogg Soil Survey Laboratory",,
"fc2d509b-03b8-46b9-8aab-898a1c9aea4a","RMNP_016.basePlot.all","D10","RMNP","RMNP_016","S2017CO013009","2017-08-14","18N01426","Bw","2018-08-18","Kellogg Soil Survey Laboratory Methods Manual, Soil Survey Investigations Report No. 42 Version 5.0, Issued 2014","Bulk Density, Clods (3B1)","S2017CO013009-2","clod",10.5,6.0,15.0,1.32,1.35,,13.3,,"USDA NRCS Kellogg Soil Survey Laboratory",,
"3f2c40eb-2f40-4484-b30f-dcac5a4fd7ab","RMNP_004.basePlot.all","D10","RMNP","RMNP_004","S2017CO013010","2017-08-14","18N01432","Bt2","2018-08-18","Kellogg Soil Survey Laboratory Methods Manual, Soil Survey Investigations Report No. 42 Version 5.0, Issued 2014","Bulk Density, Clods (3B1)","S2017CO013010-4","clod",65.0,50.0,80.0,1.53,1.58,,10.2,,"USDA NRCS Kellogg Soil Survey Laboratory",,
"7a00f754-fd90-4775-b785-ddc43e394bd7","RMNP_019.basePlot.all","D10","RMNP","RMNP_019","S2017CO013013","2017-08-15","18N01439","E","2018-08-18","Kellogg Soil Survey Laboratory Methods Manual, Soil Survey Investigations Report No. 42 Version 5.0, Issued 2014","Bulk Density, Clods (3B1)","S2017CO013013-2","clod",11.5,5.0,18.0,1.38,1.43,,14.0,,"USDA NRCS Kellogg Soil Survey Laboratory",,
"8c3142f9-a5fd-4d60-89f4-434c5c8b172a","RMNP_003.basePlot.all","D10","RMNP","RMNP_003","S2017CO013011","2017-08-15","18N01433","E","2018-08-18","Kellogg Soil Survey Laboratory Methods Manual, Soil Survey Investigations Report No. 42 Version 5.0, Issued 2014","Bulk Density, Clods (3B1)","S2017CO013011-2","clod",7.0,2.0,12.0,1.42,1.48,,14.3,,"USDA NRCS Kellogg Soil Survey Laboratory",,
"68aa8f3e-6616-47c4-819c-58d27b5ec003","RMNP_003.basePlot.all","D10","RMNP","RMNP_003","S2017CO013011","2017-08-15","18N01434","Bw1","2018-08-18","Kellogg Soil Survey Laboratory Methods Manual, Soil Survey Investigations Report No. 42 Version 5.0, Issued 2014","Bulk Density, Clods (3B1)","S2017CO013011-3","clod",19.0,12.0,26.0,1.57,1.59,,9.1,,"USDA NRCS Kellogg Soil Survey Laboratory",,
"922346fd-51d3-4b07-8875-955aedff8b31","RMNP_017.basePlot.all","D10","RMNP","RMNP_017","S2017CO013012","2017-08-15","18N01437","Bw","2018-08-18","Kellogg Soil Survey Laboratory Methods Manual, Soil Survey Investigations Report No. 42 Version 5.0, Issued 2014","Bulk Density, Clods (3B1)","S2017CO013012-2","clod",10.0,3.0,17.0,1.04,1.07,,11.5,,"USDA NRCS Kellogg Soil Survey Laboratory",,
"85998b87-d0b0-4d83-9417-875fbf89d9d1","RMNP_019.basePlot.all","D10","RMNP","RMNP_019","S2017CO013013","2017-08-15","18N01441","CBt","2018-08-18","Kellogg Soil Survey Laboratory Methods Manual, Soil Survey Investigations Report No. 42 Version 5.0, Issued 2014","Bulk Density, Clods (3B1)","S2017CO013013-4","clod",38.0,28.0,48.0,1.61,1.75,,9.1,,"USDA NRCS Kellogg Soil Survey Laboratory",,
"f8d2ab15-211f-4230-90d0-6f1f2e72acc4","RMNP_003.basePlot.all","D10","RMNP","RMNP_003","S2017CO013011","2017-08-15","18N01435","Bw2","2018-08-18","Kellogg Soil Survey Laboratory Methods Manual, Soil Survey Investigations Report No. 42 Version 5.0, Issued 2014","Bulk Density, Clods (3B1)","S2017CO013011-4","clod",37.5,26.0,49.0,1.53,1.55,,13.5,,"USDA NRCS Kellogg Soil Survey Laboratory",,
"0b994734-b33d-4dca-8507-50b7efdbf56d","RMNP_019.basePlot.all","D10","RMNP","RMNP_019","S2017CO013013","2017-08-15","18N01440","Bt","2018-08-18","Kellogg Soil Survey Laboratory Methods Manual, Soil Survey Investigations Report No. 42 Version 5.0, Issued 2014","Bulk Density, Clods (3B1)","S2017CO013013-3","clod",23.0,18.0,28.0,1.49,1.54,,10.5,,"USDA NRCS Kellogg Soil Survey Laboratory",,
"a591aa9b-7704-4034-929a-5855db399a99","RMNP_014.basePlot.all","D10","RMNP","RMNP_014","S2017CO013016","2017-08-16","18N01452","Bt1","2018-08-18","Kellogg Soil Survey Laboratory Methods Manual, Soil Survey Investigations Report No. 42 Version 5.0, Issued 2014","Bulk Density, Clods (3B1)","S2017CO013016-3","clod",54.5,37.0,72.0,1.76,1.79,,8.1,,"USDA NRCS Kellogg Soil Survey Laboratory",,
"0079caaf-8f70-41ab-a7e3-c1a6183fe646","RMNP_014.basePlot.all","D10","RMNP","RMNP_014","S2017CO013016","2017-08-16","18N01451","E","2018-08-18","Kellogg Soil Survey Laboratory Methods Manual, Soil Survey Investigations Report No. 42 Version 5.0, Issued 2014","Bulk Density, Clods (3B1)","S2017CO013016-2","clod",20.5,4.0,37.0,1.38,1.40,,13.3,,"USDA NRCS Kellogg Soil Survey Laboratory",,
"f0acb6b9-17a7-4432-bec6-6f32eee8cb4d","RMNP_002.basePlot.all","D10","RMNP","RMNP_002","S2017CO013015","2017-08-16","18N01447","E1","2018-08-18","Kellogg Soil Survey Laboratory Methods Manual, Soil Survey Investigations Report No. 42 Version 5.0, Issued 2014","Bulk Density, Clods (3B1)","S2017CO013015-3","clod",21.0,12.0,30.0,1.38,1.49,,10.1,,"USDA NRCS Kellogg Soil Survey Laboratory",,
"34d9740a-24d7-4212-a999-bbcba2599837","RMNP_020.basePlot.all","D10","RMNP","RMNP_020","S2017CO013014","2017-08-16","18N01444","Bt","2018-08-18","Kellogg Soil Survey Laboratory Methods Manual, Soil Survey Investigations Report No. 42 Version 5.0, Issued 2014","Bulk Density, Clods (3B1)","S2017CO013014-4","clod",45.0,30.0,60.0,1.38,1.47,,9.5,,"USDA NRCS Kellogg Soil Survey Laboratory",,
"15f7b476-3823-4fc6-aff1-8d1e315550fd","RMNP_014.basePlot.all","D10","RMNP","RMNP_014","S2017CO013016","2017-08-16","18N01453","Bt2","2018-08-18","Kellogg Soil Survey Laboratory Methods Manual, Soil Survey Investigations Report No. 42 Version 5.0, Issued 2014","Bulk Density, Clods (3B1)","S2017CO013016-4","clod",91.0,72.0,110.0,1.57,1.61,,12.3,,"USDA NRCS Kellogg Soil Survey Laboratory",,
"37c901bb-062c-403d-8ed3-1f5ce18e2389","RMNP_020.basePlot.all","D10","RMNP","RMNP_020","S2017CO013014","2017-08-16","18N01443","E","2018-08-18","Kellogg Soil Survey Laboratory Methods Manual, Soil Survey Investigations Report No. 42 Version 5.0, Issued 2014","Bulk Density, Clods (3B1)","S2017CO013014-3","clod",20.5,11.0,30.0,1.48,1.52,,9.6,,"USDA NRCS Kellogg Soil Survey Laboratory",,
"8477d996-a261-4a7a-8bfb-894ddeec48db","RMNP_018.basePlot.all","D10","RMNP","RMNP_018","S2017CO013018","2017-08-17","18N01462","Bt2","2018-08-18","Kellogg Soil Survey Laboratory Methods Manual, Soil Survey Investigations Report No. 42 Version 5.0, Issued 2014","Bulk Density, Clods (3B1)","S2017CO013018-4","clod",58.0,43.0,73.0,1.52,1.57,,15.9,,"USDA NRCS Kellogg Soil Survey Laboratory",,
"f8abec5a-a11c-4b12-a4e6-a1a5320a549a","RMNP_024.basePlot.all","D10","RMNP","RMNP_024","S2017CO013017","2017-08-17","18N01455","E","2018-08-18","Kellogg Soil Survey Laboratory Methods Manual, Soil Survey Investigations Report No. 42 Version 5.0, Issued 2014","Bulk Density, Clods (3B1)","S2017CO013017-2","clod",11.0,5.0,17.0,1.33,1.38,,8.6,,"USDA NRCS Kellogg Soil Survey Laboratory",,
"eede33dd-1cef-4ac2-a76e-9ae5304e9314","RMNP_018.basePlot.all","D10","RMNP","RMNP_018","S2017CO013018","2017-08-17","18N01461","Bt1","2018-08-18","Kellogg Soil Survey Laboratory Methods Manual, Soil Survey Investigations Report No. 42 Version 5.0, Issued 2014","Bulk Density, Clods (3B1)","S2017CO013018-3","clod",26.5,10.0,43.0,1.41,1.45,,13.5,,"USDA NRCS Kellogg Soil Survey Laboratory",,
"628ef5c4-1f72-4484-a54a-10fde21d6094","RMNP_006.basePlot.all","D10","RMNP","RMNP_006","S2017CO013019","2017-08-17","18N01465","Bt1","2018-08-18","Kellogg Soil Survey Laboratory Methods Manual, Soil Survey Investigations Report No. 42 Version 5.0, Issued 2014","Bulk Density, Clods (3B1)","S2017CO013019-3","clod",42.0,32.0,52.0,1.40,1.43,,12.8,,"USDA NRCS Kellogg Soil Survey Laboratory",,
"bb43710d-3180-486a-a60a-6a1220355dab","RMNP_018.basePlot.all","D10","RMNP","RMNP_018","S2017CO013018","2017-08-17","18N01460","E","2018-08-18","Kellogg Soil Survey Laboratory Methods Manual, Soil Survey Investigations Report No. 42 Version 5.0, Issued 2014","Bulk Density, Clods (3B1)","S2017CO013018-2","clod",7.5,5.0,10.0,1.21,1.26,,11.1,,"USDA NRCS Kellogg Soil Survey Laboratory",,
"0667c3ae-ab15-4ac5-908e-4d41d80caec8","RMNP_006.basePlot.all","D10","RMNP","RMNP_006","S2017CO013019","2017-08-17","18N01466","Bt2","2018-08-18","Kellogg Soil Survey Laboratory Methods Manual, Soil Survey Investigations Report No. 42 Version 5.0, Issued 2014","Bulk Density, Clods (3B1)","S2017CO013019-4","clod",67.5,52.0,83.0,1.60,1.67,,14.8,,"USDA NRCS Kellogg Soil Survey Laboratory",,
"7a71b766-d896-4602-b9cf-2bd944f661d6","RMNP_024.basePlot.all","D10","RMNP","RMNP_024","S2017CO013017","2017-08-17","18N01456","EBt","2018-08-18","Kellogg Soil Survey Laboratory Methods Manual, Soil Survey Investigations Report No. 42 Version 5.0, Issued 2014","Bulk Density, Clods (3B1)","S2017CO013017-3","clod",24.5,17.0,32.0,1.69,1.72,,7.9,,"USDA NRCS Kellogg Soil Survey Laboratory",,
"4927bfb0-7c88-4d00-928d-a76db037a1bb","RMNP_024.basePlot.all","D10","RMNP","RMNP_024","S2017CO013017","2017-08-17","18N01457","Bt1","2018-08-18","Kellogg Soil Survey Laboratory Methods Manual, Soil Survey Investigations Report No. 42 Version 5.0, Issued 2014","Bulk Density, Clods (3B1)","S2017CO013017-4","clod",46.5,32.0,61.0,1.78,1.84,,7.2,,"USDA NRCS Kellogg Soil Survey Laboratory",,
"57821eb0-0eb2-405f-83b9-194a0ce41f05","RMNP_006.basePlot.all","D10","RMNP","RMNP_006","S2017CO013019","2017-08-17","18N01464","E","2018-08-18","Kellogg Soil Survey Laboratory Methods Manual, Soil Survey Investigations Report No. 42 Version 5.0, Issued 2014","Bulk Density, Clods (3B1)","S2017CO013019-2","clod",21.0,10.0,32.0,1.48,1.52,,13.8,,"USDA NRCS Kellogg Soil Survey Laboratory",,
"7d139ce4-5483-4a20-a81a-9c1f6b860872","RMNP_024.basePlot.all","D10","RMNP","RMNP_024","S2017CO013017","2017-08-17","18N01458","Bt2","2018-08-18","Kellogg Soil Survey Laboratory Methods Manual, Soil Survey Investigations Report No. 42 Version 5.0, Issued 2014","Bulk Density, Clods (3B1)","S2017CO013017-5.CLOD","clod",80.5,61.0,100.0,1.58,1.62,,13.3,,"USDA NRCS Kellogg Soil Survey Laboratory",,
"4c52e84d-ec43-4de6-bb73-50d7dda1d9ea","RMNP_010.basePlot.all","D10","RMNP","RMNP_010","S2017CO013020","2017-08-18","18N01469","A","2018-08-18","Kellogg Soil Survey Laboratory Methods Manual, Soil Survey Investigations Report No. 42 Version 5.0, Issued 2014","Bulk Density, Clods (3B1)","S2017CO013020-2","clod",11.5,7.0,16.0,1.43,1.47,,10.6,,"USDA NRCS Kellogg Soil Survey Laboratory",,
"f242c462-20a7-4c36-980f-bc67ac2f7013","RMNP_026.basePlot.all","D10","RMNP","RMNP_026","S2017CO013021","2017-08-18","18N01473","E","2018-08-18","Kellogg Soil Survey Laboratory Methods Manual, Soil Survey Investigations Report No. 42 Version 5.0, Issued 2014","Bulk Density, Clods (3B1)","S2017CO013021-2","clod",13.5,9.0,18.0,1.33,1.34,,16.5,,"USDA NRCS Kellogg Soil Survey Laboratory",,
"ac9bf892-1345-4922-84e4-e0640ae8fde4","RMNP_026.basePlot.all","D10","RMNP","RMNP_026","S2017CO013021","2017-08-18","18N01475","C1","2018-08-18","Kellogg Soil Survey Laboratory Methods Manual, Soil Survey Investigations Report No. 42 Version 5.0, Issued 2014","Bulk Density, Clods (3B1)","S2017CO013021-4","clod",64.5,52.0,77.0,1.62,1.68,,10.8,,"USDA NRCS Kellogg Soil Survey Laboratory",,
"763a1bc0-a699-4b93-b73b-a5b65f684897","RMNP_026.basePlot.all","D10","RMNP","RMNP_026","S2017CO013021","2017-08-18","18N01474","Bt","2018-08-18","Kellogg Soil Survey Laboratory Methods Manual, Soil Survey Investigations Report No. 42 Version 5.0, Issued 2014","Bulk Density, Clods (3B1)","S2017CO013021-3","clod",35.0,18.0,52.0,1.52,1.54,,12.5,,"USDA NRCS Kellogg Soil Survey Laboratory",,
