uid,domainID,siteID,plotID,namedLocation,plotType,nlcdClass,geodeticDatum,decimalLatitude,decimalLongitude,coordinateUncertainty,elevation,elevationUncertainty,collectDate,referenceCorner,sampleDistance,sampleBearing,pitID,testProtocolVersion,soilSamplingMethod,sampleRelativeLocation,pitDepth,recordedByA,soilProfileDescriberA,soilProfileDescriberInst,nrcsDescriptionID,soilSeries,soilFamily,soilSubgroup,soilGreatGroup,soilSuborder,soilOrder,remarks,dataQF
"86670859-a084-4083-8f76-e06309741def","D10","RMNP","RMNP_030","RMNP_030.basePlot.all","distributed","evergreenForest","WGS84",40.151424,-105.472992,20.1,2466.0,0.1,"2017-08-14","SE20",2.1,118,"1235964","Field Book for Describing and Sampling Soils ver3","soil core","Center of pit",200,"L79w4dTk2fP8H4Vbgn+erQ==","L79w4dTk2fPjPxOnpM302buqpmdBTVDuo6Sfsu5ZbieS+tDq2UBp1oy8NchbuEGpF6EVw55z2wSc7Ik3ihU/UA==","Natural Resource Conservation Service","S2017CO013008","SND","Loamy-skeletal, mixed, superactive, frigid Lithic Argiustolls","lithic argiustolls","argiustolls","ustolls","mollisols",,
"fcf96388-0825-478e-9227-e0ca16562a2a","D10","RMNP","RMNP_016","RMNP_016.basePlot.all","distributed","evergreenForest","WGS84",40.154382,-105.475488,20.1,2512.9,0.1,"2017-08-14","SE20",1.0,40,"1235977","Field Book for Describing and Sampling Soils ver3","soil core","Center of pit",200,"L79w4dTk2fP8H4Vbgn+erQ==","L79w4dTk2fPjPxOnpM302buqpmdBTVDuo6Sfsu5ZbieS+tDq2UBp1oy8NchbuEGpF6EVw55z2wSc7Ik3ihU/UA==","Natural Resource Conservation Service","S2017CO013009","SND","Sandy-skeletal, mixed, superactive, frigid Lithic Ustorthents","lithic ustorthents","ustorthents","orthents","entisols",,
"f98d84dd-ac97-474e-94e7-1a791acc53e6","D10","RMNP","RMNP_004","RMNP_004.basePlot.all","distributed","evergreenForest","WGS84",40.186823,-105.540910,20.1,2814.7,0.1,"2017-08-14","SW20",0.5,226,"1235965","Field Book for Describing and Sampling Soils ver3","soil core","Center of pit",80,"L79w4dTk2fP8H4Vbgn+erQ==","L79w4dTk2fPjPxOnpM302buqpmdBTVDuo6Sfsu5ZbieS+tDq2UBp1oy8NchbuEGpF6EVw55z2wSc7Ik3ihU/UA==","Natural Resource Conservation Service","S2017CO013010","SND","Loamy-skeletal, active Typic Haplocryalfs","typic haplocryalfs","haplocryalfs","cryalfs","alfisols",,
"5234701f-f70b-4ca3-98ed-d73e54f99654","D10","RMNP","RMNP_017","RMNP_017.basePlot.all","distributed","evergreenForest","WGS84",40.200008,-105.492732,20.1,2587.7,0.1,"2017-08-15","SE20",1.2,52,"1235967","Field Book for Describing and Sampling Soils ver3","soil core","Center of pit",200,"L79w4dTk2fP8H4Vbgn+erQ==","L79w4dTk2fPjPxOnpM302buqpmdBTVDuo6Sfsu5ZbieS+tDq2UBp1oy8NchbuEGpF6EVw55z2wSc7Ik3ihU/UA==","Natural Resource Conservation Service","S2017CO013012","SND","Loamy, mixed, superactive Lithic Cryorthents","lithic cryorthents","cryorthents","orthents","entisols",,
"74ae0b85-cc13-47fb-a420-e6658d9c34a2","D10","RMNP","RMNP_019","RMNP_019.basePlot.all","distributed","evergreenForest","WGS84",40.195931,-105.491303,20.1,2649.7,0.1,"2017-08-15","NW20",1.0,210,"1235968","Field Book for Describing and Sampling Soils ver3","soil core","Center of pit",200,"L79w4dTk2fP8H4Vbgn+erQ==","L79w4dTk2fPjPxOnpM302buqpmdBTVDuo6Sfsu5ZbieS+tDq2UBp1oy8NchbuEGpF6EVw55z2wSc7Ik3ihU/UA==","Natural Resource Conservation Service","S2017CO013013","SND","Fine-loamy, mixed, superactive, frigid Lithic Haplustalfs","lithic haplustalfs","haplustalfs","ustalfs","alfisols",,
"27916f94-fa5a-40e6-ab72-910eb49c9e7b","D10","RMNP","RMNP_003","RMNP_003.basePlot.all","distributed","evergreenForest","WGS84",40.201376,-105.483575,20.2,2619.3,0.2,"2017-08-15","SE20",1.0,243,"1235966","Field Book for Describing and Sampling Soils ver3","soil core","Center of pit",200,"L79w4dTk2fP8H4Vbgn+erQ==","L79w4dTk2fPjPxOnpM302buqpmdBTVDuo6Sfsu5ZbieS+tDq2UBp1oy8NchbuEGpF6EVw55z2wSc7Ik3ihU/UA==","Natural Resource Conservation Service","S2017CO013011","SND","Sandy-skeletal, mixed, superactive Lithic Dystrocryepts","lithic dystrocryepts","dystrocryepts","cryepts","inceptisols",,
"88696f33-988c-4cc2-86cb-0ed02f00a925","D10","RMNP","RMNP_014","RMNP_014.basePlot.all","distributed","evergreenForest","WGS84",40.161428,-105.534380,20.1,2790.4,0.1,"2017-08-16","NW20",0.7,350,"1235971","Field Book for Describing and Sampling Soils ver3","soil core","Center of pit",110,"L79w4dTk2fP8H4Vbgn+erQ==","L79w4dTk2fPjPxOnpM302buqpmdBTVDuo6Sfsu5ZbieS+tDq2UBp1oy8NchbuEGpF6EVw55z2wSc7Ik3ihU/UA==","Natural Resource Conservation Service","S2017CO013016","SND","Loamy-skeletal, mixed, active Typic Haplocryalfs","typic haplocryalfs","haplocryalfs","cryalfs","alfisols",,
"40c9d3f3-a4b9-49ce-897c-7342c8101010","D10","RMNP","RMNP_020","RMNP_020.basePlot.all","distributed","evergreenForest","WGS84",40.197385,-105.468403,20.1,2763.2,0.1,"2017-08-16","SW20",0.6,302,"1235969","Field Book for Describing and Sampling Soils ver3","soil core","Center of pit",120,"L79w4dTk2fP8H4Vbgn+erQ==","L79w4dTk2fPjPxOnpM302buqpmdBTVDuo6Sfsu5ZbieS+tDq2UBp1oy8NchbuEGpF6EVw55z2wSc7Ik3ihU/UA==","Natural Resource Conservation Service","S2017CO013014","SND","Loamy-skeletal, mixed, superactive Typic Haplocryalfs","typic haplocryalfs","haplocryalfs","cryalfs","alfisols",,
"1244bb32-81cd-4db6-915f-b6040fda8298","D10","RMNP","RMNP_002","RMNP_002.basePlot.all","distributed","evergreenForest","WGS84",40.197386,-105.472276,20.1,2677.6,0.2,"2017-08-16","SE20",1.0,44,"1235970","Field Book for Describing and Sampling Soils ver3","soil core","Center of pit",103,"L79w4dTk2fP8H4Vbgn+erQ==","L79w4dTk2fPjPxOnpM302buqpmdBTVDuo6Sfsu5ZbieS+tDq2UBp1oy8NchbuEGpF6EVw55z2wSc7Ik3ihU/UA==","Natural Resource Conservation Service","S2017CO013015","SND","Loamy-skeletal, mixed, active Typic Haplocryalfs","typic haplocryalfs","haplocryalfs","cryalfs","alfisols",,
"95523de7-0167-4c18-ab74-028dcebc0854","D10","RMNP","RMNP_018","RMNP_018.basePlot.all","distributed","evergreenForest","WGS84",40.163833,-105.538996,20.2,2855.5,0.2,"2017-08-17","SW20",0.7,214,"1235973","Field Book for Describing and Sampling Soils ver3","soil core","Center of pit",110,"L79w4dTk2fP8H4Vbgn+erQ==","L79w4dTk2fPjPxOnpM302buqpmdBTVDuo6Sfsu5ZbieS+tDq2UBp1oy8NchbuEGpF6EVw55z2wSc7Ik3ihU/UA==","Natural Resource Conservation Service","S2017CO013018","SND","Loamy-skeletal, mixed, superactive Typic Haplocryalfs","typic haplocryalfs","haplocryalfs","cryalfs","alfisols",,
"8f036c76-4898-47c0-9eff-77850de5cb86","D10","RMNP","RMNP_024","RMNP_024.basePlot.all","distributed","evergreenForest","WGS84",40.162749,-105.542483,20.1,2922.1,0.2,"2017-08-17","NE20",0.8,20,"1235972","Field Book for Describing and Sampling Soils ver3","soil core","Center of pit",110,"L79w4dTk2fP8H4Vbgn+erQ==","L79w4dTk2fPjPxOnpM302buqpmdBTVDuo6Sfsu5ZbieS+tDq2UBp1oy8NchbuEGpF6EVw55z2wSc7Ik3ihU/UA==","Natural Resource Conservation Service","S2017CO013017","SND","Loamy-skeletal, mixed, superactive Typic Haplocryalfs","typic haplocryalfs","haplocryalfs","cryalfs","alfisols",,
"db9a2f77-c912-44c5-b3b1-376ef50899c6","D10","RMNP","RMNP_006","RMNP_006.basePlot.all","distributed","evergreenForest","WGS84",40.158144,-105.543533,20.2,2942.4,0.2,"2017-08-17","SW20",0.5,208,"1235974","Field Book for Describing and Sampling Soils ver3","soil core","Center of pit",114,"L79w4dTk2fP8H4Vbgn+erQ==","L79w4dTk2fPjPxOnpM302buqpmdBTVDuo6Sfsu5ZbieS+tDq2UBp1oy8NchbuEGpF6EVw55z2wSc7Ik3ihU/UA==","Natural Resource Conservation Service","S2017CO013019","SND","Loamy-skeletal, mixed, superactive Typic Haplocryalfs","typic haplocryalfs","haplocryalfs","cryalfs","alfisols",,
"a4e2a250-5596-43d7-957a-3bf0d7297606","D10","RMNP","RMNP_026","RMNP_026.basePlot.all","distributed","evergreenForest","WGS84",40.165218,-105.532299,20.1,2752.9,0.1,"2017-08-18","SW20",0.6,164,"1235976","Field Book for Describing and Sampling Soils ver3","soil core","Center of pit",107,"L79w4dTk2fP8H4Vbgn+erQ==","L79w4dTk2fPjPxOnpM302buqpmdBTVDuo6Sfsu5ZbieS+tDq2UBp1oy8NchbuEGpF6EVw55z2wSc7Ik3ihU/UA==","Natural Resource Conservation Service","S2017CO013021","SND","Fine-loamy, mixed, superactive Typic Haplocryalfs","typic haplocryalfs","haplocryalfs","cryalfs","alfisols",,
"d3ef68ba-f7d2-45dc-a65a-828687512d5f","D10","RMNP","RMNP_010","RMNP_010.basePlot.all","distributed","evergreenForest","WGS84",40.178717,-105.535934,20.1,2866.3,0.1,"2017-08-18","SE20",0.8,152,"1235975","Field Book for Describing and Sampling Soils ver3","soil core","Center of pit",200,"L79w4dTk2fP8H4Vbgn+erQ==","L79w4dTk2fPjPxOnpM302buqpmdBTVDuo6Sfsu5ZbieS+tDq2UBp1oy8NchbuEGpF6EVw55z2wSc7Ik3ihU/UA==","Natural Resource Conservation Service","S2017CO013020","SND","Sandy-skeletal, mixed, superactive, frigid Typic Haplustepts","typic haplustepts","haplustepts","ustepts","inceptisols",,
