uid,domainID,siteID,pitNamedLocation,pitID,horizonID,horizonName,setDate,collectDate,archiveID,archiveLaboratoryName,archiveTopDepth,archiveBottomDepth,remarks,sampleMass
"82375466-887d-4431-a796-e211e35cf1b2","D05","TREE","MEGAPT100999","D05_TREE_PIT1","5_TREE_PIT1_2BC","2BC","2015-06-15","2015-06-15","5_TREE_PIT1_ARCHIVE_107-168_2BC","NEON",107.0,168.0,,3600.5
"e6bac38c-d5e0-4a2a-a41a-3f09e71856be","D05","TREE","MEGAPT100999","D05_TREE_PIT1","5_TREE_PIT1_3CD1","3Cd1","2015-06-15","2015-06-15","5_TREE_PIT1_ARCHIVE_168-176_3CD1","NEON",168.0,176.0,,3600.3
"778bc0fc-7245-4593-92ee-71ecbd55118f","D05","TREE","MEGAPT100999","D05_TREE_PIT1","5_TREE_PIT1_3CD2","3Cd2","2015-06-15","2015-06-15","5_TREE_PIT1_ARCHIVE_176-200_3CD2","NEON",176.0,200.0,,3600.7
"64cb8cf8-bcfb-4ab4-bb3c-e94c2739853b","D05","TREE","MEGAPT100999","D05_TREE_PIT1","5_TREE_PIT1_2E_AND_BT","2E and Bt","2015-06-15","2015-06-15",,,,,,
"b172d526-a95c-42dc-924f-88f48e4d09f1","D05","TREE","MEGAPT100999","D05_TREE_PIT1","5_TREE_PIT1_2E_AND_BT","2E and Bt","2015-06-15","2015-06-15","5_TREE_PIT1_ARCHIVE_66-107_2E_AND_BT","NEON",66.0,107.0,,3600.7
"84d7e2d8-cdb1-45eb-ba68-268ea0cd29e1","D05","TREE","MEGAPT100999","D05_TREE_PIT1","5_TREE_PIT1_A/E","A/E","2015-06-15","2015-06-15","5_TREE_PIT1_ARCHIVE_2-17_A/E","NEON",2.0,17.0,,3600.6
"27a9e5d9-d234-4334-9ff1-e1d20328fd80","D05","TREE","MEGAPT100999","D05_TREE_PIT1","5_TREE_PIT1_BS","Bs","2015-06-15","2015-06-15","5_TREE_PIT1_ARCHIVE_17-33_BS","NEON",17.0,33.0,,3600.3
"5c212c32-4f72-4a15-9c24-123b638b7ac2","D05","TREE","MEGAPT100999","D05_TREE_PIT1","5_TREE_PIT1_OA","Oa","2015-06-15","2015-06-15","5_TREE_PIT1_ARCHIVE_0-2_OA","NEON",0.0,2.0,,3600.2
"51d45a8b-794e-470b-842e-f8399af89f92","D05","TREE","MEGAPT100999","D05_TREE_PIT1","5_TREE_PIT1_E1","E","2015-06-15","2015-06-15","5_TREE_PIT1_ARCHIVE_33-52_E1","NEON",33.0,52.0,,3600.5
"5fde5d94-8824-4147-a09d-b7b38a801fd3","D05","TREE","MEGAPT100999","D05_TREE_PIT1","5_TREE_PIT1_E/B","E/B","2015-06-15","2015-06-15","5_TREE_PIT1_ARCHIVE_52-66_E/B","NEON",52.0,66.0,,3600.5
