uid,domainID,siteID,pitNamedLocation,pitID,horizonID,bulkDensID,horizonName,setDate,collectDate,laboratoryName,labProjID,bulkDensCenterDepth,bulkDensTopDepth,bulkDensBottomDepth,bulkDensHorizonProportion,bulkDensSampleType,bulkDensExclCoarseFrag,remarks
"cdb840d7-9dc0-413e-85a2-8ebdd745425b","D05","TREE","MEGAPT100999","D05_TREE_PIT1","5_TREE_PIT1_A/E","5_TREE_PIT1_BULKD_6-11_A/E","A/E","2015-06-15","2015-06-15","USDA NRCS Kellogg Soil Survey Laboratory - Lincoln - NE","I2015USWI070",8.5,6.0,11.0,1.0,"Regular",1.1805,
"44e194f4-1fdf-4d02-8d5b-a53f73da86f0","D05","TREE","MEGAPT100999","D05_TREE_PIT1","5_TREE_PIT1_3CD1","5_TREE_PIT1_BULKD_168-173_3CD1","3Cd1","2015-06-15","2015-06-15","USDA NRCS Kellogg Soil Survey Laboratory - Lincoln - NE","I2015USWI070",170.5,168.0,173.0,1.0,"Regular",1.6987,
"633f5fc8-11c4-484f-b2d0-ca1852342636","D05","TREE","MEGAPT100999","D05_TREE_PIT1","5_TREE_PIT1_3CD2","5_TREE_PIT1_BULKD_184-189_3CD2","3Cd2","2015-06-15","2015-06-15","USDA NRCS Kellogg Soil Survey Laboratory - Lincoln - NE","I2015USWI070",186.5,184.0,189.0,1.0,"Regular",1.7912,
"4b12b95c-dc48-499d-8f71-f30f138ac8ca","D05","TREE","MEGAPT100999","D05_TREE_PIT1","5_TREE_PIT1_2E_AND_BT","5_TREE_PIT1_BULKD_1","2E and Bt","2015-06-15","2015-06-15","USDA NRCS Kellogg Soil Survey Laboratory - Lincoln - NE","I2015USWI070",86.5,84.0,89.0,1.0,"Audit",1.4971,
"2e4d28a9-d500-4b4d-99a0-c9dc7853a286","D05","TREE","MEGAPT100999","D05_TREE_PIT1","5_TREE_PIT1_2BC","5_TREE_PIT1_BULKD_122-127_2BC","2BC","2015-06-15","2015-06-15","USDA NRCS Kellogg Soil Survey Laboratory - Lincoln - NE","I2015USWI070",124.5,122.0,127.0,1.0,"Regular",1.5322,
"2b3ca70a-36a6-44e4-8216-698a8df98be2","D05","TREE","MEGAPT100999","D05_TREE_PIT1","5_TREE_PIT1_E1","5_TREE_PIT1_BULKD_34-39_E1","E","2015-06-15","2015-06-15","USDA NRCS Kellogg Soil Survey Laboratory - Lincoln - NE","I2015USWI070",36.5,34.0,39.0,1.0,"Regular",1.3618,
"9ba04389-86a2-4cef-a273-140f16e6495b","D05","TREE","MEGAPT100999","D05_TREE_PIT1","5_TREE_PIT1_OA","5_TREE_PIT1_BULKD_0-2_OA","Oa","2015-06-15","2015-06-15","USDA NRCS Kellogg Soil Survey Laboratory - Lincoln - NE","I2015USWI070",1.0,0.0,2.0,1.0,"Regular",0.6609,
"3145805b-866e-411d-8715-d3f6320334b8","D05","TREE","MEGAPT100999","D05_TREE_PIT1","5_TREE_PIT1_E/B","5_TREE_PIT1_BULKD_56-61_E/B","E/B","2015-06-15","2015-06-15","USDA NRCS Kellogg Soil Survey Laboratory - Lincoln - NE","I2015USWI070",58.5,56.0,61.0,1.0,"Regular",1.4726,
"a34ea603-1a81-4b11-aeef-617e1cccc907","D05","TREE","MEGAPT100999","D05_TREE_PIT1","5_TREE_PIT1_2E_AND_BT","5_TREE_PIT1_BULKD_84-89_2E_AND_BT","2E and Bt","2015-06-15","2015-06-15","USDA NRCS Kellogg Soil Survey Laboratory - Lincoln - NE","I2015USWI070",86.5,84.0,89.0,1.0,"Regular",1.3481,
"51bd2e5a-5638-4512-a409-b30c84dd763c","D05","TREE","MEGAPT100999","D05_TREE_PIT1","5_TREE_PIT1_BS","5_TREE_PIT1_BULKD_20-25_BS","Bs","2015-06-15","2015-06-15","USDA NRCS Kellogg Soil Survey Laboratory - Lincoln - NE","I2015USWI070",22.5,20.0,25.0,1.0,"Regular",1.3147,
