uid,domainID,siteID,pitNamedLocation,pitID,horizonID,horizonName,setDate,collectDate,horizonTopDepth,horizonBottomDepth,nrcsDescriptionID,remarks
"49f03d8d-7218-4103-94de-ce0ff1ad888c","D05","TREE","MEGAPT100999","D05_TREE_PIT1","5_TREE_PIT1_2BC","2BC","2015-06-15","2015-06-15",107.0,168.0,"2015WI069002",
"21886114-47a9-49e7-9d2d-b26794244b25","D05","TREE","MEGAPT100999","D05_TREE_PIT1","5_TREE_PIT1_E/B","E/B","2015-06-15","2015-06-15",52.0,66.0,"2015WI069002",
"5d4a9399-804d-4896-aa9b-f0f43a8940ea","D05","TREE","MEGAPT100999","D05_TREE_PIT1","5_TREE_PIT1_BS","Bs","2015-06-15","2015-06-15",17.0,33.0,"2015WI069002",
"dfec6376-baa1-4baa-b01a-fb8a0854c96e","D05","TREE","MEGAPT100999","D05_TREE_PIT1","5_TREE_PIT1_E1","E","2015-06-15","2015-06-15",33.0,52.0,"2015WI069002",
"4f7466c3-9c89-4199-b7ca-efcf1003c5bb","D05","TREE","MEGAPT100999","D05_TREE_PIT1","5_TREE_PIT1_3CD1","3Cd1","2015-06-15","2015-06-15",168.0,176.0,"2015WI069002",
"014d81ee-ada2-43b3-995a-9bb4db584fae","D05","TREE","MEGAPT100999","D05_TREE_PIT1","5_TREE_PIT1_3CD2","3Cd2","2015-06-15","2015-06-15",176.0,200.0,"2015WI069002",
"c3f65df2-86a9-470a-a27b-0868d49743a5","D05","TREE","MEGAPT100999","D05_TREE_PIT1","5_TREE_PIT1_A/E","A/E","2015-06-15","2015-06-15",2.0,17.0,"2015WI069002",
"b54b00b2-a05b-428e-86c5-bab03e58bc74","D05","TREE","MEGAPT100999","D05_TREE_PIT1","5_TREE_PIT1_OA","Oa","2015-06-15","2015-06-15",0.0,2.0,"2015WI069002",
"c98ea359-5c67-4fea-911a-adbc8f0feb6e","D05","TREE","MEGAPT100999","D05_TREE_PIT1","5_TREE_PIT1_2E_AND_BT","2E and Bt","2015-06-15","2015-06-15",66.0,107.0,"2015WI069002",
