uid,namedLocation,domainID,siteID,plotID,nrcsDescriptionID,collectDate,horizonID,horizonName,biogeoIDnrcs,biogeoSampleType,biogeoTopDepth,biogeoBottomDepth,biogeoCenterDepth,particleSizeDistProcessedDate,particleSizeDistMethodPub,particleSizeDistMethod,coarseFrag2To5,coarseFrag5To20,sandTotal,siltTotal,clayTotal,carbonateClay,clayFineContent,siltFineContent,siltCoarseContent,sandVeryFineContent,sandFineContent,sandMediumContent,sandCoarseContent,sandVeryCoarseContent,laboratoryName,dataQF
"41b76997-221e-4aee-b814-0e9502e23036","MOAB_011.basePlot.all","D13","MOAB","MOAB_011","S2016UT037002","2016-04-16","16N03673","A","S2016UT037002-1","bulk",0.0,10.0,5.0,"2016-08-22","Kellogg Soil Survey Laboratory Methods Manual, Soil Survey Investigations Report No. 42 Version 5.0, Issued 2014","Routine Particle Size Distribution (3A1a1a)",9.3,28.1,71.9,17.8,10.3,0.0,,7.1,10.7,37.9,29.1,4.3,0.5,0.1,"USDA NRCS Kellogg Soil Survey Laboratory",
"0efe345d-16cd-4bc2-9e56-21c9af51b092","MOAB_011.basePlot.all","D13","MOAB","MOAB_011","S2016UT037002","2016-04-16","16N03675","Bk","S2016UT037002-3","bulk",35.0,49.0,42.0,"2016-08-22","Kellogg Soil Survey Laboratory Methods Manual, Soil Survey Investigations Report No. 42 Version 5.0, Issued 2014","Routine Particle Size Distribution (3A1a1a)",82.3,76.7,70.9,16.8,12.3,2.9,,8.0,8.8,35.5,29.2,5.0,0.8,0.4,"USDA NRCS Kellogg Soil Survey Laboratory",
"c86309dc-b591-4cd0-8137-cc865f9342cc","MOAB_011.basePlot.all","D13","MOAB","MOAB_011","S2016UT037002","2016-04-16","16N03674","Bw","S2016UT037002-2","bulk",10.0,35.0,22.5,"2016-08-22","Kellogg Soil Survey Laboratory Methods Manual, Soil Survey Investigations Report No. 42 Version 5.0, Issued 2014","Routine Particle Size Distribution (3A1a1a)",13.9,39.4,69.0,20.0,11.0,0.0,,7.7,12.3,35.9,27.4,5.0,0.5,0.2,"USDA NRCS Kellogg Soil Survey Laboratory",
"eca891dc-5853-420d-b7dd-b58968d4508e","MOAB_011.basePlot.all","D13","MOAB","MOAB_011","S2016UT037002","2016-04-16","16N03676","Bkk","S2016UT037002-4","bulk",49.0,68.0,58.5,"2016-09-13","Kellogg Soil Survey Laboratory Methods Manual, Soil Survey Investigations Report No. 42 Version 5.0, Issued 2014","Routine Particle Size Distribution (3A1a1a)",90.1,74.2,65.7,15.7,18.6,14.1,,8.7,7.0,24.1,25.1,8.2,5.0,3.3,"USDA NRCS Kellogg Soil Survey Laboratory",
"43e63e9d-994d-4b30-a755-875c1c0c1928","MOAB_011.basePlot.all","D13","MOAB","MOAB_011","S2016UT037002","2016-04-16","16N03677","BCkk","S2016UT037002-5","bulk",68.0,100.0,84.0,"2016-09-13","Kellogg Soil Survey Laboratory Methods Manual, Soil Survey Investigations Report No. 42 Version 5.0, Issued 2014","Routine Particle Size Distribution (3A1a1a)",40.9,37.0,58.6,15.9,25.5,22.7,,10.2,5.7,17.7,20.5,8.2,7.0,5.2,"USDA NRCS Kellogg Soil Survey Laboratory",
"68d3841e-dfd4-4be5-ba8b-0453e2e1d800","MOAB_006.basePlot.all","D13","MOAB","MOAB_006","S2016UT037003","2016-04-26","16N03678","A","S2016UT037003-1","bulk",0.0,10.0,5.0,"2016-09-13","Kellogg Soil Survey Laboratory Methods Manual, Soil Survey Investigations Report No. 42 Version 5.0, Issued 2014","Routine Particle Size Distribution (3A1a1a)",2.9,6.6,88.8,5.1,6.1,1.2,,1.5,3.6,58.4,29.1,1.1,0.1,0.1,"USDA NRCS Kellogg Soil Survey Laboratory",
"1c324b62-c128-4777-8d26-103e85b28f9b","MOAB_015.basePlot.all","D13","MOAB","MOAB_015","S2016UT037001","2016-04-26","16N03669","A","S2016UT037001-1","bulk",0.0,5.0,2.5,"2016-08-22","Kellogg Soil Survey Laboratory Methods Manual, Soil Survey Investigations Report No. 42 Version 5.0, Issued 2014","Routine Particle Size Distribution (3A1a1a)",2.1,1.0,76.4,16.1,7.5,0.0,,6.3,9.8,52.9,21.4,1.8,0.2,0.1,"USDA NRCS Kellogg Soil Survey Laboratory",
"816338d2-eea8-4281-ad5c-97454862af54","MOAB_006.basePlot.all","D13","MOAB","MOAB_006","S2016UT037003","2016-04-26","16N03679","Bw","S2016UT037003-2","bulk",10.0,38.0,24.0,"2016-09-13","Kellogg Soil Survey Laboratory Methods Manual, Soil Survey Investigations Report No. 42 Version 5.0, Issued 2014","Routine Particle Size Distribution (3A1a1a)",6.4,16.2,78.4,12.4,9.2,1.2,,3.9,8.5,54.5,21.7,1.6,0.3,0.3,"USDA NRCS Kellogg Soil Survey Laboratory",
"99e275b9-8063-427f-ba74-b6373032ccd4","MOAB_015.basePlot.all","D13","MOAB","MOAB_015","S2016UT037001","2016-04-26","16N03672","BC","S2016UT037001-4","bulk",44.0,61.0,52.5,"2016-08-22","Kellogg Soil Survey Laboratory Methods Manual, Soil Survey Investigations Report No. 42 Version 5.0, Issued 2014","Routine Particle Size Distribution (3A1a1a)",0.0,1.3,64.4,20.7,14.9,7.3,,11.8,8.9,38.4,21.9,3.0,0.7,0.4,"USDA NRCS Kellogg Soil Survey Laboratory",
"1f56edd6-9a09-4a6a-86b6-fd3b3647a3e0","MOAB_006.basePlot.all","D13","MOAB","MOAB_006","S2016UT037003","2016-04-26","16N03682","Bk","S2016UT037003-5","bulk",76.0,96.0,86.0,"2016-09-13","Kellogg Soil Survey Laboratory Methods Manual, Soil Survey Investigations Report No. 42 Version 5.0, Issued 2014","Routine Particle Size Distribution (3A1a1a)",32.1,82.8,75.8,14.8,9.4,5.9,,8.6,6.2,38.9,24.3,7.7,3.2,1.7,"USDA NRCS Kellogg Soil Survey Laboratory",
"4660337e-ab96-4db8-846b-ab76754d7c40","MOAB_015.basePlot.all","D13","MOAB","MOAB_015","S2016UT037001","2016-04-26","16N03671","Bt2","S2016UT037001-3","bulk",32.0,44.0,38.0,"2016-08-22","Kellogg Soil Survey Laboratory Methods Manual, Soil Survey Investigations Report No. 42 Version 5.0, Issued 2014","Routine Particle Size Distribution (3A1a1a)",2.1,2.3,64.2,20.1,15.7,5.4,,10.5,9.6,43.6,17.9,2.4,0.2,0.1,"USDA NRCS Kellogg Soil Survey Laboratory",
"3a58df04-ff8b-4b5d-955a-f53ffe432dc5","MOAB_006.basePlot.all","D13","MOAB","MOAB_006","S2016UT037003","2016-04-26","16N03680","Bt1","S2016UT037003-3","bulk",38.0,59.0,48.5,"2016-09-13","Kellogg Soil Survey Laboratory Methods Manual, Soil Survey Investigations Report No. 42 Version 5.0, Issued 2014","Routine Particle Size Distribution (3A1a1a)",23.3,91.9,69.8,16.9,13.3,5.4,,8.0,8.9,43.8,20.8,3.5,0.9,0.8,"USDA NRCS Kellogg Soil Survey Laboratory",
"c061aaa9-82e9-4d73-b0c1-27a68edba449","MOAB_006.basePlot.all","D13","MOAB","MOAB_006","S2016UT037003","2016-04-26","16N03681","Bt2","S2016UT037003-4","bulk",59.0,76.0,67.5,"2016-09-13","Kellogg Soil Survey Laboratory Methods Manual, Soil Survey Investigations Report No. 42 Version 5.0, Issued 2014","Routine Particle Size Distribution (3A1a1a)",49.8,142.4,67.7,16.1,16.2,11.5,,9.5,6.6,30.7,22.7,6.1,3.7,4.5,"USDA NRCS Kellogg Soil Survey Laboratory",
"86da76bb-0e4c-4aef-a23a-79f6dd6fadeb","MOAB_015.basePlot.all","D13","MOAB","MOAB_015","S2016UT037001","2016-04-26","16N03670","Bt1","S2016UT037001-2","bulk",5.0,32.0,18.5,"2016-08-22","Kellogg Soil Survey Laboratory Methods Manual, Soil Survey Investigations Report No. 42 Version 5.0, Issued 2014","Routine Particle Size Distribution (3A1a1a)",0.0,2.0,67.7,18.4,13.9,0.0,,8.0,10.4,47.0,19.3,1.3,0.1,0.0,"USDA NRCS Kellogg Soil Survey Laboratory",
"4655d61c-a01d-4703-b993-c9f1bd426cc7","MOAB_013.basePlot.all","D13","MOAB","MOAB_013","S2016UT037007","2016-04-27","16N03693","Btk","S2016UT037007-3","bulk",21.0,49.0,35.0,"2016-09-13","Kellogg Soil Survey Laboratory Methods Manual, Soil Survey Investigations Report No. 42 Version 5.0, Issued 2014","Routine Particle Size Distribution (3A1a1a)",5.1,4.1,76.5,11.2,12.3,2.3,,4.2,7.0,40.6,32.7,2.7,0.3,0.2,"USDA NRCS Kellogg Soil Survey Laboratory",
"ca34004a-9e66-48dd-8990-8c7d2ae47414","MOAB_028.basePlot.all","D13","MOAB","MOAB_028","S2016UT037004","2016-04-27","16N03684","Bk","S2016UT037004-2","bulk",9.0,28.0,18.5,"2016-09-13","Kellogg Soil Survey Laboratory Methods Manual, Soil Survey Investigations Report No. 42 Version 5.0, Issued 2014","Routine Particle Size Distribution (3A1a1a)",102.7,6.8,5.4,66.1,28.5,3.8,,49.2,16.9,4.4,0.7,0.2,0.1,0.0,"USDA NRCS Kellogg Soil Survey Laboratory",
"4fff3593-b36e-49cf-be03-c15553220754","MOAB_016.basePlot.all","D13","MOAB","MOAB_016","S2016UT037008","2016-04-27","16N03697","Bk1","S2016UT037008-4","bulk",52.0,73.0,62.5,"2016-09-13","Kellogg Soil Survey Laboratory Methods Manual, Soil Survey Investigations Report No. 42 Version 5.0, Issued 2014","Routine Particle Size Distribution (3A1a1a)",62.4,29.0,70.7,11.9,17.4,9.8,,6.3,5.6,23.0,33.8,7.6,3.0,3.3,"USDA NRCS Kellogg Soil Survey Laboratory",
"19af56c2-3cd7-4532-8a4c-7dc811c0f772","MOAB_013.basePlot.all","D13","MOAB","MOAB_013","S2016UT037007","2016-04-27","16N03692","Bt","S2016UT037007-2","bulk",9.0,21.0,15.0,"2016-09-13","Kellogg Soil Survey Laboratory Methods Manual, Soil Survey Investigations Report No. 42 Version 5.0, Issued 2014","Routine Particle Size Distribution (3A1a1a)",1.2,2.1,77.4,10.4,12.2,0.0,,3.6,6.8,40.9,33.7,2.3,0.4,0.1,"USDA NRCS Kellogg Soil Survey Laboratory",
"090ee807-4988-4013-a916-19cf4c9fb0e9","MOAB_016.basePlot.all","D13","MOAB","MOAB_016","S2016UT037008","2016-04-27","16N03696","Bt2","S2016UT037008-3","bulk",22.0,52.0,37.0,"2016-09-13","Kellogg Soil Survey Laboratory Methods Manual, Soil Survey Investigations Report No. 42 Version 5.0, Issued 2014","Routine Particle Size Distribution (3A1a1a)",7.3,2.8,71.1,17.9,11.0,2.6,,7.7,10.2,32.4,32.8,4.3,1.0,0.6,"USDA NRCS Kellogg Soil Survey Laboratory",
"e46676b6-7b2a-4864-a73c-b01dee2cb36b","MOAB_013.basePlot.all","D13","MOAB","MOAB_013","S2016UT037007","2016-04-27","16N03691","A","S2016UT037007-1","bulk",0.0,9.0,4.5,"2016-09-13","Kellogg Soil Survey Laboratory Methods Manual, Soil Survey Investigations Report No. 42 Version 5.0, Issued 2014","Routine Particle Size Distribution (3A1a1a)",0.0,0.0,82.2,8.9,8.9,0.0,,2.5,6.4,40.3,38.8,2.5,0.4,0.2,"USDA NRCS Kellogg Soil Survey Laboratory",
"02003a68-4e00-4a67-9bf7-780320e1d4ef","MOAB_002.basePlot.all","D13","MOAB","MOAB_002","S2016UT037009","2016-04-27","16N03703","Bk2","S2016UT037009-5","bulk",71.0,100.0,85.5,"2016-09-13","Kellogg Soil Survey Laboratory Methods Manual, Soil Survey Investigations Report No. 42 Version 5.0, Issued 2014","Routine Particle Size Distribution (3A1a1a)",1.5,1.3,74.9,12.4,12.7,5.9,,5.8,6.6,27.3,42.1,2.8,2.3,0.4,"USDA NRCS Kellogg Soil Survey Laboratory",
"1e7d0a1c-fd8b-4470-9422-983a6811c19e","MOAB_016.basePlot.all","D13","MOAB","MOAB_016","S2016UT037008","2016-04-27","16N03698","Bk2","S2016UT037008-5","bulk",73.0,100.0,86.5,"2016-09-13","Kellogg Soil Survey Laboratory Methods Manual, Soil Survey Investigations Report No. 42 Version 5.0, Issued 2014","Routine Particle Size Distribution (3A1a1a)",125.2,91.0,72.0,9.6,18.4,12.7,,5.6,4.0,20.2,38.3,7.2,4.0,2.3,"USDA NRCS Kellogg Soil Survey Laboratory",
"2577ed28-391e-4046-b68b-d6835ae6a737","MOAB_002.basePlot.all","D13","MOAB","MOAB_002","S2016UT037009","2016-04-27","16N03699","A","S2016UT037009-1","bulk",0.0,7.0,3.5,"2016-09-13","Kellogg Soil Survey Laboratory Methods Manual, Soil Survey Investigations Report No. 42 Version 5.0, Issued 2014","Routine Particle Size Distribution (3A1a1a)",0.0,0.0,83.5,8.6,7.9,0.0,,2.2,6.4,33.5,44.5,4.6,0.8,0.1,"USDA NRCS Kellogg Soil Survey Laboratory",
"c1ba46cb-bd58-46af-b146-1a54dfc7e190","MOAB_028.basePlot.all","D13","MOAB","MOAB_028","S2016UT037004","2016-04-27","16N03683","A","S2016UT037004-1","bulk",0.0,9.0,4.5,"2016-09-13","Kellogg Soil Survey Laboratory Methods Manual, Soil Survey Investigations Report No. 42 Version 5.0, Issued 2014","Routine Particle Size Distribution (3A1a1a)",23.1,85.5,25.3,37.5,37.2,7.2,,31.9,5.6,10.0,11.6,2.5,0.7,0.5,"USDA NRCS Kellogg Soil Survey Laboratory",
"bc8004be-cb94-49ce-9782-db67d359ad91","MOAB_003.basePlot.all","D13","MOAB","MOAB_003","S2016UT037006","2016-04-27","16N03689","A","S2016UT037006-1","bulk",0.0,11.0,5.5,"2016-09-13","Kellogg Soil Survey Laboratory Methods Manual, Soil Survey Investigations Report No. 42 Version 5.0, Issued 2014","Routine Particle Size Distribution (3A1a1a)",36.3,130.8,52.9,27.9,19.2,4.3,,15.1,12.8,21.0,23.8,4.3,2.3,1.5,"USDA NRCS Kellogg Soil Survey Laboratory",
"9bccad97-b216-4d75-aee1-f95f79cc395e","MOAB_002.basePlot.all","D13","MOAB","MOAB_002","S2016UT037009","2016-04-27","16N03700","Bw1","S2016UT037009-2","bulk",7.0,23.0,15.0,"2016-09-13","Kellogg Soil Survey Laboratory Methods Manual, Soil Survey Investigations Report No. 42 Version 5.0, Issued 2014","Routine Particle Size Distribution (3A1a1a)",3.4,0.0,78.8,11.1,10.1,0.0,,3.4,7.7,40.0,33.9,4.1,0.7,0.1,"USDA NRCS Kellogg Soil Survey Laboratory",
"7a926af3-2a4f-4fde-a3ce-1d422f9a0c5c","MOAB_025.basePlot.all","D13","MOAB","MOAB_025","S2016UT037005","2016-04-27","16N03685","A","S2016UT037005-1","bulk",0.0,7.0,3.5,"2016-09-13","Kellogg Soil Survey Laboratory Methods Manual, Soil Survey Investigations Report No. 42 Version 5.0, Issued 2014","Routine Particle Size Distribution (3A1a1a)",34.6,40.3,66.9,19.0,14.1,3.5,,6.9,12.1,3.7,30.2,28.3,3.3,1.4,"USDA NRCS Kellogg Soil Survey Laboratory",
"118f3f6b-73cf-4052-9792-af997ebf9c39","MOAB_002.basePlot.all","D13","MOAB","MOAB_002","S2016UT037009","2016-04-27","16N03701","Bw2","S2016UT037009-3","bulk",23.0,52.0,37.5,"2016-09-13","Kellogg Soil Survey Laboratory Methods Manual, Soil Survey Investigations Report No. 42 Version 5.0, Issued 2014","Routine Particle Size Distribution (3A1a1a)",3.6,0.4,75.1,14.2,10.7,1.5,,4.3,9.9,38.3,32.6,3.7,0.5,0.0,"USDA NRCS Kellogg Soil Survey Laboratory",
"11ada267-46eb-445b-b241-924e93f30cb7","MOAB_025.basePlot.all","D13","MOAB","MOAB_025","S2016UT037005","2016-04-27","16N03686","Bk","S2016UT037005-2","bulk",7.0,24.0,15.5,"2016-09-13","Kellogg Soil Survey Laboratory Methods Manual, Soil Survey Investigations Report No. 42 Version 5.0, Issued 2014","Routine Particle Size Distribution (3A1a1a)",39.2,27.2,40.1,26.8,33.1,10.8,,13.5,13.3,3.2,21.7,13.9,0.9,0.4,"USDA NRCS Kellogg Soil Survey Laboratory",
"914a614a-bb2d-432f-a619-6f6441bbde4e","MOAB_016.basePlot.all","D13","MOAB","MOAB_016","S2016UT037008","2016-04-27","16N03694","A","S2016UT037008-1","bulk",0.0,7.0,3.5,"2016-09-13","Kellogg Soil Survey Laboratory Methods Manual, Soil Survey Investigations Report No. 42 Version 5.0, Issued 2014","Routine Particle Size Distribution (3A1a1a)",2.9,1.1,79.8,14.1,6.1,0.0,,4.6,9.5,36.0,38.6,4.3,0.8,0.1,"USDA NRCS Kellogg Soil Survey Laboratory",
"9947c8fc-3894-47c8-8365-855d28ac8691","MOAB_016.basePlot.all","D13","MOAB","MOAB_016","S2016UT037008","2016-04-27","16N03695","Bt1","S2016UT037008-2","bulk",7.0,22.0,14.5,"2016-09-13","Kellogg Soil Survey Laboratory Methods Manual, Soil Survey Investigations Report No. 42 Version 5.0, Issued 2014","Routine Particle Size Distribution (3A1a1a)",7.9,2.9,72.9,16.8,10.3,1.8,,7.2,9.6,28.8,38.4,5.0,0.2,0.5,"USDA NRCS Kellogg Soil Survey Laboratory",
"847bd610-2bb6-47ad-8a0c-77cd4ee70b55","MOAB_025.basePlot.all","D13","MOAB","MOAB_025","S2016UT037005","2016-04-27","16N03688","Btk2","S2016UT037005-4","bulk",48.0,81.0,64.5,"2016-09-13","Kellogg Soil Survey Laboratory Methods Manual, Soil Survey Investigations Report No. 42 Version 5.0, Issued 2014","Routine Particle Size Distribution (3A1a1a)",13.3,9.8,34.1,30.1,35.8,15.9,,12.9,17.2,29.3,3.8,0.9,0.1,0.0,"USDA NRCS Kellogg Soil Survey Laboratory",
"b037ab93-7225-4aed-aea9-fc8ea19793f7","MOAB_002.basePlot.all","D13","MOAB","MOAB_002","S2016UT037009","2016-04-27","16N03702","Bk1","S2016UT037009-4","bulk",52.0,71.0,61.5,"2016-09-13","Kellogg Soil Survey Laboratory Methods Manual, Soil Survey Investigations Report No. 42 Version 5.0, Issued 2014","Routine Particle Size Distribution (3A1a1a)",94.5,196.8,74.5,10.6,14.9,5.9,,5.2,5.4,31.4,35.8,5.5,1.6,0.2,"USDA NRCS Kellogg Soil Survey Laboratory",
"d1e8d9cc-d05f-4cec-b4ad-3e7f4c7a7e39","MOAB_025.basePlot.all","D13","MOAB","MOAB_025","S2016UT037005","2016-04-27","16N03687","Btk1","S2016UT037005-3","bulk",24.0,48.0,36.0,"2016-09-13","Kellogg Soil Survey Laboratory Methods Manual, Soil Survey Investigations Report No. 42 Version 5.0, Issued 2014","Routine Particle Size Distribution (3A1a1a)",110.2,38.2,33.3,28.4,38.3,17.1,,11.9,16.5,24.7,6.0,2.3,0.3,0.0,"USDA NRCS Kellogg Soil Survey Laboratory",
"5ec6c2bd-5f09-4d43-bfb6-cfcd7f295b33","MOAB_003.basePlot.all","D13","MOAB","MOAB_003","S2016UT037006","2016-04-27","16N03690","BC","S2016UT037006-2","bulk",11.0,31.0,21.0,"2016-09-13","Kellogg Soil Survey Laboratory Methods Manual, Soil Survey Investigations Report No. 42 Version 5.0, Issued 2014","Routine Particle Size Distribution (3A1a1a)",202.4,203.8,58.1,26.3,15.6,3.2,,15.7,10.6,26.1,26.1,4.0,1.5,0.4,"USDA NRCS Kellogg Soil Survey Laboratory",
"1baaa26b-f69e-44c3-8bf7-4058442f53a9","MOAB_010.basePlot.all","D13","MOAB","MOAB_010","S2016UT037010","2016-04-28","16N03708","C","S2016UT037010-5","bulk",77.0,100.0,88.5,"2016-09-18","Kellogg Soil Survey Laboratory Methods Manual, Soil Survey Investigations Report No. 42 Version 5.0, Issued 2014","Routine Particle Size Distribution (3A1a1a)",35.0,83.4,82.7,8.4,8.9,2.0,,1.9,6.5,27.8,44.7,9.4,0.5,0.3,"USDA NRCS Kellogg Soil Survey Laboratory",
"31e4a4e2-59a7-48f8-a354-9404b357351b","MOAB_010.basePlot.all","D13","MOAB","MOAB_010","S2016UT037010","2016-04-28","16N03704","A","S2016UT037010-1","bulk",0.0,6.0,3.0,"2016-09-13","Kellogg Soil Survey Laboratory Methods Manual, Soil Survey Investigations Report No. 42 Version 5.0, Issued 2014","Routine Particle Size Distribution (3A1a1a)",3.6,2.3,79.5,12.6,7.9,0.0,,4.0,8.6,30.0,45.0,4.3,0.2,0.0,"USDA NRCS Kellogg Soil Survey Laboratory",
"32eabbcf-6b1c-48f0-b8a5-bd36f1bc7709","MOAB_010.basePlot.all","D13","MOAB","MOAB_010","S2016UT037010","2016-04-28","16N03706","Bw2","S2016UT037010-3","bulk",23.0,41.0,32.0,"2016-09-18","Kellogg Soil Survey Laboratory Methods Manual, Soil Survey Investigations Report No. 42 Version 5.0, Issued 2014","Routine Particle Size Distribution (3A1a1a)",8.8,0.0,77.5,12.2,10.3,2.9,,3.3,8.9,23.6,47.6,5.7,0.5,0.1,"USDA NRCS Kellogg Soil Survey Laboratory",
"ff68fa3c-200f-44a0-8be7-91fcf6d6fba4","MOAB_010.basePlot.all","D13","MOAB","MOAB_010","S2016UT037010","2016-04-28","16N03707","Bk","S2016UT037010-4","bulk",41.0,77.0,59.0,"2016-09-18","Kellogg Soil Survey Laboratory Methods Manual, Soil Survey Investigations Report No. 42 Version 5.0, Issued 2014","Routine Particle Size Distribution (3A1a1a)",5.3,1.4,82.3,8.6,9.1,3.1,,2.3,6.3,19.7,55.4,5.4,1.0,0.8,"USDA NRCS Kellogg Soil Survey Laboratory",
"14eddb55-be5b-4eaf-aa92-2695d507c26d","MOAB_010.basePlot.all","D13","MOAB","MOAB_010","S2016UT037010","2016-04-28","16N03705","Bw1","S2016UT037010-2","bulk",6.0,23.0,14.5,"2016-09-13","Kellogg Soil Survey Laboratory Methods Manual, Soil Survey Investigations Report No. 42 Version 5.0, Issued 2014","Routine Particle Size Distribution (3A1a1a)",27.1,67.6,77.2,12.6,10.2,0.0,,3.8,8.8,27.2,45.4,4.3,0.2,0.1,"USDA NRCS Kellogg Soil Survey Laboratory",
"a8d65331-71a5-4b62-81e7-905b4d45fe16","MOAB_046.basePlot.all","D13","MOAB","MOAB_046","S2016UT037011","2016-04-28","16N03709","A","S2016UT037011-1","bulk",0.0,8.0,4.0,"2016-09-18","Kellogg Soil Survey Laboratory Methods Manual, Soil Survey Investigations Report No. 42 Version 5.0, Issued 2014","Routine Particle Size Distribution (3A1a1a)",0.0,0.0,71.6,18.3,10.1,,,5.0,13.3,46.8,22.9,1.6,0.3,0.0,"USDA NRCS Kellogg Soil Survey Laboratory",
"d388a3d3-f16e-43f8-a24d-961d575f790e","MOAB_046.basePlot.all","D13","MOAB","MOAB_046","S2016UT037011","2016-04-28","16N03712","Bk2","S2016UT037011-4","bulk",68.0,92.0,80.0,"2016-09-18","Kellogg Soil Survey Laboratory Methods Manual, Soil Survey Investigations Report No. 42 Version 5.0, Issued 2014","Routine Particle Size Distribution (3A1a1a)",77.1,118.9,77.4,12.4,10.2,4.3,,4.7,7.7,36.3,32.3,4.0,3.6,1.2,"USDA NRCS Kellogg Soil Survey Laboratory",
"caaaca19-525e-4be1-9660-fc929d2ef547","MOAB_046.basePlot.all","D13","MOAB","MOAB_046","S2016UT037011","2016-04-28","16N03710","Bw","S2016UT037011-2","bulk",8.0,37.0,22.5,"2016-09-18","Kellogg Soil Survey Laboratory Methods Manual, Soil Survey Investigations Report No. 42 Version 5.0, Issued 2014","Routine Particle Size Distribution (3A1a1a)",48.7,17.6,66.7,18.2,15.1,1.8,,5.2,13.0,40.6,24.4,1.6,0.1,0.0,"USDA NRCS Kellogg Soil Survey Laboratory",
"7028b91a-c1f4-4c7a-95fd-ce6c63ee6ca8","MOAB_046.basePlot.all","D13","MOAB","MOAB_046","S2016UT037011","2016-04-28","16N03711","Bk1","S2016UT037011-3","bulk",37.0,68.0,52.5,"2016-09-18","Kellogg Soil Survey Laboratory Methods Manual, Soil Survey Investigations Report No. 42 Version 5.0, Issued 2014","Routine Particle Size Distribution (3A1a1a)",88.2,163.7,61.5,19.5,19.0,9.0,,6.6,12.9,38.0,19.3,2.6,1.1,0.5,"USDA NRCS Kellogg Soil Survey Laboratory",
