uid,domainID,siteID,plotID,namedLocation,plotType,nlcdClass,geodeticDatum,decimalLatitude,decimalLongitude,coordinateUncertainty,elevation,elevationUncertainty,collectDate,referenceCorner,sampleDistance,sampleBearing,pitID,testProtocolVersion,soilSamplingMethod,sampleRelativeLocation,pitDepth,recordedByA,soilProfileDescriberA,soilProfileDescriberInst,nrcsDescriptionID,soilSeries,soilFamily,soilSubgroup,soilGreatGroup,soilSuborder,soilOrder,remarks,dataQF
"f20afbdb-24b1-4965-8919-208e00a2b33f","D13","MOAB","MOAB_011","MOAB_011.basePlot.all","distributed","shrubScrub","WGS84",38.265110,-109.411809,20.1,1816.2,0.1,"2016-04-16","SW40",0.8,150,"947922","Field Book for Describing and Sampling Soils ver3","soil pit","Center of pit",100,"kmvwN81zTqk5+y+waFkx6g==","kmvwN81zTqk5+y+waFkx6g==","Natural Resource Conservation Service","S2016UT037002","Mivida","Coarse-loamy, mixed, superactive, mesic Aridic Calciustepts","aridic calciustepts","calciustepts","ustepts","inceptisols","3.1 miles south of LaSal Junction, Utah. (NEON Plot MOAB_011)",
"1fbb176c-b99a-4111-8dec-bba60e6a1ecc","D13","MOAB","MOAB_015","MOAB_015.basePlot.all","distributed","shrubScrub","WGS84",38.254256,-109.427819,20.1,1774.9,0.2,"2016-04-26","SW40",1.1,263,"1080819","Field Book for Describing and Sampling Soils ver3","soil pit","Center of pit",71,"kmvwN81zTqk5+y+waFkx6g==","uECpyD7WxAHCXbZ1hie1ag==","Natural Resource Conservation Service","S2016UT037001","Windwhistle","Coarse-loamy, mixed, superactive, mesic Ustic Haplargids","ustic haplargids","haplargids","argids","aridisols","~3km S/SE of Looking Glass Rock, NEON site (MOAB_015)",
"40c92931-e11f-49ce-9afe-d9e3480d3eb6","D13","MOAB","MOAB_006","MOAB_006.basePlot.all","distributed","shrubScrub","WGS84",38.236381,-109.406596,20.1,1760.6,0.1,"2016-04-26","SW40",0.5,280,"1080816","Field Book for Describing and Sampling Soils ver3","soil pit","Center of pit",121,"kmvwN81zTqk5+y+waFkx6g==","uECpyD7WxAFrup132M8lAQ==","Natural Resource Conservation Service","S2016UT037003","Windwhistle","Coarse-loamy, mixed, superactive, mesic Ustic Calciargids","ustic calciargids","calciargids","argids","aridisols","About 5 miles south of LaSal Junction. (NEON plot MOAB_006)",
"5593aed3-cff6-4ce3-b212-3e4e491e2f27","D13","MOAB","MOAB_003","MOAB_003.basePlot.all","distributed","evergreenForest","WGS84",38.261284,-109.349483,20.1,2006.8,0.1,"2016-04-27","SW40",0.9,215,"1080815","Field Book for Describing and Sampling Soils ver3","soil pit","Center of pit",71,"tWVSTXHb1HTbizD5RCX0Eg==","tWVSTXHb1HTbizD5RCX0Eg==","Natural Resource Conservation Service","S2016UT037006","Aridic Lithic Haplustepts","Loamy, mixed, superactive, mesic Aridic Lithic Haplustepts","aridic lithic haplustepts","haplustepts","ustepts","inceptisols","E/SE of Joe Wilson Canyon",
"9adc58f9-496c-4c67-8828-d3623832fc54","D13","MOAB","MOAB_028","MOAB_028.basePlot.all","distributed","evergreenForest","WGS84",38.270215,-109.350313,20.1,2010.2,0.1,"2016-04-27","SW40",0.8,202,"1080814","Field Book for Describing and Sampling Soils ver3","soil pit","Center of pit",60,"tWVSTXHb1HTbizD5RCX0Eg==","tWVSTXHb1HTbizD5RCX0Eg==","Natural Resource Conservation Service","S2016UT037004","Aridic Lithic Haplustepts","Clayey, mixed, superactive, mesic Aridic Lithic Haplustepts","aridic lithic haplustepts","haplustepts","ustepts","inceptisols","Bench above Wilson Arch, E/SE of Wilson Arch",
"1d2e28d2-f481-4c69-9fe8-9310438c0b77","D13","MOAB","MOAB_002","MOAB_002.basePlot.all","distributed","shrubScrub","WGS84",38.210793,-109.414698,20.1,1773.5,0.1,"2016-04-27","SW40",0.5,170,"947923","Field Book for Describing and Sampling Soils ver3","soil pit","Center of pit",100,"kmvwN81zTqk5+y+waFkx6g==","M5x5YAISVUgst15TllLLUA==","Natural Resource Conservation Service","S2016UT037009","Begay","Coarse-loamy, mixed, superactive, mesic Ustic Haplocambids","ustic haplocambids","haplocambids","cambids","aridisols","4.9 miles South of Wilson Arch (NEON Plot MOAB_002)",
"03b1c681-4d39-4b04-989b-84ffa7cd56d3","D13","MOAB","MOAB_025","MOAB_025.basePlot.all","distributed","evergreenForest","WGS84",38.269367,-109.347608,20.1,2037.0,0.1,"2016-04-27","SW40",1.3,112,"1080813","Field Book for Describing and Sampling Soils ver3","soil pit","Center of pit",81,"tWVSTXHb1HTbizD5RCX0Eg==","tWVSTXHb1HTbizD5RCX0Eg==","Natural Resource Conservation Service","S2016UT037005","Cahona","Fine-loamy, mixed, superactive, mesic Calcidic Haplustalfs","calcidic haplustalfs","haplustalfs","ustalfs","alfisols","Bench above Wilson Arch, ~1.9km E/SE of Wilson Arch.",
"cdf24136-32db-4d27-897d-021feb924d0b","D13","MOAB","MOAB_016","MOAB_016.basePlot.all","distributed","shrubScrub","WGS84",38.206372,-109.407265,20.1,1768.0,0.1,"2016-04-27","SW40",0.7,159,"1080817","Field Book for Describing and Sampling Soils ver3","soil pit","Center of pit",100,"kmvwN81zTqk5+y+waFkx6g==","uECpyD7WxAFrup132M8lAQ==","Natural Resource Conservation Service","S2016UT037008","Barx","Fine-loamy, mixed, superactive, mesic Ustic Calciargids","ustic calciargids","calciargids","argids","aridisols","Dry Valley, NEON site (MOAB_016)",
"23d7b94b-636a-4731-b2a5-6624b7b4baa8","D13","MOAB","MOAB_013","MOAB_013.basePlot.all","distributed","shrubScrub","WGS84",38.233754,-109.392955,20.1,1768.4,0.1,"2016-04-27","SW40",0.5,114,"1080818","Field Book for Describing and Sampling Soils ver3","soil pit","Center of pit",91,"kmvwN81zTqk5+y+waFkx6g==","sQlwAXnyX7pkb231/Qs5Cw==","Natural Resource Conservation Service","S2016UT037007","Windwhistle","Fine-loamy, mixed, superactive, mesic, shallow Ustic Calciargids","ustic calciargids","calciargids","argids","aridisols","Dry Valley, NEON site (MOAB_013)",
"400dd9d0-85ae-4b51-aaa8-101fa6647ce6","D13","MOAB","MOAB_046","MOAB_046.basePlot.all","tower","shrubScrub","WGS84",38.248084,-109.392292,20.1,1792.2,0.1,"2016-04-28","SW40",1.3,344,"1080812","Field Book for Describing and Sampling Soils ver3","soil core","Center of pit",100,"tWVSTXHb1HTbizD5RCX0Eg==","tWVSTXHb1HTbizD5RCX0Eg==","Natural Resource Conservation Service","S2016UT037011","Sazi","Coarse-loamy, mixed, superactive, mesic Ustic Haplocalcids","ustic haplocalcids","haplocalcids","calcids","aridisols","South of Joe Wilson Canyon. ~450meters west of NEON tower.",
"f579312c-1a45-4c6e-96d3-d27e106450fb","D13","MOAB","MOAB_010","MOAB_010.basePlot.all","distributed","shrubScrub","WGS84",38.255190,-109.378090,20.1,1815.6,0.1,"2016-04-28","SW40",0.7,165,"947924","Field Book for Describing and Sampling Soils ver3","soil pit","Center of pit",100,"kmvwN81zTqk5+y+waFkx6g==","M5x5YAISVUgst15TllLLUA==","Natural Resource Conservation Service","S2016UT037010","Begay","Coarse-loamy, mixed, superactive, mesic Ustic Haplocambids","ustic haplocambids","haplocambids","cambids","aridisols","1.3 miles South of Wilson Arch (NEON Plot MOAB_010).",
