uid,namedLocation,domainID,siteID,plotID,pitID,collectDate,testProtocolVersion,nrcsDescriptionID,horizonID,horizonName,horizonTopDepth,horizonBottomDepth,remarks,dataQF
"5f56297e-9bb5-414e-b38a-15803fcb28b0","MOAB_011.basePlot.all","D13","MOAB","MOAB_011","947922","2016-04-16","Field Book for Describing and Sampling Soils ver3","S2016UT037002","16N03674","Bw",10,35,,
"7bb113e0-d77b-4ae9-8314-a4e66efc58ab","MOAB_011.basePlot.all","D13","MOAB","MOAB_011","947922","2016-04-16","Field Book for Describing and Sampling Soils ver3","S2016UT037002","16N03675","Bk",35,49,,
"a13da274-abb3-4322-bf38-325bbc8f4795","MOAB_011.basePlot.all","D13","MOAB","MOAB_011","947922","2016-04-16","Field Book for Describing and Sampling Soils ver3","S2016UT037002","16N03676","Bkk",49,68,,
"5e76dad1-f4e5-4bb6-a5f0-bcd8c978695a","MOAB_011.basePlot.all","D13","MOAB","MOAB_011","947922","2016-04-16","Field Book for Describing and Sampling Soils ver3","S2016UT037002","16N03673","A",0,10,,
"e6202427-fa9f-4746-a1a1-87f399e7a347","MOAB_011.basePlot.all","D13","MOAB","MOAB_011","947922","2016-04-16","Field Book for Describing and Sampling Soils ver3","S2016UT037002","16N03677","BCkk",68,100,,
"e57c57e0-e1da-4a33-90a4-8aa6415d582f","MOAB_006.basePlot.all","D13","MOAB","MOAB_006","1080816","2016-04-26","Field Book for Describing and Sampling Soils ver3","S2016UT037003","16N03678","A",0,10,,
"d61e6194-4f81-4724-9061-684786260b42","MOAB_015.basePlot.all","D13","MOAB","MOAB_015","1080819","2016-04-26","Field Book for Describing and Sampling Soils ver3","S2016UT037001","16N03672","BC",44,61,,
"76ef5972-fb45-40d0-a560-71d1adac8184","MOAB_015.basePlot.all","D13","MOAB","MOAB_015","1080819","2016-04-26","Field Book for Describing and Sampling Soils ver3","S2016UT037001","5223081","Cr",61,71,,
"ce187a4e-cc59-4774-81ef-a0bd431a9477","MOAB_006.basePlot.all","D13","MOAB","MOAB_006","1080816","2016-04-26","Field Book for Describing and Sampling Soils ver3","S2016UT037003","5223066","R",96,121,,
"ee31620f-05f4-4e32-89c6-2465e79ce1ed","MOAB_015.basePlot.all","D13","MOAB","MOAB_015","1080819","2016-04-26","Field Book for Describing and Sampling Soils ver3","S2016UT037001","16N03671","Bt2",32,44,,
"06c9198e-2e70-49ba-bbc8-d82249faf6d4","MOAB_015.basePlot.all","D13","MOAB","MOAB_015","1080819","2016-04-26","Field Book for Describing and Sampling Soils ver3","S2016UT037001","16N03670","Bt1",5,32,,
"72eb913e-92f4-4c14-af88-16eafa818c12","MOAB_006.basePlot.all","D13","MOAB","MOAB_006","1080816","2016-04-26","Field Book for Describing and Sampling Soils ver3","S2016UT037003","16N03682","Bk",76,96,,
"029d718b-0aef-4288-88bd-0971bf5af4fd","MOAB_015.basePlot.all","D13","MOAB","MOAB_015","1080819","2016-04-26","Field Book for Describing and Sampling Soils ver3","S2016UT037001","16N03669","A",0,5,,
"eb092efc-b485-4580-9182-a5d0c1ae8000","MOAB_006.basePlot.all","D13","MOAB","MOAB_006","1080816","2016-04-26","Field Book for Describing and Sampling Soils ver3","S2016UT037003","16N03680","Bt1",38,59,,
"ba73dac0-e283-467c-bb50-a3dcabd94b35","MOAB_006.basePlot.all","D13","MOAB","MOAB_006","1080816","2016-04-26","Field Book for Describing and Sampling Soils ver3","S2016UT037003","16N03679","Bw",10,38,,
"55db5215-75ca-455c-bbbd-f31f769e8d39","MOAB_006.basePlot.all","D13","MOAB","MOAB_006","1080816","2016-04-26","Field Book for Describing and Sampling Soils ver3","S2016UT037003","16N03681","Bt2",59,76,,
"0235c915-07ab-4d5f-990c-3bb100393885","MOAB_016.basePlot.all","D13","MOAB","MOAB_016","1080817","2016-04-27","Field Book for Describing and Sampling Soils ver3","S2016UT037008","16N03695","Bt1",7,22,,
"06f92891-1ad4-49fa-a38e-6a1abb41d2ed","MOAB_025.basePlot.all","D13","MOAB","MOAB_025","1080813","2016-04-27","Field Book for Describing and Sampling Soils ver3","S2016UT037005","16N03688","Btk2",48,81,,
"c45fb9e6-234e-470e-a5a1-558f10066a06","MOAB_028.basePlot.all","D13","MOAB","MOAB_028","1080814","2016-04-27","Field Book for Describing and Sampling Soils ver3","S2016UT037004","16N03684","Bk",9,28,,
"571554cb-e9e3-4ec8-9306-dff130a5478b","MOAB_028.basePlot.all","D13","MOAB","MOAB_028","1080814","2016-04-27","Field Book for Describing and Sampling Soils ver3","S2016UT037004","5223056","R",35,60,,
"a6e91636-1597-4d08-bb30-02cbc91577d8","MOAB_016.basePlot.all","D13","MOAB","MOAB_016","1080817","2016-04-27","Field Book for Describing and Sampling Soils ver3","S2016UT037008","16N03696","Bt2",22,52,,
"49c13f43-cf3a-4a72-836f-c3af8827eda0","MOAB_002.basePlot.all","D13","MOAB","MOAB_002","947923","2016-04-27","Field Book for Describing and Sampling Soils ver3","S2016UT037009","16N03700","Bw1",7,23,,
"57c44765-3432-4ddb-b8af-0f2f9ffcb81c","MOAB_002.basePlot.all","D13","MOAB","MOAB_002","947923","2016-04-27","Field Book for Describing and Sampling Soils ver3","S2016UT037009","16N03699","A",0,7,,
"502d0f0a-4493-47d2-b9f1-3af8edc8a638","MOAB_013.basePlot.all","D13","MOAB","MOAB_013","1080818","2016-04-27","Field Book for Describing and Sampling Soils ver3","S2016UT037007","5223075","Cr",49,66,,
"a0379dd2-31d3-418a-bee6-a51e5b54cbd7","MOAB_013.basePlot.all","D13","MOAB","MOAB_013","1080818","2016-04-27","Field Book for Describing and Sampling Soils ver3","S2016UT037007","16N03692","Bt",9,21,,
"960433eb-79d0-46b5-880c-ec0fa877eeb8","MOAB_016.basePlot.all","D13","MOAB","MOAB_016","1080817","2016-04-27","Field Book for Describing and Sampling Soils ver3","S2016UT037008","16N03694","A",0,7,,
"813d0464-e8a1-4e35-992f-4d4872209872","MOAB_025.basePlot.all","D13","MOAB","MOAB_025","1080813","2016-04-27","Field Book for Describing and Sampling Soils ver3","S2016UT037005","16N03687","Btk1",24,48,,
"80540a2c-2ea6-4f66-9745-9c8ff55a935a","MOAB_013.basePlot.all","D13","MOAB","MOAB_013","1080818","2016-04-27","Field Book for Describing and Sampling Soils ver3","S2016UT037007","16N03691","A",0,9,,
"6ddb065c-e7f9-4273-9ac3-fadcb8985942","MOAB_002.basePlot.all","D13","MOAB","MOAB_002","947923","2016-04-27","Field Book for Describing and Sampling Soils ver3","S2016UT037009","16N03703","Bk2",71,100,,
"af201be2-ee99-4d79-a29b-37de017cbd30","MOAB_028.basePlot.all","D13","MOAB","MOAB_028","1080814","2016-04-27","Field Book for Describing and Sampling Soils ver3","S2016UT037004","16N03683","A",0,9,,
"08240fb1-0314-45bf-872e-a74b15ad0722","MOAB_016.basePlot.all","D13","MOAB","MOAB_016","1080817","2016-04-27","Field Book for Describing and Sampling Soils ver3","S2016UT037008","16N03697","Bk1",52,73,,
"7bb0ef13-724f-4095-a821-7c73049a3489","MOAB_003.basePlot.all","D13","MOAB","MOAB_003","1080815","2016-04-27","Field Book for Describing and Sampling Soils ver3","S2016UT037006","16N03689","A",0,11,,
"bd58e025-ab9e-4602-98e9-3627b88f8ba4","MOAB_002.basePlot.all","D13","MOAB","MOAB_002","947923","2016-04-27","Field Book for Describing and Sampling Soils ver3","S2016UT037009","16N03702","Bk1",52,71,,
"dfef3473-b530-4a89-8749-a5147d4bf925","MOAB_003.basePlot.all","D13","MOAB","MOAB_003","1080815","2016-04-27","Field Book for Describing and Sampling Soils ver3","S2016UT037006","5223060","R",46,71,,
"93216924-53d0-4ab3-8f15-144d52138887","MOAB_013.basePlot.all","D13","MOAB","MOAB_013","1080818","2016-04-27","Field Book for Describing and Sampling Soils ver3","S2016UT037007","16N03693","Btk",21,49,,
"cda0a651-a75c-4a1f-a5ec-108a7bd81a04","MOAB_025.basePlot.all","D13","MOAB","MOAB_025","1080813","2016-04-27","Field Book for Describing and Sampling Soils ver3","S2016UT037005","16N03686","Bk",7,24,,
"d67bea63-26c7-41e4-ac55-e2622f402f87","MOAB_003.basePlot.all","D13","MOAB","MOAB_003","1080815","2016-04-27","Field Book for Describing and Sampling Soils ver3","S2016UT037006","16N03690","BC",11,31,,
"74084370-b980-4454-b9c8-79377b55aadf","MOAB_002.basePlot.all","D13","MOAB","MOAB_002","947923","2016-04-27","Field Book for Describing and Sampling Soils ver3","S2016UT037009","16N03701","Bw2",23,52,,
"81a5712c-d7a6-4a80-8ca2-b73d085a8380","MOAB_025.basePlot.all","D13","MOAB","MOAB_025","1080813","2016-04-27","Field Book for Describing and Sampling Soils ver3","S2016UT037005","16N03685","A",0,7,,
"399897c1-b4eb-4e51-8b83-82fdbc56e2e2","MOAB_016.basePlot.all","D13","MOAB","MOAB_016","1080817","2016-04-27","Field Book for Describing and Sampling Soils ver3","S2016UT037008","16N03698","Bk2",73,100,,
"870052b4-d7ef-4502-b536-e741f721d6dc","MOAB_003.basePlot.all","D13","MOAB","MOAB_003","1080815","2016-04-27","Field Book for Describing and Sampling Soils ver3","S2016UT037006","5223059","Cr",31,46,,
"4d93ef4a-090f-4c5e-94be-bf32ed065451","MOAB_013.basePlot.all","D13","MOAB","MOAB_013","1080818","2016-04-27","Field Book for Describing and Sampling Soils ver3","S2016UT037007","5223076","R",66,91,,
"fa5624f4-71dc-436b-ae65-d0738e03f66b","MOAB_028.basePlot.all","D13","MOAB","MOAB_028","1080814","2016-04-27","Field Book for Describing and Sampling Soils ver3","S2016UT037004","5223055","Cr",28,35,,
"dd1c61d2-d594-426d-a73c-29a5c8a41789","MOAB_046.basePlot.all","D13","MOAB","MOAB_046","1080812","2016-04-28","Field Book for Describing and Sampling Soils ver3","S2016UT037011","16N03712","Bk2",68,92,,
"c7a7b6c0-a82a-4fa2-8184-13fd4dda3af2","MOAB_046.basePlot.all","D13","MOAB","MOAB_046","1080812","2016-04-28","Field Book for Describing and Sampling Soils ver3","S2016UT037011","16N03710","Bw",8,37,,
"0d6f084c-c8a6-4b49-bc27-751c7110dae4","MOAB_010.basePlot.all","D13","MOAB","MOAB_010","947924","2016-04-28","Field Book for Describing and Sampling Soils ver3","S2016UT037010","16N03707","Bk",41,77,,
"d4ede7ce-7a2e-4a1f-86b9-7252fe788d16","MOAB_010.basePlot.all","D13","MOAB","MOAB_010","947924","2016-04-28","Field Book for Describing and Sampling Soils ver3","S2016UT037010","16N03708","C",77,100,,
"2596ad2b-7b0e-4eb8-aa50-3ee964931087","MOAB_010.basePlot.all","D13","MOAB","MOAB_010","947924","2016-04-28","Field Book for Describing and Sampling Soils ver3","S2016UT037010","16N03706","Bw2",23,41,,
"972d595a-0829-4364-a70f-7871eb17ce00","MOAB_010.basePlot.all","D13","MOAB","MOAB_010","947924","2016-04-28","Field Book for Describing and Sampling Soils ver3","S2016UT037010","16N03705","Bw1",6,23,,
"b3a984a0-cc1f-4713-8fc4-29a4336c47ce","MOAB_010.basePlot.all","D13","MOAB","MOAB_010","947924","2016-04-28","Field Book for Describing and Sampling Soils ver3","S2016UT037010","16N03704","A",0,6,,
"fff4c94d-0545-4adc-9f87-8ba4425893c4","MOAB_046.basePlot.all","D13","MOAB","MOAB_046","1080812","2016-04-28","Field Book for Describing and Sampling Soils ver3","S2016UT037011","16N03711","Bk1",37,68,,
"f4705aac-baa9-4cd7-bcd0-bc3824a250de","MOAB_046.basePlot.all","D13","MOAB","MOAB_046","1080812","2016-04-28","Field Book for Describing and Sampling Soils ver3","S2016UT037011","5223048","Cr",92,100,,
"51f9a8a6-d216-4d35-81e0-0439235fa307","MOAB_046.basePlot.all","D13","MOAB","MOAB_046","1080812","2016-04-28","Field Book for Describing and Sampling Soils ver3","S2016UT037011","16N03709","A",0,8,,
