uid,domainID,siteID,pitNamedLocation,pitID,horizonID,horizonName,setDate,collectDate,archiveID,archiveLaboratoryName,archiveTopDepth,archiveBottomDepth,remarks,sampleMass
"b71593b7-1c5d-4471-a650-c44ff068a007","D16","WREF","MEGAPT112745","D16_WREF_PIT1","16_WREF_PIT1_BW","Bw","2017-09-26","2017-09-26","D16_WREF_PIT1_ARCHIVE_50-80_BW","NEON",50.0,80.0,,3116.9
"3a4d5531-36a5-408c-9314-fd9367cfd295","D16","WREF","MEGAPT112745","D16_WREF_PIT1","16_WREF_PIT1_3AB","3AB","2017-09-26","2017-09-26","D16_WREF_PIT1_ARCHIVE_162-178_3AB","NEON",162.0,178.0,,2909.5
"d5993a36-adeb-423a-b314-7d9ca7cd5fb1","D16","WREF","MEGAPT112745","D16_WREF_PIT1","16_WREF_PIT1_AC","Ac","2017-09-26","2017-09-26",,,,,,
"0df95fb6-1e79-46b1-ab37-026107c7272c","D16","WREF","MEGAPT112745","D16_WREF_PIT1","16_WREF_PIT1_2C2","2C2","2017-09-26","2017-09-26","D16_WREF_PIT1_ARCHIVE_136-162_2C2","NEON",136.0,162.0,,2649.0
"b16dcd46-f4fb-44c7-8581-a8b382bec0b5","D16","WREF","MEGAPT112745","D16_WREF_PIT1","16_WREF_PIT1_AC","Ac","2017-09-26","2017-09-26",,,,,,
"b07ca093-7431-42c5-8578-8eddee205528","D16","WREF","MEGAPT112745","D16_WREF_PIT1","16_WREF_PIT1_AC","Ac","2017-09-26","2017-09-26","D16_WREF_PIT1_ARCHIVE_9-50_AC","NEON",9.0,50.0,,3600.2
"ecfc9f20-08d7-454c-95db-5a1db2244126","D16","WREF","MEGAPT112745","D16_WREF_PIT1","16_WREF_PIT1_AC","Ac","2017-09-26","2017-09-26",,,,,,
"90c65e87-3ba1-4332-8c83-be82280e0d1b","D16","WREF","MEGAPT112745","D16_WREF_PIT1","16_WREF_PIT1_3CG","3Cg","2017-09-26","2017-09-26","D16_WREF_PIT1_ARCHIVE_178-200_3CG","NEON",178.0,200.0,,2757.5
"c78858a0-5e61-4263-8aa0-bfffea742e1b","D16","WREF","MEGAPT112745","D16_WREF_PIT1","16_WREF_PIT1_OI","Oi","2017-09-26","2017-09-26","D16_WREF_PIT1_ARCHIVE_0-3_OI","NEON",0.0,3.0,,1723.1
"c5fab893-9e92-42f0-9a29-85774c658ca9","D16","WREF","MEGAPT112745","D16_WREF_PIT1","16_WREF_PIT1_OA","Oa","2017-09-26","2017-09-26","D16_WREF_PIT1_ARCHIVE_3-9_OA","NEON",3.0,9.0,,2083.7
"91c5a4d1-2f65-4b8a-9690-c99b31b98aa0","D16","WREF","MEGAPT112745","D16_WREF_PIT1","16_WREF_PIT1_BC","BC","2017-09-26","2017-09-26","D16_WREF_PIT1_ARCHIVE_80-94_BC","NEON",80.0,94.0,,3081.2
"ff8d6d1e-f9a4-474b-aea0-08a0fa91a41c","D16","WREF","MEGAPT112745","D16_WREF_PIT1","16_WREF_PIT1_AC","Ac","2017-09-26","2017-09-26",,,,,,
"145cd0cd-fd2c-4fd9-bfb6-54657afb20b1","D16","WREF","MEGAPT112745","D16_WREF_PIT1","16_WREF_PIT1_2C1","2C1","2017-09-26","2017-09-26","D16_WREF_PIT1_ARCHIVE_94-136_2C1","NEON",94.0,136.0,,2636.6
