uid,domainID,siteID,pitNamedLocation,pitID,horizonID,horizonName,setDate,collectDate,horizonTopDepth,horizonBottomDepth,nrcsDescriptionID,remarks
"14ec1f7d-7afe-484b-ae71-aebf27f4894f","D16","WREF","MEGAPT112745","D16_WREF_PIT1","16_WREF_PIT1_3AB","3AB","2017-09-26","2017-09-26",162.0,178.0,"2017WA059001_MP",
"51bf1d00-5a64-4b73-9e96-d8668c60e45c","D16","WREF","MEGAPT112745","D16_WREF_PIT1","16_WREF_PIT1_2C1","2C1","2017-09-26","2017-09-26",94.0,136.0,"2017WA059001_MP",
"1c23bc6e-8f8d-4632-8118-5c7b364f3b97","D16","WREF","MEGAPT112745","D16_WREF_PIT1","16_WREF_PIT1_AC","Ac","2017-09-26","2017-09-26",9.0,50.0,"2017WA059001_MP",
"6538d65f-d546-40ac-95eb-9ac2a8995d7e","D16","WREF","MEGAPT112745","D16_WREF_PIT1","16_WREF_PIT1_OI","Oi","2017-09-26","2017-09-26",0.0,3.0,"2017WA059001_MP",
"7cc50f26-8783-4f88-a202-4560c5a85438","D16","WREF","MEGAPT112745","D16_WREF_PIT1","16_WREF_PIT1_3CG","3Cg","2017-09-26","2017-09-26",178.0,200.0,"2017WA059001_MP",
"03c674e7-d9c8-45e7-888b-eb3139cb5feb","D16","WREF","MEGAPT112745","D16_WREF_PIT1","16_WREF_PIT1_BC","BC","2017-09-26","2017-09-26",80.0,94.0,"2017WA059001_MP",
"c95487f9-0ada-4e31-b585-d78f62a6598a","D16","WREF","MEGAPT112745","D16_WREF_PIT1","16_WREF_PIT1_OA","Oa","2017-09-26","2017-09-26",3.0,9.0,"2017WA059001_MP",
"5d79c729-805c-4f07-a230-9403de599b90","D16","WREF","MEGAPT112745","D16_WREF_PIT1","16_WREF_PIT1_2C2","2C2","2017-09-26","2017-09-26",136.0,162.0,"2017WA059001_MP",
"d6ceb1b6-3517-4e59-a130-ce342064c8a8","D16","WREF","MEGAPT112745","D16_WREF_PIT1","16_WREF_PIT1_BW","Bw","2017-09-26","2017-09-26",50.0,80.0,"2017WA059001_MP",
