uid,domainID,siteID,pitNamedLocation,pitID,horizonID,bulkDensID,horizonName,setDate,collectDate,laboratoryName,labProjID,bulkDensCenterDepth,bulkDensTopDepth,bulkDensBottomDepth,bulkDensHorizonProportion,bulkDensSampleType,bulkDensExclCoarseFrag,remarks
"a456514c-7c42-4d0c-b9f3-1ea56bfe2ab3","D16","WREF","MEGAPT112745","D16_WREF_PIT1","16_WREF_PIT1_AC",,"Ac","2017-09-26","2017-09-26","USDA NRCS Kellogg Soil Survey Laboratory - Lincoln - NE","I2018USWA008",,,,,,,
"87f86cb2-00bb-4dd3-b5b1-28336af4e726","D16","WREF","MEGAPT112745","D16_WREF_PIT1","16_WREF_PIT1_2C2","D16_WREF_PIT1_BULKD_137-142_2C2","2C2","2017-09-26","2017-09-26","USDA NRCS Kellogg Soil Survey Laboratory - Lincoln - NE","I2018USWA008",139.5,137.0,142.0,1.0,"Regular",0.9032,
"25dfeb78-fc33-4417-8de3-b592fdd8f371","D16","WREF","MEGAPT112745","D16_WREF_PIT1","16_WREF_PIT1_3CG","D16_WREF_PIT1_BULKD_180-185_3CG","3Cg","2017-09-26","2017-09-26","USDA NRCS Kellogg Soil Survey Laboratory - Lincoln - NE","I2018USWA008",182.5,180.0,185.0,1.0,"Regular",0.7918,
"3a569c1e-a26c-4f50-ad9f-b9cdf71f0ca8","D16","WREF","MEGAPT112745","D16_WREF_PIT1","16_WREF_PIT1_2C1","D16_WREF_PIT1_BULKD_104-109_2C1","2C1","2017-09-26","2017-09-26","USDA NRCS Kellogg Soil Survey Laboratory - Lincoln - NE","I2018USWA008",106.5,104.0,109.0,1.0,"Regular",0.9231,
"4daab0f5-60c9-48b6-bfde-98618b06d7be","D16","WREF","MEGAPT112745","D16_WREF_PIT1","16_WREF_PIT1_3AB","D16_WREF_PIT1_BULKD_168-173_3AB","3AB","2017-09-26","2017-09-26","USDA NRCS Kellogg Soil Survey Laboratory - Lincoln - NE","I2018USWA008",170.5,168.0,173.0,1.0,"Regular",1.0425,
"c063b15b-0a86-4349-88fb-361639be5a73","D16","WREF","MEGAPT112745","D16_WREF_PIT1","16_WREF_PIT1_OA","D16_WREF_PIT1_BULKD_3-6_OA","Oa","2017-09-26","2017-09-26","USDA NRCS Kellogg Soil Survey Laboratory - Lincoln - NE","I2018USWA008",4.5,3.0,6.0,1.0,"Regular",0.1044,
"75922f19-13e4-46bb-970c-ca6233474820","D16","WREF","MEGAPT112745","D16_WREF_PIT1","16_WREF_PIT1_AC","D16_WREF_PIT1_BULKD_18-23_AC","Ac","2017-09-26","2017-09-26","USDA NRCS Kellogg Soil Survey Laboratory - Lincoln - NE","I2018USWA008",20.5,18.0,23.0,1.0,"Regular",0.7998,
"ce6dfbdc-239b-4a3d-badc-17ccab89df99","D16","WREF","MEGAPT112745","D16_WREF_PIT1","16_WREF_PIT1_BC","D16_WREF_PIT1_BULKD_84-89_BC","BC","2017-09-26","2017-09-26","USDA NRCS Kellogg Soil Survey Laboratory - Lincoln - NE","I2018USWA008",88.5,84.0,89.0,1.0,"Regular",0.9868,
"63f52428-6044-4081-8fed-7a7a52ffdc8c","D16","WREF","MEGAPT112745","D16_WREF_PIT1","16_WREF_PIT1_AC",,"Ac","2017-09-26","2017-09-26","USDA NRCS Kellogg Soil Survey Laboratory - Lincoln - NE","I2018USWA008",,,,,,,
"a9d53b88-2667-4e36-8634-a286423384ef","D16","WREF","MEGAPT112745","D16_WREF_PIT1","16_WREF_PIT1_BW","D16_WREF_PIT1_BULKD_62-70_BW","Bw","2017-09-26","2017-09-26","USDA NRCS Kellogg Soil Survey Laboratory - Lincoln - NE","I2018USWA008",64.5,62.0,70.0,1.0,"Regular",0.7520,
"b5792a2d-7e7a-4d8a-bdf2-abbff76029e6","D16","WREF","MEGAPT112745","D16_WREF_PIT1","16_WREF_PIT1_AC",,"Ac","2017-09-26","2017-09-26","USDA NRCS Kellogg Soil Survey Laboratory - Lincoln - NE","I2018USWA008",,,,,,,
"7d03f47c-3475-41c2-9244-cf2423ed3a1c","D16","WREF","MEGAPT112745","D16_WREF_PIT1","16_WREF_PIT1_OI","D16_WREF_PIT1_BULKD_0-3_OI","Oi","2017-09-26","2017-09-26","USDA NRCS Kellogg Soil Survey Laboratory - Lincoln - NE","I2018USWA008",1.5,0.0,3.0,1.0,"Regular",0.0650,
"e0819098-08a8-4c40-b601-a1963169d5cb","D16","WREF","MEGAPT112745","D16_WREF_PIT1","16_WREF_PIT1_AC",,"Ac","2017-09-26","2017-09-26","USDA NRCS Kellogg Soil Survey Laboratory - Lincoln - NE","I2018USWA008",,,,,,,
