uid,namedLocation,domainID,siteID,plotID,nrcsDescriptionID,collectDate,horizonID,horizonName,bulkDensProcessedDate,bulkDensMethodPub,bulkDensMethod,bulkDensIDnrcs,bulkDensSampleType,bulkDensCenterDepth,bulkDensTopDepth,bulkDensBottomDepth,bulkDensThirdBar,bulkDensOvenDry,bulkDensFieldMoist,waterRetentionThirdBar,fieldWaterContent,laboratoryName,remarks,dataQF
"15447f79-d171-4d10-b6c1-d89b5cc01981","HARV_001.basePlot.all","D01","HARV","HARV_001","S2017MA027001","2017-08-09","17N04244","Bw1","2018-02-07","Kellogg Soil Survey Laboratory Methods Manual, Soil Survey Investigations Report No. 42 Version 5.0, Issued 2014","Bulk Density, Clods (3B1)","S2017MA027001-3","clod",26.5,14.0,39.0,1.24,1.25,,18.9,,"USDA NRCS Kellogg Soil Survey Laboratory",,
"48027264-a5ce-4af4-9a84-c9e14e1be7ac","HARV_001.basePlot.all","D01","HARV","HARV_001","S2017MA027001","2017-08-09","17N04242","Oi","2017-11-27","Kellogg Soil Survey Laboratory Methods Manual, Soil Survey Investigations Report No. 42 Version 5.0, Issued 2014","Bulk Density, Field Core (3B7)","S2017MA027001-1","field core",2.0,0.0,4.0,,,0.10,,31.3,"USDA NRCS Kellogg Soil Survey Laboratory",,
"125a6b7c-a781-4ac6-9a24-c1bd6ec50d4a","HARV_001.basePlot.all","D01","HARV","HARV_001","S2017MA027001","2017-08-09","17N04243","A","2018-02-07","Kellogg Soil Survey Laboratory Methods Manual, Soil Survey Investigations Report No. 42 Version 5.0, Issued 2014","Bulk Density, Clods (3B1)","S2017MA027001-2","clod",9.0,4.0,14.0,0.86,0.92,,35.1,,"USDA NRCS Kellogg Soil Survey Laboratory",,
"b00e3943-2eb3-4851-97e1-151632f7315f","HARV_013.basePlot.all","D01","HARV","HARV_013","S2017MA027013","2017-08-11","17N04292","Bw1","2018-08-21","Kellogg Soil Survey Laboratory Methods Manual, Soil Survey Investigations Report No. 42 Version 5.0, Issued 2014","Bulk Density, Clods (3B1)","S2017MA027013-3","clod",19.0,11.0,27.0,,,,,,"USDA NRCS Kellogg Soil Survey Laboratory","Sample could not be analyzed.",
"54d3f35f-6249-41eb-b5ac-9870cf23a46f","HARV_013.basePlot.all","D01","HARV","HARV_013","S2017MA027013","2017-08-11","17N04294","BC","2018-02-24","Kellogg Soil Survey Laboratory Methods Manual, Soil Survey Investigations Report No. 42 Version 5.0, Issued 2014","Bulk Density, Clods (3B1)","S2017MA027013-5","clod",62.5,50.0,75.0,1.28,1.30,,9.9,,"USDA NRCS Kellogg Soil Survey Laboratory",,
"3db9f2f4-0baa-449d-a286-c6a4fe3852ae","HARV_013.basePlot.all","D01","HARV","HARV_013","S2017MA027013","2017-08-11","17N04290","Oe","2017-11-27","Kellogg Soil Survey Laboratory Methods Manual, Soil Survey Investigations Report No. 42 Version 5.0, Issued 2014","Bulk Density, Field Core (3B7)","S2017MA027013-1","field core",2.0,0.0,4.0,,,0.11,,32.3,"USDA NRCS Kellogg Soil Survey Laboratory",,
"ebf2eff0-893c-4d32-9233-c69b1260731b","HARV_013.basePlot.all","D01","HARV","HARV_013","S2017MA027013","2017-08-11","17N04291","A","2018-02-07","Kellogg Soil Survey Laboratory Methods Manual, Soil Survey Investigations Report No. 42 Version 5.0, Issued 2014","Bulk Density, Clods (3B1)","S2017MA027013-2","clod",7.5,4.0,11.0,0.83,0.98,,22.6,,"USDA NRCS Kellogg Soil Survey Laboratory",,
"bd2724d3-3a0d-4cff-8cb1-71c3970ac88e","HARV_013.basePlot.all","D01","HARV","HARV_013","S2017MA027013","2017-08-11","17N04293","Bw2","2018-02-24","Kellogg Soil Survey Laboratory Methods Manual, Soil Survey Investigations Report No. 42 Version 5.0, Issued 2014","Bulk Density, Clods (3B1)","S2017MA027013-4","clod",38.5,27.0,50.0,0.85,0.87,,29.7,,"USDA NRCS Kellogg Soil Survey Laboratory",,
"310c8a72-0ad9-4ddc-907c-dbf4e614dcd4","HARV_018.basePlot.all","D01","HARV","HARV_018","S2017MA027018","2017-08-14","17N04258","2Cd","2018-02-24","Kellogg Soil Survey Laboratory Methods Manual, Soil Survey Investigations Report No. 42 Version 5.0, Issued 2014","Bulk Density, Clods (3B1)","S2017MA027018-6","clod",84.0,68.0,100.0,1.67,1.71,,6.1,,"USDA NRCS Kellogg Soil Survey Laboratory",,
"65710bfd-fa80-42ff-9d85-64df5bfc4961","HARV_018.basePlot.all","D01","HARV","HARV_018","S2017MA027018","2017-08-14","17N04257","BC","2018-02-07","Kellogg Soil Survey Laboratory Methods Manual, Soil Survey Investigations Report No. 42 Version 5.0, Issued 2014","Bulk Density, Clods (3B1)","S2017MA027018-5","clod",57.5,47.0,68.0,1.59,1.60,,8.3,,"USDA NRCS Kellogg Soil Survey Laboratory",,
"f2a12ccc-bdb6-4fae-aff0-77c954446ddb","HARV_018.basePlot.all","D01","HARV","HARV_018","S2017MA027018","2017-08-14","17N04254","Ap","2018-02-07","Kellogg Soil Survey Laboratory Methods Manual, Soil Survey Investigations Report No. 42 Version 5.0, Issued 2014","Bulk Density, Clods (3B1)","S2017MA027018-2","clod",9.5,5.0,14.0,1.02,1.04,,38.4,,"USDA NRCS Kellogg Soil Survey Laboratory",,
"05de6829-d8d6-4f9e-925f-3274598cc122","HARV_018.basePlot.all","D01","HARV","HARV_018","S2017MA027018","2017-08-14","17N04256","Bw2","2018-02-07","Kellogg Soil Survey Laboratory Methods Manual, Soil Survey Investigations Report No. 42 Version 5.0, Issued 2014","Bulk Density, Clods (3B1)","S2017MA027018-4","clod",38.0,29.0,47.0,1.32,1.34,,14.7,,"USDA NRCS Kellogg Soil Survey Laboratory",,
"d09c0ab1-fda0-4880-ba1e-99ec29f112a6","HARV_018.basePlot.all","D01","HARV","HARV_018","S2017MA027018","2017-08-14","17N04253","Oe","2017-11-27","Kellogg Soil Survey Laboratory Methods Manual, Soil Survey Investigations Report No. 42 Version 5.0, Issued 2014","Bulk Density, Field Core (3B7)","S2017MA027018-1","field core",2.5,0.0,5.0,,,0.17,,85.5,"USDA NRCS Kellogg Soil Survey Laboratory",,
"39dad747-e35d-429d-8e19-b69154cab510","HARV_018.basePlot.all","D01","HARV","HARV_018","S2017MA027018","2017-08-14","17N04255","Bw1","2018-02-24","Kellogg Soil Survey Laboratory Methods Manual, Soil Survey Investigations Report No. 42 Version 5.0, Issued 2014","Bulk Density, Clods (3B1)","S2017MA027018-3","clod",21.5,14.0,29.0,1.26,1.27,,22.5,,"USDA NRCS Kellogg Soil Survey Laboratory",,
"cddf84a9-d1aa-4e0c-82a2-b599f911abb3","HARV_008.basePlot.all","D01","HARV","HARV_008","S2017MA027008","2017-08-16","17N04252","C","2018-08-21","Kellogg Soil Survey Laboratory Methods Manual, Soil Survey Investigations Report No. 42 Version 5.0, Issued 2014","Bulk Density, Clods (3B1)","S2017MA027008-6","clod",94.5,74.0,115.0,,,,,,"USDA NRCS Kellogg Soil Survey Laboratory","Sample could not be analyzed.",
"96c9b639-a674-4e5e-b62a-ada0da2ab4da","HARV_008.basePlot.all","D01","HARV","HARV_008","S2017MA027008","2017-08-16","17N04248","A","2018-02-07","Kellogg Soil Survey Laboratory Methods Manual, Soil Survey Investigations Report No. 42 Version 5.0, Issued 2014","Bulk Density, Clods (3B1)","S2017MA027008-2","clod",14.5,10.0,19.0,0.56,0.67,,51.8,,"USDA NRCS Kellogg Soil Survey Laboratory",,
"07be1a43-6ba1-4825-88af-68b5624082c3","HARV_008.basePlot.all","D01","HARV","HARV_008","S2017MA027008","2017-08-16","17N04250","Bw2","2018-08-21","Kellogg Soil Survey Laboratory Methods Manual, Soil Survey Investigations Report No. 42 Version 5.0, Issued 2014","Bulk Density, Clods (3B1)","S2017MA027008-4","clod",45.0,36.0,54.0,,,,,,"USDA NRCS Kellogg Soil Survey Laboratory","Sample could not be analyzed.",
"aa474bb6-d38c-491d-8be0-c0423c68ee51","HARV_008.basePlot.all","D01","HARV","HARV_008","S2017MA027008","2017-08-16","17N04249","Bw1","2018-02-07","Kellogg Soil Survey Laboratory Methods Manual, Soil Survey Investigations Report No. 42 Version 5.0, Issued 2014","Bulk Density, Clods (3B1)","S2017MA027008-3","clod",27.5,19.0,36.0,1.06,1.08,,24.2,,"USDA NRCS Kellogg Soil Survey Laboratory",,
"652a3f5f-9dc2-423e-bd79-5e9999bae9cf","HARV_008.basePlot.all","D01","HARV","HARV_008","S2017MA027008","2017-08-16","17N04251","BC","2018-08-21","Kellogg Soil Survey Laboratory Methods Manual, Soil Survey Investigations Report No. 42 Version 5.0, Issued 2014","Bulk Density, Clods (3B1)","S2017MA027008-5","clod",64.0,54.0,74.0,,,,,,"USDA NRCS Kellogg Soil Survey Laboratory","Sample could not be analyzed.",
"fe28bdd9-12c9-4fec-9e8c-4a495f3148e6","HARV_008.basePlot.all","D01","HARV","HARV_008","S2017MA027008","2017-08-16","17N04247","Oe","2017-11-27","Kellogg Soil Survey Laboratory Methods Manual, Soil Survey Investigations Report No. 42 Version 5.0, Issued 2014","Bulk Density, Field Core (3B7)","S2017MA027008-1","field core",5.0,0.0,10.0,,,0.08,,106.8,"USDA NRCS Kellogg Soil Survey Laboratory",,
"aae6b2cc-638b-4efb-ae12-21a88059811b","HARV_029.basePlot.all","D01","HARV","HARV_029","S2017MA027029","2017-08-22","17N04278","Oe","2017-11-27","Kellogg Soil Survey Laboratory Methods Manual, Soil Survey Investigations Report No. 42 Version 5.0, Issued 2014","Bulk Density, Field Core (3B7)","S2017MA027029-1","field core",3.0,0.0,6.0,,,0.13,,77.4,"USDA NRCS Kellogg Soil Survey Laboratory",,
"6de48810-4865-4fde-b4c9-267bca0f0230","HARV_029.basePlot.all","D01","HARV","HARV_029","S2017MA027029","2017-08-22","17N04280","Bw1","2018-02-07","Kellogg Soil Survey Laboratory Methods Manual, Soil Survey Investigations Report No. 42 Version 5.0, Issued 2014","Bulk Density, Clods (3B1)","S2017MA027029-3","clod",28.0,18.0,38.0,1.22,1.24,,15.6,,"USDA NRCS Kellogg Soil Survey Laboratory",,
"ad0345bb-237b-4cd3-a91a-88e972f1aaa3","HARV_029.basePlot.all","D01","HARV","HARV_029","S2017MA027029","2017-08-22","17N04281","Bw2","2018-02-24","Kellogg Soil Survey Laboratory Methods Manual, Soil Survey Investigations Report No. 42 Version 5.0, Issued 2014","Bulk Density, Clods (3B1)","S2017MA027029-4","clod",44.5,38.0,51.0,1.28,1.30,,12.8,,"USDA NRCS Kellogg Soil Survey Laboratory",,
"2d6250f0-b3f5-42e5-abbc-e60a57da82be","HARV_029.basePlot.all","D01","HARV","HARV_029","S2017MA027029","2017-08-22","17N04279","A","2018-02-24","Kellogg Soil Survey Laboratory Methods Manual, Soil Survey Investigations Report No. 42 Version 5.0, Issued 2014","Bulk Density, Clods (3B1)","S2017MA027029-2","clod",12.0,6.0,18.0,0.87,0.97,,19.7,,"USDA NRCS Kellogg Soil Survey Laboratory",,
"9c62580d-62f2-4d55-aa29-24771313c338","HARV_011.basePlot.all","D01","HARV","HARV_011","S2017MA027011","2017-08-23","17N04296","Oa","2017-11-27","Kellogg Soil Survey Laboratory Methods Manual, Soil Survey Investigations Report No. 42 Version 5.0, Issued 2014","Bulk Density, Field Core (3B7)","S2017MA027011-1","field core",2.5,0.0,5.0,,,0.19,,116.3,"USDA NRCS Kellogg Soil Survey Laboratory",,
"b5ab7edc-3c27-4acb-9289-d56819b14486","HARV_011.basePlot.all","D01","HARV","HARV_011","S2017MA027011","2017-08-23","17N04297","A","2018-02-07","Kellogg Soil Survey Laboratory Methods Manual, Soil Survey Investigations Report No. 42 Version 5.0, Issued 2014","Bulk Density, Clods (3B1)","S2017MA027011-2","clod",11.0,5.0,17.0,0.86,1.00,,37.0,,"USDA NRCS Kellogg Soil Survey Laboratory",,
"9591d244-3f5c-40a1-9fb1-99a932696602","HARV_011.basePlot.all","D01","HARV","HARV_011","S2017MA027011","2017-08-23","17N04298","Bw1","2018-08-21","Kellogg Soil Survey Laboratory Methods Manual, Soil Survey Investigations Report No. 42 Version 5.0, Issued 2014","Bulk Density, Clods (3B1)","S2017MA027011-3","clod",26.5,17.0,36.0,,,,,,"USDA NRCS Kellogg Soil Survey Laboratory","Sample could not be analyzed.",
"6d232956-33de-4389-8b33-fec50bc03cbb","HARV_011.basePlot.all","D01","HARV","HARV_011","S2017MA027011","2017-08-23","17N04299","Bw2","2018-02-24","Kellogg Soil Survey Laboratory Methods Manual, Soil Survey Investigations Report No. 42 Version 5.0, Issued 2014","Bulk Density, Clods (3B1)","S2017MA027011-4","clod",56.0,36.0,76.0,1.39,1.40,,15.9,,"USDA NRCS Kellogg Soil Survey Laboratory",,
"71559aca-7903-470e-8b33-306e33cd6c93","HARV_021.basePlot.all","D01","HARV","HARV_021","S2017MA027021","2017-08-24","17N04259","Oe","2017-11-27","Kellogg Soil Survey Laboratory Methods Manual, Soil Survey Investigations Report No. 42 Version 5.0, Issued 2014","Bulk Density, Field Core (3B7)","S2017MA027021-1","field core",3.0,0.0,6.0,,,0.11,,177.6,"USDA NRCS Kellogg Soil Survey Laboratory",,
"17fe08c8-4ffa-42a4-81d0-03ec395a00aa","HARV_021.basePlot.all","D01","HARV","HARV_021","S2017MA027021","2017-08-24","17N04260","A","2018-02-24","Kellogg Soil Survey Laboratory Methods Manual, Soil Survey Investigations Report No. 42 Version 5.0, Issued 2014","Bulk Density, Clods (3B1)","S2017MA027021-2","clod",14.0,6.0,22.0,1.00,1.05,,40.1,,"USDA NRCS Kellogg Soil Survey Laboratory",,
"a976bcea-9317-45b4-bbe2-1d6f321c773a","HARV_021.basePlot.all","D01","HARV","HARV_021","S2017MA027021","2017-08-24","17N04261","Bw","2018-08-21","Kellogg Soil Survey Laboratory Methods Manual, Soil Survey Investigations Report No. 42 Version 5.0, Issued 2014","Bulk Density, Clods (3B1)","S2017MA027021-3","clod",29.0,22.0,36.0,,,,,,"USDA NRCS Kellogg Soil Survey Laboratory","Sample could not be analyzed.",
"23adbc4f-5960-43e2-9560-fe138811032d","HARV_027.basePlot.all","D01","HARV","HARV_027","S2017MA027027","2017-08-25","17N04273","A1","2018-02-07","Kellogg Soil Survey Laboratory Methods Manual, Soil Survey Investigations Report No. 42 Version 5.0, Issued 2014","Bulk Density, Clods (3B1)","S2017MA027027-2","clod",8.5,1.0,16.0,0.72,0.91,,65.1,,"USDA NRCS Kellogg Soil Survey Laboratory",,
"c970e62a-54be-4d29-9dcb-75f058879190","HARV_027.basePlot.all","D01","HARV","HARV_027","S2017MA027027","2017-08-25","17N04276","Bg","2018-02-07","Kellogg Soil Survey Laboratory Methods Manual, Soil Survey Investigations Report No. 42 Version 5.0, Issued 2014","Bulk Density, Clods (3B1)","S2017MA027027-5","clod",66.0,52.0,80.0,1.59,1.60,,17.5,,"USDA NRCS Kellogg Soil Survey Laboratory",,
"8e5849a2-68da-490d-b58e-01a98eaacca8","HARV_027.basePlot.all","D01","HARV","HARV_027","S2017MA027027","2017-08-25","17N04274","A2","2018-02-24","Kellogg Soil Survey Laboratory Methods Manual, Soil Survey Investigations Report No. 42 Version 5.0, Issued 2014","Bulk Density, Clods (3B1)","S2017MA027027-3","clod",26.0,16.0,36.0,1.00,1.07,,41.1,,"USDA NRCS Kellogg Soil Survey Laboratory",,
"88d45ee9-d3b0-4ca1-9672-4570b59797ee","HARV_027.basePlot.all","D01","HARV","HARV_027","S2017MA027027","2017-08-25","17N04275","A3","2018-02-07","Kellogg Soil Survey Laboratory Methods Manual, Soil Survey Investigations Report No. 42 Version 5.0, Issued 2014","Bulk Density, Clods (3B1)","S2017MA027027-4","clod",44.0,36.0,52.0,1.29,1.33,,25.9,,"USDA NRCS Kellogg Soil Survey Laboratory",,
"c7ab0c16-5fbf-45d1-9c17-40cad888e026","HARV_059.basePlot.all","D01","HARV","HARV_059","S2017MA027059","2017-08-28","17N04284","Oe","2017-11-27","Kellogg Soil Survey Laboratory Methods Manual, Soil Survey Investigations Report No. 42 Version 5.0, Issued 2014","Bulk Density, Field Core (3B7)","S2017MA027059-1","field core",2.5,0.0,5.0,,,0.15,,78.2,"USDA NRCS Kellogg Soil Survey Laboratory",,
"e4e0c55b-0e03-435e-a71d-608b780f912b","HARV_059.basePlot.all","D01","HARV","HARV_059","S2017MA027059","2017-08-28","17N04285","Ap","2018-02-07","Kellogg Soil Survey Laboratory Methods Manual, Soil Survey Investigations Report No. 42 Version 5.0, Issued 2014","Bulk Density, Clods (3B1)","S2017MA027059-2","clod",15.0,5.0,25.0,1.24,1.27,,20.7,,"USDA NRCS Kellogg Soil Survey Laboratory",,
"9caf31b2-2178-4838-8b1a-8d707ae898ea","HARV_059.basePlot.all","D01","HARV","HARV_059","S2017MA027059","2017-08-28","17N04287","BC","2018-02-07","Kellogg Soil Survey Laboratory Methods Manual, Soil Survey Investigations Report No. 42 Version 5.0, Issued 2014","Bulk Density, Clods (3B1)","S2017MA027059-4","clod",50.0,42.0,58.0,1.39,1.41,,10.0,,"USDA NRCS Kellogg Soil Survey Laboratory",,
"eb9c8aa5-5294-43bd-94e2-130df389a4f4","HARV_059.basePlot.all","D01","HARV","HARV_059","S2017MA027059","2017-08-28","17N04286","Bw","2018-02-07","Kellogg Soil Survey Laboratory Methods Manual, Soil Survey Investigations Report No. 42 Version 5.0, Issued 2014","Bulk Density, Clods (3B1)","S2017MA027059-3","clod",33.5,25.0,42.0,1.39,1.40,,12.5,,"USDA NRCS Kellogg Soil Survey Laboratory",,
"e0d24457-11b9-477c-b8c7-286e67915231","HARV_024.basePlot.all","D01","HARV","HARV_024","S2017MA027024","2017-08-29","17N04268","Oa3","2017-11-27","Kellogg Soil Survey Laboratory Methods Manual, Soil Survey Investigations Report No. 42 Version 5.0, Issued 2014","Bulk Density, Field Core (3B7)","S2017MA027024-4","field core",54.0,37.0,71.0,,,0.12,,627.3,"USDA NRCS Kellogg Soil Survey Laboratory",,
"2c79f73f-76a4-442b-a70b-796c4dac4bc0","HARV_024.basePlot.all","D01","HARV","HARV_024","S2017MA027024","2017-08-29","17N04266","Oa1","2017-11-27","Kellogg Soil Survey Laboratory Methods Manual, Soil Survey Investigations Report No. 42 Version 5.0, Issued 2014","Bulk Density, Field Core (3B7)","S2017MA027024-2","field core",13.5,9.0,18.0,,,0.09,,799.2,"USDA NRCS Kellogg Soil Survey Laboratory",,
"e302d22c-7b66-4ad5-91aa-025297d1e031","HARV_024.basePlot.all","D01","HARV","HARV_024","S2017MA027024","2017-08-29","17N04269","Oa4","2017-11-27","Kellogg Soil Survey Laboratory Methods Manual, Soil Survey Investigations Report No. 42 Version 5.0, Issued 2014","Bulk Density, Field Core (3B7)","S2017MA027024-5","field core",87.5,71.0,104.0,,,0.18,,606.7,"USDA NRCS Kellogg Soil Survey Laboratory",,
"254dc268-a186-467b-b8d0-daac424b0a29","HARV_024.basePlot.all","D01","HARV","HARV_024","S2017MA027024","2017-08-29","17N04265","Oe","2017-11-27","Kellogg Soil Survey Laboratory Methods Manual, Soil Survey Investigations Report No. 42 Version 5.0, Issued 2014","Bulk Density, Field Core (3B7)","S2017MA027024-1","field core",4.5,0.0,9.0,,,0.06,,1032.2,"USDA NRCS Kellogg Soil Survey Laboratory",,
"44234f1f-359a-4488-8886-55ef169a5465","HARV_024.basePlot.all","D01","HARV","HARV_024","S2017MA027024","2017-08-29","17N04267","Oa2","2017-11-27","Kellogg Soil Survey Laboratory Methods Manual, Soil Survey Investigations Report No. 42 Version 5.0, Issued 2014","Bulk Density, Field Core (3B7)","S2017MA027024-3","field core",27.5,18.0,37.0,,,0.11,,671.2,"USDA NRCS Kellogg Soil Survey Laboratory",,
