uid,namedLocation,domainID,siteID,plotID,nrcsDescriptionID,collectDate,horizonID,horizonName,biogeoIDnrcs,biogeoSampleType,biogeoTopDepth,biogeoBottomDepth,biogeoCenterDepth,particleSizeDistProcessedDate,particleSizeDistMethodPub,particleSizeDistMethod,coarseFrag2To5,coarseFrag5To20,sandTotal,siltTotal,clayTotal,carbonateClay,clayFineContent,siltFineContent,siltCoarseContent,sandVeryFineContent,sandFineContent,sandMediumContent,sandCoarseContent,sandVeryCoarseContent,laboratoryName,dataQF
"c44a213d-6301-4c5d-8e04-650b02f567d5","HARV_001.basePlot.all","D01","HARV","HARV_001","S2017MA027001","2017-08-09","17N04246","2C","S2017MA027001-5","bulk",68.0,100.0,84.0,,,,116.5,335.0,,,,,,,,,,,,,"USDA NRCS Kellogg Soil Survey Laboratory",
"583db6b4-4976-4875-9378-896cc6aa3221","HARV_001.basePlot.all","D01","HARV","HARV_001","S2017MA027001","2017-08-09","17N04245","Bw2","S2017MA027001-4","bulk",39.0,68.0,53.5,,,,84.8,271.7,,,,,,,,,,,,,"USDA NRCS Kellogg Soil Survey Laboratory",
"202ffc07-609f-4ce4-9c65-5d9d69d58ea7","HARV_001.basePlot.all","D01","HARV","HARV_001","S2017MA027001","2017-08-09","17N04244","Bw1","S2017MA027001-3","bulk",14.0,39.0,26.5,,,,18.3,32.4,,,,,,,,,,,,,"USDA NRCS Kellogg Soil Survey Laboratory",
"79b03c4e-351d-4a78-978c-040001d3088f","HARV_001.basePlot.all","D01","HARV","HARV_001","S2017MA027001","2017-08-09","17N04243","A","S2017MA027001-2","bulk",4.0,14.0,9.0,,,,11.6,11.3,,,,,,,,,,,,,"USDA NRCS Kellogg Soil Survey Laboratory",
"86c935f4-a133-48a3-bae7-03d2010bbedc","HARV_001.basePlot.all","D01","HARV","HARV_001","S2017MA027001","2017-08-09","17N04242","Oi","S2017MA027001-1","bulk",0.0,4.0,2.0,,,,22.5,0.0,,,,,,,,,,,,,"USDA NRCS Kellogg Soil Survey Laboratory",
"628ee107-2d8b-4016-97e6-6e119cc31eef","HARV_013.basePlot.all","D01","HARV","HARV_013","S2017MA027013","2017-08-11","17N04291","A","S2017MA027013-2","bulk",4.0,11.0,7.5,,,,22.1,33.4,,,,,,,,,,,,,"USDA NRCS Kellogg Soil Survey Laboratory",
"c9aee5a7-d44e-476b-9a7c-e6056050c3c6","HARV_013.basePlot.all","D01","HARV","HARV_013","S2017MA027013","2017-08-11","17N04292","Bw1","S2017MA027013-3","bulk",11.0,27.0,19.0,,,,13.7,28.7,,,,,,,,,,,,,"USDA NRCS Kellogg Soil Survey Laboratory",
"7c8b15f3-f23a-4042-a33d-a5ce09752c36","HARV_013.basePlot.all","D01","HARV","HARV_013","S2017MA027013","2017-08-11","17N04293","Bw2","S2017MA027013-4","bulk",27.0,50.0,38.5,,,,29.4,38.4,,,,,,,,,,,,,"USDA NRCS Kellogg Soil Survey Laboratory",
"4cb6d683-b216-4864-93b2-28cd8da5de6e","HARV_013.basePlot.all","D01","HARV","HARV_013","S2017MA027013","2017-08-11","17N04295","2C","S2017MA027013-6","bulk",75.0,97.0,86.0,,,,86.3,189.4,,,,,,,,,,,,,"USDA NRCS Kellogg Soil Survey Laboratory",
"f365ec55-7233-4007-9f64-22dca1c4d64c","HARV_013.basePlot.all","D01","HARV","HARV_013","S2017MA027013","2017-08-11","17N04290","Oe","S2017MA027013-1","bulk",0.0,4.0,2.0,,,,0.0,0.0,,,,,,,,,,,,,"USDA NRCS Kellogg Soil Survey Laboratory",
"a03afba6-58d6-4d00-9cb6-15a07bbdbdf6","HARV_013.basePlot.all","D01","HARV","HARV_013","S2017MA027013","2017-08-11","17N04294","BC","S2017MA027013-5","bulk",50.0,75.0,62.5,,,,64.4,187.5,,,,,,,,,,,,,"USDA NRCS Kellogg Soil Survey Laboratory",
"9d3ee4e2-8dd7-4f2e-b9ff-b84b4ff3d424","HARV_018.basePlot.all","D01","HARV","HARV_018","S2017MA027018","2017-08-14","17N04258","2Cd","S2017MA027018-6","bulk",68.0,100.0,84.0,,,,58.8,88.0,,,,,,,,,,,,,"USDA NRCS Kellogg Soil Survey Laboratory",
"e62bf1c0-fbec-43dc-bd56-d448afc0159e","HARV_018.basePlot.all","D01","HARV","HARV_018","S2017MA027018","2017-08-14","17N04256","Bw2","S2017MA027018-4","bulk",29.0,47.0,38.0,,,,55.7,89.9,,,,,,,,,,,,,"USDA NRCS Kellogg Soil Survey Laboratory",
"a890bb34-78a0-4c4a-a612-505b91f826b2","HARV_018.basePlot.all","D01","HARV","HARV_018","S2017MA027018","2017-08-14","17N04253","Oe","S2017MA027018-1","bulk",0.0,5.0,2.5,,,,0.0,0.0,,,,,,,,,,,,,"USDA NRCS Kellogg Soil Survey Laboratory",
"6be84fa5-f1f7-4d3e-a652-53c4b28150d1","HARV_018.basePlot.all","D01","HARV","HARV_018","S2017MA027018","2017-08-14","17N04255","Bw1","S2017MA027018-3","bulk",14.0,29.0,21.5,,,,46.8,68.7,,,,,,,,,,,,,"USDA NRCS Kellogg Soil Survey Laboratory",
"598e8905-6728-4344-9991-ac35f8b87d77","HARV_018.basePlot.all","D01","HARV","HARV_018","S2017MA027018","2017-08-14","17N04254","Ap","S2017MA027018-2","bulk",5.0,14.0,9.5,,,,18.4,19.1,,,,,,,,,,,,,"USDA NRCS Kellogg Soil Survey Laboratory",
"9590b7e1-332e-45f3-a1a1-025f55d7c8d2","HARV_018.basePlot.all","D01","HARV","HARV_018","S2017MA027018","2017-08-14","17N04257","BC","S2017MA027018-5","bulk",47.0,68.0,57.5,,,,59.3,84.6,,,,,,,,,,,,,"USDA NRCS Kellogg Soil Survey Laboratory",
"a2b231d9-37b6-4474-bf4e-1c2d5f4d7b6a","HARV_008.basePlot.all","D01","HARV","HARV_008","S2017MA027008","2017-08-16","17N04251","BC","S2017MA027008-5","bulk",54.0,74.0,64.0,,,,70.7,151.1,,,,,,,,,,,,,"USDA NRCS Kellogg Soil Survey Laboratory",
"02474dbd-205a-445a-ada4-332a49057261","HARV_008.basePlot.all","D01","HARV","HARV_008","S2017MA027008","2017-08-16","17N04249","Bw1","S2017MA027008-3","bulk",19.0,36.0,27.5,,,,57.2,81.6,,,,,,,,,,,,,"USDA NRCS Kellogg Soil Survey Laboratory",
"b547a47c-e73c-4f49-8144-dad59ef3702a","HARV_008.basePlot.all","D01","HARV","HARV_008","S2017MA027008","2017-08-16","17N04247","Oe","S2017MA027008-1","bulk",0.0,10.0,5.0,,,,0.0,0.0,,,,,,,,,,,,,"USDA NRCS Kellogg Soil Survey Laboratory",
"087ac76d-6662-4f32-b3dd-90d2891d44f9","HARV_008.basePlot.all","D01","HARV","HARV_008","S2017MA027008","2017-08-16","17N04252","C","S2017MA027008-6","bulk",74.0,115.0,94.5,,,,96.9,188.1,,,,,,,,,,,,,"USDA NRCS Kellogg Soil Survey Laboratory",
"e38a305c-ca77-46c4-b3fa-d4d30c763fbe","HARV_008.basePlot.all","D01","HARV","HARV_008","S2017MA027008","2017-08-16","17N04248","A","S2017MA027008-2","bulk",10.0,19.0,14.5,,,,27.6,62.7,,,,,,,,,,,,,"USDA NRCS Kellogg Soil Survey Laboratory",
"4f1bca1f-a226-4791-9de1-0233e563fc91","HARV_008.basePlot.all","D01","HARV","HARV_008","S2017MA027008","2017-08-16","17N04250","Bw2","S2017MA027008-4","bulk",36.0,54.0,45.0,,,,52.4,80.8,,,,,,,,,,,,,"USDA NRCS Kellogg Soil Survey Laboratory",
"8cb18566-8af9-46ff-853c-576c5c683ec3","HARV_029.basePlot.all","D01","HARV","HARV_029","S2017MA027029","2017-08-22","17N04281","Bw2","S2017MA027029-4","bulk",38.0,51.0,44.5,,,,69.1,121.4,,,,,,,,,,,,,"USDA NRCS Kellogg Soil Survey Laboratory",
"b2fa13f2-f96f-4243-b1d0-82d6bfcdecbe","HARV_029.basePlot.all","D01","HARV","HARV_029","S2017MA027029","2017-08-22","17N04278","Oe","S2017MA027029-1","bulk",0.0,6.0,3.0,,,,0.0,0.0,,,,,,,,,,,,,"USDA NRCS Kellogg Soil Survey Laboratory",
"43c062be-019f-4431-ac99-b415187df9a6","HARV_029.basePlot.all","D01","HARV","HARV_029","S2017MA027029","2017-08-22","17N04283","2C","S2017MA027029-6","bulk",68.0,106.0,87.0,,,,155.0,256.3,,,,,,,,,,,,,"USDA NRCS Kellogg Soil Survey Laboratory",
"39486df8-3e23-4af2-8c84-6ed9ec08f071","HARV_029.basePlot.all","D01","HARV","HARV_029","S2017MA027029","2017-08-22","17N04282","2CB","S2017MA027029-5","bulk",51.0,68.0,59.5,,,,120.0,219.9,,,,,,,,,,,,,"USDA NRCS Kellogg Soil Survey Laboratory",
"b2b40bdd-a586-4c68-88d2-a77610e7baf6","HARV_029.basePlot.all","D01","HARV","HARV_029","S2017MA027029","2017-08-22","17N04280","Bw1","S2017MA027029-3","bulk",18.0,38.0,28.0,,,,60.0,98.7,,,,,,,,,,,,,"USDA NRCS Kellogg Soil Survey Laboratory",
"36b7a714-6b73-4761-b730-bfb6fc805f9e","HARV_029.basePlot.all","D01","HARV","HARV_029","S2017MA027029","2017-08-22","17N04279","A","S2017MA027029-2","bulk",6.0,18.0,12.0,,,,31.2,48.0,,,,,,,,,,,,,"USDA NRCS Kellogg Soil Survey Laboratory",
"f7cd8e0b-e5a2-4b67-a2e1-ee038a30ceec","HARV_011.basePlot.all","D01","HARV","HARV_011","S2017MA027011","2017-08-23","17N04300","2Cg","S2017MA027011-5","bulk",76.0,105.0,90.5,,,,113.8,168.6,,,,,,,,,,,,,"USDA NRCS Kellogg Soil Survey Laboratory",
"5abf4246-d102-4b0e-9970-d5c697576299","HARV_011.basePlot.all","D01","HARV","HARV_011","S2017MA027011","2017-08-23","17N04299","Bw2","S2017MA027011-4","bulk",36.0,76.0,56.0,,,,98.8,185.6,,,,,,,,,,,,,"USDA NRCS Kellogg Soil Survey Laboratory",
"83103b00-44e2-4baa-bcfd-60c05a6cd394","HARV_011.basePlot.all","D01","HARV","HARV_011","S2017MA027011","2017-08-23","17N04298","Bw1","S2017MA027011-3","bulk",17.0,36.0,26.5,,,,79.3,110.0,,,,,,,,,,,,,"USDA NRCS Kellogg Soil Survey Laboratory",
"138ff309-334c-44fb-aca7-409b4a56767f","HARV_011.basePlot.all","D01","HARV","HARV_011","S2017MA027011","2017-08-23","17N04297","A","S2017MA027011-2","bulk",5.0,17.0,11.0,,,,25.1,17.3,,,,,,,,,,,,,"USDA NRCS Kellogg Soil Survey Laboratory",
"ca708f6b-b6e9-4bcb-8d4f-1c325bbcdc7c","HARV_011.basePlot.all","D01","HARV","HARV_011","S2017MA027011","2017-08-23","17N04296","Oa","S2017MA027011-1","bulk",0.0,5.0,2.5,,,,0.0,0.0,,,,,,,,,,,,,"USDA NRCS Kellogg Soil Survey Laboratory",
"23cb61dc-79f0-4d10-ac27-d9083f1e8a4c","HARV_021.basePlot.all","D01","HARV","HARV_021","S2017MA027021","2017-08-24","17N04264","2C2","S2017MA027021-6","bulk",82.0,106.0,94.0,,,,181.5,447.4,,,,,,,,,,,,,"USDA NRCS Kellogg Soil Survey Laboratory",
"b0e5bb0a-e205-46bd-b176-5fa3ea8b1564","HARV_021.basePlot.all","D01","HARV","HARV_021","S2017MA027021","2017-08-24","17N04262","2BC","S2017MA027021-4","bulk",36.0,55.0,45.5,,,,91.2,481.7,,,,,,,,,,,,,"USDA NRCS Kellogg Soil Survey Laboratory",
"fde8e8e6-cad2-4ac3-ab28-2f890062652c","HARV_021.basePlot.all","D01","HARV","HARV_021","S2017MA027021","2017-08-24","17N04261","Bw","S2017MA027021-3","bulk",22.0,36.0,29.0,,,,93.2,124.9,,,,,,,,,,,,,"USDA NRCS Kellogg Soil Survey Laboratory",
"fdd02e6f-204c-4a52-a39f-c97b88354553","HARV_021.basePlot.all","D01","HARV","HARV_021","S2017MA027021","2017-08-24","17N04263","2C1","S2017MA027021-5","bulk",55.0,82.0,68.5,,,,138.2,412.0,,,,,,,,,,,,,"USDA NRCS Kellogg Soil Survey Laboratory",
"e7c97d73-a63a-4270-ab1d-b41924b05d9b","HARV_021.basePlot.all","D01","HARV","HARV_021","S2017MA027021","2017-08-24","17N04260","A","S2017MA027021-2","bulk",6.0,22.0,14.0,,,,43.2,115.0,,,,,,,,,,,,,"USDA NRCS Kellogg Soil Survey Laboratory",
"43767af3-4dc2-4136-a033-12fa0952f875","HARV_021.basePlot.all","D01","HARV","HARV_021","S2017MA027021","2017-08-24","17N04259","Oe","S2017MA027021-1","bulk",0.0,6.0,3.0,,,,0.0,0.0,,,,,,,,,,,,,"USDA NRCS Kellogg Soil Survey Laboratory",
"9c17669e-0b79-4cb3-bc0d-25290a545d81","HARV_027.basePlot.all","D01","HARV","HARV_027","S2017MA027027","2017-08-25","17N04277","Cg","S2017MA027027-6","bulk",80.0,100.0,90.0,,,,66.0,144.4,,,,,,,,,,,,,"USDA NRCS Kellogg Soil Survey Laboratory",
"4d0f7391-ef17-4d68-9bfe-d106a3b19852","HARV_027.basePlot.all","D01","HARV","HARV_027","S2017MA027027","2017-08-25","17N04273","A1","S2017MA027027-2","bulk",1.0,16.0,8.5,,,,9.9,8.7,,,,,,,,,,,,,"USDA NRCS Kellogg Soil Survey Laboratory",
"021cd301-8d8c-4651-a57b-1b2aa203474f","HARV_027.basePlot.all","D01","HARV","HARV_027","S2017MA027027","2017-08-25","17N04275","A3","S2017MA027027-4","bulk",36.0,52.0,44.0,,,,46.3,40.6,,,,,,,,,,,,,"USDA NRCS Kellogg Soil Survey Laboratory",
"a7c80dae-7867-4be0-a79d-4c56e444d943","HARV_027.basePlot.all","D01","HARV","HARV_027","S2017MA027027","2017-08-25","17N04276","Bg","S2017MA027027-5","bulk",52.0,80.0,66.0,,,,36.9,28.6,,,,,,,,,,,,,"USDA NRCS Kellogg Soil Survey Laboratory",
"1424f653-f737-4455-abe3-765be50d5639","HARV_027.basePlot.all","D01","HARV","HARV_027","S2017MA027027","2017-08-25","17N04274","A2","S2017MA027027-3","bulk",16.0,36.0,26.0,,,,38.8,25.4,,,,,,,,,,,,,"USDA NRCS Kellogg Soil Survey Laboratory",
"496a4199-5780-4225-bc9b-51b91c903510","HARV_059.basePlot.all","D01","HARV","HARV_059","S2017MA027059","2017-08-28","17N04288","2C","S2017MA027059-5","bulk",58.0,80.0,69.0,,,,180.7,392.2,,,,,,,,,,,,,"USDA NRCS Kellogg Soil Survey Laboratory",
"3fe5270a-b2f5-47b0-aaee-c97d06a14e6a","HARV_059.basePlot.all","D01","HARV","HARV_059","S2017MA027059","2017-08-28","17N04287","BC","S2017MA027059-4","bulk",42.0,58.0,50.0,,,,63.2,110.6,,,,,,,,,,,,,"USDA NRCS Kellogg Soil Survey Laboratory",
"247efdaf-6fef-4bb6-a4d5-2b94a0fdfdc3","HARV_059.basePlot.all","D01","HARV","HARV_059","S2017MA027059","2017-08-28","17N04284","Oe","S2017MA027059-1","bulk",0.0,5.0,2.5,,,,0.0,0.0,,,,,,,,,,,,,"USDA NRCS Kellogg Soil Survey Laboratory",
"20c9af15-101e-47c8-89a9-d04dfc744884","HARV_059.basePlot.all","D01","HARV","HARV_059","S2017MA027059","2017-08-28","17N04289","2Cg","S2017MA027059-6","bulk",80.0,105.0,92.5,,,,180.8,478.4,,,,,,,,,,,,,"USDA NRCS Kellogg Soil Survey Laboratory",
"003c4e5b-73b5-4b05-8c03-ac856924a2e7","HARV_059.basePlot.all","D01","HARV","HARV_059","S2017MA027059","2017-08-28","17N04285","Ap","S2017MA027059-2","bulk",5.0,25.0,15.0,,,,14.4,17.4,,,,,,,,,,,,,"USDA NRCS Kellogg Soil Survey Laboratory",
"5909b7e7-d937-455e-b463-ef6ec9cb955b","HARV_059.basePlot.all","D01","HARV","HARV_059","S2017MA027059","2017-08-28","17N04286","Bw","S2017MA027059-3","bulk",25.0,42.0,33.5,,,,11.1,16.1,,,,,,,,,,,,,"USDA NRCS Kellogg Soil Survey Laboratory",
"c91142fe-a3b9-4f4d-bec4-75ad5202cc9c","HARV_024.basePlot.all","D01","HARV","HARV_024","S2017MA027024","2017-08-29","17N04269","Oa4","S2017MA027024-5","bulk",71.0,104.0,87.5,,,,0.0,0.0,,,,,,,,,,,,,"USDA NRCS Kellogg Soil Survey Laboratory",
"7efe9c33-a1f9-4549-86ed-29c049ad3ce8","HARV_024.basePlot.all","D01","HARV","HARV_024","S2017MA027024","2017-08-29","17N04266","Oa1","S2017MA027024-2","bulk",9.0,18.0,13.5,,,,0.0,0.0,,,,,,,,,,,,,"USDA NRCS Kellogg Soil Survey Laboratory",
"0114f509-873b-49f4-baf8-2d48737198da","HARV_024.basePlot.all","D01","HARV","HARV_024","S2017MA027024","2017-08-29","17N04268","Oa3","S2017MA027024-4","bulk",37.0,71.0,54.0,,,,0.0,0.0,,,,,,,,,,,,,"USDA NRCS Kellogg Soil Survey Laboratory",
"4a55cc18-b151-4507-9436-f3293638cf9c","HARV_024.basePlot.all","D01","HARV","HARV_024","S2017MA027024","2017-08-29","17N04267","Oa2","S2017MA027024-3","bulk",18.0,37.0,27.5,,,,0.0,0.0,,,,,,,,,,,,,"USDA NRCS Kellogg Soil Survey Laboratory",
"54632ab6-76ee-4078-aaff-347fbbcf43bc","HARV_024.basePlot.all","D01","HARV","HARV_024","S2017MA027024","2017-08-29","17N04265","Oe","S2017MA027024-1","bulk",0.0,9.0,4.5,,,,0.0,0.0,,,,,,,,,,,,,"USDA NRCS Kellogg Soil Survey Laboratory",
