uid,namedLocation,domainID,siteID,plotID,pitID,collectDate,testProtocolVersion,nrcsDescriptionID,horizonID,horizonName,horizonTopDepth,horizonBottomDepth,remarks,dataQF
"bdaff28f-3761-4cd0-b45f-c2b1faa48ec7","HARV_001.basePlot.all","D01","HARV","HARV_001","1111541","2017-08-09","Field Book for Describing and Sampling Soils ver3","S2017MA027001","17N04244","Bw1",14,39,"PARAROCK FRAGMENTS PRESENT",
"dc5e38e5-c4a4-4aaa-ba37-2da4159ff37b","HARV_001.basePlot.all","D01","HARV","HARV_001","1111541","2017-08-09","Field Book for Describing and Sampling Soils ver3","S2017MA027001","17N04242","Oi",0,4,,
"d6ab1d09-b318-4801-bf2d-090f2d85fc73","HARV_001.basePlot.all","D01","HARV","HARV_001","1111541","2017-08-09","Field Book for Describing and Sampling Soils ver3","S2017MA027001","17N04246","2C",68,100,,
"3735ebe0-10c8-43d1-8df5-b43f7e097371","HARV_001.basePlot.all","D01","HARV","HARV_001","1111541","2017-08-09","Field Book for Describing and Sampling Soils ver3","S2017MA027001","17N04243","A",4,14,,
"bc946bfa-3693-4d34-9306-1a0295435651","HARV_001.basePlot.all","D01","HARV","HARV_001","1111541","2017-08-09","Field Book for Describing and Sampling Soils ver3","S2017MA027001","17N04245","Bw2",39,68,,
"05ff4b69-31ca-4821-9089-ea2b3de8bfcd","HARV_013.basePlot.all","D01","HARV","HARV_013","1215928","2017-08-11","Field Book for Describing and Sampling Soils ver3","S2017MA027013","17N04293","Bw2",27,50,,
"9f1b9124-0863-4898-b2b9-2ff79ce401ff","HARV_013.basePlot.all","D01","HARV","HARV_013","1215928","2017-08-11","Field Book for Describing and Sampling Soils ver3","S2017MA027013","17N04290","Oe",0,4,,
"5564e2d5-4719-47b3-a458-e3dede5d26f6","HARV_013.basePlot.all","D01","HARV","HARV_013","1215928","2017-08-11","Field Book for Describing and Sampling Soils ver3","S2017MA027013","6065603","3R",97,122,,
"fc183abc-892b-414f-961f-90683f4b6097","HARV_013.basePlot.all","D01","HARV","HARV_013","1215928","2017-08-11","Field Book for Describing and Sampling Soils ver3","S2017MA027013","17N04292","Bw1",11,27,,
"b07b19fd-c9e5-4515-ad1c-2ca87d124766","HARV_013.basePlot.all","D01","HARV","HARV_013","1215928","2017-08-11","Field Book for Describing and Sampling Soils ver3","S2017MA027013","17N04295","2C",75,97,,
"654a447a-5109-410b-8db7-96cce2f9b051","HARV_013.basePlot.all","D01","HARV","HARV_013","1215928","2017-08-11","Field Book for Describing and Sampling Soils ver3","S2017MA027013","17N04294","BC",50,75,,
"64486a3a-ed4b-4cb6-9def-e619e1cb061c","HARV_013.basePlot.all","D01","HARV","HARV_013","1215928","2017-08-11","Field Book for Describing and Sampling Soils ver3","S2017MA027013","17N04291","A",4,11,,
"1fc5c99b-d84b-4d61-a92f-0417485631eb","HARV_018.basePlot.all","D01","HARV","HARV_018","1215929","2017-08-14","Field Book for Describing and Sampling Soils ver3","S2017MA027018","17N04255","Bw1",14,29,,
"0f39742b-3252-4d86-a53d-2c29d502847f","HARV_018.basePlot.all","D01","HARV","HARV_018","1215929","2017-08-14","Field Book for Describing and Sampling Soils ver3","S2017MA027018","17N04254","Ap",5,14,,
"17fc29d7-2100-45c3-9197-fafd8ea37466","HARV_018.basePlot.all","D01","HARV","HARV_018","1215929","2017-08-14","Field Book for Describing and Sampling Soils ver3","S2017MA027018","17N04253","Oe",0,5,,
"9fc60b7b-d31f-429a-b3f6-b3492bb592cb","HARV_018.basePlot.all","D01","HARV","HARV_018","1215929","2017-08-14","Field Book for Describing and Sampling Soils ver3","S2017MA027018","17N04256","Bw2",29,47,,
"85f7a9cf-af75-4441-89f9-5a84badc1e04","HARV_018.basePlot.all","D01","HARV","HARV_018","1215929","2017-08-14","Field Book for Describing and Sampling Soils ver3","S2017MA027018","17N04257","BC",47,68,,
"a7c30218-a307-4699-a8ad-5d71a3960b5c","HARV_018.basePlot.all","D01","HARV","HARV_018","1215929","2017-08-14","Field Book for Describing and Sampling Soils ver3","S2017MA027018","17N04258","2Cd",68,100,,
"e2355e55-ae06-4cb4-998d-c4fe6db20d71","HARV_008.basePlot.all","D01","HARV","HARV_008","1215930","2017-08-16","Field Book for Describing and Sampling Soils ver3","S2017MA027008","17N04249","Bw1",19,36,,
"eb71ae09-9306-4138-ba1b-4ce0972f6055","HARV_008.basePlot.all","D01","HARV","HARV_008","1215930","2017-08-16","Field Book for Describing and Sampling Soils ver3","S2017MA027008","17N04251","BC",54,74,,
"cb9bd7ef-6668-454e-9cff-2c891366221e","HARV_008.basePlot.all","D01","HARV","HARV_008","1215930","2017-08-16","Field Book for Describing and Sampling Soils ver3","S2017MA027008","17N04248","A",10,19,,
"2bc86fe6-5e1d-493b-9759-8d7e512b5107","HARV_008.basePlot.all","D01","HARV","HARV_008","1215930","2017-08-16","Field Book for Describing and Sampling Soils ver3","S2017MA027008","17N04250","Bw2",36,54,,
"92664f77-0d27-47b9-aee4-be479af6f74f","HARV_008.basePlot.all","D01","HARV","HARV_008","1215930","2017-08-16","Field Book for Describing and Sampling Soils ver3","S2017MA027008","17N04247","Oe",0,10,,
"e077304d-4669-429d-a05d-2def596e99d6","HARV_008.basePlot.all","D01","HARV","HARV_008","1215930","2017-08-16","Field Book for Describing and Sampling Soils ver3","S2017MA027008","17N04252","C",74,115,,
"e507e722-44b4-4f51-b859-62be7a149fbd","HARV_029.basePlot.all","D01","HARV","HARV_029","1215931","2017-08-22","Field Book for Describing and Sampling Soils ver3","S2017MA027029","17N04283","2C",68,106,,
"d0f9b1b2-77ae-4701-8515-55e4981ec799","HARV_029.basePlot.all","D01","HARV","HARV_029","1215931","2017-08-22","Field Book for Describing and Sampling Soils ver3","S2017MA027029","17N04281","Bw2",38,51,,
"516bd914-aa97-4a1d-aaa9-b3ceea59e56c","HARV_029.basePlot.all","D01","HARV","HARV_029","1215931","2017-08-22","Field Book for Describing and Sampling Soils ver3","S2017MA027029","17N04279","A",6,18,,
"df098484-9a05-4d71-b6d0-87a1cfbe65cb","HARV_029.basePlot.all","D01","HARV","HARV_029","1215931","2017-08-22","Field Book for Describing and Sampling Soils ver3","S2017MA027029","17N04282","2CB",51,68,,
"978ab81f-43b1-42dd-9b38-4badf853a5c6","HARV_029.basePlot.all","D01","HARV","HARV_029","1215931","2017-08-22","Field Book for Describing and Sampling Soils ver3","S2017MA027029","17N04280","Bw1",18,38,,
"8cd48934-8da1-4027-949e-3307b3997a14","HARV_029.basePlot.all","D01","HARV","HARV_029","1215931","2017-08-22","Field Book for Describing and Sampling Soils ver3","S2017MA027029","17N04278","Oe",0,6,,
"29ebbc32-1cf3-43ad-b2d5-8ceee3815469","HARV_011.basePlot.all","D01","HARV","HARV_011","1215932","2017-08-23","Field Book for Describing and Sampling Soils ver3","S2017MA027011","17N04300","2Cg",76,105,,
"d413bcae-1a93-4c35-9064-ed8120d6c4f9","HARV_011.basePlot.all","D01","HARV","HARV_011","1215932","2017-08-23","Field Book for Describing and Sampling Soils ver3","S2017MA027011","17N04298","Bw1",17,36,,
"c4873a0e-14e9-45b3-b2c5-0a26d6d7b968","HARV_011.basePlot.all","D01","HARV","HARV_011","1215932","2017-08-23","Field Book for Describing and Sampling Soils ver3","S2017MA027011","17N04297","A",5,17,,
"bfb7d474-d9bf-41f7-b6bc-216d71e8a048","HARV_011.basePlot.all","D01","HARV","HARV_011","1215932","2017-08-23","Field Book for Describing and Sampling Soils ver3","S2017MA027011","17N04296","Oa",0,5,,
"9eeeab3b-a076-4c8e-8c14-f12adf694538","HARV_011.basePlot.all","D01","HARV","HARV_011","1215932","2017-08-23","Field Book for Describing and Sampling Soils ver3","S2017MA027011","17N04299","Bw2",36,76,,
"69ec9dfb-5bb7-4206-ab9c-4343510ee9b8","HARV_021.basePlot.all","D01","HARV","HARV_021","1215933","2017-08-24","Field Book for Describing and Sampling Soils ver3","S2017MA027021","17N04260","A",6,22,,
"4d857b71-f404-4bda-9fb5-3f49c0886c34","HARV_021.basePlot.all","D01","HARV","HARV_021","1215933","2017-08-24","Field Book for Describing and Sampling Soils ver3","S2017MA027021","17N04264","2C2",82,106,,
"e4554353-c18f-49d8-985f-5db3c46173cf","HARV_021.basePlot.all","D01","HARV","HARV_021","1215933","2017-08-24","Field Book for Describing and Sampling Soils ver3","S2017MA027021","17N04261","Bw",22,36,,
"9ea83c4c-7332-4a5d-aa14-4d6519bcf27d","HARV_021.basePlot.all","D01","HARV","HARV_021","1215933","2017-08-24","Field Book for Describing and Sampling Soils ver3","S2017MA027021","17N04259","Oe",0,6,,
"d3c7b70f-7596-4420-83bd-0c6137e9b95a","HARV_021.basePlot.all","D01","HARV","HARV_021","1215933","2017-08-24","Field Book for Describing and Sampling Soils ver3","S2017MA027021","17N04263","2C1",55,82,,
"b546fcc9-825c-4ed0-b686-372ddad90d5f","HARV_021.basePlot.all","D01","HARV","HARV_021","1215933","2017-08-24","Field Book for Describing and Sampling Soils ver3","S2017MA027021","17N04262","2BC",36,55,,
"289e994c-662c-442b-87d9-46d97c77b562","HARV_027.basePlot.all","D01","HARV","HARV_027","1111542","2017-08-25","Field Book for Describing and Sampling Soils ver3","S2017MA027027","17N04276","Bg",52,80,"some firm pockets",
"ec74dedd-bff4-443f-92e2-abf8b0c7ceea","HARV_027.basePlot.all","D01","HARV","HARV_027","1111542","2017-08-25","Field Book for Describing and Sampling Soils ver3","S2017MA027027","17N04277","Cg",80,100,,
"ad612853-361a-4ee2-a0f2-f6f96ed141a5","HARV_027.basePlot.all","D01","HARV","HARV_027","1111542","2017-08-25","Field Book for Describing and Sampling Soils ver3","S2017MA027027","17N04275","A3",36,52,,
"be2ab649-664a-4471-9b5c-f42ce1df226a","HARV_027.basePlot.all","D01","HARV","HARV_027","1111542","2017-08-25","Field Book for Describing and Sampling Soils ver3","S2017MA027027","17N04273","A1",1,16,,
"57a3282a-54e4-4063-81aa-14a1cf13e14e","HARV_027.basePlot.all","D01","HARV","HARV_027","1111542","2017-08-25","Field Book for Describing and Sampling Soils ver3","S2017MA027027","17N04274","A2",16,36,,
"56b99ca7-a042-47dc-9bfd-61739637688a","HARV_027.basePlot.all","D01","HARV","HARV_027","1111542","2017-08-25","Field Book for Describing and Sampling Soils ver3","S2017MA027027","5440542","Oi",0,1,"Horizon not sampled",
"2e0475a4-89ba-41bc-b4ba-69f333aa6643","HARV_059.basePlot.all","D01","HARV","HARV_059","1126066","2017-08-28","Field Book for Describing and Sampling Soils ver3","S2017MA027059","17N04288","2C",58,80,,
"b0302ac8-3a97-440b-853d-2b0343b79d59","HARV_059.basePlot.all","D01","HARV","HARV_059","1126066","2017-08-28","Field Book for Describing and Sampling Soils ver3","S2017MA027059","17N04286","Bw",25,42,,
"b91ec19f-d60d-4cee-89e4-255964cf807b","HARV_059.basePlot.all","D01","HARV","HARV_059","1126066","2017-08-28","Field Book for Describing and Sampling Soils ver3","S2017MA027059","17N04289","2Cg",80,105,,
"6717654a-a771-450d-bbcc-f450084fccff","HARV_059.basePlot.all","D01","HARV","HARV_059","1126066","2017-08-28","Field Book for Describing and Sampling Soils ver3","S2017MA027059","17N04285","Ap",5,25,,
"668ab6a0-92fb-4d93-ae30-8acd220139c8","HARV_059.basePlot.all","D01","HARV","HARV_059","1126066","2017-08-28","Field Book for Describing and Sampling Soils ver3","S2017MA027059","17N04284","Oe",0,5,,
"b6ce6b2f-c657-4380-b65d-8253f46711b1","HARV_059.basePlot.all","D01","HARV","HARV_059","1126066","2017-08-28","Field Book for Describing and Sampling Soils ver3","S2017MA027059","17N04287","BC",42,58,,
"2407255e-5f90-4e92-afcf-e24577a7b013","HARV_024.basePlot.all","D01","HARV","HARV_024","1111543","2017-08-29","Field Book for Describing and Sampling Soils ver3","S2017MA027024","17N04268","Oa3",37,71,"0% estimated mineral content, trace charcoal fragments present",
"46e04fef-fd21-43f5-88b9-e84707d85fde","HARV_024.basePlot.all","D01","HARV","HARV_024","1111543","2017-08-29","Field Book for Describing and Sampling Soils ver3","S2017MA027024","17N04265","Oe",0,9,"0% estimated mineral content",
"3d33c9fb-33e5-43d5-b8e3-337707f698e5","HARV_024.basePlot.all","D01","HARV","HARV_024","1111543","2017-08-29","Field Book for Describing and Sampling Soils ver3","S2017MA027024","5440553","O'e",104,140,"0% estimated mineral content, irridescent green beetle shell in sample",
"fd92f354-b40e-4abf-94f8-967b0d234016","HARV_024.basePlot.all","D01","HARV","HARV_024","1111543","2017-08-29","Field Book for Describing and Sampling Soils ver3","S2017MA027024","5440554","2C",140,150,,
"43951dfc-eff6-4794-9913-3a83169d6bb8","HARV_024.basePlot.all","D01","HARV","HARV_024","1111543","2017-08-29","Field Book for Describing and Sampling Soils ver3","S2017MA027024","17N04267","Oa2",18,37,"0% estimated mineral content",
"0a4e51d5-df71-4bd2-bfd4-4ea015b3bb17","HARV_024.basePlot.all","D01","HARV","HARV_024","1111543","2017-08-29","Field Book for Describing and Sampling Soils ver3","S2017MA027024","17N04266","Oa1",9,18,"0% estimated mineral content",
"d145a98c-b6f8-497a-a5dd-fc8ff8649a22","HARV_024.basePlot.all","D01","HARV","HARV_024","1111543","2017-08-29","Field Book for Describing and Sampling Soils ver3","S2017MA027024","17N04269","Oa4",71,104,"0% estimated mineral content",
