uid,domainID,siteID,pitNamedLocation,pitID,horizonID,horizonName,setDate,collectDate,horizonTopDepth,horizonBottomDepth,nrcsDescriptionID,remarks
"056cd6fd-ab98-4e99-87c5-2af535b2b36c","D19","BONA","MEGAPT112075","D19_BONA_PIT1","D19_BONA_PIT1_CGF3","Cgf3","2017-03-20","2017-03-20",131.0,193.0,"S2017AK090001_MP","Soil horizons described from intact frozen soil cores"
"74f2bb7b-7c01-4e91-8063-1ea8c2e74f14","D19","BONA","MEGAPT112075","D19_BONA_PIT1","D19_BONA_PIT1_OA","Oa","2017-03-20","2017-03-20",10.0,22.0,"S2017AK090001_MP","Soil horizons described from intact frozen soil cores"
"60468bae-a56a-4462-a3a8-b14aae5b20d6","D19","BONA","MEGAPT112075","D19_BONA_PIT1","D19_BONA_PIT1_CGF1","Cgf1","2017-03-20","2017-03-20",56.0,88.0,"S2017AK090001_MP","Soil horizons described from intact frozen soil cores"
"bf9c20ea-c916-42e7-90c7-c5912b100245","D19","BONA","MEGAPT112075","D19_BONA_PIT1","D19_BONA_PIT1_OE","Oe","2017-03-20","2017-03-20",0.0,10.0,"S2017AK090001_MP","Soil horizons described from intact frozen soil cores"
"7d36248e-70bf-4202-ad39-92df86bd610e","D19","BONA","MEGAPT112075","D19_BONA_PIT1","D19_BONA_PIT1_CGF2","Cgf2","2017-03-20","2017-03-20",88.0,131.0,"S2017AK090001_MP","Soil horizons described from intact frozen soil cores"
"d69c9b18-c6e1-4c23-93e7-4ae3ca2d4f34","D19","BONA","MEGAPT112075","D19_BONA_PIT1","D19_BONA_PIT1_CG","Cg","2017-03-20","2017-03-20",38.0,56.0,"S2017AK090001_MP","Soil horizons described from intact frozen soil cores"
"105247f7-5289-4b28-be51-eb487ad54161","D19","BONA","MEGAPT112075","D19_BONA_PIT1","D19_BONA_PIT1_BG/OAJJ","Bg/Oajj","2017-03-20","2017-03-20",22.0,38.0,"S2017AK090001_MP","Soil horizons described from intact frozen soil cores"
