uid,domainID,siteID,pitNamedLocation,pitID,horizonID,horizonName,setDate,collectDate,archiveID,archiveLaboratoryName,archiveTopDepth,archiveBottomDepth,remarks,sampleMass
"2cf3d5c8-418a-4697-8156-7dec432b2bb5","D19","BONA","MEGAPT112075","D19_BONA_PIT1","D19_BONA_PIT1_BG/OAJJ","Bg/Oajj","2017-03-20","2017-03-20","D19_BONA_PIT1_ARCHIVE_22-38_BG/OAJJ","NEON",22.0,38.0,,1885.0
"7213b1bd-a0db-4f60-8cd0-f0eea7ee5349","D19","BONA","MEGAPT112075","D19_BONA_PIT1","D19_BONA_PIT1_CGF3","Cgf3","2017-03-20","2017-03-20","D19_BONA_PIT1_ARCHIVE_131-193_CGF3","NEON",131.0,193.0,,3600.3
"f36afeac-6d28-45ac-8f35-9a1360462b64","D19","BONA","MEGAPT112075","D19_BONA_PIT1","D19_BONA_PIT1_CGF2","Cgf2","2017-03-20","2017-03-20","D19_BONA_PIT1_ARCHIVE_88-131_CGF2","NEON",88.0,131.0,,3600.4
"b3dcdb7e-3f6e-4627-8a92-e9f9ff0daf9b","D19","BONA","MEGAPT112075","D19_BONA_PIT1","D19_BONA_PIT1_CG","Cg","2017-03-20","2017-03-20","D19_BONA_PIT1_ARCHIVE_38-56_CG","NEON",38.0,56.0,,3600.3
"e0d5e7ff-5f22-44c0-8056-8f616dd94c3f","D19","BONA","MEGAPT112075","D19_BONA_PIT1","D19_BONA_PIT1_OA","Oa","2017-03-20","2017-03-20",,,,,,
"4c42cfdb-f75d-4270-a2eb-f08e1e29c445","D19","BONA","MEGAPT112075","D19_BONA_PIT1","D19_BONA_PIT1_CGF1","Cgf1","2017-03-20","2017-03-20","D19_BONA_PIT1_ARCHIVE_56-88_CGF1","NEON",56.0,88.0,,3600.3
"d612cf8d-4a65-48ae-a1cc-a9263142bb67","D19","BONA","MEGAPT112075","D19_BONA_PIT1","D19_BONA_PIT1_OE","Oe","2017-03-20","2017-03-20",,,,,,
