uid,domainID,siteID,pitNamedLocation,pitID,horizonID,bulkDensID,horizonName,setDate,collectDate,laboratoryName,labProjID,bulkDensCenterDepth,bulkDensTopDepth,bulkDensBottomDepth,bulkDensHorizonProportion,bulkDensSampleType,bulkDensExclCoarseFrag,remarks
"03611587-cbcb-4824-8cb2-bac9d1a9d9fa","D19","BONA","MEGAPT112075","D19_BONA_PIT1","D19_BONA_PIT1_CG","D19_BONA_PIT1_BULKD_CG","Cg","2017-03-20","2017-03-20","USDA NRCS Kellogg Soil Survey Laboratory - Lincoln - NE","I2017USAK081",47.0,38.0,56.0,1.0,"Regular",1.1482,"Exact depths unknown (top/bottom depths are min/max possible depths)."
"78868754-2172-4771-87f3-305688d679d6","D19","BONA","MEGAPT112075","D19_BONA_PIT1","D19_BONA_PIT1_BG/OAJJ","D19_BONA_PIT1_BULKD_BG/OAJJ","Bg/Oajj","2017-03-20","2017-03-20","USDA NRCS Kellogg Soil Survey Laboratory - Lincoln - NE","I2017USAK081",30.0,22.0,38.0,1.0,"Regular",0.8706,"Exact depths unknown (top/bottom depths are min/max possible depths)."
"e12fd2d8-0733-4b95-bf1c-e17dad70122e","D19","BONA","MEGAPT112075","D19_BONA_PIT1","D19_BONA_PIT1_CGF2","D19_BONA_PIT1_BULKD_CGF2","Cgf2","2017-03-20","2017-03-20","USDA NRCS Kellogg Soil Survey Laboratory - Lincoln - NE","I2017USAK081",109.5,88.0,131.0,1.0,"Regular",0.8396,"Exact depths unknown (top/bottom depths are min/max possible depths)."
"cbfd5613-5a54-4815-9a5f-62a024a114c6","D19","BONA","MEGAPT112075","D19_BONA_PIT1","D19_BONA_PIT1_CGF1","D19_BONA_PIT1_BULKD_CGF1","Cgf1","2017-03-20","2017-03-20","USDA NRCS Kellogg Soil Survey Laboratory - Lincoln - NE","I2017USAK081",72.0,56.0,88.0,1.0,"Regular",0.4116,"Exact depths unknown (top/bottom depths are min/max possible depths)."
"4e8d42d6-a187-4956-bbf0-ce8e52adcf48","D19","BONA","MEGAPT112075","D19_BONA_PIT1","D19_BONA_PIT1_CGF3","D19_BONA_PIT1_BULKD_CGF3","Cgf3","2017-03-20","2017-03-20","USDA NRCS Kellogg Soil Survey Laboratory - Lincoln - NE","I2017USAK081",162.0,131.0,193.0,1.0,"Regular",1.1182,"Exact depths unknown (top/bottom depths are min/max possible depths)."
"55375100-b2e6-41eb-8be3-d9146571bcde","D19","BONA","MEGAPT112075","D19_BONA_PIT1","D19_BONA_PIT1_OA","D19_BONA_PIT1_BULKD_OA","Oa","2017-03-20","2017-03-20","USDA NRCS Kellogg Soil Survey Laboratory - Lincoln - NE","I2017USAK081",16.0,10.0,22.0,1.0,"Regular",0.3893,"Exact depths unknown (top/bottom depths are min/max possible depths)."
"1b466365-480a-4bb0-a533-a0faf57c426c","D19","BONA","MEGAPT112075","D19_BONA_PIT1","D19_BONA_PIT1_OE","D19_BONA_PIT1_BULKD_OE","Oe","2017-03-20","2017-03-20","USDA NRCS Kellogg Soil Survey Laboratory - Lincoln - NE","I2017USAK081",5.0,0.0,10.0,1.0,"Regular",0.0617,"Exact depths unknown (top/bottom depths are min/max possible depths)."
