uid,domainID,siteID,plotID,namedLocation,plotType,nlcdClass,geodeticDatum,decimalLatitude,decimalLongitude,coordinateUncertainty,elevation,elevationUncertainty,collectDate,referenceCorner,sampleDistance,sampleBearing,pitID,testProtocolVersion,soilSamplingMethod,sampleRelativeLocation,pitDepth,recordedByA,soilProfileDescriberA,soilProfileDescriberInst,nrcsDescriptionID,soilSeries,soilFamily,soilSubgroup,soilGreatGroup,soilSuborder,soilOrder,remarks,dataQF
"277a1ce0-546e-4b5c-8e90-3be3a2447180","D04","GUAN","GUAN_001","GUAN_001.basePlot.all","distributed","evergreenForest","WGS84",17.972768,-66.851235,20.1,149.5,0.1,"2018-06-18","SW40",0.8,56,"1296306","Field Book for Describing and Sampling Soils ver3","soil pit","Center of pit",100,"zOrmnyPBsIVk/36syHNUww==","8yLPS6+jvnXhlic5luBm0A==","Natural Resource Conservation Service","S2018PR153001","Tuque","Clayey, carbonatic, isohyperthermic Calcic Lithic Petrocalcids","calcic lithic petrocalcids","petrocalcids","calcids","aridisols",,
"8a74fbb5-7146-4e2e-ad94-d9af8f87f3bb","D04","GUAN","GUAN_013","GUAN_013.basePlot.all","distributed","evergreenForest","WGS84",17.963662,-66.837731,20.1,59.7,0.1,"2018-06-18","SW40",0.6,40,"1296303","Field Book for Describing and Sampling Soils ver3","soil pit","Center of pit",100,"uABGEhEfU8DRjkRXYJM2Eg==","8+WTlQtaISCjHmhHiZGVzg==","Natural Resource Conservation Service","S2018PR059013","Pitahaya","Clayey-skeletal, mixed, superactive, nonacid, isohyperthermic, shallow Typic Torriorthents","typic torriorthents","torriorthents","orthents","entisols",,
"ae2beb10-fb49-4760-9a6f-12e4ed65b763","D04","GUAN","GUAN_003","GUAN_003.basePlot.all","distributed","evergreenForest","WGS84",17.973138,-66.861701,20.1,181.0,0.2,"2018-06-18","SW40",0.9,40,"1296299","Field Book for Describing and Sampling Soils ver3","soil pit","Center of pit",100,"zOrmnyPBsIVk/36syHNUww==","8yLPS6+jvnXhlic5luBm0A==","Natural Resource Conservation Service","S2018PR153003","La Covana","Clayey-skeletal, carbonatic, isohyperthermic Calcic Lithic Petrocalcids","calcic lithic petrocalcids","petrocalcids","calcids","aridisols",,
"41471fd4-2367-4880-96bb-7cfb2ccab8bc","D04","GUAN","GUAN_004","GUAN_004.basePlot.all","distributed","evergreenForest","WGS84",17.969254,-66.852670,20.1,131.1,0.1,"2018-06-18","SW40",0.2,72,"1296307","Field Book for Describing and Sampling Soils ver3","soil pit","Center of pit",100,"zOrmnyPBsIVk/36syHNUww==","nb2YJOS1P1GYkxWo7bBRYw==","Natural Resource Conservation Service","S2018PR153004","Seboruco","Fine-loamy, mixed, superactive, isohyperthermic Typic Calciargids","typic calciargids","calciargids","argids","aridisols",,
"2062ea83-3ce6-4f7b-8f72-88afaf751028","D04","GUAN","GUAN_017","GUAN_017.basePlot.all","distributed","evergreenForest","WGS84",17.965519,-66.835162,20.1,73.1,0.1,"2018-06-19","SW40",0.6,48,"1296304","Field Book for Describing and Sampling Soils ver3","soil pit","Center of pit",100,"zOrmnyPBsIVk/36syHNUww==","8+WTlQtaISCjHmhHiZGVzg==","Natural Resource Conservation Service","S2018PR059017","Pitahaya","Clayey-skeletal, mixed, superactive, nonacid, isohyperthermic, shallow Typic Torriorthents","typic torriorthents","torriorthents","orthents","entisols",,
"4b214c6d-f982-45ec-b204-036287ca39fc","D04","GUAN","GUAN_008","GUAN_008.basePlot.all","distributed","evergreenForest","WGS84",17.965762,-66.832036,20.1,63.5,0.1,"2018-06-19","SW40",0.5,20,"1296302","Field Book for Describing and Sampling Soils ver3","soil pit","Center of pit",100,"uABGEhEfU8DRjkRXYJM2Eg==","8+WTlQtaISCjHmhHiZGVzg==","Natural Resource Conservation Service","S2018PR059008","Seboruco","Fine-loamy, mixed, superactive, isohyperthermic Typic Calciargids","typic calciargids","calciargids","argids","aridisols",,
"dda5f542-b64d-4d32-be02-66745dfcc92c","D04","GUAN","GUAN_002","GUAN_002.basePlot.all","distributed","evergreenForest","WGS84",17.970294,-66.824633,20.1,86.6,0.1,"2018-06-19","SW40",0.5,54,"1296301","Field Book for Describing and Sampling Soils ver3","soil pit","Center of pit",100,"uABGEhEfU8DRjkRXYJM2Eg==","8+WTlQtaISCjHmhHiZGVzg==","Natural Resource Conservation Service","S2018PR059002","Pitahaya","Clayey-skeletal, mixed, superactive, nonacid, isohyperthermic, shallow Typic Torriorthents","typic torriorthents","torriorthents","orthents","entisols",,
"82d8c0f8-b241-4557-b08b-d17f39da3736","D04","GUAN","GUAN_009","GUAN_009.basePlot.all","distributed","evergreenForest","WGS84",17.979430,-66.867833,20.1,114.1,0.1,"2018-06-19","SW40",0.3,72,"1296293","Field Book for Describing and Sampling Soils ver3","soil pit","Center of pit",100,"zOrmnyPBsIVk/36syHNUww==","8yLPS6+jvnXhlic5luBm0A==","Natural Resource Conservation Service","S2018PR055009","Montalva","Fine, mixed, superactive, isohyperthermic Typic Haplotorrerts","typic haplotorrerts","haplotorrerts","torrerts","vertisols",,
"9eac23a8-3380-4f52-8b5e-bbfb6e63734c","D04","GUAN","GUAN_022","GUAN_022.basePlot.all","distributed","evergreenForest","WGS84",17.957936,-66.833839,20.1,44.1,0.1,"2018-06-20","SW40",0.7,66,"1296305","Field Book for Describing and Sampling Soils ver3","soil pit","Center of pit",100,"zOrmnyPBsIVk/36syHNUww==","8+WTlQtaISCjHmhHiZGVzg==","Natural Resource Conservation Service","S2018PR059022","La Covana","Clayey-skeletal, carbonatic, isohyperthermic Calcic Lithic Petrocalcids","calcic lithic petrocalcids","petrocalcids","calcids","aridisols",,
"1c62a873-5066-4d27-87c8-8ae9bce83e23","D04","GUAN","GUAN_023","GUAN_023.basePlot.all","distributed","evergreenForest","WGS84",17.983632,-66.879113,20.1,134.8,0.1,"2018-06-20","SW40",0.5,72,"1296297","Field Book for Describing and Sampling Soils ver3","soil pit","Center of pit",100,"uABGEhEfU8DRjkRXYJM2Eg==","8yLPS6+jvnXhlic5luBm0A==","Natural Resource Conservation Service","S2018PR055023","Seboruco","Fine-loamy, mixed, superactive, isohyperthermic Typic Calciargids","typic calciargids","calciargids","argids","aridisols",,
"20be9462-4e01-4cf9-b6a1-68fd21187126","D04","GUAN","GUAN_015","GUAN_015.basePlot.all","distributed","evergreenForest","WGS84",17.976917,-66.861918,20.1,205.0,0.2,"2018-06-20","SW40",0.2,25,"1296309","Field Book for Describing and Sampling Soils ver3","soil pit","Center of pit",100,"zOrmnyPBsIVk/36syHNUww==","zOrmnyPBsIVk/36syHNUww==","Natural Resource Conservation Service","S2018PR153015","Altamira","Coarse-loamy, carbonatic, isohyperthermic Typic Haplocalcids","typic haplocalcids","haplocalcids","calcids","aridisols",,
"491b41d7-ea76-4cda-9673-49d29a7cef63","D04","GUAN","GUAN_016","GUAN_016.basePlot.all","distributed","evergreenForest","WGS84",17.967958,-66.884679,20.2,161.9,0.2,"2018-06-20","SW40",0.5,32,"1296300","Field Book for Describing and Sampling Soils ver3","soil pit","Center of pit",100,"uABGEhEfU8DRjkRXYJM2Eg==","8+WTlQtaISCjHmhHiZGVzg==","Natural Resource Conservation Service","S2018PR055016","La Covana","Clayey-skeletal, carbonatic, isohyperthermic Calcic Lithic Petrocalcids","calcic lithic petrocalcids","petrocalcids","calcids","aridisols",,
"a5f569ec-1728-464f-be03-2b684ed3d298","D04","GUAN","GUAN_014","GUAN_014.basePlot.all","distributed","evergreenForest","WGS84",17.955704,-66.852256,20.1,19.6,0.1,"2018-06-21","SW40",1.2,53,"1296308","Field Book for Describing and Sampling Soils ver3","soil pit","Center of pit",100,"zOrmnyPBsIVk/36syHNUww==","zOrmnyPBsIVk/36syHNUww==","Natural Resource Conservation Service","S2018PR153014","Pitahaya","Clayey-skeletal, mixed, superactive, nonacid, isohyperthermic, shallow Typic Torriorthents","typic torriorthents","torriorthents","orthents","entisols",,
"71e397a8-b12e-42f5-8380-fa4d4c5c49e5","D04","GUAN","GUAN_006","GUAN_006.basePlot.all","distributed","evergreenForest","WGS84",17.963818,-66.875667,20.1,98.9,0.2,"2018-06-21","SW40",0.6,68,"1296292","Field Book for Describing and Sampling Soils ver3","soil pit","Center of pit",100,"zOrmnyPBsIVk/36syHNUww==","8+WTlQtaISCjHmhHiZGVzg==","Natural Resource Conservation Service","S2018PR055006","La Covana","Clayey-skeletal, carbonatic, isohyperthermic Calcic Lithic Petrocalcids","calcic lithic petrocalcids","petrocalcids","calcids","aridisols",,
"26895ce3-4e9a-4a51-b617-d5d7ab4b1090","D04","GUAN","GUAN_012","GUAN_012.basePlot.all","distributed","evergreenForest","WGS84",17.951583,-66.899037,20.1,14.8,0.1,"2018-06-21","SW40",0.7,55,"1296295","Field Book for Describing and Sampling Soils ver3","soil pit","Center of pit",100,"zOrmnyPBsIVk/36syHNUww==","8yLPS6+jvnXhlic5luBm0A==","Natural Resource Conservation Service","S2018PR055012","La Covana","Clayey-skeletal, carbonatic, isohyperthermic Calcic Lithic Petrocalcids","calcic lithic petrocalcids","petrocalcids","calcids","aridisols",,
"31d3f1b6-fd06-4559-9b58-d232b15b6f39","D04","GUAN","GUAN_024","GUAN_024.basePlot.all","distributed","evergreenForest","WGS84",17.961652,-66.900614,20.1,119.5,0.1,"2018-06-21","SW40",0.3,60,"1296298","Field Book for Describing and Sampling Soils ver3","soil pit","Center of pit",100,"uABGEhEfU8DRjkRXYJM2Eg==","8+WTlQtaISCjHmhHiZGVzg==","Natural Resource Conservation Service","S2018PR055024","Seboruco","Fine-loamy, mixed, superactive, isohyperthermic Typic Calciargids","typic calciargids","calciargids","argids","aridisols",,
"8386369f-e8a4-4716-88c6-d5ef235111e5","D04","GUAN","GUAN_020","GUAN_020.basePlot.all","distributed","evergreenForest","WGS84",17.954237,-66.892766,20.1,35.0,0.1,"2018-06-21","SW40",0.1,58,"1296296","Field Book for Describing and Sampling Soils ver3","soil pit","Center of pit",100,"uABGEhEfU8DRjkRXYJM2Eg==","8yLPS6+jvnXhlic5luBm0A==","Natural Resource Conservation Service","S2018PR055020","Seboruco","Fine-loamy, mixed, superactive, isohyperthermic Typic Calciargids","typic calciargids","calciargids","argids","aridisols",,
