uid,namedLocation,domainID,siteID,plotID,pitID,collectDate,testProtocolVersion,nrcsDescriptionID,horizonID,horizonName,horizonTopDepth,horizonBottomDepth,remarks,dataQF
"efcd7c9e-408c-4941-a4d2-909678d7d856","GUAN_003.basePlot.all","D04","GUAN","GUAN_003","1296299","2018-06-18","Field Book for Describing and Sampling Soils ver3","S2018PR153003","18N06131","Bk",9,28,,
"796f6f2b-e541-4816-8bcb-3868c36f37e7","GUAN_003.basePlot.all","D04","GUAN","GUAN_003","1296299","2018-06-18","Field Book for Describing and Sampling Soils ver3","S2018PR153003","6579873","R",35,100,,
"915e0efd-585b-4016-82f5-8dc40edcf668","GUAN_001.basePlot.all","D04","GUAN","GUAN_001","1296306","2018-06-18","Field Book for Describing and Sampling Soils ver3","S2018PR153001","18N06123","Bk",10,28,,
"b6937267-7cc3-46b0-999e-1c9713c7b65e","GUAN_001.basePlot.all","D04","GUAN","GUAN_001","1296306","2018-06-18","Field Book for Describing and Sampling Soils ver3","S2018PR153001","18N06125","BCk",48,56,,
"22e764d7-1428-414f-b246-8653a88ceef3","GUAN_013.basePlot.all","D04","GUAN","GUAN_013","1296303","2018-06-18","Field Book for Describing and Sampling Soils ver3","S2018PR059013","6567302","missing",14,100,,
"81c49087-d157-4542-abcf-aeee6e044807","GUAN_013.basePlot.all","D04","GUAN","GUAN_013","1296303","2018-06-18","Field Book for Describing and Sampling Soils ver3","S2018PR059013","18N06154","missing",0,14,,
"a38d45e5-d318-4338-8bb8-ef8ecd3470b1","GUAN_004.basePlot.all","D04","GUAN","GUAN_004","1296307","2018-06-18","Field Book for Describing and Sampling Soils ver3","S2018PR153004","18N06134","Bt",11,23,,
"a724e169-02f8-45a7-987c-8e1d01233df2","GUAN_003.basePlot.all","D04","GUAN","GUAN_003","1296299","2018-06-18","Field Book for Describing and Sampling Soils ver3","S2018PR153003","18N06132","Bkkm",28,35,,
"e89361b1-5f66-4c94-887e-0c53b5c76a55","GUAN_004.basePlot.all","D04","GUAN","GUAN_004","1296307","2018-06-18","Field Book for Describing and Sampling Soils ver3","S2018PR153004","18N06133","A",0,11,,
"619b977f-cec4-48d8-8bf5-091e3de60a74","GUAN_004.basePlot.all","D04","GUAN","GUAN_004","1296307","2018-06-18","Field Book for Describing and Sampling Soils ver3","S2018PR153004","6579879","R",23,100,,
"e89697f8-516e-41f6-bf02-2c94fb204392","GUAN_001.basePlot.all","D04","GUAN","GUAN_001","1296306","2018-06-18","Field Book for Describing and Sampling Soils ver3","S2018PR153001","18N06126","C1",56,70,,
"d0a842d7-9981-4882-a8bb-be20c0ade893","GUAN_001.basePlot.all","D04","GUAN","GUAN_001","1296306","2018-06-18","Field Book for Describing and Sampling Soils ver3","S2018PR153001","18N06122","A",0,10,,
"3ddef0d7-d082-496d-9cd3-ca75fe3a04a5","GUAN_003.basePlot.all","D04","GUAN","GUAN_003","1296299","2018-06-18","Field Book for Describing and Sampling Soils ver3","S2018PR153003","18N06130","A",0,9,,
"39470bbb-787a-43b8-8471-5f9e2ee620fa","GUAN_001.basePlot.all","D04","GUAN","GUAN_001","1296306","2018-06-18","Field Book for Describing and Sampling Soils ver3","S2018PR153001","18N06124","Bkkm",28,48,"Stratified, Indurate and discontinuous petrocalcic horizon. Stage between III and IV.",
"170ee954-0dae-44a9-92bd-8ffb8e546431","GUAN_001.basePlot.all","D04","GUAN","GUAN_001","1296306","2018-06-18","Field Book for Describing and Sampling Soils ver3","S2018PR153001","18N06127","C2",70,100,,
"693a98f6-079e-4c44-a1e5-0ba6bd36a35d","GUAN_002.basePlot.all","D04","GUAN","GUAN_002","1296301","2018-06-19","Field Book for Describing and Sampling Soils ver3","S2018PR059002","18N06129","Bt",7,19,,
"180419e7-3ee0-4c39-860d-32290d602a3d","GUAN_009.basePlot.all","D04","GUAN","GUAN_009","1296293","2018-06-19","Field Book for Describing and Sampling Soils ver3","S2018PR055009","18N06145","Btk3",37,62,,
"036a724b-c678-4bfc-bc17-b739112d097b","GUAN_009.basePlot.all","D04","GUAN","GUAN_009","1296293","2018-06-19","Field Book for Describing and Sampling Soils ver3","S2018PR055009","18N06142","Ap",0,7,,
"8f972e0d-ab8a-4043-8828-5b17038ea296","GUAN_008.basePlot.all","D04","GUAN","GUAN_008","1296302","2018-06-19","Field Book for Describing and Sampling Soils ver3","S2018PR059008","18N06141","Bt2",19,40,"Paragravel 15 to 70mm",
"73c7c251-457e-4919-a421-c004b9357f0d","GUAN_002.basePlot.all","D04","GUAN","GUAN_002","1296301","2018-06-19","Field Book for Describing and Sampling Soils ver3","S2018PR059002","18N06128","A",0,7,,
"9d703f6d-b1db-419b-8324-82bdd7a20cef","GUAN_002.basePlot.all","D04","GUAN","GUAN_002","1296301","2018-06-19","Field Book for Describing and Sampling Soils ver3","S2018PR059002","6567296","R",19,100,,
"ab936cae-495d-4a0f-846b-77b70ff44cab","GUAN_008.basePlot.all","D04","GUAN","GUAN_008","1296302","2018-06-19","Field Book for Describing and Sampling Soils ver3","S2018PR059008","6567300","R",40,100,,
"678fe8c7-cf4f-4248-9ba2-9726c0e44156","GUAN_009.basePlot.all","D04","GUAN","GUAN_009","1296293","2018-06-19","Field Book for Describing and Sampling Soils ver3","S2018PR055009","18N06143","Btk1",7,25,,
"0fcbc726-d6e3-4a77-8998-4a57cc58a71a","GUAN_009.basePlot.all","D04","GUAN","GUAN_009","1296293","2018-06-19","Field Book for Describing and Sampling Soils ver3","S2018PR055009","18N06144","Btk2",25,37,,
"be25c1f5-f2aa-4bac-ab0f-ff3ca3a64e38","GUAN_009.basePlot.all","D04","GUAN","GUAN_009","1296293","2018-06-19","Field Book for Describing and Sampling Soils ver3","S2018PR055009","18N06146","BC",62,100,,
"49d57991-d2da-4e03-9bdd-86d5ae26a8fe","GUAN_017.basePlot.all","D04","GUAN","GUAN_017","1296304","2018-06-19","Field Book for Describing and Sampling Soils ver3","S2018PR059017","18N06167","A",0,20,,
"94f991be-0f1e-4e04-a22c-1ff65946b6f7","GUAN_008.basePlot.all","D04","GUAN","GUAN_008","1296302","2018-06-19","Field Book for Describing and Sampling Soils ver3","S2018PR059008","18N06139","A",0,9,,
"ceb832c8-ca69-4558-b935-651fbf1d7f2a","GUAN_008.basePlot.all","D04","GUAN","GUAN_008","1296302","2018-06-19","Field Book for Describing and Sampling Soils ver3","S2018PR059008","18N06140","Bt1",9,19,,
"d253cfa8-7876-4a43-a280-0a48ca057661","GUAN_017.basePlot.all","D04","GUAN","GUAN_017","1296304","2018-06-19","Field Book for Describing and Sampling Soils ver3","S2018PR059017","6579882","R",20,100,,
"0c0af569-c17d-43b8-9b56-a180353fbb24","GUAN_015.basePlot.all","D04","GUAN","GUAN_015","1296309","2018-06-20","Field Book for Describing and Sampling Soils ver3","S2018PR153015","18N06158","A2",6,16,,
"8ee43ccf-382e-4c70-9f61-55c13e4d120e","GUAN_023.basePlot.all","D04","GUAN","GUAN_023","1296297","2018-06-20","Field Book for Describing and Sampling Soils ver3","S2018PR055023","18N06177","Bt",5,20,"fine aggregates with higher percent of clay content",
"a2336bcc-3916-4a6e-9eb8-5f5d3c13affb","GUAN_022.basePlot.all","D04","GUAN","GUAN_022","1296305","2018-06-20","Field Book for Describing and Sampling Soils ver3","S2018PR059022","18N06172","A",0,10,,
"6b547160-a765-4da3-8223-df2b456d3f50","GUAN_016.basePlot.all","D04","GUAN","GUAN_016","1296300","2018-06-20","Field Book for Describing and Sampling Soils ver3","S2018PR055016","18N06163","A",0,11,,
"8f8b833e-0eda-45e5-b6fd-1dfdbe8ddcc8","GUAN_022.basePlot.all","D04","GUAN","GUAN_022","1296305","2018-06-20","Field Book for Describing and Sampling Soils ver3","S2018PR059022","18N06175","Bkkm2",61,100,,
"9b8205fc-1d26-4cda-a42d-22e1e6f4db47","GUAN_015.basePlot.all","D04","GUAN","GUAN_015","1296309","2018-06-20","Field Book for Describing and Sampling Soils ver3","S2018PR153015","18N06159","ABk",16,31,,
"a954d0a5-2a5d-4712-95b3-2f6cbb6fad38","GUAN_016.basePlot.all","D04","GUAN","GUAN_016","1296300","2018-06-20","Field Book for Describing and Sampling Soils ver3","S2018PR055016","18N06165","Bkkm1",24,55,"Highly fractured Petrocalcic horizon",
"bc0ecde7-2d50-4219-94d9-9191d855ac42","GUAN_015.basePlot.all","D04","GUAN","GUAN_015","1296309","2018-06-20","Field Book for Describing and Sampling Soils ver3","S2018PR153015","18N06161","Bkk2",40,72,,
"80850187-ab8e-4064-b6fc-bf7febd221ea","GUAN_016.basePlot.all","D04","GUAN","GUAN_016","1296300","2018-06-20","Field Book for Describing and Sampling Soils ver3","S2018PR055016","18N06164","Bk",11,24,,
"7e3750b3-ec9c-4207-9387-c5df540b9e36","GUAN_015.basePlot.all","D04","GUAN","GUAN_015","1296309","2018-06-20","Field Book for Describing and Sampling Soils ver3","S2018PR153015","18N06162","C",72,100,,
"2a28fe23-87e1-4b1b-84c7-076c34ab9525","GUAN_015.basePlot.all","D04","GUAN","GUAN_015","1296309","2018-06-20","Field Book for Describing and Sampling Soils ver3","S2018PR153015","18N06157","A1",0,6,,
"0f48efdd-c22a-44f9-b420-d8d344b970c2","GUAN_015.basePlot.all","D04","GUAN","GUAN_015","1296309","2018-06-20","Field Book for Describing and Sampling Soils ver3","S2018PR153015","18N06160","Bkk1",31,40,,
"977ec677-cb51-4966-aa7e-f0137baad7ee","GUAN_022.basePlot.all","D04","GUAN","GUAN_022","1296305","2018-06-20","Field Book for Describing and Sampling Soils ver3","S2018PR059022","18N06174","Bkkm1",31,61,,
"95b3ad96-7634-4fa2-849a-bf6705655eda","GUAN_022.basePlot.all","D04","GUAN","GUAN_022","1296305","2018-06-20","Field Book for Describing and Sampling Soils ver3","S2018PR059022","18N06173","Bk",10,31,,
"906948e5-6047-4ced-a986-eec294db9d6b","GUAN_023.basePlot.all","D04","GUAN","GUAN_023","1296297","2018-06-20","Field Book for Describing and Sampling Soils ver3","S2018PR055023","18N06176","A",0,5,,
"228f9dbe-3ed5-45e1-ab13-645cad9c18b5","GUAN_023.basePlot.all","D04","GUAN","GUAN_023","1296297","2018-06-20","Field Book for Describing and Sampling Soils ver3","S2018PR055023","6567290","R",20,100,,
"302d7183-75e4-4af9-88dd-c9244aeb9a7b","GUAN_016.basePlot.all","D04","GUAN","GUAN_016","1296300","2018-06-20","Field Book for Describing and Sampling Soils ver3","S2018PR055016","18N06166","Bkkm2",55,100,,
"6fd28d17-479d-4161-9880-f9d5e9165b89","GUAN_006.basePlot.all","D04","GUAN","GUAN_006","1296292","2018-06-21","Field Book for Describing and Sampling Soils ver3","S2018PR055006","18N06138","Bkkm2",62,100,,
"1b660013-feed-49ee-9063-8da49065ec46","GUAN_020.basePlot.all","D04","GUAN","GUAN_020","1296296","2018-06-21","Field Book for Describing and Sampling Soils ver3","S2018PR055020","18N06169","Bt1",4,12,,
"bbd7a69c-58bd-41bc-859d-06b32704513d","GUAN_024.basePlot.all","D04","GUAN","GUAN_024","1296298","2018-06-21","Field Book for Describing and Sampling Soils ver3","S2018PR055024","18N06178","A",0,7,,
"4c18a677-5c30-4fd9-934c-48500463fbeb","GUAN_014.basePlot.all","D04","GUAN","GUAN_014","1296308","2018-06-21","Field Book for Describing and Sampling Soils ver3","S2018PR153014","18N06155","A",0,8,,
"fea79b2a-dde5-4bbe-96c5-844d6bd67fb9","GUAN_020.basePlot.all","D04","GUAN","GUAN_020","1296296","2018-06-21","Field Book for Describing and Sampling Soils ver3","S2018PR055020","18N06171","BC",46,100,,
"65732944-a5c4-4ea9-8121-4474b06e2af3","GUAN_006.basePlot.all","D04","GUAN","GUAN_006","1296292","2018-06-21","Field Book for Describing and Sampling Soils ver3","S2018PR055006","18N06135","A",0,11,,
"f143352c-acbb-4093-a2e6-3f05c91365f0","GUAN_020.basePlot.all","D04","GUAN","GUAN_020","1296296","2018-06-21","Field Book for Describing and Sampling Soils ver3","S2018PR055020","18N06168","A",0,4,,
"afa2a6c0-d1d7-4881-8f33-4f11e69920a8","GUAN_024.basePlot.all","D04","GUAN","GUAN_024","1296298","2018-06-21","Field Book for Describing and Sampling Soils ver3","S2018PR055024","6567293","R",24,100,,
"e420197d-3ba9-4fda-803e-2da94f6d5ae8","GUAN_020.basePlot.all","D04","GUAN","GUAN_020","1296296","2018-06-21","Field Book for Describing and Sampling Soils ver3","S2018PR055020","18N06170","Bt2",12,46,,
"5da069ac-e87e-4317-b28d-d9caeeaa8c6b","GUAN_012.basePlot.all","D04","GUAN","GUAN_012","1296295","2018-06-21","Field Book for Describing and Sampling Soils ver3","S2018PR055012","18N06150","A",0,10,,
"022972ae-e0fb-44a1-a448-df0ae693ea99","GUAN_006.basePlot.all","D04","GUAN","GUAN_006","1296292","2018-06-21","Field Book for Describing and Sampling Soils ver3","S2018PR055006","18N06136","Bk",11,37,,
"1557c809-8de6-470d-841c-504866bb5dc9","GUAN_012.basePlot.all","D04","GUAN","GUAN_012","1296295","2018-06-21","Field Book for Describing and Sampling Soils ver3","S2018PR055012","18N06152","Bk",31,44,"Carbonate engulfments and plug mayorito=y of B horizon",
"470fc5ed-b478-4bfa-91f7-db2faf6353b5","GUAN_014.basePlot.all","D04","GUAN","GUAN_014","1296308","2018-06-21","Field Book for Describing and Sampling Soils ver3","S2018PR153014","6579876","R",30,100,,
"47de2895-d369-4104-a489-d5cac93c65cc","GUAN_006.basePlot.all","D04","GUAN","GUAN_006","1296292","2018-06-21","Field Book for Describing and Sampling Soils ver3","S2018PR055006","18N06137","Bkkm1",37,62,,
"781e7770-5991-4db6-b323-8cc452776993","GUAN_012.basePlot.all","D04","GUAN","GUAN_012","1296295","2018-06-21","Field Book for Describing and Sampling Soils ver3","S2018PR055012","18N06153","Bkk",44,100,"Carbonate engulfments and plug mayorito=y of B horizon",
"ddc06809-4be7-447c-98a7-03211a8f075f","GUAN_012.basePlot.all","D04","GUAN","GUAN_012","1296295","2018-06-21","Field Book for Describing and Sampling Soils ver3","S2018PR055012","18N06151","Bkkm",10,31,"Cemented calcic horizon. fine laminae 12 top. carb. stage IV",
"dae0e80e-66be-45ba-a574-0120121f3991","GUAN_024.basePlot.all","D04","GUAN","GUAN_024","1296298","2018-06-21","Field Book for Describing and Sampling Soils ver3","S2018PR055024","18N06179","Bt",7,24,,
"1b892ceb-6db6-4c6a-aa66-313f7886744f","GUAN_014.basePlot.all","D04","GUAN","GUAN_014","1296308","2018-06-21","Field Book for Describing and Sampling Soils ver3","S2018PR153014","18N06156","AC",8,30,,
