uid,namedLocation,domainID,siteID,plotID,nrcsDescriptionID,collectDate,horizonID,horizonName,biogeoIDnrcs,biogeoSampleType,biogeoTopDepth,biogeoBottomDepth,biogeoCenterDepth,particleSizeDistProcessedDate,particleSizeDistMethodPub,particleSizeDistMethod,coarseFrag2To5,coarseFrag5To20,sandTotal,siltTotal,clayTotal,carbonateClay,clayFineContent,siltFineContent,siltCoarseContent,sandVeryFineContent,sandFineContent,sandMediumContent,sandCoarseContent,sandVeryCoarseContent,laboratoryName,dataQF
"a7e0234c-6944-49d8-acce-027c87b88d80","GUAN_003.basePlot.all","D04","GUAN","GUAN_003","S2018PR153003","2018-06-18","18N06132","Bkkm","S2018PR153003-3","bulk",28.0,35.0,31.5,"2018-11-24","Kellogg Soil Survey Laboratory Methods Manual, Soil Survey Investigations Report No. 42 Version 5.0, Issued 2014","Routine Particle Size Distribution (3A1a1a)",0.0,0.0,57.9,36.9,5.2,3.8,,13.8,23.1,9.0,7.3,10.4,15.1,16.1,"USDA NRCS Kellogg Soil Survey Laboratory",
"c1fb7287-d4a5-408d-873e-cd0c31b79fbc","GUAN_001.basePlot.all","D04","GUAN","GUAN_001","S2018PR153001","2018-06-18","18N06123","Bk","S2018PR153001-2","bulk",10.0,28.0,19.0,"2018-11-24","Kellogg Soil Survey Laboratory Methods Manual, Soil Survey Investigations Report No. 42 Version 5.0, Issued 2014","Routine Particle Size Distribution (3A1a1a)",43.4,26.5,16.0,37.0,47.0,5.0,,28.1,8.9,3.9,2.3,2.9,3.7,3.2,"USDA NRCS Kellogg Soil Survey Laboratory",
"0a654c91-ce59-4343-a583-e3b80b0e0278","GUAN_001.basePlot.all","D04","GUAN","GUAN_001","S2018PR153001","2018-06-18","18N06125","BCk","S2018PR153001-4","bulk",48.0,56.0,52.0,"2018-11-24","Kellogg Soil Survey Laboratory Methods Manual, Soil Survey Investigations Report No. 42 Version 5.0, Issued 2014","Routine Particle Size Distribution (3A1a1a)",29.3,8.7,10.6,48.3,41.1,11.8,,34.1,14.2,3.2,1.5,0.9,2.1,2.9,"USDA NRCS Kellogg Soil Survey Laboratory",
"f9b5a9de-c901-4222-89a9-e6830c8e740a","GUAN_001.basePlot.all","D04","GUAN","GUAN_001","S2018PR153001","2018-06-18","18N06127","C2","S2018PR153001-6","bulk",70.0,100.0,85.0,"2018-11-24","Kellogg Soil Survey Laboratory Methods Manual, Soil Survey Investigations Report No. 42 Version 5.0, Issued 2014","Routine Particle Size Distribution (3A1a1a)",11.8,5.7,17.8,54.4,27.8,7.0,,37.0,17.4,6.3,4.8,3.1,2.0,1.6,"USDA NRCS Kellogg Soil Survey Laboratory",
"67175747-6687-436d-9285-a69c53f1b5cf","GUAN_001.basePlot.all","D04","GUAN","GUAN_001","S2018PR153001","2018-06-18","18N06126","C1","S2018PR153001-5","bulk",56.0,70.0,63.0,"2018-11-24","Kellogg Soil Survey Laboratory Methods Manual, Soil Survey Investigations Report No. 42 Version 5.0, Issued 2014","Routine Particle Size Distribution (3A1a1a)",64.4,12.2,17.9,49.0,33.1,12.8,,33.4,15.6,5.1,3.9,2.7,3.5,2.7,"USDA NRCS Kellogg Soil Survey Laboratory",
"0e963816-7984-4a0d-bedb-514d373f5c85","GUAN_001.basePlot.all","D04","GUAN","GUAN_001","S2018PR153001","2018-06-18","18N06122","A","S2018PR153001-1","bulk",0.0,10.0,5.0,"2018-11-24","Kellogg Soil Survey Laboratory Methods Manual, Soil Survey Investigations Report No. 42 Version 5.0, Issued 2014","Routine Particle Size Distribution (3A1a1a)",9.2,0.6,11.9,37.4,50.7,1.6,,27.0,10.4,4.4,3.1,1.6,2.3,0.5,"USDA NRCS Kellogg Soil Survey Laboratory",
"6986dec7-154e-4a4f-a2a7-c8d2b8c1a3b3","GUAN_004.basePlot.all","D04","GUAN","GUAN_004","S2018PR153004","2018-06-18","18N06133","A","S2018PR153004-1","bulk",0.0,11.0,5.5,"2018-11-24","Kellogg Soil Survey Laboratory Methods Manual, Soil Survey Investigations Report No. 42 Version 5.0, Issued 2014","Routine Particle Size Distribution (3A1a1a)",14.0,11.4,6.8,26.8,66.4,0.8,,23.9,2.9,2.8,2.6,0.8,0.3,0.3,"USDA NRCS Kellogg Soil Survey Laboratory",
"2697454b-4610-4b36-b4c0-d1c468a321cb","GUAN_003.basePlot.all","D04","GUAN","GUAN_003","S2018PR153003","2018-06-18","18N06131","Bk","S2018PR153003-2","bulk",9.0,28.0,18.5,"2018-11-24","Kellogg Soil Survey Laboratory Methods Manual, Soil Survey Investigations Report No. 42 Version 5.0, Issued 2014","Routine Particle Size Distribution (3A1a1a)",29.7,148.7,8.4,45.9,45.7,0.9,,26.0,19.9,2.5,1.2,1.4,1.9,1.4,"USDA NRCS Kellogg Soil Survey Laboratory",
"d6b70457-a694-46a5-8cfa-46c7bb5ff7b3","GUAN_003.basePlot.all","D04","GUAN","GUAN_003","S2018PR153003","2018-06-18","18N06130","A","S2018PR153003-1","bulk",0.0,9.0,4.5,,,,12.2,99.5,,,,,,,,,,,,,"USDA NRCS Kellogg Soil Survey Laboratory",
"72998263-de41-4dc5-b81e-14debd04d880","GUAN_013.basePlot.all","D04","GUAN","GUAN_013","S2018PR059013","2018-06-18","18N06154","A","S2018PR059013-1","bulk",0.0,14.0,7.0,,,,29.8,78.2,,,,,,,,,,,,,"USDA NRCS Kellogg Soil Survey Laboratory",
"15c645c7-a6c0-4d8a-b71f-9f18d0847b6c","GUAN_001.basePlot.all","D04","GUAN","GUAN_001","S2018PR153001","2018-06-18","18N06124","Bkkm","S2018PR153001-3","bulk",28.0,48.0,38.0,"2018-11-24","Kellogg Soil Survey Laboratory Methods Manual, Soil Survey Investigations Report No. 42 Version 5.0, Issued 2014","Routine Particle Size Distribution (3A1a1a)",0.0,0.0,73.2,19.2,7.6,4.3,,12.4,6.8,5.3,7.5,11.4,17.9,31.1,"USDA NRCS Kellogg Soil Survey Laboratory",
"ff25668f-7acf-4238-a970-02278162c009","GUAN_004.basePlot.all","D04","GUAN","GUAN_004","S2018PR153004","2018-06-18","18N06134","Bt","S2018PR153004-2","bulk",11.0,23.0,17.0,"2018-11-24","Kellogg Soil Survey Laboratory Methods Manual, Soil Survey Investigations Report No. 42 Version 5.0, Issued 2014","Routine Particle Size Distribution (3A1a1a)",31.6,444.1,6.0,23.0,71.0,0.7,,21.5,1.5,2.3,0.9,0.5,0.9,1.4,"USDA NRCS Kellogg Soil Survey Laboratory",
"40236603-c555-46c4-9b73-c24370436831","GUAN_002.basePlot.all","D04","GUAN","GUAN_002","S2018PR059002","2018-06-19","18N06128","A","S2018PR059002-1","bulk",0.0,7.0,3.5,"2018-11-24","Kellogg Soil Survey Laboratory Methods Manual, Soil Survey Investigations Report No. 42 Version 5.0, Issued 2014","Routine Particle Size Distribution (3A1a1a)",5.0,14.0,11.1,25.2,63.7,1.9,,22.6,2.6,3.4,3.4,2.4,1.3,0.6,"USDA NRCS Kellogg Soil Survey Laboratory",
"90de2b65-3f26-4a95-9aa0-c4d31227f2d3","GUAN_009.basePlot.all","D04","GUAN","GUAN_009","S2018PR055009","2018-06-19","18N06142","Ap","S2018PR055009-1","bulk",0.0,7.0,3.5,"2018-11-24","Kellogg Soil Survey Laboratory Methods Manual, Soil Survey Investigations Report No. 42 Version 5.0, Issued 2014","Routine Particle Size Distribution (3A1a1a)",44.5,13.0,25.5,29.0,45.5,5.3,,21.9,7.1,5.3,5.0,3.5,5.6,6.1,"USDA NRCS Kellogg Soil Survey Laboratory",
"d846a221-73ba-4201-9ebd-d6cee7b4ec18","GUAN_008.basePlot.all","D04","GUAN","GUAN_008","S2018PR059008","2018-06-19","18N06141","Bt2","S2018PR059008-3","bulk",19.0,40.0,29.5,"2018-11-24","Kellogg Soil Survey Laboratory Methods Manual, Soil Survey Investigations Report No. 42 Version 5.0, Issued 2014","Routine Particle Size Distribution (3A1a1a)",3.1,7.8,6.5,15.1,78.4,0.7,,12.9,2.2,2.7,2.4,1.0,0.3,0.1,"USDA NRCS Kellogg Soil Survey Laboratory",
"06517c0d-46d3-4ad6-9a9f-b904561e9dd8","GUAN_009.basePlot.all","D04","GUAN","GUAN_009","S2018PR055009","2018-06-19","18N06145","Btk3","S2018PR055009-4","bulk",37.0,62.0,49.5,"2018-11-24","Kellogg Soil Survey Laboratory Methods Manual, Soil Survey Investigations Report No. 42 Version 5.0, Issued 2014","Routine Particle Size Distribution (3A1a1a)",23.4,9.9,17.6,26.1,56.3,16.2,,21.0,5.1,4.5,5.1,4.0,2.7,1.3,"USDA NRCS Kellogg Soil Survey Laboratory",
"5191a57d-e676-4215-8f7d-97de402aae56","GUAN_017.basePlot.all","D04","GUAN","GUAN_017","S2018PR059017","2018-06-19","18N06167","A","S2018PR059017-1","bulk",0.0,20.0,10.0,"2018-11-30","Kellogg Soil Survey Laboratory Methods Manual, Soil Survey Investigations Report No. 42 Version 5.0, Issued 2014","Routine Particle Size Distribution (3A1a1a)",95.5,381.3,11.5,31.0,57.5,0.5,,27.4,3.6,3.2,2.6,1.9,1.9,1.9,"USDA NRCS Kellogg Soil Survey Laboratory",
"2d588262-344a-4f5f-a288-666d769562dc","GUAN_009.basePlot.all","D04","GUAN","GUAN_009","S2018PR055009","2018-06-19","18N06144","Btk2","S2018PR055009-3","bulk",25.0,37.0,31.0,"2018-11-24","Kellogg Soil Survey Laboratory Methods Manual, Soil Survey Investigations Report No. 42 Version 5.0, Issued 2014","Routine Particle Size Distribution (3A1a1a)",35.4,30.6,19.3,24.8,55.9,17.2,,20.2,4.6,4.7,5.2,5.2,3.1,1.1,"USDA NRCS Kellogg Soil Survey Laboratory",
"426a5385-3952-4084-bd9c-59d5e844aaa0","GUAN_009.basePlot.all","D04","GUAN","GUAN_009","S2018PR055009","2018-06-19","18N06143","Btk1","S2018PR055009-2","bulk",7.0,25.0,16.0,"2018-11-24","Kellogg Soil Survey Laboratory Methods Manual, Soil Survey Investigations Report No. 42 Version 5.0, Issued 2014","Routine Particle Size Distribution (3A1a1a)",43.5,21.2,21.5,26.8,51.7,9.7,,21.1,5.7,7.3,3.0,5.0,3.9,2.3,"USDA NRCS Kellogg Soil Survey Laboratory",
"44ce3fc8-ca7b-43d9-bba7-3b47c588fec1","GUAN_008.basePlot.all","D04","GUAN","GUAN_008","S2018PR059008","2018-06-19","18N06139","A","S2018PR059008-1","bulk",0.0,9.0,4.5,"2018-11-24","Kellogg Soil Survey Laboratory Methods Manual, Soil Survey Investigations Report No. 42 Version 5.0, Issued 2014","Routine Particle Size Distribution (3A1a1a)",1.5,6.2,7.7,16.3,76.0,31.9,,14.1,2.2,3.2,2.7,1.4,0.4,0.0,"USDA NRCS Kellogg Soil Survey Laboratory",
"33a90950-22ea-4bff-87e4-6c40468a32c5","GUAN_009.basePlot.all","D04","GUAN","GUAN_009","S2018PR055009","2018-06-19","18N06146","BC","S2018PR055009-5","bulk",62.0,100.0,81.0,"2018-11-24","Kellogg Soil Survey Laboratory Methods Manual, Soil Survey Investigations Report No. 42 Version 5.0, Issued 2014","Routine Particle Size Distribution (3A1a1a)",130.0,11.8,12.7,28.8,58.5,16.3,,23.9,4.9,3.8,3.9,1.5,2.3,1.2,"USDA NRCS Kellogg Soil Survey Laboratory",
"a29bdac5-0ea1-41ea-a5a0-ffb837ccad26","GUAN_008.basePlot.all","D04","GUAN","GUAN_008","S2018PR059008","2018-06-19","18N06140","Bt1","S2018PR059008-2","bulk",9.0,19.0,14.0,"2018-11-24","Kellogg Soil Survey Laboratory Methods Manual, Soil Survey Investigations Report No. 42 Version 5.0, Issued 2014","Routine Particle Size Distribution (3A1a1a)",4.8,3.0,7.4,19.8,72.8,0.8,,16.6,3.2,3.2,2.5,1.3,0.3,0.1,"USDA NRCS Kellogg Soil Survey Laboratory",
"49bf605c-bd69-40a3-b731-96678ea86147","GUAN_002.basePlot.all","D04","GUAN","GUAN_002","S2018PR059002","2018-06-19","18N06129","Bt","S2018PR059002-2","bulk",7.0,19.0,13.0,"2018-11-24","Kellogg Soil Survey Laboratory Methods Manual, Soil Survey Investigations Report No. 42 Version 5.0, Issued 2014","Routine Particle Size Distribution (3A1a1a)",27.9,93.9,11.5,21.6,66.9,2.0,,19.9,1.7,4.0,1.7,1.6,2.2,2.0,"USDA NRCS Kellogg Soil Survey Laboratory",
"5c694041-7be8-4836-bd4f-f5c6e89af158","GUAN_016.basePlot.all","D04","GUAN","GUAN_016","S2018PR055016","2018-06-20","18N06166","Bkkm2","S2018PR055016-4","bulk",55.0,100.0,77.5,"2018-11-30","Kellogg Soil Survey Laboratory Methods Manual, Soil Survey Investigations Report No. 42 Version 5.0, Issued 2014","Routine Particle Size Distribution (3A1a1a)",219.2,231.6,54.4,22.3,23.3,18.4,,18.8,3.5,5.0,10.4,11.7,15.6,11.7,"USDA NRCS Kellogg Soil Survey Laboratory",
"24aa18a7-1e3a-4766-8066-e7cec4b947d6","GUAN_022.basePlot.all","D04","GUAN","GUAN_022","S2018PR059022","2018-06-20","18N06172","A","S2018PR059022-1","bulk",0.0,10.0,5.0,"2018-11-30","Kellogg Soil Survey Laboratory Methods Manual, Soil Survey Investigations Report No. 42 Version 5.0, Issued 2014","Routine Particle Size Distribution (3A1a1a)",77.4,85.5,34.0,24.2,41.8,14.5,,21.4,2.8,4.5,8.2,9.3,7.5,4.5,"USDA NRCS Kellogg Soil Survey Laboratory",
"daf8bde6-eed0-4db3-b5c6-1f3c9979dc79","GUAN_015.basePlot.all","D04","GUAN","GUAN_015","S2018PR153015","2018-06-20","18N06162","C","S2018PR153015-6","bulk",72.0,100.0,86.0,"2020-01-31","Kellogg Soil Survey Laboratory Methods Manual, Soil Survey Investigations Report No. 42 Version 5.0, Issued 2014","Routine Particle Size Distribution (3A1a1a)",79.5,129.9,30.5,49.9,19.6,7.5,,40.3,9.6,5.6,7.5,7.6,7.2,2.6,"USDA NRCS Kellogg Soil Survey Laboratory",
"09c2b94e-99b7-401a-94d4-8dba72aa9e69","GUAN_022.basePlot.all","D04","GUAN","GUAN_022","S2018PR059022","2018-06-20","18N06175","Bkkm2","S2018PR059022-4","bulk",61.0,100.0,80.5,"2018-11-30","Kellogg Soil Survey Laboratory Methods Manual, Soil Survey Investigations Report No. 42 Version 5.0, Issued 2014","Routine Particle Size Distribution (3A1a1a)",171.9,109.1,46.6,35.5,17.9,14.9,,30.2,5.3,5.3,8.8,11.0,12.0,9.5,"USDA NRCS Kellogg Soil Survey Laboratory",
"23a053b4-d4f3-4aa1-9110-ab12ef74f9d7","GUAN_016.basePlot.all","D04","GUAN","GUAN_016","S2018PR055016","2018-06-20","18N06165","Bkkm1","S2018PR055016-3","bulk",24.0,55.0,39.5,"2020-01-31","Kellogg Soil Survey Laboratory Methods Manual, Soil Survey Investigations Report No. 42 Version 5.0, Issued 2014","Routine Particle Size Distribution (3A1a1a)",193.8,210.9,49.0,20.6,30.4,25.1,,16.3,4.3,4.7,8.7,10.7,12.9,12.0,"USDA NRCS Kellogg Soil Survey Laboratory",
"b9dc07f1-d932-48fb-9dfd-628274e219a3","GUAN_016.basePlot.all","D04","GUAN","GUAN_016","S2018PR055016","2018-06-20","18N06164","Bk","S2018PR055016-2","bulk",11.0,24.0,17.5,"2020-01-31","Kellogg Soil Survey Laboratory Methods Manual, Soil Survey Investigations Report No. 42 Version 5.0, Issued 2014","Routine Particle Size Distribution (3A1a1a)",99.0,102.6,34.7,25.5,39.8,19.3,,20.1,5.4,4.0,6.3,6.0,8.9,9.5,"USDA NRCS Kellogg Soil Survey Laboratory",
"c65d3ca3-5833-4338-84f3-2aae501fdaed","GUAN_023.basePlot.all","D04","GUAN","GUAN_023","S2018PR055023","2018-06-20","18N06176","A","S2018PR055023-1","bulk",0.0,5.0,2.5,"2018-11-30","Kellogg Soil Survey Laboratory Methods Manual, Soil Survey Investigations Report No. 42 Version 5.0, Issued 2014","Routine Particle Size Distribution (3A1a1a)",42.4,140.9,3.1,23.0,73.9,,,19.6,3.4,2.2,0.6,0.1,0.1,0.1,"USDA NRCS Kellogg Soil Survey Laboratory",
"150e43ea-278f-4f27-a03f-a78df0a33f2c","GUAN_022.basePlot.all","D04","GUAN","GUAN_022","S2018PR059022","2018-06-20","18N06174","Bkkm1","S2018PR059022-3","bulk",31.0,61.0,46.0,"2018-11-30","Kellogg Soil Survey Laboratory Methods Manual, Soil Survey Investigations Report No. 42 Version 5.0, Issued 2014","Routine Particle Size Distribution (3A1a1a)",141.7,222.0,51.8,26.2,22.0,18.9,,21.3,4.9,6.2,10.7,13.1,16.5,5.3,"USDA NRCS Kellogg Soil Survey Laboratory",
"9d2871a7-b5cd-481b-945f-989214841d6e","GUAN_015.basePlot.all","D04","GUAN","GUAN_015","S2018PR153015","2018-06-20","18N06161","Bkk2","S2018PR153015-5","bulk",40.0,72.0,56.0,"2020-01-31","Kellogg Soil Survey Laboratory Methods Manual, Soil Survey Investigations Report No. 42 Version 5.0, Issued 2014","Routine Particle Size Distribution (3A1a1a)",150.6,225.7,35.8,43.5,20.7,10.3,,34.5,9.0,5.6,6.1,8.4,9.8,5.9,"USDA NRCS Kellogg Soil Survey Laboratory",
"f95dc101-15ac-4067-9856-7a7d0981e7d5","GUAN_016.basePlot.all","D04","GUAN","GUAN_016","S2018PR055016","2018-06-20","18N06163","A","S2018PR055016-1","bulk",0.0,11.0,5.5,"2020-01-31","Kellogg Soil Survey Laboratory Methods Manual, Soil Survey Investigations Report No. 42 Version 5.0, Issued 2014","Routine Particle Size Distribution (3A1a1a)",8.4,2.9,31.4,26.0,42.6,19.2,,19.7,6.3,4.5,9.4,8.7,7.7,1.1,"USDA NRCS Kellogg Soil Survey Laboratory",
"b081d0a6-d5c4-46e0-bbef-f2009f04e73f","GUAN_015.basePlot.all","D04","GUAN","GUAN_015","S2018PR153015","2018-06-20","18N06158","A2","S2018PR153015-2","bulk",6.0,16.0,11.0,"2020-01-31","Kellogg Soil Survey Laboratory Methods Manual, Soil Survey Investigations Report No. 42 Version 5.0, Issued 2014","Routine Particle Size Distribution (3A1a1a)",27.6,1.8,27.1,30.8,42.1,7.1,,25.1,5.7,3.9,6.1,8.1,7.2,1.8,"USDA NRCS Kellogg Soil Survey Laboratory",
"be3c22d1-15e6-4887-a1e6-2e3aecf004eb","GUAN_015.basePlot.all","D04","GUAN","GUAN_015","S2018PR153015","2018-06-20","18N06157","A1","S2018PR153015-1","bulk",0.0,6.0,3.0,"2020-01-31","Kellogg Soil Survey Laboratory Methods Manual, Soil Survey Investigations Report No. 42 Version 5.0, Issued 2014","Routine Particle Size Distribution (3A1a1a)",23.9,5.5,27.5,29.1,43.4,0.8,,23.7,5.4,4.9,5.8,9.7,6.2,0.9,"USDA NRCS Kellogg Soil Survey Laboratory",
"dacc94a8-a23c-467d-9283-63fb7fd87d56","GUAN_015.basePlot.all","D04","GUAN","GUAN_015","S2018PR153015","2018-06-20","18N06159","ABk","S2018PR153015-3","bulk",16.0,31.0,23.5,"2020-01-31","Kellogg Soil Survey Laboratory Methods Manual, Soil Survey Investigations Report No. 42 Version 5.0, Issued 2014","Routine Particle Size Distribution (3A1a1a)",138.0,497.1,32.5,31.5,36.0,11.6,,25.2,6.3,3.5,4.5,5.1,10.1,9.3,"USDA NRCS Kellogg Soil Survey Laboratory",
"c29e1ae3-228b-4db5-ae75-83d62ec783cf","GUAN_015.basePlot.all","D04","GUAN","GUAN_015","S2018PR153015","2018-06-20","18N06160","Bkk1","S2018PR153015-4","bulk",31.0,40.0,35.5,"2020-01-31","Kellogg Soil Survey Laboratory Methods Manual, Soil Survey Investigations Report No. 42 Version 5.0, Issued 2014","Routine Particle Size Distribution (3A1a1a)",109.6,446.5,39.0,34.8,26.2,14.2,,27.6,7.2,4.4,4.7,6.6,12.5,10.8,"USDA NRCS Kellogg Soil Survey Laboratory",
"e4abbf92-b4b8-4c6a-b0b8-d41d11be1506","GUAN_023.basePlot.all","D04","GUAN","GUAN_023","S2018PR055023","2018-06-20","18N06177","Bt","S2018PR055023-2","bulk",5.0,20.0,12.5,"2018-11-30","Kellogg Soil Survey Laboratory Methods Manual, Soil Survey Investigations Report No. 42 Version 5.0, Issued 2014","Routine Particle Size Distribution (3A1a1a)",62.1,571.2,3.9,24.7,71.4,0.0,,21.4,3.3,1.7,0.5,0.3,0.4,1.0,"USDA NRCS Kellogg Soil Survey Laboratory",
"962d1144-f928-43f0-9a97-4eb1431c1548","GUAN_022.basePlot.all","D04","GUAN","GUAN_022","S2018PR059022","2018-06-20","18N06173","Bk","S2018PR059022-2","bulk",10.0,31.0,20.5,"2018-11-30","Kellogg Soil Survey Laboratory Methods Manual, Soil Survey Investigations Report No. 42 Version 5.0, Issued 2014","Routine Particle Size Distribution (3A1a1a)",126.7,105.6,33.6,21.5,44.9,18.4,,18.7,2.8,3.6,7.7,6.2,8.9,7.2,"USDA NRCS Kellogg Soil Survey Laboratory",
"bb344552-0fb3-4c1f-840e-286469a8459c","GUAN_020.basePlot.all","D04","GUAN","GUAN_020","S2018PR055020","2018-06-21","18N06169","Bt1","S2018PR055020-2","bulk",4.0,12.0,8.0,"2018-11-30","Kellogg Soil Survey Laboratory Methods Manual, Soil Survey Investigations Report No. 42 Version 5.0, Issued 2014","Routine Particle Size Distribution (3A1a1a)",0.0,16.8,10.5,16.8,72.7,,,14.7,2.1,2.5,2.7,3.6,1.5,0.2,"USDA NRCS Kellogg Soil Survey Laboratory",
"69b86cff-f72d-41a6-95a4-f0fada1abde1","GUAN_006.basePlot.all","D04","GUAN","GUAN_006","S2018PR055006","2018-06-21","18N06138","Bkkm2","S2018PR055006-4","bulk",62.0,100.0,81.0,"2018-11-24","Kellogg Soil Survey Laboratory Methods Manual, Soil Survey Investigations Report No. 42 Version 5.0, Issued 2014","Routine Particle Size Distribution (3A1a1a)",0.0,0.0,43.6,43.3,13.1,11.9,,37.9,5.4,3.1,7.4,9.9,12.0,11.2,"USDA NRCS Kellogg Soil Survey Laboratory",
"41d8e83a-a3a9-425c-a6d1-58b889ee7a1d","GUAN_020.basePlot.all","D04","GUAN","GUAN_020","S2018PR055020","2018-06-21","18N06168","A","S2018PR055020-1","bulk",0.0,4.0,2.0,"2018-11-30","Kellogg Soil Survey Laboratory Methods Manual, Soil Survey Investigations Report No. 42 Version 5.0, Issued 2014","Routine Particle Size Distribution (3A1a1a)",7.7,0.0,11.9,18.5,69.6,,,15.7,2.8,2.2,3.8,3.4,2.4,0.1,"USDA NRCS Kellogg Soil Survey Laboratory",
"e1a9046f-753f-4006-9ffa-75b92e51552d","GUAN_020.basePlot.all","D04","GUAN","GUAN_020","S2018PR055020","2018-06-21","18N06170","Bt2","S2018PR055020-3","bulk",12.0,46.0,29.0,"2018-11-30","Kellogg Soil Survey Laboratory Methods Manual, Soil Survey Investigations Report No. 42 Version 5.0, Issued 2014","Routine Particle Size Distribution (3A1a1a)",9.8,333.0,8.6,15.6,75.8,,,13.5,2.1,2.3,2.8,2.1,1.2,0.2,"USDA NRCS Kellogg Soil Survey Laboratory",
"8eefad97-690b-488f-973d-33a31b63c3d6","GUAN_006.basePlot.all","D04","GUAN","GUAN_006","S2018PR055006","2018-06-21","18N06137","Bkkm1","S2018PR055006-3","bulk",37.0,62.0,49.5,"2018-11-24","Kellogg Soil Survey Laboratory Methods Manual, Soil Survey Investigations Report No. 42 Version 5.0, Issued 2014","Routine Particle Size Distribution (3A1a1a)",0.0,0.0,64.2,25.3,10.5,9.7,,19.5,5.8,5.2,9.1,12.4,20.7,16.8,"USDA NRCS Kellogg Soil Survey Laboratory",
"c9c7025a-96ae-451e-82a3-87e99103eaa6","GUAN_006.basePlot.all","D04","GUAN","GUAN_006","S2018PR055006","2018-06-21","18N06135","A","S2018PR055006-1","bulk",0.0,11.0,5.5,,,,28.2,22.3,,,,,,,,,,,,,"USDA NRCS Kellogg Soil Survey Laboratory",
"2e5c5c0b-a5f6-40ad-bdd3-738177b2a543","GUAN_012.basePlot.all","D04","GUAN","GUAN_012","S2018PR055012","2018-06-21","18N06150","A","S2018PR055012-1","bulk",0.0,10.0,5.0,,,,29.9,244.7,,,,,,,,,,,,,"USDA NRCS Kellogg Soil Survey Laboratory",
"a8a8fe12-a946-47d5-804f-e717021c5d1d","GUAN_020.basePlot.all","D04","GUAN","GUAN_020","S2018PR055020","2018-06-21","18N06171","BC","S2018PR055020-4","bulk",46.0,100.0,73.0,"2018-11-30","Kellogg Soil Survey Laboratory Methods Manual, Soil Survey Investigations Report No. 42 Version 5.0, Issued 2014","Routine Particle Size Distribution (3A1a1a)",27.8,233.0,9.6,16.2,74.2,,,14.0,2.2,2.2,2.6,3.1,1.3,0.4,"USDA NRCS Kellogg Soil Survey Laboratory",
"38dc003d-d1c9-4fb0-9779-304b6ca5c21c","GUAN_024.basePlot.all","D04","GUAN","GUAN_024","S2018PR055024","2018-06-21","18N06179","Bt","S2018PR055024-2","bulk",7.0,24.0,15.5,"2018-11-30","Kellogg Soil Survey Laboratory Methods Manual, Soil Survey Investigations Report No. 42 Version 5.0, Issued 2014","Routine Particle Size Distribution (3A1a1a)",46.4,7.6,12.8,15.6,71.6,0.0,,12.7,2.9,6.1,5.0,1.5,0.2,0.0,"USDA NRCS Kellogg Soil Survey Laboratory",
"c119f1d4-4688-4bd3-87be-e1d4fa873bde","GUAN_024.basePlot.all","D04","GUAN","GUAN_024","S2018PR055024","2018-06-21","18N06178","A","S2018PR055024-1","bulk",0.0,7.0,3.5,"2018-11-30","Kellogg Soil Survey Laboratory Methods Manual, Soil Survey Investigations Report No. 42 Version 5.0, Issued 2014","Routine Particle Size Distribution (3A1a1a)",39.8,3.9,13.7,17.1,69.2,,,13.8,3.3,6.9,4.7,1.9,0.2,0.0,"USDA NRCS Kellogg Soil Survey Laboratory",
"abb873fb-db8a-4858-814c-762f030d19d5","GUAN_006.basePlot.all","D04","GUAN","GUAN_006","S2018PR055006","2018-06-21","18N06136","Bk","S2018PR055006-2","bulk",11.0,37.0,24.0,"2018-11-24","Kellogg Soil Survey Laboratory Methods Manual, Soil Survey Investigations Report No. 42 Version 5.0, Issued 2014","Routine Particle Size Distribution (3A1a1a)",100.0,201.0,24.1,23.3,52.6,10.4,,21.8,1.5,2.2,4.6,5.2,7.3,4.8,"USDA NRCS Kellogg Soil Survey Laboratory",
"cb1bfe14-6eb7-43b7-9a28-99d954da3d8e","GUAN_014.basePlot.all","D04","GUAN","GUAN_014","S2018PR153014","2018-06-21","18N06155","A","S2018PR153014-1","bulk",0.0,8.0,4.0,,,,26.9,377.1,,,,,,,,,,,,,"USDA NRCS Kellogg Soil Survey Laboratory",
"b7e7c7ff-2560-4bff-86bd-8ccffbfe8a0c","GUAN_012.basePlot.all","D04","GUAN","GUAN_012","S2018PR055012","2018-06-21","18N06151","Bkkm","S2018PR055012-2","bulk",10.0,31.0,20.5,"2020-01-31","Kellogg Soil Survey Laboratory Methods Manual, Soil Survey Investigations Report No. 42 Version 5.0, Issued 2014","Routine Particle Size Distribution (3A1a1a)",0.0,0.0,79.4,14.8,5.8,5.1,,9.3,5.5,6.2,11.7,14.5,19.0,28.0,"USDA NRCS Kellogg Soil Survey Laboratory",
"10feb28e-e670-474d-abf0-f8303434dacd","GUAN_012.basePlot.all","D04","GUAN","GUAN_012","S2018PR055012","2018-06-21","18N06152","Bk","S2018PR055012-3","bulk",31.0,44.0,37.5,"2020-01-31","Kellogg Soil Survey Laboratory Methods Manual, Soil Survey Investigations Report No. 42 Version 5.0, Issued 2014","Routine Particle Size Distribution (3A1a1a)",160.1,429.5,50.8,21.2,28.0,6.9,,16.8,4.4,2.5,5.8,3.4,13.9,25.2,"USDA NRCS Kellogg Soil Survey Laboratory",
"0ed1c7ec-8eef-4bda-8e5d-8957ee117d5e","GUAN_012.basePlot.all","D04","GUAN","GUAN_012","S2018PR055012","2018-06-21","18N06153","Bkk","S2018PR055012-4","bulk",44.0,100.0,72.0,"2020-01-31","Kellogg Soil Survey Laboratory Methods Manual, Soil Survey Investigations Report No. 42 Version 5.0, Issued 2014","Routine Particle Size Distribution (3A1a1a)",172.0,209.6,64.7,22.5,12.8,6.5,,17.5,5.0,4.9,8.3,11.9,18.2,21.4,"USDA NRCS Kellogg Soil Survey Laboratory",
"c6790b94-8fa5-4849-b5e5-a66975f05b12","GUAN_014.basePlot.all","D04","GUAN","GUAN_014","S2018PR153014","2018-06-21","18N06156","AC","S2018PR153014-2","bulk",8.0,30.0,19.0,,,,108.6,614.6,,,,,,,,,,,,,"USDA NRCS Kellogg Soil Survey Laboratory",
