uid,namedLocation,domainID,siteID,plotID,plotType,sampleID,sampleCode,ligninSampleID,ligninSampleBarcode,collectDate,analysisDate,analyticalRepNumber,dryMass,ligninPercent,cellulosePercent,measurementQF,accuracyQF,remarks,laboratoryName,testMethod,analyzedBy,reviewedBy,dataQF
"53d7633c-8ad8-40c1-9540-cfacb441f5cf","ABBY_013.basePlot.cfc","D16","ABBY","ABBY_013","distributed","kfvvZaGzVPFoMWqFjzgPpkmrzQisk8y2+gBz7kx/RwY=","A00000293090","kfvvZaGzVPFoMWqFjzgPpkmrzQisk8y2ex6C9CpIAeY=","A00000293721","2022-08-08T15:26Z","2023-01-11",1,0.478,21.26,14.77,"OK","OK",,"A and L Great Lakes","SOP APF-10-024","5CCjZV/fgtQ=","j+NchQmCR3uWeXRzNkSPNw==",
"45bbffd3-281c-46bb-8924-37a5f7570e35","ABBY_013.basePlot.cfc","D16","ABBY","ABBY_013","distributed","kfvvZaGzVPExrsMcoYMjR5UtvgRFZhhMQ6rzCVA5h7c=","A00000293084","kfvvZaGzVPExrsMcoYMjR5UtvgRFZhhMStu3otuDQ4M=","A00000293723","2022-08-08T15:26Z","2023-01-11",1,0.500,6.50,9.73,"OK","OK",,"A and L Great Lakes","SOP APF-10-024","5CCjZV/fgtQ=","j+NchQmCR3uWeXRzNkSPNw==",
"1ae73c3e-63f4-47ac-ac07-b2fc6a94e085","ABBY_013.basePlot.cfc","D16","ABBY","ABBY_013","distributed","kfvvZaGzVPFpMwqw9mQ53SxMmBBGp/5vN+8i+BRu1bc=","A00000293083","kfvvZaGzVPFpMwqw9mQ53SxMmBBGp/5v/3I4OsvskCV1z6XU1zcf+Q==","A00000293599","2022-08-08T16:12Z","2023-01-11",1,0.467,11.54,10.73,"OK","OK",,"A and L Great Lakes","SOP APF-10-024","5CCjZV/fgtQ=","j+NchQmCR3uWeXRzNkSPNw==",
"7ed6fc11-d344-4ee3-a22c-2f0ba17f506a","ABBY_013.basePlot.cfc","D16","ABBY","ABBY_013","distributed","kfvvZaGzVPEIrp3+5hasl+cL+F/QacoaN1j+nc4XcHo=","A00000293089","kfvvZaGzVPEIrp3+5hasl+cL+F/Qacoatrmv2P5Cdz4=","A00000293610","2022-08-08T16:21Z","2023-01-11",1,0.472,18.51,16.36,"OK","OK",,"A and L Great Lakes","SOP APF-10-024","5CCjZV/fgtQ=","j+NchQmCR3uWeXRzNkSPNw==",
"d99447f0-8a90-40de-8e07-79d8c7c54a67","ABBY_018.basePlot.cfc","D16","ABBY","ABBY_018","distributed","kfvvZaGzVPE7RuvX/cMP/D91H/huAfWQwILWOhRoCqQ=","A00000293095","kfvvZaGzVPE7RuvX/cMP/D91H/huAfWQDEEkE/liqcA=","A00000293621","2022-08-08T17:34Z","2023-01-11",1,0.481,9.77,11.42,"OK","OK",,"A and L Great Lakes","SOP APF-10-024","5CCjZV/fgtQ=","j+NchQmCR3uWeXRzNkSPNw==",
"0d1facd4-97d1-495a-83bf-2e56b2fbca60","ABBY_003.basePlot.cfc","D16","ABBY","ABBY_003","distributed","kfvvZaGzVPHjZxtG0dwk1ZQLiAJ+z9ZBDRS6EYSw7dM=","A00000293086","kfvvZaGzVPHjZxtG0dwk1ZQLiAJ+z9ZBj6Jxe16d6mU=","A00000293349","2022-08-09T15:40Z","2023-01-11",1,0.486,13.56,16.37,"OK","OK",,"A and L Great Lakes","SOP APF-10-024","5CCjZV/fgtQ=","j+NchQmCR3uWeXRzNkSPNw==",
"33621742-50c5-4235-95b3-a7ee18454f50","ABBY_003.basePlot.cfc","D16","ABBY","ABBY_003","distributed","kfvvZaGzVPFhSFFsweBnQqPj+XT9nWPXNERaZzDy3Mw=","A00000293105","kfvvZaGzVPFhSFFsweBnQqPj+XT9nWPXtVULailZdMk=","A00000293579","2022-08-09T15:54Z","2023-01-11",1,0.476,6.83,11.78,"OK","OK",,"A and L Great Lakes","SOP APF-10-024","5CCjZV/fgtQ=","j+NchQmCR3uWeXRzNkSPNw==",
"9ed21571-f49f-4cbe-b143-8057d95eb19a","ABBY_017.basePlot.cfc","D16","ABBY","ABBY_017","distributed","kfvvZaGzVPHs1ezYTBkUBu2M3GaJoApsH5KpFtAxCMs=","A00000293110","kfvvZaGzVPHs1ezYTBkUBu2M3GaJoAps+7KdvBVpVG4=","A00000293363","2022-08-09T17:41Z","2023-01-11",1,0.501,14.63,13.10,"OK","OK",,"A and L Great Lakes","SOP APF-10-024","5CCjZV/fgtQ=","j+NchQmCR3uWeXRzNkSPNw==",
"15ffee3a-5bac-4bb3-bae4-c787a0a1d435","ABBY_017.basePlot.cfc","D16","ABBY","ABBY_017","distributed","kfvvZaGzVPFynmOpcTupOFGYBX9TY6s9AtPvRUgd6DY=","A00000293103","kfvvZaGzVPFynmOpcTupOFGYBX9TY6s9b5Sv7pyfbQOnYAYM5Vq8MQ==","A00000293406","2022-08-09T18:02Z","2023-01-11",1,0.470,14.74,14.42,"OK","OK",,"A and L Great Lakes","SOP APF-10-024","5CCjZV/fgtQ=","j+NchQmCR3uWeXRzNkSPNw==",
"ac8699b8-05d5-4eb7-981d-365cfa2c2b2a","ABBY_077.basePlot.cfc","D16","ABBY","ABBY_077","distributed","kfvvZaGzVPHh/XcvcK6W71EFqFyK591+50+WKsvHiqM=","A00000293101","kfvvZaGzVPHh/XcvcK6W71EFqFyK591+Mg8GCo3gD/M=","A00000293606","2022-08-09T20:45Z","2023-01-11",1,0.485,12.34,12.10,"OK","OK",,"A and L Great Lakes","SOP APF-10-024","5CCjZV/fgtQ=","j+NchQmCR3uWeXRzNkSPNw==",
"30fd7285-af0a-4ea8-9cb8-ac0cafc79fb6","ABBY_077.basePlot.cfc","D16","ABBY","ABBY_077","distributed","kfvvZaGzVPGXA/lnugGkscLZXQNogXYvf2GR5nBSPUc=","A00000293087","kfvvZaGzVPGXA/lnugGkscLZXQNogXYvmuNlgofqWCXvUo0P+kIJUA==","A00000293619","2022-08-09T20:47Z","2023-01-11",1,0.499,4.41,10.63,"OK","OK",,"A and L Great Lakes","SOP APF-10-024","5CCjZV/fgtQ=","j+NchQmCR3uWeXRzNkSPNw==",
"42fa3e4e-9ac1-4580-a86e-47958e86fa03","ABBY_068.basePlot.cfc","D16","ABBY","ABBY_068","tower","kfvvZaGzVPGN60hq46JjVOIT/y2GGq5U3JA2WCADjU8=","A00000293081","kfvvZaGzVPGN60hq46JjVOIT/y2GGq5UPXB9tnVrrwU=","A00000293605","2022-08-10T17:29Z","2023-01-11",1,0.483,10.68,25.95,"OK","OK",,"A and L Great Lakes","SOP APF-10-024","5CCjZV/fgtQ=","j+NchQmCR3uWeXRzNkSPNw==",
"1fabfbc6-a987-40de-a37b-36a255ed73af","ABBY_068.basePlot.cfc","D16","ABBY","ABBY_068","tower","kfvvZaGzVPEEuox4wqtrf/if5UdwZQ7rxOdL9vxX87A=","A00000293085","kfvvZaGzVPEEuox4wqtrf/if5UdwZQ7rRJIqwHTrGAla5rID4ZqXnw==","A00000293624","2022-08-10T17:43Z","2023-01-11",1,0.463,13.74,13.89,"OK","OK",,"A and L Great Lakes","SOP APF-10-024","5CCjZV/fgtQ=","j+NchQmCR3uWeXRzNkSPNw==",
"6202f62b-6a92-4fdb-88cb-4a907c297209","ABBY_069.basePlot.cfc","D16","ABBY","ABBY_069","tower","kfvvZaGzVPFkic2Qqq/opAzZZC5nB/Hla0STXhfOTeU=","A00000293092","kfvvZaGzVPFkic2Qqq/opAzZZC5nB/HlFPUrGJwrZD1EpN9ayt4N9A==","A00000293604","2022-08-10T19:40Z","2023-01-11",1,0.469,14.28,15.46,"OK","OK",,"A and L Great Lakes","SOP APF-10-024","5CCjZV/fgtQ=","j+NchQmCR3uWeXRzNkSPNw==",
