uid,namedLocation,domainID,siteID,plotID,plotType,sampleID,sampleCode,chlorophyllSampleID,chlorophyllSampleCode,collectDate,sampleCondition,extractionStartDate,extractionLength,freshMass,solventVolume,analyticalRepNumber,extractChlAConc,extractChlBConc,extractCarotConc,relativeAccuracyScale,handlingQF,measurementQF,remarks,laboratoryName,testMethod,analyzedBy,reviewedBy,dataQF
"51648d00-3bfe-4f6c-9c09-a55ad0ed3b6d","ABBY_013.basePlot.cfc","D16","ABBY","ABBY_013","distributed","kfvvZaGzVPExrsMcoYMjR5UtvgRFZhhMQ6rzCVA5h7c=","A00000293084","kfvvZaGzVPExrsMcoYMjR5UtvgRFZhhMQt3rLdcNf3w=","B00000120782","2022-08-08T15:26Z","OK","2022-08-17",48,0.0741,20,1,10.80,3.04,2.35,"not available","sample held at -20 C instead of ultracold","OK",,"EcoAnalysts Inc.","NEON_ChlandCarotenoids_Methanol","oCvRMtztjik=","oCvRMtztjik=",
"74942d4b-c376-439b-ad98-f5cf177bff7e","ABBY_013.basePlot.cfc","D16","ABBY","ABBY_013","distributed","kfvvZaGzVPFoMWqFjzgPpkmrzQisk8y2+gBz7kx/RwY=","A00000293090","kfvvZaGzVPFoMWqFjzgPpkmrzQisk8y2eGm4a7Cy2ns=","B00000120780","2022-08-08T15:26Z","OK","2022-08-17",48,0.0701,20,1,11.24,3.19,2.76,"not available","sample held at -20 C instead of ultracold","OK",,"EcoAnalysts Inc.","NEON_ChlandCarotenoids_Methanol","oCvRMtztjik=","oCvRMtztjik=",
"5ec15696-878d-4024-8fb5-6a36cbd860ba","ABBY_013.basePlot.cfc","D16","ABBY","ABBY_013","distributed","kfvvZaGzVPFpMwqw9mQ53SxMmBBGp/5vN+8i+BRu1bc=","A00000293083","kfvvZaGzVPFpMwqw9mQ53SxMmBBGp/5vx7T4JW+rHIqpYpwmfmfPlQ==","B00000120783","2022-08-08T16:12Z","OK","2022-08-17",48,0.0732,20,1,9.25,2.52,2.38,"not available","sample held at -20 C instead of ultracold","OK",,"EcoAnalysts Inc.","NEON_ChlandCarotenoids_Methanol","oCvRMtztjik=","oCvRMtztjik=",
"b475a9dd-212b-4a51-b8c5-1b656771dc96","ABBY_013.basePlot.cfc","D16","ABBY","ABBY_013","distributed","kfvvZaGzVPEIrp3+5hasl+cL+F/QacoaN1j+nc4XcHo=","A00000293089","kfvvZaGzVPEIrp3+5hasl+cL+F/QacoayHduNGeODv0=","B00000120781","2022-08-08T16:21Z","OK","2022-08-17",48,0.1798,20,1,9.51,3.12,2.09,"not available","sample held at -20 C instead of ultracold","OK",,"EcoAnalysts Inc.","NEON_ChlandCarotenoids_Methanol","oCvRMtztjik=","oCvRMtztjik=",
"0c8848de-2bad-4006-8f43-8632c1bc5b64","ABBY_018.basePlot.cfc","D16","ABBY","ABBY_018","distributed","kfvvZaGzVPE7RuvX/cMP/D91H/huAfWQwILWOhRoCqQ=","A00000293095","kfvvZaGzVPE7RuvX/cMP/D91H/huAfWQdNu2RBgAg5w=","B00000120770","2022-08-08T17:34Z","OK","2022-08-17",48,0.1961,20,1,7.84,2.52,2.27,"not available","sample held at -20 C instead of ultracold","OK",,"EcoAnalysts Inc.","NEON_ChlandCarotenoids_Methanol","oCvRMtztjik=","oCvRMtztjik=",
"ef8b75f1-a193-4f89-9965-f17259dad22e","ABBY_003.basePlot.cfc","D16","ABBY","ABBY_003","distributed","kfvvZaGzVPHjZxtG0dwk1ZQLiAJ+z9ZBDRS6EYSw7dM=","A00000293086","kfvvZaGzVPHjZxtG0dwk1ZQLiAJ+z9ZBXNle49q3ksY=","B00000120768","2022-08-09T15:40Z","OK","2022-08-17",48,0.0727,20,1,12.35,3.86,2.76,"not available","sample held at -20 C instead of ultracold","OK",,"EcoAnalysts Inc.","NEON_ChlandCarotenoids_Methanol","oCvRMtztjik=","oCvRMtztjik=",
"ba4703b9-9ea9-46dc-9bea-2961271de372","ABBY_003.basePlot.cfc","D16","ABBY","ABBY_003","distributed","kfvvZaGzVPFhSFFsweBnQqPj+XT9nWPXNERaZzDy3Mw=","A00000293105","kfvvZaGzVPFhSFFsweBnQqPj+XT9nWPXwpB5yqRp5t4=","B00000120777","2022-08-09T15:54Z","OK","2022-08-17",48,0.0891,20,1,17.28,4.29,4.72,"not available","sample held at -20 C instead of ultracold","OK",,"EcoAnalysts Inc.","NEON_ChlandCarotenoids_Methanol","oCvRMtztjik=","oCvRMtztjik=",
"d2e9f06c-e3a9-4df1-b3f2-e5e561cedc1f","ABBY_017.basePlot.cfc","D16","ABBY","ABBY_017","distributed","kfvvZaGzVPHs1ezYTBkUBu2M3GaJoApsH5KpFtAxCMs=","A00000293110","kfvvZaGzVPHs1ezYTBkUBu2M3GaJoAps6OZGDDXDMVI=","B00000120775","2022-08-09T17:41Z","OK","2022-08-17",48,0.1929,20,1,10.21,3.30,2.10,"not available","sample held at -20 C instead of ultracold","OK",,"EcoAnalysts Inc.","NEON_ChlandCarotenoids_Methanol","oCvRMtztjik=","oCvRMtztjik=",
"e0a47874-5e33-44bf-920a-570c72b26840","ABBY_017.basePlot.cfc","D16","ABBY","ABBY_017","distributed","kfvvZaGzVPFynmOpcTupOFGYBX9TY6s9AtPvRUgd6DY=","A00000293103","kfvvZaGzVPFynmOpcTupOFGYBX9TY6s9rsTWkS/0grgt3FCcS1uu8g==","B00000120769","2022-08-09T18:02Z","OK","2022-08-17",48,0.1920,20,1,10.49,3.12,1.95,"not available","sample held at -20 C instead of ultracold","OK",,"EcoAnalysts Inc.","NEON_ChlandCarotenoids_Methanol","oCvRMtztjik=","oCvRMtztjik=",
"07ef0ac8-69ad-4505-9faf-e204a13d5519","ABBY_077.basePlot.cfc","D16","ABBY","ABBY_077","distributed","kfvvZaGzVPHh/XcvcK6W71EFqFyK591+50+WKsvHiqM=","A00000293101","kfvvZaGzVPHh/XcvcK6W71EFqFyK591+IboZ21mnuII=","B00000120772","2022-08-09T20:45Z","OK","2022-08-17",48,0.1915,20,1,5.73,1.29,2.04,"not available","sample held at -20 C instead of ultracold","OK",,"EcoAnalysts Inc.","NEON_ChlandCarotenoids_Methanol","oCvRMtztjik=","oCvRMtztjik=",
"b263f8bf-217b-4bbe-b695-27b6ee92c5e4","ABBY_077.basePlot.cfc","D16","ABBY","ABBY_077","distributed","kfvvZaGzVPGXA/lnugGkscLZXQNogXYvf2GR5nBSPUc=","A00000293087","kfvvZaGzVPGXA/lnugGkscLZXQNogXYvYNJ1xs6DIS/MqBM38BjV6w==","B00000120771","2022-08-09T20:47Z","OK","2022-08-17",48,0.0805,20,1,10.63,3.06,3.09,"not available","sample held at -20 C instead of ultracold","OK",,"EcoAnalysts Inc.","NEON_ChlandCarotenoids_Methanol","oCvRMtztjik=","oCvRMtztjik=",
"c942bcf9-c8c0-4af8-ab45-25416e2955d4","ABBY_068.basePlot.cfc","D16","ABBY","ABBY_068","tower","kfvvZaGzVPGN60hq46JjVOIT/y2GGq5U3JA2WCADjU8=","A00000293081","kfvvZaGzVPGN60hq46JjVOIT/y2GGq5UmGZZVxm20E0=","B00000120765","2022-08-10T17:29Z","OK","2022-08-17",48,0.1953,20,1,9.74,2.84,2.08,"not available","sample held at -20 C instead of ultracold","OK",,"EcoAnalysts Inc.","NEON_ChlandCarotenoids_Methanol","oCvRMtztjik=","oCvRMtztjik=",
"972b0bd0-bbea-4ec2-b55f-1bcae20589ed","ABBY_068.basePlot.cfc","D16","ABBY","ABBY_068","tower","kfvvZaGzVPEEuox4wqtrf/if5UdwZQ7rxOdL9vxX87A=","A00000293085","kfvvZaGzVPEEuox4wqtrf/if5UdwZQ7rlhJJ/MNfwUR0jwKXClBKDA==","B00000120767","2022-08-10T17:43Z","OK","2022-08-17",48,0.1938,20,1,8.07,2.48,1.54,"not available","sample held at -20 C instead of ultracold","OK",,"EcoAnalysts Inc.","NEON_ChlandCarotenoids_Methanol","oCvRMtztjik=","oCvRMtztjik=",
"b876746b-07ee-4834-928e-b0c208df487c","ABBY_069.basePlot.cfc","D16","ABBY","ABBY_069","tower","kfvvZaGzVPFkic2Qqq/opAzZZC5nB/Hla0STXhfOTeU=","A00000293092","kfvvZaGzVPFkic2Qqq/opAzZZC5nB/HlnKHCW10RfsCk/jnjrJeU+A==","B00000120760","2022-08-10T19:40Z","OK","2022-08-17",48,0.1941,20,1,7.36,2.14,1.56,"not available","sample held at -20 C instead of ultracold","OK",,"EcoAnalysts Inc.","NEON_ChlandCarotenoids_Methanol","oCvRMtztjik=","oCvRMtztjik=",
