uid,namedLocation,domainID,siteID,plotID,plotType,sampleID,sampleCode,collectDate,ovenStartDate,ovenEndDate,sampleCondition,cnSampleID,cnSampleCode,ligninSampleID,ligninSampleBarcode,archiveSampleID,archiveSampleCode,archiveMass,toxicodendronPossible,processedBy,remarks,dataQF
"3daa3e46-e1d9-4df9-a806-26102a04ac5d","ABBY_013.basePlot.cfc","D16","ABBY","ABBY_013","distributed","kfvvZaGzVPFoMWqFjzgPpkmrzQisk8y2+gBz7kx/RwY=","A00000293090","2022-08-08T15:26Z","2022-08-11T21:30Z","2022-08-30T21:59Z","OK","kfvvZaGzVPFoMWqFjzgPpkmrzQisk8y2MT/St6HqFlI=","A00000293722","kfvvZaGzVPFoMWqFjzgPpkmrzQisk8y2ex6C9CpIAeY=","A00000293721","kfvvZaGzVPFoMWqFjzgPpkmrzQisk8y2/rj3AJgYZ24=","A00000293717",2.17,,"0000-0003-2593-761X",,
"be0cf928-a852-4e0f-8a46-e66303808f83","ABBY_013.basePlot.cfc","D16","ABBY","ABBY_013","distributed","kfvvZaGzVPExrsMcoYMjR5UtvgRFZhhMQ6rzCVA5h7c=","A00000293084","2022-08-08T15:26Z","2022-08-11T21:30Z","2022-08-30T21:36Z","OK","kfvvZaGzVPExrsMcoYMjR5UtvgRFZhhMpUTYHHM05bo=","A00000293720","kfvvZaGzVPExrsMcoYMjR5UtvgRFZhhMStu3otuDQ4M=","A00000293723","kfvvZaGzVPExrsMcoYMjR5UtvgRFZhhMz4kFruPl4tE=","A00000293716",8.21,,"0000-0003-2593-761X",,
"695dd33b-ceb5-4b49-9d71-22c425f37976","ABBY_013.basePlot.cfc","D16","ABBY","ABBY_013","distributed","kfvvZaGzVPFpMwqw9mQ53SxMmBBGp/5vN+8i+BRu1bc=","A00000293083","2022-08-08T16:12Z","2022-08-11T21:30Z","2022-08-24T21:18Z","OK","kfvvZaGzVPFpMwqw9mQ53SxMmBBGp/5vFC6zkooH1lw=","A00000293609","kfvvZaGzVPFpMwqw9mQ53SxMmBBGp/5v/3I4OsvskCV1z6XU1zcf+Q==","A00000293599","kfvvZaGzVPFpMwqw9mQ53SxMmBBGp/5vwxC+Ss4OUHI=","A00000293580",6.44,,"0000-0002-4627-175X",,
"7858ff60-47f2-41bb-b1fb-ee9e1d3ebd08","ABBY_013.basePlot.cfc","D16","ABBY","ABBY_013","distributed","kfvvZaGzVPEIrp3+5hasl+cL+F/QacoaN1j+nc4XcHo=","A00000293089","2022-08-08T16:21Z","2022-08-11T21:30Z","2022-08-25T02:23Z","OK","kfvvZaGzVPEIrp3+5hasl+cL+F/QacoaNxNycVePkrA=","A00000293598","kfvvZaGzVPEIrp3+5hasl+cL+F/Qacoatrmv2P5Cdz4=","A00000293610","kfvvZaGzVPEIrp3+5hasl+cL+F/QacoaSgpkliP6epQ=","A00000293593",4.33,,"0000-0003-2593-761X",,
"265114ef-bb96-460c-a4df-948d496b1abc","ABBY_018.basePlot.cfc","D16","ABBY","ABBY_018","distributed","kfvvZaGzVPE7RuvX/cMP/D91H/huAfWQwILWOhRoCqQ=","A00000293095","2022-08-08T17:34Z","2022-08-11T21:30Z","2022-08-18T22:27Z","OK","kfvvZaGzVPE7RuvX/cMP/D91H/huAfWQeR5/LoeHZto=","A00000293615","kfvvZaGzVPE7RuvX/cMP/D91H/huAfWQDEEkE/liqcA=","A00000293621","kfvvZaGzVPE7RuvX/cMP/D91H/huAfWQBeEsZt6PCXc=","A00000293622",5.68,,"0000-0002-5339-8724",,
"90ff9c8d-ff8d-48d6-a709-b695d8f7ad83","ABBY_003.basePlot.cfc","D16","ABBY","ABBY_003","distributed","kfvvZaGzVPHjZxtG0dwk1ZQLiAJ+z9ZBDRS6EYSw7dM=","A00000293086","2022-08-09T15:40Z","2022-08-11T21:30Z","2022-08-18T17:13Z","OK","kfvvZaGzVPHjZxtG0dwk1ZQLiAJ+z9ZBwM8U+CVN7cY=","A00000293350","kfvvZaGzVPHjZxtG0dwk1ZQLiAJ+z9ZBj6Jxe16d6mU=","A00000293349","kfvvZaGzVPHjZxtG0dwk1ZQLiAJ+z9ZBH5UN1duoQVQ=","A00000293365",4.92,,"0000-0002-5339-8724",,
"a17e22f9-8349-41a6-92c0-a7cfa56cdc67","ABBY_003.basePlot.cfc","D16","ABBY","ABBY_003","distributed","kfvvZaGzVPFhSFFsweBnQqPj+XT9nWPXNERaZzDy3Mw=","A00000293105","2022-08-09T15:54Z","2022-08-11T21:30Z","2022-08-24T20:14Z","OK","kfvvZaGzVPFhSFFsweBnQqPj+XT9nWPXreXE5GWtyq0=","A00000293597","kfvvZaGzVPFhSFFsweBnQqPj+XT9nWPXtVULailZdMk=","A00000293579","kfvvZaGzVPFhSFFsweBnQqPj+XT9nWPXtsY8W+GqlSo=","A00000293591",4.63,,"0000-0002-4627-175X",,
"decfd155-b7f3-49de-864e-50dcc23bbae7","ABBY_017.basePlot.cfc","D16","ABBY","ABBY_017","distributed","kfvvZaGzVPHs1ezYTBkUBu2M3GaJoApsH5KpFtAxCMs=","A00000293110","2022-08-09T17:41Z","2022-08-11T21:30Z","2022-08-18T17:43Z","OK","kfvvZaGzVPHs1ezYTBkUBu2M3GaJoApsGw/cfVpjxH8=","A00000293357","kfvvZaGzVPHs1ezYTBkUBu2M3GaJoAps+7KdvBVpVG4=","A00000293363","kfvvZaGzVPHs1ezYTBkUBu2M3GaJoApsznfnLeLuKGE=","A00000293364",6.13,,"0000-0002-5339-8724",,
"52b85a4a-1988-43ea-b856-846c273d3db8","ABBY_017.basePlot.cfc","D16","ABBY","ABBY_017","distributed","kfvvZaGzVPFynmOpcTupOFGYBX9TY6s9AtPvRUgd6DY=","A00000293103","2022-08-09T18:02Z","2022-08-11T21:30Z","2022-08-18T15:28Z","OK","kfvvZaGzVPFynmOpcTupOFGYBX9TY6s9szOKRL7M9DI=","A00000293366","kfvvZaGzVPFynmOpcTupOFGYBX9TY6s9b5Sv7pyfbQOnYAYM5Vq8MQ==","A00000293406","kfvvZaGzVPFynmOpcTupOFGYBX9TY6s9uHqi/VqkBqE=","A00000293626",1.51,,"0000-0002-5339-8724","Some material lost in grinding process, low sample mass remains",
"d26a463f-2d7f-49c5-a26a-aff44e012f1c","ABBY_077.basePlot.cfc","D16","ABBY","ABBY_077","distributed","kfvvZaGzVPHh/XcvcK6W71EFqFyK591+50+WKsvHiqM=","A00000293101","2022-08-09T20:45Z","2022-08-11T21:30Z","2022-08-25T01:41Z","OK","kfvvZaGzVPHh/XcvcK6W71EFqFyK591+UQxNkmo8UuI=","A00000293608","kfvvZaGzVPHh/XcvcK6W71EFqFyK591+Mg8GCo3gD/M=","A00000293606","kfvvZaGzVPHh/XcvcK6W71EFqFyK591+uQz2mqJD/eU=","A00000293614",4.41,,"0000-0003-2593-761X",,
"6a04c97e-ad31-44b4-9b6f-f97a1f620644","ABBY_077.basePlot.cfc","D16","ABBY","ABBY_077","distributed","kfvvZaGzVPGXA/lnugGkscLZXQNogXYvf2GR5nBSPUc=","A00000293087","2022-08-09T20:47Z","2022-08-11T21:30Z","2022-08-22T21:55Z","OK","kfvvZaGzVPGXA/lnugGkscLZXQNogXYvUyglnkABDVo=","A00000293620","kfvvZaGzVPGXA/lnugGkscLZXQNogXYvmuNlgofqWCXvUo0P+kIJUA==","A00000293619","kfvvZaGzVPGXA/lnugGkscLZXQNogXYv3ZUpSb1rBM4=","A00000293618",4.45,,"0000-0003-2086-5426",,
"9cc991fb-16af-4fb4-9f39-4fe3ceac3b2c","ABBY_068.basePlot.cfc","D16","ABBY","ABBY_068","tower","kfvvZaGzVPGN60hq46JjVOIT/y2GGq5U3JA2WCADjU8=","A00000293081","2022-08-10T17:29Z","2022-08-15T21:30Z","2022-08-25T01:18Z","OK","kfvvZaGzVPGN60hq46JjVOIT/y2GGq5Uu9AshqVmrB0=","A00000293594","kfvvZaGzVPGN60hq46JjVOIT/y2GGq5UPXB9tnVrrwU=","A00000293605","kfvvZaGzVPGN60hq46JjVOIT/y2GGq5UG8YmDillCJk=","A00000293603",5.22,,"0000-0003-2593-761X",,
"448a8683-5304-469e-88ff-07c982cdcc6b","ABBY_068.basePlot.cfc","D16","ABBY","ABBY_068","tower","kfvvZaGzVPEEuox4wqtrf/if5UdwZQ7rxOdL9vxX87A=","A00000293085","2022-08-10T17:43Z","2022-08-15T21:30Z","2022-08-18T22:04Z","OK","kfvvZaGzVPEEuox4wqtrf/if5UdwZQ7rjQt/O5b+uHg=","A00000293623","kfvvZaGzVPEEuox4wqtrf/if5UdwZQ7rRJIqwHTrGAla5rID4ZqXnw==","A00000293624","kfvvZaGzVPEEuox4wqtrf/if5UdwZQ7rQzzx6Acduy0=","A00000293625",6.38,,"0000-0002-5339-8724",,
"36465ac6-696b-462c-8558-5ee6aa412aef","ABBY_069.basePlot.cfc","D16","ABBY","ABBY_069","tower","kfvvZaGzVPFkic2Qqq/opAzZZC5nB/Hla0STXhfOTeU=","A00000293092","2022-08-10T19:40Z","2022-08-15T22:00Z","2022-08-25T01:57Z","OK","kfvvZaGzVPFkic2Qqq/opAzZZC5nB/HlJs42yLVhEkY=","A00000293611","kfvvZaGzVPFkic2Qqq/opAzZZC5nB/HlFPUrGJwrZD1EpN9ayt4N9A==","A00000293604","kfvvZaGzVPFkic2Qqq/opAzZZC5nB/HlE002E3vBEoI=","A00000293601",2.68,,"0000-0003-2593-761X",,
