uid,namedLocation,domainID,siteID,plotID,plotType,sampleID,sampleCode,cnSampleID,cnSampleCode,collectDate,analysisDate,co2Trapped,d15N,d13C,nitrogenPercent,carbonPercent,CNratio,cnIsotopeQF,cnPercentQF,isotopeAccuracyQF,percentAccuracyQF,analyticalRepNumber,remarks,laboratoryName,testMethod,instrument,analyzedBy,reviewedBy,dataQF
"16a93846-7c58-442b-9751-7a37d9bf6107","ABBY_013.basePlot.cfc","D16","ABBY","ABBY_013","distributed","kfvvZaGzVPFoMWqFjzgPpkmrzQisk8y2+gBz7kx/RwY=","A00000293090","kfvvZaGzVPFoMWqFjzgPpkmrzQisk8y2MT/St6HqFlI=","A00000293722","2022-08-08T15:26Z","2023-01-17","N",-3.3,-29.5,2.32,48.88,21.1,"OK","OK","OK","OK",1,,"University of Wyoming Stable Isotope Facility","010 EA-IRMS organic d15N, d13C, C% & N%","Carlo Erba 1110 Elemental Analyzer coupled to a Thermo Delta V IRMS","H2ehOOFsaDPhLGs9nIVRag==","bEP9Ut5BMUSEVHTehx6p8Q==",
"915353de-30cb-4c86-942e-7ee9936ac68f","ABBY_013.basePlot.cfc","D16","ABBY","ABBY_013","distributed","kfvvZaGzVPExrsMcoYMjR5UtvgRFZhhMQ6rzCVA5h7c=","A00000293084","kfvvZaGzVPExrsMcoYMjR5UtvgRFZhhMpUTYHHM05bo=","A00000293720","2022-08-08T15:26Z","2023-01-17","N",-3.1,-27.8,2.11,49.81,23.6,"OK","OK","OK","OK",1,,"University of Wyoming Stable Isotope Facility","010 EA-IRMS organic d15N, d13C, C% & N%","Carlo Erba 1110 Elemental Analyzer coupled to a Thermo Delta V IRMS","H2ehOOFsaDPhLGs9nIVRag==","bEP9Ut5BMUSEVHTehx6p8Q==",
"b34308d5-9989-4435-85fc-8c0f94daec61","ABBY_013.basePlot.cfc","D16","ABBY","ABBY_013","distributed","kfvvZaGzVPFpMwqw9mQ53SxMmBBGp/5vN+8i+BRu1bc=","A00000293083","kfvvZaGzVPFpMwqw9mQ53SxMmBBGp/5vFC6zkooH1lw=","A00000293609","2022-08-08T16:12Z","2023-01-17","N",-1.2,-28.2,2.44,52.56,21.6,"OK","OK","OK","OK",1,,"University of Wyoming Stable Isotope Facility","010 EA-IRMS organic d15N, d13C, C% & N%","Carlo Erba 1110 Elemental Analyzer coupled to a Thermo Delta V IRMS","H2ehOOFsaDPhLGs9nIVRag==","bEP9Ut5BMUSEVHTehx6p8Q==",
"b56ab7c5-5e4a-41a5-be03-321eaeea2009","ABBY_013.basePlot.cfc","D16","ABBY","ABBY_013","distributed","kfvvZaGzVPEIrp3+5hasl+cL+F/QacoaN1j+nc4XcHo=","A00000293089","kfvvZaGzVPEIrp3+5hasl+cL+F/QacoaNxNycVePkrA=","A00000293598","2022-08-08T16:21Z","2023-01-17","N",-3.1,-27.0,1.63,53.12,32.6,"OK","OK","OK","OK",1,,"University of Wyoming Stable Isotope Facility","010 EA-IRMS organic d15N, d13C, C% & N%","Carlo Erba 1110 Elemental Analyzer coupled to a Thermo Delta V IRMS","H2ehOOFsaDPhLGs9nIVRag==","bEP9Ut5BMUSEVHTehx6p8Q==",
"93e6aead-8c8b-4866-8680-08cac6486333","ABBY_018.basePlot.cfc","D16","ABBY","ABBY_018","distributed","kfvvZaGzVPE7RuvX/cMP/D91H/huAfWQwILWOhRoCqQ=","A00000293095","kfvvZaGzVPE7RuvX/cMP/D91H/huAfWQeR5/LoeHZto=","A00000293615","2022-08-08T17:34Z","2023-01-17","N",-4.1,-28.3,1.22,50.94,41.7,"OK","OK","OK","OK",1,,"University of Wyoming Stable Isotope Facility","010 EA-IRMS organic d15N, d13C, C% & N%","Carlo Erba 1110 Elemental Analyzer coupled to a Thermo Delta V IRMS","H2ehOOFsaDPhLGs9nIVRag==","bEP9Ut5BMUSEVHTehx6p8Q==",
"9f022e06-c85e-4b8d-a195-fe10b3803012","ABBY_003.basePlot.cfc","D16","ABBY","ABBY_003","distributed","kfvvZaGzVPHjZxtG0dwk1ZQLiAJ+z9ZBDRS6EYSw7dM=","A00000293086","kfvvZaGzVPHjZxtG0dwk1ZQLiAJ+z9ZBwM8U+CVN7cY=","A00000293350","2022-08-09T15:40Z","2023-01-17","N",-2.5,-33.9,2.33,50.25,21.5,"OK","OK","OK","OK",1,,"University of Wyoming Stable Isotope Facility","010 EA-IRMS organic d15N, d13C, C% & N%","Carlo Erba 1110 Elemental Analyzer coupled to a Thermo Delta V IRMS","H2ehOOFsaDPhLGs9nIVRag==","bEP9Ut5BMUSEVHTehx6p8Q==",
"5758669b-c0fc-41f9-86e0-1811234c64bc","ABBY_003.basePlot.cfc","D16","ABBY","ABBY_003","distributed","kfvvZaGzVPFhSFFsweBnQqPj+XT9nWPXNERaZzDy3Mw=","A00000293105","kfvvZaGzVPFhSFFsweBnQqPj+XT9nWPXreXE5GWtyq0=","A00000293597","2022-08-09T15:54Z","2023-01-17","N",-3.0,-30.3,3.02,49.39,16.3,"OK","OK","OK","OK",1,,"University of Wyoming Stable Isotope Facility","010 EA-IRMS organic d15N, d13C, C% & N%","Carlo Erba 1110 Elemental Analyzer coupled to a Thermo Delta V IRMS","H2ehOOFsaDPhLGs9nIVRag==","bEP9Ut5BMUSEVHTehx6p8Q==",
"b611ca7e-eaef-4187-af5e-9615c32a4a20","ABBY_017.basePlot.cfc","D16","ABBY","ABBY_017","distributed","kfvvZaGzVPHs1ezYTBkUBu2M3GaJoApsH5KpFtAxCMs=","A00000293110","kfvvZaGzVPHs1ezYTBkUBu2M3GaJoApsGw/cfVpjxH8=","A00000293357","2022-08-09T17:41Z","2023-01-17","N",-4.3,-30.9,1.20,52.79,44.1,"OK","OK","OK","OK",1,,"University of Wyoming Stable Isotope Facility","010 EA-IRMS organic d15N, d13C, C% & N%","Carlo Erba 1110 Elemental Analyzer coupled to a Thermo Delta V IRMS","H2ehOOFsaDPhLGs9nIVRag==","bEP9Ut5BMUSEVHTehx6p8Q==",
"e7ea7792-9049-4f56-882e-7be0c8620b29","ABBY_017.basePlot.cfc","D16","ABBY","ABBY_017","distributed","kfvvZaGzVPFynmOpcTupOFGYBX9TY6s9AtPvRUgd6DY=","A00000293103","kfvvZaGzVPFynmOpcTupOFGYBX9TY6s9szOKRL7M9DI=","A00000293366","2022-08-09T18:02Z","2023-01-17","N",-2.6,-29.8,1.55,52.82,34.0,"OK","OK","OK","OK",1,,"University of Wyoming Stable Isotope Facility","010 EA-IRMS organic d15N, d13C, C% & N%","Carlo Erba 1110 Elemental Analyzer coupled to a Thermo Delta V IRMS","H2ehOOFsaDPhLGs9nIVRag==","bEP9Ut5BMUSEVHTehx6p8Q==",
"e6987b7f-c507-44d9-a5c8-ca333a434660","ABBY_077.basePlot.cfc","D16","ABBY","ABBY_077","distributed","kfvvZaGzVPHh/XcvcK6W71EFqFyK591+50+WKsvHiqM=","A00000293101","kfvvZaGzVPHh/XcvcK6W71EFqFyK591+UQxNkmo8UuI=","A00000293608","2022-08-09T20:45Z","2023-01-17","N",-3.6,-28.6,1.43,52.39,36.6,"OK","OK","OK","OK",2,,"University of Wyoming Stable Isotope Facility","010 EA-IRMS organic d15N, d13C, C% & N%","Carlo Erba 1110 Elemental Analyzer coupled to a Thermo Delta V IRMS","H2ehOOFsaDPhLGs9nIVRag==","bEP9Ut5BMUSEVHTehx6p8Q==",
"c7a0c26e-51fa-497f-b9fb-059c2d4cab56","ABBY_077.basePlot.cfc","D16","ABBY","ABBY_077","distributed","kfvvZaGzVPHh/XcvcK6W71EFqFyK591+50+WKsvHiqM=","A00000293101","kfvvZaGzVPHh/XcvcK6W71EFqFyK591+UQxNkmo8UuI=","A00000293608","2022-08-09T20:45Z","2023-01-17","N",-3.5,-28.7,1.43,52.92,37.0,"OK","OK","OK","OK",1,,"University of Wyoming Stable Isotope Facility","010 EA-IRMS organic d15N, d13C, C% & N%","Carlo Erba 1110 Elemental Analyzer coupled to a Thermo Delta V IRMS","H2ehOOFsaDPhLGs9nIVRag==","bEP9Ut5BMUSEVHTehx6p8Q==",
"3c672e1d-8118-46e5-a346-14ff667c55b5","ABBY_077.basePlot.cfc","D16","ABBY","ABBY_077","distributed","kfvvZaGzVPGXA/lnugGkscLZXQNogXYvf2GR5nBSPUc=","A00000293087","kfvvZaGzVPGXA/lnugGkscLZXQNogXYvUyglnkABDVo=","A00000293620","2022-08-09T20:47Z","2023-01-17","N",-4.4,-30.0,2.78,47.98,17.3,"OK","OK","OK","OK",1,,"University of Wyoming Stable Isotope Facility","010 EA-IRMS organic d15N, d13C, C% & N%","Carlo Erba 1110 Elemental Analyzer coupled to a Thermo Delta V IRMS","H2ehOOFsaDPhLGs9nIVRag==","bEP9Ut5BMUSEVHTehx6p8Q==",
"e1de27c6-46bd-46d5-a93c-005e08658c1f","ABBY_068.basePlot.cfc","D16","ABBY","ABBY_068","tower","kfvvZaGzVPGN60hq46JjVOIT/y2GGq5U3JA2WCADjU8=","A00000293081","kfvvZaGzVPGN60hq46JjVOIT/y2GGq5Uu9AshqVmrB0=","A00000293594","2022-08-10T17:29Z","2023-01-17","N",-3.2,-27.4,1.50,53.55,35.7,"OK","OK","OK","OK",1,,"University of Wyoming Stable Isotope Facility","010 EA-IRMS organic d15N, d13C, C% & N%","Carlo Erba 1110 Elemental Analyzer coupled to a Thermo Delta V IRMS","H2ehOOFsaDPhLGs9nIVRag==","bEP9Ut5BMUSEVHTehx6p8Q==",
"42c68d34-5909-4721-b889-17d31f3f8a19","ABBY_068.basePlot.cfc","D16","ABBY","ABBY_068","tower","kfvvZaGzVPEEuox4wqtrf/if5UdwZQ7rxOdL9vxX87A=","A00000293085","kfvvZaGzVPEEuox4wqtrf/if5UdwZQ7rjQt/O5b+uHg=","A00000293623","2022-08-10T17:43Z","2023-01-17","N",-3.1,-29.0,1.33,52.86,39.7,"OK","OK","OK","OK",1,,"University of Wyoming Stable Isotope Facility","010 EA-IRMS organic d15N, d13C, C% & N%","Carlo Erba 1110 Elemental Analyzer coupled to a Thermo Delta V IRMS","H2ehOOFsaDPhLGs9nIVRag==","bEP9Ut5BMUSEVHTehx6p8Q==",
"2497eca4-7aa4-47ee-81ec-d26e962457b7","ABBY_069.basePlot.cfc","D16","ABBY","ABBY_069","tower","kfvvZaGzVPFkic2Qqq/opAzZZC5nB/Hla0STXhfOTeU=","A00000293092","kfvvZaGzVPFkic2Qqq/opAzZZC5nB/HlJs42yLVhEkY=","A00000293611","2022-08-10T19:40Z","2023-01-17","N",-1.7,-28.1,1.32,52.67,39.9,"OK","OK","OK","OK",1,,"University of Wyoming Stable Isotope Facility","010 EA-IRMS organic d15N, d13C, C% & N%","Carlo Erba 1110 Elemental Analyzer coupled to a Thermo Delta V IRMS","H2ehOOFsaDPhLGs9nIVRag==","bEP9Ut5BMUSEVHTehx6p8Q==",
