uid,namedLocation,domainID,siteID,plotID,plotType,nlcdClass,geodeticDatum,decimalLatitude,decimalLongitude,coordinateUncertainty,elevation,elevationUncertainty,samplingProtocolVersion,collectDate,aopCollectDate,samplingImpractical,subplotID,sampleType,samplingMethod,sampleID,sampleCode,sampleCondition,chlorophyllSampleID,chlorophyllSampleCode,chlorophyllSamplePrepMethod,chlorophyllSampleCondition,clipCellNumber,clipID,clipLength,clipWidth,percentCoverClip,toxicodendronPossible,vstTag,tagID,individualID,taxonID,scientificName,plantStatus,canopyStatus,canopyPosition,leafSamplePosition,subsample1Height,subsample2Height,subsample3Height,crownPolygonID,crownPolygonConfidence,shapefileID,collectedBy,recordedBy,remarks,dataQF
"219caff7-61d2-47d3-a834-cd0a85be7f25","ABBY_013.basePlot.cfc","D16","ABBY","ABBY_013","distributed","grasslandHerbaceous","WGS84",45.745332,-122.372807,20.1,632.6,0.10,"NEON.DOC.001024vJ","2022-08-08T15:26Z","2022-07-11","OK",,"Woody individual","clippers","kfvvZaGzVPExrsMcoYMjR5UtvgRFZhhMQ6rzCVA5h7c=","A00000293084","OK","kfvvZaGzVPExrsMcoYMjR5UtvgRFZhhMQt3rLdcNf3w=","B00000120782",,"OK",,,,,,,"Y","01319","NEON.PLA.D16.ABBY.01319","ACCI","Acer circinatum Pursh","OK","true canopy","Full sun",,2.2,,,,,,"0000-0002-8962-923X","0000-0001-6771-7557",,
"7e12a542-714c-426f-84e3-63dd94a42ec4","ABBY_013.basePlot.cfc","D16","ABBY","ABBY_013","distributed","grasslandHerbaceous","WGS84",45.745332,-122.372807,20.1,632.6,0.10,"NEON.DOC.001024vJ","2022-08-08T15:26Z","2022-07-11","OK","31_400","Woody individual","clippers","kfvvZaGzVPFoMWqFjzgPpkmrzQisk8y2+gBz7kx/RwY=","A00000293090","OK","kfvvZaGzVPFoMWqFjzgPpkmrzQisk8y2eGm4a7Cy2ns=","B00000120780",,"OK",,,,,,,"Y","03062","NEON.PLA.D16.ABBY.03062","HODI","Holodiscus discolor (Pursh) Maxim.","OK","sunlit gap","Partially shaded",,1.0,1.2,1.3,"ABBY.03062.2022","high","ABBY-2022-polygons","0000-0002-8962-923X","0000-0001-6771-7557",,
"12225898-431f-461a-9ffd-8df5a1981167","ABBY_013.basePlot.cfc","D16","ABBY","ABBY_013","distributed","grasslandHerbaceous","WGS84",45.745332,-122.372807,20.1,632.6,0.10,"NEON.DOC.001024vJ","2022-08-08T16:12Z","2022-07-11","OK","31_400","Woody individual","clippers","kfvvZaGzVPFpMwqw9mQ53SxMmBBGp/5vN+8i+BRu1bc=","A00000293083","OK","kfvvZaGzVPFpMwqw9mQ53SxMmBBGp/5vx7T4JW+rHIqpYpwmfmfPlQ==","B00000120783",,"OK",,,,,,,"Y","01423","NEON.PLA.D16.ABBY.01423","ALRU2","Alnus rubra Bong.","OK","true canopy","Full sun",,1.3,,,"ABBY.01423.2022","high","ABBY-2022-polygons","0000-0002-8962-923X","0000-0001-6771-7557",,
"3da77f18-b8d7-4bab-97a4-00dd898f4545","ABBY_013.basePlot.cfc","D16","ABBY","ABBY_013","distributed","grasslandHerbaceous","WGS84",45.745332,-122.372807,20.1,632.6,0.10,"NEON.DOC.001024vJ","2022-08-08T16:21Z","2022-07-11","OK",,"Woody individual","clippers","kfvvZaGzVPEIrp3+5hasl+cL+F/QacoaN1j+nc4XcHo=","A00000293089","OK","kfvvZaGzVPEIrp3+5hasl+cL+F/QacoayHduNGeODv0=","B00000120781",,"OK",,,,,,,"N","09536Z","NEON.PLA.D16.ABBY.09536Z","THPL","Thuja plicata Donn ex D. Don","OK","true canopy","Open grown",,1.3,1.7,,"ABBY.09536Z.2022","low","ABBY-2022-polygons","0000-0002-8962-923X","0000-0001-6771-7557","Subplot 40",
"bcfc11da-b22e-4a31-8a62-a36cd34fa085","ABBY_018.basePlot.cfc","D16","ABBY","ABBY_018","distributed","grasslandHerbaceous","WGS84",45.764526,-122.386780,20.1,459.5,0.10,"NEON.DOC.001024vJ","2022-08-08T17:34Z","2022-07-11","OK","31_400","Woody individual","clippers","kfvvZaGzVPE7RuvX/cMP/D91H/huAfWQwILWOhRoCqQ=","A00000293095","OK","kfvvZaGzVPE7RuvX/cMP/D91H/huAfWQdNu2RBgAg5w=","B00000120770",,"OK",,,,,,,"Y","02986","NEON.PLA.D16.ABBY.02986","TSHE","Tsuga heterophylla (Raf.) Sarg.","OK","true canopy","Full sun",,1.6,1.7,,"ABBY.02986.2022","medium","ABBY-2022-polygons","0000-0002-8962-923X","0000-0001-6771-7557",,
"04672384-9022-4505-a05e-5c0b40f40227","ABBY_003.basePlot.cfc","D16","ABBY","ABBY_003","distributed","evergreenForest","WGS84",45.762016,-122.371092,20.1,602.4,0.10,"NEON.DOC.001024vJ","2022-08-09T15:40Z","2022-07-11","OK","31_400","Woody individual","clippers","kfvvZaGzVPHjZxtG0dwk1ZQLiAJ+z9ZBDRS6EYSw7dM=","A00000293086","OK","kfvvZaGzVPHjZxtG0dwk1ZQLiAJ+z9ZBXNle49q3ksY=","B00000120768",,"OK",,,,,,,"Y","01599","NEON.PLA.D16.ABBY.01599","VAPA","Vaccinium parvifolium Sm.","OK","sunlit gap","Partially shaded",,0.9,,,,,,"0000-0002-8962-923X","0000-0003-2086-5426",,
"774c43e9-865a-4972-99aa-e61e09796940","ABBY_003.basePlot.cfc","D16","ABBY","ABBY_003","distributed","evergreenForest","WGS84",45.762016,-122.371092,20.1,602.4,0.10,"NEON.DOC.001024vJ","2022-08-09T15:54Z","2022-07-11","OK","31_400","Woody individual","pole pruner","kfvvZaGzVPFhSFFsweBnQqPj+XT9nWPXNERaZzDy3Mw=","A00000293105","OK","kfvvZaGzVPFhSFFsweBnQqPj+XT9nWPXwpB5yqRp5t4=","B00000120777",,"OK",,,,,,,"Y","01524","NEON.PLA.D16.ABBY.01524","PREM","Prunus emarginata (Douglas ex Hook.) D. Dietr.","OK","sunlit gap","Partially shaded",,3.8,,,,,,"0000-0002-8962-923X","0000-0003-2086-5426",,
"ccfb2f68-3e13-428a-b855-420a23d72e94","ABBY_017.basePlot.cfc","D16","ABBY","ABBY_017","distributed","evergreenForest","WGS84",45.772764,-122.369799,20.1,495.7,0.10,"NEON.DOC.001024vJ","2022-08-09T17:41Z","2022-07-11","OK",,"Woody individual","pole pruner","kfvvZaGzVPHs1ezYTBkUBu2M3GaJoApsH5KpFtAxCMs=","A00000293110","OK","kfvvZaGzVPHs1ezYTBkUBu2M3GaJoAps6OZGDDXDMVI=","B00000120775",,"OK",,,,,,,"N","09515Z","NEON.PLA.D16.ABBY.09515Z","TSHE","Tsuga heterophylla (Raf.) Sarg.","OK","true canopy","Full sun",,3.6,,,,,,"0000-0002-8962-923X","0000-0003-2086-5426",,
"113e310b-4f7e-455b-be32-2506dfab04ea","ABBY_017.basePlot.cfc","D16","ABBY","ABBY_017","distributed","evergreenForest","WGS84",45.772764,-122.369799,20.1,495.7,0.10,"NEON.DOC.001024vJ","2022-08-09T18:02Z","2022-07-11","OK",,"Woody individual","pole pruner","kfvvZaGzVPFynmOpcTupOFGYBX9TY6s9AtPvRUgd6DY=","A00000293103","OK","kfvvZaGzVPFynmOpcTupOFGYBX9TY6s9rsTWkS/0grgt3FCcS1uu8g==","B00000120769",,"OK",,,,,,,"Y","03813","NEON.PLA.D16.ABBY.03813","PSMEM","Pseudotsuga menziesii (Mirb.) Franco var. menziesii","OK","true canopy","Partially shaded",,2.7,,,"ABBY.03813.2022","medium","ABBY-2022-polygons","0000-0002-8962-923X","0000-0003-2086-5426",,
"24ce7fb4-8e75-4905-806d-e06559b0e7d6","ABBY_077.basePlot.cfc","D16","ABBY","ABBY_077","distributed","shrubScrub","WGS84",45.751348,-122.341608,20.3,368.8,0.44,"NEON.DOC.001024vJ","2022-08-09T20:45Z","2022-07-11","OK",,"Woody individual","pole pruner","kfvvZaGzVPHh/XcvcK6W71EFqFyK591+50+WKsvHiqM=","A00000293101","OK","kfvvZaGzVPHh/XcvcK6W71EFqFyK591+IboZ21mnuII=","B00000120772",,"OK",,,,,,,"Y","09535","NEON.PLA.D16.ABBY.09535","TSHE","Tsuga heterophylla (Raf.) Sarg.","OK","true canopy","Full sun",,2.8,,,,,,"0000-0002-8962-923X","0000-0003-2086-5426",,
"cdd7b9ce-5baa-4c1f-bd92-26925ca9bb79","ABBY_077.basePlot.cfc","D16","ABBY","ABBY_077","distributed","shrubScrub","WGS84",45.751348,-122.341608,20.3,368.8,0.44,"NEON.DOC.001024vJ","2022-08-09T20:47Z","2022-07-11","OK",,"Woody individual","clippers","kfvvZaGzVPGXA/lnugGkscLZXQNogXYvf2GR5nBSPUc=","A00000293087","OK","kfvvZaGzVPGXA/lnugGkscLZXQNogXYvYNJ1xs6DIS/MqBM38BjV6w==","B00000120771",,"OK",,,,,,,"unknown","09533","NEON.PLA.D16.ABBY.09533","FRPU7","Frangula purshiana (DC.) A. Gray","OK","sunlit gap","Partially shaded",,1.4,1.5,1.7,,,,"0000-0002-8962-923X","0000-0003-2086-5426",,
"690cb8f2-cacf-46f2-bb5b-f0ab69804fd5","ABBY_068.basePlot.cfc","D16","ABBY","ABBY_068","tower","evergreenForest","WGS84",45.760510,-122.328493,20.1,365.4,0.14,"NEON.DOC.001024vJ","2022-08-10T17:29Z","2022-07-11","OK",,"Woody individual","pole pruner","kfvvZaGzVPGN60hq46JjVOIT/y2GGq5U3JA2WCADjU8=","A00000293081","OK","kfvvZaGzVPGN60hq46JjVOIT/y2GGq5UmGZZVxm20E0=","B00000120765",,"OK",,,,,,,"Y","08891","NEON.PLA.D16.ABBY.08891","THPL","Thuja plicata Donn ex D. Don","OK","true canopy","Partially shaded",,4.1,,,"ABBY.08891.2022","medium","ABBY-2022-polygons","0000-0002-8962-923X","0000-0003-2086-5426",,
"f2fd3cb4-07b2-40bd-b480-4c11e21110c8","ABBY_068.basePlot.cfc","D16","ABBY","ABBY_068","tower","evergreenForest","WGS84",45.760510,-122.328493,20.1,365.4,0.14,"NEON.DOC.001024vJ","2022-08-10T17:43Z","2022-07-11","OK","39_400","Woody individual","pole pruner","kfvvZaGzVPEEuox4wqtrf/if5UdwZQ7rxOdL9vxX87A=","A00000293085","OK","kfvvZaGzVPEEuox4wqtrf/if5UdwZQ7rlhJJ/MNfwUR0jwKXClBKDA==","B00000120767",,"OK",,,,,,,"Y","09599","NEON.PLA.D16.ABBY.09599","PSMEM","Pseudotsuga menziesii (Mirb.) Franco var. menziesii","OK","sunlit gap","Full sun",,6.5,,,"ABBY.09599.2022","low","ABBY-2022-polygons","0000-0002-8962-923X","0000-0003-2086-5426",,
"5645f4b6-7318-4f36-a4f5-5c32fb904f82","ABBY_069.basePlot.cfc","D16","ABBY","ABBY_069","tower","grasslandHerbaceous","WGS84",45.761584,-122.327321,20.1,368.2,0.15,"NEON.DOC.001024vJ","2022-08-10T19:40Z","2022-07-11","OK","21_400","Woody individual","pole pruner","kfvvZaGzVPFkic2Qqq/opAzZZC5nB/Hla0STXhfOTeU=","A00000293092","OK","kfvvZaGzVPFkic2Qqq/opAzZZC5nB/HlnKHCW10RfsCk/jnjrJeU+A==","B00000120760",,"OK",,,,,,,"Y","00860","NEON.PLA.D16.ABBY.00860","PSMEM","Pseudotsuga menziesii (Mirb.) Franco var. menziesii","OK","true canopy","Full sun",,6.0,,,"ABBY.00860.2022","high","ABBY-2022-polygons","0000-0002-8962-923X","0000-0001-6771-7557",,
"8573f862-ac81-4cf7-aaa9-c8852a8c4017","ABBY_002.basePlot.cfc","D16","ABBY","ABBY_002","distributed","grasslandHerbaceous","WGS84",45.739055,-122.309112,20.1,638.4,0.10,"NEON.DOC.001024vJ","2022-08-15T17:16Z","2022-07-11","OK",,"Woody individual","pole pruner","kfvvZaGzVPGkB14bgRrp3GeJJptmchH6oVcez6grFyU=",,"OK",,,,"subsample not created",,,,,,,"Y","01515","NEON.PLA.D16.ABBY.01515","ABPR","Abies procera Rehder","OK","true canopy","Full sun",,4.4,,,"ABBY.01515.2022","high","ABBY-2022-polygons","0000-0003-2086-5426","0000-0001-6771-7557","individual resampled after initial collect to take missed LMA measurements","lmaOnlySample"
"0982325a-1068-40fd-bec4-594cc57d684a","ABBY_002.basePlot.cfc","D16","ABBY","ABBY_002","distributed","grasslandHerbaceous","WGS84",45.739055,-122.309112,20.1,638.4,0.10,"NEON.DOC.001024vJ","2022-08-15T17:16Z","2022-07-11","OK",,"Woody individual","pole pruner","kfvvZaGzVPFU5M6V7OvUnOENGPzY3sWwCr3kxNfDvTg=",,"OK",,,,"subsample not created",,,,,,,"Y","01614","NEON.PLA.D16.ABBY.01614","PSMEM","Pseudotsuga menziesii (Mirb.) Franco var. menziesii","OK","true canopy","Full sun",,4.8,,,"ABBY.01614.2022","high","ABBY-2022-polygons","0000-0003-2086-5426","0000-0001-6771-7557","individual resampled after initial collect to take missed LMA measurements","lmaOnlySample"
"465f7abe-05e5-4a8e-bb82-1900944b4bd6","ABBY_063.basePlot.cfc","D16","ABBY","ABBY_063","tower","evergreenForest","WGS84",45.760513,-122.330039,20.1,362.2,0.10,"NEON.DOC.001024vJ","2022-08-15T18:50Z","2022-07-11","OK",,"Woody individual","pole pruner","kfvvZaGzVPGPhaYaj+FlWoHv6mpr4nnqfsUVsI6kHBE=",,"OK",,,,"subsample not created",,,,,,,"Y","00429","NEON.PLA.D16.ABBY.00429","PSMEM","Pseudotsuga menziesii (Mirb.) Franco var. menziesii","OK","true canopy","Full sun",,2.9,5.1,,"ABBY.00429.2022","high","ABBY-2022-polygons","0000-0003-2086-5426","0000-0001-6771-7557","individual resampled after initial collect to take missed LMA measurements","lmaOnlySample"
"069e1888-3f5f-4d71-8e74-394991741429","ABBY_063.basePlot.cfc","D16","ABBY","ABBY_063","tower","evergreenForest","WGS84",45.760513,-122.330039,20.1,362.2,0.10,"NEON.DOC.001024vJ","2022-08-15T18:50Z","2022-07-11","OK","39_400","Woody individual","clippers","kfvvZaGzVPHQIDWINLElZfVOo6zqoxaZ5d7TUYna1JE=",,"OK",,,,"subsample not created",,,,,,,"Y","00388","NEON.PLA.D16.ABBY.00388","FRPU7","Frangula purshiana (DC.) A. Gray","OK","true canopy","Full sun",,2.4,1.5,,,,,"0000-0003-2086-5426","0000-0001-6771-7557","individual resampled after initial collect to take missed LMA measurements","lmaOnlySample"
"3cd52dfc-a076-4aa2-b32f-e198388e5c8d","ABBY_011.basePlot.cfc","D16","ABBY","ABBY_011","distributed","grasslandHerbaceous","WGS84",45.743361,-122.358994,20.1,497.0,0.10,"NEON.DOC.001024vJ","2022-08-15T20:46Z","2022-07-11","OK",,"Woody individual","clippers","kfvvZaGzVPEFPQQCMZee+24rsqGRZN/KwKL5Qv2z68I=",,"OK",,,,"subsample not created",,,,,,,"Y","01306","NEON.PLA.D16.ABBY.01306","ACCI","Acer circinatum Pursh","OK","true canopy","Full sun",,1.3,1.4,,"ABBY.01306.2022","high","ABBY-2022-polygons","0000-0003-2086-5426","0000-0001-6771-7557","individual resampled after initial collect to take missed LMA measurements","lmaOnlySample"
"de07d41a-1f71-43c8-b712-2a56edafb19b","ABBY_011.basePlot.cfc","D16","ABBY","ABBY_011","distributed","grasslandHerbaceous","WGS84",45.743361,-122.358994,20.1,497.0,0.10,"NEON.DOC.001024vJ","2022-08-15T20:47Z","2022-07-11","OK","31_400","Woody individual","pole pruner","kfvvZaGzVPExLx6BiA79chacx1CrOpHsRiUHBij6NPM=",,"OK",,,,"subsample not created",,,,,,,"Y","01307","NEON.PLA.D16.ABBY.01307","ALRU2","Alnus rubra Bong.","OK","true canopy","Full sun",,1.8,,,"ABBY.01307.2022","medium","ABBY-2022-polygons","0000-0003-2086-5426","0000-0001-6771-7557","individual resampled after initial collect to take missed LMA measurements","lmaOnlySample"
"545a4586-2f0c-4ed6-a829-398cb01d191e","ABBY_065.basePlot.cfc","D16","ABBY","ABBY_065","tower","grasslandHerbaceous","WGS84",45.762196,-122.333084,20.1,357.0,0.11,"NEON.DOC.001024vJ","2022-08-15T21:09Z","2022-07-11","OK","23_400","Woody individual","clippers","kfvvZaGzVPE9vtI1B88fgbkwz2wHe/jkKOYQBqzV1Qo=",,"OK",,,,"subsample not created",,,,,,,"Y","01161","NEON.PLA.D16.ABBY.01161","COCOC","Corylus cornuta Marshall var. californica (A. DC.) Sharp","OK","true canopy","Partially shaded",,3.4,,,,,,"0000-0003-2086-5426","0000-0001-6771-7557","individual resampled after initial collect to take missed LMA measurements","lmaOnlySample"
"24911426-c7e4-419a-8126-eeba9c5c5ec7","ABBY_065.basePlot.cfc","D16","ABBY","ABBY_065","tower","grasslandHerbaceous","WGS84",45.762196,-122.333084,20.1,357.0,0.11,"NEON.DOC.001024vJ","2022-08-15T21:09Z","2022-07-11","OK","23_400","Woody individual","clippers","kfvvZaGzVPHo2doGCQ8J8yUp3Jd7mW9KKk9javf1RRg=",,"OK",,,,"subsample not created",,,,,,,"Y","00585","NEON.PLA.D16.ABBY.00585","PREM","Prunus emarginata (Douglas ex Hook.) D. Dietr.","OK","true canopy","Partially shaded",,1.7,1.7,,,,,"0000-0003-2086-5426","0000-0001-6771-7557","individual resampled after initial collect to take missed LMA measurements","lmaOnlySample"
