uid,namedLocation,domainID,siteID,plotID,plotType,sampleID,sampleCode,ligninSampleID,ligninSampleBarcode,collectDate,analysisDate,analyticalRepNumber,dryMass,digestVolume,foliarPhosphorusConc,foliarPotassiumConc,foliarCalciumConc,foliarMagnesiumConc,foliarSulfurConc,foliarManganeseConc,foliarIronConc,foliarCopperConc,foliarBoronConc,foliarZincConc,foliarPhosphorusQF,foliarPotassiumQF,foliarCalciumQF,foliarMagnesiumQF,foliarSulfurQF,foliarManganeseQF,foliarIronQF,foliarCopperQF,foliarBoronQF,foliarZincQF,remarks,laboratoryName,testMethod,analyzedBy,reviewedBy,dataQF
"b27378fd-d9f3-4385-9a74-be085d8d1a44","ABBY_013.basePlot.cfc","D16","ABBY","ABBY_013","distributed","kfvvZaGzVPFoMWqFjzgPpkmrzQisk8y2+gBz7kx/RwY=","A00000293090","kfvvZaGzVPFoMWqFjzgPpkmrzQisk8y2ex6C9CpIAeY=","A00000293721","2022-08-08T15:26Z","2023-01-06",1,0.195,25,0.251,1.528,1.531,0.289,0.265,594.3,62.7,7.7,24.2,16.0,"OK","OK","OK","OK","OK","OK","OK","OK","OK","OK",,"A and L Great Lakes","SOP APF-10-020","J/g6an6qIb0=","j+NchQmCR3uWeXRzNkSPNw==",
"408c3f66-b4b1-4bf1-9f74-f373e743469d","ABBY_013.basePlot.cfc","D16","ABBY","ABBY_013","distributed","kfvvZaGzVPExrsMcoYMjR5UtvgRFZhhMQ6rzCVA5h7c=","A00000293084","kfvvZaGzVPExrsMcoYMjR5UtvgRFZhhMStu3otuDQ4M=","A00000293723","2022-08-08T15:26Z","2023-01-06",1,0.206,25,0.136,0.746,1.129,0.358,0.174,177.3,74.1,7.7,44.4,15.9,"OK","OK","OK","OK","OK","OK","OK","OK","OK","OK",,"A and L Great Lakes","SOP APF-10-020","J/g6an6qIb0=","j+NchQmCR3uWeXRzNkSPNw==",
"59d3b727-da66-4f46-9284-58e2832ff682","ABBY_013.basePlot.cfc","D16","ABBY","ABBY_013","distributed","kfvvZaGzVPFpMwqw9mQ53SxMmBBGp/5vN+8i+BRu1bc=","A00000293083","kfvvZaGzVPFpMwqw9mQ53SxMmBBGp/5v/3I4OsvskCV1z6XU1zcf+Q==","A00000293599","2022-08-08T16:12Z","2023-01-06",1,0.201,25,0.136,0.828,0.754,0.164,0.155,139.6,50.1,6.4,15.2,27.1,"OK","OK","OK","OK","OK","OK","OK","OK","OK","OK",,"A and L Great Lakes","SOP APF-10-020","J/g6an6qIb0=","j+NchQmCR3uWeXRzNkSPNw==",
"a0378f04-e7ce-46d8-9b9d-7f25f798bada","ABBY_013.basePlot.cfc","D16","ABBY","ABBY_013","distributed","kfvvZaGzVPEIrp3+5hasl+cL+F/QacoaN1j+nc4XcHo=","A00000293089","kfvvZaGzVPEIrp3+5hasl+cL+F/Qacoatrmv2P5Cdz4=","A00000293610","2022-08-08T16:21Z","2023-01-06",1,0.196,25,0.164,0.812,1.135,0.108,0.114,190.1,43.0,4.4,16.4,16.9,"OK","OK","OK","OK","OK","OK","OK","OK","OK","OK",,"A and L Great Lakes","SOP APF-10-020","J/g6an6qIb0=","j+NchQmCR3uWeXRzNkSPNw==",
"53bd8177-78d8-4d46-bc03-5458eab27e33","ABBY_018.basePlot.cfc","D16","ABBY","ABBY_018","distributed","kfvvZaGzVPE7RuvX/cMP/D91H/huAfWQwILWOhRoCqQ=","A00000293095","kfvvZaGzVPE7RuvX/cMP/D91H/huAfWQDEEkE/liqcA=","A00000293621","2022-08-08T17:34Z","2023-01-06",1,0.197,25,0.244,1.143,0.257,0.110,0.083,1336.0,33.2,4.2,5.6,14.4,"OK","OK","OK","OK","OK","OK","OK","OK","OK","OK",,"A and L Great Lakes","SOP APF-10-020","J/g6an6qIb0=","j+NchQmCR3uWeXRzNkSPNw==",
"698491fe-feaf-443d-a205-1b58b3b61455","ABBY_003.basePlot.cfc","D16","ABBY","ABBY_003","distributed","kfvvZaGzVPHjZxtG0dwk1ZQLiAJ+z9ZBDRS6EYSw7dM=","A00000293086","kfvvZaGzVPHjZxtG0dwk1ZQLiAJ+z9ZBj6Jxe16d6mU=","A00000293349","2022-08-09T15:40Z","2023-01-06",1,0.199,25,0.118,1.970,1.168,0.179,0.168,3430.0,70.0,7.7,61.8,11.9,"OK","OK","OK","OK","OK","sample value outlier","OK","OK","OK","OK",,"A and L Great Lakes","SOP APF-10-020","J/g6an6qIb0=","j+NchQmCR3uWeXRzNkSPNw==",
"2b63dc7c-4a51-4fea-9312-99d2696577bb","ABBY_003.basePlot.cfc","D16","ABBY","ABBY_003","distributed","kfvvZaGzVPFhSFFsweBnQqPj+XT9nWPXNERaZzDy3Mw=","A00000293105","kfvvZaGzVPFhSFFsweBnQqPj+XT9nWPXtVULailZdMk=","A00000293579","2022-08-09T15:54Z","2023-01-06",1,0.197,25,0.307,2.010,1.396,0.491,0.153,93.8,75.2,6.3,25.9,14.8,"OK","OK","OK","OK","OK","OK","OK","OK","OK","OK",,"A and L Great Lakes","SOP APF-10-020","J/g6an6qIb0=","j+NchQmCR3uWeXRzNkSPNw==",
"4627cfe6-52c4-409e-b2d4-8f9f8e530fb6","ABBY_017.basePlot.cfc","D16","ABBY","ABBY_017","distributed","kfvvZaGzVPHs1ezYTBkUBu2M3GaJoApsH5KpFtAxCMs=","A00000293110","kfvvZaGzVPHs1ezYTBkUBu2M3GaJoAps+7KdvBVpVG4=","A00000293363","2022-08-09T17:41Z","2023-01-06",1,0.196,25,0.087,0.657,0.386,0.089,0.075,1278.0,39.5,2.2,13.2,17.1,"OK","OK","OK","OK","OK","OK","OK","OK","OK","OK",,"A and L Great Lakes","SOP APF-10-020","J/g6an6qIb0=","j+NchQmCR3uWeXRzNkSPNw==",
"85b2d0c1-dacd-4181-9a8a-140e4ab51d1a","ABBY_017.basePlot.cfc","D16","ABBY","ABBY_017","distributed","kfvvZaGzVPFynmOpcTupOFGYBX9TY6s9AtPvRUgd6DY=","A00000293103","kfvvZaGzVPFynmOpcTupOFGYBX9TY6s9b5Sv7pyfbQOnYAYM5Vq8MQ==","A00000293406","2022-08-09T18:02Z","2023-01-06",1,0.203,25,0.088,0.583,0.365,0.078,0.090,590.0,38.6,3.5,8.6,12.5,"OK","OK","OK","OK","OK","OK","OK","OK","OK","OK",,"A and L Great Lakes","SOP APF-10-020","J/g6an6qIb0=","j+NchQmCR3uWeXRzNkSPNw==",
"c786f40b-8d79-4314-9d7c-fdeb6219809b","ABBY_077.basePlot.cfc","D16","ABBY","ABBY_077","distributed","kfvvZaGzVPHh/XcvcK6W71EFqFyK591+50+WKsvHiqM=","A00000293101","kfvvZaGzVPHh/XcvcK6W71EFqFyK591+Mg8GCo3gD/M=","A00000293606","2022-08-09T20:45Z","2023-01-06",1,0.203,25,0.181,0.829,0.373,0.121,0.101,1606.0,42.2,4.2,27.4,15.1,"OK","OK","OK","OK","OK","OK","OK","OK","OK","OK",,"A and L Great Lakes","SOP APF-10-020","J/g6an6qIb0=","j+NchQmCR3uWeXRzNkSPNw==",
"bd2ff628-2fcb-4299-bab0-af3f6c170b9e","ABBY_077.basePlot.cfc","D16","ABBY","ABBY_077","distributed","kfvvZaGzVPGXA/lnugGkscLZXQNogXYvf2GR5nBSPUc=","A00000293087","kfvvZaGzVPGXA/lnugGkscLZXQNogXYvmuNlgofqWCXvUo0P+kIJUA==","A00000293619","2022-08-09T20:47Z","2023-01-06",1,0.195,25,0.274,1.750,1.156,0.375,0.152,916.8,53.2,3.9,24.9,21.4,"OK","OK","OK","OK","OK","OK","OK","OK","OK","OK",,"A and L Great Lakes","SOP APF-10-020","J/g6an6qIb0=","j+NchQmCR3uWeXRzNkSPNw==",
"120dcba0-21ff-4afc-a55a-8073364519ec","ABBY_068.basePlot.cfc","D16","ABBY","ABBY_068","tower","kfvvZaGzVPGN60hq46JjVOIT/y2GGq5U3JA2WCADjU8=","A00000293081","kfvvZaGzVPGN60hq46JjVOIT/y2GGq5UPXB9tnVrrwU=","A00000293605","2022-08-10T17:29Z","2023-01-06",1,0.198,25,0.194,0.757,1.162,0.156,0.115,519.7,50.2,5.2,21.6,15.9,"OK","OK","OK","OK","OK","OK","OK","OK","OK","OK",,"A and L Great Lakes","SOP APF-10-020","J/g6an6qIb0=","j+NchQmCR3uWeXRzNkSPNw==",
"18bcc42b-677c-4e5f-912c-04b43bdc4826","ABBY_068.basePlot.cfc","D16","ABBY","ABBY_068","tower","kfvvZaGzVPEEuox4wqtrf/if5UdwZQ7rxOdL9vxX87A=","A00000293085","kfvvZaGzVPEEuox4wqtrf/if5UdwZQ7rRJIqwHTrGAla5rID4ZqXnw==","A00000293624","2022-08-10T17:43Z","2023-01-06",1,0.203,25,0.110,0.526,0.456,0.065,0.093,532.8,66.7,3.1,11.5,18.2,"OK","OK","OK","OK","OK","OK","OK","OK","OK","OK",,"A and L Great Lakes","SOP APF-10-020","J/g6an6qIb0=","j+NchQmCR3uWeXRzNkSPNw==",
"439ed467-462a-44b7-95a1-2061f534d7c5","ABBY_069.basePlot.cfc","D16","ABBY","ABBY_069","tower","kfvvZaGzVPFkic2Qqq/opAzZZC5nB/Hla0STXhfOTeU=","A00000293092","kfvvZaGzVPFkic2Qqq/opAzZZC5nB/HlFPUrGJwrZD1EpN9ayt4N9A==","A00000293604","2022-08-10T19:40Z","2023-01-06",1,0.206,25,0.093,0.580,0.407,0.088,0.104,727.3,37.8,4.2,13.2,10.0,"OK","OK","OK","OK","OK","OK","OK","OK","OK","OK",,"A and L Great Lakes","SOP APF-10-020","J/g6an6qIb0=","j+NchQmCR3uWeXRzNkSPNw==",
