uid,namedLocation,domainID,siteID,plotType,sampleID,sampleCode,collectDate,lmaSampleID,lmaSampleCode,lmaSampleCondition,tissueDescriptor,scanDate,scannedBy,freshMass,ovenStartDate,ovenEndDate,dryMass,weighedBy,scannedLeafNumber,leafArea,percentGreen,leafMassPerArea,dryMassFraction,measuredBy,remarks,dataQF
"a814e3ad-8c35-4a82-9065-387cf7cf8085","ABBY_013.basePlot.cfc","D16","ABBY","distributed","kfvvZaGzVPExrsMcoYMjR5UtvgRFZhhMQ6rzCVA5h7c=","A00000293084","2022-08-08T15:26Z","kfvvZaGzVPExrsMcoYMjR5UtvgRFZhhM2WGe52vsvZk=",,"OK","leaf","2022-08-11T20:04Z","0000-0003-2593-761X",2.556,"2022-08-11T20:06Z","2022-08-15T21:49Z",1.152,"0000-0003-2593-761X",4,17821.2,100,64.6,0.451,"0000-0003-2593-761X",,
"56f8fb37-e07b-45b8-a8c7-9f52d0dd9b51","ABBY_013.basePlot.cfc","D16","ABBY","distributed","kfvvZaGzVPFoMWqFjzgPpkmrzQisk8y2+gBz7kx/RwY=","A00000293090","2022-08-08T15:26Z","kfvvZaGzVPFoMWqFjzgPpkmrzQisk8y2HL2SAoE3S/Y=",,"OK","leaf","2022-08-11T19:41Z","0000-0003-2593-761X",1.688,"2022-08-11T19:45Z","2022-08-15T21:52Z",0.758,"0000-0003-2593-761X",19,15505.1,100,48.9,0.449,"0000-0003-2593-761X",,
"cbbe0708-f682-442a-8b99-f453502e042a","ABBY_013.basePlot.cfc","D16","ABBY","distributed","kfvvZaGzVPFpMwqw9mQ53SxMmBBGp/5vN+8i+BRu1bc=","A00000293083","2022-08-08T16:12Z","kfvvZaGzVPFpMwqw9mQ53SxMmBBGp/5vfo0PeLKp4Ca0/ToX4gPjGQ==",,"OK","leaf","2022-08-11T19:53Z","0000-0003-2593-761X",3.507,"2022-08-11T19:56Z","2022-08-15T21:50Z",1.446,"0000-0003-2593-761X",7,18785.7,100,76.9,0.412,"0000-0003-2593-761X",,
"e645eb55-888f-4eaf-b154-1f5fa549546b","ABBY_013.basePlot.cfc","D16","ABBY","distributed","kfvvZaGzVPEIrp3+5hasl+cL+F/QacoaN1j+nc4XcHo=","A00000293089","2022-08-08T16:21Z","kfvvZaGzVPEIrp3+5hasl+cL+F/Qacoao2t5EIn7d2c=",,"OK","leaf","2022-08-11T20:21Z","0000-0003-2593-761X",1.277,"2022-08-11T20:23Z","2022-08-15T21:57Z",0.497,"0000-0003-2593-761X",40,2987.6,100,166.2,0.389,"0000-0003-2593-761X",,
"2a3c2429-960e-431b-aef3-0924417a0076","ABBY_018.basePlot.cfc","D16","ABBY","distributed","kfvvZaGzVPE7RuvX/cMP/D91H/huAfWQwILWOhRoCqQ=","A00000293095","2022-08-08T17:34Z","kfvvZaGzVPE7RuvX/cMP/D91H/huAfWQv/Ey6x1MCQM=",,"OK","leaf","2022-08-11T20:15Z","0000-0003-2593-761X",0.479,"2022-08-11T20:17Z","2022-08-15T21:55Z",0.187,"0000-0003-2593-761X",60,1499.7,100,124.9,0.391,"0000-0003-2593-761X",,
"2f117afc-3a9b-44dc-b1a8-2a986c3fe56f","ABBY_003.basePlot.cfc","D16","ABBY","distributed","kfvvZaGzVPHjZxtG0dwk1ZQLiAJ+z9ZBDRS6EYSw7dM=","A00000293086","2022-08-09T15:40Z","kfvvZaGzVPHjZxtG0dwk1ZQLiAJ+z9ZBurwbk7Z3vXY=",,"OK","leaf","2022-08-11T20:54Z","0000-0003-2593-761X",0.909,"2022-08-11T20:56Z","2022-08-15T21:51Z",0.288,"0000-0003-2593-761X",18,8110.5,100,35.5,0.317,"0000-0003-2593-761X",,
"b2c99728-c26f-40fb-bf66-1a9867e4fae0","ABBY_003.basePlot.cfc","D16","ABBY","distributed","kfvvZaGzVPFhSFFsweBnQqPj+XT9nWPXNERaZzDy3Mw=","A00000293105","2022-08-09T15:54Z","kfvvZaGzVPFhSFFsweBnQqPj+XT9nWPXbbVrfgmJmXo=",,"OK","leaf","2022-08-11T21:15Z","0000-0003-2593-761X",1.642,"2022-08-11T21:17Z","2022-08-15T21:53Z",0.556,"0000-0003-2593-761X",13,12145.7,100,45.7,0.338,"0000-0003-2593-761X",,
"9b5bb4fa-5836-453e-935b-63936bc2f511","ABBY_017.basePlot.cfc","D16","ABBY","distributed","kfvvZaGzVPHs1ezYTBkUBu2M3GaJoApsH5KpFtAxCMs=","A00000293110","2022-08-09T17:41Z","kfvvZaGzVPHs1ezYTBkUBu2M3GaJoApsr/0cRZ80ZMM=",,"OK","leaf","2022-08-11T21:22Z","0000-0003-2593-761X",0.343,"2022-08-11T21:24Z","2022-08-15T21:54Z",0.142,"0000-0003-2593-761X",46,952.1,100,149.6,0.415,"0000-0003-2593-761X",,
"b9f548cb-3cac-4faa-bf0a-8d93e6d59c68","ABBY_017.basePlot.cfc","D16","ABBY","distributed","kfvvZaGzVPFynmOpcTupOFGYBX9TY6s9AtPvRUgd6DY=","A00000293103","2022-08-09T18:02Z","kfvvZaGzVPFynmOpcTupOFGYBX9TY6s9K4kPIMs6hgB5Cq+hYUa/Mw==",,"OK","leaf","2022-08-11T21:05Z","0000-0003-2593-761X",0.272,"2022-08-11T21:10Z","2022-08-15T21:54Z",0.098,"0000-0003-2593-761X",35,854.5,100,115.2,0.362,"0000-0003-2593-761X",,
"c546939e-be15-45a1-b8e9-7ba689d64311","ABBY_077.basePlot.cfc","D16","ABBY","distributed","kfvvZaGzVPHh/XcvcK6W71EFqFyK591+50+WKsvHiqM=","A00000293101","2022-08-09T20:45Z","kfvvZaGzVPHh/XcvcK6W71EFqFyK591+3MF+etfObn0=",,"OK","leaf","2022-08-11T20:47Z","0000-0003-2593-761X",0.409,"2022-08-11T20:49Z","2022-08-15T21:56Z",0.162,"0000-0003-2593-761X",65,1145.8,100,140.9,0.395,"0000-0003-2593-761X",,
"d0dbc8f5-0609-49a0-95c8-2f084acf9f1f","ABBY_077.basePlot.cfc","D16","ABBY","distributed","kfvvZaGzVPGXA/lnugGkscLZXQNogXYvf2GR5nBSPUc=","A00000293087","2022-08-09T20:47Z","kfvvZaGzVPGXA/lnugGkscLZXQNogXYvX12Yi0bfI9jx6u0sTS6qBQ==",,"OK","leaf","2022-08-11T20:29Z","0000-0003-2593-761X",3.453,"2022-08-11T20:32Z","2022-08-15T21:47Z",1.211,"0000-0003-2593-761X",5,19218.7,100,63.0,0.351,"0000-0003-2593-761X",,
"8b47ee77-8171-422d-b49a-dc4e8d690d72","ABBY_068.basePlot.cfc","D16","ABBY","tower","kfvvZaGzVPGN60hq46JjVOIT/y2GGq5U3JA2WCADjU8=","A00000293081","2022-08-10T17:29Z","kfvvZaGzVPGN60hq46JjVOIT/y2GGq5UQ+VaqgX0xB4=",,"OK","leaf","2022-08-15T21:06Z","0000-0003-2593-761X",0.864,"2022-08-15T21:10Z","2022-08-18T20:52Z",0.341,"0000-0003-2593-761X",30,1871.7,100,182.4,0.395,"0000-0003-2593-761X",,
"a798ea68-ad70-4b77-872f-94c7c18f9d83","ABBY_068.basePlot.cfc","D16","ABBY","tower","kfvvZaGzVPEEuox4wqtrf/if5UdwZQ7rxOdL9vxX87A=","A00000293085","2022-08-10T17:43Z","kfvvZaGzVPEEuox4wqtrf/if5UdwZQ7rm8JCiaVtclaRRmIGIIl21g==",,"OK","leaf","2022-08-15T21:24Z","0000-0003-2593-761X",0.308,"2022-08-15T21:26Z","2022-08-18T20:55Z",0.122,"0000-0003-2593-761X",34,742.2,100,164.8,0.397,"0000-0003-2593-761X",,
"9e549556-fb22-4561-9b51-41cb5b55ced1","ABBY_069.basePlot.cfc","D16","ABBY","tower","kfvvZaGzVPFkic2Qqq/opAzZZC5nB/Hla0STXhfOTeU=","A00000293092","2022-08-10T19:40Z","kfvvZaGzVPFkic2Qqq/opAzZZC5nB/Hl8AXrckbXv7N1PtdH3tVN0w==",,"OK","leaf","2022-08-15T21:16Z","0000-0003-2593-761X",0.350,"2022-08-15T21:18Z","2022-08-18T20:53Z",0.136,"0000-0003-2593-761X",32,823.1,100,165.2,0.389,"0000-0003-2593-761X",,
"3987d3ad-7081-427f-bef5-fa52e67e44be","ABBY_002.basePlot.cfc","D16","ABBY","distributed","kfvvZaGzVPFU5M6V7OvUnOENGPzY3sWwCr3kxNfDvTg=",,"2022-08-15T17:16Z","kfvvZaGzVPFU5M6V7OvUnOENGPzY3sWwUt4SJZG8BOa2sQUPmUxhlw==",,"OK","leaf","2022-08-16T23:00Z","0000-0003-2593-761X",0.495,"2022-08-16T23:03Z","2022-08-18T23:04Z",0.187,"0000-0003-2593-761X",33,960.0,100,194.4,0.377,"0000-0003-2593-761X",,
"fe3a35e8-874c-4a35-9965-f9b49336316d","ABBY_002.basePlot.cfc","D16","ABBY","distributed","kfvvZaGzVPGkB14bgRrp3GeJJptmchH6oVcez6grFyU=",,"2022-08-15T17:16Z","kfvvZaGzVPGkB14bgRrp3GeJJptmchH6jj3+YR7Qez0=",,"OK","leaf","2022-08-16T21:55Z","0000-0003-2593-761X",0.890,"2022-08-16T22:00Z","2022-08-18T23:08Z",0.360,"0000-0003-2593-761X",30,1474.8,100,243.9,0.404,"0000-0003-2593-761X",,
"68a6371e-fe5e-467d-aebe-a438ec3c9366","ABBY_063.basePlot.cfc","D16","ABBY","tower","kfvvZaGzVPGPhaYaj+FlWoHv6mpr4nnqfsUVsI6kHBE=",,"2022-08-15T18:50Z","kfvvZaGzVPGPhaYaj+FlWoHv6mpr4nnqozTBu8RnqzbwIZ2N0v7e/Q==",,"OK","leaf","2022-08-16T21:25Z","0000-0002-8962-923X",0.443,"2022-08-16T22:00Z","2022-08-18T23:02Z",0.176,"0000-0003-2593-761X",37,1184.1,100,148.9,0.398,"0000-0003-2593-761X",,
"8128fbc0-50a9-40ee-8216-856daea0e613","ABBY_063.basePlot.cfc","D16","ABBY","tower","kfvvZaGzVPHQIDWINLElZfVOo6zqoxaZ5d7TUYna1JE=",,"2022-08-15T18:50Z","kfvvZaGzVPHQIDWINLElZfVOo6zqoxaZeEgm0tyUvjMKZgl6D2Y+3Q==",,"OK","leaf","2022-08-16T21:17Z","0000-0002-8962-923X",4.618,"2022-08-16T22:00Z","2022-08-18T23:05Z",1.631,"0000-0003-2593-761X",4,20654.0,100,78.9,0.353,"0000-0003-2593-761X",,
"2ccf9b5d-6528-4a6b-9a43-d534fadbf4d0","ABBY_011.basePlot.cfc","D16","ABBY","distributed","kfvvZaGzVPEFPQQCMZee+24rsqGRZN/KwKL5Qv2z68I=",,"2022-08-15T20:46Z","kfvvZaGzVPEFPQQCMZee+24rsqGRZN/KRvlN10hhnQg=",,"OK","leaf","2022-08-16T20:44Z","0000-0002-8962-923X",3.404,"2022-08-16T22:00Z","2022-08-18T23:03Z",1.526,"0000-0003-2593-761X",4,27346.6,100,55.8,0.448,"0000-0003-2593-761X",,
"75c29b69-9cac-4173-bdea-375324978438","ABBY_011.basePlot.cfc","D16","ABBY","distributed","kfvvZaGzVPExLx6BiA79chacx1CrOpHsRiUHBij6NPM=",,"2022-08-15T20:47Z","kfvvZaGzVPExLx6BiA79chacx1CrOpHsnnIypauHecx2SmEGBgvloA==",,"OK","leaf","2022-08-16T20:29Z","0000-0002-8962-923X",6.095,"2022-08-16T22:00Z","2022-08-18T23:07Z",2.559,"0000-0003-2593-761X",4,23449.8,100,109.1,0.420,"0000-0003-2593-761X",,
"e320bd7c-a1bd-4439-b54b-2f755c5931e6","ABBY_065.basePlot.cfc","D16","ABBY","tower","kfvvZaGzVPE9vtI1B88fgbkwz2wHe/jkKOYQBqzV1Qo=",,"2022-08-15T21:09Z","kfvvZaGzVPE9vtI1B88fgbkwz2wHe/jkOKXfPhcxJwqlNL+ph2ubaA==",,"OK","leaf","2022-08-16T21:04Z","0000-0002-8962-923X",2.815,"2022-08-16T22:00Z","2022-08-18T22:56Z",1.377,"0000-0003-2593-761X",6,15444.6,100,89.2,0.489,"0000-0003-2593-761X",,
"847d30e9-ae5d-4cec-9f9c-20e145b9f7c9","ABBY_065.basePlot.cfc","D16","ABBY","tower","kfvvZaGzVPHo2doGCQ8J8yUp3Jd7mW9KKk9javf1RRg=",,"2022-08-15T21:09Z","kfvvZaGzVPHo2doGCQ8J8yUp3Jd7mW9KEkjsbZZeyO0=",,"OK","leaf","2022-08-16T21:12Z","0000-0002-8962-923X",1.350,"2022-08-16T22:00Z","2022-08-18T22:59Z",0.576,"0000-0003-2593-761X",10,9799.0,100,58.8,0.427,"0000-0003-2593-761X",,
