uid,domainID,siteID,pitNamedLocation,pitID,horizonID,horizonName,setDate,collectDate,horizonTopDepth,horizonBottomDepth,nrcsDescriptionID,remarks
"06af6ae4-658a-4966-96fc-bb59d04b83f1","D02","BLAN","MEGAPT100965","2_BLANDY_PIT1","2_BLANDY_PIT1_C2","C2","2013-01-14","2013-01-14",128.0,206.0,"S13VA043001",
"db44e9bb-bd1f-4566-89b6-bec6829776fd","D02","BLAN","MEGAPT100965","2_BLANDY_PIT1","2_BLANDY_PIT1_C1","C1","2013-01-14","2013-01-14",84.0,128.0,"S13VA043001",
"a2e7fce4-afd3-41ba-b42a-7d7cb0b4b2a7","D02","BLAN","MEGAPT100965","2_BLANDY_PIT1","2_BLANDY_PIT1_BT1","Bt1","2013-01-14","2013-01-14",23.0,51.0,"S13VA043001",
"bf98de9d-a6f8-43df-9f02-58605e863b04","D02","BLAN","MEGAPT100965","2_BLANDY_PIT1","2_BLANDY_PIT1_BT2","Bt2","2013-01-14","2013-01-14",51.0,84.0,"S13VA043001",
"1dcef38d-a550-4fa2-a294-5e08989043e2","D02","BLAN","MEGAPT100965","2_BLANDY_PIT1","2_BLANDY_PIT1_O","O","2013-01-14","2013-01-14",0.0,2.0,"S13VA043001",
"aa996adc-8f06-41b2-82a3-b3ab5c0ce88e","D02","BLAN","MEGAPT100965","2_BLANDY_PIT1","2_BLANDY_PIT1_AP2","Ap2","2013-01-14","2013-01-14",14.0,23.0,"S13VA043001",
"5a5fb822-929d-46a0-a570-da4680a21102","D02","BLAN","MEGAPT100965","2_BLANDY_PIT1","2_BLANDY_PIT1_AP1","Ap1","2013-01-14","2013-01-14",2.0,14.0,"S13VA043001",
