uid,domainID,siteID,pitNamedLocation,pitID,horizonID,horizonName,setDate,collectDate,archiveID,archiveLaboratoryName,archiveTopDepth,archiveBottomDepth,remarks,sampleMass
"e5d22f16-4a7e-458a-8b96-9d0a60682c3f","D02","BLAN","MEGAPT100965","2_BLANDY_PIT1","2_BLANDY_PIT1_C2","C2","2013-01-14","2013-01-14","2_BLANDY_PIT1_128-200_ARCHIVE_C2","NEON",128.0,200.0,,1202.0
"9b7b7599-afda-4138-8e55-bbded8aed868","D02","BLAN","MEGAPT100965","2_BLANDY_PIT1","2_BLANDY_PIT1_O","O","2013-01-14","2013-01-14","2_BLANDY_PIT1_0-2_ARCHIVE_OI","NEON",0.0,2.0,,659.0
"9a4ffe8b-a329-4fcd-bfd1-6a3f89345458","D02","BLAN","MEGAPT100965","2_BLANDY_PIT1","2_BLANDY_PIT1_AP2","Ap2","2013-01-14","2013-01-14","2_BLANDY_PIT1_14-23_ARCHIVE_AP2","NEON",14.0,23.0,,1200.8
"8e39c7e3-0c2b-49b2-ad3b-919302cce879","D02","BLAN","MEGAPT100965","2_BLANDY_PIT1","2_BLANDY_PIT1_BT1","Bt1","2013-01-14","2013-01-14","2_BLANDY_PIT1_23-51_ARCHIVE_BT1","NEON",23.0,51.0,,1201.6
"6c2ac978-c15b-4e6b-accb-731f3a7db4d1","D02","BLAN","MEGAPT100965","2_BLANDY_PIT1","2_BLANDY_PIT1_C1","C1","2013-01-14","2013-01-14","2_BLANDY_PIT1_84-128_ARCHIVE_C1","NEON",84.0,128.0,,1202.0
"5064a710-f78f-447e-9918-872e049a78b3","D02","BLAN","MEGAPT100965","2_BLANDY_PIT1","2_BLANDY_PIT1_BT2","Bt2","2013-01-14","2013-01-14","2_BLANDY_PIT1_51-84_ARCHIVE_BT2","NEON",51.0,84.0,,1201.3
"e5cb319f-643a-4cbc-8b0d-9fa917e7b6ef","D02","BLAN","MEGAPT100965","2_BLANDY_PIT1","2_BLANDY_PIT1_AP1","Ap1","2013-01-14","2013-01-14","2_BLANDY_PIT1_2-14_ARCHIVE_AP1","NEON",2.0,14.0,,1200.7
