uid,domainID,siteID,pitNamedLocation,pitID,horizonID,bulkDensID,horizonName,setDate,collectDate,laboratoryName,labProjID,bulkDensCenterDepth,bulkDensTopDepth,bulkDensBottomDepth,bulkDensHorizonProportion,bulkDensSampleType,bulkDensExclCoarseFrag,remarks
"32f23f6a-aac7-4b30-8ba9-9babe194482a","D02","BLAN","MEGAPT100965","2_BLANDY_PIT1","2_BLANDY_PIT1_O","2_BLANDY_PIT1_0-2_BULKD_OI","O","2013-01-14","2013-01-14","USDA NRCS Kellogg Soil Survey Laboratory - Lincoln - NE","I2013USVA046",1.0,0.0,2.0,1.0,"Regular",0.0406,
"be456097-0ecd-409a-b36d-6e362d1739b8","D02","BLAN","MEGAPT100965","2_BLANDY_PIT1","2_BLANDY_PIT1_BT1","2_BLANDY_PIT1_27-37_BULKD_BT1","Bt1","2013-01-14","2013-01-14","USDA NRCS Kellogg Soil Survey Laboratory - Lincoln - NE","I2013USVA046",32.0,27.0,37.0,1.0,"Regular",1.2252,
"2262cdb4-72dd-4995-a7f6-d3783b98f416","D02","BLAN","MEGAPT100965","2_BLANDY_PIT1","2_BLANDY_PIT1_BT2","2_BLANDY_PIT1_54-64_BULKD_BT2","Bt2","2013-01-14","2013-01-14","USDA NRCS Kellogg Soil Survey Laboratory - Lincoln - NE","I2013USVA046",59.0,54.0,64.0,1.0,"Regular",1.0397,
"24e0cbff-f051-4dee-b112-8d2681999775","D02","BLAN","MEGAPT100965","2_BLANDY_PIT1","2_BLANDY_PIT1_C1","2_BLANDY_PIT1_90-100_BULKD_C1","C1","2013-01-14","2013-01-14","USDA NRCS Kellogg Soil Survey Laboratory - Lincoln - NE","I2013USVA046",95.0,90.0,100.0,1.0,"Regular",1.3520,
"9847fcb3-fe8d-4a15-a484-450af91489a8","D02","BLAN","MEGAPT100965","2_BLANDY_PIT1","2_BLANDY_PIT1_AP2","2_BLANDY_PIT1_14-23_BULKD_AP2","Ap2","2013-01-14","2013-01-14","USDA NRCS Kellogg Soil Survey Laboratory - Lincoln - NE","I2013USVA046",18.5,14.0,23.0,1.0,"Regular",1.3776,
"bd35ccab-3168-4d4a-bcd1-5339a258ce67","D02","BLAN","MEGAPT100965","2_BLANDY_PIT1","2_BLANDY_PIT1_AP1","2_BLANDY_PIT1_2-12_BULKD_AP1","Ap1","2013-01-14","2013-01-14","USDA NRCS Kellogg Soil Survey Laboratory - Lincoln - NE","I2013USVA046",7.0,2.0,12.0,1.0,"Regular",1.1320,
"23365aaa-fbdb-45e0-a61d-3babc82d2428","D02","BLAN","MEGAPT100965","2_BLANDY_PIT1","2_BLANDY_PIT1_C2","2_BLANDY_PIT1_130-140_BULKD_C2","C2","2013-01-14","2013-01-14","USDA NRCS Kellogg Soil Survey Laboratory - Lincoln - NE","I2013USVA046",135.0,130.0,140.0,1.0,"Regular",1.4313,
