uid,domainID,siteID,pitNamedLocation,pitID,horizonID,horizonName,setDate,collectDate,horizonTopDepth,horizonBottomDepth,nrcsDescriptionID,remarks
"82a725f0-0b6c-46d2-b42a-d4fa47374c01","D09","NOGP","MEGAPT100985","9_NGPRL_PIT1","9_NGPRL_PIT1_BT3","Bt3","2013-07-08","2013-07-08",64.0,84.0,"S2013ND059-001",
"a8c7801b-f0f2-45ce-a6de-dd9c04b003f0","D09","NOGP","MEGAPT100985","9_NGPRL_PIT1","9_NGPRL_PIT1_BK","Bk","2013-07-08","2013-07-08",145.0,182.0,"S2013ND059-001",
"814f9522-035d-4025-903b-5940668ec65f","D09","NOGP","MEGAPT100985","9_NGPRL_PIT1","9_NGPRL_PIT1_A1","A1","2013-07-08","2013-07-08",0.0,4.0,"S2013ND059-001",
"70df2329-6988-4314-ac26-50eeb25cd4c1","D09","NOGP","MEGAPT100985","9_NGPRL_PIT1","9_NGPRL_PIT1_BTK1","Btk1","2013-07-08","2013-07-08",84.0,112.0,"S2013ND059-001",
"784948ef-cabc-4039-a900-8ffcd8939bb2","D09","NOGP","MEGAPT100985","9_NGPRL_PIT1","9_NGPRL_PIT1_BT1","Bt1","2013-07-08","2013-07-08",31.0,46.0,"S2013ND059-001",
"9a1d67f1-f4a4-4a29-9153-e027e2620dbc","D09","NOGP","MEGAPT100985","9_NGPRL_PIT1","9_NGPRL_PIT1_C","C","2013-07-08","2013-07-08",182.0,200.0,"S2013ND059-001",
"a4ce1234-df4c-4f9a-9573-d6559fece63d","D09","NOGP","MEGAPT100985","9_NGPRL_PIT1","9_NGPRL_PIT1_A3","A3","2013-07-08","2013-07-08",11.0,31.0,"S2013ND059-001",
"0ac35365-449c-4621-b749-684173fd0d2c","D09","NOGP","MEGAPT100985","9_NGPRL_PIT1","9_NGPRL_PIT1_BT2","Bt2","2013-07-08","2013-07-08",46.0,64.0,"S2013ND059-001",
"10d52d03-54ae-49b0-b39b-bfe17630567e","D09","NOGP","MEGAPT100985","9_NGPRL_PIT1","9_NGPRL_PIT1_A2","A2","2013-07-08","2013-07-08",4.0,11.0,"S2013ND059-001",
"19a31553-acb6-4212-8453-e08a2be8e098","D09","NOGP","MEGAPT100985","9_NGPRL_PIT1","9_NGPRL_PIT1_BTK2","Btk2","2013-07-08","2013-07-08",112.0,145.0,"S2013ND059-001",
