uid,domainID,siteID,pitNamedLocation,pitID,horizonID,horizonName,setDate,collectDate,archiveID,archiveLaboratoryName,archiveTopDepth,archiveBottomDepth,remarks,sampleMass
"dc747275-6d16-49f4-9d0d-b3e8416247b2","D09","NOGP","MEGAPT100985","9_NGPRL_PIT1","9_NGPRL_PIT1_BTK2","Btk2","2013-07-08","2013-07-08","9_NGPRL_PIT1_112-145_ARCHIVE_BTK2","NEON",112.0,145.0,,3604.3
"9d6a516c-d704-4d31-b9fb-c4b3dcafde1d","D09","NOGP","MEGAPT100985","9_NGPRL_PIT1","9_NGPRL_PIT1_BT3","Bt3","2013-07-08","2013-07-08","9_NGPRL_PIT1_64-84_ARCHIVE_BT3","NEON",64.0,84.0,,3398.1
"59cc017f-2c2e-4fdc-89ea-669ef5103bce","D09","NOGP","MEGAPT100985","9_NGPRL_PIT1","9_NGPRL_PIT1_C","C","2013-07-08","2013-07-08",,,,,,
"c18cf1a1-5f4e-418f-96f7-a7b978cd77d0","D09","NOGP","MEGAPT100985","9_NGPRL_PIT1","9_NGPRL_PIT1_C","C","2013-07-08","2013-07-08","9_NGPRL_PIT1_182-200_ARCHIVE_C","NEON",182.0,200.0,,3066.3
"4336adbf-392a-489f-be1a-3975db39cf01","D09","NOGP","MEGAPT100985","9_NGPRL_PIT1","9_NGPRL_PIT1_BK","Bk","2013-07-08","2013-07-08","9_NGPRL_PIT1_145-182_ARCHIVE_BK","NEON",145.0,182.0,,2899.3
"8b5a907f-d961-4af1-adf9-462b66730c4f","D09","NOGP","MEGAPT100985","9_NGPRL_PIT1","9_NGPRL_PIT1_BTK1","Btk1","2013-07-08","2013-07-08","9_NGPRL_PIT1_84-112_ARCHIVE_BTK1","NEON",84.0,112.0,,3605.6
"12f514fe-8513-4962-b0d3-34848ee40db7","D09","NOGP","MEGAPT100985","9_NGPRL_PIT1","9_NGPRL_PIT1_A3","A3","2013-07-08","2013-07-08","9_NGPRL_PIT1_11-31_ARCHIVE_A3","NEON",11.0,31.0,,3604.7
"4b872f51-6970-455f-b5e3-f006c0b98ba3","D09","NOGP","MEGAPT100985","9_NGPRL_PIT1","9_NGPRL_PIT1_A2","A2","2013-07-08","2013-07-08","9_NGPRL_PIT1_4-11_ARCHIVE_A2","NEON",4.0,11.0,,3071.0
"064f57b2-f61b-4246-aaf0-3b406da8ad61","D09","NOGP","MEGAPT100985","9_NGPRL_PIT1","9_NGPRL_PIT1_BT2","Bt2","2013-07-08","2013-07-08","9_NGPRL_PIT1_46-64_ARCHIVE_BT2","NEON",46.0,64.0,,3393.4
"35198b2a-e0ea-474a-be88-a6c02e7a16fd","D09","NOGP","MEGAPT100985","9_NGPRL_PIT1","9_NGPRL_PIT1_BT1","Bt1","2013-07-08","2013-07-08","9_NGPRL_PIT1_31-46_ARCHIVE_BT1","NEON",31.0,46.0,,3605.4
"f400543d-0b42-47a0-bf96-aeaabb5a92b5","D09","NOGP","MEGAPT100985","9_NGPRL_PIT1","9_NGPRL_PIT1_A1","A1","2013-07-08","2013-07-08","9_NGPRL_PIT1_0-4_ARCHIVE_A1","NEON",0.0,4.0,,2133.3
