uid,domainID,siteID,pitNamedLocation,pitID,horizonID,bulkDensID,horizonName,setDate,collectDate,laboratoryName,labProjID,bulkDensCenterDepth,bulkDensTopDepth,bulkDensBottomDepth,bulkDensHorizonProportion,bulkDensSampleType,bulkDensExclCoarseFrag,remarks
"9c77d3bb-22ef-4923-a6d9-bbd6f4f94d7e","D09","NOGP","MEGAPT100985","9_NGPRL_PIT1","9_NGPRL_PIT1_A1","9_NGPRL_PIT1_0-4_BULKD_A1","A1","2013-07-08","2013-07-08","USDA NRCS Kellogg Soil Survey Laboratory - Lincoln - NE","I2013USND103",1.5,0.0,3.0,1.0,"Regular",0.3960,
"248fa0f4-7fc0-4aa7-8daa-6b8871e6e904","D09","NOGP","MEGAPT100985","9_NGPRL_PIT1","9_NGPRL_PIT1_BK","9_NGPRL_PIT1_150-160_BULKD_BK","Bk","2013-07-08","2013-07-08","USDA NRCS Kellogg Soil Survey Laboratory - Lincoln - NE","I2013USND103",155.0,150.0,160.0,1.0,"Regular",1.0997,
"6e9712cd-91c6-4f0f-b1ee-1f6ad1865458","D09","NOGP","MEGAPT100985","9_NGPRL_PIT1","9_NGPRL_PIT1_C","9_NGPRL_PIT1_?-?_BULKD_X","C","2013-07-08","2013-07-08","USDA NRCS Kellogg Soil Survey Laboratory - Lincoln - NE","I2013USND103",188.0,183.0,193.0,1.0,"Audit",1.2710,
"752796aa-cf31-4164-ae0a-e1c5c7f73e3d","D09","NOGP","MEGAPT100985","9_NGPRL_PIT1","9_NGPRL_PIT1_BT1","9_NGPRL_PIT1_33-43_BULKD_BT1","Bt1","2013-07-08","2013-07-08","USDA NRCS Kellogg Soil Survey Laboratory - Lincoln - NE","I2013USND103",38.0,33.0,43.0,1.0,"Regular",1.3650,
"75e4786a-bb27-4c3b-af83-6f1435af7095","D09","NOGP","MEGAPT100985","9_NGPRL_PIT1","9_NGPRL_PIT1_A3","9_NGPRL_PIT1_19-29_BULKD_A3","A3","2013-07-08","2013-07-08","USDA NRCS Kellogg Soil Survey Laboratory - Lincoln - NE","I2013USND103",24.0,19.0,29.0,1.0,"Regular",1.0776,
"4a497544-635a-4a96-bf04-69cb1a3c1bfb","D09","NOGP","MEGAPT100985","9_NGPRL_PIT1","9_NGPRL_PIT1_BT2","9_NGPRL_PIT1_50-60_BULKD_BT2","Bt2","2013-07-08","2013-07-08","USDA NRCS Kellogg Soil Survey Laboratory - Lincoln - NE","I2013USND103",55.0,50.0,60.0,1.0,"Regular",1.3429,
"db55c5dd-6933-4a87-ac5d-74ecf018ff55","D09","NOGP","MEGAPT100985","9_NGPRL_PIT1","9_NGPRL_PIT1_BT3","9_NGPRL_PIT1_70-80_BULKD_BT3","Bt3","2013-07-08","2013-07-08","USDA NRCS Kellogg Soil Survey Laboratory - Lincoln - NE","I2013USND103",75.0,70.0,80.0,1.0,"Regular",1.2323,
"5b9d3db7-44c9-4fc5-9671-0335d4ad31e4","D09","NOGP","MEGAPT100985","9_NGPRL_PIT1","9_NGPRL_PIT1_BTK2","9_NGPRL_PIT1_114-124_BULKD_BTK2","Btk2","2013-07-08","2013-07-08","USDA NRCS Kellogg Soil Survey Laboratory - Lincoln - NE","I2013USND103",119.0,114.0,124.0,1.0,"Regular",1.3429,
"00b47a73-44b8-4c73-aefb-29833c39a221","D09","NOGP","MEGAPT100985","9_NGPRL_PIT1","9_NGPRL_PIT1_BTK1","9_NGPRL_PIT1_90-100_BULKD_BTK1","Btk1","2013-07-08","2013-07-08","USDA NRCS Kellogg Soil Survey Laboratory - Lincoln - NE","I2013USND103",95.0,90.0,100.0,1.0,"Regular",1.3318,
"f4425afe-bdec-4d5a-8d31-5b778a9e0a4f","D09","NOGP","MEGAPT100985","9_NGPRL_PIT1","9_NGPRL_PIT1_A2","9_NGPRL_PIT1_4-7_BULKD_A2","A2","2013-07-08","2013-07-08","USDA NRCS Kellogg Soil Survey Laboratory - Lincoln - NE","I2013USND103",5.5,4.0,7.0,1.0,"Regular",0.7368,
"297f37b6-623a-48cb-9f7a-b50abad2f91b","D09","NOGP","MEGAPT100985","9_NGPRL_PIT1","9_NGPRL_PIT1_C","9_NGPRL_PIT1_183-193_BULKD_C","C","2013-07-08","2013-07-08","USDA NRCS Kellogg Soil Survey Laboratory - Lincoln - NE","I2013USND103",188.0,183.0,193.0,1.0,"Regular",1.3484,
