uid,domainID,siteID,pitNamedLocation,pitID,horizonID,horizonName,setDate,collectDate,horizonTopDepth,horizonBottomDepth,nrcsDescriptionID,remarks
"c336ec9d-d87f-4563-bd1b-acf2f25406a0","D20","PUUM","MEGAPT113656","D20_PUUM_PIT1","D20_PUUM_PIT1_OE","Oe","2018-06-25","2018-06-25",0.0,2.0,"S2018HI001001_MP","Horizons described from pit with horizontal dimensions of approximately 0.3 x 0.6 m"
"f928cd31-ec6b-4bc1-96ec-40dcc90628ba","D20","PUUM","MEGAPT113656","D20_PUUM_PIT1","D20_PUUM_PIT1_3C","3C","2018-06-25","2018-06-25",90.0,110.0,"S2018HI001001_MP","Horizons described from pit with horizontal dimensions of approximately 0.3 x 0.6 m"
"6abc9852-6c9d-4584-a9af-58a4c5a7bd66","D20","PUUM","MEGAPT113656","D20_PUUM_PIT1","D20_PUUM_PIT1_A","A","2018-06-25","2018-06-25",2.0,17.0,"S2018HI001001_MP","Horizons described from pit with horizontal dimensions of approximately 0.3 x 0.6 m"
"9d9b1f48-0166-4e11-bdc4-e5cd0d76e72e","D20","PUUM","MEGAPT113656","D20_PUUM_PIT1","D20_PUUM_PIT1_2BW2","2Bw2","2018-06-25","2018-06-25",59.0,90.0,"S2018HI001001_MP","Horizons described from pit with horizontal dimensions of approximately 0.3 x 0.6 m"
"b9fd982e-54a6-412c-995a-c15439ef023d","D20","PUUM","MEGAPT113656","D20_PUUM_PIT1","D20_PUUM_PIT1_2BW1","2Bw1","2018-06-25","2018-06-25",17.0,59.0,"S2018HI001001_MP","Horizons described from pit with horizontal dimensions of approximately 0.3 x 0.6 m"
