uid,domainID,siteID,pitNamedLocation,pitID,horizonID,horizonName,setDate,collectDate,archiveID,archiveLaboratoryName,archiveTopDepth,archiveBottomDepth,remarks,sampleMass
"23fdea2f-18b0-460d-8293-264ec11ac0ae","D20","PUUM","MEGAPT113656","D20_PUUM_PIT1","D20_PUUM_PIT1_2BW1","2Bw1","2018-06-25","2018-06-25","D20_PUUM_PIT1_ARCHIVE_17-59_BW1","NEON",17.0,59.0,,3354.3
"7fbca7dc-1409-4b74-97be-7fe0e232b8a6","D20","PUUM","MEGAPT113656","D20_PUUM_PIT1","D20_PUUM_PIT1_OE","Oe","2018-06-25","2018-06-25",,,,,"Field profile description included a single horizon from 0-17 cm so seperate samples not collected from 0-2 and 2-17 cm horizons",
"3bd3d0ff-6cf6-4a48-bbdf-f020cfa846e9","D20","PUUM","MEGAPT113656","D20_PUUM_PIT1","D20_PUUM_PIT1_2BW2","2Bw2","2018-06-25","2018-06-25","D20_PUUM_PIT1_ARCHIVE_59-90_2BW2","NEON",59.0,90.0,,2262.9
"58088cd6-f464-48da-8dec-c86b2f4d2b3a","D20","PUUM","MEGAPT113656","D20_PUUM_PIT1","D20_PUUM_PIT1_3C","3C","2018-06-25","2018-06-25",,,,,"Horizon below 90 cm initially classified as R so no sample collected",
"f3cd3a40-5ff8-467b-8e5b-e2257e7de2f9","D20","PUUM","MEGAPT113656","D20_PUUM_PIT1","D20_PUUM_PIT1_A","A","2018-06-25","2018-06-25","D20_PUUM_PIT1_ARCHIVE_0-17_O","NEON",0.0,17.0,"Field profile description included a single horizon from 0-17 cm so seperate samples not collected from 0-2 and 2-17 cm horizons",3695.7
