uid,domainID,siteID,pitNamedLocation,pitID,horizonID,bulkDensID,horizonName,setDate,collectDate,laboratoryName,labProjID,bulkDensCenterDepth,bulkDensTopDepth,bulkDensBottomDepth,bulkDensHorizonProportion,bulkDensSampleType,bulkDensExclCoarseFrag,remarks
"d0fefabe-fb6e-4b48-8f1e-65bd0ff25341","D20","PUUM","MEGAPT113656","D20_PUUM_PIT1","D20_PUUM_PIT1_2BW1","D20_PUUM_PIT1_BULKD_40-45_BW1","2Bw1","2018-06-25","2018-06-25","USDA NRCS Kellogg Soil Survey Laboratory - Lincoln - NE","S2018HI001100",42.5,40.0,45.0,1.0,"Regular",0.2706,
"c2e402d1-8db9-4bac-a33b-b4d3fd20385d","D20","PUUM","MEGAPT113656","D20_PUUM_PIT1","D20_PUUM_PIT1_OE",,"Oe","2018-06-25","2018-06-25","USDA NRCS Kellogg Soil Survey Laboratory - Lincoln - NE","S2018HI001100",,,,,,,"Field profile description included a single horizon from 0-17 cm so no sample collected from 0-2 cm horizon"
"e4e0f758-7ea6-482c-ad76-654bbbbf3a24","D20","PUUM","MEGAPT113656","D20_PUUM_PIT1","D20_PUUM_PIT1_2BW2","D20_PUUM_PIT1_BULKD_65-70_2BW2","2Bw2","2018-06-25","2018-06-25","USDA NRCS Kellogg Soil Survey Laboratory - Lincoln - NE","S2018HI001100",67.5,65.0,70.0,1.0,"Regular",0.2507,
"67e5ceff-3b8f-4a61-b5ea-bcde6c0d5429","D20","PUUM","MEGAPT113656","D20_PUUM_PIT1","D20_PUUM_PIT1_A","D20_PUUM_PIT1_BULKD_2-7_O","A","2018-06-25","2018-06-25","USDA NRCS Kellogg Soil Survey Laboratory - Lincoln - NE","S2018HI001100",4.5,2.0,7.0,1.0,"Regular",0.3892,
"28af3d7a-ecd6-4eaa-86f9-83c5d797a63b","D20","PUUM","MEGAPT113656","D20_PUUM_PIT1","D20_PUUM_PIT1_3C",,"3C","2018-06-25","2018-06-25","USDA NRCS Kellogg Soil Survey Laboratory - Lincoln - NE",,,,,,,,"Horizon below 90 cm initially classified as R so no sample collected"
