uid,domainID,siteID,pitNamedLocation,pitID,horizonID,biogeoID,horizonName,biogeoHorizonProportion,biogeoSampleType,setDate,collectDate,coarseFrag2To5,coarseFrag5To20,sandTotal,siltTotal,clayTotal,carbonateClay,clayFineContent,siltFineContent,siltCoarseContent,sandVeryFineContent,sandFineContent,sandMediumContent,sandCoarseContent,sandVeryCoarseContent,carbonTot,nitrogenTot,sulfurTot,estimatedOC,airDryOvenDry,alMjelm,caMjelm,feMjelm,kMjelm,mgMjelm,mnMjelm,naMjelm,pMjelm,siMjelm,srMjelm,tiMjelm,zrMjelm,phCacl2,phH2o,ec12pre,gypsumConc,caco3Conc,caNh4d,kNh4d,mgNh4d,naNh4d,cecdNh4,alSatCecd33,baseSumCecd10,bsesatCecd10,ececCecd33,alKcl,feKcl,mnKcl,bSatx,brSatx,caSatx,clSatx,co3Satx,ecSatp,flSatx,waterSatx,hco3Sx,kSatx,mgSatx,naSatx,no2Satx,no3Satx,pSatx,phSp,resist,so4Satx,laboratoryName,labProjID,biogeoTopDepth,biogeoBottomDepth,biogeoCenterDepth,remarks
"a1f781bd-6888-4928-9a30-f5d3e4d11ff7","D20","PUUM","MEGAPT113656","D20_PUUM_PIT1","D20_PUUM_PIT1_OE","D20_PUUM_PIT1_BIOGEO_0-17_OE","Oe",1.0,"Regular","2018-06-25","2018-06-25",284,126,,,,,,,,,,,,,262.5,16.90,1.80,263.0,1.110,39268,31948,58976,1945,21737,959,6204,1422,91370,126,9505,77,4.7,5.5,0.60,0,,16.8,0.5,2.7,0.2,65.3,9,20.2,31,22.3,2.1,,234.1,,0.0,1.0,0.9,0.0,0.44,0.1,371.30,1.0,0.3,0.5,0.9,0.0,0.0,0.0,5.1,,0.7,"USDA NRCS Kellogg Soil Survey Laboratory - Lincoln - NE","S2018HI001100",0.0,17.0,8.5,"Field profile description included a single horizon from 0-17 cm so seperate samples not collected from 0-2 and 2-17 cm horizons."
"e60fd0e5-50a7-4ccf-a2c6-aa7461ff3375","D20","PUUM","MEGAPT113656","D20_PUUM_PIT1","D20_PUUM_PIT1_A","D20_PUUM_PIT1_BIOGEO_0-17_A","A",1.0,"Regular","2018-06-25","2018-06-25",284,126,,,,,,,,,,,,,262.5,16.90,1.80,263.0,1.110,39268,31948,58976,1945,21737,959,6204,1422,91370,126,9505,77,4.7,5.5,0.60,0,,16.8,0.5,2.7,0.2,65.3,9,20.2,31,22.3,2.1,,234.1,,0.0,1.0,0.9,0.0,0.44,0.1,371.30,1.0,0.3,0.5,0.9,0.0,0.0,0.0,5.1,,0.7,"USDA NRCS Kellogg Soil Survey Laboratory - Lincoln - NE","S2018HI001100",0.0,17.0,8.5,"Field profile description included a single horizon from 0-17 cm so seperate samples not collected from 0-2 and 2-17 cm horizons."
"02388687-4f4b-4247-a3d8-cf5280c5f1d1","D20","PUUM","MEGAPT113656","D20_PUUM_PIT1","D20_PUUM_PIT1_2BW2","D20_PUUM_PIT1_BIOGEO_59-90_2BW2","2Bw2",1.0,"Regular","2018-06-25","2018-06-25",61,192,47.6,33.8,18.6,,,23.9,9.9,15.2,17.3,8.6,4.7,1.8,156.4,10.00,1.60,156.0,1.133,66236,24057,78654,1386,22982,3219,3942,1889,89098,66,12090,110,4.9,5.4,0.14,,,4.0,0.1,0.9,0.0,67.4,30,5.0,7,7.1,2.1,,24.0,,,,,,,,,,,,,,,,,,,"USDA NRCS Kellogg Soil Survey Laboratory - Lincoln - NE","S2018HI001100",59.0,90.0,74.5,"Particle size distribution (texture) was determined using moist soil to avoid texture changes that can occur when drying volcanic ash soils."
"6be3c9d5-5685-4ac4-9557-3c795dcdc5b3","D20","PUUM","MEGAPT113656","D20_PUUM_PIT1","D20_PUUM_PIT1_2BW1","D20_PUUM_PIT1_BIOGEO_17-59_BW1","2Bw1",1.0,"Regular","2018-06-25","2018-06-25",113,137,54.6,30.0,15.4,,,18.1,11.9,10.6,11.9,13.7,11.7,6.7,175.4,11.70,1.40,175.0,1.100,52298,32979,77292,2019,26609,1307,7036,1833,110258,130,13233,101,4.8,5.3,0.24,,,10.1,0.2,1.8,0.1,58.5,15,12.2,21,14.4,2.2,,14.9,,0.0,1.2,0.4,0.0,0.34,0.0,224.40,1.6,0.2,0.9,0.5,0.0,1.4,0.0,5.1,,0.4,"USDA NRCS Kellogg Soil Survey Laboratory - Lincoln - NE","S2018HI001100",17.0,59.0,38.0,"Particle size distribution (texture) was determined using moist soil to avoid texture changes that can occur when drying volcanic ash soils."
"987ba238-29b0-4abe-83aa-75dc762728f7","D20","PUUM","MEGAPT113656","D20_PUUM_PIT1","D20_PUUM_PIT1_3C",,"3C",,,"2018-06-25","2018-06-25",,,,,,,,,,,,,,,,,,,,,,,,,,,,,,,,,,,,,,,,,,,,,,,,,,,,,,,,,,,,,,,,,,,"USDA NRCS Kellogg Soil Survey Laboratory - Lincoln - NE",,,,,"Horizon below 90 cm initially classified as R so no sample collected"
