uid,namedLocation,domainID,siteID,plotID,nrcsDescriptionID,collectDate,horizonID,horizonName,biogeoIDnrcs,biogeoSampleType,biogeoTopDepth,biogeoBottomDepth,biogeoCenterDepth,particleSizeDistProcessedDate,particleSizeDistMethodPub,particleSizeDistMethod,coarseFrag2To5,coarseFrag5To20,sandTotal,siltTotal,clayTotal,carbonateClay,clayFineContent,siltFineContent,siltCoarseContent,sandVeryFineContent,sandFineContent,sandMediumContent,sandCoarseContent,sandVeryCoarseContent,laboratoryName,dataQF
"777eb105-8edb-4a44-9d7c-223fc2670f85","JORN_007.basePlot.all","D14","JORN","JORN_007","S2016NM013016","2016-05-03","16N03827","2Bw2","S2016NM013016-3","bulk",16.0,46.0,31.0,"2016-11-15","Kellogg Soil Survey Laboratory Methods Manual, Soil Survey Investigations Report No. 42 Version 5.0, Issued 2014","Routine Particle Size Distribution (3A1a1a)",0.0,0.0,89.3,3.6,7.1,,,1.4,2.2,10.4,46.9,27.7,4.1,0.2,"USDA NRCS Kellogg Soil Survey Laboratory",
"e7c76f2f-74c4-4570-81c8-f08b1e212c27","JORN_018.basePlot.all","D14","JORN","JORN_018","S2016NM013002","2016-05-03","16N03785","A","S2016NM013002-1","bulk",0.0,15.0,7.5,"2016-11-13","Kellogg Soil Survey Laboratory Methods Manual, Soil Survey Investigations Report No. 42 Version 5.0, Issued 2014","Routine Particle Size Distribution (3A1a1a)",1.7,1.3,83.2,8.5,8.3,,,1.7,6.8,13.6,38.3,25.4,5.1,0.8,"USDA NRCS Kellogg Soil Survey Laboratory",
"579f442e-f50c-4ca8-8fc2-8f93c496e360","JORN_030.basePlot.all","D14","JORN","JORN_030","S2016NM013001","2016-05-03","16N03783","Bw","S2016NM013001-2","bulk",13.0,41.0,27.0,"2016-11-13","Kellogg Soil Survey Laboratory Methods Manual, Soil Survey Investigations Report No. 42 Version 5.0, Issued 2014","Routine Particle Size Distribution (3A1a1a)",4.9,13.3,83.9,8.3,7.8,0.0,,2.1,6.2,15.3,38.2,26.3,3.7,0.4,"USDA NRCS Kellogg Soil Survey Laboratory",
"6a53a0fb-d19f-48c6-9bec-7444e4a24839","JORN_030.basePlot.all","D14","JORN","JORN_030","S2016NM013001","2016-05-03","16N03782","A","S2016NM013001-1","bulk",0.0,13.0,6.5,"2016-11-13","Kellogg Soil Survey Laboratory Methods Manual, Soil Survey Investigations Report No. 42 Version 5.0, Issued 2014","Routine Particle Size Distribution (3A1a1a)",1.8,7.3,83.5,9.0,7.5,0.0,,2.6,6.4,18.4,40.8,21.3,2.9,0.1,"USDA NRCS Kellogg Soil Survey Laboratory",
"d0db3c9c-b319-42ff-9fe7-32d6201f39b9","JORN_030.basePlot.all","D14","JORN","JORN_030","S2016NM013001","2016-05-03","16N03784","Bk","S2016NM013001-3","bulk",41.0,58.0,49.5,"2016-11-13","Kellogg Soil Survey Laboratory Methods Manual, Soil Survey Investigations Report No. 42 Version 5.0, Issued 2014","Routine Particle Size Distribution (3A1a1a)",7.2,29.7,82.1,8.7,9.2,1.8,,2.6,6.1,15.5,38.0,24.2,4.3,0.1,"USDA NRCS Kellogg Soil Survey Laboratory",
"832cc3ad-1d10-4d94-b319-68050667a424","JORN_007.basePlot.all","D14","JORN","JORN_007","S2016NM013016","2016-05-03","16N03828","2Bt","S2016NM013016-4","bulk",46.0,100.0,73.0,"2016-11-15","Kellogg Soil Survey Laboratory Methods Manual, Soil Survey Investigations Report No. 42 Version 5.0, Issued 2014","Routine Particle Size Distribution (3A1a1a)",0.0,0.0,79.6,5.7,14.7,,,1.2,4.5,14.6,40.3,22.2,2.3,0.2,"USDA NRCS Kellogg Soil Survey Laboratory",
"2044b42e-e349-40e9-a5c8-71848af6c02b","JORN_007.basePlot.all","D14","JORN","JORN_007","S2016NM013016","2016-05-03","16N03826","2Bw1","S2016NM013016-2","bulk",8.0,16.0,12.0,"2016-11-15","Kellogg Soil Survey Laboratory Methods Manual, Soil Survey Investigations Report No. 42 Version 5.0, Issued 2014","Routine Particle Size Distribution (3A1a1a)",0.0,0.0,90.1,4.0,5.9,,,1.0,3.0,12.9,45.5,27.8,3.7,0.2,"USDA NRCS Kellogg Soil Survey Laboratory",
"25e75618-5afb-4df8-952f-33ad84e177d8","JORN_018.basePlot.all","D14","JORN","JORN_018","S2016NM013002","2016-05-03","16N03787","Bk","S2016NM013002-3","bulk",40.0,100.0,70.0,"2016-11-13","Kellogg Soil Survey Laboratory Methods Manual, Soil Survey Investigations Report No. 42 Version 5.0, Issued 2014","Routine Particle Size Distribution (3A1a1a)",4.6,1.0,73.5,13.3,13.2,,,3.6,9.7,15.1,33.4,21.0,3.5,0.5,"USDA NRCS Kellogg Soil Survey Laboratory",
"10f68480-ecad-4c16-8e72-912285e94b8f","JORN_018.basePlot.all","D14","JORN","JORN_018","S2016NM013002","2016-05-03","16N03786","Bw","S2016NM013002-2","bulk",15.0,40.0,27.5,"2016-11-13","Kellogg Soil Survey Laboratory Methods Manual, Soil Survey Investigations Report No. 42 Version 5.0, Issued 2014","Routine Particle Size Distribution (3A1a1a)",0.0,0.0,79.0,9.1,11.9,,,3.0,6.1,15.4,38.2,21.1,3.5,0.8,"USDA NRCS Kellogg Soil Survey Laboratory",
"205b27cf-3544-4e12-a1e5-f2270289a4fc","JORN_007.basePlot.all","D14","JORN","JORN_007","S2016NM013016","2016-05-03","16N03825","C","S2016NM013016-1","bulk",0.0,8.0,4.0,"2016-11-15","Kellogg Soil Survey Laboratory Methods Manual, Soil Survey Investigations Report No. 42 Version 5.0, Issued 2014","Routine Particle Size Distribution (3A1a1a)",0.0,0.0,90.1,5.4,4.5,,,1.4,4.0,14.3,42.9,29.2,3.4,0.3,"USDA NRCS Kellogg Soil Survey Laboratory",
"d8561c14-a9b7-4873-b780-c8450c8f0592","JORN_010.basePlot.all","D14","JORN","JORN_010","S2016NM013003","2016-05-04","16N03789","Bw","S2016NM013003-2","bulk",8.0,34.0,21.0,"2016-11-13","Kellogg Soil Survey Laboratory Methods Manual, Soil Survey Investigations Report No. 42 Version 5.0, Issued 2014","Routine Particle Size Distribution (3A1a1a)",0.3,0.0,86.0,5.0,9.0,,,1.6,3.4,12.4,46.8,21.8,4.6,0.4,"USDA NRCS Kellogg Soil Survey Laboratory",
"7da261cb-6ce1-4ffe-a06e-1d2c56312fff","JORN_006.basePlot.all","D14","JORN","JORN_006","S2016NM013004","2016-05-04","16N03791","Bk1","S2016NM013004-2","bulk",4.0,27.0,15.5,"2016-11-13","Kellogg Soil Survey Laboratory Methods Manual, Soil Survey Investigations Report No. 42 Version 5.0, Issued 2014","Routine Particle Size Distribution (3A1a1a)",0.0,13.8,88.5,6.0,5.5,0.0,,1.5,4.5,14.7,39.3,30.7,3.6,0.2,"USDA NRCS Kellogg Soil Survey Laboratory",
"f5958558-dbae-40cf-a9af-9d6da2755bec","JORN_005.basePlot.all","D14","JORN","JORN_005","S2016NM013005","2016-05-04","16N03796","Bk","S2016NM013005-4","bulk",58.0,90.0,74.0,"2016-11-13","Kellogg Soil Survey Laboratory Methods Manual, Soil Survey Investigations Report No. 42 Version 5.0, Issued 2014","Routine Particle Size Distribution (3A1a1a)",6.1,0.0,79.5,7.4,13.1,,,2.6,4.8,11.5,34.2,28.7,4.6,0.5,"USDA NRCS Kellogg Soil Survey Laboratory",
"60a56a62-2d0e-48d4-96fd-0de50d4e5d07","JORN_005.basePlot.all","D14","JORN","JORN_005","S2016NM013005","2016-05-04","16N03793","A","S2016NM013005-1","bulk",0.0,8.0,4.0,"2016-11-13","Kellogg Soil Survey Laboratory Methods Manual, Soil Survey Investigations Report No. 42 Version 5.0, Issued 2014","Routine Particle Size Distribution (3A1a1a)",0.3,0.7,86.1,7.3,6.6,,,1.6,5.7,15.7,40.5,26.4,3.3,0.2,"USDA NRCS Kellogg Soil Survey Laboratory",
"c939a416-fb4e-4f08-a28d-b77cfb5e08d1","JORN_005.basePlot.all","D14","JORN","JORN_005","S2016NM013005","2016-05-04","16N03795","Bw2","S2016NM013005-3","bulk",28.0,58.0,43.0,"2016-11-13","Kellogg Soil Survey Laboratory Methods Manual, Soil Survey Investigations Report No. 42 Version 5.0, Issued 2014","Routine Particle Size Distribution (3A1a1a)",0.0,0.0,81.2,6.2,12.6,,,1.7,4.5,12.0,35.7,29.2,3.5,0.8,"USDA NRCS Kellogg Soil Survey Laboratory",
"10c8117f-4cea-41e8-9f99-025d4dd1f748","JORN_005.basePlot.all","D14","JORN","JORN_005","S2016NM013005","2016-05-04","16N03794","Bw1","S2016NM013005-2","bulk",8.0,28.0,18.0,"2016-11-13","Kellogg Soil Survey Laboratory Methods Manual, Soil Survey Investigations Report No. 42 Version 5.0, Issued 2014","Routine Particle Size Distribution (3A1a1a)",0.0,0.0,83.7,7.3,9.0,,,1.9,5.4,15.0,41.4,24.2,2.8,0.3,"USDA NRCS Kellogg Soil Survey Laboratory",
"7edf59f1-264d-45f0-b9e4-cdf3efd1ddac","JORN_010.basePlot.all","D14","JORN","JORN_010","S2016NM013003","2016-05-04","16N03788","A","S2016NM013003-1","bulk",0.0,8.0,4.0,"2016-11-13","Kellogg Soil Survey Laboratory Methods Manual, Soil Survey Investigations Report No. 42 Version 5.0, Issued 2014","Routine Particle Size Distribution (3A1a1a)",0.0,0.0,89.9,5.0,5.1,,,1.7,3.3,13.5,50.7,20.6,4.7,0.4,"USDA NRCS Kellogg Soil Survey Laboratory",
"fc37751a-dfe1-4aab-9a86-bad00c5d2bb2","JORN_006.basePlot.all","D14","JORN","JORN_006","S2016NM013004","2016-05-04","16N03792","Bk2","S2016NM013004-3","bulk",27.0,64.0,45.5,"2016-11-13","Kellogg Soil Survey Laboratory Methods Manual, Soil Survey Investigations Report No. 42 Version 5.0, Issued 2014","Routine Particle Size Distribution (3A1a1a)",5.5,20.7,87.4,6.3,6.3,0.0,,1.4,4.9,15.9,41.3,27.0,3.0,0.2,"USDA NRCS Kellogg Soil Survey Laboratory",
"4cf7f0c2-0727-43e8-b1ba-03422da75c0c","JORN_006.basePlot.all","D14","JORN","JORN_006","S2016NM013004","2016-05-04","16N03790","A","S2016NM013004-1","bulk",0.0,4.0,2.0,"2016-11-13","Kellogg Soil Survey Laboratory Methods Manual, Soil Survey Investigations Report No. 42 Version 5.0, Issued 2014","Routine Particle Size Distribution (3A1a1a)",7.1,17.1,87.2,6.7,6.1,0.0,,1.9,4.8,15.1,40.2,28.3,3.3,0.3,"USDA NRCS Kellogg Soil Survey Laboratory",
"526ec951-90f4-41fa-b9dc-1217e97e8a4a","JORN_012.basePlot.all","D14","JORN","JORN_012","S2016NM013009","2016-05-05","16N03808","Bk2","S2016NM013009-3","bulk",59.0,100.0,79.5,"2016-11-15","Kellogg Soil Survey Laboratory Methods Manual, Soil Survey Investigations Report No. 42 Version 5.0, Issued 2014","Routine Particle Size Distribution (3A1a1a)",1.0,0.7,83.4,8.2,8.4,2.0,,2.4,5.8,12.4,39.4,27.0,4.1,0.5,"USDA NRCS Kellogg Soil Survey Laboratory",
"3cd4ad45-1323-4865-86a5-9c9ec1be53ee","JORN_023.basePlot.all","D14","JORN","JORN_023","S2016NM013008","2016-05-05","16N03805","Btk","S2016NM013008-4","bulk",46.0,152.0,99.0,"2016-11-15","Kellogg Soil Survey Laboratory Methods Manual, Soil Survey Investigations Report No. 42 Version 5.0, Issued 2014","Routine Particle Size Distribution (3A1a1a)",0.0,1.8,77.0,4.5,18.5,,,0.6,3.9,8.8,33.7,29.2,5.1,0.2,"USDA NRCS Kellogg Soil Survey Laboratory",
"3191b7a8-5e66-43e6-b11e-e4d2bb1cb7dc","JORN_029.basePlot.all","D14","JORN","JORN_029","S2016NM013010","2016-05-05","16N03811","Bk","S2016NM013010-3","bulk",34.0,70.0,52.0,"2016-11-15","Kellogg Soil Survey Laboratory Methods Manual, Soil Survey Investigations Report No. 42 Version 5.0, Issued 2014","Routine Particle Size Distribution (3A1a1a)",4.1,1.2,78.7,6.0,15.3,1.5,,1.5,4.5,8.7,31.7,31.4,6.6,0.3,"USDA NRCS Kellogg Soil Survey Laboratory",
"7f85e95a-f787-46fc-9e0d-49d9818b17b4","JORN_023.basePlot.all","D14","JORN","JORN_023","S2016NM013008","2016-05-05","16N03803","Bw1","S2016NM013008-2","bulk",5.0,20.0,12.5,"2016-11-15","Kellogg Soil Survey Laboratory Methods Manual, Soil Survey Investigations Report No. 42 Version 5.0, Issued 2014","Routine Particle Size Distribution (3A1a1a)",0.0,0.0,81.1,5.6,13.3,,,0.2,5.4,12.2,38.9,25.1,4.4,0.5,"USDA NRCS Kellogg Soil Survey Laboratory",
"046a16c6-40ee-47a5-b812-603c7306be60","JORN_029.basePlot.all","D14","JORN","JORN_029","S2016NM013010","2016-05-05","16N03809","C","S2016NM013010-1","bulk",0.0,8.0,4.0,"2016-11-15","Kellogg Soil Survey Laboratory Methods Manual, Soil Survey Investigations Report No. 42 Version 5.0, Issued 2014","Routine Particle Size Distribution (3A1a1a)",3.4,8.9,89.9,4.2,5.9,,,0.7,3.5,8.4,28.2,42.3,10.2,0.8,"USDA NRCS Kellogg Soil Survey Laboratory",
"71639df5-4cc5-43a3-a7e6-a9f4eccb82e6","JORN_023.basePlot.all","D14","JORN","JORN_023","S2016NM013008","2016-05-05","16N03804","Bw2","S2016NM013008-3","bulk",20.0,46.0,33.0,"2016-11-15","Kellogg Soil Survey Laboratory Methods Manual, Soil Survey Investigations Report No. 42 Version 5.0, Issued 2014","Routine Particle Size Distribution (3A1a1a)",0.0,0.0,83.2,5.7,11.1,,,0.6,5.1,10.0,40.5,27.2,5.3,0.2,"USDA NRCS Kellogg Soil Survey Laboratory",
"428c7357-3271-4760-a1aa-3c98580c0009","JORN_042.basePlot.all","D14","JORN","JORN_042","S2016NM013006","2016-05-05","16N03799","Bk2","S2016NM013006-3","bulk",58.0,100.0,79.0,"2016-11-15","Kellogg Soil Survey Laboratory Methods Manual, Soil Survey Investigations Report No. 42 Version 5.0, Issued 2014","Routine Particle Size Distribution (3A1a1a)",52.1,144.1,78.1,10.0,11.9,5.4,,3.0,7.0,14.3,34.3,23.8,4.9,0.8,"USDA NRCS Kellogg Soil Survey Laboratory",
"366a7124-351f-43fb-b90b-5f75ff95e5a2","JORN_042.basePlot.all","D14","JORN","JORN_042","S2016NM013006","2016-05-05","16N03798","Bk1","S2016NM013006-2","bulk",8.0,58.0,33.0,"2016-11-13","Kellogg Soil Survey Laboratory Methods Manual, Soil Survey Investigations Report No. 42 Version 5.0, Issued 2014","Routine Particle Size Distribution (3A1a1a)",0.0,0.0,87.1,7.0,5.9,0.0,,2.1,4.9,15.5,42.8,26.2,2.3,0.3,"USDA NRCS Kellogg Soil Survey Laboratory",
"cac80421-74f0-4aac-bfad-33fbe4a87f2c","JORN_023.basePlot.all","D14","JORN","JORN_023","S2016NM013008","2016-05-05","16N03802","A","S2016NM013008-1","bulk",0.0,5.0,2.5,"2016-11-15","Kellogg Soil Survey Laboratory Methods Manual, Soil Survey Investigations Report No. 42 Version 5.0, Issued 2014","Routine Particle Size Distribution (3A1a1a)",4.0,4.7,82.6,6.3,11.1,,,0.4,5.9,12.0,33.0,29.9,6.1,1.6,"USDA NRCS Kellogg Soil Survey Laboratory",
"299ab6b8-5931-4ecb-ad6f-e62e74c9bda0","JORN_044.basePlot.all","D14","JORN","JORN_044","S2016NM013007","2016-05-05","16N03801","Bk","S2016NM013007-2","bulk",4.0,40.0,22.0,"2016-11-15","Kellogg Soil Survey Laboratory Methods Manual, Soil Survey Investigations Report No. 42 Version 5.0, Issued 2014","Routine Particle Size Distribution (3A1a1a)",3.0,18.1,85.4,7.1,7.5,0.0,,1.3,5.8,16.1,41.0,24.0,4.0,0.3,"USDA NRCS Kellogg Soil Survey Laboratory",
"6525e689-7b8d-4a48-952d-1c5fea691b3f","JORN_012.basePlot.all","D14","JORN","JORN_012","S2016NM013009","2016-05-05","16N03806","C","S2016NM013009-1","bulk",0.0,7.0,3.5,"2016-11-15","Kellogg Soil Survey Laboratory Methods Manual, Soil Survey Investigations Report No. 42 Version 5.0, Issued 2014","Routine Particle Size Distribution (3A1a1a)",0.0,0.0,85.2,6.0,8.8,,,1.4,4.6,12.5,38.8,29.6,3.8,0.5,"USDA NRCS Kellogg Soil Survey Laboratory",
"66568b3f-6575-4158-a834-1340d174b22e","JORN_029.basePlot.all","D14","JORN","JORN_029","S2016NM013010","2016-05-05","16N03810","Bw","S2016NM013010-2","bulk",8.0,34.0,21.0,"2016-11-15","Kellogg Soil Survey Laboratory Methods Manual, Soil Survey Investigations Report No. 42 Version 5.0, Issued 2014","Routine Particle Size Distribution (3A1a1a)",3.0,0.6,83.3,5.1,11.6,,,1.1,4.0,9.1,34.1,33.6,5.7,0.8,"USDA NRCS Kellogg Soil Survey Laboratory",
"05e12b58-faf7-45a2-921f-7ccb5bc209b5","JORN_042.basePlot.all","D14","JORN","JORN_042","S2016NM013006","2016-05-05","16N03797","A","S2016NM013006-1","bulk",0.0,8.0,4.0,"2016-11-13","Kellogg Soil Survey Laboratory Methods Manual, Soil Survey Investigations Report No. 42 Version 5.0, Issued 2014","Routine Particle Size Distribution (3A1a1a)",3.9,15.2,88.8,6.1,5.1,0.0,,1.9,4.2,12.5,43.9,27.8,4.1,0.5,"USDA NRCS Kellogg Soil Survey Laboratory",
"61b9ba96-d4df-4fb9-a6ae-14c77a5ee2d7","JORN_044.basePlot.all","D14","JORN","JORN_044","S2016NM013007","2016-05-05","16N03800","A","S2016NM013007-1","bulk",0.0,4.0,2.0,"2016-11-15","Kellogg Soil Survey Laboratory Methods Manual, Soil Survey Investigations Report No. 42 Version 5.0, Issued 2014","Routine Particle Size Distribution (3A1a1a)",2.4,3.1,85.7,8.7,5.6,,,0.5,8.2,12.5,39.8,28.5,4.7,0.2,"USDA NRCS Kellogg Soil Survey Laboratory",
"399fe869-7552-4739-9636-d0716a05cb7f","JORN_012.basePlot.all","D14","JORN","JORN_012","S2016NM013009","2016-05-05","16N03807","Bk1","S2016NM013009-2","bulk",7.0,59.0,33.0,"2016-11-15","Kellogg Soil Survey Laboratory Methods Manual, Soil Survey Investigations Report No. 42 Version 5.0, Issued 2014","Routine Particle Size Distribution (3A1a1a)",0.0,0.0,85.7,5.6,8.7,,,1.5,4.1,10.9,38.9,30.6,5.0,0.3,"USDA NRCS Kellogg Soil Survey Laboratory",
"be0aeaaf-c8cd-46bb-8523-d436aaca1cfb","JORN_003.basePlot.all","D14","JORN","JORN_003","S2016NM013011","2016-05-10","16N03812","A","S2016NM013011-1","bulk",0.0,10.0,5.0,"2016-11-15","Kellogg Soil Survey Laboratory Methods Manual, Soil Survey Investigations Report No. 42 Version 5.0, Issued 2014","Routine Particle Size Distribution (3A1a1a)",3.4,6.8,87.8,6.8,5.4,0.0,,1.6,5.2,14.0,39.9,29.1,4.5,0.3,"USDA NRCS Kellogg Soil Survey Laboratory",
"ae7665aa-7850-437b-a5d1-828fb604fcd8","JORN_024.basePlot.all","D14","JORN","JORN_024","S2016NM013012","2016-05-10","16N03816","Bk1","S2016NM013012-2","bulk",6.0,30.0,18.0,"2016-11-15","Kellogg Soil Survey Laboratory Methods Manual, Soil Survey Investigations Report No. 42 Version 5.0, Issued 2014","Routine Particle Size Distribution (3A1a1a)",0.0,0.0,83.0,6.8,10.2,,,1.2,5.6,12.3,35.5,28.3,6.7,0.2,"USDA NRCS Kellogg Soil Survey Laboratory",
"92fd3981-a5d0-4b89-ad37-a62e8e03fd81","JORN_001.basePlot.all","D14","JORN","JORN_001","S2016NM013013","2016-05-10","16N03818","C","S2016NM013013-1","bulk",0.0,4.0,2.0,"2016-11-15","Kellogg Soil Survey Laboratory Methods Manual, Soil Survey Investigations Report No. 42 Version 5.0, Issued 2014","Routine Particle Size Distribution (3A1a1a)",4.6,0.0,87.7,4.5,7.8,,,0.7,3.8,10.4,29.0,39.9,7.5,0.9,"USDA NRCS Kellogg Soil Survey Laboratory",
"68260518-19b4-4286-9bd0-ab955d974c7d","JORN_011.basePlot.all","D14","JORN","JORN_011","S2016NM013014","2016-05-10","16N03821","Bw","S2016NM013014-2","bulk",6.0,40.0,23.0,"2016-11-15","Kellogg Soil Survey Laboratory Methods Manual, Soil Survey Investigations Report No. 42 Version 5.0, Issued 2014","Routine Particle Size Distribution (3A1a1a)",7.2,1.0,85.7,4.8,9.5,,,0.9,3.9,10.8,36.2,32.0,6.0,0.7,"USDA NRCS Kellogg Soil Survey Laboratory",
"0a27c395-496c-4ec9-93ad-d1dafa3edf8d","JORN_001.basePlot.all","D14","JORN","JORN_001","S2016NM013013","2016-05-10","16N03819","Bk","S2016NM013013-2","bulk",4.0,46.0,25.0,"2016-11-15","Kellogg Soil Survey Laboratory Methods Manual, Soil Survey Investigations Report No. 42 Version 5.0, Issued 2014","Routine Particle Size Distribution (3A1a1a)",0.0,0.0,76.7,7.8,15.5,,,1.7,6.1,12.1,31.0,27.8,5.2,0.6,"USDA NRCS Kellogg Soil Survey Laboratory",
"9b3834ba-8702-4f9b-b293-c7de73192af4","JORN_024.basePlot.all","D14","JORN","JORN_024","S2016NM013012","2016-05-10","16N03817","Bk2","S2016NM013012-3","bulk",30.0,84.0,57.0,"2016-11-15","Kellogg Soil Survey Laboratory Methods Manual, Soil Survey Investigations Report No. 42 Version 5.0, Issued 2014","Routine Particle Size Distribution (3A1a1a)",,,82.2,7.2,10.6,,,2.2,5.0,13.1,32.3,28.5,7.3,1.0,"USDA NRCS Kellogg Soil Survey Laboratory",
"4f027396-bf81-4e53-9f0b-42f7bb1f292d","JORN_003.basePlot.all","D14","JORN","JORN_003","S2016NM013011","2016-05-10","16N03813","Bk1","S2016NM013011-2","bulk",10.0,30.0,20.0,"2016-11-20","Kellogg Soil Survey Laboratory Methods Manual, Soil Survey Investigations Report No. 42 Version 5.0, Issued 2014","Routine Particle Size Distribution (3A1a1a)",3.5,16.7,86.3,7.6,6.1,0.0,,1.9,5.7,14.3,38.2,28.3,5.2,0.3,"USDA NRCS Kellogg Soil Survey Laboratory",
"2031161f-c90d-4ef1-a5e1-16392520522e","JORN_011.basePlot.all","D14","JORN","JORN_011","S2016NM013014","2016-05-10","16N03822","Bk","S2016NM013014-3","bulk",40.0,100.0,70.0,"2016-11-15","Kellogg Soil Survey Laboratory Methods Manual, Soil Survey Investigations Report No. 42 Version 5.0, Issued 2014","Routine Particle Size Distribution (3A1a1a)",16.6,13.0,81.8,6.7,11.5,1.5,,3.0,3.7,12.1,34.3,28.5,5.9,1.0,"USDA NRCS Kellogg Soil Survey Laboratory",
"059e0559-1d93-4286-96ab-4095d66fb9db","JORN_011.basePlot.all","D14","JORN","JORN_011","S2016NM013014","2016-05-10","16N03820","C","S2016NM013014-1","bulk",0.0,6.0,3.0,"2016-11-15","Kellogg Soil Survey Laboratory Methods Manual, Soil Survey Investigations Report No. 42 Version 5.0, Issued 2014","Routine Particle Size Distribution (3A1a1a)",14.3,18.2,87.1,4.4,8.5,,,0.4,4.0,8.7,34.4,33.5,8.8,1.7,"USDA NRCS Kellogg Soil Survey Laboratory",
"b3a536a9-70d1-402c-9b9f-1c8982c205ca","JORN_003.basePlot.all","D14","JORN","JORN_003","S2016NM013011","2016-05-10","16N03814","Bk2","S2016NM013011-3","bulk",30.0,80.0,55.0,"2016-11-15","Kellogg Soil Survey Laboratory Methods Manual, Soil Survey Investigations Report No. 42 Version 5.0, Issued 2014","Routine Particle Size Distribution (3A1a1a)",5.8,12.3,86.8,6.8,6.4,1.2,,1.7,5.1,13.6,36.4,33.2,3.2,0.4,"USDA NRCS Kellogg Soil Survey Laboratory",
"7368ea26-5543-48dc-8a5c-de360c4ca902","JORN_024.basePlot.all","D14","JORN","JORN_024","S2016NM013012","2016-05-10","16N03815","C","S2016NM013012-1","bulk",0.0,6.0,3.0,"2016-11-15","Kellogg Soil Survey Laboratory Methods Manual, Soil Survey Investigations Report No. 42 Version 5.0, Issued 2014","Routine Particle Size Distribution (3A1a1a)",0.0,0.0,84.2,8.2,7.6,,,1.7,6.5,16.4,36.7,25.6,5.3,0.2,"USDA NRCS Kellogg Soil Survey Laboratory",
"e7ec09e8-8ee2-4150-bf83-b6b519d8c760","JORN_016.basePlot.all","D14","JORN","JORN_016","S2016NM013015","2016-05-11","16N03824","Bw","S2016NM013015-2","bulk",5.0,44.0,24.5,"2016-11-15","Kellogg Soil Survey Laboratory Methods Manual, Soil Survey Investigations Report No. 42 Version 5.0, Issued 2014","Routine Particle Size Distribution (3A1a1a)",0.6,2.4,87.6,5.4,7.0,,,2.0,3.4,12.7,36.9,30.7,7.0,0.3,"USDA NRCS Kellogg Soil Survey Laboratory",
"bf7e2534-b643-4d6d-a493-06d9cc24db2b","JORN_016.basePlot.all","D14","JORN","JORN_016","S2016NM013015","2016-05-11","16N03823","C","S2016NM013015-1","bulk",0.0,5.0,2.5,"2016-11-15","Kellogg Soil Survey Laboratory Methods Manual, Soil Survey Investigations Report No. 42 Version 5.0, Issued 2014","Routine Particle Size Distribution (3A1a1a)",1.7,6.9,88.4,5.6,6.0,,,2.3,3.3,11.3,37.1,31.5,8.4,0.1,"USDA NRCS Kellogg Soil Survey Laboratory",
