uid,namedLocation,domainID,siteID,plotID,pitID,collectDate,testProtocolVersion,nrcsDescriptionID,horizonID,horizonName,horizonTopDepth,horizonBottomDepth,remarks,dataQF
"2b7b77c1-4263-4ba2-ab6c-a38410930d09","JORN_030.basePlot.all","D14","JORN","JORN_030","1139253","2016-05-03","Field Book for Describing and Sampling Soils ver3","S2016NM013001","16N03782","A",0,13,,
"244218cd-e6bb-4ec5-a3a8-39eeb3c75071","JORN_030.basePlot.all","D14","JORN","JORN_030","1139253","2016-05-03","Field Book for Describing and Sampling Soils ver3","S2016NM013001","16N03784","Bk",41,58,,
"92cb1084-ad10-458c-b954-ffeba1350834","JORN_007.basePlot.all","D14","JORN","JORN_007","1139252","2016-05-03","Field Book for Describing and Sampling Soils ver3","S2016NM013016","16N03827","2Bw2",16,46,,
"1beb38ba-9ca5-434c-83f0-f0290ee271d5","JORN_030.basePlot.all","D14","JORN","JORN_030","1139253","2016-05-03","Field Book for Describing and Sampling Soils ver3","S2016NM013001","16N03783","Bw",13,41,,
"e9b902c6-d4b6-4f93-9b03-3202a2f68c01","JORN_018.basePlot.all","D14","JORN","JORN_018","1139254","2016-05-03","Field Book for Describing and Sampling Soils ver3","S2016NM013002","16N03787","Bk",40,100,,
"6ee30907-5626-45dc-8047-b898af20dea4","JORN_018.basePlot.all","D14","JORN","JORN_018","1139254","2016-05-03","Field Book for Describing and Sampling Soils ver3","S2016NM013002","16N03785","A",0,15,,
"9736591f-5bb5-4ad9-bd5d-705420618d97","JORN_007.basePlot.all","D14","JORN","JORN_007","1139252","2016-05-03","Field Book for Describing and Sampling Soils ver3","S2016NM013016","16N03826","2Bw1",8,16,,
"a7be93b6-769e-4853-900d-c2337154b25a","JORN_007.basePlot.all","D14","JORN","JORN_007","1139252","2016-05-03","Field Book for Describing and Sampling Soils ver3","S2016NM013016","16N03825","C",0,8,,
"bcfa10cd-9e95-4667-9b80-a83c57a2c122","JORN_018.basePlot.all","D14","JORN","JORN_018","1139254","2016-05-03","Field Book for Describing and Sampling Soils ver3","S2016NM013002","16N03786","Bw",15,40,,
"041e1584-47ee-4f8d-a6b8-745590178a0e","JORN_007.basePlot.all","D14","JORN","JORN_007","1139252","2016-05-03","Field Book for Describing and Sampling Soils ver3","S2016NM013016","16N03828","2Bt",46,100,,
"19f4be45-577c-4cfa-8288-995589944495","JORN_030.basePlot.all","D14","JORN","JORN_030","1139253","2016-05-03","Field Book for Describing and Sampling Soils ver3","S2016NM013001","5877873","Bkkm",58,100,,
"52f963c3-803e-4077-ac33-8b96826b8711","JORN_005.basePlot.all","D14","JORN","JORN_005","1139257","2016-05-04","Field Book for Describing and Sampling Soils ver3","S2016NM013005","16N03794","Bw1",8,28,,
"d3649efb-b238-4bbb-8f5b-f69f653fc808","JORN_006.basePlot.all","D14","JORN","JORN_006","1139256","2016-05-04","Field Book for Describing and Sampling Soils ver3","S2016NM013004","16N03791","Bk1",4,27,,
"e3fc1c2b-bc3f-440f-b3ab-2c3ba851f52a","JORN_010.basePlot.all","D14","JORN","JORN_010","1139255","2016-05-04","Field Book for Describing and Sampling Soils ver3","S2016NM013003","16N03789","Bw",8,34,,
"5d5c93ac-2b77-4bcc-864f-ef769a566ac2","JORN_005.basePlot.all","D14","JORN","JORN_005","1139257","2016-05-04","Field Book for Describing and Sampling Soils ver3","S2016NM013005","16N03793","A",0,8,,
"99107123-74a9-4fe7-9391-1d6c1adbbddd","JORN_006.basePlot.all","D14","JORN","JORN_006","1139256","2016-05-04","Field Book for Describing and Sampling Soils ver3","S2016NM013004","16N03790","A",0,4,,
"a7fd6b14-99f9-4a8f-a5af-47c19dc77bce","JORN_005.basePlot.all","D14","JORN","JORN_005","1139257","2016-05-04","Field Book for Describing and Sampling Soils ver3","S2016NM013005","5877888","Bkkm",90,115,,
"89fdd1c9-34b4-4ef8-ba07-73349d0177dc","JORN_005.basePlot.all","D14","JORN","JORN_005","1139257","2016-05-04","Field Book for Describing and Sampling Soils ver3","S2016NM013005","16N03796","Bk",58,90,,
"5fd7b42c-8782-4efd-bf64-f07c4490e521","JORN_005.basePlot.all","D14","JORN","JORN_005","1139257","2016-05-04","Field Book for Describing and Sampling Soils ver3","S2016NM013005","16N03795","Bw2",28,58,,
"a0c906d0-45ff-4fec-b981-45507e597b76","JORN_006.basePlot.all","D14","JORN","JORN_006","1139256","2016-05-04","Field Book for Describing and Sampling Soils ver3","S2016NM013004","5877883","Bkkm",64,89,,
"911c1f2f-c247-4b0a-a7e1-dbe792776e3e","JORN_010.basePlot.all","D14","JORN","JORN_010","1139255","2016-05-04","Field Book for Describing and Sampling Soils ver3","S2016NM013003","5877879","Bkkm",34,100,,
"57d11f7e-2b25-431c-b64c-27379cfa7545","JORN_006.basePlot.all","D14","JORN","JORN_006","1139256","2016-05-04","Field Book for Describing and Sampling Soils ver3","S2016NM013004","16N03792","Bk2",27,64,,
"14f0d187-ae71-42eb-8985-7f8baa83372d","JORN_010.basePlot.all","D14","JORN","JORN_010","1139255","2016-05-04","Field Book for Describing and Sampling Soils ver3","S2016NM013003","16N03788","A",0,8,,
"3ac9d235-4f7c-4dc9-b860-a6cd26809c9d","JORN_044.basePlot.all","D14","JORN","JORN_044","1139259","2016-05-05","Field Book for Describing and Sampling Soils ver3","S2016NM013007","16N03801","Bk",4,40,,
"e98c1ced-1f44-4df7-bdc6-3900a85af534","JORN_023.basePlot.all","D14","JORN","JORN_023","1139260","2016-05-05","Field Book for Describing and Sampling Soils ver3","S2016NM013008","16N03805","Btk",46,100,,
"4f0ffcd9-d20e-4e20-b2b1-21a29abe80ed","JORN_042.basePlot.all","D14","JORN","JORN_042","1139258","2016-05-05","Field Book for Describing and Sampling Soils ver3","S2016NM013006","16N03798","Bk1",8,58,,
"ad35903e-1603-4857-a649-7b1101fc840e","JORN_042.basePlot.all","D14","JORN","JORN_042","1139258","2016-05-05","Field Book for Describing and Sampling Soils ver3","S2016NM013006","16N03797","A",0,8,,
"aa737aa6-d73f-4184-a8bc-2f96fe2b58d8","JORN_012.basePlot.all","D14","JORN","JORN_012","1139261","2016-05-05","Field Book for Describing and Sampling Soils ver3","S2016NM013009","16N03807","Bk1",7,59,,
"6e1132cd-69e0-4d2e-8681-b00afdbaec81","JORN_012.basePlot.all","D14","JORN","JORN_012","1139261","2016-05-05","Field Book for Describing and Sampling Soils ver3","S2016NM013009","16N03806","C",0,7,,
"743a0bc2-8a98-4573-8e89-e89a24340f90","JORN_044.basePlot.all","D14","JORN","JORN_044","1139259","2016-05-05","Field Book for Describing and Sampling Soils ver3","S2016NM013007","16N03800","A",0,4,,
"0bbffccf-fb75-429c-a72e-83b41047dd86","JORN_029.basePlot.all","D14","JORN","JORN_029","1139262","2016-05-05","Field Book for Describing and Sampling Soils ver3","S2016NM013010","16N03810","Bw",8,34,,
"05fa2254-b50b-4d36-aaf5-30d9ffbdbc1e","JORN_042.basePlot.all","D14","JORN","JORN_042","1139258","2016-05-05","Field Book for Describing and Sampling Soils ver3","S2016NM013006","16N03799","Bk2",58,100,,
"0c5f4769-94fa-4d3b-b41f-361e27788f7b","JORN_023.basePlot.all","D14","JORN","JORN_023","1139260","2016-05-05","Field Book for Describing and Sampling Soils ver3","S2016NM013008","16N03803","Bw1",5,20,,
"b3723e7b-e03b-48e8-85f2-9a9eb41c5916","JORN_029.basePlot.all","D14","JORN","JORN_029","1139262","2016-05-05","Field Book for Describing and Sampling Soils ver3","S2016NM013010","16N03809","C",0,8,,
"a676257c-0200-4a90-a475-41566711edf8","JORN_023.basePlot.all","D14","JORN","JORN_023","1139260","2016-05-05","Field Book for Describing and Sampling Soils ver3","S2016NM013008","16N03804","Bw2",20,46,,
"e7b0e1e4-ac54-4e79-9303-506fdb0b55f6","JORN_044.basePlot.all","D14","JORN","JORN_044","1139259","2016-05-05","Field Book for Describing and Sampling Soils ver3","S2016NM013007","5877894","Bkkm",40,65,,
"e10d2828-0f61-40eb-a567-e7b45e85b3da","JORN_029.basePlot.all","D14","JORN","JORN_029","1139262","2016-05-05","Field Book for Describing and Sampling Soils ver3","S2016NM013010","16N03811","Bk",34,70,,
"3896867a-f7ba-4925-950c-0d4df08fea31","JORN_029.basePlot.all","D14","JORN","JORN_029","1139262","2016-05-05","Field Book for Describing and Sampling Soils ver3","S2016NM013010","5877905","Bkkm",70,95,,
"16e2f909-cf22-4425-95c1-33223897a52e","JORN_023.basePlot.all","D14","JORN","JORN_023","1139260","2016-05-05","Field Book for Describing and Sampling Soils ver3","S2016NM013008","16N03802","A",0,5,,
"571c9529-e3e3-4562-b8d3-498bbb989e03","JORN_012.basePlot.all","D14","JORN","JORN_012","1139261","2016-05-05","Field Book for Describing and Sampling Soils ver3","S2016NM013009","16N03808","Bk2",59,100,,
"ec212a59-0b43-41cf-a0fa-2639dc9be347","JORN_001.basePlot.all","D14","JORN","JORN_001","1139265","2016-05-10","Field Book for Describing and Sampling Soils ver3","S2016NM013013","16N03818","C",0,4,,
"7570e728-9c7f-48a0-8ea1-7fe242ac1ec9","JORN_003.basePlot.all","D14","JORN","JORN_003","1139263","2016-05-10","Field Book for Describing and Sampling Soils ver3","S2016NM013011","5877909","Bkkm",80,105,,
"dde7469d-1201-4087-b784-103376f07e8b","JORN_024.basePlot.all","D14","JORN","JORN_024","1139264","2016-05-10","Field Book for Describing and Sampling Soils ver3","S2016NM013012","16N03815","C",0,6,,
"47e3eedd-f9ce-4a9a-8303-5bdad2a9d633","JORN_003.basePlot.all","D14","JORN","JORN_003","1139263","2016-05-10","Field Book for Describing and Sampling Soils ver3","S2016NM013011","16N03814","Bk2",30,80,,
"c3b63f61-0b15-44ed-8e63-64f6e5eab9d3","JORN_024.basePlot.all","D14","JORN","JORN_024","1139264","2016-05-10","Field Book for Describing and Sampling Soils ver3","S2016NM013012","16N03816","Bw",6,30,,
"0a2b4766-24e5-4e6a-823f-19e73bc26563","JORN_011.basePlot.all","D14","JORN","JORN_011","1139266","2016-05-10","Field Book for Describing and Sampling Soils ver3","S2016NM013014","16N03820","C",0,6,,
"8e259a30-085a-4b86-8788-2b08ebf730b9","JORN_011.basePlot.all","D14","JORN","JORN_011","1139266","2016-05-10","Field Book for Describing and Sampling Soils ver3","S2016NM013014","16N03822","Bk",40,100,,
"6eae1d18-f005-4a53-b5e6-2c07db8fcc2d","JORN_003.basePlot.all","D14","JORN","JORN_003","1139263","2016-05-10","Field Book for Describing and Sampling Soils ver3","S2016NM013011","16N03813","Bk1",10,30,,
"7ec71503-a5b6-4942-bf49-69fca63233d7","JORN_024.basePlot.all","D14","JORN","JORN_024","1139264","2016-05-10","Field Book for Describing and Sampling Soils ver3","S2016NM013012","5877913","Bkkm",84,109,,
"c9a80152-043f-4324-a807-ecd2c8da3954","JORN_001.basePlot.all","D14","JORN","JORN_001","1139265","2016-05-10","Field Book for Describing and Sampling Soils ver3","S2016NM013013","5877916","Bkkm",46,71,,
"ce3a8946-59bf-4436-acc2-d24a3cb44572","JORN_011.basePlot.all","D14","JORN","JORN_011","1139266","2016-05-10","Field Book for Describing and Sampling Soils ver3","S2016NM013014","16N03821","Bk",6,40,,
"9af31492-e3a5-4fda-af6d-76a4c26dd0ac","JORN_003.basePlot.all","D14","JORN","JORN_003","1139263","2016-05-10","Field Book for Describing and Sampling Soils ver3","S2016NM013011","16N03812","A",0,10,,
"93740e9b-ffb7-47f5-bdc5-967214ce7d7c","JORN_001.basePlot.all","D14","JORN","JORN_001","1139265","2016-05-10","Field Book for Describing and Sampling Soils ver3","S2016NM013013","16N03819","Bk",4,46,,
"308ef4bc-648f-4c8a-a421-b90319223af1","JORN_024.basePlot.all","D14","JORN","JORN_024","1139264","2016-05-10","Field Book for Describing and Sampling Soils ver3","S2016NM013012","16N03817","Bk",30,84,,
"0543acc6-2704-4b9f-8c01-b138cb34411f","JORN_016.basePlot.all","D14","JORN","JORN_016","1139267","2016-05-11","Field Book for Describing and Sampling Soils ver3","S2016NM013015","16N03824","Bw",5,44,,
"9e453ada-3f64-42a4-ac72-eb9bf4339860","JORN_016.basePlot.all","D14","JORN","JORN_016","1139267","2016-05-11","Field Book for Describing and Sampling Soils ver3","S2016NM013015","16N03823","C",0,5,,
"dae14660-938d-4d8d-ad86-ba35ad8169cd","JORN_016.basePlot.all","D14","JORN","JORN_016","1139267","2016-05-11","Field Book for Describing and Sampling Soils ver3","S2016NM013015","5877922","Bkkm",44,69,,
