uid,domainID,siteID,plotID,namedLocation,plotType,nlcdClass,geodeticDatum,decimalLatitude,decimalLongitude,coordinateUncertainty,elevation,elevationUncertainty,collectDate,referenceCorner,sampleDistance,sampleBearing,pitID,testProtocolVersion,soilSamplingMethod,sampleRelativeLocation,pitDepth,recordedByA,soilProfileDescriberA,soilProfileDescriberInst,nrcsDescriptionID,soilSeries,soilFamily,soilSubgroup,soilGreatGroup,soilSuborder,soilOrder,remarks,dataQF
"b8db428e-2a52-4e95-91f8-c40091565122","D14","JORN","JORN_018","JORN_018.basePlot.all","distributed","shrubScrub","WGS84",32.620814,-106.844913,20.1,1322.8,0.1,"2016-05-03","SW40",0.9,50,"1139254","Field Book for Describing and Sampling Soils ver3","soil pit","Center of pit",100,"7H9Gf0rM2ZMRyMs8ljyMeg==","OIl0pIUFeJV1n2L7ctmmcg==","Natural Resource Conservation Service","S2016NM013002","Pajarito","Coarse-loamy, mixed, superactive, thermic Typic Haplocambids","typic haplocambids","haplocambids","cambids","aridisols","From the SW corner coordinate 32.620631, -106.845122, the pit centroid is 8.6m east northeast (50 degrees)",
"7371c939-6c5d-47c0-a1a8-ef0adefad2de","D14","JORN","JORN_030","JORN_030.basePlot.all","distributed","shrubScrub","WGS84",32.599449,-106.859794,20.1,1330.3,0.1,"2016-05-03","SW40",0.4,300,"1139253","Field Book for Describing and Sampling Soils ver3","soil pit","Center of pit",100,"SQIbXOPl24svuY4uRId/nA==","0b/5w/fXPrlmMPKtGYy8YA==","Natural Resource Conservation Service","S2016NM013001","Harrisburg","Coarse-loamy, mixed, superactive, thermic Typic Petrocalcids","typic petrocalcids","petrocalcids","calcids","aridisols","From the SE corner coordinate (???), the pit centroid is 4.2m west northwest (300 degrees)",
"766913ae-cc0a-4365-870c-4a94d75a5ffe","D14","JORN","JORN_007","JORN_007.basePlot.all","distributed","shrubScrub","WGS84",32.607919,-106.856765,20.1,1323.5,0.1,"2016-05-03","SW40",0.7,55,"1139252","Field Book for Describing and Sampling Soils ver3","soil pit","Center of pit",100,"SQIbXOPl24svuY4uRId/nA==","0b/5w/fXPrlmMPKtGYy8YA==","Natural Resource Conservation Service","S2016NM013016","Bucklebar","Fine-loamy, mixed, superactive, thermic Typic Haplargids","typic haplargids","haplargids","argids","aridisols","From the SW corner coordinate 32.607736, -106.856974, the pit centroid is 6.6m east northeast (55 degrees)",
"902abade-22ff-477e-8854-d71cb14879ca","D14","JORN","JORN_005","JORN_005.basePlot.all","distributed","shrubScrub","WGS84",32.575696,-106.803388,20.1,1323.5,0.1,"2016-05-04","SW40",0.9,60,"1139257","Field Book for Describing and Sampling Soils ver3","soil pit","Center of pit",115,"SQIbXOPl24svuY4uRId/nA==","OIl0pIUFeJV1n2L7ctmmcg==","Natural Resource Conservation Service","S2016NM013005","Atoka","Fine-loamy, mixed, superactive, thermic Typic Petrocalcids","typic petrocalcids","petrocalcids","calcids","aridisols","From the SW corner coordinate 32.575512, -106.803598, the pit centroid is 9.3m east northeast (60 degrees)",
"b345204c-d015-4275-904b-76ab0a340fb9","D14","JORN","JORN_010","JORN_010.basePlot.all","distributed","shrubScrub","WGS84",32.628336,-106.847936,20.1,1331.7,0.2,"2016-05-04","SW40",0.6,40,"1139255","Field Book for Describing and Sampling Soils ver3","soil pit","Center of pit",100,"7H9Gf0rM2ZMRyMs8ljyMeg==","OIl0pIUFeJV1n2L7ctmmcg==","Natural Resource Conservation Service","S2016NM013003","Harrisburg","Coarse-loamy, mixed, superactive, thermic, shallow Typic Petrocalcids","typic petrocalcids","petrocalcids","calcids","aridisols","From the SW corner coordinate 32.628153, -106.848146, the pit centroid is 6.2m north northeast (40 degrees)",
"13ee7181-5742-4393-9fd8-56696af26fbc","D14","JORN","JORN_006","JORN_006.basePlot.all","distributed","shrubScrub","WGS84",32.590562,-106.824460,20.1,1323.2,0.1,"2016-05-04","SW40",0.8,40,"1139256","Field Book for Describing and Sampling Soils ver3","soil pit","Center of pit",89,"SQIbXOPl24svuY4uRId/nA==","OIl0pIUFeJV1n2L7ctmmcg==","Natural Resource Conservation Service","S2016NM013004","Nations","Coarse-loamy, mixed, superactive, thermic Calcic Petrocalcids","calcic petrocalcids","petrocalcids","calcids","aridisols","From the SW corner coordinate 32.590379, -106.824669, the pit centroid is 7.5m north northeast (40 degrees)",
"126b2bcf-a3ec-4e76-9b03-bfcb6b659086","D14","JORN","JORN_042","JORN_042.basePlot.all","tower","shrubScrub","WGS84",32.590028,-106.840435,20.1,1320.0,0.1,"2016-05-05","SW40",0.6,65,"1139258","Field Book for Describing and Sampling Soils ver3","soil core","Center of pit",100,"SQIbXOPl24svuY4uRId/nA==","0b/5w/fXPrlmMPKtGYy8YA==","Natural Resource Conservation Service","S2016NM013006","Wink","Coarse-loamy, mixed, superactive, thermic Typic Haplocalcids","typic haplocalcids","haplocalcids","calcids","aridisols","From the SW corner coordinate 32.589844, -106.840644, the core centroid is 5.8m east northeast(65 degrees)",
"b29b6d6d-dc5c-4344-9318-0f40fe4e3036","D14","JORN","JORN_029","JORN_029.basePlot.all","distributed","shrubScrub","WGS84",32.615142,-106.807040,20.1,1327.0,0.1,"2016-05-05","SW40",0.6,20,"1139262","Field Book for Describing and Sampling Soils ver3","soil pit","Center of pit",95,"SQIbXOPl24svuY4uRId/nA==","OIl0pIUFeJV1n2L7ctmmcg==","Natural Resource Conservation Service","S2016NM013010","Calcic Petrocalcids","Fine-loamy, mixed, superactive, thermic Calcic Petrocalcids","calcic petrocalcids","petrocalcids","calcids","aridisols","From the SW corner coordinate 32.614958, -106.807249, the pit centroid is 6.1m north northeast (20 degrees)",
"28d1246a-346d-4f0e-9f4a-7c944fcc9134","D14","JORN","JORN_012","JORN_012.basePlot.all","distributed","shrubScrub","WGS84",32.617485,-106.814110,20.1,1328.4,0.1,"2016-05-05","SW40",0.8,50,"1139261","Field Book for Describing and Sampling Soils ver3","soil pit","Center of pit",100,"SQIbXOPl24svuY4uRId/nA==","0b/5w/fXPrlmMPKtGYy8YA==","Natural Resource Conservation Service","S2016NM013009","Wink","Coarse-loamy, mixed, superactive, thermic Typic Haplocalcids","typic haplocalcids","haplocalcids","calcids","aridisols","From the SW corner coordinate 32.617302, -106.814320, the pit centroid is 7.5m east northeast (50 degrees)",
"5046130c-c11b-4576-8aff-3e6d6391802b","D14","JORN","JORN_044","JORN_044.basePlot.all","tower","shrubScrub","WGS84",32.589481,-106.841383,20.1,1323.2,0.2,"2016-05-05","SW40",0.9,50,"1139259","Field Book for Describing and Sampling Soils ver3","soil core","Center of pit",65,"SQIbXOPl24svuY4uRId/nA==","0b/5w/fXPrlmMPKtGYy8YA==","Natural Resource Conservation Service","S2016NM013007","Simona","Loamy, mixed, superactive, thermic, shallow Typic Petrocalcids","typic petrocalcids","petrocalcids","calcids","aridisols","From the SW corner coordinate 32.589298, -106.841593, the core centroid is 8.5m east northeast(50 degrees)",
"52f70e03-bece-4867-afc4-110a7f99f5ca","D14","JORN","JORN_023","JORN_023.basePlot.all","distributed","shrubScrub","WGS84",32.622325,-106.816156,20.1,1328.8,0.1,"2016-05-05","SW40",0.9,40,"1139260","Field Book for Describing and Sampling Soils ver3","soil pit","Center of pit",100,"SQIbXOPl24svuY4uRId/nA==","OIl0pIUFeJV1n2L7ctmmcg==","Natural Resource Conservation Service","S2016NM013008","Berino","Fine-loamy, mixed, superactive, thermic Typic Calciargids","typic calciargids","calciargids","argids","aridisols","From the SW corner coordinate 32.622142, -106.816366, the pit centroid is 9.4m north northeast (40 degrees)",
"34f91e63-168c-41ef-80e0-f8255e403e33","D14","JORN","JORN_003","JORN_003.basePlot.all","distributed","shrubScrub","WGS84",32.600614,-106.838099,20.1,1321.1,0.1,"2016-05-10","SW40",0.6,56,"1139263","Field Book for Describing and Sampling Soils ver3","soil pit","Center of pit",105,"SQIbXOPl24svuY4uRId/nA==","OIl0pIUFeJV1n2L7ctmmcg==","Natural Resource Conservation Service","S2016NM013011","Nations","Coarse-loamy, mixed, superactive, thermic Typic Petrocalcids","typic petrocalcids","petrocalcids","calcids","aridisols","From the SW corner coordinate 32.600431, -106.838309, the pit centroid is 6.2m east northeast (66 degrees)",
"34edaa11-73b2-447e-bffb-0408f3f6dcc6","D14","JORN","JORN_024","JORN_024.basePlot.all","distributed","shrubScrub","WGS84",32.601842,-106.828499,20.1,1323.9,0.1,"2016-05-10","SW40",0.4,32,"1139264","Field Book for Describing and Sampling Soils ver3","soil pit","Center of pit",109,"SQIbXOPl24svuY4uRId/nA==","OIl0pIUFeJV1n2L7ctmmcg==","Natural Resource Conservation Service","S2016NM013012","Nations","Coarse-loamy, mixed, superactive, thermic Typic Petrocalcids","typic petrocalcids","petrocalcids","calcids","aridisols","From the SW corner coordinate 32.601658, -106.828708, the pit centroid is 4.4m north northeast (32 degrees)",
"ea33f324-3ee4-4ec1-b838-76740d80d323","D14","JORN","JORN_001","JORN_001.basePlot.all","distributed","shrubScrub","WGS84",32.604930,-106.802046,20.1,1323.4,0.1,"2016-05-10","SW40",0.4,45,"1139265","Field Book for Describing and Sampling Soils ver3","soil pit","Center of pit",71,"SQIbXOPl24svuY4uRId/nA==","OIl0pIUFeJV1n2L7ctmmcg==","Natural Resource Conservation Service","S2016NM013013","Typic Petrocalcids","Fine-loamy, mixed, superactive, thermic Typic Petrocalcids","typic petrocalcids","petrocalcids","calcids","aridisols","From the SW corner coordinate 32.604746, -106.802255, the pit centroid is 3.8m northeast (45 degrees)",
"67c592f3-e962-4555-a8b7-d589bd3bee6e","D14","JORN","JORN_011","JORN_011.basePlot.all","distributed","shrubScrub","WGS84",32.606695,-106.793774,20.1,1325.4,0.1,"2016-05-10","SW40",0.6,65,"1139266","Field Book for Describing and Sampling Soils ver3","soil pit","Center of pit",100,"SQIbXOPl24svuY4uRId/nA==","OIl0pIUFeJV1n2L7ctmmcg==","Natural Resource Conservation Service","S2016NM013014","Pajarito","Coarse-loamy, mixed, superactive, thermic Typic Haplocambids","typic haplocambids","haplocambids","cambids","aridisols","From the SW corner coordinate 32.606511, -106.793984, the pit centroid is 6.1m east northeast (65 degrees)",
"a53842c0-c876-4385-b14a-cf5276cef10f","D14","JORN","JORN_016","JORN_016.basePlot.all","distributed","shrubScrub","WGS84",32.595944,-106.806665,20.1,1325.5,0.1,"2016-05-11","SW40",0.2,50,"1139267","Field Book for Describing and Sampling Soils ver3","soil pit","Center of pit",69,"SQIbXOPl24svuY4uRId/nA==","0b/5w/fXPrlmMPKtGYy8YA==","Natural Resource Conservation Service","S2016NM013015","Simona","Loamy, mixed, superactive, thermic, shallow Typic Petrocalcids","typic petrocalcids","petrocalcids","calcids","aridisols","From the SW corner coordinate 32.595761, -106.806875, the pit centroid is 2.4m east northeast (50 degrees)",
