uid,domainID,siteID,pitNamedLocation,pitID,horizonID,horizonName,setDate,collectDate,horizonTopDepth,horizonBottomDepth,nrcsDescriptionID,remarks
"9e0b0117-3b38-4668-a707-9829a3d92974","D07","GRSM","MEGAPT100971","D07_GRSM_PIT1","7_GSMNP_PIT1_BW","Bw","2015-04-20","2015-04-20",32.0,58.0,"S2015TN155400",
"5a2371b9-d6a8-451e-a52f-02bbeb7eddc2","D07","GRSM","MEGAPT100971","D07_GRSM_PIT1","7_GSMNP_PIT1_C","C","2015-04-20","2015-04-20",58.0,100.0,"S2015TN155400",
"1ade3700-bf2d-4fef-aad0-825f23b2ae0b","D07","GRSM","MEGAPT100971","D07_GRSM_PIT1","7_GSMNP_PIT1_BW2","Bw2","2015-04-20","2015-04-20",140.0,206.0,"S2015TN155400",
"acbc496f-deb9-4990-ae91-bb333e7d250a","D07","GRSM","MEGAPT100971","D07_GRSM_PIT1","7_GSMNP_PIT1_A2","A2","2015-04-20","2015-04-20",21.0,32.0,"S2015TN155400",
"70385eed-35c7-4065-b368-6c3459831473","D07","GRSM","MEGAPT100971","D07_GRSM_PIT1","7_GSMNP_PIT1_BW1","Bw1","2015-04-20","2015-04-20",100.0,140.0,"S2015TN155400",
"4549e5c8-46b1-41ca-800d-e62f1a60743f","D07","GRSM","MEGAPT100971","D07_GRSM_PIT1","7_GSMNP_PIT1_A1","A1","2015-04-20","2015-04-20",0.0,21.0,"S2015TN155400",
