uid,domainID,siteID,pitNamedLocation,pitID,horizonID,bulkDensID,horizonName,setDate,collectDate,laboratoryName,labProjID,bulkDensCenterDepth,bulkDensTopDepth,bulkDensBottomDepth,bulkDensHorizonProportion,bulkDensSampleType,bulkDensExclCoarseFrag,remarks
"09e22d51-bdf6-4f8b-b1a9-e3d1bfc4365e","D07","GRSM","MEGAPT100971","D07_GRSM_PIT1","7_GSMNP_PIT1_A1","D07_GSMNP_PIT1_BULKD_1-6_A1","A1","2015-04-20","2015-04-20","USDA NRCS Kellogg Soil Survey Laboratory - Lincoln - NE","I2015USTN053",3.5,1.0,6.0,1.0,"Regular",0.7281,
"8c995a5c-5dc7-41a1-b8fd-a60533b08305","D07","GRSM","MEGAPT100971","D07_GRSM_PIT1","7_GSMNP_PIT1_A2","D07_GSMNP_PIT1_BULKD_26-31_A2","A2","2015-04-20","2015-04-20","USDA NRCS Kellogg Soil Survey Laboratory - Lincoln - NE","I2015USTN053",28.5,26.0,31.0,1.0,"Regular",1.1777,
"a320ed50-3d92-49cb-a452-5605c84c27eb","D07","GRSM","MEGAPT100971","D07_GRSM_PIT1","7_GSMNP_PIT1_BW","D07_GSMNP_PIT1_BULKD_36-41_BW","Bw","2015-04-20","2015-04-20","USDA NRCS Kellogg Soil Survey Laboratory - Lincoln - NE","I2015USTN053",38.5,36.0,41.0,1.0,"Regular",1.3329,
"440d7b0a-4cea-41ce-a572-e3d6b1a88f54","D07","GRSM","MEGAPT100971","D07_GRSM_PIT1","7_GSMNP_PIT1_C","D07_GSMNP_PIT1_BULKD_62-67_C","C","2015-04-20","2015-04-20","USDA NRCS Kellogg Soil Survey Laboratory - Lincoln - NE","I2015USTN053",64.5,62.0,67.0,1.0,"Regular",1.3170,
"c1c68a4a-b8a8-4743-928d-d9a284cb1eed","D07","GRSM","MEGAPT100971","D07_GRSM_PIT1","7_GSMNP_PIT1_BW2","D07_GSMNP_PIT1_BULKD_189-194_BW2","Bw2","2015-04-20","2015-04-20","USDA NRCS Kellogg Soil Survey Laboratory - Lincoln - NE","I2015USTN053",191.5,189.0,194.0,1.0,"Regular",1.3369,
"2d5c4ba9-e8bb-4249-9b3f-7376f97dface","D07","GRSM","MEGAPT100971","D07_GRSM_PIT1","7_GSMNP_PIT1_BW1","D07_GSMNP_PIT1_BULKD_102-107_BW1","Bw1","2015-04-20","2015-04-20","USDA NRCS Kellogg Soil Survey Laboratory - Lincoln - NE","I2015USTN053",104.5,102.0,107.0,1.0,"Regular",1.4085,
