uid,domainID,siteID,pitNamedLocation,pitID,horizonID,horizonName,setDate,collectDate,archiveID,archiveLaboratoryName,archiveTopDepth,archiveBottomDepth,remarks,sampleMass
"38989ba0-e537-4c8d-8889-cd4ee69adf78","D07","GRSM","MEGAPT100971","D07_GRSM_PIT1","7_GSMNP_PIT1_A2","A2","2015-04-20","2015-04-20","D07_GSMNP_PIT1_ARCHIVE_21-32_A2","NEON",21.0,32.0,,3601.0
"eed56b08-2d26-4b8d-8db4-83dba22f11d7","D07","GRSM","MEGAPT100971","D07_GRSM_PIT1","7_GSMNP_PIT1_BW1","Bw1","2015-04-20","2015-04-20","D07_GSMNP_PIT1_ARCHIVE_100-140_BW1","NEON",100.0,140.0,,3601.3
"aabb5fca-a49f-45ba-a28a-3242108eb087","D07","GRSM","MEGAPT100971","D07_GRSM_PIT1","7_GSMNP_PIT1_BW2","Bw2","2015-04-20","2015-04-20","D07_GSMNP_PIT1_ARCHIVE_140-206_BW2","NEON",140.0,206.0,,3601.6
"4b212997-93d1-470b-bfb1-aa6a94615790","D07","GRSM","MEGAPT100971","D07_GRSM_PIT1","7_GSMNP_PIT1_C","C","2015-04-20","2015-04-20","D07_GSMNP_PIT1_ARCHIVE_58-100_C","NEON",58.0,100.0,,3600.6
"f1eb5e96-14f8-48f1-83e5-1b4c77e95bd3","D07","GRSM","MEGAPT100971","D07_GRSM_PIT1","7_GSMNP_PIT1_BW","Bw","2015-04-20","2015-04-20","D07_GSMNP_PIT1_ARCHIVE_32-58_BW","NEON",32.0,58.0,,3600.3
"f1322dc7-e783-43c9-8bfb-ce30c063942c","D07","GRSM","MEGAPT100971","D07_GRSM_PIT1","7_GSMNP_PIT1_A1","A1","2015-04-20","2015-04-20","D07_GSMNP_PIT1_ARCHIVE_0-21_A1","NEON",10.0,21.0,,3600.3
