uid,domainID,siteID,pitNamedLocation,pitID,horizonID,biogeoID,horizonName,biogeoHorizonProportion,biogeoSampleType,setDate,collectDate,coarseFrag2To5,coarseFrag5To20,sandTotal,siltTotal,clayTotal,carbonateClay,clayFineContent,siltFineContent,siltCoarseContent,sandVeryFineContent,sandFineContent,sandMediumContent,sandCoarseContent,sandVeryCoarseContent,carbonTot,nitrogenTot,sulfurTot,estimatedOC,airDryOvenDry,alMjelm,caMjelm,feMjelm,kMjelm,mgMjelm,mnMjelm,naMjelm,pMjelm,siMjelm,srMjelm,tiMjelm,zrMjelm,phCacl2,phH2o,ec12pre,gypsumConc,caco3Conc,caNh4d,kNh4d,mgNh4d,naNh4d,cecdNh4,alSatCecd33,baseSumCecd10,bsesatCecd10,ececCecd33,alKcl,feKcl,mnKcl,bSatx,brSatx,caSatx,clSatx,co3Satx,ecSatp,flSatx,waterSatx,hco3Sx,kSatx,mgSatx,naSatx,no2Satx,no3Satx,pSatx,phSp,resist,so4Satx,laboratoryName,labProjID,biogeoTopDepth,biogeoBottomDepth,biogeoCenterDepth,remarks
"4df355b5-2736-44c0-97c1-f870c37866c0","D07","GRSM","MEGAPT100971","D07_GRSM_PIT1","7_GSMNP_PIT1_BW1","D07_GSMNP_PIT1_BIOGEO_100-140_BW1","Bw1",1.0,"Regular","2015-04-20","2015-04-20",51,16,37.2,34.8,28.0,,,25.1,9.7,6.2,9.1,12.8,6.6,2.5,2.0,0.70,0.00,2.0,1.025,68065,443,33861,20813,5014,427,5907,431,314137,58,5006,152,4.4,5.2,0.02,,0,0.8,0.3,0.2,0.0,9.9,,1.3,13,,5.0,,0.5,,,,,,,,,,,,,,,,,,,"USDA NRCS Kellogg Soil Survey Laboratory - Lincoln - NE","I2015USTN053",100.0,140.0,120.0,
"9485a0fc-c238-45f4-a368-83af2e076aca","D07","GRSM","MEGAPT100971","D07_GRSM_PIT1","7_GSMNP_PIT1_BW2","D07_GSMNP_PIT1_BIOGEO_140-206_BW2","Bw2",1.0,"Regular","2015-04-20","2015-04-20",70,62,47.0,30.9,22.1,,,20.5,10.4,7.9,11.3,16.8,7.2,3.8,1.8,0.60,0.00,2.0,1.021,65372,342,33894,22622,4857,572,7632,486,311038,59,4970,158,4.4,5.3,0.02,,0,0.3,0.2,0.0,0.0,8.2,,0.5,6,,3.3,,0.5,,,,,,,,,,,,,,,,,,,"USDA NRCS Kellogg Soil Survey Laboratory - Lincoln - NE","I2015USTN053",140.0,206.0,173.0,
"af20ef70-6767-4083-bcf9-f706832d762d","D07","GRSM","MEGAPT100971","D07_GRSM_PIT1","7_GSMNP_PIT1_BW","D07_GSMNP_PIT1_BIOGEO_32-58_BW","Bw",1.0,"Regular","2015-04-20","2015-04-20",64,102,55.3,28.4,16.3,,,18.9,9.5,7.8,11.9,23.6,5.5,6.5,7.9,0.80,0.00,8.0,1.015,60769,299,28062,21341,3813,351,7624,403,307528,57,4460,150,4.5,5.1,0.03,,,0.0,0.2,0.0,0.0,7.2,93,0.2,3,2.7,2.5,,0.7,,,,,,,,,,,,,,,,,,,"USDA NRCS Kellogg Soil Survey Laboratory - Lincoln - NE","I2015USTN053",32.0,58.0,45.0,
"f4bb1431-a2fd-41e0-a86c-454ea50272d4","D07","GRSM","MEGAPT100971","D07_GRSM_PIT1","7_GSMNP_PIT1_A1","D07_GSMNP_PIT1_BIOGEO_0-21_A1","A1",1.0,"Regular","2015-04-20","2015-04-20",23,23,55.9,28.5,15.6,,,19.4,9.1,8.4,13.3,17.6,11.6,5.0,66.3,4.30,0.30,66.0,1.035,60441,1024,24341,18062,3237,785,7894,863,289716,61,4157,156,5.0,5.5,0.10,,,2.8,0.6,0.6,0.0,19.8,29,4.0,20,5.6,1.6,,31.7,,,,,,,,,,,,,,,,,,,"USDA NRCS Kellogg Soil Survey Laboratory - Lincoln - NE","I2015USTN053",0.0,21.0,10.5,
"636fd047-ddb2-41c9-99c5-be1c3b826a16","D07","GRSM","MEGAPT100971","D07_GRSM_PIT1","7_GSMNP_PIT1_A2","D07_GSMNP_PIT1_BIOGEO_21-32_A2","A2",1.0,"Regular","2015-04-20","2015-04-20",48,48,53.1,29.9,17.0,,,20.4,9.5,8.1,12.5,14.7,13.0,4.8,19.0,1.30,0.10,19.0,1.021,66549,417,28349,20395,3789,483,8244,521,315894,60,4709,152,4.7,5.2,0.03,,,0.0,0.3,0.0,0.0,10.0,90,0.3,3,3.0,2.7,,0.5,,,,,,,,,,,,,,,,,,,"USDA NRCS Kellogg Soil Survey Laboratory - Lincoln - NE","I2015USTN053",21.0,32.0,26.5,
"83f23ed1-afa0-4ee6-af5c-909c58cbb493","D07","GRSM","MEGAPT100971","D07_GRSM_PIT1","7_GSMNP_PIT1_C","D07_GSMNP_PIT1_BIOGEO_58-100_C","C",1.0,"Regular","2015-04-20","2015-04-20",172,261,72.9,18.6,8.5,,,11.8,6.8,5.2,9.1,17.2,26.1,15.3,2.3,0.50,0.00,2.0,1.010,58393,345,28502,23428,4337,512,8472,536,326400,60,4588,147,4.6,5.2,0.03,,,0.0,0.2,0.0,0.0,4.5,87,0.2,4,1.5,1.3,,0.2,,,,,,,,,,,,,,,,,,,"USDA NRCS Kellogg Soil Survey Laboratory - Lincoln - NE","I2015USTN053",58.0,100.0,79.0,
