uid,namedLocation,domainID,siteID,plotID,pitID,collectDate,testProtocolVersion,nrcsDescriptionID,horizonID,horizonName,horizonTopDepth,horizonBottomDepth,remarks,dataQF
"06733b87-0e43-4696-8165-98d9029d0b87","BART_030.basePlot.all","D01","BART","BART_030","1091225","2016-06-02","Field Book for Describing and Sampling Soils ver3","S2016NH003006","16N04963","BC",50,76,"iron stains",
"327a5edd-5078-4b4e-b191-740ae2d684eb","BART_030.basePlot.all","D01","BART","BART_030","1091225","2016-06-02","Field Book for Describing and Sampling Soils ver3","S2016NH003006","16N04962","Bhs",36,50,"70% cemented by iron",
"20825ab7-8254-4da2-8163-41bac5aa5846","BART_030.basePlot.all","D01","BART","BART_030","1091225","2016-06-02","Field Book for Describing and Sampling Soils ver3","S2016NH003006","16N04964","C",76,100,"iron stains",
"5ed20e5c-a49e-4357-b090-66351275be1c","BART_030.basePlot.all","D01","BART","BART_030","1091225","2016-06-02","Field Book for Describing and Sampling Soils ver3","S2016NH003006","16N04961","E",18,36,,
"99b8f117-854e-4a4b-845f-5a9841e77ace","BART_030.basePlot.all","D01","BART","BART_030","1091225","2016-06-02","Field Book for Describing and Sampling Soils ver3","S2016NH003006","16N04959","Oe",0,4,,
"2d23a95c-ee5d-4a2e-9736-20f5b93d6a09","BART_030.basePlot.all","D01","BART","BART_030","1091225","2016-06-02","Field Book for Describing and Sampling Soils ver3","S2016NH003006","16N04960","Oa",4,18,,
"d0a8e2eb-7ac8-4bce-9615-72aef85053c8","BART_019.basePlot.all","D01","BART","BART_019","1091226","2016-06-07","Field Book for Describing and Sampling Soils ver3","S2016NH003007","16N04965","Oa",0,9,,
"557a549d-245b-4613-b058-da21af81e55a","BART_019.basePlot.all","D01","BART","BART_019","1091226","2016-06-07","Field Book for Describing and Sampling Soils ver3","S2016NH003007","16N04966","E",9,12,,
"930ace69-7bc9-4980-a2fa-82e8f906f511","BART_019.basePlot.all","D01","BART","BART_019","1091226","2016-06-07","Field Book for Describing and Sampling Soils ver3","S2016NH003007","16N04969","BC",57,79,,
"35d62143-7448-4713-aee3-a929af75ca9a","BART_019.basePlot.all","D01","BART","BART_019","1091226","2016-06-07","Field Book for Describing and Sampling Soils ver3","S2016NH003007","16N04970","C",79,100,,
"cc6b5d47-c139-4f4e-b85c-1b5879e31484","BART_019.basePlot.all","D01","BART","BART_019","1091226","2016-06-07","Field Book for Describing and Sampling Soils ver3","S2016NH003007","16N04967","Bhs",12,34,"50% cemented",
"3bd6cb1c-1a66-4537-adac-2b469767c04b","BART_019.basePlot.all","D01","BART","BART_019","1091226","2016-06-07","Field Book for Describing and Sampling Soils ver3","S2016NH003007","16N04968","Bs",34,57,,
"9ac45b8e-2da2-4b85-8000-5afdd885f62e","BART_023.basePlot.all","D01","BART","BART_023","1091227","2016-06-10","Field Book for Describing and Sampling Soils ver3","S2016NH003008","16N04973","Bhs1",29,37,,
"c6311dfb-db8d-4c00-9bd5-2a911e0d3457","BART_023.basePlot.all","D01","BART","BART_023","1091227","2016-06-10","Field Book for Describing and Sampling Soils ver3","S2016NH003008","16N04974","Bhs2",37,64,,
"03ffc825-463d-4395-afe7-db113f1ae9af","BART_023.basePlot.all","D01","BART","BART_023","1091227","2016-06-10","Field Book for Describing and Sampling Soils ver3","S2016NH003008","16N04972","E",23,29,,
"031ab4ad-d9ff-4e31-9a2e-f65fb71e5ab9","BART_023.basePlot.all","D01","BART","BART_023","1091227","2016-06-10","Field Book for Describing and Sampling Soils ver3","S2016NH003008","16N04975","Bhs3",64,80,,
"15a525f0-7ef1-418c-b42d-6b5f4ba5669a","BART_023.basePlot.all","D01","BART","BART_023","1091227","2016-06-10","Field Book for Describing and Sampling Soils ver3","S2016NH003008","5336680","R",80,200,,
"c05dca34-9f4b-49fc-82c5-70a8c3c2e2a0","BART_023.basePlot.all","D01","BART","BART_023","1091227","2016-06-10","Field Book for Describing and Sampling Soils ver3","S2016NH003008","16N04971","Oa",0,23,,
"8064fcc1-d02b-4b65-abd7-d3adabb235fb","BART_024.basePlot.all","D01","BART","BART_024","1091228","2016-06-14","Field Book for Describing and Sampling Soils ver3","S2016NH003009","5336682","R",20,200,"granite bedrock",
"1a594ce3-fd89-4557-95bc-5d8612d7801c","BART_024.basePlot.all","D01","BART","BART_024","1091228","2016-06-14","Field Book for Describing and Sampling Soils ver3","S2016NH003009","16N04977","E",14,20,"E horizon is mixed with Cr",
"b173c8b1-de35-4ad7-852b-bf550964f39d","BART_024.basePlot.all","D01","BART","BART_024","1091228","2016-06-14","Field Book for Describing and Sampling Soils ver3","S2016NH003009","16N04976","Oa",0,14,,
"9a2be000-421d-40ee-80ca-fc6c40164bf2","BART_015.basePlot.all","D01","BART","BART_015","1091229","2016-06-16","Field Book for Describing and Sampling Soils ver3","S2016NH003010","16N04978","Oa",0,20,,
"1f5bbf3e-f19c-4e08-bbf9-997fd9c77257","BART_015.basePlot.all","D01","BART","BART_015","1091229","2016-06-16","Field Book for Describing and Sampling Soils ver3","S2016NH003010","16N04979","E",20,25,,
"2e630fcd-8c6f-4f41-b107-04e6ffe791c2","BART_015.basePlot.all","D01","BART","BART_015","1091229","2016-06-16","Field Book for Describing and Sampling Soils ver3","S2016NH003010","16N04981","Bhs2",38,61,"40% cemented",
"402e35e1-82a4-4997-95ec-5df99fd66c5b","BART_015.basePlot.all","D01","BART","BART_015","1091229","2016-06-16","Field Book for Describing and Sampling Soils ver3","S2016NH003010","16N04982","Cd",61,100,,
"d2ae92b7-5aed-4d99-af03-5eacd8f32ba9","BART_015.basePlot.all","D01","BART","BART_015","1091229","2016-06-16","Field Book for Describing and Sampling Soils ver3","S2016NH003010","16N04980","Bhs1",25,38,"20% cemented",
"88ec1947-2d80-40a2-a382-e353c2fcecde","BART_010.basePlot.all","D01","BART","BART_010","1091230","2016-06-20","Field Book for Describing and Sampling Soils ver3","S2016NH003011","16N04983","Oe",0,4,,
"f89c260d-272e-4041-8e77-f8d01d72ad8f","BART_010.basePlot.all","D01","BART","BART_010","1091230","2016-06-20","Field Book for Describing and Sampling Soils ver3","S2016NH003011","16N04987","BC",34,88,,
"488bdcf3-e11e-4440-9071-0521b5ae99e0","BART_010.basePlot.all","D01","BART","BART_010","1091230","2016-06-20","Field Book for Describing and Sampling Soils ver3","S2016NH003011","16N04986","Bs",19,34,"30% cemented",
"a9258197-0ede-4ebd-8b10-539b95a09bcb","BART_010.basePlot.all","D01","BART","BART_010","1091230","2016-06-20","Field Book for Describing and Sampling Soils ver3","S2016NH003011","16N04985","Bhs",12,19,,
"a11d9a70-a487-4ea6-9678-32ad27cad785","BART_010.basePlot.all","D01","BART","BART_010","1091230","2016-06-20","Field Book for Describing and Sampling Soils ver3","S2016NH003011","16N04988","Cd",88,100,,
"a2dbe010-e2e7-419d-83eb-8a9cfb7c1a0f","BART_010.basePlot.all","D01","BART","BART_010","1091230","2016-06-20","Field Book for Describing and Sampling Soils ver3","S2016NH003011","16N04984","E",4,12,,
"b9406160-570e-4ef1-95f7-d5d3c6abfb96","BART_005.basePlot.all","D01","BART","BART_005","1091231","2016-06-21","Field Book for Describing and Sampling Soils ver3","S2016NH003012","16N04991","Bhs1",29,36,"80% cemented",
"4d2120d6-e71c-40ab-9a03-c483cc046571","BART_005.basePlot.all","D01","BART","BART_005","1091231","2016-06-21","Field Book for Describing and Sampling Soils ver3","S2016NH003012","16N04992","Bhs2",36,76,"80% cemented",
"dfa5a252-05d0-4e87-a98c-049ef493fd42","BART_005.basePlot.all","D01","BART","BART_005","1091231","2016-06-21","Field Book for Describing and Sampling Soils ver3","S2016NH003012","16N04989","Oa",0,22,,
"10bf2207-af77-4646-9cf8-cd61aca82d0c","BART_005.basePlot.all","D01","BART","BART_005","1091231","2016-06-21","Field Book for Describing and Sampling Soils ver3","S2016NH003012","16N04993","C",76,100,"thin band of vfs at top of horizon",
"47972474-1684-4688-9b63-d916fa324496","BART_005.basePlot.all","D01","BART","BART_005","1091231","2016-06-21","Field Book for Describing and Sampling Soils ver3","S2016NH003012","16N04990","E",22,29,,
"bf0cc1be-f84b-4f58-b3bf-40621b872cfa","BART_004.basePlot.all","D01","BART","BART_004","1091232","2016-06-22","Field Book for Describing and Sampling Soils ver3","S2016NH003013","16N04994","Oa",0,17,,
"0992ebfb-25eb-4386-93a9-a2e127d417a4","BART_004.basePlot.all","D01","BART","BART_004","1091232","2016-06-22","Field Book for Describing and Sampling Soils ver3","S2016NH003013","16N04997","Bhs2",25,77,,
"f9695b70-b9c7-4598-a5ed-7fd08e7e238d","BART_004.basePlot.all","D01","BART","BART_004","1091232","2016-06-22","Field Book for Describing and Sampling Soils ver3","S2016NH003013","16N04998","Cd",77,100,,
"0f946917-f89f-4aee-88e6-7c0135fcbfdc","BART_004.basePlot.all","D01","BART","BART_004","1091232","2016-06-22","Field Book for Describing and Sampling Soils ver3","S2016NH003013","16N04995","E",17,20,,
"2ad266f5-5a20-4483-989a-519acbeffaf0","BART_004.basePlot.all","D01","BART","BART_004","1091232","2016-06-22","Field Book for Describing and Sampling Soils ver3","S2016NH003013","16N04996","Bhs1",20,25,"30% cemented",
"bf348dd5-b5ab-4071-a3cd-4e3364b240ce","BART_013.basePlot.all","D01","BART","BART_013","1091233","2016-06-23","Field Book for Describing and Sampling Soils ver3","S2016NH003014","16N05001","Bhs",35,40,,
"58dcd9a0-f825-43a5-8007-3c52efaba582","BART_013.basePlot.all","D01","BART","BART_013","1091233","2016-06-23","Field Book for Describing and Sampling Soils ver3","S2016NH003014","16N04999","Oa",0,23,"significant tree throw evident in Oa",
"1350f177-a70c-4947-be74-fd3db84ee4ad","BART_013.basePlot.all","D01","BART","BART_013","1091233","2016-06-23","Field Book for Describing and Sampling Soils ver3","S2016NH003014","16N05002","Bs",40,70,,
"47844d56-81a8-49a6-9ebf-503b775a781b","BART_013.basePlot.all","D01","BART","BART_013","1091233","2016-06-23","Field Book for Describing and Sampling Soils ver3","S2016NH003014","16N05003","Cd",70,100,,
"7359dfd5-4514-4ab2-9c94-520477fc30f6","BART_013.basePlot.all","D01","BART","BART_013","1091233","2016-06-23","Field Book for Describing and Sampling Soils ver3","S2016NH003014","16N05000","E",23,35,"pocket of B material just above E horizon",
"b7ed3169-029b-41fa-9d2f-b04104e08ee3","BART_011.basePlot.all","D01","BART","BART_011","1091234","2016-06-24","Field Book for Describing and Sampling Soils ver3","S2016NH003015","16N05006","Bhs",15,24,,
"17dff7b2-16af-4f5b-b2a4-1fa98954fe9f","BART_011.basePlot.all","D01","BART","BART_011","1091234","2016-06-24","Field Book for Describing and Sampling Soils ver3","S2016NH003015","16N05008","BC",55,100,,
"26c9ec7e-a955-4166-9373-ca27781542de","BART_011.basePlot.all","D01","BART","BART_011","1091234","2016-06-24","Field Book for Describing and Sampling Soils ver3","S2016NH003015","16N05004","Oa",0,9,,
"38a1c82a-5b1f-48e1-a7f3-04aa3908a92c","BART_011.basePlot.all","D01","BART","BART_011","1091234","2016-06-24","Field Book for Describing and Sampling Soils ver3","S2016NH003015","16N05007","Bs",24,55,,
"d45cc925-c7ff-45f3-a0dc-9e3b14cfc913","BART_011.basePlot.all","D01","BART","BART_011","1091234","2016-06-24","Field Book for Describing and Sampling Soils ver3","S2016NH003015","16N05005","E",9,15,,
"1c648b54-91ad-43f8-a682-a04ef8413bcb","BART_011.basePlot.all","D01","BART","BART_011","1091234","2016-06-24","Field Book for Describing and Sampling Soils ver3","S2016NH003015","5336715","2Cd",100,125,"includes bands of organic matter that are very smeary",
