uid,namedLocation,domainID,siteID,plotID,nrcsDescriptionID,collectDate,horizonID,horizonName,biogeoIDnrcs,biogeoSampleType,biogeoTopDepth,biogeoBottomDepth,biogeoCenterDepth,particleSizeDistProcessedDate,particleSizeDistMethodPub,particleSizeDistMethod,coarseFrag2To5,coarseFrag5To20,sandTotal,siltTotal,clayTotal,carbonateClay,clayFineContent,siltFineContent,siltCoarseContent,sandVeryFineContent,sandFineContent,sandMediumContent,sandCoarseContent,sandVeryCoarseContent,laboratoryName,dataQF
"a48bca17-ce8d-464a-8b7d-3475ae570ba5","BART_030.basePlot.all","D01","BART","BART_030","S2016NH003006","2016-06-02","16N04964","C","S2016NH003006-6","bulk",76.0,100.0,88.0,"2017-01-10","Kellogg Soil Survey Laboratory Methods Manual, Soil Survey Investigations Report No. 42 Version 5.0, Issued 2014","Routine Particle Size Distribution (3A1a1a)",167.8,253.6,84.6,12.6,2.8,,,5.6,7.0,9.1,19.4,26.1,22.7,7.3,"USDA NRCS Kellogg Soil Survey Laboratory",
"d0b7a498-f52d-4067-9a6c-9338aa469267","BART_030.basePlot.all","D01","BART","BART_030","S2016NH003006","2016-06-02","16N04959","Oe","S2016NH003006-1","bulk",0.0,4.0,2.0,,,,3.5,0.0,,,,,,,,,,,,,"USDA NRCS Kellogg Soil Survey Laboratory",
"76ce4eac-8644-4135-b85d-035a1acf6086","BART_030.basePlot.all","D01","BART","BART_030","S2016NH003006","2016-06-02","16N04962","Bhs","S2016NH003006-4","bulk",36.0,50.0,43.0,"2017-01-10","Kellogg Soil Survey Laboratory Methods Manual, Soil Survey Investigations Report No. 42 Version 5.0, Issued 2014","Routine Particle Size Distribution (3A1a1a)",143.8,166.3,72.6,22.8,4.6,,,12.6,10.2,11.0,15.9,17.0,16.1,12.6,"USDA NRCS Kellogg Soil Survey Laboratory",
"77347fae-4345-473d-a19e-6494c4636526","BART_030.basePlot.all","D01","BART","BART_030","S2016NH003006","2016-06-02","16N04963","BC","S2016NH003006-5","bulk",50.0,76.0,63.0,"2017-01-10","Kellogg Soil Survey Laboratory Methods Manual, Soil Survey Investigations Report No. 42 Version 5.0, Issued 2014","Routine Particle Size Distribution (3A1a1a)",124.8,178.8,72.3,23.8,3.9,,,12.6,11.2,13.6,19.4,17.5,15.7,6.1,"USDA NRCS Kellogg Soil Survey Laboratory",
"edbd77eb-1d6a-45d6-9b57-19e62632cd14","BART_030.basePlot.all","D01","BART","BART_030","S2016NH003006","2016-06-02","16N04961","E","S2016NH003006-3","bulk",18.0,36.0,27.0,"2017-01-10","Kellogg Soil Survey Laboratory Methods Manual, Soil Survey Investigations Report No. 42 Version 5.0, Issued 2014","Routine Particle Size Distribution (3A1a1a)",90.5,186.4,72.8,25.5,1.7,,,14.1,11.4,11.4,19.1,16.6,16.0,9.7,"USDA NRCS Kellogg Soil Survey Laboratory",
"29b1ee14-becc-4511-8f71-7f99d76d4813","BART_030.basePlot.all","D01","BART","BART_030","S2016NH003006","2016-06-02","16N04960","Oa","S2016NH003006-2","bulk",4.0,18.0,11.0,,,,0.0,0.0,,,,,,,,,,,,,"USDA NRCS Kellogg Soil Survey Laboratory",
"194671df-01c7-4e8e-8dea-232c0246f706","BART_019.basePlot.all","D01","BART","BART_019","S2016NH003007","2016-06-07","16N04968","Bs","S2016NH003007-4","bulk",34.0,57.0,45.5,"2017-01-11","Kellogg Soil Survey Laboratory Methods Manual, Soil Survey Investigations Report No. 42 Version 5.0, Issued 2014","Routine Particle Size Distribution (3A1a1a)",65.5,139.6,69.5,29.6,0.9,,,9.9,19.7,25.9,22.3,9.6,7.9,3.8,"USDA NRCS Kellogg Soil Survey Laboratory",
"a2ec06e7-09a7-4849-b9b3-cf4303a932aa","BART_019.basePlot.all","D01","BART","BART_019","S2016NH003007","2016-06-07","16N04970","C","S2016NH003007-6","bulk",79.0,100.0,89.5,"2017-01-11","Kellogg Soil Survey Laboratory Methods Manual, Soil Survey Investigations Report No. 42 Version 5.0, Issued 2014","Routine Particle Size Distribution (3A1a1a)",63.1,73.3,75.8,23.5,0.7,,,6.6,16.9,23.9,31.8,9.6,6.0,4.5,"USDA NRCS Kellogg Soil Survey Laboratory",
"71a5f1de-3422-48c5-b34b-d3e66735751b","BART_019.basePlot.all","D01","BART","BART_019","S2016NH003007","2016-06-07","16N04966","E","S2016NH003007-2","bulk",9.0,12.0,10.5,"2017-01-10","Kellogg Soil Survey Laboratory Methods Manual, Soil Survey Investigations Report No. 42 Version 5.0, Issued 2014","Routine Particle Size Distribution (3A1a1a)",38.3,13.5,61.4,36.1,2.5,,,15.8,20.3,19.5,24.3,9.4,5.8,2.4,"USDA NRCS Kellogg Soil Survey Laboratory",
"b96e2015-e69d-490a-bca1-40f1470f1d72","BART_019.basePlot.all","D01","BART","BART_019","S2016NH003007","2016-06-07","16N04967","Bhs","S2016NH003007-3","bulk",12.0,34.0,23.0,"2017-01-11","Kellogg Soil Survey Laboratory Methods Manual, Soil Survey Investigations Report No. 42 Version 5.0, Issued 2014","Routine Particle Size Distribution (3A1a1a)",78.8,204.3,69.1,29.6,1.3,,,9.7,19.9,26.5,20.6,12.9,5.3,3.8,"USDA NRCS Kellogg Soil Survey Laboratory",
"e4375ced-99a2-4c1c-a325-1ea8c6409da1","BART_019.basePlot.all","D01","BART","BART_019","S2016NH003007","2016-06-07","16N04965","Oa","S2016NH003007-1","bulk",0.0,9.0,4.5,,,,0.0,0.0,,,,,,,,,,,,,"USDA NRCS Kellogg Soil Survey Laboratory",
"b14816bd-a898-4125-b8bc-ef307c2ad37f","BART_019.basePlot.all","D01","BART","BART_019","S2016NH003007","2016-06-07","16N04969","BC","S2016NH003007-5","bulk",57.0,79.0,68.0,"2017-01-11","Kellogg Soil Survey Laboratory Methods Manual, Soil Survey Investigations Report No. 42 Version 5.0, Issued 2014","Routine Particle Size Distribution (3A1a1a)",89.2,210.8,74.6,25.1,0.3,,,8.1,17.0,22.6,25.2,10.2,9.6,7.0,"USDA NRCS Kellogg Soil Survey Laboratory",
"c6eccf42-efa0-4056-8d5b-5fec259123c7","BART_023.basePlot.all","D01","BART","BART_023","S2016NH003008","2016-06-10","16N04974","Bhs2","S2016NH003008-4","bulk",37.0,64.0,50.5,"2017-01-11","Kellogg Soil Survey Laboratory Methods Manual, Soil Survey Investigations Report No. 42 Version 5.0, Issued 2014","Routine Particle Size Distribution (3A1a1a)",125.2,248.9,68.7,27.5,3.8,,,15.8,11.7,17.9,19.2,12.8,10.8,8.0,"USDA NRCS Kellogg Soil Survey Laboratory",
"e0831cb1-57d2-431a-976d-b801cfac2b36","BART_023.basePlot.all","D01","BART","BART_023","S2016NH003008","2016-06-10","16N04971","Oa","S2016NH003008-1","bulk",0.0,23.0,11.5,,,,0.0,0.0,,,,,,,,,,,,,"USDA NRCS Kellogg Soil Survey Laboratory",
"19441298-da9b-44d9-be7f-8a5084163631","BART_023.basePlot.all","D01","BART","BART_023","S2016NH003008","2016-06-10","16N04973","Bhs1","S2016NH003008-3","bulk",29.0,37.0,33.0,"2017-01-11","Kellogg Soil Survey Laboratory Methods Manual, Soil Survey Investigations Report No. 42 Version 5.0, Issued 2014","Routine Particle Size Distribution (3A1a1a)",198.1,110.6,66.1,29.9,4.0,,,18.1,11.8,11.8,12.0,10.7,14.8,16.8,"USDA NRCS Kellogg Soil Survey Laboratory",
"30f36a54-bbd7-412e-b66a-75fd6d4677e9","BART_023.basePlot.all","D01","BART","BART_023","S2016NH003008","2016-06-10","16N04975","Bhs3","S2016NH003008-5","bulk",64.0,80.0,72.0,"2017-01-11","Kellogg Soil Survey Laboratory Methods Manual, Soil Survey Investigations Report No. 42 Version 5.0, Issued 2014","Routine Particle Size Distribution (3A1a1a)",108.7,140.7,67.2,28.8,4.0,,,17.9,10.9,14.4,17.2,11.5,12.4,11.7,"USDA NRCS Kellogg Soil Survey Laboratory",
"5afa9d75-a34b-4f90-9082-0e1f5d02926d","BART_023.basePlot.all","D01","BART","BART_023","S2016NH003008","2016-06-10","16N04972","E","S2016NH003008-2","bulk",23.0,29.0,26.0,"2017-01-11","Kellogg Soil Survey Laboratory Methods Manual, Soil Survey Investigations Report No. 42 Version 5.0, Issued 2014","Routine Particle Size Distribution (3A1a1a)",169.2,109.6,71.3,26.3,2.4,,,14.1,12.2,12.6,13.6,15.2,13.0,16.9,"USDA NRCS Kellogg Soil Survey Laboratory",
"8e0fc966-6f5f-4323-a162-882ed42c9065","BART_024.basePlot.all","D01","BART","BART_024","S2016NH003009","2016-06-14","16N04977","E","S2016NH003009-2","bulk",14.0,20.0,17.0,"2017-01-11","Kellogg Soil Survey Laboratory Methods Manual, Soil Survey Investigations Report No. 42 Version 5.0, Issued 2014","Routine Particle Size Distribution (3A1a1a)",169.5,90.5,75.2,22.3,2.5,,,13.1,9.2,7.6,9.6,11.7,17.6,28.7,"USDA NRCS Kellogg Soil Survey Laboratory",
"4e9ea484-8207-4515-8ae0-f8cebff7ae93","BART_024.basePlot.all","D01","BART","BART_024","S2016NH003009","2016-06-14","16N04976","Oa","S2016NH003009-1","bulk",0.0,14.0,7.0,,,,0.0,0.0,,,,,,,,,,,,,"USDA NRCS Kellogg Soil Survey Laboratory",
"841f9d37-18d5-458e-874d-c04d69813fa1","BART_015.basePlot.all","D01","BART","BART_015","S2016NH003010","2016-06-16","16N04978","Oa","S2016NH003010-1","bulk",0.0,20.0,10.0,,,,7.4,0.0,,,,,,,,,,,,,"USDA NRCS Kellogg Soil Survey Laboratory",
"68e8fa5f-bbfd-4e62-8e19-8ebead891bcd","BART_015.basePlot.all","D01","BART","BART_015","S2016NH003010","2016-06-16","16N04982","Cd","S2016NH003010-5","bulk",61.0,100.0,80.5,"2017-01-11","Kellogg Soil Survey Laboratory Methods Manual, Soil Survey Investigations Report No. 42 Version 5.0, Issued 2014","Routine Particle Size Distribution (3A1a1a)",103.7,80.7,62.4,36.0,1.6,,,20.0,16.0,9.0,17.9,12.9,12.5,10.1,"USDA NRCS Kellogg Soil Survey Laboratory",
"d6b6c342-a7ed-4775-9d5a-771dbfac26b1","BART_015.basePlot.all","D01","BART","BART_015","S2016NH003010","2016-06-16","16N04981","Bhs2","S2016NH003010-4","bulk",38.0,61.0,49.5,"2017-01-11","Kellogg Soil Survey Laboratory Methods Manual, Soil Survey Investigations Report No. 42 Version 5.0, Issued 2014","Routine Particle Size Distribution (3A1a1a)",157.0,202.1,75.1,22.0,2.9,,,9.3,12.7,13.2,19.2,16.6,17.7,8.4,"USDA NRCS Kellogg Soil Survey Laboratory",
"c2275059-825b-44be-b6e8-e505dc3b6b79","BART_015.basePlot.all","D01","BART","BART_015","S2016NH003010","2016-06-16","16N04980","Bhs1","S2016NH003010-3","bulk",25.0,38.0,31.5,"2017-01-11","Kellogg Soil Survey Laboratory Methods Manual, Soil Survey Investigations Report No. 42 Version 5.0, Issued 2014","Routine Particle Size Distribution (3A1a1a)",75.6,55.9,60.6,35.6,3.8,,,16.9,18.7,15.4,13.8,10.5,10.6,10.3,"USDA NRCS Kellogg Soil Survey Laboratory",
"2775826d-7245-4de3-b79f-1d6aa1676fc3","BART_015.basePlot.all","D01","BART","BART_015","S2016NH003010","2016-06-16","16N04979","E","S2016NH003010-2","bulk",20.0,25.0,22.5,"2017-01-11","Kellogg Soil Survey Laboratory Methods Manual, Soil Survey Investigations Report No. 42 Version 5.0, Issued 2014","Routine Particle Size Distribution (3A1a1a)",50.9,23.7,58.7,38.9,2.4,,,19.8,19.1,18.0,14.4,9.2,9.9,7.2,"USDA NRCS Kellogg Soil Survey Laboratory",
"6c115834-bb17-40dd-b316-2d5a1f316f04","BART_010.basePlot.all","D01","BART","BART_010","S2016NH003011","2016-06-20","16N04988","Cd","S2016NH003011-6","bulk",88.0,100.0,94.0,"2017-01-11","Kellogg Soil Survey Laboratory Methods Manual, Soil Survey Investigations Report No. 42 Version 5.0, Issued 2014","Routine Particle Size Distribution (3A1a1a)",135.6,135.4,66.8,26.8,6.4,,,14.9,11.9,11.5,15.2,16.8,12.9,10.4,"USDA NRCS Kellogg Soil Survey Laboratory",
"e1793e38-efc4-4d43-9b5d-8bef2b587347","BART_010.basePlot.all","D01","BART","BART_010","S2016NH003011","2016-06-20","16N04987","BC","S2016NH003011-5","bulk",34.0,88.0,61.0,"2017-01-11","Kellogg Soil Survey Laboratory Methods Manual, Soil Survey Investigations Report No. 42 Version 5.0, Issued 2014","Routine Particle Size Distribution (3A1a1a)",152.0,198.4,67.4,25.4,7.2,,,13.6,11.8,9.6,18.3,14.7,14.4,10.4,"USDA NRCS Kellogg Soil Survey Laboratory",
"10b837d8-b8c2-43a4-8d23-e8dd49cda6f3","BART_010.basePlot.all","D01","BART","BART_010","S2016NH003011","2016-06-20","16N04984","E","S2016NH003011-2","bulk",4.0,12.0,8.0,"2017-01-11","Kellogg Soil Survey Laboratory Methods Manual, Soil Survey Investigations Report No. 42 Version 5.0, Issued 2014","Routine Particle Size Distribution (3A1a1a)",93.2,92.9,67.1,28.8,4.1,,,15.7,13.1,13.4,16.1,12.2,12.9,12.5,"USDA NRCS Kellogg Soil Survey Laboratory",
"11a5ea3a-5da8-4fa4-ad89-2555a307e04f","BART_010.basePlot.all","D01","BART","BART_010","S2016NH003011","2016-06-20","16N04983","Oe","S2016NH003011-1","bulk",0.0,4.0,2.0,,,,0.0,0.0,,,,,,,,,,,,,"USDA NRCS Kellogg Soil Survey Laboratory",
"823b4083-c403-4fb8-a096-10db44ca90f8","BART_010.basePlot.all","D01","BART","BART_010","S2016NH003011","2016-06-20","16N04986","Bs","S2016NH003011-4","bulk",19.0,34.0,26.5,"2017-01-11","Kellogg Soil Survey Laboratory Methods Manual, Soil Survey Investigations Report No. 42 Version 5.0, Issued 2014","Routine Particle Size Distribution (3A1a1a)",130.4,155.1,66.0,27.2,6.8,,,15.2,12.0,12.7,16.4,13.9,12.6,10.4,"USDA NRCS Kellogg Soil Survey Laboratory",
"e3c31bf0-a34f-4c86-9525-a113dad539cb","BART_010.basePlot.all","D01","BART","BART_010","S2016NH003011","2016-06-20","16N04985","Bhs","S2016NH003011-3","bulk",12.0,19.0,15.5,"2017-01-11","Kellogg Soil Survey Laboratory Methods Manual, Soil Survey Investigations Report No. 42 Version 5.0, Issued 2014","Routine Particle Size Distribution (3A1a1a)",97.0,125.0,63.6,31.8,4.6,,,17.2,14.6,14.4,15.8,11.8,12.2,9.4,"USDA NRCS Kellogg Soil Survey Laboratory",
"3d520dcb-bbf7-4dc1-a6c7-5e5812f809bf","BART_005.basePlot.all","D01","BART","BART_005","S2016NH003012","2016-06-21","16N04989","Oa","S2016NH003012-1","bulk",0.0,22.0,11.0,,,,0.0,0.0,,,,,,,,,,,,,"USDA NRCS Kellogg Soil Survey Laboratory",
"446959a6-5c55-4f30-aeb2-2bf8d8ffe2b1","BART_005.basePlot.all","D01","BART","BART_005","S2016NH003012","2016-06-21","16N04990","E","S2016NH003012-2","bulk",22.0,29.0,25.5,"2017-01-11","Kellogg Soil Survey Laboratory Methods Manual, Soil Survey Investigations Report No. 42 Version 5.0, Issued 2014","Routine Particle Size Distribution (3A1a1a)",71.6,50.9,75.0,23.0,2.0,,,12.5,10.5,12.8,17.5,18.7,18.8,7.2,"USDA NRCS Kellogg Soil Survey Laboratory",
"dc721e5a-a5e9-4779-ac70-e4ad74d8ca89","BART_005.basePlot.all","D01","BART","BART_005","S2016NH003012","2016-06-21","16N04992","Bhs2","S2016NH003012-4","bulk",36.0,76.0,56.0,"2017-01-11","Kellogg Soil Survey Laboratory Methods Manual, Soil Survey Investigations Report No. 42 Version 5.0, Issued 2014","Routine Particle Size Distribution (3A1a1a)",138.3,298.2,88.0,9.2,2.8,,,4.4,4.8,5.6,13.7,22.9,26.9,18.9,"USDA NRCS Kellogg Soil Survey Laboratory",
"5882a4c2-6588-4a25-811b-5c32d07d3075","BART_005.basePlot.all","D01","BART","BART_005","S2016NH003012","2016-06-21","16N04991","Bhs1","S2016NH003012-3","bulk",29.0,36.0,32.5,"2017-01-11","Kellogg Soil Survey Laboratory Methods Manual, Soil Survey Investigations Report No. 42 Version 5.0, Issued 2014","Routine Particle Size Distribution (3A1a1a)",109.8,263.5,80.7,16.2,3.1,,,9.0,7.2,9.6,17.7,22.1,17.5,13.8,"USDA NRCS Kellogg Soil Survey Laboratory",
"d9fa8752-d504-4a2c-bcd7-a2c7270c58b1","BART_005.basePlot.all","D01","BART","BART_005","S2016NH003012","2016-06-21","16N04993","C","S2016NH003012-5","bulk",76.0,100.0,88.0,"2017-01-11","Kellogg Soil Survey Laboratory Methods Manual, Soil Survey Investigations Report No. 42 Version 5.0, Issued 2014","Routine Particle Size Distribution (3A1a1a)",174.0,332.4,95.0,4.0,1.0,,,1.3,2.7,3.3,6.5,20.0,33.9,31.3,"USDA NRCS Kellogg Soil Survey Laboratory",
"da247388-ac01-4d22-8b59-4fabda6835df","BART_004.basePlot.all","D01","BART","BART_004","S2016NH003013","2016-06-22","16N04995","E","S2016NH003013-2","bulk",17.0,20.0,18.5,"2017-01-30","Kellogg Soil Survey Laboratory Methods Manual, Soil Survey Investigations Report No. 42 Version 5.0, Issued 2014","Routine Particle Size Distribution (3A1a1a)",81.7,50.2,68.7,27.1,4.2,,,13.9,13.2,12.6,14.2,13.9,14.1,13.9,"USDA NRCS Kellogg Soil Survey Laboratory",
"d594949d-1de0-4753-a42d-c3a1039c3655","BART_004.basePlot.all","D01","BART","BART_004","S2016NH003013","2016-06-22","16N04994","Oa","S2016NH003013-1","bulk",0.0,17.0,8.5,,,,0.0,0.0,,,,,,,,,,,,,"USDA NRCS Kellogg Soil Survey Laboratory",
"7d5ef86c-5fe4-419b-8178-c9f80b83490d","BART_004.basePlot.all","D01","BART","BART_004","S2016NH003013","2016-06-22","16N04997","Bhs2","S2016NH003013-4","bulk",25.0,77.0,51.0,"2017-01-11","Kellogg Soil Survey Laboratory Methods Manual, Soil Survey Investigations Report No. 42 Version 5.0, Issued 2014","Routine Particle Size Distribution (3A1a1a)",133.1,144.4,68.3,29.5,2.2,,,15.9,13.6,10.4,17.0,14.2,14.2,12.5,"USDA NRCS Kellogg Soil Survey Laboratory",
"04848b9e-337b-46f2-bb4b-50abb6966179","BART_004.basePlot.all","D01","BART","BART_004","S2016NH003013","2016-06-22","16N04998","Cd","S2016NH003013-5","bulk",77.0,100.0,88.5,"2017-01-11","Kellogg Soil Survey Laboratory Methods Manual, Soil Survey Investigations Report No. 42 Version 5.0, Issued 2014","Routine Particle Size Distribution (3A1a1a)",121.9,100.0,71.0,27.9,1.1,,,13.7,14.2,12.1,14.6,15.9,16.4,12.0,"USDA NRCS Kellogg Soil Survey Laboratory",
"0cc53f03-de96-4371-b617-933d6d4965e7","BART_004.basePlot.all","D01","BART","BART_004","S2016NH003013","2016-06-22","16N04996","Bhs1","S2016NH003013-3","bulk",20.0,25.0,22.5,"2017-01-11","Kellogg Soil Survey Laboratory Methods Manual, Soil Survey Investigations Report No. 42 Version 5.0, Issued 2014","Routine Particle Size Distribution (3A1a1a)",105.4,109.5,66.3,30.5,3.2,,,16.7,13.8,11.2,14.9,14.2,16.2,9.8,"USDA NRCS Kellogg Soil Survey Laboratory",
"5ce435da-9ae9-424f-8b18-824cd39d680a","BART_013.basePlot.all","D01","BART","BART_013","S2016NH003014","2016-06-23","16N05003","Cd","S2016NH003014-5","bulk",70.0,100.0,85.0,"2017-01-11","Kellogg Soil Survey Laboratory Methods Manual, Soil Survey Investigations Report No. 42 Version 5.0, Issued 2014","Routine Particle Size Distribution (3A1a1a)",60.1,94.2,51.9,46.6,1.5,,,22.7,23.9,18.3,14.7,8.8,5.1,5.0,"USDA NRCS Kellogg Soil Survey Laboratory",
"cf153f07-1e5e-4fb4-96f8-32c2d73eaa65","BART_013.basePlot.all","D01","BART","BART_013","S2016NH003014","2016-06-23","16N05000","E","S2016NH003014-2","bulk",23.0,35.0,29.0,"2017-01-11","Kellogg Soil Survey Laboratory Methods Manual, Soil Survey Investigations Report No. 42 Version 5.0, Issued 2014","Routine Particle Size Distribution (3A1a1a)",64.0,61.0,56.5,39.9,3.6,,,21.5,18.4,18.2,14.7,8.9,7.3,7.4,"USDA NRCS Kellogg Soil Survey Laboratory",
"b338f14b-42a6-447f-804f-cbaf6ed42d61","BART_013.basePlot.all","D01","BART","BART_013","S2016NH003014","2016-06-23","16N05001","Bhs","S2016NH003014-3","bulk",35.0,40.0,37.5,"2017-01-11","Kellogg Soil Survey Laboratory Methods Manual, Soil Survey Investigations Report No. 42 Version 5.0, Issued 2014","Routine Particle Size Distribution (3A1a1a)",63.0,55.5,51.5,45.8,2.7,,,24.5,21.3,17.2,15.0,9.9,6.1,3.3,"USDA NRCS Kellogg Soil Survey Laboratory",
"812a6579-ebbe-481a-b2fe-4ae61416bfdd","BART_013.basePlot.all","D01","BART","BART_013","S2016NH003014","2016-06-23","16N05002","Bs","S2016NH003014-4","bulk",40.0,70.0,55.0,"2017-01-11","Kellogg Soil Survey Laboratory Methods Manual, Soil Survey Investigations Report No. 42 Version 5.0, Issued 2014","Routine Particle Size Distribution (3A1a1a)",94.9,119.2,55.1,43.2,1.7,,,21.1,22.1,14.9,17.4,10.2,6.9,5.7,"USDA NRCS Kellogg Soil Survey Laboratory",
"75bfa943-7108-4278-a216-1b3273c5f56b","BART_013.basePlot.all","D01","BART","BART_013","S2016NH003014","2016-06-23","16N04999","Oa","S2016NH003014-1","bulk",0.0,23.0,11.5,,,,0.0,0.0,,,,,,,,,,,,,"USDA NRCS Kellogg Soil Survey Laboratory",
"39325c79-7bc5-4d5f-9729-35eb06c26637","BART_011.basePlot.all","D01","BART","BART_011","S2016NH003015","2016-06-24","16N05007","Bs","S2016NH003015-4","bulk",24.0,55.0,39.5,"2017-01-11","Kellogg Soil Survey Laboratory Methods Manual, Soil Survey Investigations Report No. 42 Version 5.0, Issued 2014","Routine Particle Size Distribution (3A1a1a)",60.7,68.8,52.4,45.0,2.6,,,25.1,19.9,12.8,13.6,9.6,9.9,6.5,"USDA NRCS Kellogg Soil Survey Laboratory",
"40eae812-d2a7-4eca-adeb-8552dae23abb","BART_011.basePlot.all","D01","BART","BART_011","S2016NH003015","2016-06-24","16N05008","BC","S2016NH003015-5","bulk",55.0,100.0,77.5,"2017-01-11","Kellogg Soil Survey Laboratory Methods Manual, Soil Survey Investigations Report No. 42 Version 5.0, Issued 2014","Routine Particle Size Distribution (3A1a1a)",112.0,125.3,67.6,31.1,1.3,,,16.6,14.5,10.0,17.4,14.1,14.0,12.1,"USDA NRCS Kellogg Soil Survey Laboratory",
"b2895caa-8d7a-45a1-8c00-dc577a910bd2","BART_011.basePlot.all","D01","BART","BART_011","S2016NH003015","2016-06-24","16N05005","E","S2016NH003015-2","bulk",9.0,15.0,12.0,"2017-01-11","Kellogg Soil Survey Laboratory Methods Manual, Soil Survey Investigations Report No. 42 Version 5.0, Issued 2014","Routine Particle Size Distribution (3A1a1a)",40.2,21.1,58.9,38.8,2.3,,,21.7,17.1,15.6,13.7,11.0,12.3,6.3,"USDA NRCS Kellogg Soil Survey Laboratory",
"ccfa0d90-67a4-4b88-9cb4-d2a40568b91a","BART_011.basePlot.all","D01","BART","BART_011","S2016NH003015","2016-06-24","16N05004","Oa","S2016NH003015-1","bulk",0.0,9.0,4.5,,,,0.0,0.0,,,,,,,,,,,,,"USDA NRCS Kellogg Soil Survey Laboratory",
"c1a020e4-f1b6-494a-82a3-b0dfec268299","BART_011.basePlot.all","D01","BART","BART_011","S2016NH003015","2016-06-24","16N05006","Bhs","S2016NH003015-3","bulk",15.0,24.0,19.5,"2017-01-11","Kellogg Soil Survey Laboratory Methods Manual, Soil Survey Investigations Report No. 42 Version 5.0, Issued 2014","Routine Particle Size Distribution (3A1a1a)",45.2,49.3,55.0,42.3,2.7,,,24.5,17.8,13.7,13.0,11.5,11.4,5.4,"USDA NRCS Kellogg Soil Survey Laboratory",
