uid,domainID,siteID,plotID,namedLocation,plotType,nlcdClass,geodeticDatum,decimalLatitude,decimalLongitude,coordinateUncertainty,elevation,elevationUncertainty,collectDate,referenceCorner,sampleDistance,sampleBearing,pitID,testProtocolVersion,soilSamplingMethod,sampleRelativeLocation,pitDepth,recordedByA,soilProfileDescriberA,soilProfileDescriberInst,nrcsDescriptionID,soilSeries,soilFamily,soilSubgroup,soilGreatGroup,soilSuborder,soilOrder,remarks,dataQF
"558bffbe-c4a8-42c2-91db-df0a213c06f4","D01","BART","BART_030","BART_030.basePlot.all","distributed","evergreenForest","WGS84",44.053801,-71.308071,20.2,498.9,0.3,"2016-06-02","SW40",1.7,75,"1091225","Field Book for Describing and Sampling Soils ver3","soil pit","Center of pit",100,"ZMAzjxpsatlP5Z3MpTDKhQ==","ZMAzjxpsatlP5Z3MpTDKhQ==","Natural Resource Conservation Service","S2016NH003006","Danforth","Coarse-loamy over sandy or sandy-skeletal, isotic over mixed, frigid Typic Haplorthods","typic haplorthods","haplorthods","orthods","spodosols","pit;BART;20160602;BART_030;Roger DeKett Martha Stuart;17.3;075;40x40 SW marker;center of pit",
"d89c3e73-fa33-46de-8573-125f872a1916","D01","BART","BART_019","BART_019.basePlot.all","distributed","mixedForest","WGS84",44.069366,-71.286161,20.1,240.3,0.2,"2016-06-07","SW40",1.4,126,"1091226","Field Book for Describing and Sampling Soils ver3","soil pit","Center of pit",100,"ZMAzjxpsatlP5Z3MpTDKhQ==","ZMAzjxpsatlP5Z3MpTDKhQ==","Natural Resource Conservation Service","S2016NH003007","Monadnock","Coarse-loamy over sandy or sandy-skeletal, isotic over mixed, frigid Typic Haplorthods","typic haplorthods","haplorthods","orthods","spodosols","pit;BART;20160607;BART_019;Roger DeKett Martha Stuart;14.2;126;center of plot;center of pit",
"a9193d25-2dfd-4f21-a553-c73e90f7ad89","D01","BART","BART_023","BART_023.basePlot.all","distributed","evergreenForest","WGS84",44.049319,-71.263643,20.2,503.0,0.5,"2016-06-10","SW20",1.2,104,"1091227","Field Book for Describing and Sampling Soils ver3","soil pit","Center of pit",200,"ZMAzjxpsatlP5Z3MpTDKhQ==","ZMAzjxpsatlP5Z3MpTDKhQ==","Natural Resource Conservation Service","S2016NH003008","Rawsonville","Coarse-loamy, isotic, frigid Typic Haplohumods","typic haplohumods","haplohumods","humods","spodosols","pit;BART;20160610;BART_023;Roger DeKett Jessica Philippe Martha Stuart;11.5;104;20x20 SW marker;center of pit",
"510809ff-639f-4a50-a19d-0c2b0edfd0b9","D01","BART","BART_024","BART_024.basePlot.all","distributed","evergreenForest","WGS84",44.052775,-71.263787,20.1,433.6,0.2,"2016-06-14","NE20",0.6,55,"1091228","Field Book for Describing and Sampling Soils ver3","soil pit","Center of pit",200,"ZMAzjxpsatlP5Z3MpTDKhQ==","ZMAzjxpsatlP5Z3MpTDKhQ==","Natural Resource Conservation Service","S2016NH003009","Knob Lock","Dysic, frigid Lithic Udifolists","lithic udifolists","udifolists","folists","histosols","pit;BART;20160614;BART_024;Roger DeKett Martha Stuart;6.1;055;20x20 NE marker;center of pit",
"b2d9e746-d660-46f6-8576-a10dbe4b1886","D01","BART","BART_015","BART_015.basePlot.all","distributed","mixedForest","WGS84",44.042915,-71.273140,20.2,437.9,0.3,"2016-06-16","NE40",1.8,197,"1091229","Field Book for Describing and Sampling Soils ver3","soil pit","Center of pit",100,"ZMAzjxpsatlP5Z3MpTDKhQ==","ZMAzjxpsatlP5Z3MpTDKhQ==","Natural Resource Conservation Service","S2016NH003010","Marlow","Coarse-loamy, isotic, frigid Oxyaquic Haplorthods","oxyaquic haplorthods","haplorthods","orthods","spodosols","pit;BART;20160616;BART_015;Roger DeKett Martha Stuart;18.4;197;40x40 NE marker;center of pit",
"cd3db9a7-7e7f-42cc-a3e6-97a2f74f50c0","D01","BART","BART_010","BART_010.basePlot.all","distributed","deciduousForest","WGS84",44.050073,-71.266680,20.1,430.2,0.2,"2016-06-20","SW20",0.5,120,"1091230","Field Book for Describing and Sampling Soils ver3","soil pit","Center of pit",100,"ZMAzjxpsatlP5Z3MpTDKhQ==","ZMAzjxpsatlP5Z3MpTDKhQ==","Natural Resource Conservation Service","S2016NH003011","Marlow","Loamy-skeletal, isotic, frigid Oxyaquic Haplorthods","oxyaquic haplorthods","haplorthods","orthods","spodosols","pit;BART;20160620;BART_010;Roger DeKett Martha Stuart;5.4;120;20x20 SW marker;center of pit",
"45395ff0-6ecb-4703-8779-3ad8d2a8405d","D01","BART","BART_005","BART_005.basePlot.all","distributed","mixedForest","WGS84",44.054614,-71.282188,20.3,306.9,0.4,"2016-06-21","SW20",1.0,340,"1091231","Field Book for Describing and Sampling Soils ver3","soil pit","Center of pit",100,"ZMAzjxpsatlP5Z3MpTDKhQ==","ZMAzjxpsatlP5Z3MpTDKhQ==","Natural Resource Conservation Service","S2016NH003012","Series Not determined","Loamy-skeletal over sandy or sandy-skeletal, isotic over mixed, frigid Histic Endoaquods","histic endoaquods","endoaquods","aquods","spodosols","pit;BART;20160621;BART_005;Roger DeKett Martha Stuart;10.2;340;20x20 SW marker;center of pit",
"fcaaf427-3701-47d0-8856-281903d07ce1","D01","BART","BART_004","BART_004.basePlot.all","distributed","mixedForest","WGS84",44.041571,-71.286920,20.2,526.4,0.3,"2016-06-22","SW20",1.1,333,"1091232","Field Book for Describing and Sampling Soils ver3","soil pit","Center of pit",100,"ZMAzjxpsatlP5Z3MpTDKhQ==","ZMAzjxpsatlP5Z3MpTDKhQ==","Natural Resource Conservation Service","S2016NH003013","Marlow","Coarse-loamy, isotic, frigid Oxyaquic Haplorthods","oxyaquic haplorthods","haplorthods","orthods","spodosols","pit;BART;20160622;BART_004;Roger DeKett Jessica Philippe Martha Stuart;10.6;333;20x20 SW marker;center of pit",
"1d95a793-4f61-4032-98f5-08bb52fd2c1d","D01","BART","BART_013","BART_013.basePlot.all","distributed","deciduousForest","WGS84",44.041737,-71.277598,20.2,415.4,0.2,"2016-06-23","NW40",0.5,122,"1091233","Field Book for Describing and Sampling Soils ver3","soil pit","Center of pit",100,"khnyfeTHrVrnoE60k+Xq+OCoadk+UCyh","khnyfeTHrVrnoE60k+Xq+OCoadk+UCyh","Natural Resource Conservation Service","S2016NH003014","Marlow","Coarse-loamy, isotic, frigid Oxyaquic Haplorthods","oxyaquic haplorthods","haplorthods","orthods","spodosols","pit;BART;20160623;BART_013;Jessica Philippe Martha Stuart;5.3;122;40x40 NW marker;center of pit",
"cb68348d-8400-4337-b68c-b25e2b07dd30","D01","BART","BART_011","BART_011.basePlot.all","distributed","mixedForest","WGS84",44.050004,-71.296272,20.2,370.5,0.2,"2016-06-24","SW20",0.6,307,"1091234","Field Book for Describing and Sampling Soils ver3","soil pit","Center of pit",125,"ZMAzjxpsatlP5Z3MpTDKhQ==","ZMAzjxpsatlP5Z3MpTDKhQ==","Natural Resource Conservation Service","S2016NH003015","Series Not Determined","Loamy-skeletal, isotic, frigid Aquic Haplorthods","aquic haplorthods","haplorthods","orthods","spodosols","pit;BART;20160624;BART_011;Roger DeKett Martha Stuart;5.5;307;20x20 SW marker;center of pit",
