uid,domainID,siteID,pitNamedLocation,pitID,horizonID,bulkDensID,horizonName,setDate,collectDate,laboratoryName,labProjID,bulkDensCenterDepth,bulkDensTopDepth,bulkDensBottomDepth,bulkDensHorizonProportion,bulkDensSampleType,bulkDensExclCoarseFrag,remarks
"a337312d-11e2-4955-9147-d2048f65d448","D17","SOAP","MEGAPT111415","D17_SOAP_PIT1","17_SOAP_PIT1_A2","D17_SOAP_PIT1_BULKD_23-28_A2","A2","2016-08-15","2016-08-15","USDA NRCS Kellogg Soil Survey Laboratory - Lincoln - NE","I2016USCA139",25.5,23.0,28.0,1.0,"Regular",1.0902,
"dfe49df7-c25a-4336-ab62-05332669b4ed","D17","SOAP","MEGAPT111415","D17_SOAP_PIT1","17_SOAP_PIT1_2C",,"2C","2016-08-15","2016-08-15",,,,,,,,,
"9269bf70-536a-4172-99d3-b4805c7f0b34","D17","SOAP","MEGAPT111415","D17_SOAP_PIT1","17_SOAP_PIT1_BT1","D17_SOAP_PIT1_BULKD_38-43_BT1","AB","2016-08-15","2016-08-15","USDA NRCS Kellogg Soil Survey Laboratory - Lincoln - NE","I2016USCA139",40.5,38.0,43.0,1.0,"Regular",1.0146,
"db99ca08-2c5e-44f5-9790-f317971f4aa2","D17","SOAP","MEGAPT111415","D17_SOAP_PIT1","17_SOAP_PIT1_2BT","D17_SOAP_PIT1_BULKD_167-172_2BT","2Bt3","2016-08-15","2016-08-15","USDA NRCS Kellogg Soil Survey Laboratory - Lincoln - NE","I2016USCA139",169.5,167.0,172.0,1.0,"Regular",1.6433,
"818fb032-5ddd-4f88-a9de-90b57ea75ae2","D17","SOAP","MEGAPT111415","D17_SOAP_PIT1","17_SOAP_PIT1_A1","D17_SOAP_PIT1_BULKD_9-14_A1","A1","2016-08-15","2016-08-15","USDA NRCS Kellogg Soil Survey Laboratory - Lincoln - NE","I2016USCA139",11.5,9.0,14.0,1.0,"Regular",0.7281,
"929bf266-9578-422a-87ef-39c84ba90d7f","D17","SOAP","MEGAPT111415","D17_SOAP_PIT1","17_SOAP_PIT1_BT3","D17_SOAP_PIT1_BULKD_102-107_BT3","Bt2","2016-08-15","2016-08-15","USDA NRCS Kellogg Soil Survey Laboratory - Lincoln - NE","I2016USCA139",104.5,102.0,107.0,1.0,"Regular",1.3528,
"ddf1a39d-c916-4963-a6bf-a40d3956b5b9","D17","SOAP","MEGAPT111415","D17_SOAP_PIT1","17_SOAP_PIT1_BT2","D17_SOAP_PIT1_BULKD_64-69_BT2","Bt1","2016-08-15","2016-08-15","USDA NRCS Kellogg Soil Survey Laboratory - Lincoln - NE","I2016USCA139",66.5,64.0,69.0,1.0,"Regular",1.1897,
"606873f5-6e62-4916-92db-ace98f22f589","D17","SOAP","MEGAPT111415","D17_SOAP_PIT1","17_SOAP_PIT1_OI/OE","D17_SOAP_PIT1_BULKD_0-4_OI/OE","Oi","2016-08-15","2016-08-15","USDA NRCS Kellogg Soil Survey Laboratory - Lincoln - NE","I2016USCA139",2.0,0.0,4.0,1.0,"Regular",0.0753,
