uid,domainID,siteID,pitNamedLocation,pitID,horizonID,horizonName,setDate,collectDate,archiveID,archiveLaboratoryName,archiveTopDepth,archiveBottomDepth,remarks,sampleMass
"f2fbae7d-0582-4623-bfd7-ae2d9287881a","D17","SOAP","MEGAPT111415","D17_SOAP_PIT1","17_SOAP_PIT1_BT1","AB","2016-08-15","2016-08-15","D17_SOAP_PIT1_ARCHIVE_32-52_BT1","NEON",32.0,52.0,,3600.4
"6339ad86-de2c-4d2e-a30d-189c70f6614e","D17","SOAP","MEGAPT111415","D17_SOAP_PIT1","17_SOAP_PIT1_A1","A1","2016-08-15","2016-08-15","D17_SOAP_PIT1_ARCHIVE_4-18_A1","NEON",4.0,18.0,,3600.0
"c351fb12-b276-478a-9c21-11ff48f549c1","D17","SOAP","MEGAPT111415","D17_SOAP_PIT1","17_SOAP_PIT1_OI/OE","Oi","2016-08-15","2016-08-15","D17_SOAP_PIT1_ARCHIVE_0-4_OI/OE","NEON",0.0,4.0,,2108.1
"56fa3f4a-4b81-4e40-93d1-d2f86b199ed9","D17","SOAP","MEGAPT111415","D17_SOAP_PIT1","17_SOAP_PIT1_2C","2C","2016-08-15","2016-08-15",,,,,,
"36471258-78d7-407a-9f11-4cd9580e5bef","D17","SOAP","MEGAPT111415","D17_SOAP_PIT1","17_SOAP_PIT1_A2","A2","2016-08-15","2016-08-15","D17_SOAP_PIT1_ARCHIVE_18-32_A2","NEON",18.0,32.0,,3600.2
"0048c9a7-5ad1-4d3f-98d9-0c9f4071944a","D17","SOAP","MEGAPT111415","D17_SOAP_PIT1","17_SOAP_PIT1_BT3","Bt2","2016-08-15","2016-08-15","D17_SOAP_PIT1_ARCHIVE_91-136_BT3","NEON",91.0,136.0,,3600.8
"b641845a-31be-453f-be92-dcb97f1da0ca","D17","SOAP","MEGAPT111415","D17_SOAP_PIT1","17_SOAP_PIT1_BT2","Bt1","2016-08-15","2016-08-15","D17_SOAP_PIT1_ARCHIVE_52-91_BT2","NEON",52.0,91.0,,3600.0
"edc4a54d-dd7d-41df-be49-382e49a47e66","D17","SOAP","MEGAPT111415","D17_SOAP_PIT1","17_SOAP_PIT1_2BT","2Bt3","2016-08-15","2016-08-15","D17_SOAP_PIT1_ARCHIVE_136-213_2BT","NEON",136.0,213.0,,3600.6
