uid,domainID,siteID,pitNamedLocation,pitID,horizonID,horizonName,setDate,collectDate,horizonTopDepth,horizonBottomDepth,nrcsDescriptionID,remarks
"28ab092e-16a3-4284-8a8b-f1e9628b4354","D17","SOAP","MEGAPT111415","D17_SOAP_PIT1","17_SOAP_PIT1_OI/OE","Oi","2016-08-15","2016-08-15",0.0,4.0,"S2016CA019003",
"90b413a4-e421-4eda-9507-df0fb1f55dbe","D17","SOAP","MEGAPT111415","D17_SOAP_PIT1","17_SOAP_PIT1_2BT","2Bt3","2016-08-15","2016-08-15",136.0,213.0,"S2016CA019003",
"5052663c-7e48-4e39-8cee-d45a312a4105","D17","SOAP","MEGAPT111415","D17_SOAP_PIT1","17_SOAP_PIT1_BT1","AB","2016-08-15","2016-08-15",32.0,52.0,"S2016CA019003",
"7250e356-1990-4ffe-9b67-e1d858b8970f","D17","SOAP","MEGAPT111415","D17_SOAP_PIT1","17_SOAP_PIT1_A2","A2","2016-08-15","2016-08-15",18.0,32.0,"S2016CA019003",
"58e82a33-4c8a-4c38-8a56-62ad410ef485","D17","SOAP","MEGAPT111415","D17_SOAP_PIT1","17_SOAP_PIT1_2C","2C","2016-08-15","2016-08-15",213.0,255.0,"S2016CA019003",
"6f6fbb9e-e86b-419c-bb47-01cad2633bbe","D17","SOAP","MEGAPT111415","D17_SOAP_PIT1","17_SOAP_PIT1_BT2","Bt1","2016-08-15","2016-08-15",52.0,91.0,"S2016CA019003",
"d6571eab-1bf1-4d06-9e8b-cea048a55a46","D17","SOAP","MEGAPT111415","D17_SOAP_PIT1","17_SOAP_PIT1_A1","A1","2016-08-15","2016-08-15",4.0,18.0,"S2016CA019003",
"671b01ad-19e6-4dc0-9e53-30906107442d","D17","SOAP","MEGAPT111415","D17_SOAP_PIT1","17_SOAP_PIT1_BT3","Bt2","2016-08-15","2016-08-15",91.0,136.0,"S2016CA019003",
