uid,domainID,siteID,plotID,namedLocation,plotType,nlcdClass,geodeticDatum,decimalLatitude,decimalLongitude,coordinateUncertainty,elevation,elevationUncertainty,collectDate,referenceCorner,sampleDistance,sampleBearing,pitID,testProtocolVersion,soilSamplingMethod,sampleRelativeLocation,pitDepth,recordedByA,soilProfileDescriberA,soilProfileDescriberInst,nrcsDescriptionID,soilSeries,soilFamily,soilSubgroup,soilGreatGroup,soilSuborder,soilOrder,remarks,dataQF
"f237f3c0-83b1-43e3-ae14-4742dfee5e65","D09","NOGP","NOGP_018","NOGP_018.basePlot.all","distributed","grasslandHerbaceous","WGS84",46.764946,-100.921419,20.1,591.4,0.1,"2016-05-02","SW40",0.9,20,"1139277","Field Book for Describing and Sampling Soils ver3","soil pit","Center of pit",200,"TJPQhZ5tRwJ4ri5N0FLtPw==","8rPSFEgA3ZKyHw0SDIAYeA==","Natural Resource Conservation Service","S2016ND059017","Wilton","Fine-silty, mixed, superactive, frigid Pachic Haplustolls","pachic haplustolls","haplustolls","ustolls","mollisols","9.05;20;40x40 SW marker",
"49176be0-1eb9-4605-90ef-1d380b43562d","D09","NOGP","NOGP_025","NOGP_025.basePlot.all","distributed","grasslandHerbaceous","WGS84",46.766302,-100.921060,20.1,592.2,0.1,"2016-05-02","SW40",0.5,7,"1139282","Field Book for Describing and Sampling Soils ver3","soil pit","Center of pit",200,"TJPQhZ5tRwJ4ri5N0FLtPw==","OtMHxwNIYmm/pKNxW8oBAw==","Natural Resource Conservation Service","S2016ND059024","Wilton","Fine-silty, mixed, superactive, frigid Pachic Haplustolls","pachic haplustolls","haplustolls","ustolls","mollisols","5.33;7;40x40 SW marker",
"70d74f34-dfc6-41a5-8017-2eeb0c8c5baa","D09","NOGP","NOGP_041","NOGP_041.basePlot.all","distributed","grasslandHerbaceous","WGS84",46.781417,-100.921628,20.0,578.0,0.0,"2016-05-03","SW40",1.0,23,"1139285","Field Book for Describing and Sampling Soils ver3","soil pit","Center of pit",200,"TJPQhZ5tRwJ4ri5N0FLtPw==","8rPSFEgA3ZKyHw0SDIAYeA==","Natural Resource Conservation Service","S2016ND059030","Bryant","Fine-silty, mixed, superactive, frigid Typic Haplustolls","typic haplustolls","haplustolls","ustolls","mollisols","10.19;23;40x40 SW marker",
"7ec10c07-d43a-4316-8e88-aaf791a1509a","D09","NOGP","NOGP_008","NOGP_008.basePlot.all","distributed","grasslandHerbaceous","WGS84",46.783513,-100.907936,20.0,559.3,0.0,"2016-05-03","SW40",0.8,59,"1139271","Field Book for Describing and Sampling Soils ver3","soil pit","Center of pit",200,"QbTbGQdxRUI6YDSjtXJI/g==","OtMHxwNIYmm/pKNxW8oBAw==","Natural Resource Conservation Service","S2016ND059007","Golva","Fine-silty, mixed, superactive, frigid Typic Haplustolls","typic haplustolls","haplustolls","ustolls","mollisols","7.65;59;40x40 SW marker",
"c3b7969e-c2e3-4e16-a0af-400563093cd2","D09","NOGP","NOGP_012","NOGP_012.basePlot.all","distributed","grasslandHerbaceous","WGS84",46.786096,-100.915884,20.0,565.3,0.0,"2016-05-03","SW40",0.6,52,"1139273","Field Book for Describing and Sampling Soils ver3","soil pit","Center of pit",200,"QbTbGQdxRUI6YDSjtXJI/g==","OtMHxwNIYmm/pKNxW8oBAw==","Natural Resource Conservation Service","S2016ND059011","Morton","Fine-silty, mixed, superactive, frigid Typic Argiustolls","typic argiustolls","argiustolls","ustolls","mollisols","5.67;52;40x40 SW marker",
"6ba2003d-42eb-4557-92b9-9f0d4ee6d558","D09","NOGP","NOGP_015","NOGP_015.basePlot.all","distributed","grasslandHerbaceous","WGS84",46.785603,-100.911927,20.0,543.1,0.0,"2016-05-03","SW40",4.0,6,"1139275","Field Book for Describing and Sampling Soils ver3","soil pit","Center of pit",200,"TJPQhZ5tRwJ4ri5N0FLtPw==","8rPSFEgA3ZKyHw0SDIAYeA==","Natural Resource Conservation Service","S2016ND059014","Savage","Fine, smectitic, frigid Vertic Argiustolls","vertic argiustolls","argiustolls","ustolls","mollisols","39.62;6;40x40 SW marker",
"7489fbfb-73c7-4548-8d83-ad545f594c8b","D09","NOGP","NOGP_017","NOGP_017.basePlot.all","distributed","grasslandHerbaceous","WGS84",46.792018,-100.916884,20.0,557.2,0.0,"2016-05-04","SW40",0.4,74,"1139276","Field Book for Describing and Sampling Soils ver3","soil pit","Center of pit",200,"TJPQhZ5tRwJ4ri5N0FLtPw==","8rPSFEgA3ZKyHw0SDIAYeA==","Natural Resource Conservation Service","S2016ND059016","Sen","Fine-silty, mixed, superactive, frigid Typic Haplustolls","typic haplustolls","haplustolls","ustolls","mollisols","4.15;74;40x40 SW marker",
"3ca449fc-22f5-4399-9382-21a45f0ab634","D09","NOGP","NOGP_024","NOGP_024.basePlot.all","distributed","grasslandHerbaceous","WGS84",46.799269,-100.902581,20.0,555.4,0.0,"2016-05-04","SW40",1.1,21,"1139281","Field Book for Describing and Sampling Soils ver3","soil pit","Center of pit",200,"QbTbGQdxRUI6YDSjtXJI/g==","xIzSgcEu9uKvo9vu5NQI7g==","Natural Resource Conservation Service","S2016ND059023","Janesburg","Fine, smectitic, frigid Typic Natrustolls","typic natrustolls","natrustolls","ustolls","mollisols","10.86;21;40x40 SW marker",
"d2bfb5ab-18f9-4899-9b14-74d3450d54ae","D09","NOGP","NOGP_023","NOGP_023.basePlot.all","distributed","grasslandHerbaceous","WGS84",46.786461,-100.910403,20.0,543.8,0.0,"2016-05-04","SW40",2.6,8,"1139280","Field Book for Describing and Sampling Soils ver3","soil pit","Center of pit",200,"TJPQhZ5tRwJ4ri5N0FLtPw==","8rPSFEgA3ZKyHw0SDIAYeA==","Natural Resource Conservation Service","S2016ND059022","Cabba","Loamy, mixed, superactive, calcareous, frigid Typic Ustorthents","typic ustorthents","ustorthents","orthents","entisols","25.55;8;40x40 SW marker",
"a9a82d11-565e-4efb-972c-d5b23a832aad","D09","NOGP","NOGP_030","NOGP_030.basePlot.all","distributed","grasslandHerbaceous","WGS84",46.791118,-100.921568,20.1,569.9,0.1,"2016-05-04","SW40",0.4,23,"1139284","Field Book for Describing and Sampling Soils ver3","soil pit","Center of pit",200,"QbTbGQdxRUI6YDSjtXJI/g==","xIzSgcEu9uKvo9vu5NQI7g==","Natural Resource Conservation Service","S2016ND059029","Amor","Fine-loamy, mixed, superactive, frigid Typic Haplustolls","typic haplustolls","haplustolls","ustolls","mollisols","3.60;23;40x40 SW marker",
"01656727-2cec-4474-9f60-891eebc12c72","D09","NOGP","NOGP_028","NOGP_028.basePlot.all","distributed","grasslandHerbaceous","WGS84",46.801135,-100.904617,20.0,539.1,0.0,"2016-05-05","SW40",1.3,89,"1139283","Field Book for Describing and Sampling Soils ver3","soil pit","Center of pit",200,"QbTbGQdxRUI6YDSjtXJI/g==","OtMHxwNIYmm/pKNxW8oBAw==","Natural Resource Conservation Service","S2016ND059027","Grail","Fine, smectitic, frigid Pachic Vertic Argiustolls","pachic vertic argiustolls","argiustolls","ustolls","mollisols","12.86;89;40x40 SW marker",
"dbe2bb43-c92a-47c5-8846-538307d47731","D09","NOGP","NOGP_014","NOGP_014.basePlot.all","distributed","grasslandHerbaceous","WGS84",46.807630,-100.903673,20.1,528.0,0.1,"2016-05-05","SW40",3.0,79,"1139274","Field Book for Describing and Sampling Soils ver3","soil pit","Center of pit",200,"TJPQhZ5tRwJ4ri5N0FLtPw==","xIzSgcEu9uKvo9vu5NQI7g==","Natural Resource Conservation Service","S2016ND059013","Schaller","Sandy, mixed, frigid Entic Haplustolls","entic haplustolls","haplustolls","ustolls","mollisols","29.89;79;40x40 SW marker",
"08b9e4de-cf2f-46a2-a1de-a5b6b1e187af","D09","NOGP","NOGP_022","NOGP_022.basePlot.all","distributed","grasslandHerbaceous","WGS84",46.798173,-100.904137,20.0,542.7,0.0,"2016-05-05","SW40",3.5,16,"1139279","Field Book for Describing and Sampling Soils ver3","soil pit","Center of pit",200,"TJPQhZ5tRwJ4ri5N0FLtPw==","8rPSFEgA3ZKyHw0SDIAYeA==","Natural Resource Conservation Service","S2016ND059021","Farnuf","Fine-loamy, mixed, superactive, frigid Typic Argiustolls","typic argiustolls","argiustolls","ustolls","mollisols","35.27;16;40x40 SW marker",
"42df81cd-b9ca-43d6-9f72-c3ffdf60437c","D09","NOGP","NOGP_021","NOGP_021.basePlot.all","distributed","grasslandHerbaceous","WGS84",46.800616,-100.919552,20.0,545.4,0.0,"2016-05-09","SW40",2.0,68,"1139278","Field Book for Describing and Sampling Soils ver3","soil pit","Center of pit",200,"TJPQhZ5tRwJ4ri5N0FLtPw==","OtMHxwNIYmm/pKNxW8oBAw==","Natural Resource Conservation Service","S2016ND059020","Chama","Fine-silty, mixed, superactive, frigid Typic Calciustolls","typic calciustolls","calciustolls","ustolls","mollisols","19.73;68;40x40 SW marker",
"2e43eceb-443a-422a-8751-7c44482791f2","D09","NOGP","NOGP_001","NOGP_001.basePlot.all","distributed","grasslandHerbaceous","WGS84",46.806092,-100.915421,20.1,526.2,0.1,"2016-05-09","SW40",0.5,35,"1139268","Field Book for Describing and Sampling Soils ver3","soil pit","Center of pit",200,"TJPQhZ5tRwJ4ri5N0FLtPw==","OtMHxwNIYmm/pKNxW8oBAw==","Natural Resource Conservation Service","S2016ND059001","Parshall","Coarse-loamy, mixed, superactive, frigid Pachic Haplustolls","pachic haplustolls","haplustolls","ustolls","mollisols","5.33;35;40x40 SW marker",
"e9ca7c61-21e3-496e-a2c4-b7ae034837c8","D09","NOGP","NOGP_009","NOGP_009.basePlot.all","distributed","grasslandHerbaceous","WGS84",46.801783,-100.914474,20.0,547.1,0.0,"2016-05-09","SW40",1.7,82,"1139272","Field Book for Describing and Sampling Soils ver3","soil pit","Center of pit",200,"TJPQhZ5tRwJ4ri5N0FLtPw==","OtMHxwNIYmm/pKNxW8oBAw==","Natural Resource Conservation Service","S2016ND059008","Savage","Fine, smectitic, frigid Vertic Argiustolls","vertic argiustolls","argiustolls","ustolls","mollisols","17.38;82;40x40 SW marker",
"08c7db16-929e-4149-9e29-41b721f5ae29","D09","NOGP","NOGP_003","NOGP_003.basePlot.all","distributed","grasslandHerbaceous","WGS84",46.800934,-100.916415,20.0,525.0,0.0,"2016-05-10","SW40",4.3,58,"1139269","Field Book for Describing and Sampling Soils ver3","soil pit","Center of pit",200,"TJPQhZ5tRwJ4ri5N0FLtPw==","OtMHxwNIYmm/pKNxW8oBAw==","Natural Resource Conservation Service","S2016ND059003","Savage","Fine, smectitic, frigid Vertic Argiustolls","vertic argiustolls","argiustolls","ustolls","mollisols","43.37;58;40x40 SW marker",
