uid,namedLocation,domainID,siteID,plotID,pitID,collectDate,testProtocolVersion,nrcsDescriptionID,horizonID,horizonName,horizonTopDepth,horizonBottomDepth,remarks,dataQF
"bf5640c2-0857-4b30-b615-cb3283680d53","NOGP_018.basePlot.all","D09","NOGP","NOGP_018","1139277","2016-05-02","Field Book for Describing and Sampling Soils ver3","S2016ND059017","16N04107","3Bk2",90,133,,
"cc827fbd-5d50-4449-853d-999f165f2a1c","NOGP_018.basePlot.all","D09","NOGP","NOGP_018","1139277","2016-05-02","Field Book for Describing and Sampling Soils ver3","S2016ND059017","5877980","3C",133,200,,
"c39db74e-154b-476c-84c3-ab89de76feec","NOGP_025.basePlot.all","D09","NOGP","NOGP_025","1139282","2016-05-02","Field Book for Describing and Sampling Soils ver3","S2016ND059024","16N04129","Bw1",32,52,,
"510d144c-7217-46cd-bc7a-35d841fe0f71","NOGP_025.basePlot.all","D09","NOGP","NOGP_025","1139282","2016-05-02","Field Book for Describing and Sampling Soils ver3","S2016ND059024","16N04132","2Bk2",75,150,,
"48b9f232-5624-419a-820b-c30be42cea31","NOGP_018.basePlot.all","D09","NOGP","NOGP_018","1139277","2016-05-02","Field Book for Describing and Sampling Soils ver3","S2016ND059017","16N04105","Bw2",49,56,,
"b57affb8-bb2b-483e-afda-7e0573573511","NOGP_025.basePlot.all","D09","NOGP","NOGP_025","1139282","2016-05-02","Field Book for Describing and Sampling Soils ver3","S2016ND059024","16N04131","Bk1",64,75,,
"1bdd08b1-0849-411e-9ebd-f691e89aa510","NOGP_018.basePlot.all","D09","NOGP","NOGP_018","1139277","2016-05-02","Field Book for Describing and Sampling Soils ver3","S2016ND059017","16N04103","A",0,30,,
"39d771c4-d91f-4d75-8a95-6245912b9433","NOGP_018.basePlot.all","D09","NOGP","NOGP_018","1139277","2016-05-02","Field Book for Describing and Sampling Soils ver3","S2016ND059017","16N04104","Bw1",30,49,,
"3581babf-26b6-4d7a-a034-42459dc853fe","NOGP_025.basePlot.all","D09","NOGP","NOGP_025","1139282","2016-05-02","Field Book for Describing and Sampling Soils ver3","S2016ND059024","16N04130","Bw2",52,64,,
"b57824ed-1ce2-4c87-8c69-585ca8d5d2d0","NOGP_025.basePlot.all","D09","NOGP","NOGP_025","1139282","2016-05-02","Field Book for Describing and Sampling Soils ver3","S2016ND059024","5878008","2C",150,200,,
"5dc1ddb6-8570-4d5b-927c-1da4fe9714ec","NOGP_025.basePlot.all","D09","NOGP","NOGP_025","1139282","2016-05-02","Field Book for Describing and Sampling Soils ver3","S2016ND059024","16N04128","A",0,32,,
"5b09a392-6318-42f5-a434-81982ea974da","NOGP_018.basePlot.all","D09","NOGP","NOGP_018","1139277","2016-05-02","Field Book for Describing and Sampling Soils ver3","S2016ND059017","16N04106","2Bk1",56,90,,
"9706ea36-bb36-4500-b0ed-b66ba4f5251d","NOGP_015.basePlot.all","D09","NOGP","NOGP_015","1139275","2016-05-03","Field Book for Describing and Sampling Soils ver3","S2016ND059014","16N04095","Bt1",27,44,,
"152e906e-6211-4ddb-ae39-0800de91971e","NOGP_015.basePlot.all","D09","NOGP","NOGP_015","1139275","2016-05-03","Field Book for Describing and Sampling Soils ver3","S2016ND059014","16N04096","Bt2",44,73,,
"32323e1a-2732-4dd8-bee8-65c42aed6d29","NOGP_015.basePlot.all","D09","NOGP","NOGP_015","1139275","2016-05-03","Field Book for Describing and Sampling Soils ver3","S2016ND059014","5877969","2C",104,114,,
"d186c789-9694-424b-afab-72f9ef1d4ace","NOGP_008.basePlot.all","D09","NOGP","NOGP_008","1139271","2016-05-03","Field Book for Describing and Sampling Soils ver3","S2016ND059007","5877948","C",145,186,"Numerous redoximorphic features due to wicking effect of the water table of the creek upward through the soil profile. This pedon is adjacent to a small intermittent creek.",
"1f65bc2a-3d1c-4af3-a33e-5c169428b247","NOGP_008.basePlot.all","D09","NOGP","NOGP_008","1139271","2016-05-03","Field Book for Describing and Sampling Soils ver3","S2016ND059007","16N04079","Bw",23,38,"Numerous redoximorphic features due to wicking effect of the water table of the creek upward through the soil profile. This pedon is adjacent to a small intermittent creek.",
"c32297f8-fe3a-4e24-84a5-fc5195d6ac2c","NOGP_008.basePlot.all","D09","NOGP","NOGP_008","1139271","2016-05-03","Field Book for Describing and Sampling Soils ver3","S2016ND059007","16N04078","A",0,23,,
"1f886834-55b0-4323-ac0c-26b81410ad15","NOGP_015.basePlot.all","D09","NOGP","NOGP_015","1139275","2016-05-03","Field Book for Describing and Sampling Soils ver3","S2016ND059014","16N04097","Bt3",73,85,,
"b57d1506-0da7-4b0c-a945-e0c27ef92583","NOGP_015.basePlot.all","D09","NOGP","NOGP_015","1139275","2016-05-03","Field Book for Describing and Sampling Soils ver3","S2016ND059014","16N04098","Bk",85,104,,
"8b9329a8-6e92-4991-a973-05657d9e95fa","NOGP_015.basePlot.all","D09","NOGP","NOGP_015","1139275","2016-05-03","Field Book for Describing and Sampling Soils ver3","S2016ND059014","16N04094","A",0,27,,
"a9d186ce-bc9a-4e38-8f8c-90de432fc108","NOGP_012.basePlot.all","D09","NOGP","NOGP_012","1139273","2016-05-03","Field Book for Describing and Sampling Soils ver3","S2016ND059011","16N04089","Cr",88,200,,
"cb2e5132-2957-4ab3-bfcf-c429c445b5c2","NOGP_008.basePlot.all","D09","NOGP","NOGP_008","1139271","2016-05-03","Field Book for Describing and Sampling Soils ver3","S2016ND059007","16N04081","Bk2",67,110,"Numerous redoximorphic features due to wicking effect of the water table of the creek upward through the soil profile. This pedon is adjacent to a small intermittent creek.",
"b899af93-2e89-4d27-91a5-1828619b5e18","NOGP_041.basePlot.all","D09","NOGP","NOGP_041","1139285","2016-05-03","Field Book for Describing and Sampling Soils ver3","S2016ND059030","16N04142","2Bk2",62,80,,
"caa1da60-e01f-4f5d-a452-d88389d0c01b","NOGP_041.basePlot.all","D09","NOGP","NOGP_041","1139285","2016-05-03","Field Book for Describing and Sampling Soils ver3","S2016ND059030","16N04139","Bw2",25,41,,
"db54c53a-862d-45ba-9c29-9bc74fe362d7","NOGP_008.basePlot.all","D09","NOGP","NOGP_008","1139271","2016-05-03","Field Book for Describing and Sampling Soils ver3","S2016ND059007","16N04080","Bk1",38,67,"Numerous redoximorphic features due to wicking effect of the water table of the creek upward through the soil profile. This pedon is adjacent to a small intermittent creek.",
"e33737f0-a889-4fc7-b121-e1a9e5b35820","NOGP_041.basePlot.all","D09","NOGP","NOGP_041","1139285","2016-05-03","Field Book for Describing and Sampling Soils ver3","S2016ND059030","16N04141","2Abk",53,62,,
"9f9af904-8acf-470f-a449-d4c3b8e6d9d3","NOGP_012.basePlot.all","D09","NOGP","NOGP_012","1139273","2016-05-03","Field Book for Describing and Sampling Soils ver3","S2016ND059011","16N04087","Bt",18,51,,
"08a5b479-4e24-411b-8ce7-91ba1c3ae391","NOGP_041.basePlot.all","D09","NOGP","NOGP_041","1139285","2016-05-03","Field Book for Describing and Sampling Soils ver3","S2016ND059030","16N04137","A",0,14,,
"5bec0209-d908-4bcc-a067-e608449bd6a0","NOGP_041.basePlot.all","D09","NOGP","NOGP_041","1139285","2016-05-03","Field Book for Describing and Sampling Soils ver3","S2016ND059030","5878027","3C",128,200,,
"443a5bbf-285d-4207-b44f-6d6b39ae23f1","NOGP_041.basePlot.all","D09","NOGP","NOGP_041","1139285","2016-05-03","Field Book for Describing and Sampling Soils ver3","S2016ND059030","16N04140","Bk1",41,53,,
"b98795fe-c24f-4300-a1fa-ecc49aec6b15","NOGP_008.basePlot.all","D09","NOGP","NOGP_008","1139271","2016-05-03","Field Book for Describing and Sampling Soils ver3","S2016ND059007","5877947","BC",110,145,"Carbonate masses are effervescent, but no effervescence in the soil matrix in this horizon. Numerous redoximorphic features due to wicking effect of the water table of the creek upward through the soil profile. This pedon is adjacent to a small intermittent creek.",
"487c4ce2-c07c-43c5-82fc-3e48295dac6e","NOGP_008.basePlot.all","D09","NOGP","NOGP_008","1139271","2016-05-03","Field Book for Describing and Sampling Soils ver3","S2016ND059007","5877949","Cr",186,200,,
"e911dd41-6fb0-4b86-9e46-83c6392aec09","NOGP_015.basePlot.all","D09","NOGP","NOGP_015","1139275","2016-05-03","Field Book for Describing and Sampling Soils ver3","S2016ND059014","5877970","2Cr",114,200,,
"a956caa6-44f6-405a-9e4f-779b7626bf7f","NOGP_012.basePlot.all","D09","NOGP","NOGP_012","1139273","2016-05-03","Field Book for Describing and Sampling Soils ver3","S2016ND059011","16N04088","Btk",51,88,"The redoximorphic features present in this Btk horizon were near the bottom of the horizon just above the sedimentary beds (Cr horizon).",
"92de67b8-9ebf-43ad-a710-a1d4ad164cdf","NOGP_041.basePlot.all","D09","NOGP","NOGP_041","1139285","2016-05-03","Field Book for Describing and Sampling Soils ver3","S2016ND059030","16N04138","Bw1",14,25,,
"4e3b477b-ef73-421e-a759-6d6773b3cd4c","NOGP_041.basePlot.all","D09","NOGP","NOGP_041","1139285","2016-05-03","Field Book for Describing and Sampling Soils ver3","S2016ND059030","16N04143","2Bk3",80,128,,
"9a2b9904-1467-48a1-a6eb-2cbae541c8f9","NOGP_012.basePlot.all","D09","NOGP","NOGP_012","1139273","2016-05-03","Field Book for Describing and Sampling Soils ver3","S2016ND059011","16N04086","A",0,18,,
"920977f4-be9c-4652-9715-99ade852a226","NOGP_024.basePlot.all","D09","NOGP","NOGP_024","1139281","2016-05-04","Field Book for Describing and Sampling Soils ver3","S2016ND059023","16N04127","2Cr",99,200,,
"7b98517b-626f-4fcc-9253-ae0e19b9d538","NOGP_030.basePlot.all","D09","NOGP","NOGP_030","1139284","2016-05-04","Field Book for Describing and Sampling Soils ver3","S2016ND059029","16N04146","Bk",37,74,"A few small oxidized iron redoximorphic features were present at the very bottom of the Bk horizon directly above and adjacent to the soft sandstone bedrock parent material.",
"626cf592-fd13-4710-b478-a362424876bb","NOGP_024.basePlot.all","D09","NOGP","NOGP_024","1139281","2016-05-04","Field Book for Describing and Sampling Soils ver3","S2016ND059023","16N04124","2Btnk",50,75,,
"d0e2eb59-c36d-49a5-bd72-5e4f293ed1f0","NOGP_023.basePlot.all","D09","NOGP","NOGP_023","1139280","2016-05-04","Field Book for Describing and Sampling Soils ver3","S2016ND059022","16N04119","BCk",28,40,,
"d5cba1ef-ffe9-49fd-b4f9-4dd7805b2274","NOGP_024.basePlot.all","D09","NOGP","NOGP_024","1139281","2016-05-04","Field Book for Describing and Sampling Soils ver3","S2016ND059023","16N04125","2Bk",75,87,,
"2074a150-25df-48ae-8b27-b7d46de5a6bc","NOGP_030.basePlot.all","D09","NOGP","NOGP_030","1139284","2016-05-04","Field Book for Describing and Sampling Soils ver3","S2016ND059029","16N04147","Cr",74,200,"The Cr horizon is soft sandstone sedimentary beds that were encountered at 74 cm below the surface. The Cr horizon has strong effervescence and numerous soft carbonate masses between the strata of the bedrock.",
"b62e403b-deeb-4f3f-968a-9b1b87369d69","NOGP_017.basePlot.all","D09","NOGP","NOGP_017","1139276","2016-05-04","Field Book for Describing and Sampling Soils ver3","S2016ND059016","16N04099","A",0,22,,
"a75caa06-0406-473c-93f3-a371744c9f8b","NOGP_024.basePlot.all","D09","NOGP","NOGP_024","1139281","2016-05-04","Field Book for Describing and Sampling Soils ver3","S2016ND059023","16N04126","2BCky",87,99,,
"4d368fb8-fce8-4061-a051-59d69eafc350","NOGP_017.basePlot.all","D09","NOGP","NOGP_017","1139276","2016-05-04","Field Book for Describing and Sampling Soils ver3","S2016ND059016","16N04100","Bw",22,36,,
"6205f231-6ddd-4746-a69e-65f971df4a8a","NOGP_017.basePlot.all","D09","NOGP","NOGP_017","1139276","2016-05-04","Field Book for Describing and Sampling Soils ver3","S2016ND059016","16N04102","Cr",67,200,,
"5899f626-76af-4858-950d-aef7994ed7a5","NOGP_024.basePlot.all","D09","NOGP","NOGP_024","1139281","2016-05-04","Field Book for Describing and Sampling Soils ver3","S2016ND059023","16N04122","Bw1",13,21,,
"cb690da0-7f8b-48b3-a81c-0a52c6e0fec7","NOGP_023.basePlot.all","D09","NOGP","NOGP_023","1139280","2016-05-04","Field Book for Describing and Sampling Soils ver3","S2016ND059022","16N04120","Cr",40,200,,
"49034f40-f48c-4840-a2c6-08c9dc569e53","NOGP_024.basePlot.all","D09","NOGP","NOGP_024","1139281","2016-05-04","Field Book for Describing and Sampling Soils ver3","S2016ND059023","16N04121","Ap",0,13,,
"3573a4e2-51d7-4c6a-92e0-9baec24416b1","NOGP_030.basePlot.all","D09","NOGP","NOGP_030","1139284","2016-05-04","Field Book for Describing and Sampling Soils ver3","S2016ND059029","16N04144","A",0,20,,
"e5299b50-42ce-4d92-852f-f8178ad2fc95","NOGP_017.basePlot.all","D09","NOGP","NOGP_017","1139276","2016-05-04","Field Book for Describing and Sampling Soils ver3","S2016ND059016","16N04101","Bk",36,67,,
"a5f1e0e2-9697-4e1c-ad44-53d33f7e75d5","NOGP_024.basePlot.all","D09","NOGP","NOGP_024","1139281","2016-05-04","Field Book for Describing and Sampling Soils ver3","S2016ND059023","16N04123","Bw2",21,50,,
"593905c6-ed26-4121-8ef8-b3d3170a6088","NOGP_023.basePlot.all","D09","NOGP","NOGP_023","1139280","2016-05-04","Field Book for Describing and Sampling Soils ver3","S2016ND059022","16N04117","A",0,12,,
"9ef39be4-50d7-4426-844a-1c40ccddd168","NOGP_030.basePlot.all","D09","NOGP","NOGP_030","1139284","2016-05-04","Field Book for Describing and Sampling Soils ver3","S2016ND059029","16N04145","Bw",20,37,,
"8b1dc181-eef4-4809-b8f3-28a2e2821231","NOGP_023.basePlot.all","D09","NOGP","NOGP_023","1139280","2016-05-04","Field Book for Describing and Sampling Soils ver3","S2016ND059022","16N04118","Bk",12,28,,
"f360ffc0-6299-4314-bf14-3fec1bd0579a","NOGP_022.basePlot.all","D09","NOGP","NOGP_022","1139279","2016-05-05","Field Book for Describing and Sampling Soils ver3","S2016ND059021","16N04113","A",13,25,,
"28c05e7f-d7bb-4849-b0e2-7e58619f939a","NOGP_014.basePlot.all","D09","NOGP","NOGP_014","1139274","2016-05-05","Field Book for Describing and Sampling Soils ver3","S2016ND059013","5877962","Ab",130,140,,
"4bcc4956-6ae3-4167-89cd-61f4fdcf6c70","NOGP_022.basePlot.all","D09","NOGP","NOGP_022","1139279","2016-05-05","Field Book for Describing and Sampling Soils ver3","S2016ND059021","5877991","C",130,200,"Percentage of sand increases with depth in the C horizon.",
"a29f1987-e6b2-4513-a779-ab53ca8534ce","NOGP_022.basePlot.all","D09","NOGP","NOGP_022","1139279","2016-05-05","Field Book for Describing and Sampling Soils ver3","S2016ND059021","16N04112","Ap",0,13,"Weak platy structure evident near the bottom of the Ap horizon resulting from soil compaction caused by cultivation in the past.",
"ce0c63e6-72c6-4b00-b1ef-6635634c4f0b","NOGP_014.basePlot.all","D09","NOGP","NOGP_014","1139274","2016-05-05","Field Book for Describing and Sampling Soils ver3","S2016ND059013","5877963","C3",140,200,"Lots of coarse sand present in this horizon.",
"b7a9a2f4-ee25-4fa4-9123-39088a6c48fc","NOGP_014.basePlot.all","D09","NOGP","NOGP_014","1139274","2016-05-05","Field Book for Describing and Sampling Soils ver3","S2016ND059013","16N04090","A",0,18,,
"6f2c4d24-51f0-4a16-ab4c-d8c9bbea0026","NOGP_022.basePlot.all","D09","NOGP","NOGP_022","1139279","2016-05-05","Field Book for Describing and Sampling Soils ver3","S2016ND059021","5877990","BCk",105,130,,
"57c33d91-26c1-4bab-a093-ee4568b0bd96","NOGP_022.basePlot.all","D09","NOGP","NOGP_022","1139279","2016-05-05","Field Book for Describing and Sampling Soils ver3","S2016ND059021","16N04115","Btk",37,57,,
"a6b2ff6b-c583-424a-810f-944538ec6ec5","NOGP_028.basePlot.all","D09","NOGP","NOGP_028","1139283","2016-05-05","Field Book for Describing and Sampling Soils ver3","S2016ND059027","16N04135","Bt",34,85,,
"c87b2918-b74e-415f-b577-f482eed55cb1","NOGP_014.basePlot.all","D09","NOGP","NOGP_014","1139274","2016-05-05","Field Book for Describing and Sampling Soils ver3","S2016ND059013","16N04093","C2",46,130,,
"9ef3772f-59b5-443a-8ad9-600f6c3f3ab1","NOGP_028.basePlot.all","D09","NOGP","NOGP_028","1139283","2016-05-05","Field Book for Describing and Sampling Soils ver3","S2016ND059027","5878014","C2",162,175,,
"0722532a-e4c7-4cbf-9d84-0e40248adeac","NOGP_028.basePlot.all","D09","NOGP","NOGP_028","1139283","2016-05-05","Field Book for Describing and Sampling Soils ver3","S2016ND059027","5878013","C1",105,162,,
"75905317-2014-43f7-a990-a65d7d490db5","NOGP_014.basePlot.all","D09","NOGP","NOGP_014","1139274","2016-05-05","Field Book for Describing and Sampling Soils ver3","S2016ND059013","16N04091","AC",18,32,,
"f679fd84-5bc7-4433-88c4-c18bf3e8c4ed","NOGP_028.basePlot.all","D09","NOGP","NOGP_028","1139283","2016-05-05","Field Book for Describing and Sampling Soils ver3","S2016ND059027","16N04136","Btk",85,105,,
"7d0f002b-e36f-47e1-b858-226e8db2ac11","NOGP_028.basePlot.all","D09","NOGP","NOGP_028","1139283","2016-05-05","Field Book for Describing and Sampling Soils ver3","S2016ND059027","16N04134","A",15,34,,
"f2a15da7-0023-4d6e-9d6b-3317d98b6f5d","NOGP_022.basePlot.all","D09","NOGP","NOGP_022","1139279","2016-05-05","Field Book for Describing and Sampling Soils ver3","S2016ND059021","16N04116","Bk",57,105,,
"38d3408e-fd15-4ba1-90bf-2fb9829b510b","NOGP_014.basePlot.all","D09","NOGP","NOGP_014","1139274","2016-05-05","Field Book for Describing and Sampling Soils ver3","S2016ND059013","16N04092","C1",32,46,"The soil matrix of the C1 horizon is non-effervescent, but the carbonate masses coating the bottoms of the rock fragments in this horizon exhibited strong effervescence.",
"790aacc4-4ea3-4819-a7e5-65ac4a22c8db","NOGP_022.basePlot.all","D09","NOGP","NOGP_022","1139279","2016-05-05","Field Book for Describing and Sampling Soils ver3","S2016ND059021","16N04114","Bt",25,37,,
"b8b45930-27c6-4ba5-a234-6db5470c48cd","NOGP_028.basePlot.all","D09","NOGP","NOGP_028","1139283","2016-05-05","Field Book for Describing and Sampling Soils ver3","S2016ND059027","5878015","C3",175,200,,
"b9fe0f5a-28f0-4ab7-9f6a-441a8bc3f732","NOGP_028.basePlot.all","D09","NOGP","NOGP_028","1139283","2016-05-05","Field Book for Describing and Sampling Soils ver3","S2016ND059027","16N04133","Ap",0,15,,
"f35cb2ac-822a-4667-bcf0-6b0c00d72773","NOGP_001.basePlot.all","D09","NOGP","NOGP_001","1139268","2016-05-09","Field Book for Describing and Sampling Soils ver3","S2016ND059001","16N04065","A2",30,56,,
"5b81ebb5-6181-49c7-a2c4-5f79164aa886","NOGP_009.basePlot.all","D09","NOGP","NOGP_009","1139272","2016-05-09","Field Book for Describing and Sampling Soils ver3","S2016ND059008","16N04084","Btk",53,88,,
"ac706a5f-6b50-442a-855a-58f2d138f5f6","NOGP_001.basePlot.all","D09","NOGP","NOGP_001","1139268","2016-05-09","Field Book for Describing and Sampling Soils ver3","S2016ND059001","16N04064","A1",0,30,,
"46abc1cf-04a0-4e04-bdf4-d38cdc6aac8e","NOGP_001.basePlot.all","D09","NOGP","NOGP_001","1139268","2016-05-09","Field Book for Describing and Sampling Soils ver3","S2016ND059001","5877927","Bw3",140,160,,
"6214bcbe-dda5-49cc-bdb3-84406c7b69f5","NOGP_021.basePlot.all","D09","NOGP","NOGP_021","1139278","2016-05-09","Field Book for Describing and Sampling Soils ver3","S2016ND059020","16N04109","Bk",14,54,,
"be764cb4-7879-4e9a-a495-9d819cde41d3","NOGP_021.basePlot.all","D09","NOGP","NOGP_021","1139278","2016-05-09","Field Book for Describing and Sampling Soils ver3","S2016ND059020","16N04110","BCk",54,68,"Redoximorphic features occur in a thin band just above the sedimentary beds of the Cr horizon.",
"876f4196-2c51-497c-9e4e-827282dc181d","NOGP_009.basePlot.all","D09","NOGP","NOGP_009","1139272","2016-05-09","Field Book for Describing and Sampling Soils ver3","S2016ND059008","16N04083","Bt",23,53,,
"599eca4a-58d0-4ae1-b600-e172355e9981","NOGP_021.basePlot.all","D09","NOGP","NOGP_021","1139278","2016-05-09","Field Book for Describing and Sampling Soils ver3","S2016ND059020","16N04111","Cr",68,200,,
"657cc81f-63e9-49de-940d-1ca32a621d4c","NOGP_021.basePlot.all","D09","NOGP","NOGP_021","1139278","2016-05-09","Field Book for Describing and Sampling Soils ver3","S2016ND059020","16N04108","A",0,14,,
"85101d7f-9e35-4e8a-9b83-51afe07c6928","NOGP_001.basePlot.all","D09","NOGP","NOGP_001","1139268","2016-05-09","Field Book for Describing and Sampling Soils ver3","S2016ND059001","16N04067","Bw2",89,140,,
"ba944eb5-356b-4886-992b-db74956bfe9e","NOGP_001.basePlot.all","D09","NOGP","NOGP_001","1139268","2016-05-09","Field Book for Describing and Sampling Soils ver3","S2016ND059001","16N04066","Bw1",56,89,,
"3e8aaae3-6599-403c-9bad-b1182d267e34","NOGP_009.basePlot.all","D09","NOGP","NOGP_009","1139272","2016-05-09","Field Book for Describing and Sampling Soils ver3","S2016ND059008","16N04085","C",88,200,,
"d95f70da-6cce-4963-81cb-c1faba148819","NOGP_009.basePlot.all","D09","NOGP","NOGP_009","1139272","2016-05-09","Field Book for Describing and Sampling Soils ver3","S2016ND059008","16N04082","A",0,23,,
"572dc8eb-aaa3-4cbb-a509-78a561662130","NOGP_001.basePlot.all","D09","NOGP","NOGP_001","1139268","2016-05-09","Field Book for Describing and Sampling Soils ver3","S2016ND059001","5877928","Bk",160,200,,
"c41cea15-9aef-4e91-a09d-62fdfd3a89ec","NOGP_003.basePlot.all","D09","NOGP","NOGP_003","1139269","2016-05-10","Field Book for Describing and Sampling Soils ver3","S2016ND059003","16N04070","Btk",29,51,,
"cd6030ec-aa0e-4797-a4cf-c5e48e65c321","NOGP_003.basePlot.all","D09","NOGP","NOGP_003","1139269","2016-05-10","Field Book for Describing and Sampling Soils ver3","S2016ND059003","5877933","C",107,200,"The strong effervesence was only on carbonate masses. No finely diseminated carbonates in this horizon.",
"2886dbd8-cd61-4c7b-9258-71ea74f94d0b","NOGP_003.basePlot.all","D09","NOGP","NOGP_003","1139269","2016-05-10","Field Book for Describing and Sampling Soils ver3","S2016ND059003","16N04068","A",0,18,,
"8c3469d2-6a51-4575-856b-7dfc5c71f191","NOGP_003.basePlot.all","D09","NOGP","NOGP_003","1139269","2016-05-10","Field Book for Describing and Sampling Soils ver3","S2016ND059003","16N04069","Bt",18,29,,
"ed1ca135-9a7f-4b1c-a84b-5ad048fc213d","NOGP_003.basePlot.all","D09","NOGP","NOGP_003","1139269","2016-05-10","Field Book for Describing and Sampling Soils ver3","S2016ND059003","16N04071","Bk",51,107,,
