uid,namedLocation,domainID,siteID,plotID,nrcsDescriptionID,collectDate,horizonID,horizonName,bulkDensProcessedDate,bulkDensMethodPub,bulkDensMethod,bulkDensIDnrcs,bulkDensSampleType,bulkDensCenterDepth,bulkDensTopDepth,bulkDensBottomDepth,bulkDensThirdBar,bulkDensOvenDry,bulkDensFieldMoist,waterRetentionThirdBar,fieldWaterContent,laboratoryName,remarks,dataQF
"bfd3425e-2efb-41fd-a79b-1304cd738174","NOGP_025.basePlot.all","D09","NOGP","NOGP_025","S2016ND059024","2016-05-02","16N04131","Bk1","2017-04-24","Kellogg Soil Survey Laboratory Methods Manual, Soil Survey Investigations Report No. 42 Version 5.0, Issued 2014","Bulk Density, Clods (3B1)","S2016ND059024-4","clod",69.5,64.0,75.0,1.34,1.45,,19.9,,"USDA NRCS Kellogg Soil Survey Laboratory",,
"aab62edb-c01a-4cfe-9a0c-7cff5cd4dbca","NOGP_025.basePlot.all","D09","NOGP","NOGP_025","S2016ND059024","2016-05-02","16N04132","2Bk2","2017-04-24","Kellogg Soil Survey Laboratory Methods Manual, Soil Survey Investigations Report No. 42 Version 5.0, Issued 2014","Bulk Density, Clods (3B1)","S2016ND059024-5","clod",112.5,75.0,150.0,1.38,1.48,,18.5,,"USDA NRCS Kellogg Soil Survey Laboratory",,
"02142a5f-56bb-41e8-b5af-489da6e59a64","NOGP_025.basePlot.all","D09","NOGP","NOGP_025","S2016ND059024","2016-05-02","16N04130","Bw2","2017-04-24","Kellogg Soil Survey Laboratory Methods Manual, Soil Survey Investigations Report No. 42 Version 5.0, Issued 2014","Bulk Density, Clods (3B1)","S2016ND059024-3","clod",58.0,52.0,64.0,1.35,1.47,,21.4,,"USDA NRCS Kellogg Soil Survey Laboratory",,
"9b0712d6-a010-4717-b767-27aed9c58ee9","NOGP_025.basePlot.all","D09","NOGP","NOGP_025","S2016ND059024","2016-05-02","16N04129","Bw1","2017-04-24","Kellogg Soil Survey Laboratory Methods Manual, Soil Survey Investigations Report No. 42 Version 5.0, Issued 2014","Bulk Density, Clods (3B1)","S2016ND059024-2","clod",42.0,32.0,52.0,1.35,1.48,,22.1,,"USDA NRCS Kellogg Soil Survey Laboratory",,
"8a1c69f1-892f-44ce-8d12-117f2f60322f","NOGP_025.basePlot.all","D09","NOGP","NOGP_025","S2016ND059024","2016-05-02","16N04128","A","2017-04-24","Kellogg Soil Survey Laboratory Methods Manual, Soil Survey Investigations Report No. 42 Version 5.0, Issued 2014","Bulk Density, Clods (3B1)","S2016ND059024-1","clod",16.0,0.0,32.0,0.99,1.09,,27.3,,"USDA NRCS Kellogg Soil Survey Laboratory",,
"09367811-89bd-4a6a-a699-78a1ae8e588c","NOGP_012.basePlot.all","D09","NOGP","NOGP_012","S2016ND059011","2016-05-03","16N04086","A","2017-04-24","Kellogg Soil Survey Laboratory Methods Manual, Soil Survey Investigations Report No. 42 Version 5.0, Issued 2014","Bulk Density, Clods (3B1)","S2016ND059011-1","clod",9.0,0.0,18.0,1.07,1.20,,23.1,,"USDA NRCS Kellogg Soil Survey Laboratory",,
"8a86a359-43b3-48db-a1ff-2f69e87cf737","NOGP_012.basePlot.all","D09","NOGP","NOGP_012","S2016ND059011","2016-05-03","16N04087","Bt","2017-04-24","Kellogg Soil Survey Laboratory Methods Manual, Soil Survey Investigations Report No. 42 Version 5.0, Issued 2014","Bulk Density, Clods (3B1)","S2016ND059011-2","clod",34.5,18.0,51.0,1.28,1.50,,25.8,,"USDA NRCS Kellogg Soil Survey Laboratory",,
"880544b4-a6ed-4a71-959d-787ff319daf2","NOGP_015.basePlot.all","D09","NOGP","NOGP_015","S2016ND059014","2016-05-03","16N04096","Bt2","2017-04-24","Kellogg Soil Survey Laboratory Methods Manual, Soil Survey Investigations Report No. 42 Version 5.0, Issued 2014","Bulk Density, Clods (3B1)","S2016ND059014-3","clod",58.5,44.0,73.0,1.41,1.64,,23.8,,"USDA NRCS Kellogg Soil Survey Laboratory",,
"532aee25-7926-439e-9b55-d6e6ad1a16c4","NOGP_008.basePlot.all","D09","NOGP","NOGP_008","S2016ND059007","2016-05-03","16N04081","Bk2","2017-04-24","Kellogg Soil Survey Laboratory Methods Manual, Soil Survey Investigations Report No. 42 Version 5.0, Issued 2014","Bulk Density, Clods (3B1)","S2016ND059007-4","clod",88.5,67.0,110.0,1.21,1.44,,33.7,,"USDA NRCS Kellogg Soil Survey Laboratory",,
"5ad05024-b5e4-4144-b9ed-ba2434b7b471","NOGP_041.basePlot.all","D09","NOGP","NOGP_041","S2016ND059030","2016-05-03","16N04138","Bw1","2017-04-24","Kellogg Soil Survey Laboratory Methods Manual, Soil Survey Investigations Report No. 42 Version 5.0, Issued 2014","Bulk Density, Clods (3B1)","S2016ND059030-2","clod",19.5,14.0,25.0,1.16,1.32,,23.0,,"USDA NRCS Kellogg Soil Survey Laboratory",,
"023bfb8a-797f-48b5-8b4a-5b025e7b7ae9","NOGP_015.basePlot.all","D09","NOGP","NOGP_015","S2016ND059014","2016-05-03","16N04098","Bk","2017-04-24","Kellogg Soil Survey Laboratory Methods Manual, Soil Survey Investigations Report No. 42 Version 5.0, Issued 2014","Bulk Density, Clods (3B1)","S2016ND059014-5","clod",94.5,85.0,104.0,1.20,1.40,,35.0,,"USDA NRCS Kellogg Soil Survey Laboratory",,
"85429027-452a-40fe-b7c1-4b9e071b244f","NOGP_041.basePlot.all","D09","NOGP","NOGP_041","S2016ND059030","2016-05-03","16N04139","Bw2","2017-04-24","Kellogg Soil Survey Laboratory Methods Manual, Soil Survey Investigations Report No. 42 Version 5.0, Issued 2014","Bulk Density, Clods (3B1)","S2016ND059030-3","clod",33.0,25.0,41.0,1.15,1.31,,24.5,,"USDA NRCS Kellogg Soil Survey Laboratory",,
"750268c5-6382-4b06-9cf3-0855e48aadf7","NOGP_012.basePlot.all","D09","NOGP","NOGP_012","S2016ND059011","2016-05-03","16N04088","Btk","2017-04-24","Kellogg Soil Survey Laboratory Methods Manual, Soil Survey Investigations Report No. 42 Version 5.0, Issued 2014","Bulk Density, Clods (3B1)","S2016ND059011-3","clod",69.5,51.0,88.0,1.17,1.34,,32.7,,"USDA NRCS Kellogg Soil Survey Laboratory",,
"b1331f17-22a4-4ebd-899d-f2f10eb38768","NOGP_008.basePlot.all","D09","NOGP","NOGP_008","S2016ND059007","2016-05-03","16N04078","A","2017-04-24","Kellogg Soil Survey Laboratory Methods Manual, Soil Survey Investigations Report No. 42 Version 5.0, Issued 2014","Bulk Density, Clods (3B1)","S2016ND059007-1","clod",11.5,0.0,23.0,0.99,1.21,,33.7,,"USDA NRCS Kellogg Soil Survey Laboratory",,
"744f406b-e6ae-40f0-a639-7cc362f94d02","NOGP_015.basePlot.all","D09","NOGP","NOGP_015","S2016ND059014","2016-05-03","16N04097","Bt3","2017-04-24","Kellogg Soil Survey Laboratory Methods Manual, Soil Survey Investigations Report No. 42 Version 5.0, Issued 2014","Bulk Density, Clods (3B1)","S2016ND059014-4","clod",79.0,73.0,85.0,1.10,1.36,,42.0,,"USDA NRCS Kellogg Soil Survey Laboratory",,
"b1e90b2a-4044-40c8-859b-4750ebedfc76","NOGP_008.basePlot.all","D09","NOGP","NOGP_008","S2016ND059007","2016-05-03","16N04079","Bw","2017-04-24","Kellogg Soil Survey Laboratory Methods Manual, Soil Survey Investigations Report No. 42 Version 5.0, Issued 2014","Bulk Density, Clods (3B1)","S2016ND059007-2","clod",30.5,23.0,38.0,1.09,1.34,,33.9,,"USDA NRCS Kellogg Soil Survey Laboratory",,
"6fb853ac-9649-43c2-9e0f-7aa512af2777","NOGP_008.basePlot.all","D09","NOGP","NOGP_008","S2016ND059007","2016-05-03","16N04080","Bk1","2017-04-24","Kellogg Soil Survey Laboratory Methods Manual, Soil Survey Investigations Report No. 42 Version 5.0, Issued 2014","Bulk Density, Clods (3B1)","S2016ND059007-3","clod",52.5,38.0,67.0,1.20,1.45,,33.2,,"USDA NRCS Kellogg Soil Survey Laboratory",,
"25644f2b-ee30-4265-a592-6c0463655cae","NOGP_041.basePlot.all","D09","NOGP","NOGP_041","S2016ND059030","2016-05-03","16N04142","2Bk2","2017-04-24","Kellogg Soil Survey Laboratory Methods Manual, Soil Survey Investigations Report No. 42 Version 5.0, Issued 2014","Bulk Density, Clods (3B1)","S2016ND059030-6","clod",71.0,62.0,80.0,1.28,1.39,,21.4,,"USDA NRCS Kellogg Soil Survey Laboratory",,
"201bdd17-ebd5-49d0-b250-efe2587b1407","NOGP_015.basePlot.all","D09","NOGP","NOGP_015","S2016ND059014","2016-05-03","16N04095","Bt1","2017-04-24","Kellogg Soil Survey Laboratory Methods Manual, Soil Survey Investigations Report No. 42 Version 5.0, Issued 2014","Bulk Density, Clods (3B1)","S2016ND059014-2","clod",35.5,27.0,44.0,1.34,1.61,,28.6,,"USDA NRCS Kellogg Soil Survey Laboratory",,
"aa883d84-3cf4-4bf6-bafb-58db2d45d274","NOGP_041.basePlot.all","D09","NOGP","NOGP_041","S2016ND059030","2016-05-03","16N04141","2Abk","2017-06-14","Kellogg Soil Survey Laboratory Methods Manual, Soil Survey Investigations Report No. 42 Version 5.0, Issued 2014","Bulk Density, Clods (3B1)","S2016ND059030-5","clod",57.5,53.0,62.0,1.17,1.27,,19.0,,"USDA NRCS Kellogg Soil Survey Laboratory",,
"91aa60ec-dff7-4ff9-83e7-488cd32e16d9","NOGP_015.basePlot.all","D09","NOGP","NOGP_015","S2016ND059014","2016-05-03","16N04094","A","2017-04-24","Kellogg Soil Survey Laboratory Methods Manual, Soil Survey Investigations Report No. 42 Version 5.0, Issued 2014","Bulk Density, Clods (3B1)","S2016ND059014-1","clod",13.5,0.0,27.0,1.12,1.39,,32.4,,"USDA NRCS Kellogg Soil Survey Laboratory",,
"d2b2e7ba-086d-4a9b-9c35-44a9e4224160","NOGP_041.basePlot.all","D09","NOGP","NOGP_041","S2016ND059030","2016-05-03","16N04137","A","2017-04-24","Kellogg Soil Survey Laboratory Methods Manual, Soil Survey Investigations Report No. 42 Version 5.0, Issued 2014","Bulk Density, Clods (3B1)","S2016ND059030-1","clod",7.0,0.0,14.0,0.94,1.14,,31.4,,"USDA NRCS Kellogg Soil Survey Laboratory",,
"5fcd77a1-a329-4011-b679-0677c4fd95a7","NOGP_041.basePlot.all","D09","NOGP","NOGP_041","S2016ND059030","2016-05-03","16N04140","Bk1","2017-04-24","Kellogg Soil Survey Laboratory Methods Manual, Soil Survey Investigations Report No. 42 Version 5.0, Issued 2014","Bulk Density, Clods (3B1)","S2016ND059030-4","clod",47.0,41.0,53.0,1.18,1.33,,23.6,,"USDA NRCS Kellogg Soil Survey Laboratory",,
"5fdc34b1-b943-406e-8922-b5977da25c7c","NOGP_041.basePlot.all","D09","NOGP","NOGP_041","S2016ND059030","2016-05-03","16N04143","2Bk3","2017-04-24","Kellogg Soil Survey Laboratory Methods Manual, Soil Survey Investigations Report No. 42 Version 5.0, Issued 2014","Bulk Density, Clods (3B1)","S2016ND059030-7","clod",104.0,80.0,128.0,1.36,1.45,,17.5,,"USDA NRCS Kellogg Soil Survey Laboratory",,
"121fb4dd-9d5f-4e6e-8cb4-48d13243d064","NOGP_017.basePlot.all","D09","NOGP","NOGP_017","S2016ND059016","2016-05-04","16N04100","Bw","2017-04-24","Kellogg Soil Survey Laboratory Methods Manual, Soil Survey Investigations Report No. 42 Version 5.0, Issued 2014","Bulk Density, Clods (3B1)","S2016ND059016-2","clod",29.0,22.0,36.0,1.03,1.27,,34.8,,"USDA NRCS Kellogg Soil Survey Laboratory",,
"21d036e8-befe-42f7-a2fe-f8ac41dc884a","NOGP_024.basePlot.all","D09","NOGP","NOGP_024","S2016ND059023","2016-05-04","16N04125","2Bk","2017-04-24","Kellogg Soil Survey Laboratory Methods Manual, Soil Survey Investigations Report No. 42 Version 5.0, Issued 2014","Bulk Density, Clods (3B1)","S2016ND059023-5","clod",81.0,75.0,87.0,1.20,1.38,,33.2,,"USDA NRCS Kellogg Soil Survey Laboratory",,
"cdd7d6a7-5388-45cd-be53-a7cdba341216","NOGP_023.basePlot.all","D09","NOGP","NOGP_023","S2016ND059022","2016-05-04","16N04117","A","2017-04-24","Kellogg Soil Survey Laboratory Methods Manual, Soil Survey Investigations Report No. 42 Version 5.0, Issued 2014","Bulk Density, Clods (3B1)","S2016ND059022-1","clod",6.0,0.0,12.0,0.97,1.14,,32.7,,"USDA NRCS Kellogg Soil Survey Laboratory",,
"7b768cbb-1051-4b1f-b2b0-26008eefc829","NOGP_030.basePlot.all","D09","NOGP","NOGP_030","S2016ND059029","2016-05-04","16N04145","Bw","2017-04-24","Kellogg Soil Survey Laboratory Methods Manual, Soil Survey Investigations Report No. 42 Version 5.0, Issued 2014","Bulk Density, Clods (3B1)","S2016ND059029-2","clod",28.5,20.0,37.0,1.07,1.20,,24.4,,"USDA NRCS Kellogg Soil Survey Laboratory",,
"80f69c67-01ab-4703-b782-6f2c285449a3","NOGP_024.basePlot.all","D09","NOGP","NOGP_024","S2016ND059023","2016-05-04","16N04124","2Btnk","2017-04-24","Kellogg Soil Survey Laboratory Methods Manual, Soil Survey Investigations Report No. 42 Version 5.0, Issued 2014","Bulk Density, Clods (3B1)","S2016ND059023-4","clod",62.5,50.0,75.0,1.20,1.44,,32.7,,"USDA NRCS Kellogg Soil Survey Laboratory",,
"6d7b7d47-55de-48ff-a5ee-e0ecd1d70917","NOGP_023.basePlot.all","D09","NOGP","NOGP_023","S2016ND059022","2016-05-04","16N04119","BCk","2017-04-24","Kellogg Soil Survey Laboratory Methods Manual, Soil Survey Investigations Report No. 42 Version 5.0, Issued 2014","Bulk Density, Clods (3B1)","S2016ND059022-3","clod",34.0,28.0,40.0,0.99,1.11,,25.6,,"USDA NRCS Kellogg Soil Survey Laboratory",,
"d1c4c21f-3d82-40b4-840c-e70ae288a2e2","NOGP_024.basePlot.all","D09","NOGP","NOGP_024","S2016ND059023","2016-05-04","16N04126","2BCky","2017-04-24","Kellogg Soil Survey Laboratory Methods Manual, Soil Survey Investigations Report No. 42 Version 5.0, Issued 2014","Bulk Density, Clods (3B1)","S2016ND059023-6","clod",93.0,87.0,99.0,1.23,1.40,,31.2,,"USDA NRCS Kellogg Soil Survey Laboratory",,
"4554eb54-0081-4a45-ad18-886bf88c7e06","NOGP_017.basePlot.all","D09","NOGP","NOGP_017","S2016ND059016","2016-05-04","16N04099","A","2017-04-24","Kellogg Soil Survey Laboratory Methods Manual, Soil Survey Investigations Report No. 42 Version 5.0, Issued 2014","Bulk Density, Clods (3B1)","S2016ND059016-1","clod",11.0,0.0,22.0,1.08,1.40,,36.2,,"USDA NRCS Kellogg Soil Survey Laboratory",,
"cdaf01f6-650b-4aca-8f1a-1edfe5da798e","NOGP_024.basePlot.all","D09","NOGP","NOGP_024","S2016ND059023","2016-05-04","16N04121","Ap","2017-04-24","Kellogg Soil Survey Laboratory Methods Manual, Soil Survey Investigations Report No. 42 Version 5.0, Issued 2014","Bulk Density, Clods (3B1)","S2016ND059023-1","clod",6.5,0.0,13.0,1.15,1.29,,24.8,,"USDA NRCS Kellogg Soil Survey Laboratory",,
"ac5eb173-b4f3-4a77-9099-27f284bf189c","NOGP_023.basePlot.all","D09","NOGP","NOGP_023","S2016ND059022","2016-05-04","16N04118","Bk","2017-04-24","Kellogg Soil Survey Laboratory Methods Manual, Soil Survey Investigations Report No. 42 Version 5.0, Issued 2014","Bulk Density, Clods (3B1)","S2016ND059022-2","clod",20.0,12.0,28.0,0.96,1.08,,29.0,,"USDA NRCS Kellogg Soil Survey Laboratory",,
"6279df92-502f-4454-85e6-9c55ae266c85","NOGP_030.basePlot.all","D09","NOGP","NOGP_030","S2016ND059029","2016-05-04","16N04144","A","2017-04-24","Kellogg Soil Survey Laboratory Methods Manual, Soil Survey Investigations Report No. 42 Version 5.0, Issued 2014","Bulk Density, Clods (3B1)","S2016ND059029-1","clod",10.0,0.0,20.0,1.07,1.20,,24.8,,"USDA NRCS Kellogg Soil Survey Laboratory",,
"5bf1f979-34f2-4358-b388-13277c94fa16","NOGP_017.basePlot.all","D09","NOGP","NOGP_017","S2016ND059016","2016-05-04","16N04101","Bk","2017-04-24","Kellogg Soil Survey Laboratory Methods Manual, Soil Survey Investigations Report No. 42 Version 5.0, Issued 2014","Bulk Density, Clods (3B1)","S2016ND059016-3","clod",51.5,36.0,67.0,1.11,1.30,,32.5,,"USDA NRCS Kellogg Soil Survey Laboratory",,
"37605413-fa80-4c6f-bb14-48787d9bedc7","NOGP_024.basePlot.all","D09","NOGP","NOGP_024","S2016ND059023","2016-05-04","16N04123","Bw2","2017-04-24","Kellogg Soil Survey Laboratory Methods Manual, Soil Survey Investigations Report No. 42 Version 5.0, Issued 2014","Bulk Density, Clods (3B1)","S2016ND059023-3","clod",35.5,21.0,50.0,1.28,1.54,,26.8,,"USDA NRCS Kellogg Soil Survey Laboratory",,
"c6fe2489-6a47-49a8-966a-577ed4f73467","NOGP_024.basePlot.all","D09","NOGP","NOGP_024","S2016ND059023","2016-05-04","16N04122","Bw1","2017-04-24","Kellogg Soil Survey Laboratory Methods Manual, Soil Survey Investigations Report No. 42 Version 5.0, Issued 2014","Bulk Density, Clods (3B1)","S2016ND059023-2","clod",17.0,13.0,21.0,1.13,1.32,,25.4,,"USDA NRCS Kellogg Soil Survey Laboratory",,
"6f5b70df-d2e7-4f2e-a91d-fdecbee19744","NOGP_030.basePlot.all","D09","NOGP","NOGP_030","S2016ND059029","2016-05-04","16N04146","Bk","2017-06-14","Kellogg Soil Survey Laboratory Methods Manual, Soil Survey Investigations Report No. 42 Version 5.0, Issued 2014","Bulk Density, Clods (3B1)","S2016ND059029-3","clod",55.5,37.0,74.0,1.22,1.30,,19.2,,"USDA NRCS Kellogg Soil Survey Laboratory",,
"3cff5ccf-ba4c-4228-931c-11f9785661c4","NOGP_022.basePlot.all","D09","NOGP","NOGP_022","S2016ND059021","2016-05-05","16N04115","Btk","2017-06-14","Kellogg Soil Survey Laboratory Methods Manual, Soil Survey Investigations Report No. 42 Version 5.0, Issued 2014","Bulk Density, Clods (3B1)","S2016ND059021-4","clod",47.0,37.0,57.0,1.27,1.41,,22.3,,"USDA NRCS Kellogg Soil Survey Laboratory",,
"39074edd-2ff0-423d-b0a3-f4f7ba9c8e30","NOGP_028.basePlot.all","D09","NOGP","NOGP_028","S2016ND059027","2016-05-05","16N04133","Ap","2017-04-24","Kellogg Soil Survey Laboratory Methods Manual, Soil Survey Investigations Report No. 42 Version 5.0, Issued 2014","Bulk Density, Clods (3B1)","S2016ND059027-1","clod",7.5,0.0,15.0,1.21,1.37,,25.1,,"USDA NRCS Kellogg Soil Survey Laboratory",,
"1f917cca-234d-4d46-9d94-69843c502ff9","NOGP_022.basePlot.all","D09","NOGP","NOGP_022","S2016ND059021","2016-05-05","16N04112","Ap","2017-04-24","Kellogg Soil Survey Laboratory Methods Manual, Soil Survey Investigations Report No. 42 Version 5.0, Issued 2014","Bulk Density, Clods (3B1)","S2016ND059021-1","clod",6.5,0.0,13.0,1.13,1.25,,22.3,,"USDA NRCS Kellogg Soil Survey Laboratory",,
"d319687c-4a6d-491b-ac87-f1cffd91179d","NOGP_022.basePlot.all","D09","NOGP","NOGP_022","S2016ND059021","2016-05-05","16N04116","Bk","2017-06-14","Kellogg Soil Survey Laboratory Methods Manual, Soil Survey Investigations Report No. 42 Version 5.0, Issued 2014","Bulk Density, Clods (3B1)","S2016ND059021-5","clod",81.0,57.0,105.0,1.32,1.44,,20.4,,"USDA NRCS Kellogg Soil Survey Laboratory",,
"0345cd56-2f1c-4114-88ac-559fa4dd0660","NOGP_028.basePlot.all","D09","NOGP","NOGP_028","S2016ND059027","2016-05-05","16N04134","A","2017-04-24","Kellogg Soil Survey Laboratory Methods Manual, Soil Survey Investigations Report No. 42 Version 5.0, Issued 2014","Bulk Density, Clods (3B1)","S2016ND059027-2","clod",24.5,15.0,34.0,1.21,1.35,,22.1,,"USDA NRCS Kellogg Soil Survey Laboratory",,
"db0ec75e-4b4d-4e6f-a1e4-c0e3d2cc70ee","NOGP_028.basePlot.all","D09","NOGP","NOGP_028","S2016ND059027","2016-05-05","16N04136","Btk","2017-04-24","Kellogg Soil Survey Laboratory Methods Manual, Soil Survey Investigations Report No. 42 Version 5.0, Issued 2014","Bulk Density, Clods (3B1)","S2016ND059027-4","clod",95.0,85.0,105.0,1.30,1.48,,26.3,,"USDA NRCS Kellogg Soil Survey Laboratory",,
"c54ca924-73c2-4e2c-bf5c-b112be9e720e","NOGP_028.basePlot.all","D09","NOGP","NOGP_028","S2016ND059027","2016-05-05","16N04135","Bt","2017-04-24","Kellogg Soil Survey Laboratory Methods Manual, Soil Survey Investigations Report No. 42 Version 5.0, Issued 2014","Bulk Density, Clods (3B1)","S2016ND059027-3","clod",59.5,34.0,85.0,1.31,1.47,,23.5,,"USDA NRCS Kellogg Soil Survey Laboratory",,
"26a05e87-e586-406c-8669-f0eb37e02e4f","NOGP_022.basePlot.all","D09","NOGP","NOGP_022","S2016ND059021","2016-05-05","16N04113","A","2017-04-24","Kellogg Soil Survey Laboratory Methods Manual, Soil Survey Investigations Report No. 42 Version 5.0, Issued 2014","Bulk Density, Clods (3B1)","S2016ND059021-2","clod",19.0,13.0,25.0,1.22,1.37,,20.7,,"USDA NRCS Kellogg Soil Survey Laboratory",,
"1310525a-312a-4ab1-8ee2-94dcabc22686","NOGP_022.basePlot.all","D09","NOGP","NOGP_022","S2016ND059021","2016-05-05","16N04114","Bt","2017-04-24","Kellogg Soil Survey Laboratory Methods Manual, Soil Survey Investigations Report No. 42 Version 5.0, Issued 2014","Bulk Density, Clods (3B1)","S2016ND059021-3","clod",31.0,25.0,37.0,1.17,1.33,,22.7,,"USDA NRCS Kellogg Soil Survey Laboratory",,
"7067e233-291c-4163-b5a4-8a629e9a7717","NOGP_021.basePlot.all","D09","NOGP","NOGP_021","S2016ND059020","2016-05-09","16N04109","Bk","2017-04-24","Kellogg Soil Survey Laboratory Methods Manual, Soil Survey Investigations Report No. 42 Version 5.0, Issued 2014","Bulk Density, Clods (3B1)","S2016ND059020-2","clod",34.0,14.0,54.0,1.19,1.39,,29.9,,"USDA NRCS Kellogg Soil Survey Laboratory",,
"5b694e93-524f-4c6d-93f6-9e9cd8e399e7","NOGP_009.basePlot.all","D09","NOGP","NOGP_009","S2016ND059008","2016-05-09","16N04083","Bt","2017-04-24","Kellogg Soil Survey Laboratory Methods Manual, Soil Survey Investigations Report No. 42 Version 5.0, Issued 2014","Bulk Density, Clods (3B1)","S2016ND059008-2","clod",38.0,23.0,53.0,1.27,1.61,,31.2,,"USDA NRCS Kellogg Soil Survey Laboratory",,
"e1a9d843-1ceb-40b1-a87d-fd4adbd65960","NOGP_009.basePlot.all","D09","NOGP","NOGP_009","S2016ND059008","2016-05-09","16N04082","A","2017-04-24","Kellogg Soil Survey Laboratory Methods Manual, Soil Survey Investigations Report No. 42 Version 5.0, Issued 2014","Bulk Density, Clods (3B1)","S2016ND059008-1","clod",11.5,0.0,23.0,1.27,1.51,,23.8,,"USDA NRCS Kellogg Soil Survey Laboratory",,
"dbe25102-e9ac-4476-918b-bd07741fb717","NOGP_001.basePlot.all","D09","NOGP","NOGP_001","S2016ND059001","2016-05-09","16N04065","A2","2017-06-14","Kellogg Soil Survey Laboratory Methods Manual, Soil Survey Investigations Report No. 42 Version 5.0, Issued 2014","Bulk Density, Clods (3B1)","S2016ND059001-2","clod",43.0,30.0,56.0,1.57,1.61,,12.0,,"USDA NRCS Kellogg Soil Survey Laboratory",,
"f5ed41ba-7f72-4b58-9467-9001b3380f32","NOGP_021.basePlot.all","D09","NOGP","NOGP_021","S2016ND059020","2016-05-09","16N04108","A","2017-04-24","Kellogg Soil Survey Laboratory Methods Manual, Soil Survey Investigations Report No. 42 Version 5.0, Issued 2014","Bulk Density, Clods (3B1)","S2016ND059020-1","clod",7.0,0.0,14.0,1.21,1.43,,27.5,,"USDA NRCS Kellogg Soil Survey Laboratory",,
"244d9dc5-a0fc-416d-9dd4-a2e20908c2c9","NOGP_009.basePlot.all","D09","NOGP","NOGP_009","S2016ND059008","2016-05-09","16N04084","Btk","2017-04-24","Kellogg Soil Survey Laboratory Methods Manual, Soil Survey Investigations Report No. 42 Version 5.0, Issued 2014","Bulk Density, Clods (3B1)","S2016ND059008-3","clod",70.5,53.0,88.0,1.36,1.79,,31.1,,"USDA NRCS Kellogg Soil Survey Laboratory",,
"9e571b7b-a551-4ea1-9929-b94ce40fc880","NOGP_021.basePlot.all","D09","NOGP","NOGP_021","S2016ND059020","2016-05-09","16N04110","BCk","2017-04-24","Kellogg Soil Survey Laboratory Methods Manual, Soil Survey Investigations Report No. 42 Version 5.0, Issued 2014","Bulk Density, Clods (3B1)","S2016ND059020-3","clod",61.0,54.0,68.0,1.22,1.40,,31.3,,"USDA NRCS Kellogg Soil Survey Laboratory",,
"e736c662-2516-4a1a-999e-3fbe54e9b47c","NOGP_009.basePlot.all","D09","NOGP","NOGP_009","S2016ND059008","2016-05-09","16N04085","C","2017-04-24","Kellogg Soil Survey Laboratory Methods Manual, Soil Survey Investigations Report No. 42 Version 5.0, Issued 2014","Bulk Density, Clods (3B1)","S2016ND059008-4","clod",144.0,88.0,200.0,1.36,1.75,,30.3,,"USDA NRCS Kellogg Soil Survey Laboratory",,
"a69cfba2-1001-421a-a3e4-87c6eca7e037","NOGP_001.basePlot.all","D09","NOGP","NOGP_001","S2016ND059001","2016-05-09","16N04066","Bw1","2017-06-14","Kellogg Soil Survey Laboratory Methods Manual, Soil Survey Investigations Report No. 42 Version 5.0, Issued 2014","Bulk Density, Clods (3B1)","S2016ND059001-3","clod",72.5,56.0,89.0,1.47,1.50,,14.4,,"USDA NRCS Kellogg Soil Survey Laboratory",,
"bb27bd0a-9b40-4166-b285-76b77312b7cb","NOGP_001.basePlot.all","D09","NOGP","NOGP_001","S2016ND059001","2016-05-09","16N04067","Bw2","2017-04-24","Kellogg Soil Survey Laboratory Methods Manual, Soil Survey Investigations Report No. 42 Version 5.0, Issued 2014","Bulk Density, Clods (3B1)","S2016ND059001-4","clod",114.5,89.0,140.0,1.44,1.51,,13.4,,"USDA NRCS Kellogg Soil Survey Laboratory",,
"61d1ced2-e055-4a01-bf5a-feaaedc6efa0","NOGP_001.basePlot.all","D09","NOGP","NOGP_001","S2016ND059001","2016-05-09","16N04064","A1","2017-06-14","Kellogg Soil Survey Laboratory Methods Manual, Soil Survey Investigations Report No. 42 Version 5.0, Issued 2014","Bulk Density, Clods (3B1)","S2016ND059001-1","clod",15.0,0.0,30.0,1.41,1.47,,12.0,,"USDA NRCS Kellogg Soil Survey Laboratory",,
"58a225b2-2d36-4fd5-960d-ba573ce4538a","NOGP_003.basePlot.all","D09","NOGP","NOGP_003","S2016ND059003","2016-05-10","16N04071","Bk","2017-04-24","Kellogg Soil Survey Laboratory Methods Manual, Soil Survey Investigations Report No. 42 Version 5.0, Issued 2014","Bulk Density, Clods (3B1)","S2016ND059003-4","clod",79.0,51.0,107.0,1.33,1.45,,20.6,,"USDA NRCS Kellogg Soil Survey Laboratory",,
"fc27d6fc-db36-4bbe-b451-5b71c23e5a97","NOGP_003.basePlot.all","D09","NOGP","NOGP_003","S2016ND059003","2016-05-10","16N04068","A","2017-04-24","Kellogg Soil Survey Laboratory Methods Manual, Soil Survey Investigations Report No. 42 Version 5.0, Issued 2014","Bulk Density, Clods (3B1)","S2016ND059003-1","clod",9.0,0.0,18.0,1.13,1.27,,20.6,,"USDA NRCS Kellogg Soil Survey Laboratory",,
"dcfa42d7-1c58-4594-af89-8e5c44ddd322","NOGP_003.basePlot.all","D09","NOGP","NOGP_003","S2016ND059003","2016-05-10","16N04069","Bt","2017-04-24","Kellogg Soil Survey Laboratory Methods Manual, Soil Survey Investigations Report No. 42 Version 5.0, Issued 2014","Bulk Density, Clods (3B1)","S2016ND059003-2","clod",23.5,18.0,29.0,1.27,1.51,,27.3,,"USDA NRCS Kellogg Soil Survey Laboratory",,
"1a0b616c-99fd-4731-a8c5-6f24bb6df713","NOGP_003.basePlot.all","D09","NOGP","NOGP_003","S2016ND059003","2016-05-10","16N04070","Btk","2017-04-24","Kellogg Soil Survey Laboratory Methods Manual, Soil Survey Investigations Report No. 42 Version 5.0, Issued 2014","Bulk Density, Clods (3B1)","S2016ND059003-3","clod",40.0,29.0,51.0,1.29,1.42,,23.3,,"USDA NRCS Kellogg Soil Survey Laboratory",,
