uid,namedLocation,domainID,siteID,plotID,nrcsDescriptionID,collectDate,horizonID,horizonName,biogeoIDnrcs,biogeoSampleType,biogeoTopDepth,biogeoBottomDepth,biogeoCenterDepth,particleSizeDistProcessedDate,particleSizeDistMethodPub,particleSizeDistMethod,coarseFrag2To5,coarseFrag5To20,sandTotal,siltTotal,clayTotal,carbonateClay,clayFineContent,siltFineContent,siltCoarseContent,sandVeryFineContent,sandFineContent,sandMediumContent,sandCoarseContent,sandVeryCoarseContent,laboratoryName,dataQF
"ca68509c-8edc-4743-8009-e794feb4fb64","NOGP_025.basePlot.all","D09","NOGP","NOGP_025","S2016ND059024","2016-05-02","16N04128","A","S2016ND059024-1","bulk",0.0,32.0,16.0,"2016-12-02","Kellogg Soil Survey Laboratory Methods Manual, Soil Survey Investigations Report No. 42 Version 5.0, Issued 2014","Routine Particle Size Distribution (3A1a1a)",0.8,1.2,16.4,58.2,25.4,,,27.3,30.9,11.1,4.3,0.8,0.2,0.0,"USDA NRCS Kellogg Soil Survey Laboratory",
"bd43844e-4ae7-43aa-a9b3-a0ef76141260","NOGP_018.basePlot.all","D09","NOGP","NOGP_018","S2016ND059017","2016-05-02","16N04104","Bw1","S2016ND059017-2","bulk",30.0,49.0,39.5,"2016-12-02","Kellogg Soil Survey Laboratory Methods Manual, Soil Survey Investigations Report No. 42 Version 5.0, Issued 2014","Routine Particle Size Distribution (3A1a1a)",2.5,4.2,20.1,51.8,28.1,,,22.6,29.2,14.9,3.5,0.9,0.5,0.3,"USDA NRCS Kellogg Soil Survey Laboratory",
"817b42b7-4bda-4e62-be44-d904956d57f4","NOGP_018.basePlot.all","D09","NOGP","NOGP_018","S2016ND059017","2016-05-02","16N04107","3Bk2","S2016ND059017-5","bulk",90.0,133.0,111.5,"2016-12-02","Kellogg Soil Survey Laboratory Methods Manual, Soil Survey Investigations Report No. 42 Version 5.0, Issued 2014","Routine Particle Size Distribution (3A1a1a)",62.3,20.5,33.5,38.3,28.2,1.5,,23.1,15.2,14.6,13.3,3.4,1.2,1.0,"USDA NRCS Kellogg Soil Survey Laboratory",
"a6bbbe28-8e94-4694-b08c-2de0b564345d","NOGP_025.basePlot.all","D09","NOGP","NOGP_025","S2016ND059024","2016-05-02","16N04130","Bw2","S2016ND059024-3","bulk",52.0,64.0,58.0,"2016-12-02","Kellogg Soil Survey Laboratory Methods Manual, Soil Survey Investigations Report No. 42 Version 5.0, Issued 2014","Routine Particle Size Distribution (3A1a1a)",0.0,12.0,20.4,52.4,27.2,,,22.1,30.3,16.6,2.7,0.7,0.3,0.1,"USDA NRCS Kellogg Soil Survey Laboratory",
"5a03a76d-0129-4759-a001-ca470a86079e","NOGP_025.basePlot.all","D09","NOGP","NOGP_025","S2016ND059024","2016-05-02","16N04129","Bw1","S2016ND059024-2","bulk",32.0,52.0,42.0,"2016-12-02","Kellogg Soil Survey Laboratory Methods Manual, Soil Survey Investigations Report No. 42 Version 5.0, Issued 2014","Routine Particle Size Distribution (3A1a1a)",4.2,2.0,15.1,56.7,28.2,,,24.4,32.3,10.9,3.6,0.2,0.3,0.1,"USDA NRCS Kellogg Soil Survey Laboratory",
"884d656f-0985-45b8-b2c2-e73f76bda442","NOGP_018.basePlot.all","D09","NOGP","NOGP_018","S2016ND059017","2016-05-02","16N04103","A","S2016ND059017-1","bulk",0.0,30.0,15.0,"2016-12-02","Kellogg Soil Survey Laboratory Methods Manual, Soil Survey Investigations Report No. 42 Version 5.0, Issued 2014","Routine Particle Size Distribution (3A1a1a)",0.3,0.3,18.5,56.4,25.1,,,26.3,30.1,13.6,3.6,0.9,0.3,0.1,"USDA NRCS Kellogg Soil Survey Laboratory",
"9b6e67bb-5274-4889-9af1-cc390631073c","NOGP_018.basePlot.all","D09","NOGP","NOGP_018","S2016ND059017","2016-05-02","16N04106","2Bk1","S2016ND059017-4","bulk",56.0,90.0,73.0,"2016-12-02","Kellogg Soil Survey Laboratory Methods Manual, Soil Survey Investigations Report No. 42 Version 5.0, Issued 2014","Routine Particle Size Distribution (3A1a1a)",227.1,159.2,41.5,35.0,23.5,1.2,,17.3,17.7,13.8,7.7,6.8,5.6,7.6,"USDA NRCS Kellogg Soil Survey Laboratory",
"b30a173d-cf25-4b1b-ae81-605648fc0c0f","NOGP_025.basePlot.all","D09","NOGP","NOGP_025","S2016ND059024","2016-05-02","16N04131","Bk1","S2016ND059024-4","bulk",64.0,75.0,69.5,"2016-12-02","Kellogg Soil Survey Laboratory Methods Manual, Soil Survey Investigations Report No. 42 Version 5.0, Issued 2014","Routine Particle Size Distribution (3A1a1a)",0.0,0.0,24.4,47.6,28.0,0.0,,21.3,26.3,17.7,4.6,1.3,0.6,0.2,"USDA NRCS Kellogg Soil Survey Laboratory",
"6c569270-7cbd-4681-bb60-b3cda936a111","NOGP_025.basePlot.all","D09","NOGP","NOGP_025","S2016ND059024","2016-05-02","16N04132","2Bk2","S2016ND059024-5","bulk",75.0,150.0,112.5,"2016-12-02","Kellogg Soil Survey Laboratory Methods Manual, Soil Survey Investigations Report No. 42 Version 5.0, Issued 2014","Routine Particle Size Distribution (3A1a1a)",0.0,0.0,31.1,41.2,27.7,2.7,,20.8,20.4,14.9,11.8,3.0,0.9,0.5,"USDA NRCS Kellogg Soil Survey Laboratory",
"da4a8000-e7e7-4cd8-9721-6822767dda0f","NOGP_018.basePlot.all","D09","NOGP","NOGP_018","S2016ND059017","2016-05-02","16N04105","Bw2","S2016ND059017-3","bulk",49.0,56.0,52.5,"2016-12-02","Kellogg Soil Survey Laboratory Methods Manual, Soil Survey Investigations Report No. 42 Version 5.0, Issued 2014","Routine Particle Size Distribution (3A1a1a)",87.9,31.9,32.3,37.5,30.2,,,18.1,19.4,18.3,6.6,2.3,2.3,2.8,"USDA NRCS Kellogg Soil Survey Laboratory",
"3e7d961a-5ef9-4163-b80c-a4cb26207fbc","NOGP_041.basePlot.all","D09","NOGP","NOGP_041","S2016ND059030","2016-05-03","16N04139","Bw2","S2016ND059030-3","bulk",25.0,41.0,33.0,"2016-12-02","Kellogg Soil Survey Laboratory Methods Manual, Soil Survey Investigations Report No. 42 Version 5.0, Issued 2014","Routine Particle Size Distribution (3A1a1a)",0.0,0.0,26.6,40.1,33.3,0.0,,21.1,19.0,13.2,12.7,0.7,0.0,0.0,"USDA NRCS Kellogg Soil Survey Laboratory",
"8972d19a-5ab1-43db-8590-5e5c69ae09b1","NOGP_015.basePlot.all","D09","NOGP","NOGP_015","S2016ND059014","2016-05-03","16N04096","Bt2","S2016ND059014-3","bulk",44.0,73.0,58.5,"2016-12-02","Kellogg Soil Survey Laboratory Methods Manual, Soil Survey Investigations Report No. 42 Version 5.0, Issued 2014","Routine Particle Size Distribution (3A1a1a)",0.0,0.0,32.4,30.9,36.7,,,19.3,11.6,9.8,19.3,2.8,0.4,0.1,"USDA NRCS Kellogg Soil Survey Laboratory",
"6abfa8f7-69c6-416f-ba24-5f8e464fde7d","NOGP_015.basePlot.all","D09","NOGP","NOGP_015","S2016ND059014","2016-05-03","16N04097","Bt3","S2016ND059014-4","bulk",73.0,85.0,79.0,"2016-12-02","Kellogg Soil Survey Laboratory Methods Manual, Soil Survey Investigations Report No. 42 Version 5.0, Issued 2014","Routine Particle Size Distribution (3A1a1a)",0.0,0.0,42.1,23.2,34.7,,,11.4,11.8,30.9,9.6,1.3,0.2,0.1,"USDA NRCS Kellogg Soil Survey Laboratory",
"b7640277-5556-41ab-985a-837098bf4f8f","NOGP_012.basePlot.all","D09","NOGP","NOGP_012","S2016ND059011","2016-05-03","16N04087","Bt","S2016ND059011-2","bulk",18.0,51.0,34.5,"2016-12-02","Kellogg Soil Survey Laboratory Methods Manual, Soil Survey Investigations Report No. 42 Version 5.0, Issued 2014","Routine Particle Size Distribution (3A1a1a)",0.0,0.0,37.8,30.9,31.3,,,12.8,18.1,25.7,11.9,0.1,0.1,0.0,"USDA NRCS Kellogg Soil Survey Laboratory",
"5435b1c8-0515-4679-aab0-caba39567067","NOGP_015.basePlot.all","D09","NOGP","NOGP_015","S2016ND059014","2016-05-03","16N04094","A","S2016ND059014-1","bulk",0.0,27.0,13.5,"2018-04-04","Kellogg Soil Survey Laboratory Methods Manual, Soil Survey Investigations Report No. 42 Version 5.0, Issued 2014","Routine Particle Size Distribution (3A1a1a)",0.0,0.0,20.6,37.0,42.6,,,23.9,14.1,7.9,10.6,1.5,0.3,0.2,"USDA NRCS Kellogg Soil Survey Laboratory",
"a9b1ee1f-c3b4-4e11-acef-2fd53798d342","NOGP_008.basePlot.all","D09","NOGP","NOGP_008","S2016ND059007","2016-05-03","16N04078","A","S2016ND059007-1","bulk",0.0,23.0,11.5,"2018-04-04","Kellogg Soil Survey Laboratory Methods Manual, Soil Survey Investigations Report No. 42 Version 5.0, Issued 2014","Routine Particle Size Distribution (3A1a1a)",68.3,56.8,7.5,47.6,45.8,,,32.4,14.6,6.1,1.1,0.3,0.2,0.2,"USDA NRCS Kellogg Soil Survey Laboratory",
"9fd02ed0-f023-4f28-b2aa-dcbe7a1aa9d2","NOGP_008.basePlot.all","D09","NOGP","NOGP_008","S2016ND059007","2016-05-03","16N04081","Bk2","S2016ND059007-4","bulk",67.0,110.0,88.5,"2018-04-04","Kellogg Soil Survey Laboratory Methods Manual, Soil Survey Investigations Report No. 42 Version 5.0, Issued 2014","Routine Particle Size Distribution (3A1a1a)",104.2,0.0,3.4,53.8,42.7,1.0,,43.1,11.2,1.8,0.9,0.5,0.4,0.3,"USDA NRCS Kellogg Soil Survey Laboratory",
"1e2411f5-7382-47a9-ac51-d5a0dfb6c23a","NOGP_015.basePlot.all","D09","NOGP","NOGP_015","S2016ND059014","2016-05-03","16N04098","Bk","S2016ND059014-5","bulk",85.0,104.0,94.5,"2016-12-02","Kellogg Soil Survey Laboratory Methods Manual, Soil Survey Investigations Report No. 42 Version 5.0, Issued 2014","Routine Particle Size Distribution (3A1a1a)",0.0,0.3,47.9,22.4,29.7,1.3,,9.1,13.3,40.8,6.7,0.2,0.1,0.1,"USDA NRCS Kellogg Soil Survey Laboratory",
"b4d70b7e-d4c2-47c0-be61-5b6df90dd47a","NOGP_041.basePlot.all","D09","NOGP","NOGP_041","S2016ND059030","2016-05-03","16N04142","2Bk2","S2016ND059030-6","bulk",62.0,80.0,71.0,"2016-12-02","Kellogg Soil Survey Laboratory Methods Manual, Soil Survey Investigations Report No. 42 Version 5.0, Issued 2014","Routine Particle Size Distribution (3A1a1a)",0.0,0.0,26.1,48.0,25.9,2.9,,23.0,25.0,16.2,9.5,0.3,0.1,0.0,"USDA NRCS Kellogg Soil Survey Laboratory",
"8318b9af-de10-4a96-9f4b-bbc2410f1e3e","NOGP_012.basePlot.all","D09","NOGP","NOGP_012","S2016ND059011","2016-05-03","16N04089","Cr","S2016ND059011-4","bulk",88.0,200.0,144.0,"2016-12-02","Kellogg Soil Survey Laboratory Methods Manual, Soil Survey Investigations Report No. 42 Version 5.0, Issued 2014","Routine Particle Size Distribution (3A1a1a)",0.0,0.0,39.1,33.1,27.8,1.6,,18.5,14.6,24.6,13.8,0.5,0.1,0.1,"USDA NRCS Kellogg Soil Survey Laboratory",
"d8d8bb74-2bdf-4d90-acbe-02c78ae25ebb","NOGP_008.basePlot.all","D09","NOGP","NOGP_008","S2016ND059007","2016-05-03","16N04080","Bk1","S2016ND059007-3","bulk",38.0,67.0,52.5,"2018-04-04","Kellogg Soil Survey Laboratory Methods Manual, Soil Survey Investigations Report No. 42 Version 5.0, Issued 2014","Routine Particle Size Distribution (3A1a1a)",0.4,0.4,2.8,49.5,47.7,1.0,,41.3,8.6,1.6,0.6,0.4,0.3,0.2,"USDA NRCS Kellogg Soil Survey Laboratory",
"7abd2d51-7eb2-4691-814f-14023bfa80c1","NOGP_041.basePlot.all","D09","NOGP","NOGP_041","S2016ND059030","2016-05-03","16N04141","2Abk","S2016ND059030-5","bulk",53.0,62.0,57.5,"2016-12-02","Kellogg Soil Survey Laboratory Methods Manual, Soil Survey Investigations Report No. 42 Version 5.0, Issued 2014","Routine Particle Size Distribution (3A1a1a)",0.0,0.0,22.4,48.3,29.3,4.6,,25.1,23.2,15.7,6.1,0.5,0.1,0.0,"USDA NRCS Kellogg Soil Survey Laboratory",
"b782d8f2-d33e-4981-ba59-cc7815ccd185","NOGP_041.basePlot.all","D09","NOGP","NOGP_041","S2016ND059030","2016-05-03","16N04137","A","S2016ND059030-1","bulk",0.0,14.0,7.0,"2016-12-02","Kellogg Soil Survey Laboratory Methods Manual, Soil Survey Investigations Report No. 42 Version 5.0, Issued 2014","Routine Particle Size Distribution (3A1a1a)",0.0,0.0,39.1,34.9,26.0,,,16.0,18.9,14.0,22.3,2.4,0.2,0.2,"USDA NRCS Kellogg Soil Survey Laboratory",
"e9aee711-05df-47d9-8c26-3deec165f14b","NOGP_012.basePlot.all","D09","NOGP","NOGP_012","S2016ND059011","2016-05-03","16N04086","A","S2016ND059011-1","bulk",0.0,18.0,9.0,"2016-12-02","Kellogg Soil Survey Laboratory Methods Manual, Soil Survey Investigations Report No. 42 Version 5.0, Issued 2014","Routine Particle Size Distribution (3A1a1a)",0.0,0.0,34.6,38.4,27.0,,,16.0,22.4,20.7,13.0,0.7,0.2,0.0,"USDA NRCS Kellogg Soil Survey Laboratory",
"ff02efb7-aa99-4e2e-b831-c7e7efae476b","NOGP_041.basePlot.all","D09","NOGP","NOGP_041","S2016ND059030","2016-05-03","16N04138","Bw1","S2016ND059030-2","bulk",14.0,25.0,19.5,"2016-12-02","Kellogg Soil Survey Laboratory Methods Manual, Soil Survey Investigations Report No. 42 Version 5.0, Issued 2014","Routine Particle Size Distribution (3A1a1a)",0.4,4.6,37.3,32.8,29.9,,,15.9,16.9,12.0,23.1,2.1,0.1,0.0,"USDA NRCS Kellogg Soil Survey Laboratory",
"b0f9e203-9afd-4304-81fc-c094facc7be2","NOGP_012.basePlot.all","D09","NOGP","NOGP_012","S2016ND059011","2016-05-03","16N04088","Btk","S2016ND059011-3","bulk",51.0,88.0,69.5,"2016-12-02","Kellogg Soil Survey Laboratory Methods Manual, Soil Survey Investigations Report No. 42 Version 5.0, Issued 2014","Routine Particle Size Distribution (3A1a1a)",0.0,0.0,19.1,46.8,34.1,4.4,,25.8,21.0,15.3,3.5,0.2,0.1,0.0,"USDA NRCS Kellogg Soil Survey Laboratory",
"5fb9f7f2-e38f-4985-bbf9-40ccdae9839f","NOGP_015.basePlot.all","D09","NOGP","NOGP_015","S2016ND059014","2016-05-03","16N04095","Bt1","S2016ND059014-2","bulk",27.0,44.0,35.5,"2018-04-04","Kellogg Soil Survey Laboratory Methods Manual, Soil Survey Investigations Report No. 42 Version 5.0, Issued 2014","Routine Particle Size Distribution (3A1a1a)",0.0,0.3,28.2,30.9,41.3,,,20.1,11.7,8.0,17.3,1.9,0.5,0.3,"USDA NRCS Kellogg Soil Survey Laboratory",
"75e5978f-7a65-45e3-a08f-f756583e3d9d","NOGP_041.basePlot.all","D09","NOGP","NOGP_041","S2016ND059030","2016-05-03","16N04143","2Bk3","S2016ND059030-7","bulk",80.0,128.0,104.0,"2016-12-02","Kellogg Soil Survey Laboratory Methods Manual, Soil Survey Investigations Report No. 42 Version 5.0, Issued 2014","Routine Particle Size Distribution (3A1a1a)",0.0,0.0,30.3,46.2,23.5,1.8,,20.6,25.6,20.1,9.4,0.7,0.0,0.1,"USDA NRCS Kellogg Soil Survey Laboratory",
"dfb0e798-7c65-4dd1-9920-50833f38240b","NOGP_041.basePlot.all","D09","NOGP","NOGP_041","S2016ND059030","2016-05-03","16N04140","Bk1","S2016ND059030-4","bulk",41.0,53.0,47.0,"2016-12-02","Kellogg Soil Survey Laboratory Methods Manual, Soil Survey Investigations Report No. 42 Version 5.0, Issued 2014","Routine Particle Size Distribution (3A1a1a)",0.0,0.0,20.1,45.8,34.1,4.4,,25.8,20.0,13.6,5.7,0.7,0.1,0.0,"USDA NRCS Kellogg Soil Survey Laboratory",
"39e035c7-fe21-4654-980e-d78b7be12384","NOGP_008.basePlot.all","D09","NOGP","NOGP_008","S2016ND059007","2016-05-03","16N04079","Bw","S2016ND059007-2","bulk",23.0,38.0,30.5,"2018-04-04","Kellogg Soil Survey Laboratory Methods Manual, Soil Survey Investigations Report No. 42 Version 5.0, Issued 2014","Routine Particle Size Distribution (3A1a1a)",24.8,27.1,5.5,48.2,46.6,0.0,,34.3,13.6,4.7,0.9,0.3,0.2,0.1,"USDA NRCS Kellogg Soil Survey Laboratory",
"9d3ed24f-284c-4882-a1c8-117806f96454","NOGP_024.basePlot.all","D09","NOGP","NOGP_024","S2016ND059023","2016-05-04","16N04127","2Cr","S2016ND059023-7","bulk",99.0,200.0,149.5,"2016-12-02","Kellogg Soil Survey Laboratory Methods Manual, Soil Survey Investigations Report No. 42 Version 5.0, Issued 2014","Routine Particle Size Distribution (3A1a1a)",2.7,9.3,21.0,36.7,42.3,1.3,,24.2,12.5,18.3,2.0,0.4,0.3,0.0,"USDA NRCS Kellogg Soil Survey Laboratory",
"b1ffab3d-fd74-4ffe-98d5-dbd89cbfce54","NOGP_024.basePlot.all","D09","NOGP","NOGP_024","S2016ND059023","2016-05-04","16N04126","2BCky","S2016ND059023-6","bulk",87.0,99.0,93.0,"2016-12-02","Kellogg Soil Survey Laboratory Methods Manual, Soil Survey Investigations Report No. 42 Version 5.0, Issued 2014","Routine Particle Size Distribution (3A1a1a)",145.7,0.0,21.9,33.3,44.8,3.6,,23.5,9.8,19.9,1.5,0.4,0.1,0.0,"USDA NRCS Kellogg Soil Survey Laboratory",
"b307ef91-0441-4e1d-977d-02a3664c6e3b","NOGP_023.basePlot.all","D09","NOGP","NOGP_023","S2016ND059022","2016-05-04","16N04119","BCk","S2016ND059022-3","bulk",28.0,40.0,34.0,"2016-12-02","Kellogg Soil Survey Laboratory Methods Manual, Soil Survey Investigations Report No. 42 Version 5.0, Issued 2014","Routine Particle Size Distribution (3A1a1a)",0.0,0.0,40.0,36.5,23.5,4.8,,15.5,21.0,37.8,1.9,0.2,0.1,0.0,"USDA NRCS Kellogg Soil Survey Laboratory",
"9e0ebd62-8108-4bf4-89fc-3f6d42efcb5e","NOGP_024.basePlot.all","D09","NOGP","NOGP_024","S2016ND059023","2016-05-04","16N04125","2Bk","S2016ND059023-5","bulk",75.0,87.0,81.0,"2016-12-02","Kellogg Soil Survey Laboratory Methods Manual, Soil Survey Investigations Report No. 42 Version 5.0, Issued 2014","Routine Particle Size Distribution (3A1a1a)",0.0,0.0,22.9,35.1,42.0,4.4,,23.3,11.8,21.0,1.4,0.3,0.1,0.1,"USDA NRCS Kellogg Soil Survey Laboratory",
"683f8e40-6860-486e-bcb8-11a5c543e921","NOGP_023.basePlot.all","D09","NOGP","NOGP_023","S2016ND059022","2016-05-04","16N04118","Bk","S2016ND059022-2","bulk",12.0,28.0,20.0,"2016-12-02","Kellogg Soil Survey Laboratory Methods Manual, Soil Survey Investigations Report No. 42 Version 5.0, Issued 2014","Routine Particle Size Distribution (3A1a1a)",0.0,0.0,43.4,35.3,21.3,1.6,,13.2,22.1,40.3,2.6,0.3,0.1,0.1,"USDA NRCS Kellogg Soil Survey Laboratory",
"611304b9-5ada-4ada-becb-88b41cc32753","NOGP_024.basePlot.all","D09","NOGP","NOGP_024","S2016ND059023","2016-05-04","16N04122","Bw1","S2016ND059023-2","bulk",13.0,21.0,17.0,"2018-04-04","Kellogg Soil Survey Laboratory Methods Manual, Soil Survey Investigations Report No. 42 Version 5.0, Issued 2014","Routine Particle Size Distribution (3A1a1a)",0.0,0.0,29.9,34.7,36.7,,,17.1,18.0,14.0,12.9,1.9,0.3,0.3,"USDA NRCS Kellogg Soil Survey Laboratory",
"d4a7db93-f4a7-456b-87c2-57ee0556a816","NOGP_030.basePlot.all","D09","NOGP","NOGP_030","S2016ND059029","2016-05-04","16N04144","A","S2016ND059029-1","bulk",0.0,20.0,10.0,"2016-12-02","Kellogg Soil Survey Laboratory Methods Manual, Soil Survey Investigations Report No. 42 Version 5.0, Issued 2014","Routine Particle Size Distribution (3A1a1a)",0.0,0.0,55.5,21.1,23.4,,,8.6,12.5,31.8,22.8,0.8,0.1,0.0,"USDA NRCS Kellogg Soil Survey Laboratory",
"0e15f65f-cdd8-4dfd-9dd1-01b7d402a4bc","NOGP_023.basePlot.all","D09","NOGP","NOGP_023","S2016ND059022","2016-05-04","16N04120","Cr","S2016ND059022-4","bulk",40.0,200.0,120.0,"2016-12-02","Kellogg Soil Survey Laboratory Methods Manual, Soil Survey Investigations Report No. 42 Version 5.0, Issued 2014","Routine Particle Size Distribution (3A1a1a)",0.0,0.0,47.1,31.4,21.5,3.2,,14.0,17.4,42.2,4.6,0.2,0.1,0.0,"USDA NRCS Kellogg Soil Survey Laboratory",
"775b4cb5-404a-4d16-8cb7-635323651f8d","NOGP_024.basePlot.all","D09","NOGP","NOGP_024","S2016ND059023","2016-05-04","16N04123","Bw2","S2016ND059023-3","bulk",21.0,50.0,35.5,"2018-04-04","Kellogg Soil Survey Laboratory Methods Manual, Soil Survey Investigations Report No. 42 Version 5.0, Issued 2014","Routine Particle Size Distribution (3A1a1a)",0.0,0.0,25.8,34.3,41.0,,,19.3,14.7,16.6,7.7,1.4,0.2,0.1,"USDA NRCS Kellogg Soil Survey Laboratory",
"2c962f62-69fc-4e64-8eb8-4bcade722f81","NOGP_030.basePlot.all","D09","NOGP","NOGP_030","S2016ND059029","2016-05-04","16N04147","Cr","S2016ND059029-4","bulk",74.0,200.0,137.0,"2016-12-02","Kellogg Soil Survey Laboratory Methods Manual, Soil Survey Investigations Report No. 42 Version 5.0, Issued 2014","Routine Particle Size Distribution (3A1a1a)",0.0,0.0,62.2,17.4,20.4,2.1,,7.5,9.9,45.9,16.0,0.2,0.1,0.0,"USDA NRCS Kellogg Soil Survey Laboratory",
"4e75d0d0-7422-40a5-aa96-c0d81f97a319","NOGP_024.basePlot.all","D09","NOGP","NOGP_024","S2016ND059023","2016-05-04","16N04124","2Btnk","S2016ND059023-4","bulk",50.0,75.0,62.5,"2016-12-02","Kellogg Soil Survey Laboratory Methods Manual, Soil Survey Investigations Report No. 42 Version 5.0, Issued 2014","Routine Particle Size Distribution (3A1a1a)",0.0,0.0,19.0,35.4,45.6,2.4,,23.9,11.5,14.2,4.3,0.4,0.1,0.0,"USDA NRCS Kellogg Soil Survey Laboratory",
"9dd68cbb-2e92-4535-a5a5-e4655d34e352","NOGP_017.basePlot.all","D09","NOGP","NOGP_017","S2016ND059016","2016-05-04","16N04100","Bw","S2016ND059016-2","bulk",22.0,36.0,29.0,"2018-04-04","Kellogg Soil Survey Laboratory Methods Manual, Soil Survey Investigations Report No. 42 Version 5.0, Issued 2014","Routine Particle Size Distribution (3A1a1a)",0.0,7.4,3.3,51.0,46.0,0.0,,37.5,14.2,2.3,0.7,0.2,0.1,0.1,"USDA NRCS Kellogg Soil Survey Laboratory",
"07f0322e-aad7-4b18-bfe8-0695c5b2b532","NOGP_017.basePlot.all","D09","NOGP","NOGP_017","S2016ND059016","2016-05-04","16N04101","Bk","S2016ND059016-3","bulk",36.0,67.0,51.5,"2016-12-02","Kellogg Soil Survey Laboratory Methods Manual, Soil Survey Investigations Report No. 42 Version 5.0, Issued 2014","Routine Particle Size Distribution (3A1a1a)",0.0,2.8,5.3,55.0,39.7,1.9,,38.4,16.6,3.5,1.3,0.3,0.1,0.1,"USDA NRCS Kellogg Soil Survey Laboratory",
"9ec24cad-64d7-4305-9ebc-0572ffb42068","NOGP_024.basePlot.all","D09","NOGP","NOGP_024","S2016ND059023","2016-05-04","16N04121","Ap","S2016ND059023-1","bulk",0.0,13.0,6.5,"2018-06-25","Kellogg Soil Survey Laboratory Methods Manual, Soil Survey Investigations Report No. 42 Version 5.0, Issued 2014","Routine Particle Size Distribution (3A1a1a)",3.2,2.8,26.5,44.6,28.9,,,19.9,24.7,12.8,11.1,2.0,0.3,0.3,"USDA NRCS Kellogg Soil Survey Laboratory",
"498227bb-e919-4ad2-885d-a9385aa4df55","NOGP_017.basePlot.all","D09","NOGP","NOGP_017","S2016ND059016","2016-05-04","16N04102","Cr","S2016ND059016-4","bulk",67.0,200.0,133.5,"2016-12-02","Kellogg Soil Survey Laboratory Methods Manual, Soil Survey Investigations Report No. 42 Version 5.0, Issued 2014","Routine Particle Size Distribution (3A1a1a)",0.0,0.0,3.5,57.6,38.9,1.3,,43.1,14.5,2.1,1.0,0.2,0.1,0.1,"USDA NRCS Kellogg Soil Survey Laboratory",
"de4faeab-38eb-4a1c-bfa8-73683347aa44","NOGP_017.basePlot.all","D09","NOGP","NOGP_017","S2016ND059016","2016-05-04","16N04099","A","S2016ND059016-1","bulk",0.0,22.0,11.0,"2018-04-04","Kellogg Soil Survey Laboratory Methods Manual, Soil Survey Investigations Report No. 42 Version 5.0, Issued 2014","Routine Particle Size Distribution (3A1a1a)",0.0,12.8,4.9,50.6,45.0,,,32.5,18.8,3.6,0.6,0.2,0.1,0.2,"USDA NRCS Kellogg Soil Survey Laboratory",
"a8da7219-8ebe-47e9-8225-8eebb84a8489","NOGP_030.basePlot.all","D09","NOGP","NOGP_030","S2016ND059029","2016-05-04","16N04145","Bw","S2016ND059029-2","bulk",20.0,37.0,28.5,"2016-12-02","Kellogg Soil Survey Laboratory Methods Manual, Soil Survey Investigations Report No. 42 Version 5.0, Issued 2014","Routine Particle Size Distribution (3A1a1a)",0.0,0.0,60.5,17.5,22.0,,,7.6,9.9,37.9,22.1,0.4,0.1,0.0,"USDA NRCS Kellogg Soil Survey Laboratory",
"7e18b16a-423b-4085-bcfe-33b79d85ea1b","NOGP_023.basePlot.all","D09","NOGP","NOGP_023","S2016ND059022","2016-05-04","16N04117","A","S2016ND059022-1","bulk",0.0,12.0,6.0,"2016-12-02","Kellogg Soil Survey Laboratory Methods Manual, Soil Survey Investigations Report No. 42 Version 5.0, Issued 2014","Routine Particle Size Distribution (3A1a1a)",0.0,0.0,38.2,37.1,24.7,0.0,,13.3,23.8,33.2,4.3,0.5,0.2,0.0,"USDA NRCS Kellogg Soil Survey Laboratory",
"6088e7d4-b808-492c-bdc6-fd7990af4f0c","NOGP_030.basePlot.all","D09","NOGP","NOGP_030","S2016ND059029","2016-05-04","16N04146","Bk","S2016ND059029-3","bulk",37.0,74.0,55.5,"2016-12-02","Kellogg Soil Survey Laboratory Methods Manual, Soil Survey Investigations Report No. 42 Version 5.0, Issued 2014","Routine Particle Size Distribution (3A1a1a)",1.3,0.0,64.7,16.7,18.6,2.7,,7.3,9.4,27.7,36.2,0.7,0.1,0.0,"USDA NRCS Kellogg Soil Survey Laboratory",
"c687c372-d071-43fc-bba3-e1d06e01997c","NOGP_022.basePlot.all","D09","NOGP","NOGP_022","S2016ND059021","2016-05-05","16N04113","A","S2016ND059021-2","bulk",13.0,25.0,19.0,"2016-12-02","Kellogg Soil Survey Laboratory Methods Manual, Soil Survey Investigations Report No. 42 Version 5.0, Issued 2014","Routine Particle Size Distribution (3A1a1a)",0.0,0.0,37.8,36.9,25.3,,,16.2,20.7,15.2,19.6,2.7,0.2,0.1,"USDA NRCS Kellogg Soil Survey Laboratory",
"fa57ea15-86a0-42cc-b4a6-b6d630d97fe8","NOGP_022.basePlot.all","D09","NOGP","NOGP_022","S2016ND059021","2016-05-05","16N04112","Ap","S2016ND059021-1","bulk",0.0,13.0,6.5,"2016-12-02","Kellogg Soil Survey Laboratory Methods Manual, Soil Survey Investigations Report No. 42 Version 5.0, Issued 2014","Routine Particle Size Distribution (3A1a1a)",0.0,0.0,38.3,37.7,24.0,,,16.1,21.6,15.7,19.6,2.8,0.2,0.0,"USDA NRCS Kellogg Soil Survey Laboratory",
"7c04009f-4d80-41d5-9360-2dc58b55df47","NOGP_028.basePlot.all","D09","NOGP","NOGP_028","S2016ND059027","2016-05-05","16N04136","Btk","S2016ND059027-4","bulk",85.0,105.0,95.0,"2016-12-02","Kellogg Soil Survey Laboratory Methods Manual, Soil Survey Investigations Report No. 42 Version 5.0, Issued 2014","Routine Particle Size Distribution (3A1a1a)",0.8,2.9,27.2,37.6,35.2,1.5,,20.2,17.4,14.8,11.1,1.1,0.1,0.1,"USDA NRCS Kellogg Soil Survey Laboratory",
"06f0af4d-7e3b-4624-af15-f7c148d0b4a5","NOGP_028.basePlot.all","D09","NOGP","NOGP_028","S2016ND059027","2016-05-05","16N04135","Bt","S2016ND059027-3","bulk",34.0,85.0,59.5,"2016-12-02","Kellogg Soil Survey Laboratory Methods Manual, Soil Survey Investigations Report No. 42 Version 5.0, Issued 2014","Routine Particle Size Distribution (3A1a1a)",0.0,0.0,30.7,36.0,33.3,,,18.1,17.9,12.8,16.4,1.4,0.1,0.0,"USDA NRCS Kellogg Soil Survey Laboratory",
"03f5339b-e5f5-48cd-9be6-a35e443ea899","NOGP_022.basePlot.all","D09","NOGP","NOGP_022","S2016ND059021","2016-05-05","16N04116","Bk","S2016ND059021-5","bulk",57.0,105.0,81.0,"2016-12-02","Kellogg Soil Survey Laboratory Methods Manual, Soil Survey Investigations Report No. 42 Version 5.0, Issued 2014","Routine Particle Size Distribution (3A1a1a)",0.0,0.0,33.4,36.8,29.8,3.8,,18.8,18.0,20.5,11.6,1.2,0.1,0.0,"USDA NRCS Kellogg Soil Survey Laboratory",
"d63ac9ca-db49-4c16-b5f8-8f654fd7c782","NOGP_028.basePlot.all","D09","NOGP","NOGP_028","S2016ND059027","2016-05-05","16N04133","Ap","S2016ND059027-1","bulk",0.0,15.0,7.5,"2016-12-02","Kellogg Soil Survey Laboratory Methods Manual, Soil Survey Investigations Report No. 42 Version 5.0, Issued 2014","Routine Particle Size Distribution (3A1a1a)",0.0,0.0,31.5,41.7,26.8,,,18.7,23.0,12.9,15.9,2.6,0.1,0.0,"USDA NRCS Kellogg Soil Survey Laboratory",
"090f4924-acd2-4978-b227-a36abfe0a601","NOGP_014.basePlot.all","D09","NOGP","NOGP_014","S2016ND059013","2016-05-05","16N04091","AC","S2016ND059013-2","bulk",18.0,32.0,25.0,"2016-12-02","Kellogg Soil Survey Laboratory Methods Manual, Soil Survey Investigations Report No. 42 Version 5.0, Issued 2014","Routine Particle Size Distribution (3A1a1a)",56.9,53.7,86.8,8.1,5.1,,,3.4,4.7,8.2,46.0,18.5,7.1,7.0,"USDA NRCS Kellogg Soil Survey Laboratory",
"b8dac6ba-7d32-45f4-90b3-4031625012dc","NOGP_028.basePlot.all","D09","NOGP","NOGP_028","S2016ND059027","2016-05-05","16N04134","A","S2016ND059027-2","bulk",15.0,34.0,24.5,"2016-12-02","Kellogg Soil Survey Laboratory Methods Manual, Soil Survey Investigations Report No. 42 Version 5.0, Issued 2014","Routine Particle Size Distribution (3A1a1a)",0.0,0.0,28.3,41.4,30.3,,,18.8,22.6,12.6,13.6,1.9,0.2,0.0,"USDA NRCS Kellogg Soil Survey Laboratory",
"2710ae30-c6e0-4fe9-91ad-b246338b13d4","NOGP_022.basePlot.all","D09","NOGP","NOGP_022","S2016ND059021","2016-05-05","16N04115","Btk","S2016ND059021-4","bulk",37.0,57.0,47.0,"2016-12-02","Kellogg Soil Survey Laboratory Methods Manual, Soil Survey Investigations Report No. 42 Version 5.0, Issued 2014","Routine Particle Size Distribution (3A1a1a)",0.0,0.0,26.5,39.2,34.3,3.6,,22.0,17.2,15.2,10.0,1.2,0.1,0.0,"USDA NRCS Kellogg Soil Survey Laboratory",
"50bc2eb2-5705-4518-bd94-9a7ea4672cce","NOGP_014.basePlot.all","D09","NOGP","NOGP_014","S2016ND059013","2016-05-05","16N04090","A","S2016ND059013-1","bulk",0.0,18.0,9.0,"2016-12-02","Kellogg Soil Survey Laboratory Methods Manual, Soil Survey Investigations Report No. 42 Version 5.0, Issued 2014","Routine Particle Size Distribution (3A1a1a)",38.3,26.8,83.6,11.1,5.3,,,4.1,7.0,9.1,48.1,17.1,5.8,3.5,"USDA NRCS Kellogg Soil Survey Laboratory",
"c41ecc07-15bd-4a2e-9a93-79727238f84b","NOGP_014.basePlot.all","D09","NOGP","NOGP_014","S2016ND059013","2016-05-05","16N04093","C2","S2016ND059013-4","bulk",46.0,130.0,88.0,"2016-12-02","Kellogg Soil Survey Laboratory Methods Manual, Soil Survey Investigations Report No. 42 Version 5.0, Issued 2014","Routine Particle Size Distribution (3A1a1a)",72.4,83.1,90.5,7.5,2.0,1.5,,2.9,4.6,13.9,55.4,8.7,4.8,7.7,"USDA NRCS Kellogg Soil Survey Laboratory",
"a45b3c8d-8c1b-4157-9439-dafa6ba54520","NOGP_022.basePlot.all","D09","NOGP","NOGP_022","S2016ND059021","2016-05-05","16N04114","Bt","S2016ND059021-3","bulk",25.0,37.0,31.0,"2016-12-02","Kellogg Soil Survey Laboratory Methods Manual, Soil Survey Investigations Report No. 42 Version 5.0, Issued 2014","Routine Particle Size Distribution (3A1a1a)",50.5,1.7,27.7,38.1,34.2,0.0,,19.7,18.4,14.3,11.6,1.7,0.1,0.0,"USDA NRCS Kellogg Soil Survey Laboratory",
"1aa52688-1f86-427f-bdca-b159ff171a51","NOGP_014.basePlot.all","D09","NOGP","NOGP_014","S2016ND059013","2016-05-05","16N04092","C1","S2016ND059013-3","bulk",32.0,46.0,39.0,"2016-12-02","Kellogg Soil Survey Laboratory Methods Manual, Soil Survey Investigations Report No. 42 Version 5.0, Issued 2014","Routine Particle Size Distribution (3A1a1a)",200.4,166.8,92.9,4.7,2.4,1.5,,2.4,2.3,4.0,23.8,13.4,15.1,36.6,"USDA NRCS Kellogg Soil Survey Laboratory",
"c110a24f-0288-47ce-bca7-983a5768f126","NOGP_021.basePlot.all","D09","NOGP","NOGP_021","S2016ND059020","2016-05-09","16N04111","Cr","S2016ND059020-4","bulk",68.0,200.0,134.0,"2016-12-02","Kellogg Soil Survey Laboratory Methods Manual, Soil Survey Investigations Report No. 42 Version 5.0, Issued 2014","Routine Particle Size Distribution (3A1a1a)",32.0,0.6,3.0,53.6,43.4,1.2,,40.3,13.3,1.4,0.8,0.5,0.3,0.0,"USDA NRCS Kellogg Soil Survey Laboratory",
"104bddc5-0fdf-42db-a091-24a7cbac2e17","NOGP_021.basePlot.all","D09","NOGP","NOGP_021","S2016ND059020","2016-05-09","16N04108","A","S2016ND059020-1","bulk",0.0,14.0,7.0,"2018-04-04","Kellogg Soil Survey Laboratory Methods Manual, Soil Survey Investigations Report No. 42 Version 5.0, Issued 2014","Routine Particle Size Distribution (3A1a1a)",0.9,7.3,5.7,46.6,48.7,0.0,,28.7,18.7,3.9,1.3,0.6,0.2,0.3,"USDA NRCS Kellogg Soil Survey Laboratory",
"37298de6-0078-47ea-afa4-b9605c93b0c5","NOGP_009.basePlot.all","D09","NOGP","NOGP_009","S2016ND059008","2016-05-09","16N04085","C","S2016ND059008-4","bulk",88.0,200.0,144.0,"2016-12-02","Kellogg Soil Survey Laboratory Methods Manual, Soil Survey Investigations Report No. 42 Version 5.0, Issued 2014","Routine Particle Size Distribution (3A1a1a)",0.0,0.0,13.8,39.7,46.5,1.8,,26.9,12.8,5.2,5.8,2.1,0.4,0.3,"USDA NRCS Kellogg Soil Survey Laboratory",
"9ae2533d-fb0c-4006-8a51-b88cff9fbfed","NOGP_001.basePlot.all","D09","NOGP","NOGP_001","S2016ND059001","2016-05-09","16N04066","Bw1","S2016ND059001-3","bulk",56.0,89.0,72.5,"2016-11-20","Kellogg Soil Survey Laboratory Methods Manual, Soil Survey Investigations Report No. 42 Version 5.0, Issued 2014","Routine Particle Size Distribution (3A1a1a)",5.5,2.4,71.4,18.5,10.1,,,7.8,10.7,10.3,37.6,19.2,3.2,1.1,"USDA NRCS Kellogg Soil Survey Laboratory",
"191502e2-5ee8-499d-a7a7-29c7b046c5f6","NOGP_001.basePlot.all","D09","NOGP","NOGP_001","S2016ND059001","2016-05-09","16N04065","A2","S2016ND059001-2","bulk",30.0,56.0,43.0,"2016-11-20","Kellogg Soil Survey Laboratory Methods Manual, Soil Survey Investigations Report No. 42 Version 5.0, Issued 2014","Routine Particle Size Distribution (3A1a1a)",18.8,3.4,71.7,19.0,9.3,,,8.1,10.9,7.6,38.2,19.7,4.5,1.7,"USDA NRCS Kellogg Soil Survey Laboratory",
"3a2f763d-7bcb-4886-a0d0-9082c2a3267b","NOGP_009.basePlot.all","D09","NOGP","NOGP_009","S2016ND059008","2016-05-09","16N04082","A","S2016ND059008-1","bulk",0.0,23.0,11.5,"2016-11-20","Kellogg Soil Survey Laboratory Methods Manual, Soil Survey Investigations Report No. 42 Version 5.0, Issued 2014","Routine Particle Size Distribution (3A1a1a)",0.0,0.0,11.6,45.7,42.7,,,28.9,16.8,5.6,4.0,1.5,0.3,0.2,"USDA NRCS Kellogg Soil Survey Laboratory",
"e3a83531-c016-47e0-9f90-3d323692ad60","NOGP_001.basePlot.all","D09","NOGP","NOGP_001","S2016ND059001","2016-05-09","16N04064","A1","S2016ND059001-1","bulk",0.0,30.0,15.0,"2016-11-20","Kellogg Soil Survey Laboratory Methods Manual, Soil Survey Investigations Report No. 42 Version 5.0, Issued 2014","Routine Particle Size Distribution (3A1a1a)",6.0,3.1,74.6,17.2,8.2,,,7.6,9.6,7.6,40.0,20.7,4.6,1.7,"USDA NRCS Kellogg Soil Survey Laboratory",
"0586558a-777f-4e6d-ad83-7253c4735e0f","NOGP_009.basePlot.all","D09","NOGP","NOGP_009","S2016ND059008","2016-05-09","16N04084","Btk","S2016ND059008-3","bulk",53.0,88.0,70.5,"2016-11-20","Kellogg Soil Survey Laboratory Methods Manual, Soil Survey Investigations Report No. 42 Version 5.0, Issued 2014","Routine Particle Size Distribution (3A1a1a)",0.0,0.0,10.8,42.5,46.7,0.0,,29.1,13.4,5.0,3.9,1.5,0.3,0.1,"USDA NRCS Kellogg Soil Survey Laboratory",
"607d8dfa-f9c2-4e9b-9aa9-b76b0ee39a65","NOGP_021.basePlot.all","D09","NOGP","NOGP_021","S2016ND059020","2016-05-09","16N04110","BCk","S2016ND059020-3","bulk",54.0,68.0,61.0,"2018-04-04","Kellogg Soil Survey Laboratory Methods Manual, Soil Survey Investigations Report No. 42 Version 5.0, Issued 2014","Routine Particle Size Distribution (3A1a1a)",0.0,0.6,3.5,49.7,47.6,1.7,,40.8,9.2,1.2,0.9,0.5,0.6,0.6,"USDA NRCS Kellogg Soil Survey Laboratory",
"54494d46-bba4-4d51-9fbf-86898edf6f69","NOGP_001.basePlot.all","D09","NOGP","NOGP_001","S2016ND059001","2016-05-09","16N04067","Bw2","S2016ND059001-4","bulk",89.0,140.0,114.5,"2016-11-20","Kellogg Soil Survey Laboratory Methods Manual, Soil Survey Investigations Report No. 42 Version 5.0, Issued 2014","Routine Particle Size Distribution (3A1a1a)",26.9,3.5,66.3,21.2,12.5,,,9.7,11.5,13.2,37.0,13.9,1.8,0.4,"USDA NRCS Kellogg Soil Survey Laboratory",
"ebcefd21-310c-44a4-a98e-8f0f5757dd04","NOGP_021.basePlot.all","D09","NOGP","NOGP_021","S2016ND059020","2016-05-09","16N04109","Bk","S2016ND059020-2","bulk",14.0,54.0,34.0,"2018-04-04","Kellogg Soil Survey Laboratory Methods Manual, Soil Survey Investigations Report No. 42 Version 5.0, Issued 2014","Routine Particle Size Distribution (3A1a1a)",33.4,16.1,4.7,48.5,46.8,2.1,,35.8,13.6,3.0,1.0,0.5,0.4,0.1,"USDA NRCS Kellogg Soil Survey Laboratory",
"13a2bb0d-a12b-4552-ab4a-2610b305ec4c","NOGP_009.basePlot.all","D09","NOGP","NOGP_009","S2016ND059008","2016-05-09","16N04083","Bt","S2016ND059008-2","bulk",23.0,53.0,38.0,"2016-11-20","Kellogg Soil Survey Laboratory Methods Manual, Soil Survey Investigations Report No. 42 Version 5.0, Issued 2014","Routine Particle Size Distribution (3A1a1a)",0.0,0.0,8.4,42.7,48.9,,,28.8,13.9,4.0,2.9,0.9,0.3,0.3,"USDA NRCS Kellogg Soil Survey Laboratory",
"36af1f06-9eb4-4dac-92a3-063d12b3cc33","NOGP_003.basePlot.all","D09","NOGP","NOGP_003","S2016ND059003","2016-05-10","16N04070","Btk","S2016ND059003-3","bulk",29.0,51.0,40.0,"2016-11-20","Kellogg Soil Survey Laboratory Methods Manual, Soil Survey Investigations Report No. 42 Version 5.0, Issued 2014","Routine Particle Size Distribution (3A1a1a)",69.6,21.0,34.8,33.9,31.3,3.0,,20.7,13.2,18.6,12.7,3.1,0.3,0.1,"USDA NRCS Kellogg Soil Survey Laboratory",
"e504efc8-9840-44a8-88e1-58c4201f8885","NOGP_003.basePlot.all","D09","NOGP","NOGP_003","S2016ND059003","2016-05-10","16N04071","Bk","S2016ND059003-4","bulk",51.0,107.0,79.0,"2016-11-20","Kellogg Soil Survey Laboratory Methods Manual, Soil Survey Investigations Report No. 42 Version 5.0, Issued 2014","Routine Particle Size Distribution (3A1a1a)",7.5,2.7,41.3,30.7,28.0,2.4,,18.0,12.7,21.2,15.5,3.7,0.4,0.5,"USDA NRCS Kellogg Soil Survey Laboratory",
"dbfa809e-73e5-48d2-a7a5-8c62561bbb10","NOGP_003.basePlot.all","D09","NOGP","NOGP_003","S2016ND059003","2016-05-10","16N04068","A","S2016ND059003-1","bulk",0.0,18.0,9.0,"2016-11-20","Kellogg Soil Survey Laboratory Methods Manual, Soil Survey Investigations Report No. 42 Version 5.0, Issued 2014","Routine Particle Size Distribution (3A1a1a)",1.4,0.7,22.9,39.3,37.8,,,21.7,17.6,14.6,6.3,1.7,0.2,0.1,"USDA NRCS Kellogg Soil Survey Laboratory",
"ff3375b9-78e9-40b7-b7d8-4107ad61a1d3","NOGP_003.basePlot.all","D09","NOGP","NOGP_003","S2016ND059003","2016-05-10","16N04069","Bt","S2016ND059003-2","bulk",18.0,29.0,23.5,"2016-11-20","Kellogg Soil Survey Laboratory Methods Manual, Soil Survey Investigations Report No. 42 Version 5.0, Issued 2014","Routine Particle Size Distribution (3A1a1a)",0.3,0.0,25.1,36.7,38.2,,,20.9,15.8,16.8,6.7,1.5,0.1,0.0,"USDA NRCS Kellogg Soil Survey Laboratory",
