uid,namedLocation,domainID,siteID,plotID,nrcsDescriptionID,collectDate,horizonID,horizonName,biogeoIDnrcs,biogeoSampleType,biogeoTopDepth,biogeoBottomDepth,biogeoCenterDepth,particleSizeDistProcessedDate,particleSizeDistMethodPub,particleSizeDistMethod,coarseFrag2To5,coarseFrag5To20,sandTotal,siltTotal,clayTotal,carbonateClay,clayFineContent,siltFineContent,siltCoarseContent,sandVeryFineContent,sandFineContent,sandMediumContent,sandCoarseContent,sandVeryCoarseContent,laboratoryName,dataQF
"b9b0ad68-c972-4124-9139-3e176f761058","HARV_015.basePlot.all","D01","HARV","HARV_015","S2016MA027015","2016-10-25","17N02408","BC","S2016MA027015-5","bulk",53.0,78.0,65.5,"2017-10-24","Kellogg Soil Survey Laboratory Methods Manual, Soil Survey Investigations Report No. 42 Version 5.0, Issued 2014","Routine Particle Size Distribution (3A1a1a)",88.6,258.9,72.2,23.9,3.9,,,12.2,11.7,16.8,24.1,18.0,9.4,3.9,"USDA NRCS Kellogg Soil Survey Laboratory",
"d5b29bb2-599a-402e-8318-463fd7a2bde1","HARV_015.basePlot.all","D01","HARV","HARV_015","S2016MA027015","2016-10-25","17N02404","Oa","S2016MA027015-1","bulk",0.0,6.0,3.0,,,,0.0,0.0,,,,,,,,,,,,,"USDA NRCS Kellogg Soil Survey Laboratory",
"0b81ae0f-2a08-4ed8-a505-af80ba88141c","HARV_015.basePlot.all","D01","HARV","HARV_015","S2016MA027015","2016-10-25","17N02409","C","S2016MA027015-6","bulk",78.0,100.0,89.0,"2017-10-24","Kellogg Soil Survey Laboratory Methods Manual, Soil Survey Investigations Report No. 42 Version 5.0, Issued 2014","Routine Particle Size Distribution (3A1a1a)",109.5,259.5,77.9,20.4,1.7,,,10.3,10.1,17.1,25.5,17.4,11.8,6.1,"USDA NRCS Kellogg Soil Survey Laboratory",
"bf5fcd21-5eac-438e-9287-46d35dcbfb5c","HARV_015.basePlot.all","D01","HARV","HARV_015","S2016MA027015","2016-10-25","17N02407","Bw2","S2016MA027015-4","bulk",33.0,53.0,43.0,"2017-10-24","Kellogg Soil Survey Laboratory Methods Manual, Soil Survey Investigations Report No. 42 Version 5.0, Issued 2014","Routine Particle Size Distribution (3A1a1a)",92.7,350.4,64.4,29.1,6.5,,,17.0,12.1,15.8,21.5,14.1,8.5,4.5,"USDA NRCS Kellogg Soil Survey Laboratory",
"95d346ee-bfef-4834-968f-660128c9bc07","HARV_015.basePlot.all","D01","HARV","HARV_015","S2016MA027015","2016-10-25","17N02406","Bw1","S2016MA027015-3","bulk",14.0,33.0,23.5,"2017-10-24","Kellogg Soil Survey Laboratory Methods Manual, Soil Survey Investigations Report No. 42 Version 5.0, Issued 2014","Routine Particle Size Distribution (3A1a1a)",47.4,235.8,56.1,36.0,7.9,,,18.8,17.2,13.5,17.3,13.9,7.9,3.5,"USDA NRCS Kellogg Soil Survey Laboratory",
"1812d152-20e0-41e6-9800-5d425e541c39","HARV_015.basePlot.all","D01","HARV","HARV_015","S2016MA027015","2016-10-25","17N02405","BA","S2016MA027015-2","bulk",6.0,14.0,10.0,"2017-10-24","Kellogg Soil Survey Laboratory Methods Manual, Soil Survey Investigations Report No. 42 Version 5.0, Issued 2014","Routine Particle Size Distribution (3A1a1a)",23.2,43.9,40.1,51.5,8.4,,,18.2,33.3,13.7,0.0,14.3,9.0,3.1,"USDA NRCS Kellogg Soil Survey Laboratory",
