uid,namedLocation,domainID,siteID,plotID,pitID,collectDate,testProtocolVersion,nrcsDescriptionID,horizonID,horizonName,horizonTopDepth,horizonBottomDepth,remarks,dataQF
"d7d44a17-265e-4c85-ad6f-41e09d39231d","HARV_015.basePlot.all","D01","HARV","HARV_015","1126030","2016-10-25","Field Book for Describing and Sampling Soils ver3","S2016MA027015","17N02405","BA",6,14,"Small pieces of charcoal present, most likley from the 1957 forest fire that burned through the forest, a detailed fire record is available at Harvard Forest.",
"2bc180e0-25bd-4cda-a963-18b52423052a","HARV_015.basePlot.all","D01","HARV","HARV_015","1126030","2016-10-25","Field Book for Describing and Sampling Soils ver3","S2016MA027015","17N02409","C",78,100,"Pockets of firmer soil in the C horizon.",
"8beb9594-406e-4c2f-a2ac-a565063fb146","HARV_015.basePlot.all","D01","HARV","HARV_015","1126030","2016-10-25","Field Book for Describing and Sampling Soils ver3","S2016MA027015","17N02408","BC",53,78,,
"028e0fe7-3ba0-488a-8c43-4c0e9fc72f0a","HARV_015.basePlot.all","D01","HARV","HARV_015","1126030","2016-10-25","Field Book for Describing and Sampling Soils ver3","S2016MA027015","17N02404","Oa",0,6,"2cm of Oe at the surface of horizon, too thin to sample.",
"c4375df3-8e92-4da0-a93b-6b4697ff6bb0","HARV_015.basePlot.all","D01","HARV","HARV_015","1126030","2016-10-25","Field Book for Describing and Sampling Soils ver3","S2016MA027015","17N02407","Bw2",33,53,,
"fa8d7c96-9268-48b9-94d8-0eab61e6acc7","HARV_015.basePlot.all","D01","HARV","HARV_015","1126030","2016-10-25","Field Book for Describing and Sampling Soils ver3","S2016MA027015","17N02406","Bw1",14,33,,
