uid,namedLocation,domainID,siteID,plotID,nrcsDescriptionID,collectDate,horizonID,horizonName,bulkDensProcessedDate,bulkDensMethodPub,bulkDensMethod,bulkDensIDnrcs,bulkDensSampleType,bulkDensCenterDepth,bulkDensTopDepth,bulkDensBottomDepth,bulkDensThirdBar,bulkDensOvenDry,bulkDensFieldMoist,waterRetentionThirdBar,fieldWaterContent,laboratoryName,remarks,dataQF
"3bc0a899-01f8-4e4a-92c4-c7234890fdcf","JERC_010.basePlot.all","D03","JERC","JERC_010","S2015GA007003","2015-10-13","18N00974","A","2018-03-22","Kellogg Soil Survey Laboratory Methods Manual, Soil Survey Investigations Report No. 42 Version 5.0, Issued 2014","Bulk Density, Field Core (3B7)","S2015GA007003-1","field core",4.0,0.0,8.0,,,1.11,,1.0,"USDA NRCS Kellogg Soil Survey Laboratory",,
"67f8aacf-cb68-46bb-9243-c6cf807e0b9e","JERC_010.basePlot.all","D03","JERC","JERC_010","S2015GA007003","2015-10-13","18N00976","E1","2018-03-22","Kellogg Soil Survey Laboratory Methods Manual, Soil Survey Investigations Report No. 42 Version 5.0, Issued 2014","Bulk Density, Field Core (3B7)","S2015GA007003-3","field core",36.5,20.0,53.0,,,1.27,,0.9,"USDA NRCS Kellogg Soil Survey Laboratory",,
"16b77f5f-f735-477d-9c17-eaba9a61d447","JERC_006.basePlot.all","D03","JERC","JERC_006","S2015GA007015","2015-10-13","18N01015","A","2018-03-22","Kellogg Soil Survey Laboratory Methods Manual, Soil Survey Investigations Report No. 42 Version 5.0, Issued 2014","Bulk Density, Field Core (3B7)","S2015GA007015-1","field core",2.5,0.0,5.0,,,0.72,,2.1,"USDA NRCS Kellogg Soil Survey Laboratory",,
"f2b4297a-c574-4922-ba0e-5f03443df008","JERC_022.basePlot.all","D03","JERC","JERC_022","S2015GA007004","2015-10-13","18N00980","Bt1","2018-03-22","Kellogg Soil Survey Laboratory Methods Manual, Soil Survey Investigations Report No. 42 Version 5.0, Issued 2014","Bulk Density, Field Core (3B7)","S2015GA007004-3","field core",43.0,20.0,66.0,,,1.40,,0.8,"USDA NRCS Kellogg Soil Survey Laboratory",,
"09b6e7b5-589d-4880-9d08-f3f489eb9b8b","JERC_006.basePlot.all","D03","JERC","JERC_006","S2015GA007015","2015-10-13","18N01018","E2","2018-03-22","Kellogg Soil Survey Laboratory Methods Manual, Soil Survey Investigations Report No. 42 Version 5.0, Issued 2014","Bulk Density, Field Core (3B7)","S2015GA007015-4","field core",72.0,60.0,84.0,,,1.31,,0.6,"USDA NRCS Kellogg Soil Survey Laboratory",,
"81b259b2-0947-4075-bca8-b0142294458d","JERC_031.basePlot.all","D03","JERC","JERC_031","S2015GA007008","2015-10-13","18N00992","E","2018-03-22","Kellogg Soil Survey Laboratory Methods Manual, Soil Survey Investigations Report No. 42 Version 5.0, Issued 2014","Bulk Density, Field Core (3B7)","S2015GA007008-3","field core",67.5,30.0,105.0,,,1.70,,0.5,"USDA NRCS Kellogg Soil Survey Laboratory",,
"880a9865-e450-4912-b251-e322f44e5c2d","JERC_006.basePlot.all","D03","JERC","JERC_006","S2015GA007015","2015-10-13","18N01019","E3","2018-03-22","Kellogg Soil Survey Laboratory Methods Manual, Soil Survey Investigations Report No. 42 Version 5.0, Issued 2014","Bulk Density, Field Core (3B7)","S2015GA007015-5","field core",92.0,84.0,100.0,,,1.35,,0.5,"USDA NRCS Kellogg Soil Survey Laboratory",,
"c78b809d-b009-4e47-ba09-831fb00c75c2","JERC_022.basePlot.all","D03","JERC","JERC_022","S2015GA007004","2015-10-13","18N00979","E","2018-03-22","Kellogg Soil Survey Laboratory Methods Manual, Soil Survey Investigations Report No. 42 Version 5.0, Issued 2014","Bulk Density, Field Core (3B7)","S2015GA007004-2","field core",16.0,12.0,20.0,,,1.19,,0.6,"USDA NRCS Kellogg Soil Survey Laboratory",,
"fc6db9b7-7664-48ec-8019-db0a00f4f563","JERC_031.basePlot.all","D03","JERC","JERC_031","S2015GA007008","2015-10-13","18N00991","A2","2018-03-22","Kellogg Soil Survey Laboratory Methods Manual, Soil Survey Investigations Report No. 42 Version 5.0, Issued 2014","Bulk Density, Field Core (3B7)","S2015GA007008-2","field core",20.5,11.0,30.0,,,1.78,,0.6,"USDA NRCS Kellogg Soil Survey Laboratory",,
"ecee9602-ba97-432c-b288-73e8338ab80a","JERC_010.basePlot.all","D03","JERC","JERC_010","S2015GA007003","2015-10-13","18N00977","E2","2018-03-22","Kellogg Soil Survey Laboratory Methods Manual, Soil Survey Investigations Report No. 42 Version 5.0, Issued 2014","Bulk Density, Field Core (3B7)","S2015GA007003-4","field core",76.5,53.0,100.0,,,1.45,,0.5,"USDA NRCS Kellogg Soil Survey Laboratory",,
"efc8cd18-9375-42b9-9fa1-c974cd1ef15e","JERC_022.basePlot.all","D03","JERC","JERC_022","S2015GA007004","2015-10-13","18N00981","Bt2","2018-03-22","Kellogg Soil Survey Laboratory Methods Manual, Soil Survey Investigations Report No. 42 Version 5.0, Issued 2014","Bulk Density, Field Core (3B7)","S2015GA007004-4","field core",83.0,66.0,100.0,,,1.27,,0.6,"USDA NRCS Kellogg Soil Survey Laboratory",,
"eaf5ccb5-368c-4b60-9328-0b6b72d34979","JERC_022.basePlot.all","D03","JERC","JERC_022","S2015GA007004","2015-10-13","18N00978","A","2018-03-22","Kellogg Soil Survey Laboratory Methods Manual, Soil Survey Investigations Report No. 42 Version 5.0, Issued 2014","Bulk Density, Field Core (3B7)","S2015GA007004-1","field core",6.0,0.0,12.0,,,0.91,,1.6,"USDA NRCS Kellogg Soil Survey Laboratory",,
"f9eaa02a-dc2b-43b4-afbd-ecdaca3eec5f","JERC_006.basePlot.all","D03","JERC","JERC_006","S2015GA007015","2015-10-13","18N01016","EA","2018-03-22","Kellogg Soil Survey Laboratory Methods Manual, Soil Survey Investigations Report No. 42 Version 5.0, Issued 2014","Bulk Density, Field Core (3B7)","S2015GA007015-2","field core",12.0,5.0,19.0,,,1.19,,0.6,"USDA NRCS Kellogg Soil Survey Laboratory",,
"a4728d23-2a60-4a65-a0ae-8911ea606745","JERC_031.basePlot.all","D03","JERC","JERC_031","S2015GA007008","2015-10-13","18N00990","A1","2018-03-22","Kellogg Soil Survey Laboratory Methods Manual, Soil Survey Investigations Report No. 42 Version 5.0, Issued 2014","Bulk Density, Field Core (3B7)","S2015GA007008-1","field core",5.5,0.0,11.0,,,1.71,,0.6,"USDA NRCS Kellogg Soil Survey Laboratory",,
"668bbe29-4608-4167-952a-05941ec09d2c","JERC_006.basePlot.all","D03","JERC","JERC_006","S2015GA007015","2015-10-13","18N01017","E1","2018-03-22","Kellogg Soil Survey Laboratory Methods Manual, Soil Survey Investigations Report No. 42 Version 5.0, Issued 2014","Bulk Density, Field Core (3B7)","S2015GA007015-3","field core",39.5,19.0,60.0,,,1.34,,0.5,"USDA NRCS Kellogg Soil Survey Laboratory",,
"a1f79765-90bd-4b45-b1f6-b34ac96bd9c3","JERC_010.basePlot.all","D03","JERC","JERC_010","S2015GA007003","2015-10-13","18N00975","AE","2018-03-22","Kellogg Soil Survey Laboratory Methods Manual, Soil Survey Investigations Report No. 42 Version 5.0, Issued 2014","Bulk Density, Field Core (3B7)","S2015GA007003-2","field core",14.0,8.0,20.0,,,1.37,,0.5,"USDA NRCS Kellogg Soil Survey Laboratory",,
"ce6d80b5-ed59-4a22-8796-de06f6c934c3","JERC_002.basePlot.all","D03","JERC","JERC_002","S2015GA007012","2015-10-14","18N01006","E2","2018-03-22","Kellogg Soil Survey Laboratory Methods Manual, Soil Survey Investigations Report No. 42 Version 5.0, Issued 2014","Bulk Density, Field Core (3B7)","S2015GA007012-3","field core",41.5,36.0,47.0,,,1.76,,0.3,"USDA NRCS Kellogg Soil Survey Laboratory",,
"8df3cbe8-4fb6-4584-ad9c-f71feb66fc92","JERC_005.basePlot.all","D03","JERC","JERC_005","S2015GA007014","2015-10-14","18N01013","Bt","2018-03-22","Kellogg Soil Survey Laboratory Methods Manual, Soil Survey Investigations Report No. 42 Version 5.0, Issued 2014","Bulk Density, Field Core (3B7)","S2015GA007014-5","field core",71.0,58.0,84.0,,,1.22,,2.0,"USDA NRCS Kellogg Soil Survey Laboratory",,
"9e8e7ae1-bf9c-4fe4-a6cc-4bca33ae6e46","JERC_028.basePlot.all","D03","JERC","JERC_028","S2015GA007025","2015-10-14","18N01053","Bt2","2018-03-22","Kellogg Soil Survey Laboratory Methods Manual, Soil Survey Investigations Report No. 42 Version 5.0, Issued 2014","Bulk Density, Field Core (3B7)","S2015GA007025-3","field core",73.5,47.0,100.0,,,1.02,,5.4,"USDA NRCS Kellogg Soil Survey Laboratory",,
"c19cf773-025e-48aa-88c9-65ef67a5dee0","JERC_009.basePlot.all","D03","JERC","JERC_009","S2015GA007017","2015-10-14","18N01028","Bt1","2018-03-22","Kellogg Soil Survey Laboratory Methods Manual, Soil Survey Investigations Report No. 42 Version 5.0, Issued 2014","Bulk Density, Field Core (3B7)","S2015GA007017-3","field core",31.5,24.0,39.0,,,1.68,,1.1,"USDA NRCS Kellogg Soil Survey Laboratory",,
"d46553bd-098e-4c98-b581-48ab63b9abfc","JERC_021.basePlot.all","D03","JERC","JERC_021","S2015GA007024","2015-10-14","18N01046","Ap","2018-03-22","Kellogg Soil Survey Laboratory Methods Manual, Soil Survey Investigations Report No. 42 Version 5.0, Issued 2014","Bulk Density, Field Core (3B7)","S2015GA007024-1","field core",7.5,0.0,15.0,,,0.86,,1.7,"USDA NRCS Kellogg Soil Survey Laboratory",,
"13aaf1a9-1d5b-41c3-a264-730c7e4a3df0","JERC_035.basePlot.all","D03","JERC","JERC_035","S2015GA007006","2015-10-14","18N00987","E1","2018-03-22","Kellogg Soil Survey Laboratory Methods Manual, Soil Survey Investigations Report No. 42 Version 5.0, Issued 2014","Bulk Density, Field Core (3B7)","S2015GA007006-2","field core",36.5,17.0,56.0,,,1.12,,0.7,"USDA NRCS Kellogg Soil Survey Laboratory",,
"c2b2b1ed-69ce-4ac9-9bfe-daa20ed7cc72","JERC_035.basePlot.all","D03","JERC","JERC_035","S2015GA007006","2015-10-14","18N00988","E2","2018-03-22","Kellogg Soil Survey Laboratory Methods Manual, Soil Survey Investigations Report No. 42 Version 5.0, Issued 2014","Bulk Density, Field Core (3B7)","S2015GA007006-3","field core",64.0,56.0,72.0,,,1.27,,0.6,"USDA NRCS Kellogg Soil Survey Laboratory",,
"de56c605-2b89-4f24-bc58-c8beac915941","JERC_028.basePlot.all","D03","JERC","JERC_028","S2015GA007025","2015-10-14","18N01052","Bt1","2018-03-22","Kellogg Soil Survey Laboratory Methods Manual, Soil Survey Investigations Report No. 42 Version 5.0, Issued 2014","Bulk Density, Field Core (3B7)","S2015GA007025-2","field core",31.0,15.0,47.0,,,1.13,,0.6,"USDA NRCS Kellogg Soil Survey Laboratory",,
"4419b08b-f77b-4a4e-add3-34803814345f","JERC_030.basePlot.all","D03","JERC","JERC_030","S2015GA007027","2015-10-14","18N01060","Bt1","2018-03-22","Kellogg Soil Survey Laboratory Methods Manual, Soil Survey Investigations Report No. 42 Version 5.0, Issued 2014","Bulk Density, Field Core (3B7)","S2015GA007027-3","field core",47.0,32.0,62.0,,,1.03,,0.7,"USDA NRCS Kellogg Soil Survey Laboratory",,
"a411f0ed-2ac8-4ce4-a11f-3b7d9f55842e","JERC_009.basePlot.all","D03","JERC","JERC_009","S2015GA007017","2015-10-14","18N01029","Bt2","2018-03-22","Kellogg Soil Survey Laboratory Methods Manual, Soil Survey Investigations Report No. 42 Version 5.0, Issued 2014","Bulk Density, Field Core (3B7)","S2015GA007017-4","field core",51.5,39.0,64.0,,,1.63,,0.6,"USDA NRCS Kellogg Soil Survey Laboratory",,
"a2728308-f1f8-4fdf-8a11-c6a6cb2924c9","JERC_009.basePlot.all","D03","JERC","JERC_009","S2015GA007017","2015-10-14","18N01030","Bt3","2018-03-22","Kellogg Soil Survey Laboratory Methods Manual, Soil Survey Investigations Report No. 42 Version 5.0, Issued 2014","Bulk Density, Field Core (3B7)","S2015GA007017-5","field core",82.0,64.0,100.0,,,1.66,,3.0,"USDA NRCS Kellogg Soil Survey Laboratory",,
"2b7ed318-aea7-4583-a37f-c068ef27e8c3","JERC_030.basePlot.all","D03","JERC","JERC_030","S2015GA007027","2015-10-14","18N01058","Ap","2018-03-22","Kellogg Soil Survey Laboratory Methods Manual, Soil Survey Investigations Report No. 42 Version 5.0, Issued 2014","Bulk Density, Field Core (3B7)","S2015GA007027-1","field core",7.5,0.0,15.0,,,0.93,,1.2,"USDA NRCS Kellogg Soil Survey Laboratory",,
"94f49702-8ee3-4091-8b25-f0a990111011","JERC_021.basePlot.all","D03","JERC","JERC_021","S2015GA007024","2015-10-14","18N01048","BE","2018-03-22","Kellogg Soil Survey Laboratory Methods Manual, Soil Survey Investigations Report No. 42 Version 5.0, Issued 2014","Bulk Density, Field Core (3B7)","S2015GA007024-3","field core",41.0,32.0,50.0,,,1.00,,0.7,"USDA NRCS Kellogg Soil Survey Laboratory",,
"4e7790ef-c743-48e4-8857-1afc6955a013","JERC_002.basePlot.all","D03","JERC","JERC_002","S2015GA007012","2015-10-14","18N01007","Bt1","2018-03-22","Kellogg Soil Survey Laboratory Methods Manual, Soil Survey Investigations Report No. 42 Version 5.0, Issued 2014","Bulk Density, Field Core (3B7)","S2015GA007012-4","field core",61.5,47.0,76.0,,,1.87,,0.6,"USDA NRCS Kellogg Soil Survey Laboratory",,
"721db978-d89a-4f8c-a490-84ecce51f809","JERC_030.basePlot.all","D03","JERC","JERC_030","S2015GA007027","2015-10-14","18N01059","E","2018-03-22","Kellogg Soil Survey Laboratory Methods Manual, Soil Survey Investigations Report No. 42 Version 5.0, Issued 2014","Bulk Density, Field Core (3B7)","S2015GA007027-2","field core",23.5,15.0,32.0,,,1.13,,0.7,"USDA NRCS Kellogg Soil Survey Laboratory",,
"dfd61189-80ae-4af4-a4ce-a7e69a209ae8","JERC_008.basePlot.all","D03","JERC","JERC_008","S2015GA007016","2015-10-14","18N01020","A","2018-03-22","Kellogg Soil Survey Laboratory Methods Manual, Soil Survey Investigations Report No. 42 Version 5.0, Issued 2014","Bulk Density, Field Core (3B7)","S2015GA007016-1","field core",4.5,0.0,9.0,,,1.17,,0.6,"USDA NRCS Kellogg Soil Survey Laboratory",,
"214102f5-24ef-4577-9431-e39bb60c2639","JERC_008.basePlot.all","D03","JERC","JERC_008","S2015GA007016","2015-10-14","18N01024","Bt2","2018-03-22","Kellogg Soil Survey Laboratory Methods Manual, Soil Survey Investigations Report No. 42 Version 5.0, Issued 2014","Bulk Density, Field Core (3B7)","S2015GA007016-5","field core",75.5,60.0,91.0,,,1.24,,0.9,"USDA NRCS Kellogg Soil Survey Laboratory",,
"0b0691ff-2056-4c42-8504-af24b2e8cfe8","JERC_021.basePlot.all","D03","JERC","JERC_021","S2015GA007024","2015-10-14","18N01047","E","2018-03-22","Kellogg Soil Survey Laboratory Methods Manual, Soil Survey Investigations Report No. 42 Version 5.0, Issued 2014","Bulk Density, Field Core (3B7)","S2015GA007024-2","field core",23.5,15.0,32.0,,,1.00,,1.1,"USDA NRCS Kellogg Soil Survey Laboratory",,
"0193a133-4a33-4df0-a842-bdd0b688ad77","JERC_003.basePlot.all","D03","JERC","JERC_003","S2015GA007001","2015-10-14","18N00972","E2","2018-03-22","Kellogg Soil Survey Laboratory Methods Manual, Soil Survey Investigations Report No. 42 Version 5.0, Issued 2014","Bulk Density, Field Core (3B7)","S2015GA007001-3","field core",48.5,35.0,62.0,,,1.20,,0.9,"USDA NRCS Kellogg Soil Survey Laboratory",,
"8fdaf588-0a82-47fe-85f3-72e8558724fc","JERC_035.basePlot.all","D03","JERC","JERC_035","S2015GA007006","2015-10-14","18N00989","EBt","2018-03-22","Kellogg Soil Survey Laboratory Methods Manual, Soil Survey Investigations Report No. 42 Version 5.0, Issued 2014","Bulk Density, Field Core (3B7)","S2015GA007006-4","field core",86.0,72.0,100.0,,,1.26,,0.6,"USDA NRCS Kellogg Soil Survey Laboratory",,
"d9d9ea6e-174f-4902-8608-dfb2a1d56798","JERC_003.basePlot.all","D03","JERC","JERC_003","S2015GA007001","2015-10-14","18N00971","E1","2018-03-22","Kellogg Soil Survey Laboratory Methods Manual, Soil Survey Investigations Report No. 42 Version 5.0, Issued 2014","Bulk Density, Field Core (3B7)","S2015GA007001-2","field core",23.5,12.0,35.0,,,1.03,,1.4,"USDA NRCS Kellogg Soil Survey Laboratory",,
"4280037a-ad8e-4b8e-9ef9-529faa320dd4","JERC_003.basePlot.all","D03","JERC","JERC_003","S2015GA007001","2015-10-14","18N00970","A","2018-03-22","Kellogg Soil Survey Laboratory Methods Manual, Soil Survey Investigations Report No. 42 Version 5.0, Issued 2014","Bulk Density, Field Core (3B7)","S2015GA007001-1","field core",6.0,0.0,12.0,,,0.91,,1.6,"USDA NRCS Kellogg Soil Survey Laboratory",,
"c1bef6c1-c0be-4249-b49d-0f47b9569f84","JERC_005.basePlot.all","D03","JERC","JERC_005","S2015GA007014","2015-10-14","18N01012","EB","2018-03-22","Kellogg Soil Survey Laboratory Methods Manual, Soil Survey Investigations Report No. 42 Version 5.0, Issued 2014","Bulk Density, Field Core (3B7)","S2015GA007014-4","field core",49.0,40.0,58.0,,,1.13,,0.6,"USDA NRCS Kellogg Soil Survey Laboratory",,
"ed08c4eb-bc02-45df-b4e9-29de919ef8a0","JERC_003.basePlot.all","D03","JERC","JERC_003","S2015GA007001","2015-10-14","18N00973","Bt","2018-03-22","Kellogg Soil Survey Laboratory Methods Manual, Soil Survey Investigations Report No. 42 Version 5.0, Issued 2014","Bulk Density, Field Core (3B7)","S2015GA007001-4","field core",81.0,62.0,100.0,,,0.86,,1.7,"USDA NRCS Kellogg Soil Survey Laboratory",,
"9550a584-0419-44b3-b064-6a21f3f622de","JERC_033.basePlot.all","D03","JERC","JERC_033","S2015GA007021","2015-10-14","18N01041","Bt2","2018-03-22","Kellogg Soil Survey Laboratory Methods Manual, Soil Survey Investigations Report No. 42 Version 5.0, Issued 2014","Bulk Density, Field Core (3B7)","S2015GA007021-5","field core",89.5,79.0,100.0,,,1.44,,0.7,"USDA NRCS Kellogg Soil Survey Laboratory",,
"14e1ae51-a938-4ee8-baad-49037b609d10","JERC_002.basePlot.all","D03","JERC","JERC_002","S2015GA007012","2015-10-14","18N01008","Bt2","2018-03-22","Kellogg Soil Survey Laboratory Methods Manual, Soil Survey Investigations Report No. 42 Version 5.0, Issued 2014","Bulk Density, Field Core (3B7)","S2015GA007012-5","field core",88.0,76.0,100.0,,,1.84,,0.8,"USDA NRCS Kellogg Soil Survey Laboratory",,
"5bc5693b-7656-43fc-ab47-eb2684854514","JERC_033.basePlot.all","D03","JERC","JERC_033","S2015GA007021","2015-10-14","18N01038","AE","2018-03-22","Kellogg Soil Survey Laboratory Methods Manual, Soil Survey Investigations Report No. 42 Version 5.0, Issued 2014","Bulk Density, Field Core (3B7)","S2015GA007021-2","field core",20.5,10.0,31.0,,,1.77,,0.7,"USDA NRCS Kellogg Soil Survey Laboratory",,
"cbc2f9fb-df4e-483e-9fd3-8614bc7ec4f9","JERC_002.basePlot.all","D03","JERC","JERC_002","S2015GA007012","2015-10-14","18N01005","E1","2018-03-22","Kellogg Soil Survey Laboratory Methods Manual, Soil Survey Investigations Report No. 42 Version 5.0, Issued 2014","Bulk Density, Field Core (3B7)","S2015GA007012-2","field core",26.0,16.0,36.0,,,1.78,,0.4,"USDA NRCS Kellogg Soil Survey Laboratory",,
"071eb515-6b5d-4d47-9f67-a9d45ccf7aee","JERC_030.basePlot.all","D03","JERC","JERC_030","S2015GA007027","2015-10-14","18N01062","Bt3","2018-03-22","Kellogg Soil Survey Laboratory Methods Manual, Soil Survey Investigations Report No. 42 Version 5.0, Issued 2014","Bulk Density, Field Core (3B7)","S2015GA007027-5","field core",91.5,83.0,100.0,,,0.94,,8.6,"USDA NRCS Kellogg Soil Survey Laboratory",,
"8aceed29-b90a-4b22-b9cb-a22a112598c6","JERC_009.basePlot.all","D03","JERC","JERC_009","S2015GA007017","2015-10-14","18N01026","A","2018-03-22","Kellogg Soil Survey Laboratory Methods Manual, Soil Survey Investigations Report No. 42 Version 5.0, Issued 2014","Bulk Density, Field Core (3B7)","S2015GA007017-1","field core",3.0,0.0,6.0,,,1.25,,1.2,"USDA NRCS Kellogg Soil Survey Laboratory",,
"fb1dc268-46a0-4643-a816-2b0e376f9168","JERC_028.basePlot.all","D03","JERC","JERC_028","S2015GA007025","2015-10-14","18N01051","A","2018-03-22","Kellogg Soil Survey Laboratory Methods Manual, Soil Survey Investigations Report No. 42 Version 5.0, Issued 2014","Bulk Density, Field Core (3B7)","S2015GA007025-1","field core",7.5,0.0,15.0,,,0.79,,5.2,"USDA NRCS Kellogg Soil Survey Laboratory",,
"efb5b5f7-2de6-4c48-bf01-f427ec00e214","JERC_021.basePlot.all","D03","JERC","JERC_021","S2015GA007024","2015-10-14","18N01050","Bt2","2018-03-22","Kellogg Soil Survey Laboratory Methods Manual, Soil Survey Investigations Report No. 42 Version 5.0, Issued 2014","Bulk Density, Field Core (3B7)","S2015GA007024-5","field core",85.0,70.0,100.0,,,0.98,,2.6,"USDA NRCS Kellogg Soil Survey Laboratory",,
"0be7c656-f6b5-45ac-83f5-446036ab7543","JERC_008.basePlot.all","D03","JERC","JERC_008","S2015GA007016","2015-10-14","18N01021","E1","2018-03-22","Kellogg Soil Survey Laboratory Methods Manual, Soil Survey Investigations Report No. 42 Version 5.0, Issued 2014","Bulk Density, Field Core (3B7)","S2015GA007016-2","field core",15.5,9.0,22.0,,,1.12,,0.6,"USDA NRCS Kellogg Soil Survey Laboratory",,
"408aa187-0d4c-4e1d-aec4-04fd60299fab","JERC_005.basePlot.all","D03","JERC","JERC_005","S2015GA007014","2015-10-14","18N01010","AE","2018-03-22","Kellogg Soil Survey Laboratory Methods Manual, Soil Survey Investigations Report No. 42 Version 5.0, Issued 2014","Bulk Density, Field Core (3B7)","S2015GA007014-2","field core",18.0,10.0,26.0,,,1.01,,0.7,"USDA NRCS Kellogg Soil Survey Laboratory",,
"91534373-b554-4519-8b3c-242c4e985d33","JERC_021.basePlot.all","D03","JERC","JERC_021","S2015GA007024","2015-10-14","18N01049","Bt1","2018-03-22","Kellogg Soil Survey Laboratory Methods Manual, Soil Survey Investigations Report No. 42 Version 5.0, Issued 2014","Bulk Density, Field Core (3B7)","S2015GA007024-4","field core",60.0,50.0,70.0,,,0.99,,1.1,"USDA NRCS Kellogg Soil Survey Laboratory",,
"ba7dc99b-ef92-48c6-ada7-bd15f7ccf85c","JERC_030.basePlot.all","D03","JERC","JERC_030","S2015GA007027","2015-10-14","18N01061","Bt2","2018-03-22","Kellogg Soil Survey Laboratory Methods Manual, Soil Survey Investigations Report No. 42 Version 5.0, Issued 2014","Bulk Density, Field Core (3B7)","S2015GA007027-4","field core",72.5,62.0,83.0,,,0.94,,6.3,"USDA NRCS Kellogg Soil Survey Laboratory",,
"f1225d3e-67e0-42ed-92f1-65bb1e1dd9c5","JERC_005.basePlot.all","D03","JERC","JERC_005","S2015GA007014","2015-10-14","18N01009","A","2018-03-22","Kellogg Soil Survey Laboratory Methods Manual, Soil Survey Investigations Report No. 42 Version 5.0, Issued 2014","Bulk Density, Field Core (3B7)","S2015GA007014-1","field core",5.0,0.0,10.0,,,0.86,,2.1,"USDA NRCS Kellogg Soil Survey Laboratory",,
"f2c2da45-da14-4f84-ae74-f44dd845e5e2","JERC_002.basePlot.all","D03","JERC","JERC_002","S2015GA007012","2015-10-14","18N01004","A","2018-03-22","Kellogg Soil Survey Laboratory Methods Manual, Soil Survey Investigations Report No. 42 Version 5.0, Issued 2014","Bulk Density, Field Core (3B7)","S2015GA007012-1","field core",8.0,0.0,16.0,,,1.34,,0.8,"USDA NRCS Kellogg Soil Survey Laboratory",,
"addd1a67-afe7-493f-ab4f-ea1f2b5370a4","JERC_034.basePlot.all","D03","JERC","JERC_034","S2015GA007005","2015-10-14","18N00985","BE","2018-03-22","Kellogg Soil Survey Laboratory Methods Manual, Soil Survey Investigations Report No. 42 Version 5.0, Issued 2014","Bulk Density, Field Core (3B7)","S2015GA007005-4","field core",70.0,40.0,100.0,,,1.38,,0.5,"USDA NRCS Kellogg Soil Survey Laboratory",,
"74df8e2e-1823-4ac7-bcb4-534a671ddb46","JERC_008.basePlot.all","D03","JERC","JERC_008","S2015GA007016","2015-10-14","18N01025","Bt3","2018-03-22","Kellogg Soil Survey Laboratory Methods Manual, Soil Survey Investigations Report No. 42 Version 5.0, Issued 2014","Bulk Density, Field Core (3B7)","S2015GA007016-6","field core",95.5,91.0,100.0,,,1.24,,0.6,"USDA NRCS Kellogg Soil Survey Laboratory",,
"1182be53-92da-4e2c-a213-fe951e73e4aa","JERC_005.basePlot.all","D03","JERC","JERC_005","S2015GA007014","2015-10-14","18N01014","Btx","2018-03-22","Kellogg Soil Survey Laboratory Methods Manual, Soil Survey Investigations Report No. 42 Version 5.0, Issued 2014","Bulk Density, Field Core (3B7)","S2015GA007014-6","field core",92.0,84.0,100.0,,,1.22,,2.8,"USDA NRCS Kellogg Soil Survey Laboratory",,
"b6aadb9c-60ef-4788-9efc-3fe7a5faa909","JERC_034.basePlot.all","D03","JERC","JERC_034","S2015GA007005","2015-10-14","18N00982","A","2018-03-22","Kellogg Soil Survey Laboratory Methods Manual, Soil Survey Investigations Report No. 42 Version 5.0, Issued 2014","Bulk Density, Field Core (3B7)","S2015GA007005-1","field core",3.5,0.0,7.0,,,0.72,,2.0,"USDA NRCS Kellogg Soil Survey Laboratory",,
"21c46398-9415-4d4b-869f-cd70c38d8ece","JERC_008.basePlot.all","D03","JERC","JERC_008","S2015GA007016","2015-10-14","18N01023","Bt1","2018-03-22","Kellogg Soil Survey Laboratory Methods Manual, Soil Survey Investigations Report No. 42 Version 5.0, Issued 2014","Bulk Density, Field Core (3B7)","S2015GA007016-4","field core",49.5,39.0,60.0,,,1.17,,0.9,"USDA NRCS Kellogg Soil Survey Laboratory",,
"67dd0100-e46e-48b0-9d94-b113581bf1df","JERC_008.basePlot.all","D03","JERC","JERC_008","S2015GA007016","2015-10-14","18N01022","E2","2018-03-22","Kellogg Soil Survey Laboratory Methods Manual, Soil Survey Investigations Report No. 42 Version 5.0, Issued 2014","Bulk Density, Field Core (3B7)","S2015GA007016-3","field core",30.5,22.0,39.0,,,1.33,,0.8,"USDA NRCS Kellogg Soil Survey Laboratory",,
"73a85230-fcf5-41ac-84ce-45df7aacf703","JERC_034.basePlot.all","D03","JERC","JERC_034","S2015GA007005","2015-10-14","18N00984","EB","2018-03-22","Kellogg Soil Survey Laboratory Methods Manual, Soil Survey Investigations Report No. 42 Version 5.0, Issued 2014","Bulk Density, Field Core (3B7)","S2015GA007005-3","field core",32.5,25.0,40.0,,,1.26,,0.6,"USDA NRCS Kellogg Soil Survey Laboratory",,
"c8386e2a-87d9-41bf-bb47-eff136dc247f","JERC_033.basePlot.all","D03","JERC","JERC_033","S2015GA007021","2015-10-14","18N01040","Bt1","2018-03-22","Kellogg Soil Survey Laboratory Methods Manual, Soil Survey Investigations Report No. 42 Version 5.0, Issued 2014","Bulk Density, Field Core (3B7)","S2015GA007021-4","field core",63.0,47.0,79.0,,,1.69,,0.8,"USDA NRCS Kellogg Soil Survey Laboratory",,
"385d960d-ea3a-433a-bc94-bdb4bda58000","JERC_033.basePlot.all","D03","JERC","JERC_033","S2015GA007021","2015-10-14","18N01037","A","2018-03-22","Kellogg Soil Survey Laboratory Methods Manual, Soil Survey Investigations Report No. 42 Version 5.0, Issued 2014","Bulk Density, Field Core (3B7)","S2015GA007021-1","field core",5.0,0.0,10.0,,,1.16,,0.9,"USDA NRCS Kellogg Soil Survey Laboratory",,
"4a72029c-58b2-4511-a969-b546ddc85c71","JERC_033.basePlot.all","D03","JERC","JERC_033","S2015GA007021","2015-10-14","18N01039","E","2018-03-22","Kellogg Soil Survey Laboratory Methods Manual, Soil Survey Investigations Report No. 42 Version 5.0, Issued 2014","Bulk Density, Field Core (3B7)","S2015GA007021-3","field core",39.0,31.0,47.0,,,1.86,,0.8,"USDA NRCS Kellogg Soil Survey Laboratory",,
"ca3c948b-59b5-4325-8c13-21bafa113a84","JERC_005.basePlot.all","D03","JERC","JERC_005","S2015GA007014","2015-10-14","18N01011","E","2018-03-22","Kellogg Soil Survey Laboratory Methods Manual, Soil Survey Investigations Report No. 42 Version 5.0, Issued 2014","Bulk Density, Field Core (3B7)","S2015GA007014-3","field core",33.0,26.0,40.0,,,1.21,,0.6,"USDA NRCS Kellogg Soil Survey Laboratory",,
"fbf8b958-3f84-49fe-9ce8-9b63857dd531","JERC_009.basePlot.all","D03","JERC","JERC_009","S2015GA007017","2015-10-14","18N01027","E","2018-03-22","Kellogg Soil Survey Laboratory Methods Manual, Soil Survey Investigations Report No. 42 Version 5.0, Issued 2014","Bulk Density, Field Core (3B7)","S2015GA007017-2","field core",15.0,6.0,24.0,,,1.59,,1.0,"USDA NRCS Kellogg Soil Survey Laboratory",,
"03124862-7649-4ccf-8c0d-8a6c4684ba88","JERC_034.basePlot.all","D03","JERC","JERC_034","S2015GA007005","2015-10-14","18N00983","E","2018-03-22","Kellogg Soil Survey Laboratory Methods Manual, Soil Survey Investigations Report No. 42 Version 5.0, Issued 2014","Bulk Density, Field Core (3B7)","S2015GA007005-2","field core",16.0,7.0,25.0,,,1.31,,0.6,"USDA NRCS Kellogg Soil Survey Laboratory",,
"1aad1d30-bea3-40df-a62e-00746f6ac4c0","JERC_035.basePlot.all","D03","JERC","JERC_035","S2015GA007006","2015-10-14","18N00986","A","2018-03-22","Kellogg Soil Survey Laboratory Methods Manual, Soil Survey Investigations Report No. 42 Version 5.0, Issued 2014","Bulk Density, Field Core (3B7)","S2015GA007006-1","field core",8.5,0.0,17.0,,,0.97,,1.1,"USDA NRCS Kellogg Soil Survey Laboratory",,
"1747482e-61b1-4328-ade0-95f72942781c","JERC_029.basePlot.all","D03","JERC","JERC_029","S2015GA007026","2015-10-15","18N01054","Ap","2018-03-22","Kellogg Soil Survey Laboratory Methods Manual, Soil Survey Investigations Report No. 42 Version 5.0, Issued 2014","Bulk Density, Field Core (3B7)","S2015GA007026-1","field core",9.5,0.0,19.0,,,1.13,,1.2,"USDA NRCS Kellogg Soil Survey Laboratory",,
"580a04c3-f2c7-4fb2-b9db-1e5338f9bab1","JERC_019.basePlot.all","D03","JERC","JERC_019","S2015GA007022","2015-10-15","18N01044","Bt1","2018-03-22","Kellogg Soil Survey Laboratory Methods Manual, Soil Survey Investigations Report No. 42 Version 5.0, Issued 2014","Bulk Density, Field Core (3B7)","S2015GA007022-3","field core",28.0,13.0,43.0,,,1.19,,0.6,"USDA NRCS Kellogg Soil Survey Laboratory",,
"b86ee77c-bf8d-4223-800d-c4a2c87a7858","JERC_015.basePlot.all","D03","JERC","JERC_015","S2015GA007019","2015-10-15","18N01033","E2","2018-03-22","Kellogg Soil Survey Laboratory Methods Manual, Soil Survey Investigations Report No. 42 Version 5.0, Issued 2014","Bulk Density, Field Core (3B7)","S2015GA007019-3","field core",20.0,12.0,28.0,,,1.25,,0.9,"USDA NRCS Kellogg Soil Survey Laboratory",,
"d0b4d9cf-13e2-4a1b-84ea-783b50e7acce","JERC_015.basePlot.all","D03","JERC","JERC_015","S2015GA007019","2015-10-15","18N01032","E1","2018-03-22","Kellogg Soil Survey Laboratory Methods Manual, Soil Survey Investigations Report No. 42 Version 5.0, Issued 2014","Bulk Density, Field Core (3B7)","S2015GA007019-2","field core",9.0,6.0,12.0,,,1.02,,0.7,"USDA NRCS Kellogg Soil Survey Laboratory",,
"1738f1a1-9b4a-4de2-bde1-c1684e0e0fe2","JERC_016.basePlot.all","D03","JERC","JERC_016","S2015GA007029","2015-10-15","18N01068","A","2018-03-22","Kellogg Soil Survey Laboratory Methods Manual, Soil Survey Investigations Report No. 42 Version 5.0, Issued 2014","Bulk Density, Field Core (3B7)","S2015GA007029-1","field core",8.0,0.0,16.0,,,1.21,,0.9,"USDA NRCS Kellogg Soil Survey Laboratory",,
"76639c8d-44c1-4b8d-a3b1-1acab397880c","JERC_015.basePlot.all","D03","JERC","JERC_015","S2015GA007019","2015-10-15","18N01034","BE","2018-03-22","Kellogg Soil Survey Laboratory Methods Manual, Soil Survey Investigations Report No. 42 Version 5.0, Issued 2014","Bulk Density, Field Core (3B7)","S2015GA007019-4","field core",35.5,28.0,43.0,,,1.35,,0.5,"USDA NRCS Kellogg Soil Survey Laboratory",,
"10a9a384-05fd-4822-ba81-653d68ea26d9","JERC_029.basePlot.all","D03","JERC","JERC_029","S2015GA007026","2015-10-15","18N01057","Bt","2018-03-22","Kellogg Soil Survey Laboratory Methods Manual, Soil Survey Investigations Report No. 42 Version 5.0, Issued 2014","Bulk Density, Field Core (3B7)","S2015GA007026-4","field core",85.0,70.0,100.0,,,1.40,,2.0,"USDA NRCS Kellogg Soil Survey Laboratory",,
"17a0cbc7-c10c-499f-8266-bfab9ec1a1b0","JERC_013.basePlot.all","D03","JERC","JERC_013","S2015GA007028","2015-10-15","18N01067","Bt3","2018-03-22","Kellogg Soil Survey Laboratory Methods Manual, Soil Survey Investigations Report No. 42 Version 5.0, Issued 2014","Bulk Density, Field Core (3B7)","S2015GA007028-5","field core",82.5,65.0,100.0,,,0.86,,5.5,"USDA NRCS Kellogg Soil Survey Laboratory",,
"e5e1c38c-1e74-4447-9b7f-8bdab5c8dc6d","JERC_016.basePlot.all","D03","JERC","JERC_016","S2015GA007029","2015-10-15","18N01069","C1","2018-03-22","Kellogg Soil Survey Laboratory Methods Manual, Soil Survey Investigations Report No. 42 Version 5.0, Issued 2014","Bulk Density, Field Core (3B7)","S2015GA007029-2","field core",27.0,16.0,38.0,,,1.33,,0.4,"USDA NRCS Kellogg Soil Survey Laboratory",,
"f33d2612-e28f-47b8-a1c9-cd77df471a25","JERC_013.basePlot.all","D03","JERC","JERC_013","S2015GA007028","2015-10-15","18N01065","Bt1","2018-03-22","Kellogg Soil Survey Laboratory Methods Manual, Soil Survey Investigations Report No. 42 Version 5.0, Issued 2014","Bulk Density, Field Core (3B7)","S2015GA007028-3","field core",35.0,20.0,50.0,,,0.84,,4.0,"USDA NRCS Kellogg Soil Survey Laboratory",,
"80ce0b20-f52e-472f-af78-5f8ab3c783ce","JERC_015.basePlot.all","D03","JERC","JERC_015","S2015GA007019","2015-10-15","18N01035","Bt1","2018-03-22","Kellogg Soil Survey Laboratory Methods Manual, Soil Survey Investigations Report No. 42 Version 5.0, Issued 2014","Bulk Density, Field Core (3B7)","S2015GA007019-5","field core",63.5,43.0,84.0,,,1.35,,0.5,"USDA NRCS Kellogg Soil Survey Laboratory",,
"8d33ccc6-883e-4b38-baed-89b5c4eef6c2","JERC_019.basePlot.all","D03","JERC","JERC_019","S2015GA007022","2015-10-15","18N01045","Bt2","2018-03-22","Kellogg Soil Survey Laboratory Methods Manual, Soil Survey Investigations Report No. 42 Version 5.0, Issued 2014","Bulk Density, Field Core (3B7)","S2015GA007022-4","field core",71.5,43.0,100.0,,,0.90,,0.8,"USDA NRCS Kellogg Soil Survey Laboratory",,
"86670104-c7ab-45d1-94e4-ea999a02bd1f","JERC_015.basePlot.all","D03","JERC","JERC_015","S2015GA007019","2015-10-15","18N01031","A","2018-03-22","Kellogg Soil Survey Laboratory Methods Manual, Soil Survey Investigations Report No. 42 Version 5.0, Issued 2014","Bulk Density, Field Core (3B7)","S2015GA007019-1","field core",3.0,0.0,6.0,,,1.01,,0.7,"USDA NRCS Kellogg Soil Survey Laboratory",,
"e10c94eb-f755-4002-96a5-65662bdbbf62","JERC_019.basePlot.all","D03","JERC","JERC_019","S2015GA007022","2015-10-15","18N01043","BE","2018-03-22","Kellogg Soil Survey Laboratory Methods Manual, Soil Survey Investigations Report No. 42 Version 5.0, Issued 2014","Bulk Density, Field Core (3B7)","S2015GA007022-2","field core",10.5,8.0,13.0,,,1.12,,0.7,"USDA NRCS Kellogg Soil Survey Laboratory",,
"dee14745-5a2d-496b-b0c7-40a3f60661ac","JERC_015.basePlot.all","D03","JERC","JERC_015","S2015GA007019","2015-10-15","18N01036","Bt2","2018-03-22","Kellogg Soil Survey Laboratory Methods Manual, Soil Survey Investigations Report No. 42 Version 5.0, Issued 2014","Bulk Density, Field Core (3B7)","S2015GA007019-6","field core",92.0,84.0,100.0,,,1.43,,2.2,"USDA NRCS Kellogg Soil Survey Laboratory",,
"423e1622-6cbd-4b88-94fa-469899bcf1c4","JERC_016.basePlot.all","D03","JERC","JERC_016","S2015GA007029","2015-10-15","18N01070","C2","2018-03-22","Kellogg Soil Survey Laboratory Methods Manual, Soil Survey Investigations Report No. 42 Version 5.0, Issued 2014","Bulk Density, Field Core (3B7)","S2015GA007029-3","field core",49.0,38.0,60.0,,,1.41,,0.4,"USDA NRCS Kellogg Soil Survey Laboratory",,
"f05127a4-3a81-49ab-ac21-15d1accaf585","JERC_013.basePlot.all","D03","JERC","JERC_013","S2015GA007028","2015-10-15","18N01066","Bt2","2018-03-22","Kellogg Soil Survey Laboratory Methods Manual, Soil Survey Investigations Report No. 42 Version 5.0, Issued 2014","Bulk Density, Field Core (3B7)","S2015GA007028-4","field core",57.5,50.0,65.0,,,0.77,,8.5,"USDA NRCS Kellogg Soil Survey Laboratory",,
"cbe5d49d-bf4d-4413-a114-04d0b71246cb","JERC_016.basePlot.all","D03","JERC","JERC_016","S2015GA007029","2015-10-15","18N01071","C3","2018-03-22","Kellogg Soil Survey Laboratory Methods Manual, Soil Survey Investigations Report No. 42 Version 5.0, Issued 2014","Bulk Density, Field Core (3B7)","S2015GA007029-4","field core",73.0,60.0,86.0,,,1.48,,0.4,"USDA NRCS Kellogg Soil Survey Laboratory",,
"7321a536-5315-4bf8-8d34-5027b51007ed","JERC_029.basePlot.all","D03","JERC","JERC_029","S2015GA007026","2015-10-15","18N01056","E2","2018-03-22","Kellogg Soil Survey Laboratory Methods Manual, Soil Survey Investigations Report No. 42 Version 5.0, Issued 2014","Bulk Density, Field Core (3B7)","S2015GA007026-3","field core",55.0,40.0,70.0,,,1.24,,1.2,"USDA NRCS Kellogg Soil Survey Laboratory",,
"a4cfe71c-9a44-4e13-bed3-2f2ffc2c81e1","JERC_013.basePlot.all","D03","JERC","JERC_013","S2015GA007028","2015-10-15","18N01064","AE","2018-03-22","Kellogg Soil Survey Laboratory Methods Manual, Soil Survey Investigations Report No. 42 Version 5.0, Issued 2014","Bulk Density, Field Core (3B7)","S2015GA007028-2","field core",12.0,4.0,20.0,,,1.23,,1.5,"USDA NRCS Kellogg Soil Survey Laboratory",,
"0f4b6a9e-0d00-4d79-b65a-c7d36a3ba81a","JERC_013.basePlot.all","D03","JERC","JERC_013","S2015GA007028","2015-10-15","18N01063","A","2018-03-22","Kellogg Soil Survey Laboratory Methods Manual, Soil Survey Investigations Report No. 42 Version 5.0, Issued 2014","Bulk Density, Field Core (3B7)","S2015GA007028-1","field core",2.0,0.0,4.0,,,0.66,,2.8,"USDA NRCS Kellogg Soil Survey Laboratory",,
"5ee667e6-b082-40de-9cf8-7f4057d5b638","JERC_016.basePlot.all","D03","JERC","JERC_016","S2015GA007029","2015-10-15","18N01072","C4","2018-03-22","Kellogg Soil Survey Laboratory Methods Manual, Soil Survey Investigations Report No. 42 Version 5.0, Issued 2014","Bulk Density, Field Core (3B7)","S2015GA007029-5","field core",93.0,86.0,100.0,,,1.49,,0.3,"USDA NRCS Kellogg Soil Survey Laboratory",,
"803bffaf-5f21-4fcb-b789-e7917f4bfd65","JERC_019.basePlot.all","D03","JERC","JERC_019","S2015GA007022","2015-10-15","18N01042","A","2018-03-22","Kellogg Soil Survey Laboratory Methods Manual, Soil Survey Investigations Report No. 42 Version 5.0, Issued 2014","Bulk Density, Field Core (3B7)","S2015GA007022-1","field core",4.0,0.0,8.0,,,0.85,,1.3,"USDA NRCS Kellogg Soil Survey Laboratory",,
"16dfc59f-a02b-4023-b191-114e2fe2380d","JERC_029.basePlot.all","D03","JERC","JERC_029","S2015GA007026","2015-10-15","18N01055","E1","2018-03-22","Kellogg Soil Survey Laboratory Methods Manual, Soil Survey Investigations Report No. 42 Version 5.0, Issued 2014","Bulk Density, Field Core (3B7)","S2015GA007026-2","field core",29.5,19.0,40.0,,,1.26,,0.6,"USDA NRCS Kellogg Soil Survey Laboratory",,
