uid,domainID,siteID,plotID,namedLocation,plotType,nlcdClass,geodeticDatum,decimalLatitude,decimalLongitude,coordinateUncertainty,elevation,elevationUncertainty,collectDate,referenceCorner,sampleDistance,sampleBearing,pitID,testProtocolVersion,soilSamplingMethod,sampleRelativeLocation,pitDepth,recordedByA,soilProfileDescriberA,soilProfileDescriberInst,nrcsDescriptionID,soilSeries,soilFamily,soilSubgroup,soilGreatGroup,soilSuborder,soilOrder,remarks,dataQF
"d0d88cdb-9fcd-45b6-aaa8-d3de317f615a","D03","JERC","JERC_049","JERC_049.basePlot.all","tower","evergreenForest","WGS84",31.196488,-84.464108,20.2,45.5,0.3,"2015-10-13","SW20",0.2,45,"1103923","Field Book for Describing and Sampling Soils ver3","soil core","Center of Pit",100,"cdbMeU827hYfnIzvj5aqajhTtxVRmwMNEAuB8RYRhisuwSmDYCx5GPKZTjUCS0Wt","cdbMeU827hYSPo+iCvuEWlAp7JtPqa/YrargpErhujDfOIBiNmTA3fWe0Qmx6w2T","Natural Resource Conservation Service","S2015GA007011","Troup","Loamy, kaolinitic, thermic Grossarenic Kandiudults","grossarenic kandiudults","kandiudults","udults","ultisols","Jones Neon site 049. Troup Soils sampled to 1 meter.",
"10ff3bc3-d638-40f1-bd26-991bfc725fe3","D03","JERC","JERC_047","JERC_047.basePlot.all","tower","evergreenForest","WGS84",31.198433,-84.467178,20.2,36.4,0.3,"2015-10-13","SW20",0.2,45,"1103919","Field Book for Describing and Sampling Soils ver3","soil core","Center of Pit",100,"cdbMeU827hYfnIzvj5aqajhTtxVRmwMNEAuB8RYRhisuwSmDYCx5GPKZTjUCS0Wt","cdbMeU827hYSPo+iCvuEWlAp7JtPqa/YrargpErhujDfOIBiNmTA3fWe0Qmx6w2T","Natural Resource Conservation Service","S2015GA007009","Bigbee","Thermic, coated Typic Quartzipsamments","typic quartzipsamments","quartzipsamments","psamments","entisols","Jones NEON site 047. Bigbee soil in a Troup MU. Depressional area at edge of small knoll. Tower Site.",
"114ec156-d20c-4648-9166-f34e956f308b","D03","JERC","JERC_022","JERC_022.basePlot.all","distributed","evergreenForest","WGS84",31.210376,-84.468464,20.2,46.8,0.3,"2015-10-13","SW20",0.2,45,"830266","Field Book for Describing and Sampling Soils ver3","soil pit","Center of Pit",100,"yZyUydfn9wyHBBDF2Eije8f8SsYqQndqPoYX2yRxyrmCw5tJYOhqVXDUyLcOwzrN","3nzhdaaBsMTGxpuIJ5SyUYNxkchZkpSsTyvYmZ4G6otxYZ36gGNljvZ1TJ5ji8hc","Natural Resource Conservation Service","S2015GA007004","Benevolence","Coarse-loamy, kaolinitic, thermic Typic Kandiudults","typic kandiudults","kandiudults","udults","ultisols","Jones Ecological Research Center",
"3965e912-5cb4-4d3d-a95e-aca2559b0604","D03","JERC","JERC_006","JERC_006.basePlot.all","distributed","mixedForest","WGS84",31.187671,-84.455850,20.2,42.2,0.3,"2015-10-13","SW20",0.2,45,"1176395","Field Book for Describing and Sampling Soils ver3","soil pit","Center of Pit",100,"zl7qMl1pWEALBh7+sg3ylHcPxPkvgQDHBe1NGmQqSzg=","filXsSA0KUIfo7BGnRuYDi6VECcpwc1ZDlY4wcP+Dby/UaDNVcPF6A==","Natural Resource Conservation Service","S2015GA007015","Troup","Loamy, kaolinitic, thermic Grossarenic Kandiudults","grossarenic kandiudults","kandiudults","udults","ultisols","Jones Neon site 006.",
"fd5e08ba-910f-4e79-9426-39ea67137013","D03","JERC","JERC_010","JERC_010.basePlot.all","distributed","deciduousForest","WGS84",31.208232,-84.469499,20.2,42.1,0.3,"2015-10-13","SW20",0.3,45,"1114059","Field Book for Describing and Sampling Soils ver3","soil pit","Center of Pit",100,"yZyUydfn9wyHBBDF2Eije8f8SsYqQndqPoYX2yRxyrmCw5tJYOhqVXDUyLcOwzrN","NyDMMwsoyjyTUDerugtTFZtilU26svlLXl8urLSBCvRVb5fmlNMf1brXWbxcUsZui3bNbZAewcU=","Natural Resource Conservation Service","S2015GA007003","Troup","Loamy, kaolinitic, thermic Grossarenic Kandiudults","grossarenic kandiudults","kandiudults","udults","ultisols","Jones Ecological Research Center. Baker County, Georgia",
"b053df79-4ef2-4e36-ac25-27cbc68081ad","D03","JERC","JERC_031","JERC_031.basePlot.all","distributed","mixedForest","WGS84",31.202453,-84.464587,20.3,45.0,0.4,"2015-10-13","SW20",0.2,45,"1103926","Field Book for Describing and Sampling Soils ver3","soil pit","Center of Pit",110,"cdbMeU827hYfnIzvj5aqajhTtxVRmwMNEAuB8RYRhisuwSmDYCx5GPKZTjUCS0Wt","cdbMeU827hYSPo+iCvuEWlAp7JtPqa/YrargpErhujDfOIBiNmTA3fWe0Qmx6w2T","Natural Resource Conservation Service","S2015GA007008","Troup","Loamy, kaolinitic, thermic Grossarenic Kandiudults","grossarenic kandiudults","kandiudults","udults","ultisols","Jones Neon site 031. Troup soil in a wagram map unit. Near boundary of troup and wagram map units. Soil sampled only to 1 meter for this project.",
"76d33b1a-937f-4ba2-98ad-e469d6cf7876","D03","JERC","JERC_008","JERC_008.basePlot.all","distributed","mixedForest","WGS84",31.195154,-84.450932,20.3,47.1,0.4,"2015-10-14","SW20",0.2,45,"1176394","Field Book for Describing and Sampling Soils ver3","soil pit","Center of Pit",100,"zl7qMl1pWEALBh7+sg3ylHcPxPkvgQDHBe1NGmQqSzg=","filXsSA0KUIfo7BGnRuYDi6VECcpwc1ZDlY4wcP+Dby/UaDNVcPF6A==","Natural Resource Conservation Service","S2015GA007016","Benevolence","Coarse-loamy, kaolinitic, thermic Typic Kandiudults","typic kandiudults","kandiudults","udults","ultisols","Jones Neon site 008.",
"0b9a0fcc-0829-4f3b-8dce-84d41a77317f","D03","JERC","JERC_021","JERC_021.basePlot.all","distributed","evergreenForest","WGS84",31.175756,-84.469063,20.2,37.3,0.4,"2015-10-14","SW20",0.2,45,"1162995","Field Book for Describing and Sampling Soils ver3","soil pit","Center of Pit",100,"Nxxw9L0ue3coJuF8TcMwWIOwmLKT4tFdxtPCo0w8zwg=","Nxxw9L0ue3coJuF8TcMwWFpWU7oIl5Fl4H331upjzLg=","Natural Resource Conservation Service","S2015GA007024","Faceville","Fine, kaolinitic, thermic Typic Kandiudults","typic kandiudults","kandiudults","udults","ultisols","Jones Ecological Research Center",
"fce05929-3ff6-4a4f-aa9a-062038268e02","D03","JERC","JERC_030","JERC_030.basePlot.all","distributed","mixedForest","WGS84",31.185097,-84.476067,20.2,36.6,0.3,"2015-10-14","SW20",0.2,45,"1162997","Field Book for Describing and Sampling Soils ver3","soil core","Center of Pit",100,"Nxxw9L0ue3fAJEzaITL8+EVIN4ZlKXNBPGrvi5q2hP8=","Nxxw9L0ue3coJuF8TcMwWFpWU7oIl5Fl4H331upjzLg=","Natural Resource Conservation Service","S2015GA007027","Norfolk","Fine-loamy, kaolinitic, thermic Typic Kandiudults","typic kandiudults","kandiudults","udults","ultisols","Jones Ecological Research Center",
"b6645502-8610-42f3-8912-882018940fd8","D03","JERC","JERC_002","JERC_002.basePlot.all","distributed","evergreenForest","WGS84",31.194504,-84.460062,20.4,48.5,0.4,"2015-10-14","SW20",0.2,45,"1103922","Field Book for Describing and Sampling Soils ver3","soil pit","Center of Pit",100,"cdbMeU827hYfnIzvj5aqajhTtxVRmwMNEAuB8RYRhisuwSmDYCx5GPKZTjUCS0Wt","cdbMeU827hYSPo+iCvuEWlAp7JtPqa/YrargpErhujDfOIBiNmTA3fWe0Qmx6w2T","Natural Resource Conservation Service","S2015GA007012","Orangeburg","Fine-loamy, kaolinitic, thermic Typic Kandiudults","typic kandiudults","kandiudults","udults","ultisols","Jones Neon site 002. Soil is Orangeburg.",
"1b720c1b-cbf9-4c58-8428-d7aad6541e54","D03","JERC","JERC_033","JERC_033.basePlot.all","distributed","mixedForest","WGS84",31.192003,-84.456038,20.2,46.9,0.4,"2015-10-14","SW20",0.2,45,"1103921","Field Book for Describing and Sampling Soils ver3","soil pit","Center of Pit",100,"Nxxw9L0ue3coJuF8TcMwWFpWU7oIl5Fl4H331upjzLg=","cdbMeU827hYSPo+iCvuEWlAp7JtPqa/YrargpErhujDfOIBiNmTA3fWe0Qmx6w2T","Natural Resource Conservation Service","S2015GA007021","Orangeburg","Fine-loamy, kaolinitic, thermic Typic Kandiudults","typic kandiudults","kandiudults","udults","ultisols","Jones Neon Site 033. Orangeburg soil sampled to 1 meter.",
"c4aae9b6-4f59-4df1-995b-e015e1c95558","D03","JERC","JERC_035","JERC_035.basePlot.all","distributed","deciduousForest","WGS84",31.183308,-84.454719,20.1,36.9,0.1,"2015-10-14","SW20",0.2,45,"832856","Field Book for Describing and Sampling Soils ver3","soil pit","Center of Pit",100,"3nzhdaaBsMTGxpuIJ5SyUYNxkchZkpSsTyvYmZ4G6otxYZ36gGNljvZ1TJ5ji8hc","pF86nS/Pu7yPej0c0vwQEjAJZ7jc3Py4MBi6vJd0alAIqHWbRhoIRA==","Natural Resource Conservation Service","S2015GA007006","Wagram","Loamy, kaolinitic, thermic Arenic Kandiudults","arenic kandiudults","kandiudults","udults","ultisols","Jones Ecological Research Center",
"3741c8ba-2a89-496c-9189-bb650fdf3b40","D03","JERC","JERC_028","JERC_028.basePlot.all","distributed","deciduousForest","WGS84",31.182704,-84.477998,20.3,35.4,0.6,"2015-10-14","SW20",0.2,45,"1162996","Field Book for Describing and Sampling Soils ver3","soil pit","Center of Pit",100,"Nxxw9L0ue3coJuF8TcMwWIOwmLKT4tFdxtPCo0w8zwg=","Nxxw9L0ue3coJuF8TcMwWFpWU7oIl5Fl4H331upjzLg=","Natural Resource Conservation Service","S2015GA007025","Nankin","Fine, kaolinitic, thermic Typic Kanhapludults","typic kanhapludults","kanhapludults","udults","ultisols","Jones Ecological Research Center",
"6117b93b-2d7f-4e21-8a85-b2998e1c5661","D03","JERC","JERC_034","JERC_034.basePlot.all","distributed","deciduousForest","WGS84",31.197575,-84.491484,20.2,44.3,0.3,"2015-10-14","SW20",0.2,45,"830265","Field Book for Describing and Sampling Soils ver3","soil pit","Center of Pit",100,"yZyUydfn9wyHBBDF2Eije8f8SsYqQndqPoYX2yRxyrmCw5tJYOhqVXDUyLcOwzrN","3nzhdaaBsMTGxpuIJ5SyUYNxkchZkpSsTyvYmZ4G6otxYZ36gGNljvZ1TJ5ji8hc","Natural Resource Conservation Service","S2015GA007005","Norfolk","Fine-loamy, kaolinitic, thermic Typic Kandiudults","typic kandiudults","kandiudults","udults","ultisols","Jones Ecological Research Center",
"15796345-69eb-4a64-bcb5-bc1084fdb7f3","D03","JERC","JERC_003","JERC_003.basePlot.all","distributed","deciduousForest","WGS84",31.196150,-84.473249,20.2,35.5,0.2,"2015-10-14","SW20",0.2,45,"1147192","Field Book for Describing and Sampling Soils ver3","soil pit","Center of Pit",100,"3nzhdaaBsMTGxpuIJ5SyUYNxkchZkpSsTyvYmZ4G6otxYZ36gGNljvZ1TJ5ji8hc","3nzhdaaBsMTGxpuIJ5SyUYNxkchZkpSsTyvYmZ4G6otxYZ36gGNljvZ1TJ5ji8hc","Natural Resource Conservation Service","S2015GA007001","Wicksburg","Clayey, kaolinitic, thermic Arenic Paleudults","arenic paleudults","paleudults","udults","ultisols","Jones Ecological Research Center",
"04e4ff48-8da1-483a-80e8-f54a55236c4e","D03","JERC","JERC_048","JERC_048.basePlot.all","tower","evergreenForest","WGS84",31.196458,-84.461913,20.1,47.6,0.1,"2015-10-14","SW20",0.2,45,"1103924","Field Book for Describing and Sampling Soils ver3","soil core","Center of Pit",100,"cdbMeU827hYfnIzvj5aqajhTtxVRmwMNEAuB8RYRhisuwSmDYCx5GPKZTjUCS0Wt","cdbMeU827hYSPo+iCvuEWlAp7JtPqa/YrargpErhujDfOIBiNmTA3fWe0Qmx6w2T","Natural Resource Conservation Service","S2015GA007010","Orangeburg","Fine-loamy, kaolinitic, thermic Typic Kandiudults","typic kandiudults","kandiudults","udults","ultisols","Jones Neon site 048. Orangeburg soils sampled to 1 M.",
"6e13897d-fd4d-4cad-80b1-7b9ea9e52bfd","D03","JERC","JERC_009","JERC_009.basePlot.all","distributed","evergreenForest","WGS84",31.194989,-84.456903,20.2,48.7,0.4,"2015-10-14","SW20",0.2,45,"1103925","Field Book for Describing and Sampling Soils ver3","soil pit","Center of Pit",100,"zl7qMl1pWEALBh7+sg3ylHcPxPkvgQDHBe1NGmQqSzg=","cdbMeU827hYSPo+iCvuEWlAp7JtPqa/YrargpErhujDfOIBiNmTA3fWe0Qmx6w2T","Natural Resource Conservation Service","S2015GA007017","Orangeburg","Fine-loamy, kaolinitic, thermic Typic Kandiudults","typic kandiudults","kandiudults","udults","ultisols","Jones Neon site 009. Orangeburg soil sampled to 1 meter for the project.",
"059728a5-f9cf-4bcb-bdb0-e5df98493999","D03","JERC","JERC_005","JERC_005.basePlot.all","distributed","evergreenForest","WGS84",31.195968,-84.451228,20.3,46.8,0.6,"2015-10-14","SW20",0.2,45,"1176393","Field Book for Describing and Sampling Soils ver3","soil pit","Center of Pit",100,"zl7qMl1pWEALBh7+sg3ylHcPxPkvgQDHBe1NGmQqSzg=","filXsSA0KUIfo7BGnRuYDi6VECcpwc1ZDlY4wcP+Dby/UaDNVcPF6A==","Natural Resource Conservation Service","S2015GA007014","Bonneau","Loamy, siliceous, subactive, thermic Arenic Paleudults","arenic paleudults","paleudults","udults","ultisols","Jones Neon site 048. Bonneau soils sampled to 1M.",
"3f3d5879-a431-4427-b4d1-c26eeb92ee55","D03","JERC","JERC_013","JERC_013.basePlot.all","distributed","evergreenForest","WGS84",31.178468,-84.469946,20.2,36.7,0.2,"2015-10-15","SW20",0.2,45,"1162998","Field Book for Describing and Sampling Soils ver3","soil pit","Center of Pit",100,"Nxxw9L0ue3coJuF8TcMwWIOwmLKT4tFdxtPCo0w8zwg=","Nxxw9L0ue3coJuF8TcMwWFpWU7oIl5Fl4H331upjzLg=","Natural Resource Conservation Service","S2015GA007028","Nankin","Fine, kaolinitic, thermic Typic Kanhapludults","typic kanhapludults","kanhapludults","udults","ultisols","Jones Ecological Research Center",
"d7302f93-690d-4877-ad60-974756248303","D03","JERC","JERC_029","JERC_029.basePlot.all","distributed","deciduousForest","WGS84",31.186763,-84.464380,20.2,44.6,0.3,"2015-10-15","SW20",0.2,45,"1162999","Field Book for Describing and Sampling Soils ver3","soil pit","Center of Pit",100,"Nxxw9L0ue3coJuF8TcMwWIOwmLKT4tFdxtPCo0w8zwg=","Nxxw9L0ue3coJuF8TcMwWFpWU7oIl5Fl4H331upjzLg=","Natural Resource Conservation Service","S2015GA007026","Wagram","Loamy, kaolinitic, thermic Arenic Kandiudults","arenic kandiudults","kandiudults","udults","ultisols","Jones Ecological Research Center",
"580c2b52-0ae7-40d0-98fe-a2933dc6e96e","D03","JERC","JERC_019","JERC_019.basePlot.all","distributed","deciduousForest","WGS84",31.187434,-84.470663,20.1,36.7,0.2,"2015-10-15","SW20",0.2,45,"1114061","Field Book for Describing and Sampling Soils ver3","soil pit","Center of Pit",100,"yZyUydfn9wyHBBDF2Eije8f8SsYqQndqPoYX2yRxyrmCw5tJYOhqVXDUyLcOwzrN","NyDMMwsoyjyTUDerugtTFZtilU26svlLXl8urLSBCvRVb5fmlNMf1brXWbxcUsZui3bNbZAewcU=","Natural Resource Conservation Service","S2015GA007022","Hornsville","Fine, kaolinitic, thermic Aquic Hapludults","aquic hapludults","hapludults","udults","ultisols","Jones Ecological Research Center. Baker County, Georgia",
"f907bea2-8b75-448d-bae8-b25aa27b3894","D03","JERC","JERC_015","JERC_015.basePlot.all","distributed","evergreenForest","WGS84",31.190611,-84.454221,20.3,47.5,0.4,"2015-10-15","SW20",0.2,45,"1176392","Field Book for Describing and Sampling Soils ver3","soil pit","Center of Pit",100,"zl7qMl1pWEALBh7+sg3ylHcPxPkvgQDHBe1NGmQqSzg=","filXsSA0KUIfo7BGnRuYDi6VECcpwc1ZDlY4wcP+Dby/UaDNVcPF6A==","Natural Resource Conservation Service","S2015GA007019","Norfolk","Fine-loamy, kaolinitic, thermic Typic Kandiudults","typic kandiudults","kandiudults","udults","ultisols","Jones Neon site 015.",
"76b0396e-8e2c-42d0-8256-25c12cab6419","D03","JERC","JERC_016","JERC_016.basePlot.all","distributed","deciduousForest","WGS84",31.180684,-84.472088,20.3,33.5,0.5,"2015-10-15","SW20",0.2,45,"1103920","Field Book for Describing and Sampling Soils ver3","soil pit","Center of Pit",100,"Nxxw9L0ue3coJuF8TcMwWIOwmLKT4tFdxtPCo0w8zwg=","cdbMeU827hYSPo+iCvuEWlAp7JtPqa/YrargpErhujDfOIBiNmTA3fWe0Qmx6w2T","Natural Resource Conservation Service","S2015GA007029","Bigbee","Thermic, coated Typic Quartzipsamments","typic quartzipsamments","quartzipsamments","psamments","entisols","Jones Neon site 016. Bigbee Soil in a bottom land hardwood site. Variety of oaks of all sizes and heights. Minimal surface vegetation of grasses, mostly shaded and leaf drop on surface. Dominant tress are Laurel and Overcup Oaks and hickory.",
