uid,namedLocation,domainID,siteID,plotID,pitID,collectDate,testProtocolVersion,nrcsDescriptionID,horizonID,horizonName,horizonTopDepth,horizonBottomDepth,remarks,dataQF
"bc95b104-af27-4c0f-b61d-6de4b9567559","JERC_022.basePlot.all","D03","JERC","JERC_022","830266","2015-10-13","Field Book for Describing and Sampling Soils ver3","S2015GA007004","18N00980","Bt1",20,66,,
"097ac93b-f9ed-4fe8-9837-193a82df1d22","JERC_022.basePlot.all","D03","JERC","JERC_022","830266","2015-10-13","Field Book for Describing and Sampling Soils ver3","S2015GA007004","18N00981","Bt2",66,100,,
"bef385c3-1b53-4481-819b-08452aac446a","JERC_006.basePlot.all","D03","JERC","JERC_006","1176395","2015-10-13","Field Book for Describing and Sampling Soils ver3","S2015GA007015","18N01019","E3",84,100,,
"94b0cce9-ee8e-4e8d-b2c5-e45bb49445d7","JERC_010.basePlot.all","D03","JERC","JERC_010","1114059","2015-10-13","Field Book for Describing and Sampling Soils ver3","S2015GA007003","18N00974","A",0,8,,
"8ff97e43-2831-4899-a38d-b5830ae630a6","JERC_049.basePlot.all","D03","JERC","JERC_049","1103923","2015-10-13","Field Book for Describing and Sampling Soils ver3","S2015GA007011","18N01000","A",0,40,,
"82b48614-51f1-41dc-a1a1-f917ba9e7235","JERC_047.basePlot.all","D03","JERC","JERC_047","1103919","2015-10-13","Field Book for Describing and Sampling Soils ver3","S2015GA007009","18N00994","C1",11,72,,
"60567624-fad4-45d6-9508-9744e48b5a85","JERC_049.basePlot.all","D03","JERC","JERC_049","1103923","2015-10-13","Field Book for Describing and Sampling Soils ver3","S2015GA007011","18N01003","E2",90,100,,
"5d80a057-55c3-42b5-9a8a-acd5d4579ab8","JERC_010.basePlot.all","D03","JERC","JERC_010","1114059","2015-10-13","Field Book for Describing and Sampling Soils ver3","S2015GA007003","18N00977","E2",53,100,,
"7914ff70-f072-4981-b489-6e084110ebb3","JERC_006.basePlot.all","D03","JERC","JERC_006","1176395","2015-10-13","Field Book for Describing and Sampling Soils ver3","S2015GA007015","18N01016","E",5,19,,
"e57d9016-9f61-4958-8f54-1adb5af99169","JERC_022.basePlot.all","D03","JERC","JERC_022","830266","2015-10-13","Field Book for Describing and Sampling Soils ver3","S2015GA007004","18N00979","E",12,20,,
"2063cf72-dc85-4274-ab5f-f704570cc116","JERC_006.basePlot.all","D03","JERC","JERC_006","1176395","2015-10-13","Field Book for Describing and Sampling Soils ver3","S2015GA007015","18N01018","E2",60,84,,
"7503c63e-d576-4e24-b6fc-1bfd7b75c8b2","JERC_010.basePlot.all","D03","JERC","JERC_010","1114059","2015-10-13","Field Book for Describing and Sampling Soils ver3","S2015GA007003","18N00976","E1",20,53,,
"d29ba957-6f66-4fdb-8d6d-ba38f13f452d","JERC_031.basePlot.all","D03","JERC","JERC_031","1103926","2015-10-13","Field Book for Describing and Sampling Soils ver3","S2015GA007008","18N00990","A1",0,11,,
"b79eb978-37c2-4f6a-8097-d35eaff6589d","JERC_049.basePlot.all","D03","JERC","JERC_049","1103923","2015-10-13","Field Book for Describing and Sampling Soils ver3","S2015GA007011","18N01001","AE",40,65,,
"3f96ccb1-03a7-4308-9eb1-dfabe3a0d73d","JERC_049.basePlot.all","D03","JERC","JERC_049","1103923","2015-10-13","Field Book for Describing and Sampling Soils ver3","S2015GA007011","18N01002","E1",65,90,,
"4d0cbc64-939c-457f-8788-65fb5c51a2fc","JERC_006.basePlot.all","D03","JERC","JERC_006","1176395","2015-10-13","Field Book for Describing and Sampling Soils ver3","S2015GA007015","18N01015","A",0,5,,
"ae07e542-54b0-4b5f-b8b2-ce679ea727ad","JERC_006.basePlot.all","D03","JERC","JERC_006","1176395","2015-10-13","Field Book for Describing and Sampling Soils ver3","S2015GA007015","18N01017","E1",19,60,,
"6c0d06ef-a90e-4243-a788-01c3863eb210","JERC_031.basePlot.all","D03","JERC","JERC_031","1103926","2015-10-13","Field Book for Describing and Sampling Soils ver3","S2015GA007008","18N00991","A2",11,30,,
"8d31d1d2-e933-4e1b-93c1-f803e739864e","JERC_031.basePlot.all","D03","JERC","JERC_031","1103926","2015-10-13","Field Book for Describing and Sampling Soils ver3","S2015GA007008","5309570","Bt",105,110,,
"26da22c4-9083-4d84-8db9-ae62866b7302","JERC_022.basePlot.all","D03","JERC","JERC_022","830266","2015-10-13","Field Book for Describing and Sampling Soils ver3","S2015GA007004","18N00978","A",0,12,,
"0f5c027b-9e7c-420b-a346-ec173204ee64","JERC_047.basePlot.all","D03","JERC","JERC_047","1103919","2015-10-13","Field Book for Describing and Sampling Soils ver3","S2015GA007009","18N00993","A1",0,11,,
"e1fffbfa-980b-4319-8a30-8d9825aeb2f4","JERC_031.basePlot.all","D03","JERC","JERC_031","1103926","2015-10-13","Field Book for Describing and Sampling Soils ver3","S2015GA007008","18N00992","E",30,105,,
"18deb19f-13d1-49d0-a0ad-75b039ca7e69","JERC_047.basePlot.all","D03","JERC","JERC_047","1103919","2015-10-13","Field Book for Describing and Sampling Soils ver3","S2015GA007009","18N00995","C2",72,100,,
"4a7d7e39-1549-4772-b160-5c99b8d364fd","JERC_010.basePlot.all","D03","JERC","JERC_010","1114059","2015-10-13","Field Book for Describing and Sampling Soils ver3","S2015GA007003","18N00975","AE",8,20,,
"442be0e7-043d-443d-add0-c8d353862fb6","JERC_035.basePlot.all","D03","JERC","JERC_035","832856","2015-10-14","Field Book for Describing and Sampling Soils ver3","S2015GA007006","18N00988","E2",56,72,,
"6aaff2dd-c40d-4579-be77-5b9aa6c94ba7","JERC_021.basePlot.all","D03","JERC","JERC_021","1162995","2015-10-14","Field Book for Describing and Sampling Soils ver3","S2015GA007024","18N01050","Bt2",70,100,,
"e8f44b03-b5dd-4df6-99ac-8f5e514bdd54","JERC_003.basePlot.all","D03","JERC","JERC_003","1147192","2015-10-14","Field Book for Describing and Sampling Soils ver3","S2015GA007001","18N00970","A",0,12,,
"61f59f08-d395-4acb-be8b-3f39dbc529fc","JERC_008.basePlot.all","D03","JERC","JERC_008","1176394","2015-10-14","Field Book for Describing and Sampling Soils ver3","S2015GA007016","18N01020","A",0,9,,
"87948ef5-b66c-409c-9891-c9259f72682d","JERC_005.basePlot.all","D03","JERC","JERC_005","1176393","2015-10-14","Field Book for Describing and Sampling Soils ver3","S2015GA007014","18N01012","EB",40,58,,
"7b80f933-521e-4067-8851-c0145222847e","JERC_021.basePlot.all","D03","JERC","JERC_021","1162995","2015-10-14","Field Book for Describing and Sampling Soils ver3","S2015GA007024","18N01047","E",15,32,,
"60bec717-69ed-4bd4-8430-0726727ea3f6","JERC_028.basePlot.all","D03","JERC","JERC_028","1162996","2015-10-14","Field Book for Describing and Sampling Soils ver3","S2015GA007025","18N01053","Bt2",47,100,,
"1c0bf95c-b972-4a0c-8013-ce9b9a8c7b04","JERC_030.basePlot.all","D03","JERC","JERC_030","1162997","2015-10-14","Field Book for Describing and Sampling Soils ver3","S2015GA007027","18N01061","Bt2",62,83,,
"c36f3b69-58d3-4bfd-aaa3-033bdfce0384","JERC_008.basePlot.all","D03","JERC","JERC_008","1176394","2015-10-14","Field Book for Describing and Sampling Soils ver3","S2015GA007016","18N01025","Bt3",91,100,,
"c86dd0c4-72c7-4d78-822d-11194e01c33e","JERC_005.basePlot.all","D03","JERC","JERC_005","1176393","2015-10-14","Field Book for Describing and Sampling Soils ver3","S2015GA007014","18N01009","A",0,10,,
"45e6d44b-fb7a-4994-b8ef-38dcdc7694da","JERC_005.basePlot.all","D03","JERC","JERC_005","1176393","2015-10-14","Field Book for Describing and Sampling Soils ver3","S2015GA007014","18N01011","E",26,40,,
"af2a1a07-b3d2-4642-b3f1-7c4e414bb78c","JERC_030.basePlot.all","D03","JERC","JERC_030","1162997","2015-10-14","Field Book for Describing and Sampling Soils ver3","S2015GA007027","18N01060","Bt1",32,62,,
"5fb34c5e-797e-4ebf-a53f-1a58baa31be0","JERC_008.basePlot.all","D03","JERC","JERC_008","1176394","2015-10-14","Field Book for Describing and Sampling Soils ver3","S2015GA007016","18N01021","E1",9,22,,
"15ec3a2c-f0e1-418b-ac64-8c8e53774f51","JERC_033.basePlot.all","D03","JERC","JERC_033","1103921","2015-10-14","Field Book for Describing and Sampling Soils ver3","S2015GA007021","18N01038","AE",10,31,,
"93a20f3e-8993-4560-9394-0bc99c565c78","JERC_021.basePlot.all","D03","JERC","JERC_021","1162995","2015-10-14","Field Book for Describing and Sampling Soils ver3","S2015GA007024","18N01049","Bt1",50,70,,
"c6614fba-c35c-40eb-b0c9-06e48325f4d0","JERC_005.basePlot.all","D03","JERC","JERC_005","1176393","2015-10-14","Field Book for Describing and Sampling Soils ver3","S2015GA007014","18N01014","Btx",84,100,,
"4215f0ce-ba25-4129-93f4-312c946781ed","JERC_002.basePlot.all","D03","JERC","JERC_002","1103922","2015-10-14","Field Book for Describing and Sampling Soils ver3","S2015GA007012","18N01007","Bt1",47,76,,
"dd5fd3b2-5a4c-4c4d-aa7e-f24984804974","JERC_035.basePlot.all","D03","JERC","JERC_035","832856","2015-10-14","Field Book for Describing and Sampling Soils ver3","S2015GA007006","18N00986","A",0,17,,
"c2bb5711-2544-4276-a856-62e383d90fe3","JERC_048.basePlot.all","D03","JERC","JERC_048","1103924","2015-10-14","Field Book for Describing and Sampling Soils ver3","S2015GA007010","18N00998","Bt1",39,80,,
"8a9d1978-8978-4770-8af9-d8f77e1a66b1","JERC_030.basePlot.all","D03","JERC","JERC_030","1162997","2015-10-14","Field Book for Describing and Sampling Soils ver3","S2015GA007027","18N01058","Ap",0,15,,
"1cc441df-f80f-4ec0-b5bf-2e094116f9da","JERC_048.basePlot.all","D03","JERC","JERC_048","1103924","2015-10-14","Field Book for Describing and Sampling Soils ver3","S2015GA007010","18N00999","Bt2",80,100,,
"f0d66eea-3b9f-446f-a03a-edebe43f5f1e","JERC_033.basePlot.all","D03","JERC","JERC_033","1103921","2015-10-14","Field Book for Describing and Sampling Soils ver3","S2015GA007021","18N01040","B1",47,79,,
"037aba74-2429-4e1d-9869-d6a01c41c7a1","JERC_048.basePlot.all","D03","JERC","JERC_048","1103924","2015-10-14","Field Book for Describing and Sampling Soils ver3","S2015GA007010","18N00996","A",0,15,,
"726ab96a-0d59-4426-bb95-ed4edd3d3785","JERC_028.basePlot.all","D03","JERC","JERC_028","1162996","2015-10-14","Field Book for Describing and Sampling Soils ver3","S2015GA007025","18N01052","Bt1",15,47,,
"c0c89947-f9f3-43c0-9bd1-2199aa2d349c","JERC_034.basePlot.all","D03","JERC","JERC_034","830265","2015-10-14","Field Book for Describing and Sampling Soils ver3","S2015GA007005","18N00984","EB",25,40,,
"45153883-a42b-4522-96c9-a1b552772b4f","JERC_003.basePlot.all","D03","JERC","JERC_003","1147192","2015-10-14","Field Book for Describing and Sampling Soils ver3","S2015GA007001","18N00973","Bt",62,100,"Many fine 10YR 6/3 sand spots",
"91b11750-8751-4730-8898-fcc3345bd937","JERC_021.basePlot.all","D03","JERC","JERC_021","1162995","2015-10-14","Field Book for Describing and Sampling Soils ver3","S2015GA007024","18N01048","BE",32,50,,
"39a1c166-252b-4a49-a168-b64786f4fee8","JERC_003.basePlot.all","D03","JERC","JERC_003","1147192","2015-10-14","Field Book for Describing and Sampling Soils ver3","S2015GA007001","18N00971","E1",12,35,,
"32bd76bb-f9ec-47b3-b000-498cfb6dc962","JERC_035.basePlot.all","D03","JERC","JERC_035","832856","2015-10-14","Field Book for Describing and Sampling Soils ver3","S2015GA007006","18N00987","E1",17,56,,
"7ca03203-0394-40f8-9baa-b39370cd1a6d","JERC_009.basePlot.all","D03","JERC","JERC_009","1103925","2015-10-14","Field Book for Describing and Sampling Soils ver3","S2015GA007017","18N01026","A",0,6,,
"0567b9c8-f197-4a55-abdf-15f670b06207","JERC_002.basePlot.all","D03","JERC","JERC_002","1103922","2015-10-14","Field Book for Describing and Sampling Soils ver3","S2015GA007012","18N01004","A",0,16,,
"89c6fc23-dd48-474a-8104-1002daf8b67c","JERC_009.basePlot.all","D03","JERC","JERC_009","1103925","2015-10-14","Field Book for Describing and Sampling Soils ver3","S2015GA007017","18N01027","E",6,24,,
"36c4b58d-31b3-481b-a70e-ee623930cc5d","JERC_028.basePlot.all","D03","JERC","JERC_028","1162996","2015-10-14","Field Book for Describing and Sampling Soils ver3","S2015GA007025","18N01051","A",0,15,,
"dc2b4c5a-8ba6-4ce5-a816-cef2aa2e5b89","JERC_009.basePlot.all","D03","JERC","JERC_009","1103925","2015-10-14","Field Book for Describing and Sampling Soils ver3","S2015GA007017","18N01028","Bt1",24,39,,
"0cc29e44-ecec-4bdd-8f12-046cab9ebd36","JERC_003.basePlot.all","D03","JERC","JERC_003","1147192","2015-10-14","Field Book for Describing and Sampling Soils ver3","S2015GA007001","18N00972","E2",35,62,,
"93675ea2-34d8-42d4-8a3c-ad2bae84e32a","JERC_002.basePlot.all","D03","JERC","JERC_002","1103922","2015-10-14","Field Book for Describing and Sampling Soils ver3","S2015GA007012","18N01008","Bt2",76,100,,
"cdf98340-e230-49a4-b612-440706dc65b4","JERC_035.basePlot.all","D03","JERC","JERC_035","832856","2015-10-14","Field Book for Describing and Sampling Soils ver3","S2015GA007006","18N00989","EBt",72,100,,
"f63bd1aa-ed3b-4cd2-a6fa-46ce1b3bb8ca","JERC_030.basePlot.all","D03","JERC","JERC_030","1162997","2015-10-14","Field Book for Describing and Sampling Soils ver3","S2015GA007027","18N01059","AE",15,32,,
"f8d840af-f79b-4d09-af92-c95af4444873","JERC_008.basePlot.all","D03","JERC","JERC_008","1176394","2015-10-14","Field Book for Describing and Sampling Soils ver3","S2015GA007016","18N01022","E2",22,39,,
"4a56285f-2658-4c50-8c27-b64afdf914bd","JERC_008.basePlot.all","D03","JERC","JERC_008","1176394","2015-10-14","Field Book for Describing and Sampling Soils ver3","S2015GA007016","18N01023","Bt1",39,60,,
"045d163c-1b45-46b0-84a7-7f61398f93c6","JERC_009.basePlot.all","D03","JERC","JERC_009","1103925","2015-10-14","Field Book for Describing and Sampling Soils ver3","S2015GA007017","18N01030","Bt3",64,100,,
"6a100aab-dccd-4619-8121-b0c76c1d4ec8","JERC_033.basePlot.all","D03","JERC","JERC_033","1103921","2015-10-14","Field Book for Describing and Sampling Soils ver3","S2015GA007021","18N01039","E",31,47,,
"fb85346b-ad61-45ba-9173-72d278ae8ce7","JERC_005.basePlot.all","D03","JERC","JERC_005","1176393","2015-10-14","Field Book for Describing and Sampling Soils ver3","S2015GA007014","18N01013","Bt",58,84,,
"7fc42642-fb7c-42b0-b1b0-1132bcf337f2","JERC_005.basePlot.all","D03","JERC","JERC_005","1176393","2015-10-14","Field Book for Describing and Sampling Soils ver3","S2015GA007014","18N01010","AE",10,26,,
"7ae08e5e-dd98-4015-812a-225d378a3a00","JERC_033.basePlot.all","D03","JERC","JERC_033","1103921","2015-10-14","Field Book for Describing and Sampling Soils ver3","S2015GA007021","18N01037","A",0,10,,
"e68e8518-2cf3-460d-a175-6d71d4fbd9ad","JERC_034.basePlot.all","D03","JERC","JERC_034","830265","2015-10-14","Field Book for Describing and Sampling Soils ver3","S2015GA007005","18N00985","BE",40,100,,
"46e759cc-f52d-4147-acef-a82787848551","JERC_034.basePlot.all","D03","JERC","JERC_034","830265","2015-10-14","Field Book for Describing and Sampling Soils ver3","S2015GA007005","18N00982","A",0,7,,
"d9ea4518-d9b0-4a4e-9c6d-d61987c5badb","JERC_002.basePlot.all","D03","JERC","JERC_002","1103922","2015-10-14","Field Book for Describing and Sampling Soils ver3","S2015GA007012","18N01006","E2",36,47,,
"119f8748-ff6e-45b6-9ee5-14905e3a12e4","JERC_002.basePlot.all","D03","JERC","JERC_002","1103922","2015-10-14","Field Book for Describing and Sampling Soils ver3","S2015GA007012","18N01005","E1",16,36,,
"81049b18-ea55-4e94-9480-a825cdf6bce1","JERC_033.basePlot.all","D03","JERC","JERC_033","1103921","2015-10-14","Field Book for Describing and Sampling Soils ver3","S2015GA007021","18N01041","B2",79,100,,
"4be38647-2e58-4cb0-90e1-7eced311b8d3","JERC_021.basePlot.all","D03","JERC","JERC_021","1162995","2015-10-14","Field Book for Describing and Sampling Soils ver3","S2015GA007024","18N01046","Ap",0,15,,
"189f4d48-b212-47d8-a06a-a8dc2ac8e4ea","JERC_009.basePlot.all","D03","JERC","JERC_009","1103925","2015-10-14","Field Book for Describing and Sampling Soils ver3","S2015GA007017","18N01029","Bt2",39,64,,
"7409f020-867b-4931-adb9-e444978e54d6","JERC_048.basePlot.all","D03","JERC","JERC_048","1103924","2015-10-14","Field Book for Describing and Sampling Soils ver3","S2015GA007010","18N00997","AE",15,39,,
"f8758dde-f0f0-45f0-807c-2924a1b3a7a7","JERC_030.basePlot.all","D03","JERC","JERC_030","1162997","2015-10-14","Field Book for Describing and Sampling Soils ver3","S2015GA007027","18N01062","Bt3",83,100,,
"4d0a6b83-4f04-4f1a-98a3-b4a1d5a04c0e","JERC_008.basePlot.all","D03","JERC","JERC_008","1176394","2015-10-14","Field Book for Describing and Sampling Soils ver3","S2015GA007016","18N01024","Bt2",60,91,,
"c28bdcab-12ed-4cd6-9029-ae7c0555a0d4","JERC_034.basePlot.all","D03","JERC","JERC_034","830265","2015-10-14","Field Book for Describing and Sampling Soils ver3","S2015GA007005","18N00983","E",7,25,,
"453813a2-5f0a-4ecc-a3eb-a46c5b5147ed","JERC_029.basePlot.all","D03","JERC","JERC_029","1162999","2015-10-15","Field Book for Describing and Sampling Soils ver3","S2015GA007026","18N01054","Ap",0,19,,
"ab6b42e1-2567-4bc2-b437-1210c7d4a2cb","JERC_019.basePlot.all","D03","JERC","JERC_019","1114061","2015-10-15","Field Book for Describing and Sampling Soils ver3","S2015GA007022","18N01044","Bt1",13,43,,
"6abc19ef-5412-4025-9a9f-0635a5dd93b3","JERC_015.basePlot.all","D03","JERC","JERC_015","1176392","2015-10-15","Field Book for Describing and Sampling Soils ver3","S2015GA007019","18N01032","E1",6,12,,
"f5eb56c8-c31e-4047-ab1d-3e89fba5ef56","JERC_013.basePlot.all","D03","JERC","JERC_013","1162998","2015-10-15","Field Book for Describing and Sampling Soils ver3","S2015GA007028","18N01066","Bt2",50,65,,
"c922370a-5790-4d67-96c7-c0a7ca152c4d","JERC_029.basePlot.all","D03","JERC","JERC_029","1162999","2015-10-15","Field Book for Describing and Sampling Soils ver3","S2015GA007026","18N01055","E1",19,40,,
"25d45f86-0936-4b9f-ae4c-8b7f740064c7","JERC_029.basePlot.all","D03","JERC","JERC_029","1162999","2015-10-15","Field Book for Describing and Sampling Soils ver3","S2015GA007026","18N01056","E2",40,70,,
"a8829c1e-681a-4355-aa67-1859b1ddd612","JERC_015.basePlot.all","D03","JERC","JERC_015","1176392","2015-10-15","Field Book for Describing and Sampling Soils ver3","S2015GA007019","18N01033","E2",12,28,,
"ae774f56-60d2-4b05-9533-ab36515c089b","JERC_019.basePlot.all","D03","JERC","JERC_019","1114061","2015-10-15","Field Book for Describing and Sampling Soils ver3","S2015GA007022","18N01043","BE",8,13,,
"34497b03-9f40-415e-b461-7508fc0a485d","JERC_019.basePlot.all","D03","JERC","JERC_019","1114061","2015-10-15","Field Book for Describing and Sampling Soils ver3","S2015GA007022","18N01042","A",0,8,,
"79d0923e-b923-48a6-a5ad-3552541d5f20","JERC_015.basePlot.all","D03","JERC","JERC_015","1176392","2015-10-15","Field Book for Describing and Sampling Soils ver3","S2015GA007019","18N01036","Bt2",84,100,,
"08a368fb-fee7-41f5-aff1-1b968217a09a","JERC_016.basePlot.all","D03","JERC","JERC_016","1103920","2015-10-15","Field Book for Describing and Sampling Soils ver3","S2015GA007029","18N01068","A",0,16,,
"5ccc8624-e3b4-4150-ae70-0ec2877185e6","JERC_016.basePlot.all","D03","JERC","JERC_016","1103920","2015-10-15","Field Book for Describing and Sampling Soils ver3","S2015GA007029","18N01069","C1",16,38,,
"ab474535-2333-49b3-a302-a30f8ec31e58","JERC_016.basePlot.all","D03","JERC","JERC_016","1103920","2015-10-15","Field Book for Describing and Sampling Soils ver3","S2015GA007029","18N01072","C4",86,100,,
"144f526e-f899-4578-8935-084c48d7cfd4","JERC_015.basePlot.all","D03","JERC","JERC_015","1176392","2015-10-15","Field Book for Describing and Sampling Soils ver3","S2015GA007019","18N01034","BE",28,43,,
"557c38a6-3f99-4aa5-bea7-3ba0c820c4ab","JERC_019.basePlot.all","D03","JERC","JERC_019","1114061","2015-10-15","Field Book for Describing and Sampling Soils ver3","S2015GA007022","18N01045","Bt2",43,100,,
"8ef3aa27-ad21-46d7-aef2-7462b4f3f186","JERC_029.basePlot.all","D03","JERC","JERC_029","1162999","2015-10-15","Field Book for Describing and Sampling Soils ver3","S2015GA007026","18N01057","Bt",70,100,,
"b411118a-2cc1-4af3-91a9-01fa57ef61d5","JERC_015.basePlot.all","D03","JERC","JERC_015","1176392","2015-10-15","Field Book for Describing and Sampling Soils ver3","S2015GA007019","18N01031","A",0,6,,
"1592f550-2eac-45a9-8cc5-db021a458747","JERC_013.basePlot.all","D03","JERC","JERC_013","1162998","2015-10-15","Field Book for Describing and Sampling Soils ver3","S2015GA007028","18N01063","A",0,4,,
"2a4c7c02-7b9d-4e15-94de-ff7c4eb5814e","JERC_013.basePlot.all","D03","JERC","JERC_013","1162998","2015-10-15","Field Book for Describing and Sampling Soils ver3","S2015GA007028","18N01067","Bt3",65,100,,
"8aa1ea07-bf0f-434e-94f9-2187be226115","JERC_013.basePlot.all","D03","JERC","JERC_013","1162998","2015-10-15","Field Book for Describing and Sampling Soils ver3","S2015GA007028","18N01064","AE",4,20,,
"2c9bcbf7-f311-4f85-8c17-fe48044b2771","JERC_015.basePlot.all","D03","JERC","JERC_015","1176392","2015-10-15","Field Book for Describing and Sampling Soils ver3","S2015GA007019","18N01035","Bt1",43,84,,
"73d599d8-a53f-4332-9fcb-9afa4ded6971","JERC_016.basePlot.all","D03","JERC","JERC_016","1103920","2015-10-15","Field Book for Describing and Sampling Soils ver3","S2015GA007029","18N01070","C2",38,60,,
"324dc872-f95e-410f-ae67-aec50ca9ab70","JERC_016.basePlot.all","D03","JERC","JERC_016","1103920","2015-10-15","Field Book for Describing and Sampling Soils ver3","S2015GA007029","18N01071","C3",60,86,,
"6231e07c-475f-4569-9a6f-5d3ca1eff9a4","JERC_013.basePlot.all","D03","JERC","JERC_013","1162998","2015-10-15","Field Book for Describing and Sampling Soils ver3","S2015GA007028","18N01065","Bt1",20,50,,
