uid,namedLocation,domainID,siteID,plotID,nrcsDescriptionID,collectDate,horizonID,horizonName,biogeoIDnrcs,biogeoSampleType,biogeoTopDepth,biogeoBottomDepth,biogeoCenterDepth,particleSizeDistProcessedDate,particleSizeDistMethodPub,particleSizeDistMethod,coarseFrag2To5,coarseFrag5To20,sandTotal,siltTotal,clayTotal,carbonateClay,clayFineContent,siltFineContent,siltCoarseContent,sandVeryFineContent,sandFineContent,sandMediumContent,sandCoarseContent,sandVeryCoarseContent,laboratoryName,dataQF
"42fee4a9-cb70-4d80-8d47-5f0dedf205f8","JERC_006.basePlot.all","D03","JERC","JERC_006","S2015GA007015","2015-10-13","18N01015","A","S2015GA007015-1","bulk",0.0,5.0,2.5,"2018-02-27","Kellogg Soil Survey Laboratory Methods Manual, Soil Survey Investigations Report No. 42 Version 5.0, Issued 2014","Routine Particle Size Distribution (3A1a1a)",0.0,0.0,86.3,11.2,2.5,,,6.7,4.5,10.7,28.8,31.2,13.6,2.0,"USDA NRCS Kellogg Soil Survey Laboratory",
"f7cb51fb-7c0c-41da-ba19-b3b2a89f72c6","JERC_010.basePlot.all","D03","JERC","JERC_010","S2015GA007003","2015-10-13","18N00974","A","S2015GA007003-1","bulk",0.0,8.0,4.0,"2018-02-13","Kellogg Soil Survey Laboratory Methods Manual, Soil Survey Investigations Report No. 42 Version 5.0, Issued 2014","Routine Particle Size Distribution (3A1a1a)",2.6,0.5,86.0,10.7,3.3,,,6.6,4.1,9.3,24.4,30.2,18.6,3.5,"USDA NRCS Kellogg Soil Survey Laboratory",
"d714c311-4ca6-4543-99b5-23a7a40634ae","JERC_006.basePlot.all","D03","JERC","JERC_006","S2015GA007015","2015-10-13","18N01017","E1","S2015GA007015-3","bulk",19.0,60.0,39.5,"2018-02-27","Kellogg Soil Survey Laboratory Methods Manual, Soil Survey Investigations Report No. 42 Version 5.0, Issued 2014","Routine Particle Size Distribution (3A1a1a)",4.0,1.1,85.0,11.4,3.6,,,6.0,5.4,12.1,31.6,27.6,11.4,2.3,"USDA NRCS Kellogg Soil Survey Laboratory",
"4cd981a2-a8ab-4fea-b571-e97d4c43e363","JERC_006.basePlot.all","D03","JERC","JERC_006","S2015GA007015","2015-10-13","18N01018","E2","S2015GA007015-4","bulk",60.0,84.0,72.0,"2018-02-27","Kellogg Soil Survey Laboratory Methods Manual, Soil Survey Investigations Report No. 42 Version 5.0, Issued 2014","Routine Particle Size Distribution (3A1a1a)",4.8,0.2,86.3,11.1,2.6,,,7.3,3.8,11.3,26.4,27.6,16.4,4.6,"USDA NRCS Kellogg Soil Survey Laboratory",
"d7519a4d-6bf9-4b55-b615-6f0332dce95e","JERC_006.basePlot.all","D03","JERC","JERC_006","S2015GA007015","2015-10-13","18N01019","E3","S2015GA007015-5","bulk",84.0,100.0,92.0,"2018-02-27","Kellogg Soil Survey Laboratory Methods Manual, Soil Survey Investigations Report No. 42 Version 5.0, Issued 2014","Routine Particle Size Distribution (3A1a1a)",6.8,4.2,86.4,10.3,3.3,,,6.2,4.1,11.0,26.4,25.6,16.9,6.5,"USDA NRCS Kellogg Soil Survey Laboratory",
"c1cd25cf-9dbe-4eba-b4be-633e4c0243f9","JERC_022.basePlot.all","D03","JERC","JERC_022","S2015GA007004","2015-10-13","18N00980","Bt1","S2015GA007004-3","bulk",20.0,66.0,43.0,"2018-02-13","Kellogg Soil Survey Laboratory Methods Manual, Soil Survey Investigations Report No. 42 Version 5.0, Issued 2014","Routine Particle Size Distribution (3A1a1a)",2.0,0.0,81.6,7.1,11.3,,,4.3,2.8,6.1,33.4,26.8,13.3,2.0,"USDA NRCS Kellogg Soil Survey Laboratory",
"fbeee46f-0dc7-4c85-bf47-7fd495722221","JERC_047.basePlot.all","D03","JERC","JERC_047","S2015GA007009","2015-10-13","18N00993","A","S2015GA007009-1","bulk",0.0,11.0,5.5,"2018-02-27","Kellogg Soil Survey Laboratory Methods Manual, Soil Survey Investigations Report No. 42 Version 5.0, Issued 2014","Routine Particle Size Distribution (3A1a1a)",0.0,0.0,91.5,5.9,2.6,,,2.4,3.5,12.9,55.1,18.1,4.6,0.8,"USDA NRCS Kellogg Soil Survey Laboratory",
"d7bd3085-9694-4c19-a2e2-e9691995e498","JERC_047.basePlot.all","D03","JERC","JERC_047","S2015GA007009","2015-10-13","18N00994","C1","S2015GA007009-2","bulk",11.0,72.0,41.5,"2018-02-27","Kellogg Soil Survey Laboratory Methods Manual, Soil Survey Investigations Report No. 42 Version 5.0, Issued 2014","Routine Particle Size Distribution (3A1a1a)",0.6,0.0,90.5,5.0,4.5,,,1.1,3.9,17.3,54.6,14.0,3.6,1.0,"USDA NRCS Kellogg Soil Survey Laboratory",
"9e797a8a-f2a6-4e1e-886f-64bff8c9ef1c","JERC_022.basePlot.all","D03","JERC","JERC_022","S2015GA007004","2015-10-13","18N00979","E","S2015GA007004-2","bulk",12.0,20.0,16.0,"2018-02-13","Kellogg Soil Survey Laboratory Methods Manual, Soil Survey Investigations Report No. 42 Version 5.0, Issued 2014","Routine Particle Size Distribution (3A1a1a)",1.6,0.0,88.5,6.4,5.1,,,4.2,2.2,5.4,30.6,34.7,15.2,2.6,"USDA NRCS Kellogg Soil Survey Laboratory",
"67d7bf4b-1e4f-4b50-843d-bb96cdac45e5","JERC_022.basePlot.all","D03","JERC","JERC_022","S2015GA007004","2015-10-13","18N00978","A","S2015GA007004-1","bulk",0.0,12.0,6.0,"2018-02-13","Kellogg Soil Survey Laboratory Methods Manual, Soil Survey Investigations Report No. 42 Version 5.0, Issued 2014","Routine Particle Size Distribution (3A1a1a)",1.7,0.0,85.6,8.6,5.8,,,5.1,3.5,6.3,35.3,26.3,14.6,3.1,"USDA NRCS Kellogg Soil Survey Laboratory",
"28869ec6-cda8-434c-a59e-e3bcf61cbf55","JERC_031.basePlot.all","D03","JERC","JERC_031","S2015GA007008","2015-10-13","18N00991","A2","S2015GA007008-2","bulk",11.0,30.0,20.5,"2018-02-27","Kellogg Soil Survey Laboratory Methods Manual, Soil Survey Investigations Report No. 42 Version 5.0, Issued 2014","Routine Particle Size Distribution (3A1a1a)",2.8,0.0,84.3,10.7,5.0,,,6.0,4.7,10.7,25.6,34.0,11.7,2.3,"USDA NRCS Kellogg Soil Survey Laboratory",
"114573bb-5453-47ec-a67d-ceecb352f9f3","JERC_049.basePlot.all","D03","JERC","JERC_049","S2015GA007011","2015-10-13","18N01001","AE","S2015GA007011-2","bulk",40.0,65.0,52.5,"2018-02-27","Kellogg Soil Survey Laboratory Methods Manual, Soil Survey Investigations Report No. 42 Version 5.0, Issued 2014","Routine Particle Size Distribution (3A1a1a)",3.0,0.1,83.6,10.9,5.5,,,5.7,5.2,13.0,32.0,25.8,10.7,2.1,"USDA NRCS Kellogg Soil Survey Laboratory",
"4734d2a5-fc19-4ff8-b9c8-1c8aa9226422","JERC_010.basePlot.all","D03","JERC","JERC_010","S2015GA007003","2015-10-13","18N00977","E2","S2015GA007003-4","bulk",53.0,100.0,76.5,"2018-02-13","Kellogg Soil Survey Laboratory Methods Manual, Soil Survey Investigations Report No. 42 Version 5.0, Issued 2014","Routine Particle Size Distribution (3A1a1a)",4.7,0.0,86.5,10.2,3.3,,,5.9,4.3,9.8,26.2,29.8,16.6,4.1,"USDA NRCS Kellogg Soil Survey Laboratory",
"f3292e3b-7b21-4a4e-856b-53c4771926c4","JERC_049.basePlot.all","D03","JERC","JERC_049","S2015GA007011","2015-10-13","18N01003","E2","S2015GA007011-4","bulk",90.0,100.0,95.0,"2018-02-27","Kellogg Soil Survey Laboratory Methods Manual, Soil Survey Investigations Report No. 42 Version 5.0, Issued 2014","Routine Particle Size Distribution (3A1a1a)",6.4,0.4,87.1,11.2,1.7,,,6.5,4.7,13.4,30.7,24.3,15.0,3.7,"USDA NRCS Kellogg Soil Survey Laboratory",
"af90f8ee-cadd-423c-8286-e3ea72f3d90d","JERC_049.basePlot.all","D03","JERC","JERC_049","S2015GA007011","2015-10-13","18N01002","E1","S2015GA007011-3","bulk",65.0,90.0,77.5,"2018-02-27","Kellogg Soil Survey Laboratory Methods Manual, Soil Survey Investigations Report No. 42 Version 5.0, Issued 2014","Routine Particle Size Distribution (3A1a1a)",4.1,0.6,84.1,11.5,4.4,,,6.4,5.1,14.0,32.1,27.0,8.9,2.1,"USDA NRCS Kellogg Soil Survey Laboratory",
"d8c5f1f5-db2c-4895-9be7-0ce75073353c","JERC_010.basePlot.all","D03","JERC","JERC_010","S2015GA007003","2015-10-13","18N00975","AE","S2015GA007003-2","bulk",8.0,20.0,14.0,"2018-02-13","Kellogg Soil Survey Laboratory Methods Manual, Soil Survey Investigations Report No. 42 Version 5.0, Issued 2014","Routine Particle Size Distribution (3A1a1a)",3.5,0.0,86.9,9.5,3.6,,,5.5,4.0,9.4,20.3,34.1,18.3,4.8,"USDA NRCS Kellogg Soil Survey Laboratory",
"b68ae5a1-3ab6-4a99-b7cb-110ba1e36fe8","JERC_022.basePlot.all","D03","JERC","JERC_022","S2015GA007004","2015-10-13","18N00981","Bt2","S2015GA007004-4","bulk",66.0,100.0,83.0,"2018-02-13","Kellogg Soil Survey Laboratory Methods Manual, Soil Survey Investigations Report No. 42 Version 5.0, Issued 2014","Routine Particle Size Distribution (3A1a1a)",3.5,0.2,75.8,7.2,17.0,,,5.1,2.1,5.5,32.3,24.2,11.3,2.5,"USDA NRCS Kellogg Soil Survey Laboratory",
"5674b346-221c-4a6c-a753-8e6550dc265b","JERC_031.basePlot.all","D03","JERC","JERC_031","S2015GA007008","2015-10-13","18N00992","E","S2015GA007008-3","bulk",30.0,105.0,67.5,"2018-02-27","Kellogg Soil Survey Laboratory Methods Manual, Soil Survey Investigations Report No. 42 Version 5.0, Issued 2014","Routine Particle Size Distribution (3A1a1a)",2.5,0.0,84.4,9.5,6.1,,,5.8,3.7,6.6,26.6,34.7,14.3,2.2,"USDA NRCS Kellogg Soil Survey Laboratory",
"a7d0402f-ffe6-4d34-b83d-20f14923863a","JERC_031.basePlot.all","D03","JERC","JERC_031","S2015GA007008","2015-10-13","18N00990","A1","S2015GA007008-1","bulk",0.0,11.0,5.5,"2018-02-27","Kellogg Soil Survey Laboratory Methods Manual, Soil Survey Investigations Report No. 42 Version 5.0, Issued 2014","Routine Particle Size Distribution (3A1a1a)",2.2,0.0,86.9,9.4,3.7,,,5.4,4.0,6.8,26.8,33.0,16.6,3.7,"USDA NRCS Kellogg Soil Survey Laboratory",
"376c95bc-47e5-4ac2-bfd1-ef477a2cf01f","JERC_010.basePlot.all","D03","JERC","JERC_010","S2015GA007003","2015-10-13","18N00976","E1","S2015GA007003-3","bulk",20.0,53.0,36.5,"2018-02-13","Kellogg Soil Survey Laboratory Methods Manual, Soil Survey Investigations Report No. 42 Version 5.0, Issued 2014","Routine Particle Size Distribution (3A1a1a)",4.4,0.0,88.3,8.5,3.2,,,6.0,2.5,7.0,22.7,33.6,19.8,5.2,"USDA NRCS Kellogg Soil Survey Laboratory",
"f21f58c3-880a-4fc8-baa1-105db7b4c3d1","JERC_049.basePlot.all","D03","JERC","JERC_049","S2015GA007011","2015-10-13","18N01000","A","S2015GA007011-1","bulk",0.0,40.0,20.0,"2018-02-27","Kellogg Soil Survey Laboratory Methods Manual, Soil Survey Investigations Report No. 42 Version 5.0, Issued 2014","Routine Particle Size Distribution (3A1a1a)",3.0,0.8,84.7,12.5,2.8,,,7.9,4.6,11.0,29.3,27.6,13.4,3.4,"USDA NRCS Kellogg Soil Survey Laboratory",
"aec0ce74-708a-4f97-99bb-d8dfa3586aaf","JERC_006.basePlot.all","D03","JERC","JERC_006","S2015GA007015","2015-10-13","18N01016","EA","S2015GA007015-2","bulk",5.0,19.0,12.0,"2018-02-27","Kellogg Soil Survey Laboratory Methods Manual, Soil Survey Investigations Report No. 42 Version 5.0, Issued 2014","Routine Particle Size Distribution (3A1a1a)",3.4,0.0,87.6,10.6,1.8,,,7.2,3.4,12.0,31.7,28.9,12.5,2.5,"USDA NRCS Kellogg Soil Survey Laboratory",
"eedbd21f-9d62-4480-8596-fe8d9d4cb2ce","JERC_047.basePlot.all","D03","JERC","JERC_047","S2015GA007009","2015-10-13","18N00995","C2","S2015GA007009-3","bulk",72.0,100.0,86.0,"2018-02-27","Kellogg Soil Survey Laboratory Methods Manual, Soil Survey Investigations Report No. 42 Version 5.0, Issued 2014","Routine Particle Size Distribution (3A1a1a)",0.2,0.2,90.0,4.7,5.3,,,1.6,3.1,18.1,60.2,10.1,1.3,0.3,"USDA NRCS Kellogg Soil Survey Laboratory",
"0728ba45-e233-42d4-ab1f-2404de6de64a","JERC_035.basePlot.all","D03","JERC","JERC_035","S2015GA007006","2015-10-14","18N00989","EBt","S2015GA007006-4","bulk",72.0,100.0,86.0,"2018-02-27","Kellogg Soil Survey Laboratory Methods Manual, Soil Survey Investigations Report No. 42 Version 5.0, Issued 2014","Routine Particle Size Distribution (3A1a1a)",16.9,3.2,87.4,1.1,11.5,,,1.1,0.0,0.8,4.1,24.2,43.8,14.5,"USDA NRCS Kellogg Soil Survey Laboratory",
"620bb34b-e32e-49d4-bdcc-60d304371ef2","JERC_005.basePlot.all","D03","JERC","JERC_005","S2015GA007014","2015-10-14","18N01014","Btx","S2015GA007014-6","bulk",84.0,100.0,92.0,"2018-02-27","Kellogg Soil Survey Laboratory Methods Manual, Soil Survey Investigations Report No. 42 Version 5.0, Issued 2014","Routine Particle Size Distribution (3A1a1a)",1.3,0.0,47.6,7.3,45.1,,,3.8,3.5,10.2,18.3,13.8,4.6,0.7,"USDA NRCS Kellogg Soil Survey Laboratory",
"c254ba11-69fc-40cb-b4ae-34124e7fa9ab","JERC_021.basePlot.all","D03","JERC","JERC_021","S2015GA007024","2015-10-14","18N01049","Bt1","S2015GA007024-4","bulk",50.0,70.0,60.0,"2018-02-28","Kellogg Soil Survey Laboratory Methods Manual, Soil Survey Investigations Report No. 42 Version 5.0, Issued 2014","Routine Particle Size Distribution (3A1a1a)",0.9,0.0,57.9,19.8,22.3,,,12.0,7.8,21.4,31.4,4.6,0.5,0.0,"USDA NRCS Kellogg Soil Survey Laboratory",
"225e51df-b73b-425c-a7b7-4202f1c23938","JERC_002.basePlot.all","D03","JERC","JERC_002","S2015GA007012","2015-10-14","18N01005","E1","S2015GA007012-2","bulk",16.0,36.0,26.0,"2018-02-27","Kellogg Soil Survey Laboratory Methods Manual, Soil Survey Investigations Report No. 42 Version 5.0, Issued 2014","Routine Particle Size Distribution (3A1a1a)",2.2,3.5,80.9,14.0,5.1,,,7.2,6.8,18.7,37.7,17.4,6.0,1.1,"USDA NRCS Kellogg Soil Survey Laboratory",
"434d6b28-4e72-4c66-9da1-9f357b6c2ca4","JERC_030.basePlot.all","D03","JERC","JERC_030","S2015GA007027","2015-10-14","18N01061","Bt2","S2015GA007027-4","bulk",62.0,83.0,72.5,"2018-06-06","Kellogg Soil Survey Laboratory Methods Manual, Soil Survey Investigations Report No. 42 Version 5.0, Issued 2014","Routine Particle Size Distribution (3A1a1a)",0.0,0.0,47.3,12.0,40.7,,,5.7,6.3,19.5,25.1,2.4,0.3,0.0,"USDA NRCS Kellogg Soil Survey Laboratory",
"3335b599-6eb3-4d62-9d97-0a84f9d8e4ad","JERC_008.basePlot.all","D03","JERC","JERC_008","S2015GA007016","2015-10-14","18N01025","Bt3","S2015GA007016-6","bulk",91.0,100.0,95.5,"2018-02-27","Kellogg Soil Survey Laboratory Methods Manual, Soil Survey Investigations Report No. 42 Version 5.0, Issued 2014","Routine Particle Size Distribution (3A1a1a)",6.2,3.6,76.7,9.6,13.7,,,6.1,3.5,12.2,23.5,20.2,16.7,4.1,"USDA NRCS Kellogg Soil Survey Laboratory",
"a5fc4fe6-9dec-4c52-bbe3-6e1f88b3b329","JERC_009.basePlot.all","D03","JERC","JERC_009","S2015GA007017","2015-10-14","18N01030","Bt3","S2015GA007017-5","bulk",64.0,100.0,82.0,"2018-02-27","Kellogg Soil Survey Laboratory Methods Manual, Soil Survey Investigations Report No. 42 Version 5.0, Issued 2014","Routine Particle Size Distribution (3A1a1a)",5.7,5.3,69.5,13.8,16.7,,,9.5,4.3,12.5,24.7,18.4,10.0,3.9,"USDA NRCS Kellogg Soil Survey Laboratory",
"656a6aff-092e-4f9e-a535-84926345464c","JERC_034.basePlot.all","D03","JERC","JERC_034","S2015GA007005","2015-10-14","18N00982","A","S2015GA007005-1","bulk",0.0,7.0,3.5,"2018-02-13","Kellogg Soil Survey Laboratory Methods Manual, Soil Survey Investigations Report No. 42 Version 5.0, Issued 2014","Routine Particle Size Distribution (3A1a1a)",0.0,0.0,84.8,10.4,4.8,,,6.7,3.7,5.8,19.5,36.3,20.0,3.2,"USDA NRCS Kellogg Soil Survey Laboratory",
"d9adac0c-c68e-40ba-abd0-054014be6683","JERC_048.basePlot.all","D03","JERC","JERC_048","S2015GA007010","2015-10-14","18N00999","Bt2","S2015GA007010-4","bulk",80.0,100.0,90.0,"2018-02-27","Kellogg Soil Survey Laboratory Methods Manual, Soil Survey Investigations Report No. 42 Version 5.0, Issued 2014","Routine Particle Size Distribution (3A1a1a)",4.0,2.1,75.1,9.9,15.0,,,5.4,4.5,15.6,32.1,18.0,6.9,2.5,"USDA NRCS Kellogg Soil Survey Laboratory",
"0c13b4fc-154b-4989-b2aa-f185452a19fa","JERC_034.basePlot.all","D03","JERC","JERC_034","S2015GA007005","2015-10-14","18N00983","E","S2015GA007005-2","bulk",7.0,25.0,16.0,"2018-02-13","Kellogg Soil Survey Laboratory Methods Manual, Soil Survey Investigations Report No. 42 Version 5.0, Issued 2014","Routine Particle Size Distribution (3A1a1a)",3.1,0.0,84.2,10.9,4.9,,,6.8,4.1,9.8,22.2,33.6,15.8,2.8,"USDA NRCS Kellogg Soil Survey Laboratory",
"6b25b06a-b753-4ccd-93e4-fa2be9c26901","JERC_003.basePlot.all","D03","JERC","JERC_003","S2015GA007001","2015-10-14","18N00973","Bt","S2015GA007001-4","bulk",62.0,100.0,81.0,"2018-02-13","Kellogg Soil Survey Laboratory Methods Manual, Soil Survey Investigations Report No. 42 Version 5.0, Issued 2014","Routine Particle Size Distribution (3A1a1a)",0.2,0.0,52.3,14.9,32.8,,,7.1,7.8,8.5,15.8,19.3,7.7,1.0,"USDA NRCS Kellogg Soil Survey Laboratory",
"866566a6-a0bd-4f51-bc18-180b010392f4","JERC_003.basePlot.all","D03","JERC","JERC_003","S2015GA007001","2015-10-14","18N00971","E1","S2015GA007001-2","bulk",12.0,35.0,23.5,"2018-02-13","Kellogg Soil Survey Laboratory Methods Manual, Soil Survey Investigations Report No. 42 Version 5.0, Issued 2014","Routine Particle Size Distribution (3A1a1a)",0.0,0.0,80.4,15.4,4.2,,,6.9,8.5,16.7,38.8,20.1,4.3,0.5,"USDA NRCS Kellogg Soil Survey Laboratory",
"a0efc1e1-c133-47e6-86d8-8081188dc721","JERC_030.basePlot.all","D03","JERC","JERC_030","S2015GA007027","2015-10-14","18N01060","Bt1","S2015GA007027-3","bulk",32.0,62.0,47.0,"2018-06-06","Kellogg Soil Survey Laboratory Methods Manual, Soil Survey Investigations Report No. 42 Version 5.0, Issued 2014","Routine Particle Size Distribution (3A1a1a)",0.3,0.0,61.0,17.2,21.8,,,7.8,9.4,22.0,31.8,5.7,1.3,0.2,"USDA NRCS Kellogg Soil Survey Laboratory",
"294bd8b8-45da-4669-8fdb-1960b4dc99a4","JERC_030.basePlot.all","D03","JERC","JERC_030","S2015GA007027","2015-10-14","18N01058","Ap","S2015GA007027-1","bulk",0.0,15.0,7.5,"2018-06-06","Kellogg Soil Survey Laboratory Methods Manual, Soil Survey Investigations Report No. 42 Version 5.0, Issued 2014","Routine Particle Size Distribution (3A1a1a)",1.9,0.0,75.2,16.9,7.9,,,7.0,9.9,22.4,40.3,9.0,2.8,0.7,"USDA NRCS Kellogg Soil Survey Laboratory",
"1b7636bf-ebe4-49b7-9878-ecf49b450037","JERC_005.basePlot.all","D03","JERC","JERC_005","S2015GA007014","2015-10-14","18N01012","EB","S2015GA007014-4","bulk",40.0,58.0,49.0,"2018-02-27","Kellogg Soil Survey Laboratory Methods Manual, Soil Survey Investigations Report No. 42 Version 5.0, Issued 2014","Routine Particle Size Distribution (3A1a1a)",15.3,5.6,78.6,8.3,13.1,,,3.8,4.5,10.7,27.0,22.5,13.3,5.1,"USDA NRCS Kellogg Soil Survey Laboratory",
"a292883e-c1de-4558-a74e-8f67d073c10b","JERC_003.basePlot.all","D03","JERC","JERC_003","S2015GA007001","2015-10-14","18N00972","E2","S2015GA007001-3","bulk",35.0,62.0,48.5,"2018-02-13","Kellogg Soil Survey Laboratory Methods Manual, Soil Survey Investigations Report No. 42 Version 5.0, Issued 2014","Routine Particle Size Distribution (3A1a1a)",0.2,0.2,78.2,16.2,5.6,,,7.5,8.7,18.4,36.9,17.9,4.5,0.5,"USDA NRCS Kellogg Soil Survey Laboratory",
"65075c3d-d722-41d0-b707-00e1c81d90ff","JERC_008.basePlot.all","D03","JERC","JERC_008","S2015GA007016","2015-10-14","18N01024","Bt2","S2015GA007016-5","bulk",60.0,91.0,75.5,"2018-02-27","Kellogg Soil Survey Laboratory Methods Manual, Soil Survey Investigations Report No. 42 Version 5.0, Issued 2014","Routine Particle Size Distribution (3A1a1a)",4.5,3.5,76.1,11.3,12.6,,,6.3,5.0,12.1,23.4,20.9,15.9,3.8,"USDA NRCS Kellogg Soil Survey Laboratory",
"0be1eb26-bea4-4edf-b814-7c85a7dc4672","JERC_035.basePlot.all","D03","JERC","JERC_035","S2015GA007006","2015-10-14","18N00986","A","S2015GA007006-1","bulk",0.0,17.0,8.5,"2018-02-13","Kellogg Soil Survey Laboratory Methods Manual, Soil Survey Investigations Report No. 42 Version 5.0, Issued 2014","Routine Particle Size Distribution (3A1a1a)",21.9,2.3,88.8,6.4,4.8,,,4.0,2.4,4.7,13.3,30.7,31.2,8.9,"USDA NRCS Kellogg Soil Survey Laboratory",
"05fde752-5788-42b3-89f7-efe130ea7858","JERC_002.basePlot.all","D03","JERC","JERC_002","S2015GA007012","2015-10-14","18N01008","Bt2","S2015GA007012-5","bulk",76.0,100.0,88.0,"2018-02-27","Kellogg Soil Survey Laboratory Methods Manual, Soil Survey Investigations Report No. 42 Version 5.0, Issued 2014","Routine Particle Size Distribution (3A1a1a)",2.1,3.6,77.3,13.5,9.2,,,7.4,6.1,15.2,35.2,19.5,6.1,1.3,"USDA NRCS Kellogg Soil Survey Laboratory",
"cf32dc75-91b0-4733-a929-9dda24472ff0","JERC_033.basePlot.all","D03","JERC","JERC_033","S2015GA007021","2015-10-14","18N01039","E","S2015GA007021-3","bulk",31.0,47.0,39.0,"2018-02-28","Kellogg Soil Survey Laboratory Methods Manual, Soil Survey Investigations Report No. 42 Version 5.0, Issued 2014","Routine Particle Size Distribution (3A1a1a)",3.3,5.4,77.2,16.8,6.0,,,10.0,6.8,14.8,30.0,23.0,7.9,1.5,"USDA NRCS Kellogg Soil Survey Laboratory",
"b2ff11a0-9d2a-494a-8ebb-143a82fb3d24","JERC_028.basePlot.all","D03","JERC","JERC_028","S2015GA007025","2015-10-14","18N01052","Bt1","S2015GA007025-2","bulk",15.0,47.0,31.0,"2018-02-28","Kellogg Soil Survey Laboratory Methods Manual, Soil Survey Investigations Report No. 42 Version 5.0, Issued 2014","Routine Particle Size Distribution (3A1a1a)",0.3,0.0,59.9,27.7,12.4,,,19.2,8.5,14.9,28.1,12.3,3.8,0.8,"USDA NRCS Kellogg Soil Survey Laboratory",
"bc8c82d3-d3bd-442f-8f3b-0bf8f7e93145","JERC_005.basePlot.all","D03","JERC","JERC_005","S2015GA007014","2015-10-14","18N01013","Bt","S2015GA007014-5","bulk",58.0,84.0,71.0,"2018-02-27","Kellogg Soil Survey Laboratory Methods Manual, Soil Survey Investigations Report No. 42 Version 5.0, Issued 2014","Routine Particle Size Distribution (3A1a1a)",7.2,2.7,55.2,7.9,36.9,,,4.4,3.5,9.1,19.1,14.9,9.3,2.8,"USDA NRCS Kellogg Soil Survey Laboratory",
"d1239360-d044-4b66-bebe-8626ad741530","JERC_028.basePlot.all","D03","JERC","JERC_028","S2015GA007025","2015-10-14","18N01053","Bt2","S2015GA007025-3","bulk",47.0,100.0,73.5,"2018-02-28","Kellogg Soil Survey Laboratory Methods Manual, Soil Survey Investigations Report No. 42 Version 5.0, Issued 2014","Routine Particle Size Distribution (3A1a1a)",0.3,0.0,29.9,20.7,49.4,,,15.4,5.3,9.2,14.9,4.3,1.3,0.2,"USDA NRCS Kellogg Soil Survey Laboratory",
"076b7f91-418d-4c59-bd31-3e36fa02b71e","JERC_021.basePlot.all","D03","JERC","JERC_021","S2015GA007024","2015-10-14","18N01046","Ap","S2015GA007024-1","bulk",0.0,15.0,7.5,"2018-02-28","Kellogg Soil Survey Laboratory Methods Manual, Soil Survey Investigations Report No. 42 Version 5.0, Issued 2014","Routine Particle Size Distribution (3A1a1a)",0.0,0.0,69.1,22.2,8.7,,,12.8,9.4,24.8,38.0,5.4,0.8,0.1,"USDA NRCS Kellogg Soil Survey Laboratory",
"6c3c3db3-55bc-40fb-9ec1-c618ca6b8bce","JERC_009.basePlot.all","D03","JERC","JERC_009","S2015GA007017","2015-10-14","18N01029","Bt2","S2015GA007017-4","bulk",39.0,64.0,51.5,"2018-02-27","Kellogg Soil Survey Laboratory Methods Manual, Soil Survey Investigations Report No. 42 Version 5.0, Issued 2014","Routine Particle Size Distribution (3A1a1a)",6.2,6.1,70.8,12.9,16.3,,,8.0,4.9,11.7,25.6,19.7,10.1,3.7,"USDA NRCS Kellogg Soil Survey Laboratory",
"5e0a7cbc-e337-410e-a22b-b7912666ba42","JERC_033.basePlot.all","D03","JERC","JERC_033","S2015GA007021","2015-10-14","18N01040","Bt1","S2015GA007021-4","bulk",47.0,79.0,63.0,"2018-02-28","Kellogg Soil Survey Laboratory Methods Manual, Soil Survey Investigations Report No. 42 Version 5.0, Issued 2014","Routine Particle Size Distribution (3A1a1a)",3.5,6.7,74.0,15.2,10.8,,,8.9,6.3,15.2,29.1,20.8,7.8,1.1,"USDA NRCS Kellogg Soil Survey Laboratory",
"403b8d08-f2a9-4b4e-9145-f59d3ebb76d1","JERC_048.basePlot.all","D03","JERC","JERC_048","S2015GA007010","2015-10-14","18N00998","Bt1","S2015GA007010-3","bulk",39.0,80.0,59.5,"2018-02-27","Kellogg Soil Survey Laboratory Methods Manual, Soil Survey Investigations Report No. 42 Version 5.0, Issued 2014","Routine Particle Size Distribution (3A1a1a)",2.3,0.2,77.8,13.7,8.5,,,7.7,6.0,17.4,40.8,10.9,7.3,1.4,"USDA NRCS Kellogg Soil Survey Laboratory",
"3efa2ca4-2f82-48a7-bd66-ec1168033236","JERC_021.basePlot.all","D03","JERC","JERC_021","S2015GA007024","2015-10-14","18N01050","Bt2","S2015GA007024-5","bulk",70.0,100.0,85.0,"2018-02-28","Kellogg Soil Survey Laboratory Methods Manual, Soil Survey Investigations Report No. 42 Version 5.0, Issued 2014","Routine Particle Size Distribution (3A1a1a)",0.0,0.0,48.6,17.5,33.9,,,10.6,6.9,18.8,26.6,2.7,0.4,0.1,"USDA NRCS Kellogg Soil Survey Laboratory",
"19e0557b-d5b2-48f6-817e-a43e1ba09726","JERC_033.basePlot.all","D03","JERC","JERC_033","S2015GA007021","2015-10-14","18N01041","Bt2","S2015GA007021-5","bulk",79.0,100.0,89.5,"2018-02-28","Kellogg Soil Survey Laboratory Methods Manual, Soil Survey Investigations Report No. 42 Version 5.0, Issued 2014","Routine Particle Size Distribution (3A1a1a)",5.3,8.5,74.9,13.8,11.3,,,8.2,5.6,15.3,28.8,23.0,6.3,1.5,"USDA NRCS Kellogg Soil Survey Laboratory",
"b360a046-b11c-4c6d-a8ad-ec3192b3a194","JERC_035.basePlot.all","D03","JERC","JERC_035","S2015GA007006","2015-10-14","18N00987","E1","S2015GA007006-2","bulk",17.0,56.0,36.5,"2018-02-27","Kellogg Soil Survey Laboratory Methods Manual, Soil Survey Investigations Report No. 42 Version 5.0, Issued 2014","Routine Particle Size Distribution (3A1a1a)",24.4,4.2,89.7,5.5,4.8,,,3.5,2.0,4.4,14.3,32.6,29.6,8.8,"USDA NRCS Kellogg Soil Survey Laboratory",
"1a99b24c-9919-4c60-9d91-894a62092961","JERC_005.basePlot.all","D03","JERC","JERC_005","S2015GA007014","2015-10-14","18N01009","A","S2015GA007014-1","bulk",0.0,10.0,5.0,"2018-02-27","Kellogg Soil Survey Laboratory Methods Manual, Soil Survey Investigations Report No. 42 Version 5.0, Issued 2014","Routine Particle Size Distribution (3A1a1a)",6.4,3.1,86.8,7.7,5.5,,,3.5,4.2,12.8,27.3,27.4,15.3,4.0,"USDA NRCS Kellogg Soil Survey Laboratory",
"7288cf19-b366-4e90-8802-74f876e92d59","JERC_008.basePlot.all","D03","JERC","JERC_008","S2015GA007016","2015-10-14","18N01020","A","S2015GA007016-1","bulk",0.0,9.0,4.5,"2018-02-27","Kellogg Soil Survey Laboratory Methods Manual, Soil Survey Investigations Report No. 42 Version 5.0, Issued 2014","Routine Particle Size Distribution (3A1a1a)",2.0,0.0,82.6,12.4,5.0,,,6.5,5.9,11.5,22.9,23.9,20.4,3.9,"USDA NRCS Kellogg Soil Survey Laboratory",
"627aa8ee-4578-406b-89fb-d05b14fe8fde","JERC_048.basePlot.all","D03","JERC","JERC_048","S2015GA007010","2015-10-14","18N00996","A","S2015GA007010-1","bulk",0.0,15.0,7.5,"2018-02-27","Kellogg Soil Survey Laboratory Methods Manual, Soil Survey Investigations Report No. 42 Version 5.0, Issued 2014","Routine Particle Size Distribution (3A1a1a)",2.4,1.5,82.8,12.9,4.3,,,6.8,6.1,18.0,36.3,18.5,8.3,1.7,"USDA NRCS Kellogg Soil Survey Laboratory",
"204dabbb-9226-4449-b45e-ed3ea0767509","JERC_008.basePlot.all","D03","JERC","JERC_008","S2015GA007016","2015-10-14","18N01022","E2","S2015GA007016-3","bulk",22.0,39.0,30.5,"2018-02-27","Kellogg Soil Survey Laboratory Methods Manual, Soil Survey Investigations Report No. 42 Version 5.0, Issued 2014","Routine Particle Size Distribution (3A1a1a)",3.0,0.4,82.0,11.3,6.7,,,7.3,4.0,11.0,24.8,25.0,18.3,2.9,"USDA NRCS Kellogg Soil Survey Laboratory",
"a616f85c-1fcb-4e4e-88ed-8310aff1e244","JERC_002.basePlot.all","D03","JERC","JERC_002","S2015GA007012","2015-10-14","18N01004","A","S2015GA007012-1","bulk",0.0,16.0,8.0,"2018-02-27","Kellogg Soil Survey Laboratory Methods Manual, Soil Survey Investigations Report No. 42 Version 5.0, Issued 2014","Routine Particle Size Distribution (3A1a1a)",2.4,4.3,83.3,13.1,3.6,,,6.9,6.2,14.1,34.6,23.2,9.2,2.2,"USDA NRCS Kellogg Soil Survey Laboratory",
"3cf19d25-3531-4e0f-b3c0-82a6e0cf7729","JERC_002.basePlot.all","D03","JERC","JERC_002","S2015GA007012","2015-10-14","18N01006","E2","S2015GA007012-3","bulk",36.0,47.0,41.5,"2018-02-27","Kellogg Soil Survey Laboratory Methods Manual, Soil Survey Investigations Report No. 42 Version 5.0, Issued 2014","Routine Particle Size Distribution (3A1a1a)",1.8,3.2,81.4,12.7,5.9,,,6.7,6.0,17.9,29.8,27.0,5.6,1.1,"USDA NRCS Kellogg Soil Survey Laboratory",
"0f8b6611-f4ff-43d8-9964-c5dca9dfd937","JERC_033.basePlot.all","D03","JERC","JERC_033","S2015GA007021","2015-10-14","18N01038","AE","S2015GA007021-2","bulk",10.0,31.0,20.5,"2018-02-28","Kellogg Soil Survey Laboratory Methods Manual, Soil Survey Investigations Report No. 42 Version 5.0, Issued 2014","Routine Particle Size Distribution (3A1a1a)",2.7,5.8,80.4,15.8,3.8,,,9.4,6.4,15.7,29.7,23.1,10.2,1.7,"USDA NRCS Kellogg Soil Survey Laboratory",
"59e68f19-9563-4e18-815e-a64fda5cde38","JERC_009.basePlot.all","D03","JERC","JERC_009","S2015GA007017","2015-10-14","18N01028","Bt1","S2015GA007017-3","bulk",24.0,39.0,31.5,"2018-02-27","Kellogg Soil Survey Laboratory Methods Manual, Soil Survey Investigations Report No. 42 Version 5.0, Issued 2014","Routine Particle Size Distribution (3A1a1a)",4.2,3.8,72.5,13.9,13.6,,,8.7,5.2,12.7,27.2,20.7,9.9,2.0,"USDA NRCS Kellogg Soil Survey Laboratory",
"91663141-04eb-4279-958b-348afdea29cd","JERC_034.basePlot.all","D03","JERC","JERC_034","S2015GA007005","2015-10-14","18N00985","BE","S2015GA007005-4","bulk",40.0,100.0,70.0,"2018-02-13","Kellogg Soil Survey Laboratory Methods Manual, Soil Survey Investigations Report No. 42 Version 5.0, Issued 2014","Routine Particle Size Distribution (3A1a1a)",4.0,0.1,81.4,9.1,9.5,,,5.3,3.8,7.2,23.3,34.6,13.6,2.7,"USDA NRCS Kellogg Soil Survey Laboratory",
"50826fa9-3dbc-45b3-8524-e9339ab9d5df","JERC_003.basePlot.all","D03","JERC","JERC_003","S2015GA007001","2015-10-14","18N00970","A","S2015GA007001-1","bulk",0.0,12.0,6.0,"2018-02-13","Kellogg Soil Survey Laboratory Methods Manual, Soil Survey Investigations Report No. 42 Version 5.0, Issued 2014","Routine Particle Size Distribution (3A1a1a)",0.0,0.0,76.2,17.3,6.5,,,7.4,9.9,15.3,37.7,19.9,3.2,0.1,"USDA NRCS Kellogg Soil Survey Laboratory",
"9077bef5-c8a4-486d-a7fc-556c37a83578","JERC_002.basePlot.all","D03","JERC","JERC_002","S2015GA007012","2015-10-14","18N01007","Bt1","S2015GA007012-4","bulk",47.0,76.0,61.5,"2018-02-27","Kellogg Soil Survey Laboratory Methods Manual, Soil Survey Investigations Report No. 42 Version 5.0, Issued 2014","Routine Particle Size Distribution (3A1a1a)",4.8,9.9,62.0,10.8,27.2,,,6.4,4.4,13.3,25.6,15.9,6.0,1.2,"USDA NRCS Kellogg Soil Survey Laboratory",
"c8bd6115-0c2a-43df-9599-625d8a77a395","JERC_048.basePlot.all","D03","JERC","JERC_048","S2015GA007010","2015-10-14","18N00997","AE","S2015GA007010-2","bulk",15.0,39.0,27.0,"2018-02-27","Kellogg Soil Survey Laboratory Methods Manual, Soil Survey Investigations Report No. 42 Version 5.0, Issued 2014","Routine Particle Size Distribution (3A1a1a)",2.2,0.0,81.7,12.1,6.2,,,6.7,5.4,14.7,34.3,20.6,9.3,2.8,"USDA NRCS Kellogg Soil Survey Laboratory",
"bb5a1742-15b1-4708-92c6-0e063f6bf7fc","JERC_028.basePlot.all","D03","JERC","JERC_028","S2015GA007025","2015-10-14","18N01051","A","S2015GA007025-1","bulk",0.0,15.0,7.5,"2018-02-28","Kellogg Soil Survey Laboratory Methods Manual, Soil Survey Investigations Report No. 42 Version 5.0, Issued 2014","Routine Particle Size Distribution (3A1a1a)",3.9,0.4,62.0,28.7,9.3,,,18.7,10.0,13.6,31.1,12.5,3.8,1.0,"USDA NRCS Kellogg Soil Survey Laboratory",
"09b1e123-8acc-43b3-8d64-e501f6b2fa0f","JERC_009.basePlot.all","D03","JERC","JERC_009","S2015GA007017","2015-10-14","18N01027","E","S2015GA007017-2","bulk",6.0,24.0,15.0,"2018-02-27","Kellogg Soil Survey Laboratory Methods Manual, Soil Survey Investigations Report No. 42 Version 5.0, Issued 2014","Routine Particle Size Distribution (3A1a1a)",3.5,0.9,80.7,12.7,6.6,,,8.9,3.8,10.7,27.9,25.9,12.3,3.9,"USDA NRCS Kellogg Soil Survey Laboratory",
"e57191f0-e84f-449e-a49d-04aeb32fd75a","JERC_034.basePlot.all","D03","JERC","JERC_034","S2015GA007005","2015-10-14","18N00984","EB","S2015GA007005-3","bulk",25.0,40.0,32.5,"2018-02-13","Kellogg Soil Survey Laboratory Methods Manual, Soil Survey Investigations Report No. 42 Version 5.0, Issued 2014","Routine Particle Size Distribution (3A1a1a)",3.4,0.0,82.0,11.5,6.5,,,7.4,4.1,10.4,25.3,31.8,12.5,2.0,"USDA NRCS Kellogg Soil Survey Laboratory",
"aeb669a3-38bd-4047-a635-77bb06b461ba","JERC_021.basePlot.all","D03","JERC","JERC_021","S2015GA007024","2015-10-14","18N01048","BE","S2015GA007024-3","bulk",32.0,50.0,41.0,"2018-02-28","Kellogg Soil Survey Laboratory Methods Manual, Soil Survey Investigations Report No. 42 Version 5.0, Issued 2014","Routine Particle Size Distribution (3A1a1a)",0.3,0.0,62.1,22.2,15.7,,,12.8,9.4,22.7,33.8,4.8,0.8,0.0,"USDA NRCS Kellogg Soil Survey Laboratory",
"3ce952fc-dd06-4526-86fe-7320603239cc","JERC_033.basePlot.all","D03","JERC","JERC_033","S2015GA007021","2015-10-14","18N01037","A","S2015GA007021-1","bulk",0.0,10.0,5.0,"2018-02-28","Kellogg Soil Survey Laboratory Methods Manual, Soil Survey Investigations Report No. 42 Version 5.0, Issued 2014","Routine Particle Size Distribution (3A1a1a)",2.6,3.7,79.7,15.6,4.7,,,9.4,6.2,15.5,30.3,24.5,8.1,1.3,"USDA NRCS Kellogg Soil Survey Laboratory",
"e2957aad-8a3a-4e32-8819-1250b036714b","JERC_021.basePlot.all","D03","JERC","JERC_021","S2015GA007024","2015-10-14","18N01047","E","S2015GA007024-2","bulk",15.0,32.0,23.5,"2018-02-28","Kellogg Soil Survey Laboratory Methods Manual, Soil Survey Investigations Report No. 42 Version 5.0, Issued 2014","Routine Particle Size Distribution (3A1a1a)",0.3,0.0,67.0,23.1,9.9,,,13.1,10.0,21.6,39.6,5.1,0.6,0.1,"USDA NRCS Kellogg Soil Survey Laboratory",
"7ff0d546-5f76-418f-956e-ef67ee2b7eb1","JERC_008.basePlot.all","D03","JERC","JERC_008","S2015GA007016","2015-10-14","18N01021","E1","S2015GA007016-2","bulk",9.0,22.0,15.5,"2018-02-27","Kellogg Soil Survey Laboratory Methods Manual, Soil Survey Investigations Report No. 42 Version 5.0, Issued 2014","Routine Particle Size Distribution (3A1a1a)",2.8,2.2,81.6,12.9,5.5,,,7.1,5.8,15.8,26.2,24.4,13.0,2.2,"USDA NRCS Kellogg Soil Survey Laboratory",
"77540093-cbb6-4691-8c4f-32e5a4aeb2cc","JERC_005.basePlot.all","D03","JERC","JERC_005","S2015GA007014","2015-10-14","18N01010","AE","S2015GA007014-2","bulk",10.0,26.0,18.0,"2018-02-27","Kellogg Soil Survey Laboratory Methods Manual, Soil Survey Investigations Report No. 42 Version 5.0, Issued 2014","Routine Particle Size Distribution (3A1a1a)",10.6,3.9,86.1,9.3,4.6,,,5.2,4.1,13.3,27.4,30.8,11.2,3.4,"USDA NRCS Kellogg Soil Survey Laboratory",
"12f8b519-ee22-4d2c-9b95-1ee4dd4f77a9","JERC_030.basePlot.all","D03","JERC","JERC_030","S2015GA007027","2015-10-14","18N01059","E","S2015GA007027-2","bulk",15.0,32.0,23.5,"2018-06-06","Kellogg Soil Survey Laboratory Methods Manual, Soil Survey Investigations Report No. 42 Version 5.0, Issued 2014","Routine Particle Size Distribution (3A1a1a)",1.5,0.0,72.8,17.7,9.5,,,8.2,9.5,25.0,38.1,7.1,2.2,0.4,"USDA NRCS Kellogg Soil Survey Laboratory",
"2b31aa03-5e2e-417e-a918-bb99abf39951","JERC_005.basePlot.all","D03","JERC","JERC_005","S2015GA007014","2015-10-14","18N01011","E","S2015GA007014-3","bulk",26.0,40.0,33.0,"2018-02-27","Kellogg Soil Survey Laboratory Methods Manual, Soil Survey Investigations Report No. 42 Version 5.0, Issued 2014","Routine Particle Size Distribution (3A1a1a)",12.2,3.3,83.5,9.1,7.4,,,5.3,3.8,12.1,29.3,27.0,12.2,2.9,"USDA NRCS Kellogg Soil Survey Laboratory",
"e04406ca-e9cc-4a76-a100-d14e1d7ded9f","JERC_008.basePlot.all","D03","JERC","JERC_008","S2015GA007016","2015-10-14","18N01023","Bt1","S2015GA007016-4","bulk",39.0,60.0,49.5,"2018-02-27","Kellogg Soil Survey Laboratory Methods Manual, Soil Survey Investigations Report No. 42 Version 5.0, Issued 2014","Routine Particle Size Distribution (3A1a1a)",4.4,1.3,79.0,11.5,9.5,,,7.2,4.3,9.3,25.1,24.3,16.4,3.9,"USDA NRCS Kellogg Soil Survey Laboratory",
"5d4a47ef-84e4-41cf-96cf-d8c7bdc5f920","JERC_009.basePlot.all","D03","JERC","JERC_009","S2015GA007017","2015-10-14","18N01026","A","S2015GA007017-1","bulk",0.0,6.0,3.0,"2018-02-27","Kellogg Soil Survey Laboratory Methods Manual, Soil Survey Investigations Report No. 42 Version 5.0, Issued 2014","Routine Particle Size Distribution (3A1a1a)",4.6,3.2,81.1,12.9,6.0,,,7.7,5.2,15.6,31.1,23.8,8.9,1.7,"USDA NRCS Kellogg Soil Survey Laboratory",
"9b2d1f39-9b47-4878-86d8-9766c3b214d1","JERC_030.basePlot.all","D03","JERC","JERC_030","S2015GA007027","2015-10-14","18N01062","Bt3","S2015GA007027-5","bulk",83.0,100.0,91.5,"2018-06-06","Kellogg Soil Survey Laboratory Methods Manual, Soil Survey Investigations Report No. 42 Version 5.0, Issued 2014","Routine Particle Size Distribution (3A1a1a)",0.0,0.0,46.4,14.5,39.1,,,7.4,7.1,16.7,25.7,3.3,0.5,0.2,"USDA NRCS Kellogg Soil Survey Laboratory",
"58546523-ca1b-40a8-9834-54985f1aa17d","JERC_035.basePlot.all","D03","JERC","JERC_035","S2015GA007006","2015-10-14","18N00988","E2","S2015GA007006-3","bulk",56.0,72.0,64.0,"2018-02-27","Kellogg Soil Survey Laboratory Methods Manual, Soil Survey Investigations Report No. 42 Version 5.0, Issued 2014","Routine Particle Size Distribution (3A1a1a)",24.0,5.2,90.5,4.7,4.8,,,2.4,2.3,3.1,11.2,31.1,37.2,7.9,"USDA NRCS Kellogg Soil Survey Laboratory",
"cf9d1d6d-cb93-4865-82c8-7256dcf52e4f","JERC_029.basePlot.all","D03","JERC","JERC_029","S2015GA007026","2015-10-15","18N01054","Ap","S2015GA007026-1","bulk",0.0,19.0,9.5,"2018-02-28","Kellogg Soil Survey Laboratory Methods Manual, Soil Survey Investigations Report No. 42 Version 5.0, Issued 2014","Routine Particle Size Distribution (3A1a1a)",6.0,0.5,84.7,11.5,3.8,,,7.9,3.6,12.1,31.9,25.2,11.8,3.7,"USDA NRCS Kellogg Soil Survey Laboratory",
"9abae313-9144-4da8-aaa5-c49ecc8168ac","JERC_016.basePlot.all","D03","JERC","JERC_016","S2015GA007029","2015-10-15","18N01069","C1","S2015GA007029-2","bulk",16.0,38.0,27.0,"2018-06-06","Kellogg Soil Survey Laboratory Methods Manual, Soil Survey Investigations Report No. 42 Version 5.0, Issued 2014","Routine Particle Size Distribution (3A1a1a)",0.2,0.0,98.9,0.3,0.8,,,0.2,0.1,2.1,22.1,67.2,7.0,0.5,"USDA NRCS Kellogg Soil Survey Laboratory",
"223ae6e2-7dbb-4469-b475-10f2c3976863","JERC_029.basePlot.all","D03","JERC","JERC_029","S2015GA007026","2015-10-15","18N01056","E2","S2015GA007026-3","bulk",40.0,70.0,55.0,"2018-06-06","Kellogg Soil Survey Laboratory Methods Manual, Soil Survey Investigations Report No. 42 Version 5.0, Issued 2014","Routine Particle Size Distribution (3A1a1a)",7.0,7.4,79.1,11.7,9.2,,,5.4,6.3,14.0,27.1,23.2,12.2,2.6,"USDA NRCS Kellogg Soil Survey Laboratory",
"470b1961-10d5-4eb8-b506-38cb28f58cd8","JERC_013.basePlot.all","D03","JERC","JERC_013","S2015GA007028","2015-10-15","18N01065","Bt1","S2015GA007028-3","bulk",20.0,50.0,35.0,"2018-06-06","Kellogg Soil Survey Laboratory Methods Manual, Soil Survey Investigations Report No. 42 Version 5.0, Issued 2014","Routine Particle Size Distribution (3A1a1a)",0.0,0.0,43.7,13.7,42.6,,,7.6,6.1,12.8,21.4,6.8,2.5,0.2,"USDA NRCS Kellogg Soil Survey Laboratory",
"58013143-7f09-4849-ba06-f3612fcd7c44","JERC_015.basePlot.all","D03","JERC","JERC_015","S2015GA007019","2015-10-15","18N01032","E1","S2015GA007019-2","bulk",6.0,12.0,9.0,"2018-02-27","Kellogg Soil Survey Laboratory Methods Manual, Soil Survey Investigations Report No. 42 Version 5.0, Issued 2014","Routine Particle Size Distribution (3A1a1a)",2.7,0.0,83.7,13.6,2.7,,,8.4,5.2,12.0,21.4,26.3,19.8,4.2,"USDA NRCS Kellogg Soil Survey Laboratory",
"aa4fa4c5-1fcf-46cb-b662-01d30dd10b14","JERC_015.basePlot.all","D03","JERC","JERC_015","S2015GA007019","2015-10-15","18N01034","BE","S2015GA007019-4","bulk",28.0,43.0,35.5,"2018-02-28","Kellogg Soil Survey Laboratory Methods Manual, Soil Survey Investigations Report No. 42 Version 5.0, Issued 2014","Routine Particle Size Distribution (3A1a1a)",3.7,0.5,81.9,11.8,6.3,,,7.8,4.0,10.2,21.5,27.9,17.0,5.3,"USDA NRCS Kellogg Soil Survey Laboratory",
"16bc778d-9035-45b5-abb5-c37801b61436","JERC_013.basePlot.all","D03","JERC","JERC_013","S2015GA007028","2015-10-15","18N01063","A","S2015GA007028-1","bulk",0.0,4.0,2.0,"2018-06-06","Kellogg Soil Survey Laboratory Methods Manual, Soil Survey Investigations Report No. 42 Version 5.0, Issued 2014","Routine Particle Size Distribution (3A1a1a)",0.0,0.0,72.7,18.7,8.6,,,8.4,10.3,21.2,36.3,10.9,3.5,0.8,"USDA NRCS Kellogg Soil Survey Laboratory",
"75aa9f43-234c-4489-a4df-556360ccf8ba","JERC_013.basePlot.all","D03","JERC","JERC_013","S2015GA007028","2015-10-15","18N01067","Bt3","S2015GA007028-5","bulk",65.0,100.0,82.5,"2018-06-06","Kellogg Soil Survey Laboratory Methods Manual, Soil Survey Investigations Report No. 42 Version 5.0, Issued 2014","Routine Particle Size Distribution (3A1a1a)",0.0,0.0,47.1,12.8,40.1,,,5.9,6.9,19.0,23.7,3.1,1.2,0.1,"USDA NRCS Kellogg Soil Survey Laboratory",
"ebf4b0a6-b79d-4f36-85bc-04093ca4c6bd","JERC_016.basePlot.all","D03","JERC","JERC_016","S2015GA007029","2015-10-15","18N01068","A","S2015GA007029-1","bulk",0.0,16.0,8.0,"2018-06-06","Kellogg Soil Survey Laboratory Methods Manual, Soil Survey Investigations Report No. 42 Version 5.0, Issued 2014","Routine Particle Size Distribution (3A1a1a)",0.0,0.0,95.2,3.5,1.3,,,0.5,3.0,3.7,24.1,60.2,6.6,0.6,"USDA NRCS Kellogg Soil Survey Laboratory",
"7379aad0-13d1-4416-8e17-88558b352585","JERC_015.basePlot.all","D03","JERC","JERC_015","S2015GA007019","2015-10-15","18N01035","Bt1","S2015GA007019-5","bulk",43.0,84.0,63.5,"2018-02-28","Kellogg Soil Survey Laboratory Methods Manual, Soil Survey Investigations Report No. 42 Version 5.0, Issued 2014","Routine Particle Size Distribution (3A1a1a)",6.5,0.9,75.6,12.7,11.7,,,8.8,3.9,11.6,25.5,23.1,12.3,3.1,"USDA NRCS Kellogg Soil Survey Laboratory",
"de0b269a-8613-4b48-8f32-1f930029ffa3","JERC_016.basePlot.all","D03","JERC","JERC_016","S2015GA007029","2015-10-15","18N01072","C4","S2015GA007029-5","bulk",86.0,100.0,93.0,"2018-06-06","Kellogg Soil Survey Laboratory Methods Manual, Soil Survey Investigations Report No. 42 Version 5.0, Issued 2014","Routine Particle Size Distribution (3A1a1a)",0.0,0.0,95.4,1.3,3.3,,,0.0,1.3,4.1,19.9,64.1,6.9,0.4,"USDA NRCS Kellogg Soil Survey Laboratory",
"40178554-3a16-463d-a350-dea417437083","JERC_015.basePlot.all","D03","JERC","JERC_015","S2015GA007019","2015-10-15","18N01033","E2","S2015GA007019-3","bulk",12.0,28.0,20.0,"2018-02-28","Kellogg Soil Survey Laboratory Methods Manual, Soil Survey Investigations Report No. 42 Version 5.0, Issued 2014","Routine Particle Size Distribution (3A1a1a)",3.1,0.5,80.6,13.7,5.7,,,8.6,5.1,16.0,26.9,26.0,9.8,1.9,"USDA NRCS Kellogg Soil Survey Laboratory",
"7e347954-7b6d-469d-8e9c-fdf1ec260835","JERC_015.basePlot.all","D03","JERC","JERC_015","S2015GA007019","2015-10-15","18N01031","A","S2015GA007019-1","bulk",0.0,6.0,3.0,"2018-02-27","Kellogg Soil Survey Laboratory Methods Manual, Soil Survey Investigations Report No. 42 Version 5.0, Issued 2014","Routine Particle Size Distribution (3A1a1a)",2.7,0.0,82.3,14.3,3.4,,,8.6,5.7,12.4,26.4,26.5,14.9,2.1,"USDA NRCS Kellogg Soil Survey Laboratory",
"b6609cac-de67-4818-9165-861f6503e2f2","JERC_013.basePlot.all","D03","JERC","JERC_013","S2015GA007028","2015-10-15","18N01066","Bt2","S2015GA007028-4","bulk",50.0,65.0,57.5,"2018-06-06","Kellogg Soil Survey Laboratory Methods Manual, Soil Survey Investigations Report No. 42 Version 5.0, Issued 2014","Routine Particle Size Distribution (3A1a1a)",0.0,0.0,37.5,12.6,49.9,,,6.3,6.3,12.0,20.7,4.0,0.6,0.2,"USDA NRCS Kellogg Soil Survey Laboratory",
"eae8fb13-9e44-4979-9153-496992bc99bc","JERC_019.basePlot.all","D03","JERC","JERC_019","S2015GA007022","2015-10-15","18N01043","BE","S2015GA007022-2","bulk",8.0,13.0,10.5,"2018-02-28","Kellogg Soil Survey Laboratory Methods Manual, Soil Survey Investigations Report No. 42 Version 5.0, Issued 2014","Routine Particle Size Distribution (3A1a1a)",0.5,0.0,71.6,18.1,10.3,,,9.6,8.5,23.3,43.6,3.6,0.8,0.3,"USDA NRCS Kellogg Soil Survey Laboratory",
"59a47e52-44d5-44db-9706-d5ed76a8c618","JERC_016.basePlot.all","D03","JERC","JERC_016","S2015GA007029","2015-10-15","18N01070","C2","S2015GA007029-3","bulk",38.0,60.0,49.0,"2018-06-06","Kellogg Soil Survey Laboratory Methods Manual, Soil Survey Investigations Report No. 42 Version 5.0, Issued 2014","Routine Particle Size Distribution (3A1a1a)",0.0,0.0,97.5,1.5,1.0,,,0.8,0.7,3.4,25.7,61.6,6.4,0.4,"USDA NRCS Kellogg Soil Survey Laboratory",
"7d7a8df3-e859-4145-be2e-03af0a3e3771","JERC_019.basePlot.all","D03","JERC","JERC_019","S2015GA007022","2015-10-15","18N01042","A","S2015GA007022-1","bulk",0.0,8.0,4.0,"2018-02-28","Kellogg Soil Survey Laboratory Methods Manual, Soil Survey Investigations Report No. 42 Version 5.0, Issued 2014","Routine Particle Size Distribution (3A1a1a)",1.9,0.0,76.3,17.1,6.6,,,8.9,8.2,24.6,44.1,5.1,1.9,0.6,"USDA NRCS Kellogg Soil Survey Laboratory",
"a2d21b8c-4e11-4447-9ae4-81d4a101cd73","JERC_013.basePlot.all","D03","JERC","JERC_013","S2015GA007028","2015-10-15","18N01064","AE","S2015GA007028-2","bulk",4.0,20.0,12.0,"2018-06-06","Kellogg Soil Survey Laboratory Methods Manual, Soil Survey Investigations Report No. 42 Version 5.0, Issued 2014","Routine Particle Size Distribution (3A1a1a)",0.3,0.0,69.9,19.3,10.8,,,9.0,10.3,19.1,34.2,13.0,2.9,0.7,"USDA NRCS Kellogg Soil Survey Laboratory",
"5fa6522f-281a-4c4a-910a-7a7fc55bc16b","JERC_019.basePlot.all","D03","JERC","JERC_019","S2015GA007022","2015-10-15","18N01045","Bt2","S2015GA007022-4","bulk",43.0,100.0,71.5,"2018-02-28","Kellogg Soil Survey Laboratory Methods Manual, Soil Survey Investigations Report No. 42 Version 5.0, Issued 2014","Routine Particle Size Distribution (3A1a1a)",0.2,0.0,50.8,16.9,32.3,,,8.4,8.5,19.9,27.7,2.0,0.8,0.4,"USDA NRCS Kellogg Soil Survey Laboratory",
"ad201738-dc89-4858-9563-6485242f8da5","JERC_019.basePlot.all","D03","JERC","JERC_019","S2015GA007022","2015-10-15","18N01044","Bt1","S2015GA007022-3","bulk",13.0,43.0,28.0,"2018-02-28","Kellogg Soil Survey Laboratory Methods Manual, Soil Survey Investigations Report No. 42 Version 5.0, Issued 2014","Routine Particle Size Distribution (3A1a1a)",0.0,0.0,59.6,13.9,26.5,,,7.8,6.1,19.7,36.3,2.6,0.7,0.3,"USDA NRCS Kellogg Soil Survey Laboratory",
"ce242869-aa4a-4153-83d7-47e0f76c4ee0","JERC_015.basePlot.all","D03","JERC","JERC_015","S2015GA007019","2015-10-15","18N01036","Bt2","S2015GA007019-6","bulk",84.0,100.0,92.0,"2018-02-28","Kellogg Soil Survey Laboratory Methods Manual, Soil Survey Investigations Report No. 42 Version 5.0, Issued 2014","Routine Particle Size Distribution (3A1a1a)",6.8,0.0,67.0,8.5,24.5,,,5.4,3.1,9.5,16.3,20.8,17.0,3.4,"USDA NRCS Kellogg Soil Survey Laboratory",
"ae684798-5cd7-4636-ba96-f1d92f19802a","JERC_029.basePlot.all","D03","JERC","JERC_029","S2015GA007026","2015-10-15","18N01057","Bt","S2015GA007026-4","bulk",70.0,100.0,85.0,"2018-06-06","Kellogg Soil Survey Laboratory Methods Manual, Soil Survey Investigations Report No. 42 Version 5.0, Issued 2014","Routine Particle Size Distribution (3A1a1a)",12.9,11.2,74.5,10.7,14.8,,,5.3,5.4,15.0,25.6,18.9,10.7,4.3,"USDA NRCS Kellogg Soil Survey Laboratory",
"fb20c64d-f678-4829-9c58-090e26b4af43","JERC_016.basePlot.all","D03","JERC","JERC_016","S2015GA007029","2015-10-15","18N01071","C3","S2015GA007029-4","bulk",60.0,86.0,73.0,"2018-06-06","Kellogg Soil Survey Laboratory Methods Manual, Soil Survey Investigations Report No. 42 Version 5.0, Issued 2014","Routine Particle Size Distribution (3A1a1a)",0.1,0.0,96.4,2.8,0.8,,,0.0,2.8,3.3,29.3,58.1,5.5,0.2,"USDA NRCS Kellogg Soil Survey Laboratory",
"89628a61-3037-4c9b-b5c0-d42dcb2a7f4a","JERC_029.basePlot.all","D03","JERC","JERC_029","S2015GA007026","2015-10-15","18N01055","E1","S2015GA007026-2","bulk",19.0,40.0,29.5,"2018-02-28","Kellogg Soil Survey Laboratory Methods Manual, Soil Survey Investigations Report No. 42 Version 5.0, Issued 2014","Routine Particle Size Distribution (3A1a1a)",6.8,0.0,81.4,13.3,5.3,,,8.1,5.2,12.0,30.5,25.7,10.5,2.7,"USDA NRCS Kellogg Soil Survey Laboratory",
