uid,domainID,siteID,pitNamedLocation,pitID,horizonID,bulkDensID,horizonName,setDate,collectDate,laboratoryName,labProjID,bulkDensCenterDepth,bulkDensTopDepth,bulkDensBottomDepth,bulkDensHorizonProportion,bulkDensSampleType,bulkDensExclCoarseFrag,remarks
"4891350f-cc02-4814-82e0-1433ad890734","D14","SRER","MEGAPT100995","D14_SRER_PIT1","D14_SRER_PIT1_BW","D14_SRER_PIT1_BULKD_16-26_BW","Bw","2013-11-04","2013-11-04","USDA NRCS Kellogg Soil Survey Laboratory - Lincoln - NE","C2014USAZ013",21.0,16.0,26.0,1.0,"Regular",1.3815,
"817afc52-3460-4ad7-9eef-3b0f24e7d0fb","D14","SRER","MEGAPT100995","D14_SRER_PIT1","D14_SRER_PIT1_BK2","D14_SRER_PIT1_BULKD_90-105_BK2","Bk2","2013-11-04","2013-11-04","USDA NRCS Kellogg Soil Survey Laboratory - Lincoln - NE","C2014USAZ013",97.5,90.0,105.0,1.0,"Regular",0.9541,"15x10X10 cm (L x W x D) sample taken because the horizon is too rocky for soil corer"
"e9bacc0c-e0d6-42a6-b905-8b7a74402581","D14","SRER","MEGAPT100995","D14_SRER_PIT1","D14_SRER_PIT1_A","D14_SRER_PIT1_BULKD_0-3_A","A","2013-11-04","2013-11-04","USDA NRCS Kellogg Soil Survey Laboratory - Lincoln - NE","C2014USAZ013",1.5,0.0,3.0,1.0,"Regular",1.2887,"Sample taken 10m from Pit. Location chosen by NRCS staff"
"d00091ef-1186-4b6f-a920-8ca95e0d43e5","D14","SRER","MEGAPT100995","D14_SRER_PIT1","D14_SRER_PIT1_2BK","D14_SRER_PIT1_BULKD_135-145_2BK","2Bk","2013-11-04","2013-11-04","USDA NRCS Kellogg Soil Survey Laboratory - Lincoln - NE","C2014USAZ013",140.0,135.0,145.0,1.0,"Regular",1.5521,
"eebeb4c5-0cae-4ba3-bf40-c9bb632ff25c","D14","SRER","MEGAPT100995","D14_SRER_PIT1","D14_SRER_PIT1_BK1","D14_SRER_PIT1_BULKD_66-76_BK","Bk1","2013-11-04","2013-11-04","USDA NRCS Kellogg Soil Survey Laboratory - Lincoln - NE","C2014USAZ013",71.0,66.0,77.0,1.0,"Regular",1.7472,
