uid,domainID,siteID,pitNamedLocation,pitID,horizonID,biogeoID,horizonName,biogeoHorizonProportion,biogeoSampleType,setDate,collectDate,coarseFrag2To5,coarseFrag5To20,sandTotal,siltTotal,clayTotal,carbonateClay,clayFineContent,siltFineContent,siltCoarseContent,sandVeryFineContent,sandFineContent,sandMediumContent,sandCoarseContent,sandVeryCoarseContent,carbonTot,nitrogenTot,sulfurTot,estimatedOC,airDryOvenDry,alMjelm,caMjelm,feMjelm,kMjelm,mgMjelm,mnMjelm,naMjelm,pMjelm,siMjelm,srMjelm,tiMjelm,zrMjelm,phCacl2,phH2o,ec12pre,gypsumConc,caco3Conc,caNh4d,kNh4d,mgNh4d,naNh4d,cecdNh4,alSatCecd33,baseSumCecd10,bsesatCecd10,ececCecd33,alKcl,feKcl,mnKcl,bSatx,brSatx,caSatx,clSatx,co3Satx,ecSatp,flSatx,waterSatx,hco3Sx,kSatx,mgSatx,naSatx,no2Satx,no3Satx,pSatx,phSp,resist,so4Satx,laboratoryName,labProjID,biogeoTopDepth,biogeoBottomDepth,biogeoCenterDepth,remarks
"e59d7934-0c83-4ca4-9f6b-3da5e2659b23","D14","SRER","MEGAPT100995","D14_SRER_PIT1","D14_SRER_PIT1_BK1","D14_SRER_PIT1_BIOGEMCHEM_41-79_BK1","Bk1",1.0,"Regular","2013-11-04","2013-11-04",122,127,69.2,20.3,10.5,5.6,,8.9,11.4,11.4,19.2,13.0,12.8,12.8,31.9,0.70,0.10,4.0,1.007,47510,103183,15258,20055,10396,494,11824,385,238875,207,2034,26,7.8,8.6,0.16,,230,52.4,0.2,1.1,0.0,5.9,,53.7,100,,,,,,,,,,,,,,,,,,,,,,,"USDA NRCS Kellogg Soil Survey Laboratory - Lincoln - NE","C2014USAZ013",41.0,79.0,60.0,
"231832f9-2d20-4d6a-8f4a-284a671c6bf5","D14","SRER","MEGAPT100995","D14_SRER_PIT1","D14_SRER_PIT1_2BK","D14_SRER_PIT1_BIOGEMCHEM_132-203_2BK","2Bk",1.0,"Regular","2013-11-04","2013-11-04",152,108,59.2,27.3,13.5,4.6,,12.8,14.5,11.5,12.5,11.2,12.6,11.4,18.3,0.40,0.20,0.0,1.010,53115,63345,18279,24572,7951,591,11652,242,258603,189,2375,33,7.9,8.4,0.31,,150,52.8,0.3,3.4,0.0,7.8,,56.5,100,,,,,,0.0,4.6,4.2,0.0,1.03,0.0,30.90,1.9,0.0,2.4,2.4,0.1,0.1,0.0,7.6,,3.8,"USDA NRCS Kellogg Soil Survey Laboratory - Lincoln - NE","C2014USAZ013",132.0,203.0,167.5,
"b66e3b3f-521a-49db-b88f-7a10444a73bb","D14","SRER","MEGAPT100995","D14_SRER_PIT1","D14_SRER_PIT1_A","D14_SRER_PIT1_BIOGEMCHEM_0-5_A","A",1.0,"Regular","2013-11-04","2013-11-04",43,13,73.7,22.5,3.8,0.0,,8.1,14.4,13.0,18.3,17.9,17.7,6.8,17.2,0.70,0.10,3.0,1.007,52976,56894,15272,22433,9163,516,13432,309,264008,198,2197,31,7.8,8.5,0.15,,120,45.9,0.4,1.0,0.0,7.2,,47.3,100,,,,,,,,,,,,,,,,,,,,,,,"USDA NRCS Kellogg Soil Survey Laboratory - Lincoln - NE","C2014USAZ013",0.0,5.0,2.5,"Top horizon of the pit was disturbed. The sample was taken 10m from the pit and a location chosen by NRCS."
"ec75a5da-5d2c-47b9-8f8e-53e80892686b","D14","SRER","MEGAPT100995","D14_SRER_PIT1","D14_SRER_PIT1_BK2","D14_SRER_PIT1_BIOGEMCHEM_79-132_BK2","Bk2",1.0,"Regular","2013-11-04","2013-11-04",137,238,77.5,15.8,6.7,3.3,,6.8,9.0,10.5,18.7,20.4,14.0,13.9,31.3,0.80,0.10,1.0,1.006,44571,99873,12661,19929,9256,402,11453,359,229073,205,1740,21,7.8,8.5,0.13,,250,50.4,0.2,1.3,0.0,4.4,,51.9,100,,,,,,,,,,,,,,,,,,,,,,,"USDA NRCS Kellogg Soil Survey Laboratory - Lincoln - NE","C2014USAZ013",79.0,132.0,105.5,"Very Rocky Horizon"
"eb8cea76-912f-4475-9254-2501df8d0017","D14","SRER","MEGAPT100995","D14_SRER_PIT1","D14_SRER_PIT1_BW","D14_SRER_PIT1_BIOGEMCHEM_5-41_BW","Bw",1.0,"Regular","2013-11-04","2013-11-04",77,61,63.7,24.8,11.5,3.3,,11.8,13.0,11.6,16.5,17.6,11.8,6.2,23.4,0.90,0.10,3.0,1.010,49650,71395,16347,21255,10283,614,11980,305,247538,191,2184,28,7.8,8.6,0.18,,170,52.1,0.3,1.5,0.0,8.7,,53.9,100,,,,,,,,,,,,,,,,,,,,,,,"USDA NRCS Kellogg Soil Survey Laboratory - Lincoln - NE","C2014USAZ013",5.0,41.0,23.0,
