uid,domainID,siteID,pitNamedLocation,pitID,horizonID,horizonName,setDate,collectDate,archiveID,archiveLaboratoryName,archiveTopDepth,archiveBottomDepth,remarks,sampleMass
"f3b27e57-1310-41b0-b21a-a3d46c8298d6","D14","SRER","MEGAPT100995","D14_SRER_PIT1","D14_SRER_PIT1_A","A","2013-11-04","2013-11-04","D14_SRER_PIT1_ARCHIVE_0-5_A","NEON",0.0,5.0,"Top horizon of pit was a bit disturbed so the sample was taken 10m from the pit at a location that NRCS chose.",3600.6
"8712461c-599c-426c-8c74-1104a0170d9e","D14","SRER","MEGAPT100995","D14_SRER_PIT1","D14_SRER_PIT1_BK1","Bk1","2013-11-04","2013-11-04","D14_SRER_PIT1_ARCHIVE_41-79_BK1","NEON",41.0,79.0,,3600.5
"b4e0c346-7200-4508-b52b-6b8c047ed23c","D14","SRER","MEGAPT100995","D14_SRER_PIT1","D14_SRER_PIT1_BK2","Bk2","2013-11-04","2013-11-04","D14_SRER_PIT1_ARCHIVE_79-132-BK2","NEON",79.0,132.0,,3600.4
"4a7683ca-b672-4582-8738-6c66f2f0319f","D14","SRER","MEGAPT100995","D14_SRER_PIT1","D14_SRER_PIT1_BW","Bw","2013-11-04","2013-11-04","D14_SRER_PIT1_ARCHIVE_5-41-BW","NEON",5.0,41.0,,3600.4
"02fc059a-d471-40dd-a6bf-4904f35273d3","D14","SRER","MEGAPT100995","D14_SRER_PIT1","D14_SRER_PIT1_2BK","2Bk","2013-11-04","2013-11-04","D14_SRER_PIT1_ARCHIVE_132-203_2BK","NEON",132.0,203.0,,3600.2
