uid,domainID,siteID,pitNamedLocation,pitID,horizonID,horizonName,setDate,collectDate,horizonTopDepth,horizonBottomDepth,nrcsDescriptionID,remarks
"83d4fb96-22e0-4f81-af1e-d830f5e356fc","D14","SRER","MEGAPT100995","D14_SRER_PIT1","D14_SRER_PIT1_BK1","Bk1","2013-11-04","2013-11-04",41.0,79.0,"S2014AZ019001",
"f301c883-24a3-4084-9ddf-d6729a05cfbb","D14","SRER","MEGAPT100995","D14_SRER_PIT1","D14_SRER_PIT1_BW","Bw","2013-11-04","2013-11-04",5.0,41.0,"S2014AZ019001",
"f13f103e-fc9d-4516-97cd-951c69efe999","D14","SRER","MEGAPT100995","D14_SRER_PIT1","D14_SRER_PIT1_BK2","Bk2","2013-11-04","2013-11-04",79.0,132.0,"S2014AZ019001","very rocky horizon; variably deposited across landscape"
"97c83797-160a-45b2-ab4c-769470845163","D14","SRER","MEGAPT100995","D14_SRER_PIT1","D14_SRER_PIT1_A","A","2013-11-04","2013-11-04",0.0,5.0,"S2014AZ019001",
"67c3ccc5-8507-44fe-91fb-52be466027c4","D14","SRER","MEGAPT100995","D14_SRER_PIT1","D14_SRER_PIT1_2BK","2Bk","2013-11-04","2013-11-04",132.0,203.0,"S2014AZ019001",
