uid,domainID,siteID,pitNamedLocation,pitID,horizonID,horizonName,setDate,collectDate,archiveID,archiveLaboratoryName,archiveTopDepth,archiveBottomDepth,remarks,sampleMass
"74bce3c0-2b69-4ffd-9a89-4553c81c5ae3","D12","YELL","MEGAPT101003","12_YELL_PIT1","12_YELL_PIT1_BTK2","Btk2","2018-07-11","2018-07-11","12_YELL_PIT1_ARCHIVE_98-126_BTK2","NEON",98.0,126.0,,3599.6
"3012c764-6459-406c-ad18-9b6d78f65a10","D12","YELL","MEGAPT101003","12_YELL_PIT1","12_YELL_PIT1_A","A","2018-07-11","2018-07-11","12_YELL_PIT1_ARCHIVE_0-4_A","NEON",0.0,4.0,,3623.3
"4079d21b-c823-4144-b7dd-fb09de9a0189","D12","YELL","MEGAPT101003","12_YELL_PIT1","12_YELL_PIT1_BT1","Bt1","2018-07-11","2018-07-11","12_YELL_PIT1_ARCHIVE_4-29_BT1","NEON",4.0,29.0,,3599.1
"8480ae28-9bbd-4e6d-9be6-64d5bd9953fb","D12","YELL","MEGAPT101003","12_YELL_PIT1","12_YELL_PIT1_BTK3","Btk3","2018-07-11","2018-07-11","12_YELL_PIT1_ARCHIVE_126-161_BTK3","NEON",126.0,161.0,,3598.4
"d495a1c7-1cee-4552-9817-7388886ed612","D12","YELL","MEGAPT101003","12_YELL_PIT1","12_YELL_PIT1_BT2","Bt2","2018-07-11","2018-07-11","12_YELL_PIT1_ARCHIVE_45-67_BT2","NEON",45.0,67.0,,3600.9
"835d1611-004e-4e25-9bfc-ad380f6ccb73","D12","YELL","MEGAPT101003","12_YELL_PIT1","12_YELL_PIT1_BTK1","Btk1","2018-07-11","2018-07-11","12_YELL_PIT1_ARCHIVE_67-98_BTK1","NEON",67.0,98.0,,3598.8
"8517e2f8-d87d-4cc8-8860-99e4a1e6f16d","D12","YELL","MEGAPT101003","12_YELL_PIT1","12_YELL_PIT1_BTK4","Btk4","2018-07-11","2018-07-11","12_YELL_PIT1_ARCHIVE_161-200_BTK4","NEON",161.0,200.0,,3607.5
"48106270-82c5-4c46-9e7d-f5bb5117bc13","D12","YELL","MEGAPT101003","12_YELL_PIT1","12_YELL_PIT1_BW","Bw","2018-07-11","2018-07-11","12_YELL_PIT1_ARCHIVE_29-45_BW","NEON",29.0,45.0,,3600.7
