uid,domainID,siteID,pitNamedLocation,pitID,horizonID,bulkDensID,horizonName,setDate,collectDate,laboratoryName,labProjID,bulkDensCenterDepth,bulkDensTopDepth,bulkDensBottomDepth,bulkDensHorizonProportion,bulkDensSampleType,bulkDensExclCoarseFrag,remarks
"8d72e962-75c4-4817-8b49-40377a2b2a3b","D12","YELL","MEGAPT101003","12_YELL_PIT1","12_YELL_PIT1_BTK3","12_YELL_PIT1_BULKD_129-134_BTK3","Btk3","2018-07-11","2018-07-11","USDA NRCS Kellogg Soil Survey Laboratory - Lincoln - NE","S2018WY029100",131.5,129.0,134.0,1.0,"Regular",1.3008,
"a01d6107-42ee-4963-bfa7-288ef5d0dbb2","D12","YELL","MEGAPT101003","12_YELL_PIT1","12_YELL_PIT1_BTK1","12_YELL_PIT1_BULKD_84-89_BTK1","Btk1","2018-07-11","2018-07-11","USDA NRCS Kellogg Soil Survey Laboratory - Lincoln - NE","S2018WY029100",86.5,84.0,89.0,1.0,"Regular",0.9361,
"432be765-1e1e-4cb5-9a78-2350568c9747","D12","YELL","MEGAPT101003","12_YELL_PIT1","12_YELL_PIT1_BTK2","12_YELL_PIT1_BULKD_106-111_BTK2","Btk2","2018-07-11","2018-07-11","USDA NRCS Kellogg Soil Survey Laboratory - Lincoln - NE","S2018WY029100",108.5,106.0,111.0,1.0,"Regular",1.3377,
"9211e010-9123-49a3-85b6-cda35e9a649e","D12","YELL","MEGAPT101003","12_YELL_PIT1","12_YELL_PIT1_BTK4","12_YELL_PIT1_BULKD_166-171_BTK4","Btk4","2018-07-11","2018-07-11","USDA NRCS Kellogg Soil Survey Laboratory - Lincoln - NE","S2018WY029100",168.5,166.0,171.0,1.0,"Regular",1.2438,
"8591b361-fdbb-4e79-9e74-4e65ce440bd0","D12","YELL","MEGAPT101003","12_YELL_PIT1","12_YELL_PIT1_BT2","12_YELL_PIT1_BULKD_48-53_BT2","Bt2","2018-07-11","2018-07-11","USDA NRCS Kellogg Soil Survey Laboratory - Lincoln - NE","S2018WY029100",50.5,48.0,53.0,1.0,"Regular",1.1006,
"2ceaaa55-201c-4b0d-8d4a-fc5330a6b421","D12","YELL","MEGAPT101003","12_YELL_PIT1","12_YELL_PIT1_A","12_YELL_PIT1_BULKD_0-4_A","A","2018-07-11","2018-07-11","USDA NRCS Kellogg Soil Survey Laboratory - Lincoln - NE","S2018WY029100",2.0,0.0,4.0,1.0,"Regular",0.3117,
"a02334e4-4481-43ae-9994-7e1c455ab710","D12","YELL","MEGAPT101003","12_YELL_PIT1","12_YELL_PIT1_BT1","12_YELL_PIT1_BULKD_14-19_BT1","Bt1","2018-07-11","2018-07-11","USDA NRCS Kellogg Soil Survey Laboratory - Lincoln - NE","S2018WY029100",16.5,14.0,19.0,1.0,"Regular",0.9581,
"7c859fb4-55b6-405d-86bc-db853f8b747b","D12","YELL","MEGAPT101003","12_YELL_PIT1","12_YELL_PIT1_BW","12_YELL_PIT1_BULKD_35-40_BW","Bw","2018-07-11","2018-07-11","USDA NRCS Kellogg Soil Survey Laboratory - Lincoln - NE","S2018WY029100",37.5,35.0,40.0,1.0,"Regular",0.9868,
