uid,domainID,siteID,pitNamedLocation,pitID,horizonID,horizonName,setDate,collectDate,horizonTopDepth,horizonBottomDepth,nrcsDescriptionID,remarks
"c8ffc358-7054-4401-bdec-f97fcd00712f","D12","YELL","MEGAPT101003","12_YELL_PIT1","12_YELL_PIT1_BW","Bw","2018-07-11","2018-07-11",29.0,45.0,"S2018WY029001",
"2662d1a7-605a-415b-aece-3cc5c4a8c66e","D12","YELL","MEGAPT101003","12_YELL_PIT1","12_YELL_PIT1_A","A","2018-07-11","2018-07-11",0.0,4.0,"S2018WY029001",
"ca43c648-5874-4822-96c3-9081b741a045","D12","YELL","MEGAPT101003","12_YELL_PIT1","12_YELL_PIT1_BT1","Bt1","2018-07-11","2018-07-11",4.0,29.0,"S2018WY029001",
"3b202e50-e0b5-4ca3-9f92-4ba794d28cdd","D12","YELL","MEGAPT101003","12_YELL_PIT1","12_YELL_PIT1_BTK2","Btk2","2018-07-11","2018-07-11",98.0,126.0,"S2018WY029001",
"91e2228a-d01e-4341-9ca6-d9559d065b6a","D12","YELL","MEGAPT101003","12_YELL_PIT1","12_YELL_PIT1_BTK3","Btk3","2018-07-11","2018-07-11",126.0,161.0,"S2018WY029001",
"29a61f9e-850e-4452-9f04-08f826db6dc8","D12","YELL","MEGAPT101003","12_YELL_PIT1","12_YELL_PIT1_BTK4","Btk4","2018-07-11","2018-07-11",161.0,200.0,"S2018WY029001",
"69f42ab8-c6ba-42bc-8182-9c6e268c0fa4","D12","YELL","MEGAPT101003","12_YELL_PIT1","12_YELL_PIT1_BTK1","Btk1","2018-07-11","2018-07-11",67.0,98.0,"S2018WY029001",
"2aeb4583-6544-403a-90d2-a061e66e15bc","D12","YELL","MEGAPT101003","12_YELL_PIT1","12_YELL_PIT1_BT2","Bt2","2018-07-11","2018-07-11",45.0,67.0,"S2018WY029001",
