uid,namedLocation,domainID,siteID,plotID,plotType,nlcdClass,geodeticDatum,decimalLatitude,decimalLongitude,coordinateUncertainty,elevation,elevationUncertainty,samplingProtocolVersion,collectDate,aopCollectDate,samplingImpractical,subplotID,sampleType,samplingMethod,sampleID,sampleCode,sampleCondition,chlorophyllSampleID,chlorophyllSampleCode,chlorophyllSamplePrepMethod,chlorophyllSampleCondition,clipCellNumber,clipID,clipLength,clipWidth,percentCoverClip,toxicodendronPossible,vstTag,tagID,individualID,taxonID,scientificName,plantStatus,canopyStatus,canopyPosition,leafSamplePosition,subsample1Height,subsample2Height,subsample3Height,crownPolygonID,crownPolygonConfidence,shapefileID,collectedBy,recordedBy,remarks,dataQF
"eac60e6d-bcf8-4d6e-9ef2-44b225da5397","SOAP_006.basePlot.cfc","D17","SOAP","SOAP_006","distributed","evergreenForest","WGS84",37.025056,-119.281566,20.0,1302.2,0.02,"NEON.DOC.001024vE","2018-06-20T16:53Z","2018-06-11",,"31_400","Herbaceous clip strip","clippers","P3kunhL9imA70jl1EnlumGtc9NYHsP9H/v+3jSqJQv0=",,,"P3kunhL9imA70jl1EnlumGtc9NYHsP9HZVzfbVobtIc=","B00000009606",,,94,"SOAP_006_094",2.0,0.1,40,,,,,,,,,,,,,,,,,"akantola@battelleecology.org","fjames@battelleecology.org",,
"a5e1e7ad-9ae5-40d3-bf65-45cff49aae65","SOAP_002.basePlot.cfc","D17","SOAP","SOAP_002","distributed","evergreenForest","WGS84",37.030703,-119.281763,20.3,1294.6,0.46,"NEON.DOC.001024vE","2018-06-20T19:09Z","2018-06-11",,"31_400","Herbaceous clip strip","clippers","P3kunhL9imALecDVNNols+Hs2m+9sYqcfzHqq4HPjdY=",,,"P3kunhL9imALecDVNNols+Hs2m+9sYqc48+cRkPbnpM=","B00000009596",,,172,"SOAP_002_172",2.0,0.1,25,,,,,,,,,,,,,,,,,"akantola@battelleecology.org","fjames@battelleecology.org",,
"4ae5ee5f-e952-4c02-b1e2-735e6d5e7080","SOAP_002.basePlot.cfc","D17","SOAP","SOAP_002","distributed","evergreenForest","WGS84",37.030703,-119.281763,20.3,1294.6,0.46,"NEON.DOC.001024vE","2018-06-20T19:11Z","2018-06-11",,"31_400","Woody individual","pole pruner","P3kunhL9imDcMwJNR7pXD9JwOM1O9//SsQlYaD0gEUo=",,,"P3kunhL9imDcMwJNR7pXD9JwOM1O9//SmlExSHqlbchcvUJdiJI9Ig==","B00000009594",,,,,,,,,"Y","08300","NEON.PLA.D17.SOAP.08300","CADE27","Calocedrus decurrens (Torr.) Florin","OK",,,,6.7,,,,,,"akantola@battelleecology.org","fjames@battelleecology.org",,
"28a1ab0e-e321-4743-ad21-42a27570d450","SOAP_002.basePlot.cfc","D17","SOAP","SOAP_002","distributed","evergreenForest","WGS84",37.030703,-119.281763,20.3,1294.6,0.46,"NEON.DOC.001024vE","2018-06-20T19:43Z","2018-06-11",,,"Woody individual","pole pruner","P3kunhL9imDcMwJNR7pXD44rHggdR4ZwJ5ywFytmgoo=",,,"P3kunhL9imDcMwJNR7pXD44rHggdR4ZwIpd0OKTcRVfblmZht9tj9Q==","B00000009595",,,,,,,,,"Y","08295","NEON.PLA.D17.SOAP.08295","CADE27","Calocedrus decurrens (Torr.) Florin","Physically damaged",,,,3.8,,,,,,"akantola@battelleecology.org","fjames@battelleecology.org",,
"addf665f-df13-4782-b142-85f20eb81208","SOAP_002.basePlot.cfc","D17","SOAP","SOAP_002","distributed","evergreenForest","WGS84",37.030703,-119.281763,20.3,1294.6,0.46,"NEON.DOC.001024vE","2018-06-20T20:12Z","2018-06-11",,,"Woody individual","pole pruner","P3kunhL9imDcMwJNR7pXD7J+nm5NB1mbR1eqYhuIsw4=",,,"P3kunhL9imDcMwJNR7pXD7J+nm5NB1mbFrXeDk06gdTnQqY7/J8A2Q==","B00000009607",,,,,,,,,"Y","08299","NEON.PLA.D17.SOAP.08299","CADE27","Calocedrus decurrens (Torr.) Florin","OK",,,,3.8,,,,,,"akantola@battelleecology.org","fjames@battelleecology.org",,
"969c1c23-a3e4-447d-8757-e4619d413721","SOAP_043.basePlot.cfc","D17","SOAP","SOAP_043","tower","evergreenForest","WGS84",37.034451,-119.268722,20.1,1247.6,0.10,"NEON.DOC.001024vE","2018-06-21T17:03Z","2018-06-11",,"21_400","Woody individual","pole pruner","P3kunhL9imC/RYNA3UJyYlPBcXM1xPkGKY1xn2PR70k=",,,"P3kunhL9imC/RYNA3UJyYlPBcXM1xPkGT91054+qJczoR+GaRrMBYw==","B00000009608",,,,,,,,,"N","08296Z","NEON.PLA.D17.SOAP.08296Z","ARVIM","Arctostaphylos viscida Parry ssp. mariposa (Dudley) P.V. Wells","OK",,,,2.6,,,,,,"akantola@battelleecology.org","fjames@battelleecology.org",,
"1b02227f-3a7c-49fd-a463-db42c5566ff3","SOAP_043.basePlot.cfc","D17","SOAP","SOAP_043","tower","evergreenForest","WGS84",37.034451,-119.268722,20.1,1247.6,0.10,"NEON.DOC.001024vE","2018-06-21T18:09Z","2018-06-11",,,"Woody individual","pole pruner","P3kunhL9imBB73h8GPDce99AgyJlAtNfqHVdSCX5p30=",,,"P3kunhL9imBB73h8GPDce99AgyJlAtNf6cKeNmKKJio=","B00000009719",,,,,,,,,"Y","02609","NEON.PLA.D17.SOAP.02609","PIPO","Pinus ponderosa Lawson & C. Lawson","OK",,,,5.1,,,,,,"akantola@battelleecology.org","fjames@battelleecology.org",,
"6232b3d4-debd-48d4-ae77-a1a9a16b9b6d","SOAP_043.basePlot.cfc","D17","SOAP","SOAP_043","tower","evergreenForest","WGS84",37.034451,-119.268722,20.1,1247.6,0.10,"NEON.DOC.001024vE","2018-06-21T18:12Z","2018-06-11",,,"Woody individual","pole pruner","P3kunhL9imB2ogM7Qwr3ufoX6jRrAN5TgIvwZqZpnE4=",,,"P3kunhL9imB2ogM7Qwr3ufoX6jRrAN5TgW0sqaG05O8=","B00000009718",,,,,,,,,"Y","02710B","NEON.PLA.D17.SOAP.02710B","QUKE","Quercus kelloggii Newberry","OK",,,,2.4,3.0,,,,,"akantola@battelleecology.org","fjames@battelleecology.org",,
"4b9ffa22-b851-407f-94c2-e68c4ca39254","SOAP_044.basePlot.cfc","D17","SOAP","SOAP_044","tower","evergreenForest","WGS84",37.031452,-119.269313,20.1,1242.0,0.12,"NEON.DOC.001024vE","2018-06-21T19:36Z","2018-06-11",,,"Woody individual","pole pruner","P3kunhL9imCoWAM/ZrwpAiYpU+Sgsb4xV8aD5hvbcP4=",,,"P3kunhL9imCoWAM/ZrwpAiYpU+Sgsb4xDZfeEcg13YyFh0IOSpGEmQ==","B00000009717",,,,,,,,,"N","08298","NEON.PLA.D17.SOAP.08298","ARVIM","Arctostaphylos viscida Parry ssp. mariposa (Dudley) P.V. Wells","OK",,,,1.3,,,,,,"akantola@battelleecology.org","fjames@battelleecology.org",,
"35cc2134-32c8-4f67-8234-9ecf3a412c20","SOAP_044.basePlot.cfc","D17","SOAP","SOAP_044","tower","evergreenForest","WGS84",37.031452,-119.269313,20.1,1242.0,0.12,"NEON.DOC.001024vE","2018-06-21T19:39Z","2018-06-11",,,"Woody individual","pole pruner","P3kunhL9imCL7IL5J5RpwgmZI8nm9yVd2cYIWO0NCWA=",,,"P3kunhL9imCL7IL5J5RpwgmZI8nm9yVd/dWfU0N/J1c=","B00000009716",,,,,,,,,"Y","02811","NEON.PLA.D17.SOAP.02811","QUKE","Quercus kelloggii Newberry","OK",,,,2.4,,,,,,"akantola@battelleecology.org","fjames@battelleecology.org",,
"0b2ef46b-3a3a-49b7-b3a3-e5a94fc17832","SOAP_044.basePlot.cfc","D17","SOAP","SOAP_044","tower","evergreenForest","WGS84",37.031452,-119.269313,20.1,1242.0,0.12,"NEON.DOC.001024vE","2018-06-21T19:45Z","2018-06-11",,,"Woody individual","clippers","P3kunhL9imAfVlcYyDBLENnYurhA6sSyzQiyctCa6Fc=",,,"P3kunhL9imAfVlcYyDBLENnYurhA6sSyRqKLqAdQi4uoBdFTsQsswA==","B00000009720",,,,,,,,,"Y","00302","NEON.PLA.D17.SOAP.00302","QUCH2","Quercus chrysolepis Liebm.","OK",,,,3.1,,,,,,"akantola@battelleecology.org","fjames@battelleecology.org",,
"4d839d42-1edd-482f-a46c-8b2210361a9a","SOAP_008.basePlot.cfc","D17","SOAP","SOAP_008","distributed","evergreenForest","WGS84",37.029200,-119.276287,20.1,1305.2,0.10,"NEON.DOC.001024vE","2018-06-26T17:13Z","2018-06-11",,"31_400","Herbaceous clip strip","clippers","P3kunhL9imD8wsAmAZLigSK2UAzTfCFhnwFBpM46v4M=",,,"P3kunhL9imD8wsAmAZLigSK2UAzTfCFhpzrcrIcfRoY=","B00000009626",,,79,"SOAP_008_079",2.0,0.1,7,,,,,,,,,,,,,,,,,"akantola@battelleecology.org","chinton@battelleecology.org",,
"e4809579-1755-48cc-a2a8-f1b3c4132a46","SOAP_007.basePlot.cfc","D17","SOAP","SOAP_007","distributed","evergreenForest","WGS84",37.028597,-119.249997,20.1,1194.3,0.10,"NEON.DOC.001024vE","2018-06-26T18:40Z","2018-06-11",,"31_400","Herbaceous clip strip","clippers","P3kunhL9imDHdca1Uo9t31rlfqCqQI6Uq4pYIko2Yug=",,,"P3kunhL9imDHdca1Uo9t31rlfqCqQI6UsGpWkeOeAO4=","B00000009624",,,137,"SOAP_007_137",2.0,0.1,100,,,,,,,,,,,,,,,,,"akantola@battelleecology.org","chinton@battelleecology.org",,
"e2e0ae34-acca-4b10-8a2c-86a313421e14","SOAP_045.basePlot.cfc","D17","SOAP","SOAP_045","tower","evergreenForest","WGS84",37.033029,-119.257548,20.2,1163.8,0.21,"NEON.DOC.001024vE","2018-06-26T20:04Z","2018-06-11",,"21_400","Woody individual","pole pruner","P3kunhL9imD3XS6HMNxU6CGHnkK3IlDh6pQ0l0inFJg=",,,"P3kunhL9imD3XS6HMNxU6CGHnkK3IlDho1O7yXtCBAA1awUwe9tFLQ==","B00000009625",,,,,,,,,"Y","03891","NEON.PLA.D17.SOAP.03891","ARVIM","Arctostaphylos viscida Parry ssp. mariposa (Dudley) P.V. Wells","OK",,,,0.9,,,,,,"akantola@battelleecology.org","chinton@battelleecology.org",,
"98dba8cf-1ee3-4715-8242-c193c007b7a2","SOAP_045.basePlot.cfc","D17","SOAP","SOAP_045","tower","evergreenForest","WGS84",37.033029,-119.257548,20.2,1163.8,0.21,"NEON.DOC.001024vE","2018-06-26T20:07Z","2018-06-11",,,"Woody individual","pole pruner","P3kunhL9imCLhHZCGaVU5i/FWdw+dN9aiY/xyorbUUQ=",,,"P3kunhL9imCLhHZCGaVU5i/FWdw+dN9a98oPLX+43FtToHIM6V5M1w==","B00000009627",,,,,,,,,"Y","03901","NEON.PLA.D17.SOAP.03901","CEMOG","Cercocarpus montanus Raf. var. glaber (S. Watson) F.L. Martin","OK",,,,1.5,,,,,,"akantola@battelleecology.org","chinton@battelleecology.org",,
"bb98df98-400c-4a01-a121-f26d707c3f6a","SOAP_045.basePlot.cfc","D17","SOAP","SOAP_045","tower","evergreenForest","WGS84",37.033029,-119.257548,20.2,1163.8,0.21,"NEON.DOC.001024vE","2018-06-26T20:11Z","2018-06-11",,,"Woody individual","pole pruner","P3kunhL9imDuWescO8pkuXaAyVGREIwyp8voGRAb5N4=",,,"P3kunhL9imDuWescO8pkuXaAyVGREIwyqMTFufEwMTg=","B00000009628",,,,,,,,,"Y","03860","NEON.PLA.D17.SOAP.03860","QUKE","Quercus kelloggii Newberry","OK",,,,2.5,,,,,,"akantola@battelleecology.org","chinton@battelleecology.org",,
"86d48adb-3f79-4638-ad03-27b0adc54950","SOAP_045.basePlot.cfc","D17","SOAP","SOAP_045","tower","evergreenForest","WGS84",37.033029,-119.257548,20.2,1163.8,0.21,"NEON.DOC.001024vE","2018-06-26T20:15Z","2018-06-11",,,"Woody individual","pole pruner","P3kunhL9imBoGOImDD3OMe8+Vq8OHhbGRXivA95BtUY=",,,"P3kunhL9imBoGOImDD3OMe8+Vq8OHhbG2L8t4EcK5M9Mc9iy6X9DJw==","B00000009629",,,,,,,,,"Y","03857","NEON.PLA.D17.SOAP.03857","CADE27","Calocedrus decurrens (Torr.) Florin","OK",,,,3.6,,,,,,"akantola@battelleecology.org","chinton@battelleecology.org",,
"b8917840-13d9-42a9-8163-c128c3a7531c","SOAP_005.basePlot.cfc","D17","SOAP","SOAP_005","distributed","evergreenForest","WGS84",37.032124,-119.263245,20.1,1207.6,0.11,"NEON.DOC.001024vE","2018-06-27T17:06Z","2018-06-11",,,"Woody individual","pole pruner","P3kunhL9imC869xF41scI37CS5B252Zj50BroFy/QK4=",,,"P3kunhL9imC869xF41scI37CS5B252Zja7bzEsa9br8yGkqxY4K1Uw==","B00000009605",,,,,,,,,"Y","08294","NEON.PLA.D17.SOAP.08294","CADE27","Calocedrus decurrens (Torr.) Florin","OK",,,,4.9,,,,,,"akantola@battelleecology.org","chinton@battelleecology.org",,
"49415d95-0e27-4cd5-99d0-c1d36e37ad48","SOAP_005.basePlot.cfc","D17","SOAP","SOAP_005","distributed","evergreenForest","WGS84",37.032124,-119.263245,20.1,1207.6,0.11,"NEON.DOC.001024vE","2018-06-27T17:08Z","2018-06-11",,,"Woody individual","pole pruner","P3kunhL9imAVUyj+jGZAamAc+NSicMATCYdCzNQFW+Q=",,,"P3kunhL9imAVUyj+jGZAamAc+NSicMATIGE2rAi7+Y4=","B00000009603",,,,,,,,,"Y","08293","NEON.PLA.D17.SOAP.08293","QUKE","Quercus kelloggii Newberry","OK",,,,6.0,,,,,,"akantola@battelleecology.org","chinton@battelleecology.org",,
"669824ab-ff14-407f-bdc7-e98c7b3c7842","SOAP_005.basePlot.cfc","D17","SOAP","SOAP_005","distributed","evergreenForest","WGS84",37.032124,-119.263245,20.1,1207.6,0.11,"NEON.DOC.001024vE","2018-06-27T17:16Z","2018-06-11",,,"Woody individual","pole pruner","P3kunhL9imAuveiugLwoB+sE6loJoNaPcZ8rTSJG2LU=",,,"P3kunhL9imAuveiugLwoB+sE6loJoNaPgIXrGfvuhKtTYjOqFin/+g==","B00000009604",,,,,,,,,"Y","08292","NEON.PLA.D17.SOAP.08292","QUCH2","Quercus chrysolepis Liebm.","OK",,,,4.5,,,,,,"akantola@battelleecology.org","chinton@battelleecology.org",,
"b1d5045a-3308-4163-93f2-17cce660950d","SOAP_003.basePlot.cfc","D17","SOAP","SOAP_003","distributed","evergreenForest","WGS84",37.033983,-119.250835,20.1,1127.4,0.10,"NEON.DOC.001024vE","2018-06-27T18:44Z","2018-06-11",,"31_400","Herbaceous clip strip","clippers","P3kunhL9imDjQiMbDFF1+6iHWu+5aan+mKxYLzHg6oM=",,,"P3kunhL9imDjQiMbDFF1+6iHWu+5aan+7TGbJxpfLXo=","B00000009734",,,204,"SOAP_003_204",2.0,0.1,100,,,,,,,,,,,,,,,,,"akantola@battelleecology.org","chinton@battelleecology.org",,
"09b2ba68-f01b-4425-a311-901d1e1e4a74","SOAP_031.basePlot.cfc","D17","SOAP","SOAP_031","tower","evergreenForest","WGS84",37.035342,-119.252227,20.2,1108.8,0.24,"NEON.DOC.001024vE","2018-06-27T19:41Z","2018-06-11",,,"Woody individual","pole pruner","P3kunhL9imA6EGMWPAbDtXxl9hQrnuRP7SgnPayoiRQ=",,,"P3kunhL9imA6EGMWPAbDtXxl9hQrnuRPrTolgIJdGtjemUbh2KL9Xg==","B00000009621",,,,,,,,,"Y","03494","NEON.PLA.D17.SOAP.03494","CADE27","Calocedrus decurrens (Torr.) Florin","OK",,,,4.5,4.5,,,,,"akantola@battelleecology.org","chinton@battelleecology.org",,
"8cf66ac0-0381-437e-b406-e02fc2494011","SOAP_031.basePlot.cfc","D17","SOAP","SOAP_031","tower","evergreenForest","WGS84",37.035342,-119.252227,20.2,1108.8,0.24,"NEON.DOC.001024vE","2018-06-27T20:00Z","2018-06-11",,"21_400","Woody individual","pole pruner","P3kunhL9imCcaNqq5lNo5Xf42nSK+coV/dkqC8pfpnA=",,,"P3kunhL9imCcaNqq5lNo5Xf42nSK+coV00UJMvhoRT1QPavTBv839A==","B00000009622",,,,,,,,,"Y","03497","NEON.PLA.D17.SOAP.03497","QUCH2","Quercus chrysolepis Liebm.","OK",,,,4.5,,,,,,"akantola@battelleecology.org","chinton@battelleecology.org",,
"c96c514f-fbcf-4f48-bc27-b0324ca942c1","SOAP_031.basePlot.cfc","D17","SOAP","SOAP_031","tower","evergreenForest","WGS84",37.035342,-119.252227,20.2,1108.8,0.24,"NEON.DOC.001024vE","2018-06-27T20:12Z","2018-06-11",,,"Woody individual","pole pruner","P3kunhL9imDJgYPbZUw0bVzgti8BJJchRt/ztvJS2NE=",,,"P3kunhL9imDJgYPbZUw0bVzgti8BJJchOnOmz/dWexA=","B00000009623",,,,,,,,,"Y","03512","NEON.PLA.D17.SOAP.03512","PIPO","Pinus ponderosa Lawson & C. Lawson","OK",,,,5.9,,,,,,"akantola@battelleecology.org","chinton@battelleecology.org",,
"913cd043-c0f8-4950-aecb-b8bf78207f3d","SOAP_031.basePlot.cfc","D17","SOAP","SOAP_031","tower","evergreenForest","WGS84",37.035342,-119.252227,20.2,1108.8,0.24,"NEON.DOC.001024vE","2018-06-27T20:39Z","2018-06-11",,"21_400","Herbaceous clip strip","clippers","P3kunhL9imAT9aqsQMxA+LxNgRwlUTROgh+IjKm67lI=",,,"P3kunhL9imAT9aqsQMxA+LxNgRwlUTROAtCdnliiPvE=","B00000009733",,,36,"SOAP_031_036",2.0,0.1,55,,,,,,,,,,,,,,,,,"akantola@battelleecology.org","chinton@battelleecology.org",,
"036469fb-e8b0-4a09-8eb1-b74a6a404f2c","SOAP_031.basePlot.cfc","D17","SOAP","SOAP_031","tower","evergreenForest","WGS84",37.035342,-119.252227,20.2,1108.8,0.24,"NEON.DOC.001024vE","2018-06-27T20:43Z","2018-06-11",,"39_400","Herbaceous clip strip","clippers","P3kunhL9imAT9aqsQMxA+GuMPRBHB+pfZzQZkvQf3LE=",,,"P3kunhL9imAT9aqsQMxA+GuMPRBHB+pfdwbgsqZPwX0=","B00000009620",,,588,"SOAP_031_588",2.0,0.1,100,,,,,,,,,,,,,,,,,"akantola@battelleecology.org","chinton@battelleecology.org",,
"f19c3329-516f-4e35-a9f5-d83215344f03","SOAP_001.basePlot.cfc","D17","SOAP","SOAP_001","distributed","evergreenForest","WGS84",37.037898,-119.273529,20.1,1232.5,0.14,"NEON.DOC.001024vE","2018-06-28T18:26Z","2018-06-11",,"31_400","Woody individual","pole pruner","P3kunhL9imAtCqDUp1aNJKy/gctCbpftGFWl76j+I3E=",,,"P3kunhL9imAtCqDUp1aNJKy/gctCbpftTeQJKBYs/ovf+ikFhCi84g==","B00000009593",,,,,,,,,"Y","08290","NEON.PLA.D17.SOAP.08290","CEIN3","Ceanothus integerrimus Hook. & Arn.","OK",,,,1.8,,,,,,"akantola@battelleecology.org","chinton@battelleecology.org",,
"c64996a6-f099-4671-aa84-c054d6c13a8f","SOAP_001.basePlot.cfc","D17","SOAP","SOAP_001","distributed","evergreenForest","WGS84",37.037898,-119.273529,20.1,1232.5,0.14,"NEON.DOC.001024vE","2018-06-28T18:27Z","2018-06-11",,"31_400","Woody individual","pole pruner","P3kunhL9imAtCqDUp1aNJKDALrRedjhrxLjepgp+t2M=",,,"P3kunhL9imAtCqDUp1aNJKDALrRedjhrS6Uu+Cq/i7oJO1ttropq9g==","B00000009592",,,,,,,,,"Y","08291","NEON.PLA.D17.SOAP.08291","CEIN3","Ceanothus integerrimus Hook. & Arn.","OK",,,,1.4,,,,,,"akantola@battelleecology.org","chinton@battelleecology.org",,
"d7416d06-30f4-4717-b707-ac08179527b5","SOAP_001.basePlot.cfc","D17","SOAP","SOAP_001","distributed","evergreenForest","WGS84",37.037898,-119.273529,20.1,1232.5,0.14,"NEON.DOC.001024vE","2018-06-28T18:29Z","2018-06-11",,"31_400","Woody individual","pole pruner","P3kunhL9imCIrq52CTp1qTbQw84JydRMQDXKavvDIBY=",,,"P3kunhL9imCIrq52CTp1qTbQw84JydRMIUkg6Oz0ia8xtWOxxn1GVw==","B00000009591",,,,,,,,,"Y","08297Z","NEON.PLA.D17.SOAP.08297Z","CEMOG","Cercocarpus montanus Raf. var. glaber (S. Watson) F.L. Martin","OK",,,,2.1,,,,,,"akantola@battelleecology.org","chinton@battelleecology.org",,
