uid,namedLocation,domainID,siteID,plotID,plotType,sampleID,sampleCode,cnSampleID,cnSampleCode,collectDate,analysisDate,co2Trapped,d15N,d13C,nitrogenPercent,carbonPercent,CNratio,cnIsotopeQF,cnPercentQF,isotopeAccuracyQF,percentAccuracyQF,analyticalRepNumber,remarks,laboratoryName,testMethod,instrument,analyzedBy,reviewedBy,dataQF
"a00eea45-467a-4585-be3e-7dc3e1c8fe25","SOAP_006.basePlot.cfc","D17","SOAP","SOAP_006","distributed","P3kunhL9imA70jl1EnlumGtc9NYHsP9H/v+3jSqJQv0=",,"P3kunhL9imA70jl1EnlumGtc9NYHsP9H7MrLvQM1WQI=","A00000027121","2018-06-20T16:53Z","2018-10-25","N",-2.8,-29.2,1.97,47.03,23.9,"OK","OK","OK","OK",1,,"University of Wyoming Stable Isotope Facility","010 EA-IRMS organic d15n, d13c, C% & N%","Carlo Erba 1110 Elemental Analyzer with Costech Zero Blank Autosampler plus Thermo Finnigan Delta Plus XP with Finnigan Conflo III Interface","rHBrhUbTwVSLtfc5tc9S18/eJGkjVJIj","L/6ZjMlRllRQ+sQbi+7sFw==","dryingProtocolError"
"70db088c-e2eb-40c4-8a4a-608488e31eb7","SOAP_002.basePlot.cfc","D17","SOAP","SOAP_002","distributed","P3kunhL9imALecDVNNols+Hs2m+9sYqcfzHqq4HPjdY=",,"P3kunhL9imALecDVNNols+Hs2m+9sYqcVmY0D1bvcLo=","A00000026299","2018-06-20T19:09Z","2018-10-26","N",0.3,-29.9,1.24,39.50,31.8,"OK","OK","OK","OK",1,,"University of Wyoming Stable Isotope Facility","010 EA-IRMS organic d15n, d13c, C% & N%","Carlo Erba 1110 Elemental Analyzer with Costech Zero Blank Autosampler plus Thermo Finnigan Delta Plus XP with Finnigan Conflo III Interface","rHBrhUbTwVSLtfc5tc9S18/eJGkjVJIj","L/6ZjMlRllRQ+sQbi+7sFw==","dryingProtocolError"
"0626b4aa-f8e9-425b-8574-bd99e6b87f1e","SOAP_002.basePlot.cfc","D17","SOAP","SOAP_002","distributed","P3kunhL9imALecDVNNols+Hs2m+9sYqcfzHqq4HPjdY=",,"P3kunhL9imALecDVNNols+Hs2m+9sYqcVmY0D1bvcLo=","A00000026299","2018-06-20T19:09Z","2018-10-26","N",0.1,-30.0,1.54,42.99,27.9,"OK","OK","OK","OK",2,,"University of Wyoming Stable Isotope Facility","010 EA-IRMS organic d15n, d13c, C% & N%","Carlo Erba 1110 Elemental Analyzer with Costech Zero Blank Autosampler plus Thermo Finnigan Delta Plus XP with Finnigan Conflo III Interface","rHBrhUbTwVSLtfc5tc9S18/eJGkjVJIj","L/6ZjMlRllRQ+sQbi+7sFw==","dryingProtocolError"
"e33c599c-cbaf-4208-8e82-7a43bf9de013","SOAP_002.basePlot.cfc","D17","SOAP","SOAP_002","distributed","P3kunhL9imDcMwJNR7pXD9JwOM1O9//SsQlYaD0gEUo=",,"P3kunhL9imDcMwJNR7pXD9JwOM1O9//SC/4PO9hk/OTjTk7uy6HaQQ==","A00000026286","2018-06-20T19:11Z","2018-10-26","N",-4.8,-27.2,1.22,47.49,39.0,"OK","OK","OK","OK",1,,"University of Wyoming Stable Isotope Facility","010 EA-IRMS organic d15n, d13c, C% & N%","Carlo Erba 1110 Elemental Analyzer with Costech Zero Blank Autosampler plus Thermo Finnigan Delta Plus XP with Finnigan Conflo III Interface","rHBrhUbTwVSLtfc5tc9S18/eJGkjVJIj","L/6ZjMlRllRQ+sQbi+7sFw==","dryingProtocolError"
"9d0db7c5-63eb-4860-8f2a-a51976b6fffa","SOAP_002.basePlot.cfc","D17","SOAP","SOAP_002","distributed","P3kunhL9imDcMwJNR7pXD44rHggdR4ZwJ5ywFytmgoo=",,"P3kunhL9imDcMwJNR7pXD44rHggdR4ZwaQnJ2yPR2Pj3dRhvwlYaxQ==","A00000026264","2018-06-20T19:43Z","2018-10-26","N",-4.1,-28.7,1.01,48.08,47.5,"OK","OK","OK","OK",1,,"University of Wyoming Stable Isotope Facility","010 EA-IRMS organic d15n, d13c, C% & N%","Carlo Erba 1110 Elemental Analyzer with Costech Zero Blank Autosampler plus Thermo Finnigan Delta Plus XP with Finnigan Conflo III Interface","rHBrhUbTwVSLtfc5tc9S18/eJGkjVJIj","L/6ZjMlRllRQ+sQbi+7sFw==","dryingProtocolError"
"817a4c26-8bc2-4b39-8b76-b3b8d0d6d3ac","SOAP_002.basePlot.cfc","D17","SOAP","SOAP_002","distributed","P3kunhL9imDcMwJNR7pXD7J+nm5NB1mbR1eqYhuIsw4=",,"P3kunhL9imDcMwJNR7pXD7J+nm5NB1mbTHghai1eL5pgWzcjMMA4WA==","A00000026234","2018-06-20T20:12Z","2018-10-26","N",-4.2,-27.7,1.01,47.85,47.4,"OK","OK","OK","OK",1,,"University of Wyoming Stable Isotope Facility","010 EA-IRMS organic d15n, d13c, C% & N%","Carlo Erba 1110 Elemental Analyzer with Costech Zero Blank Autosampler plus Thermo Finnigan Delta Plus XP with Finnigan Conflo III Interface","rHBrhUbTwVSLtfc5tc9S18/eJGkjVJIj","L/6ZjMlRllRQ+sQbi+7sFw==","dryingProtocolError"
"a598445d-9f64-46e3-bbf0-e04894b97f5d","SOAP_043.basePlot.cfc","D17","SOAP","SOAP_043","tower","P3kunhL9imC/RYNA3UJyYlPBcXM1xPkGKY1xn2PR70k=",,"P3kunhL9imC/RYNA3UJyYlPBcXM1xPkGS83Ze+q200I=","A00000026189","2018-06-21T17:03Z","2018-10-25","N",-4.8,-30.5,0.66,50.02,75.9,"OK","OK","OK","OK",1,,"University of Wyoming Stable Isotope Facility","010 EA-IRMS organic d15n, d13c, C% & N%","Carlo Erba 1110 Elemental Analyzer with Costech Zero Blank Autosampler plus Thermo Finnigan Delta Plus XP with Finnigan Conflo III Interface","rHBrhUbTwVSLtfc5tc9S18/eJGkjVJIj","L/6ZjMlRllRQ+sQbi+7sFw==","dryingProtocolError"
"50f9cffd-c629-4fc2-8a1e-6da156fcdffc","SOAP_043.basePlot.cfc","D17","SOAP","SOAP_043","tower","P3kunhL9imBB73h8GPDce99AgyJlAtNfqHVdSCX5p30=",,"P3kunhL9imBB73h8GPDce99AgyJlAtNf4mv9MAEIB3Y=","A00000026238","2018-06-21T18:09Z","2018-10-25","N",-5.9,-28.0,1.29,49.35,38.4,"OK","OK","OK","OK",1,,"University of Wyoming Stable Isotope Facility","010 EA-IRMS organic d15n, d13c, C% & N%","Carlo Erba 1110 Elemental Analyzer with Costech Zero Blank Autosampler plus Thermo Finnigan Delta Plus XP with Finnigan Conflo III Interface","rHBrhUbTwVSLtfc5tc9S18/eJGkjVJIj","L/6ZjMlRllRQ+sQbi+7sFw==","dryingProtocolError"
"4843dc86-d892-4152-baa0-4b8f527d31a8","SOAP_043.basePlot.cfc","D17","SOAP","SOAP_043","tower","P3kunhL9imB2ogM7Qwr3ufoX6jRrAN5TgIvwZqZpnE4=",,"P3kunhL9imB2ogM7Qwr3ufoX6jRrAN5T1j6S8Xnb31w=","A00000026232","2018-06-21T18:12Z","2018-10-25","N",-3.4,-29.9,2.82,47.61,16.9,"OK","OK","OK","OK",1,,"University of Wyoming Stable Isotope Facility","010 EA-IRMS organic d15n, d13c, C% & N%","Carlo Erba 1110 Elemental Analyzer with Costech Zero Blank Autosampler plus Thermo Finnigan Delta Plus XP with Finnigan Conflo III Interface","rHBrhUbTwVSLtfc5tc9S18/eJGkjVJIj","L/6ZjMlRllRQ+sQbi+7sFw==","dryingProtocolError"
"5978869f-001c-4158-9625-4c197925fdfc","SOAP_044.basePlot.cfc","D17","SOAP","SOAP_044","tower","P3kunhL9imCoWAM/ZrwpAiYpU+Sgsb4xV8aD5hvbcP4=",,"P3kunhL9imCoWAM/ZrwpAiYpU+Sgsb4xdRVGtkk0mGI=","A00000026235","2018-06-21T19:36Z","2018-10-25","N",-5.2,-30.5,0.89,49.75,56.0,"OK","OK","OK","OK",1,,"University of Wyoming Stable Isotope Facility","010 EA-IRMS organic d15n, d13c, C% & N%","Carlo Erba 1110 Elemental Analyzer with Costech Zero Blank Autosampler plus Thermo Finnigan Delta Plus XP with Finnigan Conflo III Interface","rHBrhUbTwVSLtfc5tc9S18/eJGkjVJIj","L/6ZjMlRllRQ+sQbi+7sFw==","dryingProtocolError"
"142e21e5-58b0-47be-bd29-d3ec295c6ab7","SOAP_044.basePlot.cfc","D17","SOAP","SOAP_044","tower","P3kunhL9imCL7IL5J5RpwgmZI8nm9yVd2cYIWO0NCWA=",,"P3kunhL9imCL7IL5J5RpwgmZI8nm9yVdhUYiooq2dNc=","A00000026308","2018-06-21T19:39Z","2018-10-25","N",-5.0,-29.5,1.93,48.03,24.9,"OK","OK","OK","OK",1,,"University of Wyoming Stable Isotope Facility","010 EA-IRMS organic d15n, d13c, C% & N%","Carlo Erba 1110 Elemental Analyzer with Costech Zero Blank Autosampler plus Thermo Finnigan Delta Plus XP with Finnigan Conflo III Interface","rHBrhUbTwVSLtfc5tc9S18/eJGkjVJIj","L/6ZjMlRllRQ+sQbi+7sFw==","dryingProtocolError"
"ee197a03-7700-4807-bdf2-5873d909599b","SOAP_044.basePlot.cfc","D17","SOAP","SOAP_044","tower","P3kunhL9imAfVlcYyDBLENnYurhA6sSyzQiyctCa6Fc=",,"P3kunhL9imAfVlcYyDBLENnYurhA6sSyUaVBH4L693U=","A00000027113","2018-06-21T19:45Z","2018-10-25","N",-5.1,-26.0,1.16,48.97,42.4,"OK","OK","OK","OK",1,,"University of Wyoming Stable Isotope Facility","010 EA-IRMS organic d15n, d13c, C% & N%","Carlo Erba 1110 Elemental Analyzer with Costech Zero Blank Autosampler plus Thermo Finnigan Delta Plus XP with Finnigan Conflo III Interface","rHBrhUbTwVSLtfc5tc9S18/eJGkjVJIj","L/6ZjMlRllRQ+sQbi+7sFw==","dryingProtocolError"
"f9d4f1a0-22e8-49a8-ab85-d85de702b23e","SOAP_008.basePlot.cfc","D17","SOAP","SOAP_008","distributed","P3kunhL9imD8wsAmAZLigSK2UAzTfCFhnwFBpM46v4M=",,"P3kunhL9imD8wsAmAZLigSK2UAzTfCFhinSShGsEshA=","A00000026305","2018-06-26T17:13Z","2018-10-25","N",-2.7,-30.2,1.44,49.47,34.3,"OK","OK","OK","OK",1,,"University of Wyoming Stable Isotope Facility","010 EA-IRMS organic d15n, d13c, C% & N%","Carlo Erba 1110 Elemental Analyzer with Costech Zero Blank Autosampler plus Thermo Finnigan Delta Plus XP with Finnigan Conflo III Interface","rHBrhUbTwVSLtfc5tc9S18/eJGkjVJIj","L/6ZjMlRllRQ+sQbi+7sFw==","dryingProtocolError"
"27e2c820-c03e-47e2-a8cc-a5c9e3d979be","SOAP_007.basePlot.cfc","D17","SOAP","SOAP_007","distributed","P3kunhL9imDHdca1Uo9t31rlfqCqQI6Uq4pYIko2Yug=",,"P3kunhL9imDHdca1Uo9t31rlfqCqQI6UP8+wcSs0noo=","A00000030485","2018-06-26T18:40Z","2018-10-25","N",-2.8,-30.8,1.42,46.75,32.9,"OK","OK","OK","OK",1,,"University of Wyoming Stable Isotope Facility","010 EA-IRMS organic d15n, d13c, C% & N%","Carlo Erba 1110 Elemental Analyzer with Costech Zero Blank Autosampler plus Thermo Finnigan Delta Plus XP with Finnigan Conflo III Interface","rHBrhUbTwVSLtfc5tc9S18/eJGkjVJIj","L/6ZjMlRllRQ+sQbi+7sFw==","dryingProtocolError"
"bf7ce03f-1c45-457b-bf3a-9bfbb2397c99","SOAP_007.basePlot.cfc","D17","SOAP","SOAP_007","distributed","P3kunhL9imDHdca1Uo9t31rlfqCqQI6Uq4pYIko2Yug=",,"P3kunhL9imDHdca1Uo9t31rlfqCqQI6UP8+wcSs0noo=","A00000030485","2018-06-26T18:40Z","2018-10-25","N",-2.9,-30.8,1.47,46.78,31.9,"OK","OK","OK","OK",2,,"University of Wyoming Stable Isotope Facility","010 EA-IRMS organic d15n, d13c, C% & N%","Carlo Erba 1110 Elemental Analyzer with Costech Zero Blank Autosampler plus Thermo Finnigan Delta Plus XP with Finnigan Conflo III Interface","rHBrhUbTwVSLtfc5tc9S18/eJGkjVJIj","L/6ZjMlRllRQ+sQbi+7sFw==","dryingProtocolError"
"3e58528c-0a48-4773-aafd-54f9f6bdcecc","SOAP_045.basePlot.cfc","D17","SOAP","SOAP_045","tower","P3kunhL9imD3XS6HMNxU6CGHnkK3IlDh6pQ0l0inFJg=",,"P3kunhL9imD3XS6HMNxU6CGHnkK3IlDhhEOoyI0Kj30=","A00000026302","2018-06-26T20:04Z","2018-10-25","N",-4.6,-29.7,0.94,49.99,53.1,"OK","OK","OK","OK",1,,"University of Wyoming Stable Isotope Facility","010 EA-IRMS organic d15n, d13c, C% & N%","Carlo Erba 1110 Elemental Analyzer with Costech Zero Blank Autosampler plus Thermo Finnigan Delta Plus XP with Finnigan Conflo III Interface","rHBrhUbTwVSLtfc5tc9S18/eJGkjVJIj","L/6ZjMlRllRQ+sQbi+7sFw==","dryingProtocolError"
"00a57984-9afb-4a4e-a1d9-08cae7e37433","SOAP_045.basePlot.cfc","D17","SOAP","SOAP_045","tower","P3kunhL9imCLhHZCGaVU5i/FWdw+dN9aiY/xyorbUUQ=",,"P3kunhL9imCLhHZCGaVU5i/FWdw+dN9ayrkV2Tghk8A=","A00000026283","2018-06-26T20:07Z","2018-10-25","N",-2.4,-28.3,1.72,48.66,28.3,"OK","OK","OK","OK",2,,"University of Wyoming Stable Isotope Facility","010 EA-IRMS organic d15n, d13c, C% & N%","Carlo Erba 1110 Elemental Analyzer with Costech Zero Blank Autosampler plus Thermo Finnigan Delta Plus XP with Finnigan Conflo III Interface","rHBrhUbTwVSLtfc5tc9S18/eJGkjVJIj","L/6ZjMlRllRQ+sQbi+7sFw==","dryingProtocolError"
"a1d6e67b-97d0-46b7-af29-f89096bfb416","SOAP_045.basePlot.cfc","D17","SOAP","SOAP_045","tower","P3kunhL9imCLhHZCGaVU5i/FWdw+dN9aiY/xyorbUUQ=",,"P3kunhL9imCLhHZCGaVU5i/FWdw+dN9ayrkV2Tghk8A=","A00000026283","2018-06-26T20:07Z","2018-10-25","N",-2.6,-28.3,1.70,48.61,28.7,"OK","OK","OK","OK",1,,"University of Wyoming Stable Isotope Facility","010 EA-IRMS organic d15n, d13c, C% & N%","Carlo Erba 1110 Elemental Analyzer with Costech Zero Blank Autosampler plus Thermo Finnigan Delta Plus XP with Finnigan Conflo III Interface","rHBrhUbTwVSLtfc5tc9S18/eJGkjVJIj","L/6ZjMlRllRQ+sQbi+7sFw==","dryingProtocolError"
"b0fd6a46-81aa-44db-a22b-63ce554ba795","SOAP_045.basePlot.cfc","D17","SOAP","SOAP_045","tower","P3kunhL9imDuWescO8pkuXaAyVGREIwyp8voGRAb5N4=",,"P3kunhL9imDuWescO8pkuXaAyVGREIwym1Ypb9dHd/I=","A00000026187","2018-06-26T20:11Z","2018-10-25","N",-3.9,-29.7,2.75,48.89,17.8,"OK","OK","OK","OK",1,,"University of Wyoming Stable Isotope Facility","010 EA-IRMS organic d15n, d13c, C% & N%","Carlo Erba 1110 Elemental Analyzer with Costech Zero Blank Autosampler plus Thermo Finnigan Delta Plus XP with Finnigan Conflo III Interface","rHBrhUbTwVSLtfc5tc9S18/eJGkjVJIj","L/6ZjMlRllRQ+sQbi+7sFw==","dryingProtocolError"
"45553352-f25a-495e-a6cb-bcaacce049d5","SOAP_045.basePlot.cfc","D17","SOAP","SOAP_045","tower","P3kunhL9imBoGOImDD3OMe8+Vq8OHhbGRXivA95BtUY=",,"P3kunhL9imBoGOImDD3OMe8+Vq8OHhbGfdmsXosJC1oZVXybfPDa/A==","A00000027110","2018-06-26T20:15Z","2018-10-25","N",-4.5,-25.7,0.70,48.69,69.5,"OK","OK","OK","OK",1,,"University of Wyoming Stable Isotope Facility","010 EA-IRMS organic d15n, d13c, C% & N%","Carlo Erba 1110 Elemental Analyzer with Costech Zero Blank Autosampler plus Thermo Finnigan Delta Plus XP with Finnigan Conflo III Interface","rHBrhUbTwVSLtfc5tc9S18/eJGkjVJIj","L/6ZjMlRllRQ+sQbi+7sFw==","dryingProtocolError"
"fd8f3969-35e1-414e-a80d-1c99cf175e1a","SOAP_005.basePlot.cfc","D17","SOAP","SOAP_005","distributed","P3kunhL9imC869xF41scI37CS5B252Zj50BroFy/QK4=",,"P3kunhL9imC869xF41scI37CS5B252ZjC958obt5DZiWK+yzVtEITA==","A00000026271","2018-06-27T17:06Z","2018-10-25","N",-4.1,-26.8,1.49,50.87,34.2,"OK","OK","OK","OK",1,,"University of Wyoming Stable Isotope Facility","010 EA-IRMS organic d15n, d13c, C% & N%","Carlo Erba 1110 Elemental Analyzer with Costech Zero Blank Autosampler plus Thermo Finnigan Delta Plus XP with Finnigan Conflo III Interface","rHBrhUbTwVSLtfc5tc9S18/eJGkjVJIj","L/6ZjMlRllRQ+sQbi+7sFw==","dryingProtocolError"
"643eb54a-e188-4206-94db-e950b4412f7f","SOAP_005.basePlot.cfc","D17","SOAP","SOAP_005","distributed","P3kunhL9imAVUyj+jGZAamAc+NSicMATCYdCzNQFW+Q=",,"P3kunhL9imAVUyj+jGZAamAc+NSicMATRKrAf6kL37c=","A00000026217","2018-06-27T17:08Z","2018-10-25","N",-2.6,-29.9,2.00,46.67,23.3,"OK","OK","OK","OK",1,,"University of Wyoming Stable Isotope Facility","010 EA-IRMS organic d15n, d13c, C% & N%","Carlo Erba 1110 Elemental Analyzer with Costech Zero Blank Autosampler plus Thermo Finnigan Delta Plus XP with Finnigan Conflo III Interface","rHBrhUbTwVSLtfc5tc9S18/eJGkjVJIj","L/6ZjMlRllRQ+sQbi+7sFw==","dryingProtocolError"
"3f2d1591-4681-4505-9b55-2f706b080332","SOAP_005.basePlot.cfc","D17","SOAP","SOAP_005","distributed","P3kunhL9imAuveiugLwoB+sE6loJoNaPcZ8rTSJG2LU=",,"P3kunhL9imAuveiugLwoB+sE6loJoNaPj6mmuZSvNDs=","A00000026254","2018-06-27T17:16Z","2018-10-25","N",-5.2,-29.4,1.14,48.21,42.3,"OK","OK","OK","OK",1,,"University of Wyoming Stable Isotope Facility","010 EA-IRMS organic d15n, d13c, C% & N%","Carlo Erba 1110 Elemental Analyzer with Costech Zero Blank Autosampler plus Thermo Finnigan Delta Plus XP with Finnigan Conflo III Interface","rHBrhUbTwVSLtfc5tc9S18/eJGkjVJIj","L/6ZjMlRllRQ+sQbi+7sFw==","dryingProtocolError"
"1b383ceb-1856-4eff-9fce-f161607242f6","SOAP_003.basePlot.cfc","D17","SOAP","SOAP_003","distributed","P3kunhL9imDjQiMbDFF1+6iHWu+5aan+mKxYLzHg6oM=",,"P3kunhL9imDjQiMbDFF1+6iHWu+5aan+VtW0PUZsUjc=","A00000030555","2018-06-27T18:44Z","2018-10-26","N",-3.9,-30.4,0.57,44.15,77.1,"OK","OK","OK","OK",1,,"University of Wyoming Stable Isotope Facility","010 EA-IRMS organic d15n, d13c, C% & N%","Carlo Erba 1110 Elemental Analyzer with Costech Zero Blank Autosampler plus Thermo Finnigan Delta Plus XP with Finnigan Conflo III Interface","rHBrhUbTwVSLtfc5tc9S18/eJGkjVJIj","L/6ZjMlRllRQ+sQbi+7sFw==","dryingProtocolError"
"3299b8b9-9b2b-4007-a22f-63096869b8e6","SOAP_031.basePlot.cfc","D17","SOAP","SOAP_031","tower","P3kunhL9imA6EGMWPAbDtXxl9hQrnuRP7SgnPayoiRQ=",,"P3kunhL9imA6EGMWPAbDtXxl9hQrnuRPU1z4zmE9OEplm5b2RX4ECQ==","A00000027118","2018-06-27T19:41Z","2018-10-25","N",-7.0,-28.6,0.70,49.14,70.4,"OK","OK","OK","OK",1,,"University of Wyoming Stable Isotope Facility","010 EA-IRMS organic d15n, d13c, C% & N%","Carlo Erba 1110 Elemental Analyzer with Costech Zero Blank Autosampler plus Thermo Finnigan Delta Plus XP with Finnigan Conflo III Interface","rHBrhUbTwVSLtfc5tc9S18/eJGkjVJIj","L/6ZjMlRllRQ+sQbi+7sFw==","dryingProtocolError"
"0cc19328-9de4-4c84-ac83-5bcdd6c04e70","SOAP_031.basePlot.cfc","D17","SOAP","SOAP_031","tower","P3kunhL9imCcaNqq5lNo5Xf42nSK+coV/dkqC8pfpnA=",,"P3kunhL9imCcaNqq5lNo5Xf42nSK+coVVkFBZCWGuCQ=","A00000026248","2018-06-27T20:00Z","2018-10-25","N",-5.2,-29.0,1.00,48.16,48.1,"OK","OK","OK","OK",1,,"University of Wyoming Stable Isotope Facility","010 EA-IRMS organic d15n, d13c, C% & N%","Carlo Erba 1110 Elemental Analyzer with Costech Zero Blank Autosampler plus Thermo Finnigan Delta Plus XP with Finnigan Conflo III Interface","rHBrhUbTwVSLtfc5tc9S18/eJGkjVJIj","L/6ZjMlRllRQ+sQbi+7sFw==","dryingProtocolError"
"148fdd02-596f-47bd-ae68-e1ade181a008","SOAP_031.basePlot.cfc","D17","SOAP","SOAP_031","tower","P3kunhL9imDJgYPbZUw0bVzgti8BJJchRt/ztvJS2NE=",,"P3kunhL9imDJgYPbZUw0bVzgti8BJJch7lpAGzNhITg=","A00000026267","2018-06-27T20:12Z","2018-10-25","N",-5.3,-28.2,1.12,48.69,43.4,"OK","OK","OK","OK",1,,"University of Wyoming Stable Isotope Facility","010 EA-IRMS organic d15n, d13c, C% & N%","Carlo Erba 1110 Elemental Analyzer with Costech Zero Blank Autosampler plus Thermo Finnigan Delta Plus XP with Finnigan Conflo III Interface","rHBrhUbTwVSLtfc5tc9S18/eJGkjVJIj","L/6ZjMlRllRQ+sQbi+7sFw==","dryingProtocolError"
"7034f06e-30a3-41b1-90e4-888731be9034","SOAP_031.basePlot.cfc","D17","SOAP","SOAP_031","tower","P3kunhL9imAT9aqsQMxA+LxNgRwlUTROgh+IjKm67lI=",,"P3kunhL9imAT9aqsQMxA+LxNgRwlUTROPGKaNZigEY8=","A00000026220","2018-06-27T20:39Z","2018-10-25","N",-2.2,-31.3,1.55,49.56,32.0,"OK","OK","OK","OK",1,,"University of Wyoming Stable Isotope Facility","010 EA-IRMS organic d15n, d13c, C% & N%","Carlo Erba 1110 Elemental Analyzer with Costech Zero Blank Autosampler plus Thermo Finnigan Delta Plus XP with Finnigan Conflo III Interface","rHBrhUbTwVSLtfc5tc9S18/eJGkjVJIj","L/6ZjMlRllRQ+sQbi+7sFw==","dryingProtocolError"
"976c80e4-1087-4bb1-a3c3-b6258b8a3900","SOAP_031.basePlot.cfc","D17","SOAP","SOAP_031","tower","P3kunhL9imAT9aqsQMxA+GuMPRBHB+pfZzQZkvQf3LE=",,"P3kunhL9imAT9aqsQMxA+GuMPRBHB+pfKatAXBIlk2Q=","A00000027116","2018-06-27T20:43Z","2018-10-25","N",-3.4,-30.6,1.48,47.92,32.4,"OK","OK","OK","OK",1,,"University of Wyoming Stable Isotope Facility","010 EA-IRMS organic d15n, d13c, C% & N%","Carlo Erba 1110 Elemental Analyzer with Costech Zero Blank Autosampler plus Thermo Finnigan Delta Plus XP with Finnigan Conflo III Interface","rHBrhUbTwVSLtfc5tc9S18/eJGkjVJIj","L/6ZjMlRllRQ+sQbi+7sFw==","dryingProtocolError"
"a696a36d-273a-42c3-bc10-22e23fbb9f1d","SOAP_001.basePlot.cfc","D17","SOAP","SOAP_001","distributed","P3kunhL9imAtCqDUp1aNJKy/gctCbpftGFWl76j+I3E=",,"P3kunhL9imAtCqDUp1aNJKy/gctCbpftXrnjGGkWyVQ=","A00000026297","2018-06-28T18:26Z","2018-10-26","N",-1.8,-29.9,2.43,45.43,18.7,"OK","OK","OK","OK",1,,"University of Wyoming Stable Isotope Facility","010 EA-IRMS organic d15n, d13c, C% & N%","Carlo Erba 1110 Elemental Analyzer with Costech Zero Blank Autosampler plus Thermo Finnigan Delta Plus XP with Finnigan Conflo III Interface","rHBrhUbTwVSLtfc5tc9S18/eJGkjVJIj","L/6ZjMlRllRQ+sQbi+7sFw==","dryingProtocolError"
"7d293e4c-d335-4f2a-a2cc-c83d8f2f8cf5","SOAP_001.basePlot.cfc","D17","SOAP","SOAP_001","distributed","P3kunhL9imAtCqDUp1aNJKDALrRedjhrxLjepgp+t2M=",,"P3kunhL9imAtCqDUp1aNJKDALrRedjhr+5+0QmbWJcs=","A00000026202","2018-06-28T18:27Z","2018-10-26","N",-2.2,-30.5,2.22,45.36,20.4,"OK","OK","OK","OK",1,,"University of Wyoming Stable Isotope Facility","010 EA-IRMS organic d15n, d13c, C% & N%","Carlo Erba 1110 Elemental Analyzer with Costech Zero Blank Autosampler plus Thermo Finnigan Delta Plus XP with Finnigan Conflo III Interface","rHBrhUbTwVSLtfc5tc9S18/eJGkjVJIj","L/6ZjMlRllRQ+sQbi+7sFw==","dryingProtocolError"
"9962337f-87a8-4e08-a5a6-f448071971a6","SOAP_001.basePlot.cfc","D17","SOAP","SOAP_001","distributed","P3kunhL9imCIrq52CTp1qTbQw84JydRMQDXKavvDIBY=",,"P3kunhL9imCIrq52CTp1qTbQw84JydRMUqqcLuggxag=","A00000026280","2018-06-28T18:29Z","2018-10-26","N",-0.7,-28.8,2.14,47.41,22.2,"OK","OK","OK","OK",1,,"University of Wyoming Stable Isotope Facility","010 EA-IRMS organic d15n, d13c, C% & N%","Carlo Erba 1110 Elemental Analyzer with Costech Zero Blank Autosampler plus Thermo Finnigan Delta Plus XP with Finnigan Conflo III Interface","rHBrhUbTwVSLtfc5tc9S18/eJGkjVJIj","L/6ZjMlRllRQ+sQbi+7sFw==","dryingProtocolError"
