uid,namedLocation,domainID,siteID,plotType,sampleID,sampleCode,collectDate,lmaSampleID,lmaSampleCode,lmaSampleCondition,tissueDescriptor,scanDate,scannedBy,freshMass,ovenStartDate,ovenEndDate,dryMass,weighedBy,scannedLeafNumber,leafArea,percentGreen,leafMassPerArea,dryMassFraction,measuredBy,remarks,dataQF
"b5c1340b-da42-4fab-a1e2-f5f9a309c718","SOAP_006.basePlot.cfc","D17","SOAP","distributed","P3kunhL9imA70jl1EnlumGtc9NYHsP9H/v+3jSqJQv0=",,"2018-06-20T16:53Z","P3kunhL9imA70jl1EnlumGtc9NYHsP9H1oypa0bqt3E=",,"OK",,"2018-06-25T22:32Z","fjames@battelleecology.org",1.990,"2018-06-25T23:00Z","2018-06-28T20:30Z",0.840,"fjames@battelleecology.org",26,8298.0,100,101.2,0.422,"fjames@battelleecology.org",,
"81cd39bc-4405-452b-ac03-c3518463b3fa","SOAP_002.basePlot.cfc","D17","SOAP","distributed","P3kunhL9imALecDVNNols+Hs2m+9sYqcfzHqq4HPjdY=",,"2018-06-20T19:09Z","P3kunhL9imALecDVNNols+Hs2m+9sYqceJBWf0Sc+TM=",,"OK",,"2018-06-25T22:04Z","fjames@battelleecology.org",0.750,"2018-06-25T23:00Z","2018-06-28T20:30Z",0.260,"fjames@battelleecology.org",19,4759.0,90,54.6,0.347,"fjames@battelleecology.org",,
"e4e11aa8-9b3f-45d7-8046-cba332c8f749","SOAP_002.basePlot.cfc","D17","SOAP","distributed","P3kunhL9imDcMwJNR7pXD9JwOM1O9//SsQlYaD0gEUo=",,"2018-06-20T19:11Z","P3kunhL9imDcMwJNR7pXD9JwOM1O9//SG9XpNMRuHQRZ95aofjQdNw==",,"OK",,"2018-06-25T20:42Z","fjames@battelleecology.org",5.120,"2018-06-25T23:00Z","2018-06-28T20:30Z",2.490,"fjames@battelleecology.org",21,9717.0,100,256.3,0.486,"fjames@battelleecology.org",,
"61f47fe0-85c3-408c-8f34-6d86ea318db0","SOAP_002.basePlot.cfc","D17","SOAP","distributed","P3kunhL9imDcMwJNR7pXD44rHggdR4ZwJ5ywFytmgoo=",,"2018-06-20T19:43Z","P3kunhL9imDcMwJNR7pXD44rHggdR4ZwF23DEp6PmoBOZkBMIwE3dg==",,"OK",,"2018-06-25T21:01Z","fjames@battelleecology.org",4.230,"2018-06-25T23:00Z","2018-06-28T20:00Z",1.950,"fjames@battelleecology.org",28,9403.0,100,207.4,0.461,"fjames@battelleecology.org",,
"155cc474-0f2a-43d1-8a2b-69e23213f211","SOAP_002.basePlot.cfc","D17","SOAP","distributed","P3kunhL9imDcMwJNR7pXD7J+nm5NB1mbR1eqYhuIsw4=",,"2018-06-20T20:12Z","P3kunhL9imDcMwJNR7pXD7J+nm5NB1mbzuse0U/qseRgkvfHIbB9Ww==",,"OK",,"2018-06-25T21:08Z","fjames@battelleecology.org",3.390,"2018-06-25T23:00Z","2018-06-28T20:45Z",1.670,"fjames@battelleecology.org",22,7953.0,100,210.0,0.493,"fjames@battelleecology.org",,
"1e7ac1c9-2e14-41fd-81aa-b79dcfb4d0a8","SOAP_043.basePlot.cfc","D17","SOAP","tower","P3kunhL9imC/RYNA3UJyYlPBcXM1xPkGKY1xn2PR70k=",,"2018-06-21T17:03Z","P3kunhL9imC/RYNA3UJyYlPBcXM1xPkGGGJISxTNP3KwV4wJTSLWJQ==",,"OK",,"2018-06-25T21:17Z","fjames@battelleecology.org",5.550,"2018-06-25T23:00Z","2018-06-28T20:00Z",2.650,"fjames@battelleecology.org",45,13837.0,95,191.5,0.477,"fjames@battelleecology.org",,
"27db6ec3-d9fe-49ca-aaa1-574834e61407","SOAP_043.basePlot.cfc","D17","SOAP","tower","P3kunhL9imBB73h8GPDce99AgyJlAtNfqHVdSCX5p30=",,"2018-06-21T18:09Z","P3kunhL9imBB73h8GPDce99AgyJlAtNf/ToLXNTg0k8=",,"OK",,"2018-06-25T21:32Z","fjames@battelleecology.org",2.230,"2018-06-25T23:00Z","2018-06-28T20:45Z",1.160,"fjames@battelleecology.org",17,3399.0,100,341.3,0.520,"fjames@battelleecology.org",,
"1be07663-49d4-417c-a4a3-4fae8c98bd37","SOAP_043.basePlot.cfc","D17","SOAP","tower","P3kunhL9imB2ogM7Qwr3ufoX6jRrAN5TgIvwZqZpnE4=",,"2018-06-21T18:12Z","P3kunhL9imB2ogM7Qwr3ufoX6jRrAN5TkKhmHbh+G80=",,"OK",,"2018-06-25T21:46Z","fjames@battelleecology.org",2.990,"2018-06-25T23:00Z","2018-06-28T20:30Z",1.530,"fjames@battelleecology.org",3,20452.0,98,74.8,0.512,"fjames@battelleecology.org",,
"fe2f6d55-d10d-4fe9-9415-15df680eac3e","SOAP_044.basePlot.cfc","D17","SOAP","tower","P3kunhL9imCoWAM/ZrwpAiYpU+Sgsb4xV8aD5hvbcP4=",,"2018-06-21T19:36Z","P3kunhL9imCoWAM/ZrwpAiYpU+Sgsb4xaSgwq/GG+lLwcSoY9oLZyA==",,"OK",,"2018-06-25T22:08Z","fjames@battelleecology.org",5.690,"2018-06-25T23:00Z","2018-06-28T20:00Z",2.640,"fjames@battelleecology.org",30,15954.0,100,165.5,0.464,"fjames@battelleecology.org",,
"e89dea4a-0af4-43cd-a87f-b78150931883","SOAP_044.basePlot.cfc","D17","SOAP","tower","P3kunhL9imCL7IL5J5RpwgmZI8nm9yVd2cYIWO0NCWA=",,"2018-06-21T19:39Z","P3kunhL9imCL7IL5J5RpwgmZI8nm9yVdP7u31mrp+2A=",,"OK",,"2018-06-25T21:22Z","fjames@battelleecology.org",3.810,"2018-06-25T23:00Z","2018-06-28T20:45Z",1.910,"fjames@battelleecology.org",4,22193.0,100,86.1,0.501,"fjames@battelleecology.org",,
"3ea33289-4ad5-4ab7-9123-fb985d38584e","SOAP_044.basePlot.cfc","D17","SOAP","tower","P3kunhL9imAfVlcYyDBLENnYurhA6sSyzQiyctCa6Fc=",,"2018-06-21T19:45Z","P3kunhL9imAfVlcYyDBLENnYurhA6sSy3eiPpNgCxZoYTzmyebWA9Q==",,"OK",,"2018-06-25T22:15Z","fjames@battelleecology.org",5.510,"2018-06-25T23:00Z","2018-06-28T20:00Z",3.480,"fjames@battelleecology.org",49,18694.0,100,186.2,0.632,"fjames@battelleecology.org",,
"03f02d49-9caf-4799-8469-a960e8b705b3","SOAP_008.basePlot.cfc","D17","SOAP","distributed","P3kunhL9imD8wsAmAZLigSK2UAzTfCFhnwFBpM46v4M=",,"2018-06-26T17:13Z","P3kunhL9imD8wsAmAZLigSK2UAzTfCFhg7rHTPYZcuc=",,"OK",,"2018-06-28T14:51Z","fjames@battelleecology.org",1.360,"2018-06-28T23:30Z","2018-07-03T14:51Z",0.650,"kstone@battelleecology.org",21,5848.0,95,111.1,0.478,"fjames@battelleecology.org",,
"eb737e66-aade-4665-916d-f0d37b4e1de5","SOAP_007.basePlot.cfc","D17","SOAP","distributed","P3kunhL9imDHdca1Uo9t31rlfqCqQI6Uq4pYIko2Yug=",,"2018-06-26T18:40Z","P3kunhL9imDHdca1Uo9t31rlfqCqQI6UP2Gny8PYh5w=",,"OK",,"2018-06-28T15:17Z","fjames@battelleecology.org",1.300,"2018-06-28T23:30Z","2018-07-03T15:02Z",0.570,"kstone@battelleecology.org",15,7260.0,95,78.5,0.438,"fjames@battelleecology.org",,
"39d74c64-6d53-4b71-853c-4d358bce206b","SOAP_045.basePlot.cfc","D17","SOAP","tower","P3kunhL9imD3XS6HMNxU6CGHnkK3IlDh6pQ0l0inFJg=",,"2018-06-26T20:04Z","P3kunhL9imD3XS6HMNxU6CGHnkK3IlDhbqQlddcOTEKF+RjjglAbHQ==",,"OK",,"2018-06-28T16:14Z","fjames@battelleecology.org",5.880,"2018-06-28T23:30Z","2018-07-03T15:00Z",2.610,"kstone@battelleecology.org",27,16617.0,100,157.1,0.444,"fjames@battelleecology.org",,
"8aa502ee-f716-41e6-8f94-9594f572fed0","SOAP_045.basePlot.cfc","D17","SOAP","tower","P3kunhL9imCLhHZCGaVU5i/FWdw+dN9aiY/xyorbUUQ=",,"2018-06-26T20:07Z","P3kunhL9imCLhHZCGaVU5i/FWdw+dN9alCnskSq95v+TtWF+zz6rVA==",,"OK",,"2018-06-28T15:47Z","fjames@battelleecology.org",3.370,"2018-06-28T23:30Z","2018-07-03T15:04Z",1.790,"kstone@battelleecology.org",84,10831.0,100,165.3,0.531,"fjames@battelleecology.org",,
"9d80c809-7e0a-4eee-9fce-3a249e9df3fc","SOAP_045.basePlot.cfc","D17","SOAP","tower","P3kunhL9imDuWescO8pkuXaAyVGREIwyp8voGRAb5N4=",,"2018-06-26T20:11Z","P3kunhL9imDuWescO8pkuXaAyVGREIwyrszCr1Tw45c=",,"OK",,"2018-06-28T15:28Z","fjames@battelleecology.org",3.110,"2018-06-28T23:30Z","2018-07-03T15:01Z",1.650,"kstone@battelleecology.org",5,20776.0,100,79.4,0.531,"fjames@battelleecology.org",,
"ddee5950-6bd6-4b0e-b9cd-bcca6f5ec9ee","SOAP_045.basePlot.cfc","D17","SOAP","tower","P3kunhL9imBoGOImDD3OMe8+Vq8OHhbGRXivA95BtUY=",,"2018-06-26T20:15Z","P3kunhL9imBoGOImDD3OMe8+Vq8OHhbGb36uRDRRMuH7xgrjsluR3A==",,"OK",,"2018-06-28T16:04Z","fjames@battelleecology.org",5.700,"2018-06-28T23:30Z","2018-07-03T14:42Z",3.260,"kstone@battelleecology.org",25,7378.0,100,441.9,0.572,"fjames@battelleecology.org",,
"dccbfa51-e83e-4d5d-8571-f4c7bb415933","SOAP_005.basePlot.cfc","D17","SOAP","distributed","P3kunhL9imC869xF41scI37CS5B252Zj50BroFy/QK4=",,"2018-06-27T17:06Z","P3kunhL9imC869xF41scI37CS5B252ZjVacKiFfaChkQNV8n1OsOfQ==",,"OK",,"2018-06-28T16:52Z","fjames@battelleecology.org",4.230,"2018-06-28T23:30Z","2018-07-03T14:55Z",1.950,"kstone@battelleecology.org",24,8742.0,100,223.1,0.461,"fjames@battelleecology.org",,
"2201ba36-a5dc-42db-9d9c-fc1490a2d880","SOAP_005.basePlot.cfc","D17","SOAP","distributed","P3kunhL9imAVUyj+jGZAamAc+NSicMATCYdCzNQFW+Q=",,"2018-06-27T17:08Z","P3kunhL9imAVUyj+jGZAamAc+NSicMATjmp5Q8NoTF0=",,"OK",,"2018-06-28T16:30Z","fjames@battelleecology.org",2.980,"2018-06-28T23:30Z","2018-07-03T15:05Z",1.530,"kstone@battelleecology.org",6,19813.0,100,77.2,0.513,"fjames@battelleecology.org",,
"8024c985-0394-4dd6-8e49-905953201b05","SOAP_005.basePlot.cfc","D17","SOAP","distributed","P3kunhL9imAuveiugLwoB+sE6loJoNaPcZ8rTSJG2LU=",,"2018-06-27T17:16Z","P3kunhL9imAuveiugLwoB+sE6loJoNaPWnRXUen88S2aZYcb/APPSA==",,"OK",,"2018-06-28T16:40Z","fjames@battelleecology.org",6.280,"2018-06-28T23:30Z","2018-07-03T14:52Z",3.690,"kstone@battelleecology.org",18,21366.0,100,172.7,0.588,"fjames@battelleecology.org",,
"ed129c4e-8598-41ae-8cf2-0cd50c68688a","SOAP_003.basePlot.cfc","D17","SOAP","distributed","P3kunhL9imDjQiMbDFF1+6iHWu+5aan+mKxYLzHg6oM=",,"2018-06-27T18:44Z","P3kunhL9imDjQiMbDFF1+6iHWu+5aan+yQWSQPv5owc=",,"OK",,"2018-06-28T18:33Z","fjames@battelleecology.org",2.470,"2018-06-28T23:30Z","2018-07-03T14:57Z",0.770,"kstone@battelleecology.org",8,7898.0,75,97.5,0.312,"fjames@battelleecology.org",,
"f07588a6-81ef-4fff-924b-ba8775bec9f1","SOAP_031.basePlot.cfc","D17","SOAP","tower","P3kunhL9imA6EGMWPAbDtXxl9hQrnuRP7SgnPayoiRQ=",,"2018-06-27T19:41Z","P3kunhL9imA6EGMWPAbDtXxl9hQrnuRP0Z74BDMU4qlixOeMR4drSg==",,"OK",,"2018-06-28T17:41Z","fjames@battelleecology.org",4.500,"2018-06-28T23:30Z","2018-07-03T14:58Z",2.530,"kstone@battelleecology.org",24,8972.0,95,282.0,0.562,"fjames@battelleecology.org",,
"850c06ec-ea10-4d5f-ac65-c4e2bf01e9d1","SOAP_031.basePlot.cfc","D17","SOAP","tower","P3kunhL9imCcaNqq5lNo5Xf42nSK+coV/dkqC8pfpnA=",,"2018-06-27T20:00Z","P3kunhL9imCcaNqq5lNo5Xf42nSK+coVivwkK+NqpeXk9FUo2VPPQw==",,"OK",,"2018-06-28T16:58Z","fjames@battelleecology.org",4.560,"2018-06-28T23:30Z","2018-07-03T15:00Z",2.770,"kstone@battelleecology.org",37,17628.0,95,157.1,0.607,"fjames@battelleecology.org",,
"889ce1d9-deca-4330-aec4-53cf8e34bbc2","SOAP_031.basePlot.cfc","D17","SOAP","tower","P3kunhL9imDJgYPbZUw0bVzgti8BJJchRt/ztvJS2NE=",,"2018-06-27T20:12Z","P3kunhL9imDJgYPbZUw0bVzgti8BJJchit3h5pMzzn8=",,"OK",,"2018-06-28T17:27Z","fjames@battelleecology.org",2.070,"2018-06-28T23:30Z","2018-07-03T14:56Z",0.970,"kstone@battelleecology.org",20,3059.0,100,317.1,0.469,"fjames@battelleecology.org",,
"a90aa2b1-cd36-45ae-b731-93a757ec1c56","SOAP_031.basePlot.cfc","D17","SOAP","tower","P3kunhL9imAT9aqsQMxA+LxNgRwlUTROgh+IjKm67lI=",,"2018-06-27T20:39Z","P3kunhL9imAT9aqsQMxA+LxNgRwlUTROizQ2NmjHhec=",,"OK",,"2018-06-28T18:53Z","fjames@battelleecology.org",0.850,"2018-06-28T23:30Z","2018-07-03T14:54Z",0.470,"kstone@battelleecology.org",12,6670.0,90,70.5,0.553,"fjames@battelleecology.org",,
"47f23faa-6290-4f1f-a204-19dfd3d35277","SOAP_031.basePlot.cfc","D17","SOAP","tower","P3kunhL9imAT9aqsQMxA+GuMPRBHB+pfZzQZkvQf3LE=",,"2018-06-27T20:43Z","P3kunhL9imAT9aqsQMxA+GuMPRBHB+pff7HstmDzSTY=",,"OK",,"2018-06-28T18:43Z","fjames@battelleecology.org",2.100,"2018-06-28T23:30Z","2018-07-03T14:49Z",1.110,"kstone@battelleecology.org",16,9169.0,100,121.1,0.529,"fjames@battelleecology.org",,
"1fb2c39c-ca17-4ab2-8b62-49bf55e48a83","SOAP_001.basePlot.cfc","D17","SOAP","distributed","P3kunhL9imAtCqDUp1aNJKy/gctCbpftGFWl76j+I3E=",,"2018-06-28T18:26Z","P3kunhL9imAtCqDUp1aNJKy/gctCbpft9wqyZmrBmZmgg9J+KAnEMw==",,"OK",,"2018-07-03T17:47Z","jcline@battelleecology.org",2.580,"2018-07-03T18:15Z","2018-07-05T15:55Z",1.460,"fjames@battelleecology.org",16,21203.0,100,68.9,0.566,"fjames@battelleecology.org",,
"6b1f9bdd-5e6d-4342-9d6c-824baa88482f","SOAP_001.basePlot.cfc","D17","SOAP","distributed","P3kunhL9imAtCqDUp1aNJKDALrRedjhrxLjepgp+t2M=",,"2018-06-28T18:27Z","P3kunhL9imAtCqDUp1aNJKDALrRedjhr7WSVHgjUn6BnsZlLYXxswA==",,"OK",,"2018-07-02T23:47Z","jcline@battelleecology.org",2.790,"2018-07-03T18:15Z","2018-07-05T15:53Z",1.400,"fjames@battelleecology.org",16,21052.0,100,66.5,0.502,"fjames@battelleecology.org",,
"85bb43b9-2be5-4153-86af-0f182f2e0522","SOAP_001.basePlot.cfc","D17","SOAP","distributed","P3kunhL9imCIrq52CTp1qTbQw84JydRMQDXKavvDIBY=",,"2018-06-28T18:29Z","P3kunhL9imCIrq52CTp1qTbQw84JydRMDQxuH31KiJptMiu+Z06YYQ==",,"OK",,"2018-07-03T18:04Z","jcline@battelleecology.org",2.680,"2018-07-03T18:14Z","2018-07-05T15:57Z",1.460,"fjames@battelleecology.org",20,11346.0,100,128.7,0.545,"fjames@battelleecology.org",,
