uid,namedLocation,domainID,siteID,plotID,plotType,sampleID,sampleCode,ligninSampleID,ligninSampleBarcode,collectDate,analysisDate,analyticalRepNumber,dryMass,digestVolume,foliarPhosphorusConc,foliarPotassiumConc,foliarCalciumConc,foliarMagnesiumConc,foliarSulfurConc,foliarManganeseConc,foliarIronConc,foliarCopperConc,foliarBoronConc,foliarZincConc,foliarPhosphorusQF,foliarPotassiumQF,foliarCalciumQF,foliarMagnesiumQF,foliarSulfurQF,foliarManganeseQF,foliarIronQF,foliarCopperQF,foliarBoronQF,foliarZincQF,remarks,laboratoryName,testMethod,analyzedBy,reviewedBy,dataQF
"7741a337-8ca4-4882-a820-aa686f3df7de","SOAP_006.basePlot.cfc","D17","SOAP","SOAP_006","distributed","P3kunhL9imA70jl1EnlumGtc9NYHsP9H/v+3jSqJQv0=",,"P3kunhL9imA70jl1EnlumGtc9NYHsP9Hn6NoW/v6clA=","A00000027123","2018-06-20T16:53Z","2020-10-15",1,0.200,25,0.222,1.362,0.853,0.196,0.123,72.2,154.1,6.0,23.9,25.0,"OK","OK","OK","OK","OK","OK","OK","OK","OK","OK",,"A and L Great Lakes","SOP APF-10-020","J/g6an6qIb0=","yOg/B621B2rBEidHmvFsEQ==",
"96c5b0a5-ed22-4c94-800a-7b5e3bd58b68","SOAP_002.basePlot.cfc","D17","SOAP","SOAP_002","distributed","P3kunhL9imALecDVNNols+Hs2m+9sYqcfzHqq4HPjdY=",,"P3kunhL9imALecDVNNols+Hs2m+9sYqcbh9gctG87GU=","A00000026300","2018-06-20T19:09Z","2020-10-15",1,0.200,25,0.227,2.478,0.591,0.232,0.133,405.8,235.4,4.2,14.1,38.7,"OK","OK","OK","OK","OK","OK","OK","OK","OK","OK",,"A and L Great Lakes","SOP APF-10-020","J/g6an6qIb0=","yOg/B621B2rBEidHmvFsEQ==",
"58d0110c-6e97-4bda-91f7-f5d10c74f635","SOAP_002.basePlot.cfc","D17","SOAP","SOAP_002","distributed","P3kunhL9imDcMwJNR7pXD9JwOM1O9//SsQlYaD0gEUo=",,"P3kunhL9imDcMwJNR7pXD9JwOM1O9//Sqzz2Oq2dYCVJU6uUZXy2GQ==","A00000026287","2018-06-20T19:11Z","2020-10-15",1,0.198,25,0.200,0.839,0.976,0.193,0.101,89.8,95.3,4.5,16.8,15.4,"OK","OK","OK","OK","OK","OK","OK","OK","OK","OK",,"A and L Great Lakes","SOP APF-10-020","J/g6an6qIb0=","yOg/B621B2rBEidHmvFsEQ==",
"78e3d85f-12e7-47ac-b70a-b61bc3bb948d","SOAP_002.basePlot.cfc","D17","SOAP","SOAP_002","distributed","P3kunhL9imDcMwJNR7pXD44rHggdR4ZwJ5ywFytmgoo=",,"P3kunhL9imDcMwJNR7pXD44rHggdR4Zwsluq/qNR/N7bG47SE9TdpA==","A00000026230","2018-06-20T19:43Z","2020-10-15",1,0.197,25,0.165,1.050,1.219,0.197,0.099,100.6,188.8,3.0,14.2,10.2,"OK","OK","OK","OK","OK","OK","OK","OK","OK","OK",,"A and L Great Lakes","SOP APF-10-020","J/g6an6qIb0=","yOg/B621B2rBEidHmvFsEQ==",
"13aa0e37-dba7-4386-a65d-74369767df1e","SOAP_002.basePlot.cfc","D17","SOAP","SOAP_002","distributed","P3kunhL9imDcMwJNR7pXD7J+nm5NB1mbR1eqYhuIsw4=",,"P3kunhL9imDcMwJNR7pXD7J+nm5NB1mbAOW8YF0FuCtz7USLRa4gOg==","A00000026268","2018-06-20T20:12Z","2020-10-15",1,0.202,25,0.201,0.819,2.017,0.313,0.102,122.4,110.1,3.7,12.4,16.1,"OK","OK","OK","OK","OK","OK","OK","OK","OK","OK",,"A and L Great Lakes","SOP APF-10-020","J/g6an6qIb0=","yOg/B621B2rBEidHmvFsEQ==",
"d9a1358e-283b-46aa-8f2c-80c3fceebab1","SOAP_043.basePlot.cfc","D17","SOAP","SOAP_043","tower","P3kunhL9imC/RYNA3UJyYlPBcXM1xPkGKY1xn2PR70k=",,"P3kunhL9imC/RYNA3UJyYlPBcXM1xPkGiJKfib2tP9sNS/FGk97B+Q==","A00000026196","2018-06-21T17:03Z","2020-10-15",1,0.199,25,0.084,0.448,1.738,0.599,0.053,69.4,44.2,2.9,16.9,26.3,"OK","OK","OK","OK","OK","OK","OK","OK","OK","OK",,"A and L Great Lakes","SOP APF-10-020","J/g6an6qIb0=","yOg/B621B2rBEidHmvFsEQ==",
"a555903a-cfc1-4893-b951-716bbeeb7005","SOAP_043.basePlot.cfc","D17","SOAP","SOAP_043","tower","P3kunhL9imBB73h8GPDce99AgyJlAtNfqHVdSCX5p30=",,"P3kunhL9imBB73h8GPDce99AgyJlAtNfMcrr+jDJTzw=","A00000026239","2018-06-21T18:09Z","2020-10-15",1,0.203,25,0.201,0.934,0.239,0.193,0.095,167.8,40.3,3.1,23.7,13.7,"OK","OK","OK","OK","OK","OK","OK","OK","OK","OK",,"A and L Great Lakes","SOP APF-10-020","J/g6an6qIb0=","yOg/B621B2rBEidHmvFsEQ==",
"c31385f1-db18-44cc-b8ec-639151a08774","SOAP_043.basePlot.cfc","D17","SOAP","SOAP_043","tower","P3kunhL9imB2ogM7Qwr3ufoX6jRrAN5TgIvwZqZpnE4=",,"P3kunhL9imB2ogM7Qwr3ufoX6jRrAN5T6eWd3bKa8tU=","A00000026249","2018-06-21T18:12Z","2020-10-15",1,0.202,25,0.317,0.986,1.017,0.239,0.169,204.7,91.1,8.6,27.2,40.2,"OK","OK","OK","OK","OK","OK","OK","OK","OK","OK",,"A and L Great Lakes","SOP APF-10-020","J/g6an6qIb0=","yOg/B621B2rBEidHmvFsEQ==",
"97b2c4c4-4312-497f-8e63-9d1b519df8da","SOAP_044.basePlot.cfc","D17","SOAP","SOAP_044","tower","P3kunhL9imCoWAM/ZrwpAiYpU+Sgsb4xV8aD5hvbcP4=",,"P3kunhL9imCoWAM/ZrwpAiYpU+Sgsb4xOvCYYktvd/QFV1d8y8u7aQ==","A00000026236","2018-06-21T19:36Z","2020-10-16",1,0.198,25,0.167,0.867,1.291,0.155,0.072,8.3,28.8,3.6,27.9,39.5,"OK","OK","OK","OK","OK","OK","OK","OK","OK","OK",,"A and L Great Lakes","SOP APF-10-020","J/g6an6qIb0=","yOg/B621B2rBEidHmvFsEQ==",
"73c5bcaa-21c0-402f-b87b-f3e5a101bfe6","SOAP_044.basePlot.cfc","D17","SOAP","SOAP_044","tower","P3kunhL9imCL7IL5J5RpwgmZI8nm9yVd2cYIWO0NCWA=",,"P3kunhL9imCL7IL5J5RpwgmZI8nm9yVdV9HJMArcFhk=","A00000026281","2018-06-21T19:39Z","2020-10-16",1,0.203,25,0.189,1.079,0.618,0.244,0.116,164.4,64.8,6.3,16.1,23.7,"OK","OK","OK","OK","OK","OK","OK","OK","OK","OK",,"A and L Great Lakes","SOP APF-10-020","J/g6an6qIb0=","yOg/B621B2rBEidHmvFsEQ==",
"82e27ccd-34cd-4a8e-97a9-d15f473b0e9d","SOAP_044.basePlot.cfc","D17","SOAP","SOAP_044","tower","P3kunhL9imAfVlcYyDBLENnYurhA6sSyzQiyctCa6Fc=",,"P3kunhL9imAfVlcYyDBLENnYurhA6sSyXXzKCsDYjJ2gvERrk+C5Jw==","A00000027112","2018-06-21T19:45Z","2020-10-16",1,0.198,25,0.102,0.547,0.693,0.146,0.082,345.2,32.5,3.8,33.8,11.7,"OK","OK","OK","OK","OK","OK","OK","OK","OK","OK",,"A and L Great Lakes","SOP APF-10-020","J/g6an6qIb0=","yOg/B621B2rBEidHmvFsEQ==",
"abc05cff-8f97-4dd9-b1a6-d30a2bee356a","SOAP_008.basePlot.cfc","D17","SOAP","SOAP_008","distributed","P3kunhL9imD8wsAmAZLigSK2UAzTfCFhnwFBpM46v4M=",,"P3kunhL9imD8wsAmAZLigSK2UAzTfCFhXe8ODfrTXCs=","A00000026304","2018-06-26T17:13Z","2020-10-15",1,0.194,25,0.113,0.783,0.905,0.157,0.073,167.3,171.5,5.2,25.6,27.1,"OK","OK","OK","OK","OK","OK","OK","OK","OK","OK",,"A and L Great Lakes","SOP APF-10-020","J/g6an6qIb0=","yOg/B621B2rBEidHmvFsEQ==",
"fea6926d-4eb6-49b4-af26-05b03b53893e","SOAP_007.basePlot.cfc","D17","SOAP","SOAP_007","distributed","P3kunhL9imDHdca1Uo9t31rlfqCqQI6Uq4pYIko2Yug=",,"P3kunhL9imDHdca1Uo9t31rlfqCqQI6URe34Vr6o8Qs=","A00000027124","2018-06-26T18:40Z","2020-10-15",1,0.200,25,0.217,1.289,0.679,0.168,0.086,85.8,60.7,4.0,14.7,25.4,"OK","OK","OK","OK","OK","OK","OK","OK","OK","OK",,"A and L Great Lakes","SOP APF-10-020","J/g6an6qIb0=","yOg/B621B2rBEidHmvFsEQ==",
"7d840daa-792a-474b-8441-1b15859abffb","SOAP_045.basePlot.cfc","D17","SOAP","SOAP_045","tower","P3kunhL9imD3XS6HMNxU6CGHnkK3IlDh6pQ0l0inFJg=",,"P3kunhL9imD3XS6HMNxU6CGHnkK3IlDhXTIZj6coh1GztbF6aovY6g==","A00000026301","2018-06-26T20:04Z","2020-10-16",1,0.203,25,0.125,0.863,0.870,0.272,0.060,15.7,34.7,4.4,19.1,27.6,"OK","OK","OK","OK","OK","OK","OK","OK","OK","OK",,"A and L Great Lakes","SOP APF-10-020","J/g6an6qIb0=","yOg/B621B2rBEidHmvFsEQ==",
"b97f9bfc-2e6d-4c7b-8ee5-19b27755f3d5","SOAP_045.basePlot.cfc","D17","SOAP","SOAP_045","tower","P3kunhL9imCLhHZCGaVU5i/FWdw+dN9aiY/xyorbUUQ=",,"P3kunhL9imCLhHZCGaVU5i/FWdw+dN9a41YncDBk4Lp4N3oe7sOCmA==","A00000026282","2018-06-26T20:07Z","2020-10-16",1,0.204,25,0.147,1.029,0.861,0.128,0.093,26.7,50.8,3.0,16.8,17.2,"OK","OK","OK","OK","OK","OK","OK","OK","OK","OK",,"A and L Great Lakes","SOP APF-10-020","J/g6an6qIb0=","yOg/B621B2rBEidHmvFsEQ==",
"ba88debd-5105-4e2c-8d2b-c3d738f8e0c1","SOAP_045.basePlot.cfc","D17","SOAP","SOAP_045","tower","P3kunhL9imDuWescO8pkuXaAyVGREIwyp8voGRAb5N4=",,"P3kunhL9imDuWescO8pkuXaAyVGREIwyfZPhMfSqgBM=","A00000026188","2018-06-26T20:11Z","2020-10-16",1,0.200,25,0.261,0.966,1.029,0.210,0.167,291.5,104.5,7.2,25.2,32.8,"OK","OK","OK","OK","OK","OK","OK","OK","OK","OK",,"A and L Great Lakes","SOP APF-10-020","J/g6an6qIb0=","yOg/B621B2rBEidHmvFsEQ==",
"aeef8a51-1adc-44fb-9bcc-1c9b23619838","SOAP_045.basePlot.cfc","D17","SOAP","SOAP_045","tower","P3kunhL9imBoGOImDD3OMe8+Vq8OHhbGRXivA95BtUY=",,"P3kunhL9imBoGOImDD3OMe8+Vq8OHhbGxSySVlvc31lbvzKovY00VA==","A00000026273","2018-06-26T20:15Z","2020-10-16",1,0.202,25,0.100,0.717,1.343,0.183,0.069,62.3,73.5,1.6,9.7,6.9,"OK","OK","OK","OK","OK","OK","OK","OK","OK","OK",,"A and L Great Lakes","SOP APF-10-020","J/g6an6qIb0=","yOg/B621B2rBEidHmvFsEQ==",
"eedbc21c-51bc-4071-abc3-6d9c1d329928","SOAP_005.basePlot.cfc","D17","SOAP","SOAP_005","distributed","P3kunhL9imC869xF41scI37CS5B252Zj50BroFy/QK4=",,"P3kunhL9imC869xF41scI37CS5B252ZjleCYFyJRgZWiD3b59DSZ+g==","A00000026270","2018-06-27T17:06Z","2020-10-15",1,0.201,25,0.253,0.823,0.834,0.219,0.114,90.3,118.4,4.5,19.2,18.9,"OK","OK","OK","OK","OK","OK","OK","OK","OK","OK",,"A and L Great Lakes","SOP APF-10-020","J/g6an6qIb0=","yOg/B621B2rBEidHmvFsEQ==",
"c4877784-4ad2-42b5-9b12-83dc5faa4668","SOAP_005.basePlot.cfc","D17","SOAP","SOAP_005","distributed","P3kunhL9imAVUyj+jGZAamAc+NSicMATCYdCzNQFW+Q=",,"P3kunhL9imAVUyj+jGZAamAc+NSicMATSE/oPmT4rmE=","A00000026215","2018-06-27T17:08Z","2020-10-15",1,0.203,25,0.288,1.012,0.923,0.324,0.131,349.1,64.7,8.5,50.6,41.5,"OK","OK","OK","OK","OK","OK","OK","OK","OK","OK",,"A and L Great Lakes","SOP APF-10-020","J/g6an6qIb0=","yOg/B621B2rBEidHmvFsEQ==",
"b9ca7862-42e2-4b56-9be0-76a566d067c9","SOAP_005.basePlot.cfc","D17","SOAP","SOAP_005","distributed","P3kunhL9imAuveiugLwoB+sE6loJoNaPcZ8rTSJG2LU=",,"P3kunhL9imAuveiugLwoB+sE6loJoNaPZavC6V0Bb65x48T3Yvg3EQ==","A00000026256","2018-06-27T17:16Z","2020-10-15",1,0.203,25,0.121,0.508,1.300,0.183,0.084,832.5,39.8,6.2,47.0,19.0,"OK","OK","OK","OK","OK","OK","OK","OK","OK","OK",,"A and L Great Lakes","SOP APF-10-020","J/g6an6qIb0=","yOg/B621B2rBEidHmvFsEQ==",
"b9bd78c3-9e10-4e9c-be06-b9d504e1c2f1","SOAP_003.basePlot.cfc","D17","SOAP","SOAP_003","distributed","P3kunhL9imDjQiMbDFF1+6iHWu+5aan+mKxYLzHg6oM=",,"P3kunhL9imDjQiMbDFF1+6iHWu+5aan+zSxpCz4LLAQ=","A00000030554","2018-06-27T18:44Z","2020-10-15",1,0.196,25,0.095,0.747,0.849,0.102,0.054,126.4,58.1,1.6,10.8,10.2,"OK","OK","OK","OK","OK","OK","OK","OK","OK","OK",,"A and L Great Lakes","SOP APF-10-020","J/g6an6qIb0=","yOg/B621B2rBEidHmvFsEQ==",
"2a22121c-fc53-4cf0-a83a-95b54afb8a64","SOAP_031.basePlot.cfc","D17","SOAP","SOAP_031","tower","P3kunhL9imA6EGMWPAbDtXxl9hQrnuRP7SgnPayoiRQ=",,"P3kunhL9imA6EGMWPAbDtXxl9hQrnuRPwXTb/BgBof+DnM+FXcNrBQ==","A00000027120","2018-06-27T19:41Z","2020-10-15",1,0.197,25,0.097,0.678,2.215,0.284,0.078,277.0,113.2,1.6,13.6,9.8,"OK","OK","OK","OK","OK","OK","OK","OK","OK","OK",,"A and L Great Lakes","SOP APF-10-020","J/g6an6qIb0=","yOg/B621B2rBEidHmvFsEQ==",
"6304273c-67fd-4403-9846-11a653bfdbf3","SOAP_031.basePlot.cfc","D17","SOAP","SOAP_031","tower","P3kunhL9imCcaNqq5lNo5Xf42nSK+coV/dkqC8pfpnA=",,"P3kunhL9imCcaNqq5lNo5Xf42nSK+coVIx9jdqXwrctIVgWm5R5Inw==","A00000026231","2018-06-27T20:00Z","2020-10-15",1,0.203,25,0.098,0.595,0.786,0.172,0.086,682.1,60.8,4.0,14.8,19.6,"OK","OK","OK","OK","OK","OK","OK","OK","OK","OK",,"A and L Great Lakes","SOP APF-10-020","J/g6an6qIb0=","yOg/B621B2rBEidHmvFsEQ==",
"f8f0c1c1-99c7-464f-8c88-9d8f29a6ae4d","SOAP_031.basePlot.cfc","D17","SOAP","SOAP_031","tower","P3kunhL9imDJgYPbZUw0bVzgti8BJJchRt/ztvJS2NE=",,"P3kunhL9imDJgYPbZUw0bVzgti8BJJchxCvBdLd7GJk=","A00000026233","2018-06-27T20:12Z","2020-10-15",1,0.200,25,0.197,1.308,0.158,0.139,0.103,142.1,39.1,6.8,19.8,28.5,"OK","OK","OK","OK","OK","OK","OK","OK","OK","OK",,"A and L Great Lakes","SOP APF-10-020","J/g6an6qIb0=","yOg/B621B2rBEidHmvFsEQ==",
"e03c8f10-59cb-407e-8878-df0554d1f302","SOAP_031.basePlot.cfc","D17","SOAP","SOAP_031","tower","P3kunhL9imAT9aqsQMxA+LxNgRwlUTROgh+IjKm67lI=",,"P3kunhL9imAT9aqsQMxA+LxNgRwlUTROhRuqMSXkYoE=","A00000026219","2018-06-27T20:39Z","2020-10-15",1,0.196,25,0.123,0.915,0.832,0.186,0.085,183.6,134.6,5.6,20.6,17.3,"OK","OK","OK","OK","OK","OK","OK","OK","OK","OK",,"A and L Great Lakes","SOP APF-10-020","J/g6an6qIb0=","yOg/B621B2rBEidHmvFsEQ==",
"198875ff-ce1e-426b-bd9f-dc26c98acd9d","SOAP_031.basePlot.cfc","D17","SOAP","SOAP_031","tower","P3kunhL9imAT9aqsQMxA+GuMPRBHB+pfZzQZkvQf3LE=",,"P3kunhL9imAT9aqsQMxA+GuMPRBHB+pfr7OboPXPkZU=","A00000027115","2018-06-27T20:43Z","2020-10-15",1,0.201,25,0.206,1.208,1.131,0.136,0.086,107.3,108.3,3.6,23.5,18.5,"OK","OK","OK","OK","OK","OK","OK","OK","OK","OK",,"A and L Great Lakes","SOP APF-10-020","J/g6an6qIb0=","yOg/B621B2rBEidHmvFsEQ==",
"9145ab1f-c85a-4b1b-bd21-f25280ded507","SOAP_001.basePlot.cfc","D17","SOAP","SOAP_001","distributed","P3kunhL9imAtCqDUp1aNJKy/gctCbpftGFWl76j+I3E=",,"P3kunhL9imAtCqDUp1aNJKy/gctCbpfteFLaVaGN7+ueEeaBPufPfA==","A00000026296","2018-06-28T18:26Z","2020-10-15",1,0.200,25,0.180,1.767,2.381,0.501,0.127,214.9,66.7,5.1,74.7,32.6,"OK","OK","OK","OK","OK","OK","OK","OK","OK","OK",,"A and L Great Lakes","SOP APF-10-020","J/g6an6qIb0=","yOg/B621B2rBEidHmvFsEQ==",
"aec353ae-739e-4e06-89f3-128cca000c49","SOAP_001.basePlot.cfc","D17","SOAP","SOAP_001","distributed","P3kunhL9imAtCqDUp1aNJKDALrRedjhrxLjepgp+t2M=",,"P3kunhL9imAtCqDUp1aNJKDALrRedjhrCh4IaCezgS/Hty0wSHicMA==","A00000026201","2018-06-28T18:27Z","2020-10-15",1,0.200,25,0.164,1.676,2.645,0.277,0.107,265.7,56.0,4.5,45.6,32.4,"OK","OK","OK","OK","OK","OK","OK","OK","OK","OK",,"A and L Great Lakes","SOP APF-10-020","J/g6an6qIb0=","yOg/B621B2rBEidHmvFsEQ==",
"06159ee3-d628-4088-9d24-16807f58361b","SOAP_001.basePlot.cfc","D17","SOAP","SOAP_001","distributed","P3kunhL9imCIrq52CTp1qTbQw84JydRMQDXKavvDIBY=",,"P3kunhL9imCIrq52CTp1qTbQw84JydRMLkXl1cDuo47scX1pdLkfFA==","A00000026198","2018-06-28T18:29Z","2020-10-15",1,0.199,25,0.155,0.967,1.667,0.222,0.125,30.0,60.5,1.4,25.4,15.9,"OK","OK","OK","OK","OK","OK","OK","OK","OK","OK",,"A and L Great Lakes","SOP APF-10-020","J/g6an6qIb0=","yOg/B621B2rBEidHmvFsEQ==",
