uid,namedLocation,domainID,siteID,plotID,plotType,sampleID,sampleCode,ligninSampleID,ligninSampleBarcode,collectDate,analysisDate,analyticalRepNumber,dryMass,ligninPercent,cellulosePercent,measurementQF,accuracyQF,remarks,laboratoryName,testMethod,analyzedBy,reviewedBy,dataQF
"8309cff0-e9a4-4c58-8774-658fb6504e71","SOAP_006.basePlot.cfc","D17","SOAP","SOAP_006","distributed","P3kunhL9imA70jl1EnlumGtc9NYHsP9H/v+3jSqJQv0=",,"P3kunhL9imA70jl1EnlumGtc9NYHsP9Hn6NoW/v6clA=","A00000027123","2018-06-20T16:53Z","2019-01-09",1,0.493,13.46,17.41,"OK","OK",,"University of Florida Wetland Biogeochemistry Laboratory","WBL-M-028","8kr+qfmeu1FQ7vvHWE7F/A==","5NMApxg5Cd0pWFY84VRdIg==",
"fe1ebf3e-66e9-4f25-9f67-96f97940c6f4","SOAP_002.basePlot.cfc","D17","SOAP","SOAP_002","distributed","P3kunhL9imALecDVNNols+Hs2m+9sYqcfzHqq4HPjdY=",,"P3kunhL9imALecDVNNols+Hs2m+9sYqcbh9gctG87GU=","A00000026300","2018-06-20T19:09Z","2019-01-09",1,0.497,4.61,31.37,"OK","OK",,"University of Florida Wetland Biogeochemistry Laboratory","WBL-M-028","8kr+qfmeu1FQ7vvHWE7F/A==","5NMApxg5Cd0pWFY84VRdIg==",
"45f1bdba-41d1-4a11-8fde-74b4b7c228cf","SOAP_002.basePlot.cfc","D17","SOAP","SOAP_002","distributed","P3kunhL9imALecDVNNols+Hs2m+9sYqcfzHqq4HPjdY=",,"P3kunhL9imALecDVNNols+Hs2m+9sYqcbh9gctG87GU=","A00000026300","2018-06-20T19:09Z","2019-01-09",2,0.498,3.93,31.06,"OK","OK",,"University of Florida Wetland Biogeochemistry Laboratory","WBL-M-028","8kr+qfmeu1FQ7vvHWE7F/A==","5NMApxg5Cd0pWFY84VRdIg==",
"118689e8-3ee6-4569-82a1-8fd43afc4afc","SOAP_002.basePlot.cfc","D17","SOAP","SOAP_002","distributed","P3kunhL9imDcMwJNR7pXD9JwOM1O9//SsQlYaD0gEUo=",,"P3kunhL9imDcMwJNR7pXD9JwOM1O9//Sqzz2Oq2dYCVJU6uUZXy2GQ==","A00000026287","2018-06-20T19:11Z","2019-01-09",1,0.492,12.82,16.12,"OK","OK",,"University of Florida Wetland Biogeochemistry Laboratory","WBL-M-028","8kr+qfmeu1FQ7vvHWE7F/A==","5NMApxg5Cd0pWFY84VRdIg==",
"eaa26291-fc83-47fd-8589-9f029c5a310d","SOAP_002.basePlot.cfc","D17","SOAP","SOAP_002","distributed","P3kunhL9imDcMwJNR7pXD44rHggdR4ZwJ5ywFytmgoo=",,"P3kunhL9imDcMwJNR7pXD44rHggdR4Zwsluq/qNR/N7bG47SE9TdpA==","A00000026230","2018-06-20T19:43Z","2019-01-09",1,0.496,13.94,16.84,"OK","OK",,"University of Florida Wetland Biogeochemistry Laboratory","WBL-M-028","8kr+qfmeu1FQ7vvHWE7F/A==","5NMApxg5Cd0pWFY84VRdIg==",
"7832addf-8351-4b8d-a51c-4fc40479a382","SOAP_002.basePlot.cfc","D17","SOAP","SOAP_002","distributed","P3kunhL9imDcMwJNR7pXD7J+nm5NB1mbR1eqYhuIsw4=",,"P3kunhL9imDcMwJNR7pXD7J+nm5NB1mbAOW8YF0FuCtz7USLRa4gOg==","A00000026268","2018-06-20T20:12Z","2019-01-09",1,0.494,11.22,13.25,"OK","OK",,"University of Florida Wetland Biogeochemistry Laboratory","WBL-M-028","8kr+qfmeu1FQ7vvHWE7F/A==","5NMApxg5Cd0pWFY84VRdIg==",
"fc668f25-eaa6-4974-86ff-695f4be408ed","SOAP_043.basePlot.cfc","D17","SOAP","SOAP_043","tower","P3kunhL9imC/RYNA3UJyYlPBcXM1xPkGKY1xn2PR70k=",,"P3kunhL9imC/RYNA3UJyYlPBcXM1xPkGiJKfib2tP9sNS/FGk97B+Q==","A00000026196","2018-06-21T17:03Z","2018-09-18",1,0.535,23.05,20.02,"OK","OK",,"University of Florida Wetland Biogeochemistry Laboratory","WBL-M-028","8kr+qfmeu1FQ7vvHWE7F/A==","5NMApxg5Cd0pWFY84VRdIg==",
"6237a87b-3d04-49f0-a727-dacbfa45254e","SOAP_043.basePlot.cfc","D17","SOAP","SOAP_043","tower","P3kunhL9imBB73h8GPDce99AgyJlAtNfqHVdSCX5p30=",,"P3kunhL9imBB73h8GPDce99AgyJlAtNfMcrr+jDJTzw=","A00000026239","2018-06-21T18:09Z","2018-09-18",1,0.515,18.53,23.91,"OK","OK",,"University of Florida Wetland Biogeochemistry Laboratory","WBL-M-028","8kr+qfmeu1FQ7vvHWE7F/A==","5NMApxg5Cd0pWFY84VRdIg==",
"b2b5b2fc-e2c5-4dc9-ab74-a39519d178d8","SOAP_043.basePlot.cfc","D17","SOAP","SOAP_043","tower","P3kunhL9imB2ogM7Qwr3ufoX6jRrAN5TgIvwZqZpnE4=",,"P3kunhL9imB2ogM7Qwr3ufoX6jRrAN5T6eWd3bKa8tU=","A00000026249","2018-06-21T18:12Z","2018-09-18",1,0.489,10.61,16.75,"OK","OK",,"University of Florida Wetland Biogeochemistry Laboratory","WBL-M-028","8kr+qfmeu1FQ7vvHWE7F/A==","5NMApxg5Cd0pWFY84VRdIg==",
"867eef7c-abf6-4673-acff-b10038c0cf8e","SOAP_044.basePlot.cfc","D17","SOAP","SOAP_044","tower","P3kunhL9imCoWAM/ZrwpAiYpU+Sgsb4xV8aD5hvbcP4=",,"P3kunhL9imCoWAM/ZrwpAiYpU+Sgsb4xOvCYYktvd/QFV1d8y8u7aQ==","A00000026236","2018-06-21T19:36Z","2018-09-18",1,0.482,21.44,18.18,"OK","OK",,"University of Florida Wetland Biogeochemistry Laboratory","WBL-M-028","8kr+qfmeu1FQ7vvHWE7F/A==","5NMApxg5Cd0pWFY84VRdIg==",
"8cc14c2e-8c21-410c-b102-0b72e3deb17f","SOAP_044.basePlot.cfc","D17","SOAP","SOAP_044","tower","P3kunhL9imCL7IL5J5RpwgmZI8nm9yVd2cYIWO0NCWA=",,"P3kunhL9imCL7IL5J5RpwgmZI8nm9yVdV9HJMArcFhk=","A00000026281","2018-06-21T19:39Z","2018-09-18",1,0.506,11.42,19.10,"OK","OK",,"University of Florida Wetland Biogeochemistry Laboratory","WBL-M-028","8kr+qfmeu1FQ7vvHWE7F/A==","5NMApxg5Cd0pWFY84VRdIg==",
"357bc8ae-f186-479a-9c52-5aea785169b3","SOAP_044.basePlot.cfc","D17","SOAP","SOAP_044","tower","P3kunhL9imAfVlcYyDBLENnYurhA6sSyzQiyctCa6Fc=",,"P3kunhL9imAfVlcYyDBLENnYurhA6sSyXXzKCsDYjJ2gvERrk+C5Jw==","A00000027112","2018-06-21T19:45Z","2018-09-18",1,0.521,18.69,26.48,"OK","OK",,"University of Florida Wetland Biogeochemistry Laboratory","WBL-M-028","8kr+qfmeu1FQ7vvHWE7F/A==","5NMApxg5Cd0pWFY84VRdIg==",
"86e3630e-e4f8-4094-87c5-bdf9cc0b8320","SOAP_044.basePlot.cfc","D17","SOAP","SOAP_044","tower","P3kunhL9imAfVlcYyDBLENnYurhA6sSyzQiyctCa6Fc=",,"P3kunhL9imAfVlcYyDBLENnYurhA6sSyXXzKCsDYjJ2gvERrk+C5Jw==","A00000027112","2018-06-21T19:45Z","2018-09-18",2,0.525,16.38,24.37,"OK","OK",,"University of Florida Wetland Biogeochemistry Laboratory","WBL-M-028","8kr+qfmeu1FQ7vvHWE7F/A==","5NMApxg5Cd0pWFY84VRdIg==",
"615a592f-8a58-4fef-ad3a-c697520f04e4","SOAP_008.basePlot.cfc","D17","SOAP","SOAP_008","distributed","P3kunhL9imD8wsAmAZLigSK2UAzTfCFhnwFBpM46v4M=",,"P3kunhL9imD8wsAmAZLigSK2UAzTfCFhXe8ODfrTXCs=","A00000026304","2018-06-26T17:13Z","2019-01-09",1,0.499,18.82,19.28,"OK","OK",,"University of Florida Wetland Biogeochemistry Laboratory","WBL-M-028","8kr+qfmeu1FQ7vvHWE7F/A==","5NMApxg5Cd0pWFY84VRdIg==",
"8deee93c-0a58-494f-9aaa-d8a8b0a0aa0f","SOAP_007.basePlot.cfc","D17","SOAP","SOAP_007","distributed","P3kunhL9imDHdca1Uo9t31rlfqCqQI6Uq4pYIko2Yug=",,"P3kunhL9imDHdca1Uo9t31rlfqCqQI6URe34Vr6o8Qs=","A00000027124","2018-06-26T18:40Z","2019-01-09",1,0.492,14.55,26.98,"OK","OK",,"University of Florida Wetland Biogeochemistry Laboratory","WBL-M-028","8kr+qfmeu1FQ7vvHWE7F/A==","5NMApxg5Cd0pWFY84VRdIg==",
"5f938e72-06c1-4ea5-8347-289bade5495f","SOAP_045.basePlot.cfc","D17","SOAP","SOAP_045","tower","P3kunhL9imD3XS6HMNxU6CGHnkK3IlDh6pQ0l0inFJg=",,"P3kunhL9imD3XS6HMNxU6CGHnkK3IlDhXTIZj6coh1GztbF6aovY6g==","A00000026301","2018-06-26T20:04Z","2018-09-18",1,0.511,23.51,21.82,"OK","OK",,"University of Florida Wetland Biogeochemistry Laboratory","WBL-M-028","8kr+qfmeu1FQ7vvHWE7F/A==","5NMApxg5Cd0pWFY84VRdIg==",
"e142f7f5-877b-4429-9fd4-e4d73946ea3f","SOAP_045.basePlot.cfc","D17","SOAP","SOAP_045","tower","P3kunhL9imCLhHZCGaVU5i/FWdw+dN9aiY/xyorbUUQ=",,"P3kunhL9imCLhHZCGaVU5i/FWdw+dN9a41YncDBk4Lp4N3oe7sOCmA==","A00000026282","2018-06-26T20:07Z","2018-09-18",1,0.516,22.35,13.98,"OK","OK",,"University of Florida Wetland Biogeochemistry Laboratory","WBL-M-028","8kr+qfmeu1FQ7vvHWE7F/A==","5NMApxg5Cd0pWFY84VRdIg==",
"f7639374-bd0f-46ec-8a95-87c5e0779dea","SOAP_045.basePlot.cfc","D17","SOAP","SOAP_045","tower","P3kunhL9imDuWescO8pkuXaAyVGREIwyp8voGRAb5N4=",,"P3kunhL9imDuWescO8pkuXaAyVGREIwyfZPhMfSqgBM=","A00000026188","2018-06-26T20:11Z","2018-09-18",1,0.539,10.37,16.40,"OK","OK",,"University of Florida Wetland Biogeochemistry Laboratory","WBL-M-028","8kr+qfmeu1FQ7vvHWE7F/A==","5NMApxg5Cd0pWFY84VRdIg==",
"57826bc8-a536-49dd-801b-0073abc626a9","SOAP_045.basePlot.cfc","D17","SOAP","SOAP_045","tower","P3kunhL9imBoGOImDD3OMe8+Vq8OHhbGRXivA95BtUY=",,"P3kunhL9imBoGOImDD3OMe8+Vq8OHhbGxSySVlvc31lbvzKovY00VA==","A00000026273","2018-06-26T20:15Z","2018-09-18",1,0.490,12.05,11.97,"OK","OK",,"University of Florida Wetland Biogeochemistry Laboratory","WBL-M-028","8kr+qfmeu1FQ7vvHWE7F/A==","5NMApxg5Cd0pWFY84VRdIg==",
"c8fc702b-1962-4d94-a6d8-babcaf53592f","SOAP_005.basePlot.cfc","D17","SOAP","SOAP_005","distributed","P3kunhL9imC869xF41scI37CS5B252Zj50BroFy/QK4=",,"P3kunhL9imC869xF41scI37CS5B252ZjleCYFyJRgZWiD3b59DSZ+g==","A00000026270","2018-06-27T17:06Z","2019-01-09",1,0.505,16.09,16.16,"OK","OK",,"University of Florida Wetland Biogeochemistry Laboratory","WBL-M-028","8kr+qfmeu1FQ7vvHWE7F/A==","5NMApxg5Cd0pWFY84VRdIg==",
"9336e292-1821-4e76-9b99-ef4ab4b33e32","SOAP_005.basePlot.cfc","D17","SOAP","SOAP_005","distributed","P3kunhL9imAVUyj+jGZAamAc+NSicMATCYdCzNQFW+Q=",,"P3kunhL9imAVUyj+jGZAamAc+NSicMATSE/oPmT4rmE=","A00000026215","2018-06-27T17:08Z","2019-01-09",1,0.489,10.66,15.46,"OK","OK",,"University of Florida Wetland Biogeochemistry Laboratory","WBL-M-028","8kr+qfmeu1FQ7vvHWE7F/A==","5NMApxg5Cd0pWFY84VRdIg==",
"9968333b-fa87-46a4-975d-fa07974b917f","SOAP_005.basePlot.cfc","D17","SOAP","SOAP_005","distributed","P3kunhL9imAuveiugLwoB+sE6loJoNaPcZ8rTSJG2LU=",,"P3kunhL9imAuveiugLwoB+sE6loJoNaPZavC6V0Bb65x48T3Yvg3EQ==","A00000026256","2018-06-27T17:16Z","2019-01-09",1,0.503,17.35,22.42,"OK","OK",,"University of Florida Wetland Biogeochemistry Laboratory","WBL-M-028","8kr+qfmeu1FQ7vvHWE7F/A==","5NMApxg5Cd0pWFY84VRdIg==",
"6650cb92-3714-4321-9991-63b7c4bc752b","SOAP_003.basePlot.cfc","D17","SOAP","SOAP_003","distributed","P3kunhL9imDjQiMbDFF1+6iHWu+5aan+mKxYLzHg6oM=",,"P3kunhL9imDjQiMbDFF1+6iHWu+5aan+zSxpCz4LLAQ=","A00000030554","2018-06-27T18:44Z","2019-01-09",1,0.500,8.62,43.82,"OK","OK",,"University of Florida Wetland Biogeochemistry Laboratory","WBL-M-028","8kr+qfmeu1FQ7vvHWE7F/A==","5NMApxg5Cd0pWFY84VRdIg==",
"31206d16-1477-46a4-9b44-40f788edfae2","SOAP_031.basePlot.cfc","D17","SOAP","SOAP_031","tower","P3kunhL9imA6EGMWPAbDtXxl9hQrnuRP7SgnPayoiRQ=",,"P3kunhL9imA6EGMWPAbDtXxl9hQrnuRPwXTb/BgBof+DnM+FXcNrBQ==","A00000027120","2018-06-27T19:41Z","2018-09-18",1,0.478,15.99,14.64,"OK","OK",,"University of Florida Wetland Biogeochemistry Laboratory","WBL-M-028","8kr+qfmeu1FQ7vvHWE7F/A==","5NMApxg5Cd0pWFY84VRdIg==",
"9a7985b4-37ac-43b3-ba70-94e4435c95c4","SOAP_031.basePlot.cfc","D17","SOAP","SOAP_031","tower","P3kunhL9imCcaNqq5lNo5Xf42nSK+coV/dkqC8pfpnA=",,"P3kunhL9imCcaNqq5lNo5Xf42nSK+coVIx9jdqXwrctIVgWm5R5Inw==","A00000026231","2018-06-27T20:00Z","2018-09-18",1,0.477,16.71,25.49,"OK","OK",,"University of Florida Wetland Biogeochemistry Laboratory","WBL-M-028","8kr+qfmeu1FQ7vvHWE7F/A==","5NMApxg5Cd0pWFY84VRdIg==",
"af540f1d-89cb-4a97-8531-a81e9d574fc3","SOAP_031.basePlot.cfc","D17","SOAP","SOAP_031","tower","P3kunhL9imDJgYPbZUw0bVzgti8BJJchRt/ztvJS2NE=",,"P3kunhL9imDJgYPbZUw0bVzgti8BJJchxCvBdLd7GJk=","A00000026233","2018-06-27T20:12Z","2018-09-18",1,0.502,19.58,25.66,"OK","OK",,"University of Florida Wetland Biogeochemistry Laboratory","WBL-M-028","8kr+qfmeu1FQ7vvHWE7F/A==","5NMApxg5Cd0pWFY84VRdIg==",
"9e14f25f-71fa-4250-8dec-ca07742fba5d","SOAP_031.basePlot.cfc","D17","SOAP","SOAP_031","tower","P3kunhL9imAT9aqsQMxA+LxNgRwlUTROgh+IjKm67lI=",,"P3kunhL9imAT9aqsQMxA+LxNgRwlUTROhRuqMSXkYoE=","A00000026219","2018-06-27T20:39Z","2018-09-18",1,0.511,23.62,16.23,"OK","OK",,"University of Florida Wetland Biogeochemistry Laboratory","WBL-M-028","8kr+qfmeu1FQ7vvHWE7F/A==","5NMApxg5Cd0pWFY84VRdIg==",
"5e44d23c-9209-45f7-90c0-b9eda582fc07","SOAP_031.basePlot.cfc","D17","SOAP","SOAP_031","tower","P3kunhL9imAT9aqsQMxA+GuMPRBHB+pfZzQZkvQf3LE=",,"P3kunhL9imAT9aqsQMxA+GuMPRBHB+pfr7OboPXPkZU=","A00000027115","2018-06-27T20:43Z","2018-09-18",1,0.531,18.09,26.25,"OK","OK",,"University of Florida Wetland Biogeochemistry Laboratory","WBL-M-028","8kr+qfmeu1FQ7vvHWE7F/A==","5NMApxg5Cd0pWFY84VRdIg==",
"ddd0179c-57ac-48aa-9724-ec627dc91509","SOAP_001.basePlot.cfc","D17","SOAP","SOAP_001","distributed","P3kunhL9imAtCqDUp1aNJKy/gctCbpftGFWl76j+I3E=",,"P3kunhL9imAtCqDUp1aNJKy/gctCbpfteFLaVaGN7+ueEeaBPufPfA==","A00000026296","2018-06-28T18:26Z","2019-01-09",1,0.499,8.93,11.02,"OK","OK",,"University of Florida Wetland Biogeochemistry Laboratory","WBL-M-028","8kr+qfmeu1FQ7vvHWE7F/A==","5NMApxg5Cd0pWFY84VRdIg==",
"09ff8dca-3de5-493a-b19c-20ffe4c82d55","SOAP_001.basePlot.cfc","D17","SOAP","SOAP_001","distributed","P3kunhL9imAtCqDUp1aNJKDALrRedjhrxLjepgp+t2M=",,"P3kunhL9imAtCqDUp1aNJKDALrRedjhrCh4IaCezgS/Hty0wSHicMA==","A00000026201","2018-06-28T18:27Z","2019-01-09",1,0.508,7.74,10.97,"OK","OK",,"University of Florida Wetland Biogeochemistry Laboratory","WBL-M-028","8kr+qfmeu1FQ7vvHWE7F/A==","5NMApxg5Cd0pWFY84VRdIg==",
"7a470825-47ee-40e2-a105-dc70c338f6ef","SOAP_001.basePlot.cfc","D17","SOAP","SOAP_001","distributed","P3kunhL9imCIrq52CTp1qTbQw84JydRMQDXKavvDIBY=",,"P3kunhL9imCIrq52CTp1qTbQw84JydRMLkXl1cDuo47scX1pdLkfFA==","A00000026198","2018-06-28T18:29Z","2019-01-09",1,0.495,13.44,14.28,"OK","OK",,"University of Florida Wetland Biogeochemistry Laboratory","WBL-M-028","8kr+qfmeu1FQ7vvHWE7F/A==","5NMApxg5Cd0pWFY84VRdIg==",
