uid,namedLocation,domainID,siteID,plotID,plotType,sampleID,sampleCode,collectDate,ovenStartDate,ovenEndDate,sampleCondition,cnSampleID,cnSampleCode,ligninSampleID,ligninSampleBarcode,archiveSampleID,archiveSampleCode,archiveMass,toxicodendronPossible,processedBy,remarks,dataQF
"a7eb3fe4-7112-4653-b0c4-de0f5ec30e50","SOAP_006.basePlot.cfc","D17","SOAP","SOAP_006","distributed","P3kunhL9imA70jl1EnlumGtc9NYHsP9H/v+3jSqJQv0=",,"2018-06-20T16:53Z","2018-06-25T23:00Z","2018-06-28T22:00Z","OK","P3kunhL9imA70jl1EnlumGtc9NYHsP9H7MrLvQM1WQI=","A00000027121","P3kunhL9imA70jl1EnlumGtc9NYHsP9Hn6NoW/v6clA=","A00000027123","P3kunhL9imA70jl1EnlumGtc9NYHsP9HvHiQoTMYx+s=","A00000027122",,,"fjames@battelleecology.org",,
"45f1bc06-2ee0-44f0-90b5-b11aea567559","SOAP_002.basePlot.cfc","D17","SOAP","SOAP_002","distributed","P3kunhL9imALecDVNNols+Hs2m+9sYqcfzHqq4HPjdY=",,"2018-06-20T19:09Z","2018-06-25T23:00Z","2018-06-28T22:00Z","OK","P3kunhL9imALecDVNNols+Hs2m+9sYqcVmY0D1bvcLo=","A00000026299","P3kunhL9imALecDVNNols+Hs2m+9sYqcbh9gctG87GU=","A00000026300","P3kunhL9imALecDVNNols+Hs2m+9sYqcXNqy1XsOnmE=","A00000026298",,,"fjames@battelleecology.org",,
"3a44bab3-7a1d-4c4b-a5b9-77189f96d064","SOAP_002.basePlot.cfc","D17","SOAP","SOAP_002","distributed","P3kunhL9imDcMwJNR7pXD9JwOM1O9//SsQlYaD0gEUo=",,"2018-06-20T19:11Z","2018-06-25T23:00Z","2018-06-28T22:00Z","OK","P3kunhL9imDcMwJNR7pXD9JwOM1O9//SC/4PO9hk/OTjTk7uy6HaQQ==","A00000026286","P3kunhL9imDcMwJNR7pXD9JwOM1O9//Sqzz2Oq2dYCVJU6uUZXy2GQ==","A00000026287","P3kunhL9imDcMwJNR7pXD9JwOM1O9//Ssm2I3uilweuJK7fv4i2Z6Q==","A00000026285",,,"fjames@battelleecology.org",,
"5bd76dff-589f-425f-80bb-c770b6c86658","SOAP_002.basePlot.cfc","D17","SOAP","SOAP_002","distributed","P3kunhL9imDcMwJNR7pXD44rHggdR4ZwJ5ywFytmgoo=",,"2018-06-20T19:43Z","2018-06-25T23:00Z","2018-06-28T22:00Z","OK","P3kunhL9imDcMwJNR7pXD44rHggdR4ZwaQnJ2yPR2Pj3dRhvwlYaxQ==","A00000026264","P3kunhL9imDcMwJNR7pXD44rHggdR4Zwsluq/qNR/N7bG47SE9TdpA==","A00000026230","P3kunhL9imDcMwJNR7pXD44rHggdR4Zw7X9hX66gxKDTWJk6QNp0Iw==","A00000026247",,,"fjames@battelleecology.org",,
"865c8b1c-39a0-4e8f-bc8b-ff1b7a91e76f","SOAP_002.basePlot.cfc","D17","SOAP","SOAP_002","distributed","P3kunhL9imDcMwJNR7pXD7J+nm5NB1mbR1eqYhuIsw4=",,"2018-06-20T20:12Z","2018-06-25T23:00Z","2018-06-28T22:00Z","OK","P3kunhL9imDcMwJNR7pXD7J+nm5NB1mbTHghai1eL5pgWzcjMMA4WA==","A00000026234","P3kunhL9imDcMwJNR7pXD7J+nm5NB1mbAOW8YF0FuCtz7USLRa4gOg==","A00000026268","P3kunhL9imDcMwJNR7pXD7J+nm5NB1mbBe8xFyrgxXfrHVgPhBfJZg==","A00000026251",,,"fjames@battelleecology.org",,
"bd2c5dcb-9254-4b9a-adc8-2804e81f9b10","SOAP_043.basePlot.cfc","D17","SOAP","SOAP_043","tower","P3kunhL9imC/RYNA3UJyYlPBcXM1xPkGKY1xn2PR70k=",,"2018-06-21T17:03Z","2018-06-25T23:00Z","2018-06-28T22:00Z","OK","P3kunhL9imC/RYNA3UJyYlPBcXM1xPkGS83Ze+q200I=","A00000026189","P3kunhL9imC/RYNA3UJyYlPBcXM1xPkGiJKfib2tP9sNS/FGk97B+Q==","A00000026196","P3kunhL9imC/RYNA3UJyYlPBcXM1xPkG+5DskKkCUbo=","A00000026197",,,"fjames@battelleecology.org",,
"eff20d32-45ef-4acb-aafe-e97a5f6766ef","SOAP_043.basePlot.cfc","D17","SOAP","SOAP_043","tower","P3kunhL9imBB73h8GPDce99AgyJlAtNfqHVdSCX5p30=",,"2018-06-21T18:09Z","2018-06-25T23:00Z","2018-06-28T22:00Z","OK","P3kunhL9imBB73h8GPDce99AgyJlAtNf4mv9MAEIB3Y=","A00000026238","P3kunhL9imBB73h8GPDce99AgyJlAtNfMcrr+jDJTzw=","A00000026239","P3kunhL9imBB73h8GPDce99AgyJlAtNfCuHb2lbM2pI=","A00000026240",,,"fjames@battelleecology.org",,
"bea4b248-b134-4111-ae8e-eb4d5501c68b","SOAP_043.basePlot.cfc","D17","SOAP","SOAP_043","tower","P3kunhL9imB2ogM7Qwr3ufoX6jRrAN5TgIvwZqZpnE4=",,"2018-06-21T18:12Z","2018-06-25T23:00Z","2018-06-28T22:00Z","OK","P3kunhL9imB2ogM7Qwr3ufoX6jRrAN5T1j6S8Xnb31w=","A00000026232","P3kunhL9imB2ogM7Qwr3ufoX6jRrAN5T6eWd3bKa8tU=","A00000026249","P3kunhL9imB2ogM7Qwr3ufoX6jRrAN5TDjgKcFdMtn4=","A00000026266",,,"fjames@battelleecology.org",,
"01e1ba58-593e-44fe-85a0-b8790526590c","SOAP_044.basePlot.cfc","D17","SOAP","SOAP_044","tower","P3kunhL9imCoWAM/ZrwpAiYpU+Sgsb4xV8aD5hvbcP4=",,"2018-06-21T19:36Z","2018-06-25T23:00Z","2018-06-28T22:00Z","OK","P3kunhL9imCoWAM/ZrwpAiYpU+Sgsb4xdRVGtkk0mGI=","A00000026235","P3kunhL9imCoWAM/ZrwpAiYpU+Sgsb4xOvCYYktvd/QFV1d8y8u7aQ==","A00000026236","P3kunhL9imCoWAM/ZrwpAiYpU+Sgsb4xljKxpHQwVnM=","A00000026237",,,"fjames@battelleecology.org",,
"159f369e-74cf-4df6-a00d-2e2f54e6fb42","SOAP_044.basePlot.cfc","D17","SOAP","SOAP_044","tower","P3kunhL9imCL7IL5J5RpwgmZI8nm9yVd2cYIWO0NCWA=",,"2018-06-21T19:39Z","2018-06-25T23:00Z","2018-06-28T22:00Z","OK","P3kunhL9imCL7IL5J5RpwgmZI8nm9yVdhUYiooq2dNc=","A00000026308","P3kunhL9imCL7IL5J5RpwgmZI8nm9yVdV9HJMArcFhk=","A00000026281","P3kunhL9imCL7IL5J5RpwgmZI8nm9yVdz5gr8Kb9+lw=","A00000026307",,,"fjames@battelleecology.org",,
"0bd5dc57-92f6-48a4-95fe-de00b1824535","SOAP_044.basePlot.cfc","D17","SOAP","SOAP_044","tower","P3kunhL9imAfVlcYyDBLENnYurhA6sSyzQiyctCa6Fc=",,"2018-06-21T19:45Z","2018-06-25T23:00Z","2018-06-28T22:00Z","OK","P3kunhL9imAfVlcYyDBLENnYurhA6sSyUaVBH4L693U=","A00000027113","P3kunhL9imAfVlcYyDBLENnYurhA6sSyXXzKCsDYjJ2gvERrk+C5Jw==","A00000027112","P3kunhL9imAfVlcYyDBLENnYurhA6sSyGhEIjgOpzTo=","A00000027114",,,"fjames@battelleecology.org",,
"6154c21c-7e89-42fa-9e50-25b26cd17e66","SOAP_008.basePlot.cfc","D17","SOAP","SOAP_008","distributed","P3kunhL9imD8wsAmAZLigSK2UAzTfCFhnwFBpM46v4M=",,"2018-06-26T17:13Z","2018-06-28T23:30Z","2018-07-03T15:15Z","OK","P3kunhL9imD8wsAmAZLigSK2UAzTfCFhinSShGsEshA=","A00000026305","P3kunhL9imD8wsAmAZLigSK2UAzTfCFhXe8ODfrTXCs=","A00000026304","P3kunhL9imD8wsAmAZLigSK2UAzTfCFhNZvrQyJueXE=","A00000026306",,,"fjames@battelleecology.org",,
"49fb6538-239c-4707-bc11-3b3cbbf52914","SOAP_007.basePlot.cfc","D17","SOAP","SOAP_007","distributed","P3kunhL9imDHdca1Uo9t31rlfqCqQI6Uq4pYIko2Yug=",,"2018-06-26T18:40Z","2018-06-28T23:30Z","2018-07-03T15:15Z","OK","P3kunhL9imDHdca1Uo9t31rlfqCqQI6UP8+wcSs0noo=","A00000030485","P3kunhL9imDHdca1Uo9t31rlfqCqQI6URe34Vr6o8Qs=","A00000027124","P3kunhL9imDHdca1Uo9t31rlfqCqQI6UhTZd2zZ7CbM=","A00000030433",,,"fjames@battelleecology.org",,
"527a020e-4161-4832-ae07-96d14ed0ed45","SOAP_045.basePlot.cfc","D17","SOAP","SOAP_045","tower","P3kunhL9imD3XS6HMNxU6CGHnkK3IlDh6pQ0l0inFJg=",,"2018-06-26T20:04Z","2018-06-28T23:30Z","2018-07-03T15:15Z","OK","P3kunhL9imD3XS6HMNxU6CGHnkK3IlDhhEOoyI0Kj30=","A00000026302","P3kunhL9imD3XS6HMNxU6CGHnkK3IlDhXTIZj6coh1GztbF6aovY6g==","A00000026301","P3kunhL9imD3XS6HMNxU6CGHnkK3IlDhKsGavIi0NUc=","A00000026303",,,"fjames@battelleecology.org",,
"890e88a5-7213-46b5-a4aa-8684595c0b1b","SOAP_045.basePlot.cfc","D17","SOAP","SOAP_045","tower","P3kunhL9imCLhHZCGaVU5i/FWdw+dN9aiY/xyorbUUQ=",,"2018-06-26T20:07Z","2018-06-28T23:30Z","2018-07-03T15:15Z","OK","P3kunhL9imCLhHZCGaVU5i/FWdw+dN9ayrkV2Tghk8A=","A00000026283","P3kunhL9imCLhHZCGaVU5i/FWdw+dN9a41YncDBk4Lp4N3oe7sOCmA==","A00000026282","P3kunhL9imCLhHZCGaVU5i/FWdw+dN9a5fiM3aJE1wk=","A00000026284",,,"fjames@battelleecology.org",,
"67c6d8f4-793c-4431-b57d-6a04440a4422","SOAP_045.basePlot.cfc","D17","SOAP","SOAP_045","tower","P3kunhL9imDuWescO8pkuXaAyVGREIwyp8voGRAb5N4=",,"2018-06-26T20:11Z","2018-06-28T23:30Z","2018-07-03T15:10Z","OK","P3kunhL9imDuWescO8pkuXaAyVGREIwym1Ypb9dHd/I=","A00000026187","P3kunhL9imDuWescO8pkuXaAyVGREIwyfZPhMfSqgBM=","A00000026188","P3kunhL9imDuWescO8pkuXaAyVGREIwyZ+e4uPOAl3w=","A00000026186",,,"fjames@battelleecology.org",,
"6da1c7c9-d8bd-4ab3-a72a-2d91d4bc7653","SOAP_045.basePlot.cfc","D17","SOAP","SOAP_045","tower","P3kunhL9imBoGOImDD3OMe8+Vq8OHhbGRXivA95BtUY=",,"2018-06-26T20:15Z","2018-06-28T23:30Z","2018-07-03T15:15Z","OK","P3kunhL9imBoGOImDD3OMe8+Vq8OHhbGfdmsXosJC1oZVXybfPDa/A==","A00000027110","P3kunhL9imBoGOImDD3OMe8+Vq8OHhbGxSySVlvc31lbvzKovY00VA==","A00000026273","P3kunhL9imBoGOImDD3OMe8+Vq8OHhbGtGatnoCFDnp6c0nUB2YT3w==","A00000027111",,,"fjames@battelleecology.org",,
"f20e6943-7174-49d4-87c9-7f1e0752e374","SOAP_005.basePlot.cfc","D17","SOAP","SOAP_005","distributed","P3kunhL9imC869xF41scI37CS5B252Zj50BroFy/QK4=",,"2018-06-27T17:06Z","2018-06-28T23:30Z","2018-07-03T15:15Z","OK","P3kunhL9imC869xF41scI37CS5B252ZjC958obt5DZiWK+yzVtEITA==","A00000026271","P3kunhL9imC869xF41scI37CS5B252ZjleCYFyJRgZWiD3b59DSZ+g==","A00000026270","P3kunhL9imC869xF41scI37CS5B252ZjjEWPXyGEKQ4Mnv2+Qqx3PA==","A00000026272",,,"fjames@battelleecology.org",,
"58dda33e-db9e-4125-8a42-7e6ec406f171","SOAP_005.basePlot.cfc","D17","SOAP","SOAP_005","distributed","P3kunhL9imAVUyj+jGZAamAc+NSicMATCYdCzNQFW+Q=",,"2018-06-27T17:08Z","2018-06-28T23:30Z","2018-07-03T15:15Z","OK","P3kunhL9imAVUyj+jGZAamAc+NSicMATRKrAf6kL37c=","A00000026217","P3kunhL9imAVUyj+jGZAamAc+NSicMATSE/oPmT4rmE=","A00000026215","P3kunhL9imAVUyj+jGZAamAc+NSicMATsZrOHn6TmmQ=","A00000026216",,,"fjames@battelleecology.org",,
"8fa80e4f-bb70-470a-b114-1e8fbfbff199","SOAP_005.basePlot.cfc","D17","SOAP","SOAP_005","distributed","P3kunhL9imAuveiugLwoB+sE6loJoNaPcZ8rTSJG2LU=",,"2018-06-27T17:16Z","2018-06-28T23:30Z","2018-07-03T15:15Z","OK","P3kunhL9imAuveiugLwoB+sE6loJoNaPj6mmuZSvNDs=","A00000026254","P3kunhL9imAuveiugLwoB+sE6loJoNaPZavC6V0Bb65x48T3Yvg3EQ==","A00000026256","P3kunhL9imAuveiugLwoB+sE6loJoNaPRnvB3qaxb5Y=","A00000026255",,,"fjames@battelleecology.org",,
"bcd94e86-7392-4322-bf37-269581b04e6d","SOAP_003.basePlot.cfc","D17","SOAP","SOAP_003","distributed","P3kunhL9imDjQiMbDFF1+6iHWu+5aan+mKxYLzHg6oM=",,"2018-06-27T18:44Z","2018-06-28T23:49Z","2018-07-03T15:15Z","OK","P3kunhL9imDjQiMbDFF1+6iHWu+5aan+VtW0PUZsUjc=","A00000030555","P3kunhL9imDjQiMbDFF1+6iHWu+5aan+zSxpCz4LLAQ=","A00000030554","P3kunhL9imDjQiMbDFF1+6iHWu+5aan+9166/EfM3Hk=","A00000030553",,,"fjames@battelleecology.org",,
"517ec55f-db0e-4c7f-97c3-20db800f3dd1","SOAP_031.basePlot.cfc","D17","SOAP","SOAP_031","tower","P3kunhL9imA6EGMWPAbDtXxl9hQrnuRP7SgnPayoiRQ=",,"2018-06-27T19:41Z","2018-06-28T23:30Z","2018-07-03T15:15Z","OK","P3kunhL9imA6EGMWPAbDtXxl9hQrnuRPU1z4zmE9OEplm5b2RX4ECQ==","A00000027118","P3kunhL9imA6EGMWPAbDtXxl9hQrnuRPwXTb/BgBof+DnM+FXcNrBQ==","A00000027120","P3kunhL9imA6EGMWPAbDtXxl9hQrnuRPNfgfWzbbQIM5ULr5Ma0e6g==","A00000027119",,,"fjames@battelleecology.org",,
"bac9b715-232a-4954-be40-ddaf081d97b3","SOAP_031.basePlot.cfc","D17","SOAP","SOAP_031","tower","P3kunhL9imCcaNqq5lNo5Xf42nSK+coV/dkqC8pfpnA=",,"2018-06-27T20:00Z","2018-06-28T23:30Z","2018-07-03T15:15Z","OK","P3kunhL9imCcaNqq5lNo5Xf42nSK+coVVkFBZCWGuCQ=","A00000026248","P3kunhL9imCcaNqq5lNo5Xf42nSK+coVIx9jdqXwrctIVgWm5R5Inw==","A00000026231","P3kunhL9imCcaNqq5lNo5Xf42nSK+coV6a/DGbcqs+8=","A00000026265",,,"fjames@battelleecology.org",,
"5e7d0a5b-37b1-4e0d-bdd9-3314158bce68","SOAP_031.basePlot.cfc","D17","SOAP","SOAP_031","tower","P3kunhL9imDJgYPbZUw0bVzgti8BJJchRt/ztvJS2NE=",,"2018-06-27T20:12Z","2018-06-28T23:30Z","2018-07-03T15:15Z","OK","P3kunhL9imDJgYPbZUw0bVzgti8BJJch7lpAGzNhITg=","A00000026267","P3kunhL9imDJgYPbZUw0bVzgti8BJJchxCvBdLd7GJk=","A00000026233","P3kunhL9imDJgYPbZUw0bVzgti8BJJchak2l4fXuBl4=","A00000026250",,,"fjames@battelleecology.org",,
"ae2a363e-9afe-43d3-bcb9-c9342d98897a","SOAP_031.basePlot.cfc","D17","SOAP","SOAP_031","tower","P3kunhL9imAT9aqsQMxA+LxNgRwlUTROgh+IjKm67lI=",,"2018-06-27T20:39Z","2018-06-28T23:30Z","2018-07-03T15:15Z","OK","P3kunhL9imAT9aqsQMxA+LxNgRwlUTROPGKaNZigEY8=","A00000026220","P3kunhL9imAT9aqsQMxA+LxNgRwlUTROhRuqMSXkYoE=","A00000026219","P3kunhL9imAT9aqsQMxA+LxNgRwlUTROz7/RNJ1I7ZY=","A00000026218",,,"fjames@battelleecology.org",,
"d5e9d57c-9c0c-4acf-81d2-2e8897cc5910","SOAP_031.basePlot.cfc","D17","SOAP","SOAP_031","tower","P3kunhL9imAT9aqsQMxA+GuMPRBHB+pfZzQZkvQf3LE=",,"2018-06-27T20:43Z","2018-06-28T23:30Z","2018-07-03T15:15Z","OK","P3kunhL9imAT9aqsQMxA+GuMPRBHB+pfKatAXBIlk2Q=","A00000027116","P3kunhL9imAT9aqsQMxA+GuMPRBHB+pfr7OboPXPkZU=","A00000027115","P3kunhL9imAT9aqsQMxA+GuMPRBHB+pfhKawYvdVtic=","A00000027117",,,"fjames@battelleecology.org",,
"23094e61-0abb-465c-88ae-883d8bd2caeb","SOAP_001.basePlot.cfc","D17","SOAP","SOAP_001","distributed","P3kunhL9imAtCqDUp1aNJKy/gctCbpftGFWl76j+I3E=",,"2018-06-28T18:26Z","2018-07-03T18:15Z","2018-07-05T16:00Z","OK","P3kunhL9imAtCqDUp1aNJKy/gctCbpftXrnjGGkWyVQ=","A00000026297","P3kunhL9imAtCqDUp1aNJKy/gctCbpfteFLaVaGN7+ueEeaBPufPfA==","A00000026296","P3kunhL9imAtCqDUp1aNJKy/gctCbpftv8Mm5UcqOps=","A00000026279",,,"fjames@battelleecology.org",,
"8d5e7b80-875f-4268-98b6-4ce889feb635","SOAP_001.basePlot.cfc","D17","SOAP","SOAP_001","distributed","P3kunhL9imAtCqDUp1aNJKDALrRedjhrxLjepgp+t2M=",,"2018-06-28T18:27Z","2018-07-03T18:15Z","2018-07-05T16:00Z","OK","P3kunhL9imAtCqDUp1aNJKDALrRedjhr+5+0QmbWJcs=","A00000026202","P3kunhL9imAtCqDUp1aNJKDALrRedjhrCh4IaCezgS/Hty0wSHicMA==","A00000026201","P3kunhL9imAtCqDUp1aNJKDALrRedjhr78T4D78KLcg=","A00000026200",,,"fjames@battelleecology.org",,
"68d9748b-757b-4d4e-ac10-3bf6da9af9a8","SOAP_001.basePlot.cfc","D17","SOAP","SOAP_001","distributed","P3kunhL9imCIrq52CTp1qTbQw84JydRMQDXKavvDIBY=",,"2018-06-28T18:29Z","2018-07-03T18:15Z","2018-07-05T16:00Z","OK","P3kunhL9imCIrq52CTp1qTbQw84JydRMUqqcLuggxag=","A00000026280","P3kunhL9imCIrq52CTp1qTbQw84JydRMLkXl1cDuo47scX1pdLkfFA==","A00000026198","P3kunhL9imCIrq52CTp1qTbQw84JydRM3IDhGDQ23iI=","A00000026199",,,"fjames@battelleecology.org",,
