uid,namedLocation,domainID,siteID,plotID,plotType,sampleID,sampleCode,chlorophyllSampleID,chlorophyllSampleCode,collectDate,sampleCondition,extractionStartDate,extractionLength,freshMass,solventVolume,analyticalRepNumber,extractChlAConc,extractChlBConc,extractCarotConc,relativeAccuracyScale,handlingQF,measurementQF,remarks,laboratoryName,testMethod,analyzedBy,reviewedBy,dataQF
"518787b9-9938-4526-b117-7d1864b13020","SOAP_006.basePlot.cfc","D17","SOAP","SOAP_006","distributed","P3kunhL9imA70jl1EnlumGtc9NYHsP9H/v+3jSqJQv0=",,"P3kunhL9imA70jl1EnlumGtc9NYHsP9HZVzfbVobtIc=","B00000009606","2018-06-20T16:53Z","OK","2018-06-27",48,0.0670,20,1,6.55,1.83,2.10,"A","OK","OK",,"EcoAnalysts Inc.","NEON_ChlandCarotenoids_Methanol","oRIgwAyNbI9p3dxUK5sY7g==","oRIgwAyNbI9p3dxUK5sY7g==",
"8d5f37a5-4535-4162-80a0-98d66ec9cac3","SOAP_002.basePlot.cfc","D17","SOAP","SOAP_002","distributed","P3kunhL9imALecDVNNols+Hs2m+9sYqcfzHqq4HPjdY=",,"P3kunhL9imALecDVNNols+Hs2m+9sYqc48+cRkPbnpM=","B00000009596","2018-06-20T19:09Z","OK","2018-06-27",48,0.0680,20,1,5.20,1.28,1.81,"A","OK","OK",,"EcoAnalysts Inc.","NEON_ChlandCarotenoids_Methanol","oRIgwAyNbI9p3dxUK5sY7g==","oRIgwAyNbI9p3dxUK5sY7g==",
"a3dbfc2a-8ccb-40d6-83e0-6095483564ff","SOAP_002.basePlot.cfc","D17","SOAP","SOAP_002","distributed","P3kunhL9imDcMwJNR7pXD9JwOM1O9//SsQlYaD0gEUo=",,"P3kunhL9imDcMwJNR7pXD9JwOM1O9//SmlExSHqlbchcvUJdiJI9Ig==","B00000009594","2018-06-20T19:11Z","OK","2018-06-27",48,0.0780,20,1,2.82,0.79,0.74,"A","OK","OK",,"EcoAnalysts Inc.","NEON_ChlandCarotenoids_Methanol","oRIgwAyNbI9p3dxUK5sY7g==","oRIgwAyNbI9p3dxUK5sY7g==",
"b33e949a-b94a-4af5-a0ad-d0859c174bdc","SOAP_002.basePlot.cfc","D17","SOAP","SOAP_002","distributed","P3kunhL9imDcMwJNR7pXD44rHggdR4ZwJ5ywFytmgoo=",,"P3kunhL9imDcMwJNR7pXD44rHggdR4ZwIpd0OKTcRVfblmZht9tj9Q==","B00000009595","2018-06-20T19:43Z","OK","2018-06-27",48,0.0740,20,1,2.39,0.64,0.67,"A","OK","OK",,"EcoAnalysts Inc.","NEON_ChlandCarotenoids_Methanol","oRIgwAyNbI9p3dxUK5sY7g==","oRIgwAyNbI9p3dxUK5sY7g==",
"371609b3-1bcb-42fd-95c9-ac00ff169194","SOAP_002.basePlot.cfc","D17","SOAP","SOAP_002","distributed","P3kunhL9imDcMwJNR7pXD7J+nm5NB1mbR1eqYhuIsw4=",,"P3kunhL9imDcMwJNR7pXD7J+nm5NB1mbFrXeDk06gdTnQqY7/J8A2Q==","B00000009607","2018-06-20T20:12Z","OK","2018-07-03",48,0.1330,20,1,6.58,2.09,1.65,"B","OK","OK",,"EcoAnalysts Inc.","NEON_ChlandCarotenoids_Methanol","oRIgwAyNbI9p3dxUK5sY7g==","oRIgwAyNbI9p3dxUK5sY7g==",
"fece93d5-1480-4f05-b817-baf8356298ab","SOAP_043.basePlot.cfc","D17","SOAP","SOAP_043","tower","P3kunhL9imC/RYNA3UJyYlPBcXM1xPkGKY1xn2PR70k=",,"P3kunhL9imC/RYNA3UJyYlPBcXM1xPkGT91054+qJczoR+GaRrMBYw==","B00000009608","2018-06-21T17:03Z","OK","2018-07-03",48,0.1790,20,1,6.05,1.91,1.62,"B","OK","OK",,"EcoAnalysts Inc.","NEON_ChlandCarotenoids_Methanol","oRIgwAyNbI9p3dxUK5sY7g==","oRIgwAyNbI9p3dxUK5sY7g==",
"37b551d2-bf22-4db9-ba69-0a344ef5374a","SOAP_043.basePlot.cfc","D17","SOAP","SOAP_043","tower","P3kunhL9imB2ogM7Qwr3ufoX6jRrAN5TgIvwZqZpnE4=",,"P3kunhL9imB2ogM7Qwr3ufoX6jRrAN5TgW0sqaG05O8=","B00000009718","2018-06-21T18:12Z","OK","2018-06-27",48,0.0680,20,1,9.15,1.99,2.47,"A","OK","OK",,"EcoAnalysts Inc.","NEON_ChlandCarotenoids_Methanol","oRIgwAyNbI9p3dxUK5sY7g==","oRIgwAyNbI9p3dxUK5sY7g==",
"0ef2880d-600e-4343-bfcd-27344c5034c1","SOAP_044.basePlot.cfc","D17","SOAP","SOAP_044","tower","P3kunhL9imCoWAM/ZrwpAiYpU+Sgsb4xV8aD5hvbcP4=",,"P3kunhL9imCoWAM/ZrwpAiYpU+Sgsb4xDZfeEcg13YyFh0IOSpGEmQ==","B00000009717","2018-06-21T19:36Z","OK","2018-06-27",48,0.0670,20,1,2.09,0.61,0.66,"A","OK","OK",,"EcoAnalysts Inc.","NEON_ChlandCarotenoids_Methanol","oRIgwAyNbI9p3dxUK5sY7g==","oRIgwAyNbI9p3dxUK5sY7g==",
"6d782d55-9374-4305-a493-195f3f9c6985","SOAP_044.basePlot.cfc","D17","SOAP","SOAP_044","tower","P3kunhL9imCoWAM/ZrwpAiYpU+Sgsb4xV8aD5hvbcP4=",,"P3kunhL9imCoWAM/ZrwpAiYpU+Sgsb4xDZfeEcg13YyFh0IOSpGEmQ==","B00000009717","2018-06-21T19:36Z","OK","2018-07-03",48,0.1760,20,1,6.17,2.05,1.69,"B","OK","OK",,"EcoAnalysts Inc.","NEON_ChlandCarotenoids_Methanol","oRIgwAyNbI9p3dxUK5sY7g==","oRIgwAyNbI9p3dxUK5sY7g==",
"76117b1f-7c56-4493-9faf-8827aa031ff5","SOAP_044.basePlot.cfc","D17","SOAP","SOAP_044","tower","P3kunhL9imCL7IL5J5RpwgmZI8nm9yVd2cYIWO0NCWA=",,"P3kunhL9imCL7IL5J5RpwgmZI8nm9yVd/dWfU0N/J1c=","B00000009716","2018-06-21T19:39Z","OK","2018-06-27",48,0.0650,20,1,7.22,1.73,1.90,"A","OK","OK",,"EcoAnalysts Inc.","NEON_ChlandCarotenoids_Methanol","oRIgwAyNbI9p3dxUK5sY7g==","oRIgwAyNbI9p3dxUK5sY7g==",
"2e875e48-1128-4c61-810a-77acf90d942d","SOAP_044.basePlot.cfc","D17","SOAP","SOAP_044","tower","P3kunhL9imAfVlcYyDBLENnYurhA6sSyzQiyctCa6Fc=",,"P3kunhL9imAfVlcYyDBLENnYurhA6sSyRqKLqAdQi4uoBdFTsQsswA==","B00000009720","2018-06-21T19:45Z","OK","2018-07-03",48,0.1570,20,1,7.38,2.52,1.97,"B","OK","OK",,"EcoAnalysts Inc.","NEON_ChlandCarotenoids_Methanol","oRIgwAyNbI9p3dxUK5sY7g==","oRIgwAyNbI9p3dxUK5sY7g==",
"2f12173d-0557-4982-bd17-f31b99b759ab","SOAP_008.basePlot.cfc","D17","SOAP","SOAP_008","distributed","P3kunhL9imD8wsAmAZLigSK2UAzTfCFhnwFBpM46v4M=",,"P3kunhL9imD8wsAmAZLigSK2UAzTfCFhpzrcrIcfRoY=","B00000009626","2018-06-26T17:13Z","OK","2018-07-03",48,0.1370,20,1,7.64,2.15,2.35,"B","OK","OK",,"EcoAnalysts Inc.","NEON_ChlandCarotenoids_Methanol","oRIgwAyNbI9p3dxUK5sY7g==","oRIgwAyNbI9p3dxUK5sY7g==",
"67852f14-be94-4259-890a-61f95c884fd7","SOAP_007.basePlot.cfc","D17","SOAP","SOAP_007","distributed","P3kunhL9imDHdca1Uo9t31rlfqCqQI6Uq4pYIko2Yug=",,"P3kunhL9imDHdca1Uo9t31rlfqCqQI6UsGpWkeOeAO4=","B00000009624","2018-06-26T18:40Z","OK","2018-07-03",48,0.1160,20,1,8.39,2.32,2.43,"B","OK","OK",,"EcoAnalysts Inc.","NEON_ChlandCarotenoids_Methanol","oRIgwAyNbI9p3dxUK5sY7g==","oRIgwAyNbI9p3dxUK5sY7g==",
"86307b39-9985-4c06-88a2-0d9c5bbb3e48","SOAP_045.basePlot.cfc","D17","SOAP","SOAP_045","tower","P3kunhL9imD3XS6HMNxU6CGHnkK3IlDh6pQ0l0inFJg=",,"P3kunhL9imD3XS6HMNxU6CGHnkK3IlDho1O7yXtCBAA1awUwe9tFLQ==","B00000009625","2018-06-26T20:04Z","OK","2018-07-03",48,0.1340,20,1,3.28,0.94,0.94,"B","OK","OK",,"EcoAnalysts Inc.","NEON_ChlandCarotenoids_Methanol","oRIgwAyNbI9p3dxUK5sY7g==","oRIgwAyNbI9p3dxUK5sY7g==",
"b0eab9f2-8e45-480f-9c4c-b572d506802c","SOAP_045.basePlot.cfc","D17","SOAP","SOAP_045","tower","P3kunhL9imCLhHZCGaVU5i/FWdw+dN9aiY/xyorbUUQ=",,"P3kunhL9imCLhHZCGaVU5i/FWdw+dN9a98oPLX+43FtToHIM6V5M1w==","B00000009627","2018-06-26T20:07Z","OK","2018-07-03",48,0.0960,20,1,5.03,0.95,1.72,"B","OK","OK",,"EcoAnalysts Inc.","NEON_ChlandCarotenoids_Methanol","oRIgwAyNbI9p3dxUK5sY7g==","oRIgwAyNbI9p3dxUK5sY7g==",
"3395b656-9b5e-45dc-9ca3-32324f95cb42","SOAP_045.basePlot.cfc","D17","SOAP","SOAP_045","tower","P3kunhL9imDuWescO8pkuXaAyVGREIwyp8voGRAb5N4=",,"P3kunhL9imDuWescO8pkuXaAyVGREIwyqMTFufEwMTg=","B00000009628","2018-06-26T20:11Z","OK","2018-07-03",48,0.0670,20,1,10.94,2.51,2.82,"B","OK","OK",,"EcoAnalysts Inc.","NEON_ChlandCarotenoids_Methanol","oRIgwAyNbI9p3dxUK5sY7g==","oRIgwAyNbI9p3dxUK5sY7g==",
"3553f2e2-4f59-48e0-98da-80911bf26117","SOAP_045.basePlot.cfc","D17","SOAP","SOAP_045","tower","P3kunhL9imBoGOImDD3OMe8+Vq8OHhbGRXivA95BtUY=",,"P3kunhL9imBoGOImDD3OMe8+Vq8OHhbG2L8t4EcK5M9Mc9iy6X9DJw==","B00000009629","2018-06-26T20:15Z","OK","2018-07-03",48,0.2160,20,1,4.96,1.43,1.41,"B","OK","OK",,"EcoAnalysts Inc.","NEON_ChlandCarotenoids_Methanol","oRIgwAyNbI9p3dxUK5sY7g==","oRIgwAyNbI9p3dxUK5sY7g==",
"934eacf2-6eb4-4d41-99e0-6df01506cf99","SOAP_005.basePlot.cfc","D17","SOAP","SOAP_005","distributed","P3kunhL9imC869xF41scI37CS5B252Zj50BroFy/QK4=",,"P3kunhL9imC869xF41scI37CS5B252Zja7bzEsa9br8yGkqxY4K1Uw==","B00000009605","2018-06-27T17:06Z","OK","2018-07-03",48,0.1800,20,1,9.64,3.14,2.23,"B","OK","OK",,"EcoAnalysts Inc.","NEON_ChlandCarotenoids_Methanol","oRIgwAyNbI9p3dxUK5sY7g==","oRIgwAyNbI9p3dxUK5sY7g==",
"8e7ccab9-197d-4d44-bed6-98f8b2c3daf5","SOAP_005.basePlot.cfc","D17","SOAP","SOAP_005","distributed","P3kunhL9imAVUyj+jGZAamAc+NSicMATCYdCzNQFW+Q=",,"P3kunhL9imAVUyj+jGZAamAc+NSicMATIGE2rAi7+Y4=","B00000009603","2018-06-27T17:08Z","OK","2018-07-03",48,0.0820,20,1,13.74,3.69,3.05,"B","OK","OK",,"EcoAnalysts Inc.","NEON_ChlandCarotenoids_Methanol","oRIgwAyNbI9p3dxUK5sY7g==","oRIgwAyNbI9p3dxUK5sY7g==",
"3d515cb4-be21-43eb-a27a-786f2d35cba4","SOAP_005.basePlot.cfc","D17","SOAP","SOAP_005","distributed","P3kunhL9imAuveiugLwoB+sE6loJoNaPcZ8rTSJG2LU=",,"P3kunhL9imAuveiugLwoB+sE6loJoNaPgIXrGfvuhKtTYjOqFin/+g==","B00000009604","2018-06-27T17:16Z","OK","2018-07-03",48,0.0900,20,1,6.69,1.92,1.84,"B","OK","OK",,"EcoAnalysts Inc.","NEON_ChlandCarotenoids_Methanol","oRIgwAyNbI9p3dxUK5sY7g==","oRIgwAyNbI9p3dxUK5sY7g==",
"10a8da43-198a-4cdf-b6ed-03a58def87e0","SOAP_003.basePlot.cfc","D17","SOAP","SOAP_003","distributed","P3kunhL9imDjQiMbDFF1+6iHWu+5aan+mKxYLzHg6oM=",,"P3kunhL9imDjQiMbDFF1+6iHWu+5aan+7TGbJxpfLXo=","B00000009734","2018-06-27T18:44Z","OK","2018-07-03",48,0.1720,20,1,8.86,2.44,2.28,"B","OK","OK",,"EcoAnalysts Inc.","NEON_ChlandCarotenoids_Methanol","oRIgwAyNbI9p3dxUK5sY7g==","oRIgwAyNbI9p3dxUK5sY7g==",
"f0fb1cfb-d56b-4f73-91fb-6b6c236ddac5","SOAP_031.basePlot.cfc","D17","SOAP","SOAP_031","tower","P3kunhL9imA6EGMWPAbDtXxl9hQrnuRP7SgnPayoiRQ=",,"P3kunhL9imA6EGMWPAbDtXxl9hQrnuRPrTolgIJdGtjemUbh2KL9Xg==","B00000009621","2018-06-27T19:41Z","OK","2018-07-03",48,0.1390,20,1,2.97,0.88,0.85,"B","OK","OK",,"EcoAnalysts Inc.","NEON_ChlandCarotenoids_Methanol","oRIgwAyNbI9p3dxUK5sY7g==","oRIgwAyNbI9p3dxUK5sY7g==",
"3bf1116f-694f-495d-9884-b8fd5ba54ee3","SOAP_031.basePlot.cfc","D17","SOAP","SOAP_031","tower","P3kunhL9imCcaNqq5lNo5Xf42nSK+coV/dkqC8pfpnA=",,"P3kunhL9imCcaNqq5lNo5Xf42nSK+coV00UJMvhoRT1QPavTBv839A==","B00000009622","2018-06-27T20:00Z","OK","2018-07-03",48,0.1110,20,1,6.53,1.78,1.86,"B","OK","OK",,"EcoAnalysts Inc.","NEON_ChlandCarotenoids_Methanol","oRIgwAyNbI9p3dxUK5sY7g==","oRIgwAyNbI9p3dxUK5sY7g==",
"2f590e0e-e674-4c70-94a1-63b321dbc9ad","SOAP_031.basePlot.cfc","D17","SOAP","SOAP_031","tower","P3kunhL9imDJgYPbZUw0bVzgti8BJJchRt/ztvJS2NE=",,"P3kunhL9imDJgYPbZUw0bVzgti8BJJchOnOmz/dWexA=","B00000009623","2018-06-27T20:12Z","OK","2018-07-03",48,0.1230,20,1,5.07,1.48,1.47,"B","OK","OK",,"EcoAnalysts Inc.","NEON_ChlandCarotenoids_Methanol","oRIgwAyNbI9p3dxUK5sY7g==","oRIgwAyNbI9p3dxUK5sY7g==",
"80f86a59-9b6e-4c1f-be55-ff807555405b","SOAP_031.basePlot.cfc","D17","SOAP","SOAP_031","tower","P3kunhL9imAT9aqsQMxA+LxNgRwlUTROgh+IjKm67lI=",,"P3kunhL9imAT9aqsQMxA+LxNgRwlUTROAtCdnliiPvE=","B00000009733","2018-06-27T20:39Z","OK","2018-07-03",48,0.1180,20,1,6.84,2.10,1.97,"B","OK","OK",,"EcoAnalysts Inc.","NEON_ChlandCarotenoids_Methanol","oRIgwAyNbI9p3dxUK5sY7g==","oRIgwAyNbI9p3dxUK5sY7g==",
"e5c3b397-6474-4c01-afdd-416746fe4384","SOAP_031.basePlot.cfc","D17","SOAP","SOAP_031","tower","P3kunhL9imAT9aqsQMxA+GuMPRBHB+pfZzQZkvQf3LE=",,"P3kunhL9imAT9aqsQMxA+GuMPRBHB+pfdwbgsqZPwX0=","B00000009620","2018-06-27T20:43Z","OK","2018-07-03",48,0.1670,20,1,12.54,4.31,3.60,"B","OK","OK",,"EcoAnalysts Inc.","NEON_ChlandCarotenoids_Methanol","oRIgwAyNbI9p3dxUK5sY7g==","oRIgwAyNbI9p3dxUK5sY7g==",
"e3f0d0bf-e25f-46b2-ae1b-b99338e1cb1f","SOAP_001.basePlot.cfc","D17","SOAP","SOAP_001","distributed","P3kunhL9imAtCqDUp1aNJKy/gctCbpftGFWl76j+I3E=",,"P3kunhL9imAtCqDUp1aNJKy/gctCbpftTeQJKBYs/ovf+ikFhCi84g==","B00000009593","2018-06-28T18:26Z","OK","2018-07-03",48,0.1010,20,1,11.80,2.81,3.06,"B","OK","OK",,"EcoAnalysts Inc.","NEON_ChlandCarotenoids_Methanol","oRIgwAyNbI9p3dxUK5sY7g==","oRIgwAyNbI9p3dxUK5sY7g==",
"ee34b01b-3d24-4a53-8b7c-176d3b1b7e15","SOAP_001.basePlot.cfc","D17","SOAP","SOAP_001","distributed","P3kunhL9imAtCqDUp1aNJKDALrRedjhrxLjepgp+t2M=",,"P3kunhL9imAtCqDUp1aNJKDALrRedjhrS6Uu+Cq/i7oJO1ttropq9g==","B00000009592","2018-06-28T18:27Z","OK","2018-07-03",48,0.1000,20,1,10.02,2.11,2.81,"B","OK","OK",,"EcoAnalysts Inc.","NEON_ChlandCarotenoids_Methanol","oRIgwAyNbI9p3dxUK5sY7g==","oRIgwAyNbI9p3dxUK5sY7g==",
"61d450f3-1d6d-47bf-a3bd-4a7dc6ed1901","SOAP_001.basePlot.cfc","D17","SOAP","SOAP_001","distributed","P3kunhL9imCIrq52CTp1qTbQw84JydRMQDXKavvDIBY=",,"P3kunhL9imCIrq52CTp1qTbQw84JydRMIUkg6Oz0ia8xtWOxxn1GVw==","B00000009591","2018-06-28T18:29Z","OK","2018-07-03",48,0.1030,20,1,9.04,1.98,2.58,"B","OK","OK",,"EcoAnalysts Inc.","NEON_ChlandCarotenoids_Methanol","oRIgwAyNbI9p3dxUK5sY7g==","oRIgwAyNbI9p3dxUK5sY7g==",
