uid,domainID,siteID,pitNamedLocation,pitID,horizonID,bulkDensID,horizonName,setDate,collectDate,laboratoryName,labProjID,bulkDensCenterDepth,bulkDensTopDepth,bulkDensBottomDepth,bulkDensHorizonProportion,bulkDensSampleType,bulkDensExclCoarseFrag,remarks
"3e18fc00-73b7-4f67-9e7c-3e13ac958e92","D13","NIWO","MEGAPT100984","13_NIWOT_PIT1","13_NIWOT_PIT1_BW1","13_NIWOT_PIT1_BULKD_30-33_BW1","Bw1","2014-08-19","2014-08-19","USDA NRCS Kellogg Soil Survey Laboratory - Lincoln - NE","I2014USCO078",31.5,30.0,33.0,1.0,"Regular",0.8922,"4 x 3cm cores. Gravel made it difficult to get the exact volume"
"82a2e04e-84ab-43aa-bca2-465ce5e6ecdb","D13","NIWO","MEGAPT100984","13_NIWOT_PIT1","13_NIWOT_PIT1_2C","13_NIWOT_PIT1_BULKD_84-87_2C","2C","2014-08-19","2014-08-19","USDA NRCS Kellogg Soil Survey Laboratory - Lincoln - NE","I2014USCO078",85.5,84.0,87.0,1.0,"Regular",1.1038,"4 x 3cm cores"
"39f4bfe2-7176-468b-93e5-8c113458e023","D13","NIWO","MEGAPT100984","13_NIWOT_PIT1","13_NIWOT_PIT1_2C/CR","13_NIWOT_PIT1_BULKD_125-128_2C/CR","2C/Cr","2014-08-19","2014-08-19","USDA NRCS Kellogg Soil Survey Laboratory - Lincoln - NE","I2014USCO078",126.5,125.0,128.0,1.0,"Regular",1.1645,"4 x 3cm cores"
"86202c15-f4a9-4eb6-9a0a-f2e001cf2fd3","D13","NIWO","MEGAPT100984","13_NIWOT_PIT1","13_NIWOT_PIT1_BW2","13_NIWOT_PIT1_BULKD_54-64_BW2","Bw2","2014-08-19","2014-08-19","USDA NRCS Kellogg Soil Survey Laboratory - Lincoln - NE","I2014USCO078",59.0,54.0,64.0,1.0,"Regular",1.1995,
"8ab8fca2-bfed-4eb3-91c2-408463d0f67c","D13","NIWO","MEGAPT100984","13_NIWOT_PIT1","13_NIWOT_PIT1_A2","13_NIWOT_PIT1_BULKD_19-29_A2","A2","2014-08-19","2014-08-19","USDA NRCS Kellogg Soil Survey Laboratory - Lincoln - NE","I2014USCO078",24.0,19.0,29.0,1.0,"Regular",0.9196,
"81849381-aaf2-479d-a97f-335fb87ffa14","D13","NIWO","MEGAPT100984","13_NIWOT_PIT1","13_NIWOT_PIT1_A1","13_NIWOT_PIT1_BULKD_0-10_A1","A1","2014-08-19","2014-08-19","USDA NRCS Kellogg Soil Survey Laboratory - Lincoln - NE","I2014USCO078",5.0,0.0,10.0,1.0,"Regular",1.0231,
