uid,domainID,siteID,pitNamedLocation,pitID,horizonID,horizonName,setDate,collectDate,horizonTopDepth,horizonBottomDepth,nrcsDescriptionID,remarks
"e7b659cb-f365-4d45-8914-68b9a80097a3","D13","NIWO","MEGAPT100984","13_NIWOT_PIT1","13_NIWOT_PIT1_2C/CR","2C/Cr","2014-08-19","2014-08-19",110.0,200.0,"2014CO013001",
"428e17b0-cfd3-4a7b-882c-c795008ac3ab","D13","NIWO","MEGAPT100984","13_NIWOT_PIT1","13_NIWOT_PIT1_A2","A2","2014-08-19","2014-08-19",14.0,30.0,"2014CO013001",
"aa1afe8d-a78a-4071-9ff1-01bddfd3b735","D13","NIWO","MEGAPT100984","13_NIWOT_PIT1","13_NIWOT_PIT1_2C","2C","2014-08-19","2014-08-19",79.0,110.0,"2014CO013001",
"c4649873-0523-4d66-a72f-d1d104137c5b","D13","NIWO","MEGAPT100984","13_NIWOT_PIT1","13_NIWOT_PIT1_BW1","Bw1","2014-08-19","2014-08-19",30.0,49.0,"2014CO013001",
"93e3ed4f-7175-413d-a2e7-5a3dd4100089","D13","NIWO","MEGAPT100984","13_NIWOT_PIT1","13_NIWOT_PIT1_A1","A1","2014-08-19","2014-08-19",0.0,14.0,"2014CO013001",
"4b9652e8-5a19-4461-877d-dece30956519","D13","NIWO","MEGAPT100984","13_NIWOT_PIT1","13_NIWOT_PIT1_BW2","Bw2","2014-08-19","2014-08-19",49.0,79.0,"2014CO013001",
