uid,domainID,siteID,pitNamedLocation,pitID,horizonID,horizonName,setDate,collectDate,archiveID,archiveLaboratoryName,archiveTopDepth,archiveBottomDepth,remarks,sampleMass
"d206ba82-7003-4626-9908-6660bb3e8adf","D13","NIWO","MEGAPT100984","13_NIWOT_PIT1","13_NIWOT_PIT1_2C/CR","2C/Cr","2014-08-19","2014-08-19","13_NIWOT_PIT1_ARCHIVE_110-200_2C/CR","NEON",110.0,200.0,,3609.0
"e0c9411a-0d07-486c-be6e-1d6ce871bf76","D13","NIWO","MEGAPT100984","13_NIWOT_PIT1","13_NIWOT_PIT1_A2","A2","2014-08-19","2014-08-19","13_NIWOT_PIT1_ARCHIVE_14-30_A2","NEON",14.0,30.0,,3592.5
"4f754c8a-19f1-46fd-8538-610d9303f44e","D13","NIWO","MEGAPT100984","13_NIWOT_PIT1","13_NIWOT_PIT1_BW1","Bw1","2014-08-19","2014-08-19","13_NIWOT_PIT1_ARCHIVE_30-49_BW1","NEON",30.0,49.0,,3601.2
"b61acb38-1a0b-4895-9f4b-bc31757df296","D13","NIWO","MEGAPT100984","13_NIWOT_PIT1","13_NIWOT_PIT1_2C","2C","2014-08-19","2014-08-19","13_NIWOT_PIT1_ARCHIVE_79-110_2C","NEON",79.0,110.0,,3630.6
"6f892f41-ef0a-49cf-ba70-c8f43ede83f9","D13","NIWO","MEGAPT100984","13_NIWOT_PIT1","13_NIWOT_PIT1_BW2","Bw2","2014-08-19","2014-08-19","13_NIWOT_PIT1_ARCHIVE_49-79_BW2","NEON",49.0,79.0,,3622.0
"3d836fd8-6ed4-4f4e-9fb9-ebfdc6c5f24d","D13","NIWO","MEGAPT100984","13_NIWOT_PIT1","13_NIWOT_PIT1_A1","A1","2014-08-19","2014-08-19","13_NIWOT_PIT1_ARCHIVE_0-14_A1","NEON",0.0,14.0,,3600.1
