uid,domainID,siteID,pitNamedLocation,pitID,horizonID,horizonName,setDate,collectDate,horizonTopDepth,horizonBottomDepth,nrcsDescriptionID,remarks
"84492659-b380-441a-9069-98a94c6bb1ce","D10","CPER","MEGAPT100967","10_CPER_PIT1","10_CPER_PIT1_A","A","2012-08-13","2012-08-13",0.0,10.0,"S12CO123001",
"9bb3a26e-de0d-49ed-8e06-be8f8f2352c9","D10","CPER","MEGAPT100967","10_CPER_PIT1","10_CPER_PIT1_BK2","Bk2","2012-08-13","2012-08-13",137.0,181.0,"S12CO123001",
"dfec1e18-bff6-4ea0-a830-abf08586c8f6","D10","CPER","MEGAPT100967","10_CPER_PIT1","10_CPER_PIT1_BA","BA","2012-08-13","2012-08-13",10.0,30.0,"S12CO123001",
"2c40cfc9-e25d-40ff-a714-0c4abde3b45f","D10","CPER","MEGAPT100967","10_CPER_PIT1","10_CPER_PIT1_BT2","Bt2","2012-08-13","2012-08-13",54.0,81.0,"S12CO123001",
"b9a8fae9-4a2e-4078-9cd3-51d711e1862a","D10","CPER","MEGAPT100967","10_CPER_PIT1","10_CPER_PIT1_BT1","Bt1","2012-08-13","2012-08-13",30.0,54.0,"S12CO123001",
"52a0781f-b786-4e36-8185-88c6c8f17d4c","D10","CPER","MEGAPT100967","10_CPER_PIT1","10_CPER_PIT1_2C","2C","2012-08-13","2012-08-13",181.0,210.0,"S12CO123001",
"dad9fb2a-fe2b-49fd-9530-0d304c6290f2","D10","CPER","MEGAPT100967","10_CPER_PIT1","10_CPER_PIT1_BK1","Bk1","2012-08-13","2012-08-13",81.0,137.0,"S12CO123001",
