uid,domainID,siteID,pitNamedLocation,pitID,horizonID,horizonName,setDate,collectDate,archiveID,archiveLaboratoryName,archiveTopDepth,archiveBottomDepth,remarks,sampleMass
"3432da18-c6db-41c6-80bc-b4f989a6285d","D10","CPER","MEGAPT100967","10_CPER_PIT1","10_CPER_PIT1_BT1","Bt1","2012-08-13","2012-08-13","10_CPER_PIT1_30-54_ARCHIVE_BT1","NEON",30.0,54.0,,1200.5
"5e1a9f88-99c1-4309-8daa-0dc15704f095","D10","CPER","MEGAPT100967","10_CPER_PIT1","10_CPER_PIT1_BA","BA","2012-08-13","2012-08-13","10_CPER_PIT1_10-30_ARCHIVE_BA","NEON",10.0,30.0,,1201.2
"a8f6d21e-eeda-4ba8-abce-4d3d895a3ee2","D10","CPER","MEGAPT100967","10_CPER_PIT1","10_CPER_PIT1_A","A","2012-08-13","2012-08-13","10_CPER_PIT1_0-10_ARCHIVE_A","NEON",0.0,10.0,,1201.2
"8ece1549-1168-496a-b32d-62289faea816","D10","CPER","MEGAPT100967","10_CPER_PIT1","10_CPER_PIT1_2C","2C","2012-08-13","2012-08-13","10_CPER_PIT1_181-200_ARCHIVE_2C","NEON",181.0,200.0,,1202.3
"353393f3-4caf-4b89-b8e2-f2ff216ef8c4","D10","CPER","MEGAPT100967","10_CPER_PIT1","10_CPER_PIT1_BK1","Bk1","2012-08-13","2012-08-13","10_CPER_PIT1_81-137_ARCHIVE_BK1","NEON",81.0,137.0,,1201.7
"e219ccd7-23d8-406e-84ea-7a7f7eb96939","D10","CPER","MEGAPT100967","10_CPER_PIT1","10_CPER_PIT1_BT2","Bt2","2012-08-13","2012-08-13","10_CPER_PIT1_54-81_ARCHIVE_BT2","NEON",54.0,81.0,,1202.2
"b1473558-018e-43f5-b6af-93bbcdf6e76f","D10","CPER","MEGAPT100967","10_CPER_PIT1","10_CPER_PIT1_BK2","Bk2","2012-08-13","2012-08-13","10_CPER_PIT1_137-181_ARCHIVE_BK2","NEON",137.0,181.0,,1202.0
