uid,domainID,siteID,pitNamedLocation,pitID,horizonID,bulkDensID,horizonName,setDate,collectDate,laboratoryName,labProjID,bulkDensCenterDepth,bulkDensTopDepth,bulkDensBottomDepth,bulkDensHorizonProportion,bulkDensSampleType,bulkDensExclCoarseFrag,remarks
"ff72e55c-ad59-451d-8267-027ebed46bb8","D10","CPER","MEGAPT100967","10_CPER_PIT1","10_CPER_PIT1_BK1","10_CPER_PIT1_82-85_BULKD_BK1","Bk1","2012-08-13","2012-08-13","USDA NRCS Kellogg Soil Survey Laboratory - Lincoln - NE","I2012USCO086",83.5,82.0,85.0,1.0,"Regular",1.7075,"3 cores (3.2; 3.5; 3.5 cm long)"
"c9d8b9b1-f4c8-4001-bc99-4a76387c11f9","D10","CPER","MEGAPT100967","10_CPER_PIT1","10_CPER_PIT1_A","10_CPER_PIT1_0-10_BULKD_A","A","2012-08-13","2012-08-13","USDA NRCS Kellogg Soil Survey Laboratory - Lincoln - NE","I2012USCO086",5.0,0.0,10.0,1.0,"Regular",1.5363,
"bff433d8-c8fc-46ad-9c28-8e6c8a44732b","D10","CPER","MEGAPT100967","10_CPER_PIT1","10_CPER_PIT1_BT2","10_CPER_PIT1_70-73_BULKD_BT2","Bt2","2012-08-13","2012-08-13","USDA NRCS Kellogg Soil Survey Laboratory - Lincoln - NE","I2012USCO086",71.5,70.0,73.0,1.0,"Regular",1.6602,"4 cores (3; 3; 3.5; 3.5 cm long)"
"e3ccbbdf-4055-41c7-9f80-f7bf71d415fd","D10","CPER","MEGAPT100967","10_CPER_PIT1","10_CPER_PIT1_BA","10_CPER_PIT1_20-30_BULKD_BA","BA","2012-08-13","2012-08-13","USDA NRCS Kellogg Soil Survey Laboratory - Lincoln - NE","I2012USCO086",25.0,20.0,30.0,1.0,"Regular",1.5473,
"c784f1e2-47f2-4045-a0c8-9744e6e9ff91","D10","CPER","MEGAPT100967","10_CPER_PIT1","10_CPER_PIT1_BK2","10_CPER_PIT1_145-148.5_BULKD_BK2","Bk2","2012-08-13","2012-08-13","USDA NRCS Kellogg Soil Survey Laboratory - Lincoln - NE","I2012USCO086",146.8,145.0,148.5,1.0,"Regular",1.7425,"3 cores (3.5; 3.5; and 3.5 cm long)"
"8fff1a1b-14f9-4c19-8fdc-89ade6bb8987","D10","CPER","MEGAPT100967","10_CPER_PIT1","10_CPER_PIT1_2C","10_CPER_PIT1_181-184.5_BULKD_2C","2C","2012-08-13","2012-08-13","USDA NRCS Kellogg Soil Survey Laboratory - Lincoln - NE","I2012USCO086",182.8,181.0,184.5,1.0,"Regular",1.9164,"3 cores (3.5; 3.5; and 3.5 cm long)"
"120beae3-295b-4c44-86ff-b9766cdfbafc","D10","CPER","MEGAPT100967","10_CPER_PIT1","10_CPER_PIT1_BT1","10_CPER_PIT1_30-34_BULKD_BT1","Bt1","2012-08-13","2012-08-13","USDA NRCS Kellogg Soil Survey Laboratory - Lincoln - NE","I2012USCO086",32.0,30.0,34.0,1.0,"Regular",1.5282,"3 cores (4; 3.5; and 3.5 cm long)"
