uid,domainID,siteID,pitNamedLocation,pitID,horizonID,horizonName,setDate,collectDate,horizonTopDepth,horizonBottomDepth,nrcsDescriptionID,remarks
"9e42e164-7390-4597-8209-6d305fe3cca1","D07","MLBS","MEGAPT100982","7_MLBS_PIT1","7_MLBS_PIT1_2CG2","2Cg2","2013-12-02","2013-12-02",165.0,205.0,"201351071001","NRCS initially described Oi depth as +5-0cm but changed to 0-5cm based on email from Benham (NRCS) to Ayres (7/31/14 10:47am). Lower depths were adjusted accordingly."
"1bfb584f-912c-4cc0-bea4-3d64a6059e63","D07","MLBS","MEGAPT100982","7_MLBS_PIT1","7_MLBS_PIT1_A","A","2013-12-02","2013-12-02",11.0,44.0,"201351071001","NRCS initially described Oi depth as +5-0cm but changed to 0-5cm based on email from Benham (NRCS) to Ayres (7/31/14 10:47am). Lower depths were adjusted accordingly."
"06b68737-4f88-4870-b651-193d59bdb761","D07","MLBS","MEGAPT100982","7_MLBS_PIT1","7_MLBS_PIT1_OA","Oa","2013-12-02","2013-12-02",8.0,11.0,"201351071001","NRCS initially described Oi depth as +5-0cm but changed to 0-5cm based on email from Benham (NRCS) to Ayres (7/31/14 10:47am). Lower depths were adjusted accordingly."
"d52d213c-d51b-40d1-8d12-7d2ef2f12d5f","D07","MLBS","MEGAPT100982","7_MLBS_PIT1","7_MLBS_PIT1_OI","Oi","2013-12-02","2013-12-02",0.0,5.0,"201351071001","NRCS initially described Oi depth as +5-0cm but changed to 0-5cm based on email from Benham (NRCS) to Ayres (7/31/14 10:47am). Lower depths were adjusted accordingly."
"f931f549-5eb1-443c-a555-be23e71da38a","D07","MLBS","MEGAPT100982","7_MLBS_PIT1","7_MLBS_PIT1_2C1","2C1","2013-12-02","2013-12-02",140.0,165.0,"201351071001","NRCS initially described Oi depth as +5-0cm but changed to 0-5cm based on email from Benham (NRCS) to Ayres (7/31/14 10:47am). Lower depths were adjusted accordingly."
"393c75bf-af76-4885-a4b2-560b3b828851","D07","MLBS","MEGAPT100982","7_MLBS_PIT1","7_MLBS_PIT1_OE","Oe","2013-12-02","2013-12-02",5.0,8.0,"201351071001","NRCS initially described Oi depth as +5-0cm but changed to 0-5cm based on email from Benham (NRCS) to Ayres (7/31/14 10:47am). Lower depths were adjusted accordingly."
"bc3dd10f-9c14-4f4d-86cf-44b99a57a556","D07","MLBS","MEGAPT100982","7_MLBS_PIT1","7_MLBS_PIT1_BW1","Bw1","2013-12-02","2013-12-02",56.0,105.0,"201351071001","NRCS initially described Oi depth as +5-0cm but changed to 0-5cm based on email from Benham (NRCS) to Ayres (7/31/14 10:47am). Lower depths were adjusted accordingly."
"8c188921-a689-456f-a9a0-ce3b295888c9","D07","MLBS","MEGAPT100982","7_MLBS_PIT1","7_MLBS_PIT1_BW2","Bw2","2013-12-02","2013-12-02",105.0,140.0,"201351071001","NRCS initially described Oi depth as +5-0cm but changed to 0-5cm based on email from Benham (NRCS) to Ayres (7/31/14 10:47am). Lower depths were adjusted accordingly."
"e713fbac-c329-4316-b867-e01c2c5c98d7","D07","MLBS","MEGAPT100982","7_MLBS_PIT1","7_MLBS_PIT1_E","E","2013-12-02","2013-12-02",44.0,56.0,"201351071001","NRCS initially described Oi depth as +5-0cm but changed to 0-5cm based on email from Benham (NRCS) to Ayres (7/31/14 10:47am). Lower depths were adjusted accordingly."
