uid,domainID,siteID,pitNamedLocation,pitID,horizonID,horizonName,setDate,collectDate,archiveID,archiveLaboratoryName,archiveTopDepth,archiveBottomDepth,remarks,sampleMass
"c2b7c69a-ae5f-42e0-8f63-a8b70173c120","D07","MLBS","MEGAPT100982","7_MLBS_PIT1","7_MLBS_PIT1_OA","Oa","2013-12-02","2013-12-02","7_MLBS_PIT1_ARCHIVE_3-6_OA","NEON",8.0,11.0,"NRCS first described Oi as +5 to 0; became 0 to 5 after email from Benham (NRCS) to Ayres (7/31/14). Sample depths adjusted",3600.3
"e5c62fe9-5316-4a03-b668-8a98712cec44","D07","MLBS","MEGAPT100982","7_MLBS_PIT1","7_MLBS_PIT1_2C1","2C1","2013-12-02","2013-12-02","7_MLBS_PIT1_ARCHIVE_135-150_2C1","NEON",140.0,155.0,"Horizon at sampling location only extended to 150cm; not 160cm identified in description. NRCS first described Oi as +5 to 0; became 0 to 5 after email from Benham (NRCS) to Ayres (7/31/14). Sample depths adjusted",3392.9
"bb42a200-951f-4366-b8dd-f944ab6f95b2","D07","MLBS","MEGAPT100982","7_MLBS_PIT1","7_MLBS_PIT1_2CG2","2Cg2","2013-12-02","2013-12-02",,,,,,
"d6134357-0ee7-42d1-93b6-4f55f4de40d1","D07","MLBS","MEGAPT100982","7_MLBS_PIT1","7_MLBS_PIT1_BW1","Bw1","2013-12-02","2013-12-02","7_MLBS_PIT1_ARCHIVE_51-100_BG1","NEON",56.0,105.0,"NRCS first described Oi as +5 to 0; became 0 to 5 after email from Benham (NRCS) to Ayres (7/31/14). Sample depths adjusted",3600.7
"2bfdad23-8195-402e-820a-385b7105c03f","D07","MLBS","MEGAPT100982","7_MLBS_PIT1","7_MLBS_PIT1_BW2","Bw2","2013-12-02","2013-12-02","7_MLBS_PIT1_ARCHIVE_100-135_BG2","NEON",105.0,140.0,"NRCS first described Oi as +5 to 0; became 0 to 5 after email from Benham (NRCS) to Ayres (7/31/14). Sample depths adjusted",3600.3
"98c1abf2-b22a-45da-9a33-d34c36fe4ad8","D07","MLBS","MEGAPT100982","7_MLBS_PIT1","7_MLBS_PIT1_2CG2","2Cg2","2013-12-02","2013-12-02",,,,,,
"68472097-86cb-41ca-ad60-cc311c2dea7b","D07","MLBS","MEGAPT100982","7_MLBS_PIT1","7_MLBS_PIT1_E","E","2013-12-02","2013-12-02","7_MLBS_PIT1_ARCHIVE_39-51_E","NEON",44.0,56.0,"NRCS first described Oi as +5 to 0; became 0 to 5 after email from Benham (NRCS) to Ayres (7/31/14). Sample depths adjusted",3600.3
"b4ebb583-2760-4e97-88b7-aaeb386eb240","D07","MLBS","MEGAPT100982","7_MLBS_PIT1","7_MLBS_PIT1_OE","Oe","2013-12-02","2013-12-02","7_MLBS_PIT1_ARCHIVE_0-3_OE","NEON",5.0,8.0,"NRCS first described Oi as +5 to 0; became 0 to 5 after email from Benham (NRCS) to Ayres (7/31/14). Sample depths adjusted",2486.4
"810ab01a-7e23-4b52-9afa-3fac328321dc","D07","MLBS","MEGAPT100982","7_MLBS_PIT1","7_MLBS_PIT1_2CG2","2Cg2","2013-12-02","2013-12-02",,,,,,
"7026ef47-94ab-42a6-8a84-4a941dbb54e7","D07","MLBS","MEGAPT100982","7_MLBS_PIT1","7_MLBS_PIT1_OI","Oi","2013-12-02","2013-12-02","7_MLBS_PIT1_ARCHIVE_+5-0_OI","NEON",0.0,5.0,"NRCS first described Oi as +5 to 0; became 0 to 5 after email from Benham (NRCS) to Ayres (7/31/14). Sample depths adjusted",505.6
"0938def4-4a32-4951-b610-8f6b4e0b8733","D07","MLBS","MEGAPT100982","7_MLBS_PIT1","7_MLBS_PIT1_2CG2","2Cg2","2013-12-02","2013-12-02","7_MLBS_PIT1_ARCHIVE_>160-<200_2C2","NEON",165.0,205.0,"Sample collected from clods taken during excavation; exact depths unknown (top/bottom depths are min/max possible depths). NRCS first described Oi as +5 to 0; became 0 to 5 after email from Benham (NRCS) to Ayres (7/31/14). Sample depths adjusted",2237.3
"4c0ed8a2-813d-40f4-96f6-b489824e74d4","D07","MLBS","MEGAPT100982","7_MLBS_PIT1","7_MLBS_PIT1_2CG2","2Cg2","2013-12-02","2013-12-02",,,,,,
"e49d8f6d-6388-4e4a-8547-d3c4ebe34ab2","D07","MLBS","MEGAPT100982","7_MLBS_PIT1","7_MLBS_PIT1_A","A","2013-12-02","2013-12-02","7_MLBS_PIT1_ARCHIVE_6-39_A","NEON",11.0,44.0,"NRCS first described Oi as +5 to 0; became 0 to 5 after email from Benham (NRCS) to Ayres (7/31/14). Sample depths adjusted",3600.2
