uid,domainID,siteID,pitNamedLocation,pitID,horizonID,bulkDensID,horizonName,setDate,collectDate,laboratoryName,labProjID,bulkDensCenterDepth,bulkDensTopDepth,bulkDensBottomDepth,bulkDensHorizonProportion,bulkDensSampleType,bulkDensExclCoarseFrag,remarks
"4f8adf74-c214-4b43-97cf-487d6be76071","D07","MLBS","MEGAPT100982","7_MLBS_PIT1","7_MLBS_PIT1_BW2","7_MLBS_PIT1_BULKD_100-110_BG2","Bw2","2013-12-02","2013-12-02","USDA NRCS Kellogg Soil Survey Laboratory - Lincoln - NE","I2014USVA020",110.0,105.0,115.0,1.0,"Regular",1.8402,"NRCS first described Oi as +5 to 0; became 0 to 5 after email from Benham (NRCS) to Ayres (7/31/14). Sample depths adjusted"
"c492b601-6179-48db-931b-03b06f014cf2","D07","MLBS","MEGAPT100982","7_MLBS_PIT1","7_MLBS_PIT1_2CG2","7_MLBS_PIT1_BULKD_>160-<200_BULKD4","2Cg2","2013-12-02","2013-12-02","USDA NRCS Kellogg Soil Survey Laboratory - Lincoln - NE","I2014USVA020",185.0,165.0,205.0,1.0,"Audit",1.6440,"Cores collected from clods taken during excavation; exact depths unknown (top/bottom depths are min/max possible depths). NRCS first described Oi as +5 to 0; became 0 to 5 after email from Benham (NRCS) to Ayres (7/31/14). Sample depths adjusted"
"f6a8657f-1995-4fd1-a558-619557a6ed8c","D07","MLBS","MEGAPT100982","7_MLBS_PIT1","7_MLBS_PIT1_OI","7_MLBS_PIT1_BULKD_+5-+2_OI","Oi","2013-12-02","2013-12-02","USDA NRCS Kellogg Soil Survey Laboratory - Lincoln - NE","I2014USVA020",2.5,0.0,5.0,1.0,"Regular",0.0264,"NRCS first described Oi as +5 to 0; became 0 to 5 after email from Benham (NRCS) to Ayres (7/31/14). Sample depths adjusted"
"a6fd3a3a-2a6f-408a-b4d3-14f5a373e855","D07","MLBS","MEGAPT100982","7_MLBS_PIT1","7_MLBS_PIT1_2CG2","7_MLBS_PIT1_BULKD_>160-<200_BULKD2","2Cg2","2013-12-02","2013-12-02","USDA NRCS Kellogg Soil Survey Laboratory - Lincoln - NE","I2014USVA020",185.0,165.0,205.0,1.0,"Audit",1.5059,"Cores collected from clods taken during excavation; exact depths unknown (top/bottom depths are min/max possible depths). NRCS first described Oi as +5 to 0; became 0 to 5 after email from Benham (NRCS) to Ayres (7/31/14). Sample depths adjusted"
"a7a8d9f3-d6c2-4108-bc67-f984ee298892","D07","MLBS","MEGAPT100982","7_MLBS_PIT1","7_MLBS_PIT1_2C1","7_MLBS_PIT1_BULKD_145-148_2C1","2C1","2013-12-02","2013-12-02","USDA NRCS Kellogg Soil Survey Laboratory - Lincoln - NE","I2014USVA020",151.5,150.0,153.0,1.0,"Regular",1.6625,"NRCS first described Oi as +5 to 0; became 0 to 5 after email from Benham (NRCS) to Ayres (7/31/14). Sample depths adjusted"
"6b53a797-d428-4ef6-a91f-17bc7ba12306","D07","MLBS","MEGAPT100982","7_MLBS_PIT1","7_MLBS_PIT1_OE","7_MLBS_PIT1_BULKD_0-3_OE","Oe","2013-12-02","2013-12-02","USDA NRCS Kellogg Soil Survey Laboratory - Lincoln - NE","I2014USVA020",6.5,5.0,8.0,1.0,"Regular",0.9671,"NRCS first described Oi as +5 to 0; became 0 to 5 after email from Benham (NRCS) to Ayres (7/31/14). Sample depths adjusted"
"528315ae-f573-4387-9191-e34b59290156","D07","MLBS","MEGAPT100982","7_MLBS_PIT1","7_MLBS_PIT1_BW1","7_MLBS_PIT1_BULKD_81-91_BG1","Bw1","2013-12-02","2013-12-02","USDA NRCS Kellogg Soil Survey Laboratory - Lincoln - NE","I2014USVA020",91.0,86.0,96.0,1.0,"Regular",1.8844,"NRCS first described Oi as +5 to 0; became 0 to 5 after email from Benham (NRCS) to Ayres (7/31/14). Sample depths adjusted"
"f652b0a8-a467-4770-89ea-970a4e70a5a4","D07","MLBS","MEGAPT100982","7_MLBS_PIT1","7_MLBS_PIT1_2CG2","7_MLBS_PIT1_BULKD_>160-<200_BULKD3","2Cg2","2013-12-02","2013-12-02","USDA NRCS Kellogg Soil Survey Laboratory - Lincoln - NE","I2014USVA020",185.0,165.0,205.0,1.0,"Audit",1.6210,"Cores collected from clods taken during excavation; exact depths unknown (top/bottom depths are min/max possible depths). NRCS first described Oi as +5 to 0; became 0 to 5 after email from Benham (NRCS) to Ayres (7/31/14). Sample depths adjusted"
"35e0f204-e0c2-489c-8519-fb4632dc6766","D07","MLBS","MEGAPT100982","7_MLBS_PIT1","7_MLBS_PIT1_2CG2","7_MLBS_PIT1_BULKD_>160-<200_2C2","2Cg2","2013-12-02","2013-12-02","USDA NRCS Kellogg Soil Survey Laboratory - Lincoln - NE","I2014USVA020",185.0,165.0,205.0,1.0,"Regular",1.6118,"Cores collected from clods taken during excavation; exact depths unknown (top/bottom depths are min/max possible depths). NRCS first described Oi as +5 to 0; became 0 to 5 after email from Benham (NRCS) to Ayres (7/31/14). Sample depths adjusted"
"5cdceb6b-26eb-4ab7-838e-0688c858711f","D07","MLBS","MEGAPT100982","7_MLBS_PIT1","7_MLBS_PIT1_2CG2","7_MLBS_PIT1_BULKD_>160-<200_BULKD1","2Cg2","2013-12-02","2013-12-02","USDA NRCS Kellogg Soil Survey Laboratory - Lincoln - NE","I2014USVA020",185.0,165.0,205.0,1.0,"Audit",1.5934,"Cores collected from clods taken during excavation; exact depths unknown (top/bottom depths are min/max possible depths). NRCS first described Oi as +5 to 0; became 0 to 5 after email from Benham (NRCS) to Ayres (7/31/14). Sample depths adjusted"
"be685f08-cf08-425f-901c-6c4e22909bee","D07","MLBS","MEGAPT100982","7_MLBS_PIT1","7_MLBS_PIT1_OA","7_MLBS_PIT1_BULKD_3-6_OA","Oa","2013-12-02","2013-12-02","USDA NRCS Kellogg Soil Survey Laboratory - Lincoln - NE","I2014USVA020",9.5,8.0,11.0,1.0,"Regular",1.0454,"NRCS first described Oi as +5 to 0; became 0 to 5 after email from Benham (NRCS) to Ayres (7/31/14). Sample depths adjusted"
"466850c9-8fc2-4cf4-96b2-c4ebd7cfc227","D07","MLBS","MEGAPT100982","7_MLBS_PIT1","7_MLBS_PIT1_A","7_MLBS_PIT1_BULKD_17-27_A","A","2013-12-02","2013-12-02","USDA NRCS Kellogg Soil Survey Laboratory - Lincoln - NE","I2014USVA020",27.0,22.0,32.0,1.0,"Regular",1.2323,"NRCS first described Oi as +5 to 0; became 0 to 5 after email from Benham (NRCS) to Ayres (7/31/14). Sample depths adjusted"
"6b51855b-ac12-47be-894f-a7a5de285db3","D07","MLBS","MEGAPT100982","7_MLBS_PIT1","7_MLBS_PIT1_E","7_MLBS_PIT1_BULKD_40-50_E","E","2013-12-02","2013-12-02","USDA NRCS Kellogg Soil Survey Laboratory - Lincoln - NE","I2014USVA020",40.0,45.0,55.0,1.0,"Regular",1.4755,"NRCS first described Oi as +5 to 0; became 0 to 5 after email from Benham (NRCS) to Ayres (7/31/14). Sample depths adjusted"
