uid,namedLocation,domainID,siteID,plotID,pitID,collectDate,testProtocolVersion,nrcsDescriptionID,horizonID,horizonName,horizonTopDepth,horizonBottomDepth,remarks,dataQF
"ddf4b8ec-0b21-465c-b2bb-3fdf5a40da67","DELA_024.basePlot.all","D08","DELA","DELA_024","1139185","2015-09-28","Field Book for Describing and Sampling Soils ver3","S2015AL063020","16N02436","Btg",24,68,,
"06acbb68-f36a-4447-af4d-786af902555d","DELA_011.basePlot.all","D08","DELA","DELA_011","1139182","2015-09-28","Field Book for Describing and Sampling Soils ver3","S2015AL063017","16N02423","Ab",11,34,,
"8a6b257e-db57-4103-a590-4b42862e1937","DELA_024.basePlot.all","D08","DELA","DELA_024","1139185","2015-09-28","Field Book for Describing and Sampling Soils ver3","S2015AL063020","16N02435","Bg",11,24,,
"ffb79ce7-7f29-47e8-90e3-3ca0977a78a3","DELA_015.basePlot.all","D08","DELA","DELA_015","1139183","2015-09-28","Field Book for Describing and Sampling Soils ver3","S2015AL063018","16N02428","Bt",20,33,,
"ffab9bbc-ed67-4348-b3a1-9969d3015f8e","DELA_011.basePlot.all","D08","DELA","DELA_011","1139182","2015-09-28","Field Book for Describing and Sampling Soils ver3","S2015AL063017","16N02425","C2",58,100,,
"f6c6d6dd-a99a-4365-81ca-58784826dfb1","DELA_021.basePlot.all","D08","DELA","DELA_021","1139184","2015-09-28","Field Book for Describing and Sampling Soils ver3","S2015AL063019","16N02433","Bt",48,100,,
"4a759baf-df54-4156-a47e-2a5359027481","DELA_015.basePlot.all","D08","DELA","DELA_015","1139183","2015-09-28","Field Book for Describing and Sampling Soils ver3","S2015AL063018","16N02426","A",0,7,,
"bd8869b3-8844-48a7-ae5b-5c8d1a1d33ef","DELA_011.basePlot.all","D08","DELA","DELA_011","1139182","2015-09-28","Field Book for Describing and Sampling Soils ver3","S2015AL063017","16N02422","A",0,11,,
"9e2ecc31-30cd-418b-b403-9bad1e405204","DELA_016.basePlot.all","D08","DELA","DELA_016","1139168","2015-09-28","Field Book for Describing and Sampling Soils ver3","S2015AL063005","16N02374","A",0,12,,
"85df818c-507a-44f5-8bc8-17486d5a3b20","DELA_005.basePlot.all","D08","DELA","DELA_005","1139181","2015-09-28","Field Book for Describing and Sampling Soils ver3","S2015AL063016","16N02418","A",0,6,,
"cbd6147d-d977-4251-8259-4a44eea04285","DELA_024.basePlot.all","D08","DELA","DELA_024","1139185","2015-09-28","Field Book for Describing and Sampling Soils ver3","S2015AL063020","16N02434","A",0,11,,
"69bb74fb-2f1e-4109-b27c-63ff1b7a9244","DELA_024.basePlot.all","D08","DELA","DELA_024","1139185","2015-09-28","Field Book for Describing and Sampling Soils ver3","S2015AL063020","16N02437","Cg",68,100,,
"7eba9e6a-f292-4fae-9b89-fa2e4cae9910","DELA_003.basePlot.all","D08","DELA","DELA_003","1139166","2015-09-28","Field Book for Describing and Sampling Soils ver3","S2015AL063001","16N02361","Bt",6,36,,
"5e355c28-60f1-474e-bbe1-dc9d6340ca9b","DELA_016.basePlot.all","D08","DELA","DELA_016","1139168","2015-09-28","Field Book for Describing and Sampling Soils ver3","S2015AL063005","16N02377","Btg1",47,67,"Areas of yellowish brown and strong brown are redox concentrations and areas of light brownish gray are redox depletions.",
"6e15cd80-127c-48a8-a658-824a97cbff66","DELA_016.basePlot.all","D08","DELA","DELA_016","1139168","2015-09-28","Field Book for Describing and Sampling Soils ver3","S2015AL063005","16N02378","Btg2",67,100,"Areas of yellowish brown are redox concentrations and areas of gray are redox depletions.",
"55c3b7f3-a0ea-4c44-b25f-b82966457cd3","DELA_021.basePlot.all","D08","DELA","DELA_021","1139184","2015-09-28","Field Book for Describing and Sampling Soils ver3","S2015AL063019","16N02431","AB",15,33,,
"7658d32a-21cc-45a1-992e-6330c749ca0c","DELA_016.basePlot.all","D08","DELA","DELA_016","1139168","2015-09-28","Field Book for Describing and Sampling Soils ver3","S2015AL063005","16N02375","AB",12,32,,
"0dc54fe7-3b4b-48ce-8d6f-b6849f9675ea","DELA_003.basePlot.all","D08","DELA","DELA_003","1139166","2015-09-28","Field Book for Describing and Sampling Soils ver3","S2015AL063001","16N02362","2Bt1",36,70,,
"b48e2ed9-bd06-4004-87de-2cff545af478","DELA_003.basePlot.all","D08","DELA","DELA_003","1139166","2015-09-28","Field Book for Describing and Sampling Soils ver3","S2015AL063001","16N02363","2Bt2",70,90,,
"70d98c93-16f4-4eb9-aa02-8c8171cae759","DELA_016.basePlot.all","D08","DELA","DELA_016","1139168","2015-09-28","Field Book for Describing and Sampling Soils ver3","S2015AL063005","16N02376","Bt",32,47,,
"1225aeb6-5df4-4b5a-8305-e4a8feff53ca","DELA_003.basePlot.all","D08","DELA","DELA_003","1139166","2015-09-28","Field Book for Describing and Sampling Soils ver3","S2015AL063001","16N02360","A",0,6,,
"8b1ba50b-68b1-40a3-b4c7-08f5502923a7","DELA_015.basePlot.all","D08","DELA","DELA_015","1139183","2015-09-28","Field Book for Describing and Sampling Soils ver3","S2015AL063018","16N02429","Btg",33,100,"Areas of yellowish brown and strong brown are redox concentrations and areas of light brownish gray are redox depletions.",
"ce746537-9e4f-4b44-8513-6ab95aa3b99e","DELA_005.basePlot.all","D08","DELA","DELA_005","1139181","2015-09-28","Field Book for Describing and Sampling Soils ver3","S2015AL063016","16N02421","C",68,100,,
"425a9d0d-6375-4cd4-93e9-eadcd8b1ebe9","DELA_005.basePlot.all","D08","DELA","DELA_005","1139181","2015-09-28","Field Book for Describing and Sampling Soils ver3","S2015AL063016","16N02420","Bw2",22,68,,
"cc873612-cdc1-4d30-985a-8c9c743a1fb2","DELA_021.basePlot.all","D08","DELA","DELA_021","1139184","2015-09-28","Field Book for Describing and Sampling Soils ver3","S2015AL063019","16N02430","A",0,15,,
"23a2dc42-91f1-4944-b60b-dd73cadc537e","DELA_021.basePlot.all","D08","DELA","DELA_021","1139184","2015-09-28","Field Book for Describing and Sampling Soils ver3","S2015AL063019","16N02432","Bw",33,48,,
"2c042263-9a95-4a95-b62e-83033e128890","DELA_005.basePlot.all","D08","DELA","DELA_005","1139181","2015-09-28","Field Book for Describing and Sampling Soils ver3","S2015AL063016","16N02419","Bw1",6,22,,
"c0f930d3-52de-4983-974a-54b2cffbe805","DELA_015.basePlot.all","D08","DELA","DELA_015","1139183","2015-09-28","Field Book for Describing and Sampling Soils ver3","S2015AL063018","16N02427","Bw",7,20,,
"12c33729-2857-4c89-a7fb-ecb354e4df78","DELA_011.basePlot.all","D08","DELA","DELA_011","1139182","2015-09-28","Field Book for Describing and Sampling Soils ver3","S2015AL063017","16N02424","C1",34,58,,
"3e3f87cc-2dbe-446c-aba1-11db963ebfbd","DELA_028.basePlot.all","D08","DELA","DELA_028","1139169","2015-09-29","Field Book for Describing and Sampling Soils ver3","S2015AL063007","5351147","Oi",0,2,,
"69cda449-68ea-4773-baa7-ef418ab17053","DELA_025.basePlot.all","D08","DELA","DELA_025","1139173","2015-09-29","Field Book for Describing and Sampling Soils ver3","S2015AL063006","16N02382","Btg",55,100,,
"4d8fb000-bf41-439a-bdf7-e8ce32d67806","DELA_025.basePlot.all","D08","DELA","DELA_025","1139173","2015-09-29","Field Book for Describing and Sampling Soils ver3","S2015AL063006","16N02379","A",0,17,,
"c3b089ab-9fed-48d5-9bb4-a66c24782782","DELA_028.basePlot.all","D08","DELA","DELA_028","1139169","2015-09-29","Field Book for Describing and Sampling Soils ver3","S2015AL063007","16N02385","Bt",32,51,"10% OM Stains on all ped faces",
"a3d57de7-e431-4ec4-93ee-39f490888da9","DELA_025.basePlot.all","D08","DELA","DELA_025","1139173","2015-09-29","Field Book for Describing and Sampling Soils ver3","S2015AL063006","16N02380","AB",17,33,,
"80107253-b303-46de-8eff-27a425aa5cd5","DELA_028.basePlot.all","D08","DELA","DELA_028","1139169","2015-09-29","Field Book for Describing and Sampling Soils ver3","S2015AL063007","16N02386","Btg",51,100,"10% OM Stains on all ped faces; Areas of light gray are redox depletions and areas of strong brown and yellowish brown are Iron accumulations.",
"4c4406b4-73c7-4a19-bfbc-b278538a6091","DELA_025.basePlot.all","D08","DELA","DELA_025","1139173","2015-09-29","Field Book for Describing and Sampling Soils ver3","S2015AL063006","16N02381","Bt",33,55,,
"00882e03-ca73-459f-b134-4fc3e8314d55","DELA_028.basePlot.all","D08","DELA","DELA_028","1139169","2015-09-29","Field Book for Describing and Sampling Soils ver3","S2015AL063007","16N02383","A",0,12,,
"482c004a-981f-43a3-9600-c716c37109c6","DELA_028.basePlot.all","D08","DELA","DELA_028","1139169","2015-09-29","Field Book for Describing and Sampling Soils ver3","S2015AL063007","16N02384","AB",12,32,,
"63fe4343-ec59-47bb-bd3f-9b6cac262669","DELA_029.basePlot.all","D08","DELA","DELA_029","1139176","2015-09-30","Field Book for Describing and Sampling Soils ver3","S2015AL063010","16N02397","Bt",50,75,,
"2d1033df-f94a-4eca-8a6b-9fff667def50","DELA_008.basePlot.all","D08","DELA","DELA_008","1139167","2015-09-30","Field Book for Describing and Sampling Soils ver3","S2015AL063003","16N02369","Btg1",11,33,,
"72e1d5cc-7d74-4ec4-bc0b-f6db264c6494","DELA_002.basePlot.all","D08","DELA","DELA_002","1139179","2015-09-30","Field Book for Describing and Sampling Soils ver3","S2015AL063021","16N02357","Bt1",9,24,,
"53049e47-0e78-4bb4-989b-d2e0af94f8fd","DELA_002.basePlot.all","D08","DELA","DELA_002","1139179","2015-09-30","Field Book for Describing and Sampling Soils ver3","S2015AL063021","16N02358","Bt2",24,63,,
"dffa91e7-f70f-434f-b4c0-365885850eb3","DELA_002.basePlot.all","D08","DELA","DELA_002","1139179","2015-09-30","Field Book for Describing and Sampling Soils ver3","S2015AL063021","16N02356","A",0,9,,
"c982e160-6efc-41d3-895d-688330f5cbc7","DELA_002.basePlot.all","D08","DELA","DELA_002","1139179","2015-09-30","Field Book for Describing and Sampling Soils ver3","S2015AL063021","16N02359","Bt3",63,90,,
"cac097cb-2eb4-4ee6-b261-1991b65e370b","DELA_009.basePlot.all","D08","DELA","DELA_009","1139180","2015-09-30","Field Book for Describing and Sampling Soils ver3","S2015AL063002","16N02366","Bt2",55,80,,
"be83272d-d78a-4dd4-a310-d33a1cbfa6a5","DELA_008.basePlot.all","D08","DELA","DELA_008","1139167","2015-09-30","Field Book for Describing and Sampling Soils ver3","S2015AL063003","16N02370","Btg2",33,97,,
"6b1d6072-17e2-43f4-86a6-3d8a1b331eb1","DELA_009.basePlot.all","D08","DELA","DELA_009","1139180","2015-09-30","Field Book for Describing and Sampling Soils ver3","S2015AL063002","16N02367","Bt3",80,100,,
"0829fb94-1cc5-46ba-b517-e35d1cc2c061","DELA_008.basePlot.all","D08","DELA","DELA_008","1139167","2015-09-30","Field Book for Describing and Sampling Soils ver3","S2015AL063003","16N02368","Ag",0,11,,
"fdca7a08-b4a5-46fd-ab6a-96dd66386fe4","DELA_009.basePlot.all","D08","DELA","DELA_009","1139180","2015-09-30","Field Book for Describing and Sampling Soils ver3","S2015AL063002","16N02365","Bt1",14,55,,
"39fadc9a-cdd2-435e-a8bd-e940223d6533","DELA_023.basePlot.all","D08","DELA","DELA_023","1139178","2015-09-30","Field Book for Describing and Sampling Soils ver3","S2015AL063004","16N02372","Bt1",12,33,,
"a071986a-af04-4308-a670-41df1865ff10","DELA_009.basePlot.all","D08","DELA","DELA_009","1139180","2015-09-30","Field Book for Describing and Sampling Soils ver3","S2015AL063002","16N02364","A",0,14,,
"4ad94186-37bd-4512-901e-ff77f0fdc774","DELA_029.basePlot.all","D08","DELA","DELA_029","1139176","2015-09-30","Field Book for Describing and Sampling Soils ver3","S2015AL063010","16N02398","BCt",75,100,,
"1d35090a-1b07-42b6-9c6c-67a2dcbb9e71","DELA_029.basePlot.all","D08","DELA","DELA_029","1139176","2015-09-30","Field Book for Describing and Sampling Soils ver3","S2015AL063010","16N02395","A",0,15,,
"a93396be-1a94-4636-9b28-9776087eb349","DELA_029.basePlot.all","D08","DELA","DELA_029","1139176","2015-09-30","Field Book for Describing and Sampling Soils ver3","S2015AL063010","5351173","E",15,22,,
"05327b2a-ce38-419a-9dc1-6c86b736d34c","DELA_023.basePlot.all","D08","DELA","DELA_023","1139178","2015-09-30","Field Book for Describing and Sampling Soils ver3","S2015AL063004","16N02373","Bt2",33,90,,
"657a6023-d084-4d6e-835b-f91d22e74886","DELA_029.basePlot.all","D08","DELA","DELA_029","1139176","2015-09-30","Field Book for Describing and Sampling Soils ver3","S2015AL063010","16N02396","Atb",22,50,,
"2e3b492c-5e56-4fea-a70c-5b586d661e0a","DELA_023.basePlot.all","D08","DELA","DELA_023","1139178","2015-09-30","Field Book for Describing and Sampling Soils ver3","S2015AL063004","16N02371","A",0,12,,
