uid,domainID,siteID,plotID,namedLocation,plotType,nlcdClass,geodeticDatum,decimalLatitude,decimalLongitude,coordinateUncertainty,elevation,elevationUncertainty,collectDate,referenceCorner,sampleDistance,sampleBearing,pitID,testProtocolVersion,soilSamplingMethod,sampleRelativeLocation,pitDepth,recordedByA,soilProfileDescriberA,soilProfileDescriberInst,nrcsDescriptionID,soilSeries,soilFamily,soilSubgroup,soilGreatGroup,soilSuborder,soilOrder,remarks,dataQF
"54a1c823-a8b9-4979-a5cd-d7c2351b1e07","D08","DELA","DELA_016","DELA_016.basePlot.all","distributed","evergreenForest","WGS84",32.535814,-87.808008,20.3,22.4,0.6,"2015-09-28","SW20",0.2,45,"1139168","Field Book for Describing and Sampling Soils ver3","soil pit","Center of pit",100,"fOtnUZLa3DxnCsn46Zljdw==","fOtnUZLa3DxnCsn46Zljdw==","Natural Resource Conservation Service","S2015AL063005","Angie","Fine, mixed, semiactive, thermic Aquic Paleudults","aquic paleudults","paleudults","udults","ultisols","Deadlake NEON Site DELA016 Greene County, AL",
"00a863e9-ac56-4b40-88cf-249cb3aaa90d","D08","DELA","DELA_015","DELA_015.basePlot.all","distributed","woodyWetlands","WGS84",32.528740,-87.813389,20.1,23.4,0.2,"2015-09-28","SW20",0.2,45,"1139183","Field Book for Describing and Sampling Soils ver3","soil pit","Center of pit",100,"fOtnUZLa3DxnCsn46Zljdw==","qj4hyw7i1hGFc3eKeXEb9g==","Natural Resource Conservation Service","S2015AL063018","Angie","Fine, mixed, semiactive, thermic Aquic Paleudults","aquic paleudults","paleudults","udults","ultisols",,
"1e115e2d-a755-4d13-97fb-b62c18380e72","D08","DELA","DELA_005","DELA_005.basePlot.all","distributed","woodyWetlands","WGS84",32.523355,-87.814626,20.2,27.2,0.2,"2015-09-28","SW20",0.2,45,"1139181","Field Book for Describing and Sampling Soils ver3","soil pit","Center of pit",100,"fOtnUZLa3DxnCsn46Zljdw==","qj4hyw7i1hGFc3eKeXEb9g==","Natural Resource Conservation Service","S2015AL063016","Chenneby","Fine-silty, mixed, active, thermic Fluvaquentic Dystrudepts","fluvaquentic dystrudepts","dystrudepts","udepts","inceptisols",,
"870fc848-8efd-4e18-bca8-3079c3d848b4","D08","DELA","DELA_003","DELA_003.basePlot.all","distributed","woodyWetlands","WGS84",32.534942,-87.815024,20.1,25.1,0.2,"2015-09-28","SW20",0.2,45,"1139166","Field Book for Describing and Sampling Soils ver3","soil pit","Center of pit",90,"fOtnUZLa3DxnCsn46Zljdw==","J/57wD1kwBPCtVh8robIhQ==","Natural Resource Conservation Service","S2015AL063001","Angie","Fine, mixed, semiactive, thermic Aquic Paleudults","typic hapludults","hapludults","udults","ultisols","Black Warrior River Alluvium Valley",
"210ff5e0-6ee8-4660-8ab8-e2de439ef593","D08","DELA","DELA_011","DELA_011.basePlot.all","distributed","woodyWetlands","WGS84",32.520324,-87.817128,20.1,24.2,0.2,"2015-09-28","SW20",0.2,45,"1139182","Field Book for Describing and Sampling Soils ver3","soil pit","Center of pit",100,"fOtnUZLa3DxnCsn46Zljdw==","qj4hyw7i1hGFc3eKeXEb9g==","Natural Resource Conservation Service","S2015AL063017","Ochlockonee-fine-silty","Fine-silty, thermic Typic Udifluvents","typic udifluvents","udifluvents","fluvents","entisols",,
"32af4742-243b-43ce-aecb-eb304b6d2358","D08","DELA","DELA_024","DELA_024.basePlot.all","distributed","woodyWetlands","WGS84",32.525211,-87.817496,20.1,21.7,0.1,"2015-09-28","SW20",0.2,45,"1139185","Field Book for Describing and Sampling Soils ver3","soil pit","Center of pit",100,"fOtnUZLa3DxnCsn46Zljdw==","qj4hyw7i1hGFc3eKeXEb9g==","Natural Resource Conservation Service","S2015AL063020","Angie","Fine, mixed, semiactive, thermic Aquic Paleudults","aquic paleudults","paleudults","udults","ultisols",,
"a1e08c4b-d280-4602-9ccf-381bdc3ee5fc","D08","DELA","DELA_021","DELA_021.basePlot.all","distributed","woodyWetlands","WGS84",32.526812,-87.819123,20.1,22.2,0.1,"2015-09-28","SW20",0.2,45,"1139184","Field Book for Describing and Sampling Soils ver3","soil pit","Center of pit",100,"fOtnUZLa3DxnCsn46Zljdw==","qj4hyw7i1hGFc3eKeXEb9g==","Natural Resource Conservation Service","S2015AL063019","Cahaba","Fine-loamy, siliceous, semiactive, thermic Typic Hapludults","typic hapludults","hapludults","udults","ultisols",,
"922e17d8-0933-4df1-83e8-ba48a0b4f077","D08","DELA","DELA_028","DELA_028.basePlot.all","distributed","evergreenForest","WGS84",32.535497,-87.811463,20.3,30.0,0.2,"2015-09-29","SW20",0.2,45,"1139169","Field Book for Describing and Sampling Soils ver3","soil pit","Center of pit",100,"fOtnUZLa3DxnCsn46Zljdw==","khnyfeTHrVrgpJfeFWm+cA==","Natural Resource Conservation Service","S2015AL063007","Angie","Fine, mixed, semiactive, thermic Aquic Paleudults","aquic paleudults","paleudults","udults","ultisols","NEON Deadlake DELA028 Greene County, AL",
"9511216e-310f-4135-8d6d-ddeb98a3be60","D08","DELA","DELA_025","DELA_025.basePlot.all","distributed","evergreenForest","WGS84",32.535528,-87.809901,20.2,31.4,0.5,"2015-09-29","SW20",0.2,45,"1139173","Field Book for Describing and Sampling Soils ver3","soil pit","Center of pit",100,"fOtnUZLa3DxnCsn46Zljdw==","fOtnUZLa3DxnCsn46Zljdw==","Natural Resource Conservation Service","S2015AL063006","Angie-like","Fine, mixed, semiactive, thermic Aquic Paleudults","aquic paleudults","paleudults","udults","ultisols",,
"355d0ca0-f427-4aca-a8ca-dc5331d4adb3","D08","DELA","DELA_009","DELA_009.basePlot.all","distributed","woodyWetlands","WGS84",32.534101,-87.816942,20.2,25.7,0.2,"2015-09-30","SW20",0.2,45,"1139180","Field Book for Describing and Sampling Soils ver3","soil pit","Center of pit",100,"fOtnUZLa3DxnCsn46Zljdw==","J/57wD1kwBPCtVh8robIhQ==","Natural Resource Conservation Service","S2015AL063002","Annemaine","Fine, mixed, semiactive, thermic Aquic Hapludults","aquic hapludults","hapludults","udults","ultisols",,
"8f540d31-2b93-4ded-ad86-2a091e4fdf21","D08","DELA","DELA_008","DELA_008.basePlot.all","distributed","woodyWetlands","WGS84",32.540078,-87.814098,20.1,21.8,0.1,"2015-09-30","SW20",0.2,45,"1139167","Field Book for Describing and Sampling Soils ver3","soil pit","Center of pit",97,"fOtnUZLa3DxnCsn46Zljdw==","J/57wD1kwBPCtVh8robIhQ==","Natural Resource Conservation Service","S2015AL063003","Bethera","Fine, mixed, semiactive, thermic Typic Paleaquults","typic paleaquults","paleaquults","aquults","ultisols","Black Warrior River Alluvium Valley",
"4ed364b4-c28e-43aa-9c86-87f3dacf711a","D08","DELA","DELA_029","DELA_029.basePlot.all","distributed","evergreenForest","WGS84",32.529808,-87.810523,20.2,26.4,0.3,"2015-09-30","SW20",0.2,45,"1139176","Field Book for Describing and Sampling Soils ver3","soil pit","Center of pit",100,"fOtnUZLa3DxnCsn46Zljdw==","FUFc1SqXASsxEo/nLcO7ig==","Natural Resource Conservation Service","S2015AL063010","Cahaba","Fine-loamy, siliceous, semiactive, thermic Typic Hapludults","typic hapludults","hapludults","udults","ultisols","(Dela 29) Dead Lake Army Corps of Engineers in Greene County Alabama. NEON site.",
"c501e011-30cd-439a-bdad-400606ded0df","D08","DELA","DELA_023","DELA_023.basePlot.all","distributed","woodyWetlands","WGS84",32.541444,-87.812539,20.1,23.9,0.1,"2015-09-30","SW20",0.2,45,"1139178","Field Book for Describing and Sampling Soils ver3","soil pit","Center of pit",90,"fOtnUZLa3DxnCsn46Zljdw==","J/57wD1kwBPCtVh8robIhQ==","Natural Resource Conservation Service","S2015AL063004","Angie","Fine, mixed, semiactive, thermic Aquic Paleudults","aquic paleudults","paleudults","udults","ultisols",,
"6a56bd10-f126-4e9c-86a8-39a22bf50849","D08","DELA","DELA_002","DELA_002.basePlot.all","distributed","woodyWetlands","WGS84",32.532479,-87.818534,20.2,24.0,0.4,"2015-09-30","SW20",0.2,45,"1139179","Field Book for Describing and Sampling Soils ver3","soil pit","Center of pit",90,"fOtnUZLa3DxnCsn46Zljdw==","J/57wD1kwBPCtVh8robIhQ==","Natural Resource Conservation Service","S2015AL063021","Annemaine","Fine, mixed, semiactive, thermic Aquic Hapludults","aquic hapludults","hapludults","udults","ultisols",,
