uid,namedLocation,domainID,siteID,plotID,nrcsDescriptionID,collectDate,horizonID,horizonName,bulkDensProcessedDate,bulkDensMethodPub,bulkDensMethod,bulkDensIDnrcs,bulkDensSampleType,bulkDensCenterDepth,bulkDensTopDepth,bulkDensBottomDepth,bulkDensThirdBar,bulkDensOvenDry,bulkDensFieldMoist,waterRetentionThirdBar,fieldWaterContent,laboratoryName,remarks,dataQF
"12b275ac-12f0-404e-8d54-e51dc3297ba9","DELA_011.basePlot.all","D08","DELA","DELA_011","S2015AL063017","2015-09-28","16N02424","C1","2017-01-18","Kellogg Soil Survey Laboratory Methods Manual, Soil Survey Investigations Report No. 42 Version 5.0, Issued 2014","Bulk Density, Clods (3B1)","S2015AL063017-3","clod",46.0,34.0,58.0,1.42,1.51,,24.8,,"USDA NRCS Kellogg Soil Survey Laboratory",,
"77e2a6ec-f7fc-43c3-b559-b78161aa8b7a","DELA_016.basePlot.all","D08","DELA","DELA_016","S2015AL063005","2015-09-28","16N02377","Btg1","2018-04-07","Kellogg Soil Survey Laboratory Methods Manual, Soil Survey Investigations Report No. 42 Version 5.0, Issued 2014","Bulk Density, Clods (3B1)","S2015AL063005-4","clod",57.0,47.0,67.0,1.50,1.55,,23.3,,"USDA NRCS Kellogg Soil Survey Laboratory",,
"31594d89-4d1f-4fcb-9b01-32aa99d1f841","DELA_021.basePlot.all","D08","DELA","DELA_021","S2015AL063019","2015-09-28","16N02433","Bt","2017-01-18","Kellogg Soil Survey Laboratory Methods Manual, Soil Survey Investigations Report No. 42 Version 5.0, Issued 2014","Bulk Density, Clods (3B1)","S2015AL063019-4","clod",74.0,48.0,100.0,1.38,1.54,,27.9,,"USDA NRCS Kellogg Soil Survey Laboratory",,
"3f4f0ad6-80a8-492c-a9f7-c5214e572521","DELA_011.basePlot.all","D08","DELA","DELA_011","S2015AL063017","2015-09-28","16N02423","Ab","2017-01-18","Kellogg Soil Survey Laboratory Methods Manual, Soil Survey Investigations Report No. 42 Version 5.0, Issued 2014","Bulk Density, Clods (3B1)","S2015AL063017-2","clod",22.5,11.0,34.0,1.39,1.49,,25.7,,"USDA NRCS Kellogg Soil Survey Laboratory",,
"b6d4909d-b68d-4f7b-8a0e-03b85cb94bcd","DELA_003.basePlot.all","D08","DELA","DELA_003","S2015AL063001","2015-09-28","16N02361","Bt","2017-01-18","Kellogg Soil Survey Laboratory Methods Manual, Soil Survey Investigations Report No. 42 Version 5.0, Issued 2014","Bulk Density, Clods (3B1)","S2015AL063001-2","clod",21.0,6.0,36.0,1.42,1.57,,24.3,,"USDA NRCS Kellogg Soil Survey Laboratory",,
"36ecd57b-8136-4071-b18a-cff2bf80746f","DELA_011.basePlot.all","D08","DELA","DELA_011","S2015AL063017","2015-09-28","16N02425","C2","2017-01-18","Kellogg Soil Survey Laboratory Methods Manual, Soil Survey Investigations Report No. 42 Version 5.0, Issued 2014","Bulk Density, Clods (3B1)","S2015AL063017-4","clod",79.0,58.0,100.0,1.46,1.52,,18.1,,"USDA NRCS Kellogg Soil Survey Laboratory",,
"af58c380-5b61-4077-9f9f-fa86c14258a7","DELA_021.basePlot.all","D08","DELA","DELA_021","S2015AL063019","2015-09-28","16N02430","A","2017-01-18","Kellogg Soil Survey Laboratory Methods Manual, Soil Survey Investigations Report No. 42 Version 5.0, Issued 2014","Bulk Density, Clods (3B1)","S2015AL063019-1","clod",7.5,0.0,15.0,1.20,1.35,,31.8,,"USDA NRCS Kellogg Soil Survey Laboratory",,
"a8773891-6cd2-4c90-b966-3918f809655a","DELA_005.basePlot.all","D08","DELA","DELA_005","S2015AL063016","2015-09-28","16N02418","A","2017-01-18","Kellogg Soil Survey Laboratory Methods Manual, Soil Survey Investigations Report No. 42 Version 5.0, Issued 2014","Bulk Density, Clods (3B1)","S2015AL063016-1","clod",3.0,0.0,6.0,1.29,1.38,,26.4,,"USDA NRCS Kellogg Soil Survey Laboratory",,
"6b6c0191-a174-457c-b8d4-ab4b3e716ada","DELA_015.basePlot.all","D08","DELA","DELA_015","S2015AL063018","2015-09-28","16N02427","Bw","2017-01-18","Kellogg Soil Survey Laboratory Methods Manual, Soil Survey Investigations Report No. 42 Version 5.0, Issued 2014","Bulk Density, Clods (3B1)","S2015AL063018-2","clod",13.5,7.0,20.0,1.41,1.53,,21.9,,"USDA NRCS Kellogg Soil Survey Laboratory",,
"8db47fa9-06e7-41db-a856-d271bfd7056d","DELA_016.basePlot.all","D08","DELA","DELA_016","S2015AL063005","2015-09-28","16N02375","AB","2018-04-07","Kellogg Soil Survey Laboratory Methods Manual, Soil Survey Investigations Report No. 42 Version 5.0, Issued 2014","Bulk Density, Clods (3B1)","S2015AL063005-2","clod",22.0,12.0,32.0,1.56,1.68,,22.9,,"USDA NRCS Kellogg Soil Survey Laboratory",,
"2db7afe9-0011-474e-ba54-998c9ff72482","DELA_016.basePlot.all","D08","DELA","DELA_016","S2015AL063005","2015-09-28","16N02378","Btg2","2018-04-07","Kellogg Soil Survey Laboratory Methods Manual, Soil Survey Investigations Report No. 42 Version 5.0, Issued 2014","Bulk Density, Clods (3B1)","S2015AL063005-5","clod",83.5,67.0,100.0,1.46,1.53,,23.7,,"USDA NRCS Kellogg Soil Survey Laboratory",,
"71668599-8c60-4b83-99da-27c252a109de","DELA_024.basePlot.all","D08","DELA","DELA_024","S2015AL063020","2015-09-28","16N02437","Cg","2017-01-18","Kellogg Soil Survey Laboratory Methods Manual, Soil Survey Investigations Report No. 42 Version 5.0, Issued 2014","Bulk Density, Clods (3B1)","S2015AL063020-4","clod",84.0,68.0,100.0,1.43,1.59,,24.0,,"USDA NRCS Kellogg Soil Survey Laboratory",,
"58015215-339a-4950-a79d-6262b637af13","DELA_021.basePlot.all","D08","DELA","DELA_021","S2015AL063019","2015-09-28","16N02432","Bw","2017-01-18","Kellogg Soil Survey Laboratory Methods Manual, Soil Survey Investigations Report No. 42 Version 5.0, Issued 2014","Bulk Density, Clods (3B1)","S2015AL063019-3","clod",40.5,33.0,48.0,1.32,1.48,,27.5,,"USDA NRCS Kellogg Soil Survey Laboratory",,
"9241441c-e368-45db-92e8-3b97aa2c9e8e","DELA_015.basePlot.all","D08","DELA","DELA_015","S2015AL063018","2015-09-28","16N02426","A","2018-06-25","Kellogg Soil Survey Laboratory Methods Manual, Soil Survey Investigations Report No. 42 Version 5.0, Issued 2014","Bulk Density, Clods (3B1)","S2015AL063018-1","clod",3.5,0.0,7.0,,,,,,"USDA NRCS Kellogg Soil Survey Laboratory","Sample could not be analyzed.",
"c7562114-d3d5-4b0e-92d4-ef44bf02de4e","DELA_024.basePlot.all","D08","DELA","DELA_024","S2015AL063020","2015-09-28","16N02436","Btg","2017-01-18","Kellogg Soil Survey Laboratory Methods Manual, Soil Survey Investigations Report No. 42 Version 5.0, Issued 2014","Bulk Density, Clods (3B1)","S2015AL063020-3","clod",46.0,24.0,68.0,1.47,1.61,,26.0,,"USDA NRCS Kellogg Soil Survey Laboratory",,
"c59e0106-59b8-4afb-b587-e9917c78dc2e","DELA_024.basePlot.all","D08","DELA","DELA_024","S2015AL063020","2015-09-28","16N02434","A","2018-06-25","Kellogg Soil Survey Laboratory Methods Manual, Soil Survey Investigations Report No. 42 Version 5.0, Issued 2014","Bulk Density, Clods (3B1)","S2015AL063020-1","clod",5.5,0.0,11.0,,,,,,"USDA NRCS Kellogg Soil Survey Laboratory","Sample could not be analyzed.",
"0f4a8c35-6cfd-4690-bca5-8667fb51166f","DELA_015.basePlot.all","D08","DELA","DELA_015","S2015AL063018","2015-09-28","16N02428","Bt","2017-01-18","Kellogg Soil Survey Laboratory Methods Manual, Soil Survey Investigations Report No. 42 Version 5.0, Issued 2014","Bulk Density, Clods (3B1)","S2015AL063018-3","clod",26.5,20.0,33.0,1.47,1.61,,24.1,,"USDA NRCS Kellogg Soil Survey Laboratory",,
"78d97d95-56ab-416d-bfb6-ab9f33c094e6","DELA_011.basePlot.all","D08","DELA","DELA_011","S2015AL063017","2015-09-28","16N02422","A","2017-01-18","Kellogg Soil Survey Laboratory Methods Manual, Soil Survey Investigations Report No. 42 Version 5.0, Issued 2014","Bulk Density, Clods (3B1)","S2015AL063017-1","clod",5.5,0.0,11.0,1.39,1.48,,24.2,,"USDA NRCS Kellogg Soil Survey Laboratory",,
"f4f22c26-80e7-4d0e-8fb6-25e641764483","DELA_003.basePlot.all","D08","DELA","DELA_003","S2015AL063001","2015-09-28","16N02360","A","2017-01-18","Kellogg Soil Survey Laboratory Methods Manual, Soil Survey Investigations Report No. 42 Version 5.0, Issued 2014","Bulk Density, Clods (3B1)","S2015AL063001-1","clod",3.0,0.0,6.0,1.27,1.41,,32.2,,"USDA NRCS Kellogg Soil Survey Laboratory",,
"c81c0c98-16d7-4a4a-9cf0-16488cc3aa66","DELA_005.basePlot.all","D08","DELA","DELA_005","S2015AL063016","2015-09-28","16N02421","C","2017-01-18","Kellogg Soil Survey Laboratory Methods Manual, Soil Survey Investigations Report No. 42 Version 5.0, Issued 2014","Bulk Density, Clods (3B1)","S2015AL063016-4","clod",84.0,68.0,100.0,1.28,1.37,,22.1,,"USDA NRCS Kellogg Soil Survey Laboratory",,
"9fdb3346-c7ce-43a7-9e52-94d3c50c4cfc","DELA_005.basePlot.all","D08","DELA","DELA_005","S2015AL063016","2015-09-28","16N02419","Bw1","2017-01-18","Kellogg Soil Survey Laboratory Methods Manual, Soil Survey Investigations Report No. 42 Version 5.0, Issued 2014","Bulk Density, Clods (3B1)","S2015AL063016-2","clod",14.0,6.0,22.0,1.41,1.44,,16.4,,"USDA NRCS Kellogg Soil Survey Laboratory",,
"e54d61b6-eafa-4c31-b6d3-7cb8a235452b","DELA_016.basePlot.all","D08","DELA","DELA_016","S2015AL063005","2015-09-28","16N02374","A","2018-04-07","Kellogg Soil Survey Laboratory Methods Manual, Soil Survey Investigations Report No. 42 Version 5.0, Issued 2014","Bulk Density, Clods (3B1)","S2015AL063005-1","clod",6.0,0.0,12.0,1.38,1.52,,25.2,,"USDA NRCS Kellogg Soil Survey Laboratory",,
"2e442e17-ca96-4767-904f-f9e4dd688f0e","DELA_005.basePlot.all","D08","DELA","DELA_005","S2015AL063016","2015-09-28","16N02420","Bw2","2017-01-18","Kellogg Soil Survey Laboratory Methods Manual, Soil Survey Investigations Report No. 42 Version 5.0, Issued 2014","Bulk Density, Clods (3B1)","S2015AL063016-3","clod",45.0,22.0,68.0,1.39,1.44,,15.7,,"USDA NRCS Kellogg Soil Survey Laboratory",,
"de43ebc4-0fdc-4231-843b-c78ae75e240d","DELA_003.basePlot.all","D08","DELA","DELA_003","S2015AL063001","2015-09-28","16N02363","2Bt2","2017-01-18","Kellogg Soil Survey Laboratory Methods Manual, Soil Survey Investigations Report No. 42 Version 5.0, Issued 2014","Bulk Density, Clods (3B1)","S2015AL063001-4","clod",80.0,70.0,90.0,1.54,1.65,,22.0,,"USDA NRCS Kellogg Soil Survey Laboratory",,
"f5cadcb8-2467-4aa4-9b07-46ddbac80f57","DELA_016.basePlot.all","D08","DELA","DELA_016","S2015AL063005","2015-09-28","16N02376","Bt","2018-04-07","Kellogg Soil Survey Laboratory Methods Manual, Soil Survey Investigations Report No. 42 Version 5.0, Issued 2014","Bulk Density, Clods (3B1)","S2015AL063005-3","clod",39.5,32.0,47.0,1.60,1.65,,23.7,,"USDA NRCS Kellogg Soil Survey Laboratory",,
"4fcbaa19-fbdd-421a-bd86-239d834abdfa","DELA_024.basePlot.all","D08","DELA","DELA_024","S2015AL063020","2015-09-28","16N02435","Bg","2017-01-18","Kellogg Soil Survey Laboratory Methods Manual, Soil Survey Investigations Report No. 42 Version 5.0, Issued 2014","Bulk Density, Clods (3B1)","S2015AL063020-2","clod",17.5,11.0,24.0,1.29,1.46,,29.7,,"USDA NRCS Kellogg Soil Survey Laboratory",,
"30f53b0c-5533-495c-b62c-0f01f4ef90eb","DELA_021.basePlot.all","D08","DELA","DELA_021","S2015AL063019","2015-09-28","16N02431","AB","2017-01-18","Kellogg Soil Survey Laboratory Methods Manual, Soil Survey Investigations Report No. 42 Version 5.0, Issued 2014","Bulk Density, Clods (3B1)","S2015AL063019-2","clod",24.0,15.0,33.0,1.43,1.56,,25.3,,"USDA NRCS Kellogg Soil Survey Laboratory",,
"c692dbf1-db03-423f-9581-94fbce0f92b1","DELA_003.basePlot.all","D08","DELA","DELA_003","S2015AL063001","2015-09-28","16N02362","2Bt1","2017-01-18","Kellogg Soil Survey Laboratory Methods Manual, Soil Survey Investigations Report No. 42 Version 5.0, Issued 2014","Bulk Density, Clods (3B1)","S2015AL063001-3","clod",53.0,36.0,70.0,1.41,1.54,,22.9,,"USDA NRCS Kellogg Soil Survey Laboratory",,
"d2e9ee2c-e668-4994-943d-6cdd13ba19f4","DELA_015.basePlot.all","D08","DELA","DELA_015","S2015AL063018","2015-09-28","16N02429","Btg","2017-01-18","Kellogg Soil Survey Laboratory Methods Manual, Soil Survey Investigations Report No. 42 Version 5.0, Issued 2014","Bulk Density, Clods (3B1)","S2015AL063018-4","clod",66.5,33.0,100.0,1.36,1.46,,24.5,,"USDA NRCS Kellogg Soil Survey Laboratory",,
"de7556ea-4957-4c35-9f1d-aeed96c152d6","DELA_025.basePlot.all","D08","DELA","DELA_025","S2015AL063006","2015-09-29","16N02379","A","2018-04-07","Kellogg Soil Survey Laboratory Methods Manual, Soil Survey Investigations Report No. 42 Version 5.0, Issued 2014","Bulk Density, Clods (3B1)","S2015AL063006-1","clod",8.5,0.0,17.0,1.45,1.54,,24.7,,"USDA NRCS Kellogg Soil Survey Laboratory",,
"eda1182d-3e86-4210-b96f-d6d51ea2df0b","DELA_028.basePlot.all","D08","DELA","DELA_028","S2015AL063007","2015-09-29","16N02384","AB","2017-01-18","Kellogg Soil Survey Laboratory Methods Manual, Soil Survey Investigations Report No. 42 Version 5.0, Issued 2014","Bulk Density, Clods (3B1)","S2015AL063007-2","clod",22.0,12.0,32.0,1.34,1.50,,26.8,,"USDA NRCS Kellogg Soil Survey Laboratory",,
"1ea3e045-d1dd-4c01-b024-5fb258c61572","DELA_028.basePlot.all","D08","DELA","DELA_028","S2015AL063007","2015-09-29","16N02385","Bt","2017-01-18","Kellogg Soil Survey Laboratory Methods Manual, Soil Survey Investigations Report No. 42 Version 5.0, Issued 2014","Bulk Density, Clods (3B1)","S2015AL063007-3","clod",41.5,32.0,51.0,1.44,1.55,,24.9,,"USDA NRCS Kellogg Soil Survey Laboratory",,
"b7763808-7d0b-4f41-b754-69c0b4082745","DELA_025.basePlot.all","D08","DELA","DELA_025","S2015AL063006","2015-09-29","16N02380","AB","2018-04-07","Kellogg Soil Survey Laboratory Methods Manual, Soil Survey Investigations Report No. 42 Version 5.0, Issued 2014","Bulk Density, Clods (3B1)","S2015AL063006-2","clod",25.0,17.0,33.0,1.38,1.56,,28.1,,"USDA NRCS Kellogg Soil Survey Laboratory",,
"c4af0e86-3dfc-4abf-8d48-29cc834a7cca","DELA_025.basePlot.all","D08","DELA","DELA_025","S2015AL063006","2015-09-29","16N02382","Btg","2018-04-07","Kellogg Soil Survey Laboratory Methods Manual, Soil Survey Investigations Report No. 42 Version 5.0, Issued 2014","Bulk Density, Clods (3B1)","S2015AL063006-4","clod",77.5,55.0,100.0,1.44,1.51,,23.5,,"USDA NRCS Kellogg Soil Survey Laboratory",,
"24870117-27a8-4192-8264-9c2ef83f1548","DELA_025.basePlot.all","D08","DELA","DELA_025","S2015AL063006","2015-09-29","16N02381","Bt","2018-04-07","Kellogg Soil Survey Laboratory Methods Manual, Soil Survey Investigations Report No. 42 Version 5.0, Issued 2014","Bulk Density, Clods (3B1)","S2015AL063006-3","clod",44.0,33.0,55.0,1.42,1.53,,25.3,,"USDA NRCS Kellogg Soil Survey Laboratory",,
"8694de57-5a45-4f5f-a902-67886d76955f","DELA_028.basePlot.all","D08","DELA","DELA_028","S2015AL063007","2015-09-29","16N02386","Btg","2017-01-18","Kellogg Soil Survey Laboratory Methods Manual, Soil Survey Investigations Report No. 42 Version 5.0, Issued 2014","Bulk Density, Clods (3B1)","S2015AL063007-4","clod",75.5,51.0,100.0,1.45,1.52,,23.3,,"USDA NRCS Kellogg Soil Survey Laboratory",,
"d0103bd4-d332-41eb-b20d-1208bd72ba83","DELA_002.basePlot.all","D08","DELA","DELA_002","S2015AL063021","2015-09-30","16N02358","Bt2","2017-01-18","Kellogg Soil Survey Laboratory Methods Manual, Soil Survey Investigations Report No. 42 Version 5.0, Issued 2014","Bulk Density, Clods (3B1)","S2015AL063021-3","clod",43.5,24.0,63.0,1.47,1.57,,20.1,,"USDA NRCS Kellogg Soil Survey Laboratory",,
"c2931685-2bf0-4de5-b81d-31b755bdbac5","DELA_008.basePlot.all","D08","DELA","DELA_008","S2015AL063003","2015-09-30","16N02369","Btg1","2017-01-18","Kellogg Soil Survey Laboratory Methods Manual, Soil Survey Investigations Report No. 42 Version 5.0, Issued 2014","Bulk Density, Clods (3B1)","S2015AL063003-2","clod",22.0,11.0,33.0,1.20,1.34,,29.3,,"USDA NRCS Kellogg Soil Survey Laboratory",,
"70732004-d64e-4842-87d3-c4a36e2d0a4d","DELA_023.basePlot.all","D08","DELA","DELA_023","S2015AL063004","2015-09-30","16N02373","Bt2","2017-01-18","Kellogg Soil Survey Laboratory Methods Manual, Soil Survey Investigations Report No. 42 Version 5.0, Issued 2014","Bulk Density, Clods (3B1)","S2015AL063004-3","clod",61.5,33.0,90.0,1.40,1.50,,22.3,,"USDA NRCS Kellogg Soil Survey Laboratory",,
"a492fad8-bd3f-483c-9fd0-3e48d4c8b7c4","DELA_029.basePlot.all","D08","DELA","DELA_029","S2015AL063010","2015-09-30","16N02397","Bt","2017-01-18","Kellogg Soil Survey Laboratory Methods Manual, Soil Survey Investigations Report No. 42 Version 5.0, Issued 2014","Bulk Density, Clods (3B1)","S2015AL063010-3","clod",62.5,50.0,75.0,1.41,1.53,,25.1,,"USDA NRCS Kellogg Soil Survey Laboratory",,
"61886d2a-6a85-46d3-8ddb-ca7d83601129","DELA_009.basePlot.all","D08","DELA","DELA_009","S2015AL063002","2015-09-30","16N02365","Bt1","2017-01-18","Kellogg Soil Survey Laboratory Methods Manual, Soil Survey Investigations Report No. 42 Version 5.0, Issued 2014","Bulk Density, Clods (3B1)","S2015AL063002-2","clod",34.5,14.0,55.0,1.36,1.45,,22.3,,"USDA NRCS Kellogg Soil Survey Laboratory",,
"f9a48257-6bfe-496e-9a39-94b173ee1b4c","DELA_009.basePlot.all","D08","DELA","DELA_009","S2015AL063002","2015-09-30","16N02367","Bt3","2017-01-18","Kellogg Soil Survey Laboratory Methods Manual, Soil Survey Investigations Report No. 42 Version 5.0, Issued 2014","Bulk Density, Clods (3B1)","S2015AL063002-4","clod",90.0,80.0,100.0,1.47,1.52,,21.9,,"USDA NRCS Kellogg Soil Survey Laboratory",,
"351a5dc9-3608-4a66-93a5-40717124f47b","DELA_002.basePlot.all","D08","DELA","DELA_002","S2015AL063021","2015-09-30","16N02356","A","2017-01-18","Kellogg Soil Survey Laboratory Methods Manual, Soil Survey Investigations Report No. 42 Version 5.0, Issued 2014","Bulk Density, Clods (3B1)","S2015AL063021-1","clod",4.5,0.0,9.0,1.25,1.35,,25.3,,"USDA NRCS Kellogg Soil Survey Laboratory",,
"54300ae6-7600-4530-b9c5-e5e510dbc87f","DELA_002.basePlot.all","D08","DELA","DELA_002","S2015AL063021","2015-09-30","16N02359","Bt3","2017-01-18","Kellogg Soil Survey Laboratory Methods Manual, Soil Survey Investigations Report No. 42 Version 5.0, Issued 2014","Bulk Density, Clods (3B1)","S2015AL063021-4","clod",76.5,63.0,90.0,1.59,1.66,,15.7,,"USDA NRCS Kellogg Soil Survey Laboratory",,
"1a5cd866-1e46-4a29-9f41-1536fddc5f75","DELA_008.basePlot.all","D08","DELA","DELA_008","S2015AL063003","2015-09-30","16N02368","Ag","2017-01-18","Kellogg Soil Survey Laboratory Methods Manual, Soil Survey Investigations Report No. 42 Version 5.0, Issued 2014","Bulk Density, Clods (3B1)","S2015AL063003-1","clod",5.5,0.0,11.0,1.15,1.27,,31.0,,"USDA NRCS Kellogg Soil Survey Laboratory",,
"f88216bf-3e93-4c48-b460-1e8f4c0b0296","DELA_029.basePlot.all","D08","DELA","DELA_029","S2015AL063010","2015-09-30","16N02395","A","2017-01-18","Kellogg Soil Survey Laboratory Methods Manual, Soil Survey Investigations Report No. 42 Version 5.0, Issued 2014","Bulk Density, Clods (3B1)","S2015AL063010-1","clod",7.5,0.0,15.0,1.35,1.46,,23.6,,"USDA NRCS Kellogg Soil Survey Laboratory",,
"848fcec8-5971-4e7e-899c-7630c689dd14","DELA_008.basePlot.all","D08","DELA","DELA_008","S2015AL063003","2015-09-30","16N02370","Btg2","2017-01-18","Kellogg Soil Survey Laboratory Methods Manual, Soil Survey Investigations Report No. 42 Version 5.0, Issued 2014","Bulk Density, Clods (3B1)","S2015AL063003-3","clod",65.0,33.0,97.0,1.50,1.74,,25.1,,"USDA NRCS Kellogg Soil Survey Laboratory",,
"367e2af9-8a52-4ad5-9592-c19f1acdc92c","DELA_023.basePlot.all","D08","DELA","DELA_023","S2015AL063004","2015-09-30","16N02372","Bt1","2017-01-18","Kellogg Soil Survey Laboratory Methods Manual, Soil Survey Investigations Report No. 42 Version 5.0, Issued 2014","Bulk Density, Clods (3B1)","S2015AL063004-2","clod",22.5,12.0,33.0,1.37,1.49,,26.4,,"USDA NRCS Kellogg Soil Survey Laboratory",,
"db246d24-7ba2-4d89-abeb-0a3d4e725d60","DELA_023.basePlot.all","D08","DELA","DELA_023","S2015AL063004","2015-09-30","16N02371","A","2017-01-18","Kellogg Soil Survey Laboratory Methods Manual, Soil Survey Investigations Report No. 42 Version 5.0, Issued 2014","Bulk Density, Clods (3B1)","S2015AL063004-1","clod",6.0,0.0,12.0,1.46,1.54,,23.5,,"USDA NRCS Kellogg Soil Survey Laboratory",,
"ab71aa7c-698c-4d9e-b727-76f87d607a0e","DELA_009.basePlot.all","D08","DELA","DELA_009","S2015AL063002","2015-09-30","16N02364","A","2017-01-18","Kellogg Soil Survey Laboratory Methods Manual, Soil Survey Investigations Report No. 42 Version 5.0, Issued 2014","Bulk Density, Clods (3B1)","S2015AL063002-1","clod",7.0,0.0,14.0,1.32,1.42,,26.9,,"USDA NRCS Kellogg Soil Survey Laboratory",,
"6674390f-415c-45f2-8dd0-b3986392ccbb","DELA_029.basePlot.all","D08","DELA","DELA_029","S2015AL063010","2015-09-30","16N02396","ABt","2017-01-18","Kellogg Soil Survey Laboratory Methods Manual, Soil Survey Investigations Report No. 42 Version 5.0, Issued 2014","Bulk Density, Clods (3B1)","S2015AL063010-2","clod",36.0,22.0,50.0,1.26,1.42,,26.9,,"USDA NRCS Kellogg Soil Survey Laboratory",,
"ca7e83dd-f926-463d-ba5e-b82c3fcd5fe6","DELA_002.basePlot.all","D08","DELA","DELA_002","S2015AL063021","2015-09-30","16N02357","Bt1","2017-01-18","Kellogg Soil Survey Laboratory Methods Manual, Soil Survey Investigations Report No. 42 Version 5.0, Issued 2014","Bulk Density, Clods (3B1)","S2015AL063021-2","clod",16.5,9.0,24.0,1.47,1.55,,18.3,,"USDA NRCS Kellogg Soil Survey Laboratory",,
"cb319d0e-9863-41e3-947c-55595836f0bc","DELA_009.basePlot.all","D08","DELA","DELA_009","S2015AL063002","2015-09-30","16N02366","Bt2","2017-01-18","Kellogg Soil Survey Laboratory Methods Manual, Soil Survey Investigations Report No. 42 Version 5.0, Issued 2014","Bulk Density, Clods (3B1)","S2015AL063002-3","clod",67.5,55.0,80.0,1.39,1.47,,23.0,,"USDA NRCS Kellogg Soil Survey Laboratory",,
"53fcc5dc-3578-4d20-8dbe-9af8f4511d5f","DELA_029.basePlot.all","D08","DELA","DELA_029","S2015AL063010","2015-09-30","16N02398","BCt","2017-01-18","Kellogg Soil Survey Laboratory Methods Manual, Soil Survey Investigations Report No. 42 Version 5.0, Issued 2014","Bulk Density, Clods (3B1)","S2015AL063010-4","clod",87.5,75.0,100.0,1.53,1.59,,20.4,,"USDA NRCS Kellogg Soil Survey Laboratory",,
