uid,namedLocation,domainID,siteID,plotID,nrcsDescriptionID,collectDate,horizonID,horizonName,biogeoIDnrcs,biogeoSampleType,biogeoTopDepth,biogeoBottomDepth,biogeoCenterDepth,particleSizeDistProcessedDate,particleSizeDistMethodPub,particleSizeDistMethod,coarseFrag2To5,coarseFrag5To20,sandTotal,siltTotal,clayTotal,carbonateClay,clayFineContent,siltFineContent,siltCoarseContent,sandVeryFineContent,sandFineContent,sandMediumContent,sandCoarseContent,sandVeryCoarseContent,laboratoryName,dataQF
"8942e1ee-c518-47d1-af5d-eafb258ec6b6","DELA_021.basePlot.all","D08","DELA","DELA_021","S2015AL063019","2015-09-28","16N02433","Bt","S2015AL063019-4","bulk",48.0,100.0,74.0,"2016-07-14","Kellogg Soil Survey Laboratory Methods Manual, Soil Survey Investigations Report No. 42 Version 5.0, Issued 2014","Routine Particle Size Distribution (3A1a1a)",0.0,0.0,3.8,46.1,50.1,0.0,,37.9,8.2,2.2,1.1,0.4,0.1,0.0,"USDA NRCS Kellogg Soil Survey Laboratory",
"dea2de85-eecf-49aa-9e41-645cb5dec38a","DELA_015.basePlot.all","D08","DELA","DELA_015","S2015AL063018","2015-09-28","16N02426","A","S2015AL063018-1","bulk",0.0,7.0,3.5,"2016-07-14","Kellogg Soil Survey Laboratory Methods Manual, Soil Survey Investigations Report No. 42 Version 5.0, Issued 2014","Routine Particle Size Distribution (3A1a1a)",0.0,0.0,9.8,52.8,37.4,,,36.6,16.2,7.1,2.3,0.2,0.1,0.1,"USDA NRCS Kellogg Soil Survey Laboratory",
"19324743-3e1a-4670-b9fc-18418c95366c","DELA_024.basePlot.all","D08","DELA","DELA_024","S2015AL063020","2015-09-28","16N02435","Bg","S2015AL063020-2","bulk",11.0,24.0,17.5,"2016-07-14","Kellogg Soil Survey Laboratory Methods Manual, Soil Survey Investigations Report No. 42 Version 5.0, Issued 2014","Routine Particle Size Distribution (3A1a1a)",0.0,0.0,1.5,55.5,43.0,,,46.3,9.2,1.1,0.4,0.0,0.0,0.0,"USDA NRCS Kellogg Soil Survey Laboratory",
"cdaf7dfb-5ce2-4900-b957-d005ed587d79","DELA_015.basePlot.all","D08","DELA","DELA_015","S2015AL063018","2015-09-28","16N02427","Bw","S2015AL063018-2","bulk",7.0,20.0,13.5,"2016-07-14","Kellogg Soil Survey Laboratory Methods Manual, Soil Survey Investigations Report No. 42 Version 5.0, Issued 2014","Routine Particle Size Distribution (3A1a1a)",0.0,0.0,23.5,43.1,33.4,,,30.3,12.8,15.7,7.3,0.4,0.1,0.0,"USDA NRCS Kellogg Soil Survey Laboratory",
"8c9b413f-986c-444d-b72f-c132067b536e","DELA_011.basePlot.all","D08","DELA","DELA_011","S2015AL063017","2015-09-28","16N02425","C2","S2015AL063017-4","bulk",58.0,100.0,79.0,"2016-07-14","Kellogg Soil Survey Laboratory Methods Manual, Soil Survey Investigations Report No. 42 Version 5.0, Issued 2014","Routine Particle Size Distribution (3A1a1a)",0.0,0.0,21.7,47.6,30.7,0.0,,28.2,19.4,16.2,4.2,1.0,0.2,0.1,"USDA NRCS Kellogg Soil Survey Laboratory",
"3dc67c6f-239b-436b-9f82-519e826556ce","DELA_021.basePlot.all","D08","DELA","DELA_021","S2015AL063019","2015-09-28","16N02430","A","S2015AL063019-1","bulk",0.0,15.0,7.5,"2016-07-14","Kellogg Soil Survey Laboratory Methods Manual, Soil Survey Investigations Report No. 42 Version 5.0, Issued 2014","Routine Particle Size Distribution (3A1a1a)",0.0,0.0,1.5,53.1,45.4,,,45.7,7.4,0.8,0.4,0.1,0.1,0.1,"USDA NRCS Kellogg Soil Survey Laboratory",
"c0953bf1-2c3c-483b-a4e5-7a9fab798298","DELA_021.basePlot.all","D08","DELA","DELA_021","S2015AL063019","2015-09-28","16N02431","AB","S2015AL063019-2","bulk",15.0,33.0,24.0,"2016-07-14","Kellogg Soil Survey Laboratory Methods Manual, Soil Survey Investigations Report No. 42 Version 5.0, Issued 2014","Routine Particle Size Distribution (3A1a1a)",0.0,0.0,4.5,53.2,42.3,0.0,,42.6,10.6,3.0,0.9,0.5,0.1,0.0,"USDA NRCS Kellogg Soil Survey Laboratory",
"169cf49f-603f-4917-8f54-a0143b85c5b1","DELA_011.basePlot.all","D08","DELA","DELA_011","S2015AL063017","2015-09-28","16N02424","C1","S2015AL063017-3","bulk",34.0,58.0,46.0,"2016-07-14","Kellogg Soil Survey Laboratory Methods Manual, Soil Survey Investigations Report No. 42 Version 5.0, Issued 2014","Routine Particle Size Distribution (3A1a1a)",0.0,0.0,20.4,53.5,26.1,1.2,,33.1,20.4,16.9,3.3,0.1,0.1,0.0,"USDA NRCS Kellogg Soil Survey Laboratory",
"d264a706-b0e8-4e3c-b679-90ac5be0c883","DELA_015.basePlot.all","D08","DELA","DELA_015","S2015AL063018","2015-09-28","16N02429","Btg","S2015AL063018-4","bulk",33.0,100.0,66.5,"2016-07-14","Kellogg Soil Survey Laboratory Methods Manual, Soil Survey Investigations Report No. 42 Version 5.0, Issued 2014","Routine Particle Size Distribution (3A1a1a)",0.0,0.0,15.7,47.3,37.0,0.0,,31.2,16.1,12.7,1.8,0.6,0.5,0.1,"USDA NRCS Kellogg Soil Survey Laboratory",
"8ddfe5e2-0f5b-4922-b2e2-71063920f452","DELA_005.basePlot.all","D08","DELA","DELA_005","S2015AL063016","2015-09-28","16N02418","A","S2015AL063016-1","bulk",0.0,6.0,3.0,"2016-07-18","Kellogg Soil Survey Laboratory Methods Manual, Soil Survey Investigations Report No. 42 Version 5.0, Issued 2014","Routine Particle Size Distribution (3A1a1a)",0.0,0.0,21.5,54.7,23.8,0.0,,29.1,25.6,19.1,2.0,0.2,0.1,0.1,"USDA NRCS Kellogg Soil Survey Laboratory",
"6c70e3e2-594e-4e52-8f39-b1d19c4a6a66","DELA_011.basePlot.all","D08","DELA","DELA_011","S2015AL063017","2015-09-28","16N02423","Ab","S2015AL063017-2","bulk",11.0,34.0,22.5,"2016-07-18","Kellogg Soil Survey Laboratory Methods Manual, Soil Survey Investigations Report No. 42 Version 5.0, Issued 2014","Routine Particle Size Distribution (3A1a1a)",0.0,0.0,8.9,62.2,28.9,0.0,,39.1,23.1,8.1,0.6,0.1,0.1,0.0,"USDA NRCS Kellogg Soil Survey Laboratory",
"c2f3eacf-74fb-442c-96fb-16a1d2426a5e","DELA_021.basePlot.all","D08","DELA","DELA_021","S2015AL063019","2015-09-28","16N02432","Bw","S2015AL063019-3","bulk",33.0,48.0,40.5,"2016-07-14","Kellogg Soil Survey Laboratory Methods Manual, Soil Survey Investigations Report No. 42 Version 5.0, Issued 2014","Routine Particle Size Distribution (3A1a1a)",0.0,0.0,4.5,43.7,51.8,0.0,,36.1,7.6,2.6,1.2,0.5,0.1,0.1,"USDA NRCS Kellogg Soil Survey Laboratory",
"3db66700-6d97-41ef-9418-fdf58cd28b99","DELA_015.basePlot.all","D08","DELA","DELA_015","S2015AL063018","2015-09-28","16N02428","Bt","S2015AL063018-3","bulk",20.0,33.0,26.5,"2016-07-14","Kellogg Soil Survey Laboratory Methods Manual, Soil Survey Investigations Report No. 42 Version 5.0, Issued 2014","Routine Particle Size Distribution (3A1a1a)",0.0,0.0,14.0,48.5,37.5,,,33.4,15.1,11.2,1.9,0.6,0.2,0.1,"USDA NRCS Kellogg Soil Survey Laboratory",
"a864b713-47d7-453d-aeb5-4e685b45c79f","DELA_011.basePlot.all","D08","DELA","DELA_011","S2015AL063017","2015-09-28","16N02422","A","S2015AL063017-1","bulk",0.0,11.0,5.5,"2016-07-18","Kellogg Soil Survey Laboratory Methods Manual, Soil Survey Investigations Report No. 42 Version 5.0, Issued 2014","Routine Particle Size Distribution (3A1a1a)",0.0,0.0,7.6,62.3,30.1,0.0,,38.5,23.8,7.2,0.3,0.0,0.0,0.1,"USDA NRCS Kellogg Soil Survey Laboratory",
"e546faeb-fdd2-4e78-93b6-ba4e1aff1e0c","DELA_024.basePlot.all","D08","DELA","DELA_024","S2015AL063020","2015-09-28","16N02434","A","S2015AL063020-1","bulk",0.0,11.0,5.5,"2016-07-14","Kellogg Soil Survey Laboratory Methods Manual, Soil Survey Investigations Report No. 42 Version 5.0, Issued 2014","Routine Particle Size Distribution (3A1a1a)",0.0,0.0,2.4,52.9,44.7,,,46.3,6.6,1.5,0.4,0.2,0.2,0.1,"USDA NRCS Kellogg Soil Survey Laboratory",
"99b85984-0d86-43c4-a7cf-1d5bc95b913d","DELA_005.basePlot.all","D08","DELA","DELA_005","S2015AL063016","2015-09-28","16N02419","Bw1","S2015AL063016-2","bulk",6.0,22.0,14.0,"2016-07-18","Kellogg Soil Survey Laboratory Methods Manual, Soil Survey Investigations Report No. 42 Version 5.0, Issued 2014","Routine Particle Size Distribution (3A1a1a)",0.0,0.0,39.5,39.8,20.7,0.0,,20.8,19.0,32.6,6.8,0.1,0.0,0.0,"USDA NRCS Kellogg Soil Survey Laboratory",
"fbde3cf0-eeec-4857-ad45-5bff23690cc4","DELA_024.basePlot.all","D08","DELA","DELA_024","S2015AL063020","2015-09-28","16N02436","Btg","S2015AL063020-3","bulk",24.0,68.0,46.0,"2016-07-14","Kellogg Soil Survey Laboratory Methods Manual, Soil Survey Investigations Report No. 42 Version 5.0, Issued 2014","Routine Particle Size Distribution (3A1a1a)",0.0,0.0,6.3,51.2,42.5,,,40.5,10.7,4.6,0.9,0.3,0.3,0.2,"USDA NRCS Kellogg Soil Survey Laboratory",
"eb6dfdb2-a2f2-4b3c-b891-ee20ac17b560","DELA_024.basePlot.all","D08","DELA","DELA_024","S2015AL063020","2015-09-28","16N02437","Cg","S2015AL063020-4","bulk",68.0,100.0,84.0,"2016-07-14","Kellogg Soil Survey Laboratory Methods Manual, Soil Survey Investigations Report No. 42 Version 5.0, Issued 2014","Routine Particle Size Distribution (3A1a1a)",0.0,0.0,7.3,51.4,41.3,,,38.2,13.2,5.4,1.1,0.5,0.3,0.0,"USDA NRCS Kellogg Soil Survey Laboratory",
"1f26d8b5-d0b3-40a3-9c43-f4fca2975dcf","DELA_005.basePlot.all","D08","DELA","DELA_005","S2015AL063016","2015-09-28","16N02421","C","S2015AL063016-4","bulk",68.0,100.0,84.0,"2016-07-18","Kellogg Soil Survey Laboratory Methods Manual, Soil Survey Investigations Report No. 42 Version 5.0, Issued 2014","Routine Particle Size Distribution (3A1a1a)",0.0,0.0,31.0,41.9,27.1,0.0,,20.2,21.7,25.1,5.5,0.3,0.1,0.0,"USDA NRCS Kellogg Soil Survey Laboratory",
"42ad1acf-6db1-4177-954b-d32f605ff9a7","DELA_005.basePlot.all","D08","DELA","DELA_005","S2015AL063016","2015-09-28","16N02420","Bw2","S2015AL063016-3","bulk",22.0,68.0,45.0,"2016-07-18","Kellogg Soil Survey Laboratory Methods Manual, Soil Survey Investigations Report No. 42 Version 5.0, Issued 2014","Routine Particle Size Distribution (3A1a1a)",0.0,0.0,38.7,40.5,20.8,0.0,,21.6,18.9,26.3,12.1,0.3,0.0,0.0,"USDA NRCS Kellogg Soil Survey Laboratory",
"916b6b32-b104-466d-9491-9fa0c2032ca3","DELA_016.basePlot.all","D08","DELA","DELA_016","S2015AL063005","2015-09-28","16N02375","AB","S2015AL063005-2","bulk",12.0,32.0,22.0,"2016-07-14","Kellogg Soil Survey Laboratory Methods Manual, Soil Survey Investigations Report No. 42 Version 5.0, Issued 2014","Routine Particle Size Distribution (3A1a1a)",0.0,0.0,9.6,53.9,36.5,0.0,,38.3,15.6,6.5,1.4,0.6,0.7,0.4,"USDA NRCS Kellogg Soil Survey Laboratory",
"0e4e0646-d212-4ea1-819e-a68e103afc9c","DELA_016.basePlot.all","D08","DELA","DELA_016","S2015AL063005","2015-09-28","16N02377","Btg1","S2015AL063005-4","bulk",47.0,67.0,57.0,"2016-07-14","Kellogg Soil Survey Laboratory Methods Manual, Soil Survey Investigations Report No. 42 Version 5.0, Issued 2014","Routine Particle Size Distribution (3A1a1a)",0.0,0.0,19.1,53.8,27.1,0.0,,33.2,20.6,12.8,3.0,1.4,1.2,0.7,"USDA NRCS Kellogg Soil Survey Laboratory",
"e668549f-fadf-4dda-a614-aae60c584198","DELA_016.basePlot.all","D08","DELA","DELA_016","S2015AL063005","2015-09-28","16N02374","A","S2015AL063005-1","bulk",0.0,12.0,6.0,"2016-07-14","Kellogg Soil Survey Laboratory Methods Manual, Soil Survey Investigations Report No. 42 Version 5.0, Issued 2014","Routine Particle Size Distribution (3A1a1a)",0.0,0.0,5.9,59.3,34.8,0.0,,44.2,15.1,4.0,1.3,0.5,0.1,0.0,"USDA NRCS Kellogg Soil Survey Laboratory",
"19e3b60c-9a42-4f96-b303-f264ba8da11d","DELA_003.basePlot.all","D08","DELA","DELA_003","S2015AL063001","2015-09-28","16N02363","2Bt2","S2015AL063001-4","bulk",70.0,90.0,80.0,"2016-07-14","Kellogg Soil Survey Laboratory Methods Manual, Soil Survey Investigations Report No. 42 Version 5.0, Issued 2014","Routine Particle Size Distribution (3A1a1a)",0.0,0.0,3.8,53.4,42.8,0.0,,40.9,12.5,2.0,1.4,0.3,0.0,0.1,"USDA NRCS Kellogg Soil Survey Laboratory",
"5e7ea184-8a80-4b2e-bd5f-df277e6d1043","DELA_003.basePlot.all","D08","DELA","DELA_003","S2015AL063001","2015-09-28","16N02362","2Bt1","S2015AL063001-3","bulk",36.0,70.0,53.0,"2016-07-14","Kellogg Soil Survey Laboratory Methods Manual, Soil Survey Investigations Report No. 42 Version 5.0, Issued 2014","Routine Particle Size Distribution (3A1a1a)",0.0,0.0,4.9,53.4,41.7,0.0,,39.3,14.1,2.6,1.7,0.5,0.1,0.0,"USDA NRCS Kellogg Soil Survey Laboratory",
"e36df9ba-4b0f-41a1-bac8-aaa7ebc5d394","DELA_016.basePlot.all","D08","DELA","DELA_016","S2015AL063005","2015-09-28","16N02376","Bt","S2015AL063005-3","bulk",32.0,47.0,39.5,"2016-07-14","Kellogg Soil Survey Laboratory Methods Manual, Soil Survey Investigations Report No. 42 Version 5.0, Issued 2014","Routine Particle Size Distribution (3A1a1a)",0.0,0.0,18.2,54.5,27.3,0.0,,32.5,22.0,12.2,3.0,1.8,0.7,0.5,"USDA NRCS Kellogg Soil Survey Laboratory",
"92391ea4-ab59-48e9-9b2f-8b7ad80cb7ef","DELA_003.basePlot.all","D08","DELA","DELA_003","S2015AL063001","2015-09-28","16N02360","A","S2015AL063001-1","bulk",0.0,6.0,3.0,"2016-07-14","Kellogg Soil Survey Laboratory Methods Manual, Soil Survey Investigations Report No. 42 Version 5.0, Issued 2014","Routine Particle Size Distribution (3A1a1a)",0.0,0.0,1.8,61.2,37.0,,,52.5,8.7,0.9,0.6,0.2,0.1,0.0,"USDA NRCS Kellogg Soil Survey Laboratory",
"c2b61781-3003-4375-87af-8f063908a314","DELA_016.basePlot.all","D08","DELA","DELA_016","S2015AL063005","2015-09-28","16N02378","Btg2","S2015AL063005-5","bulk",67.0,100.0,83.5,"2016-07-14","Kellogg Soil Survey Laboratory Methods Manual, Soil Survey Investigations Report No. 42 Version 5.0, Issued 2014","Routine Particle Size Distribution (3A1a1a)",0.0,0.0,18.8,53.5,27.7,0.0,,32.8,20.7,11.9,3.5,1.6,1.4,0.4,"USDA NRCS Kellogg Soil Survey Laboratory",
"d0f86bd3-42f9-41ff-bc54-c2304a444a1d","DELA_003.basePlot.all","D08","DELA","DELA_003","S2015AL063001","2015-09-28","16N02361","Bt","S2015AL063001-2","bulk",6.0,36.0,21.0,"2016-07-14","Kellogg Soil Survey Laboratory Methods Manual, Soil Survey Investigations Report No. 42 Version 5.0, Issued 2014","Routine Particle Size Distribution (3A1a1a)",0.0,0.0,6.3,46.5,47.2,0.0,,34.6,11.9,2.7,2.3,1.1,0.2,0.0,"USDA NRCS Kellogg Soil Survey Laboratory",
"5e418b02-90ef-4a6c-8d29-c0e547a8393d","DELA_028.basePlot.all","D08","DELA","DELA_028","S2015AL063007","2015-09-29","16N02383","A","S2015AL063007-1","bulk",0.0,12.0,6.0,"2016-07-14","Kellogg Soil Survey Laboratory Methods Manual, Soil Survey Investigations Report No. 42 Version 5.0, Issued 2014","Routine Particle Size Distribution (3A1a1a)",0.0,0.0,8.3,54.7,37.0,,,41.8,12.9,2.9,1.2,3.1,0.8,0.3,"USDA NRCS Kellogg Soil Survey Laboratory",
"5e5ed57c-dd9b-4274-b3ea-cf78b31e070c","DELA_028.basePlot.all","D08","DELA","DELA_028","S2015AL063007","2015-09-29","16N02386","Btg","S2015AL063007-4","bulk",51.0,100.0,75.5,"2016-07-14","Kellogg Soil Survey Laboratory Methods Manual, Soil Survey Investigations Report No. 42 Version 5.0, Issued 2014","Routine Particle Size Distribution (3A1a1a)",5.9,1.6,19.8,50.3,29.9,0.0,,34.4,15.9,5.9,2.7,8.0,2.5,0.7,"USDA NRCS Kellogg Soil Survey Laboratory",
"daf6a7a7-e7a3-4a9d-89f2-b6f7e088eb85","DELA_025.basePlot.all","D08","DELA","DELA_025","S2015AL063006","2015-09-29","16N02381","Bt","S2015AL063006-3","bulk",33.0,55.0,44.0,"2016-07-14","Kellogg Soil Survey Laboratory Methods Manual, Soil Survey Investigations Report No. 42 Version 5.0, Issued 2014","Routine Particle Size Distribution (3A1a1a)",0.0,0.0,17.0,51.6,31.4,,,32.6,19.0,9.6,2.3,3.8,1.0,0.3,"USDA NRCS Kellogg Soil Survey Laboratory",
"405a9533-b4b6-4b77-a052-2456a8ca9e49","DELA_028.basePlot.all","D08","DELA","DELA_028","S2015AL063007","2015-09-29","16N02384","AB","S2015AL063007-2","bulk",12.0,32.0,22.0,"2016-07-14","Kellogg Soil Survey Laboratory Methods Manual, Soil Survey Investigations Report No. 42 Version 5.0, Issued 2014","Routine Particle Size Distribution (3A1a1a)",0.3,0.0,9.3,53.3,37.4,,,39.2,14.1,3.5,1.3,3.2,0.8,0.5,"USDA NRCS Kellogg Soil Survey Laboratory",
"b9603711-db6f-40a7-9101-550a3cd3523c","DELA_025.basePlot.all","D08","DELA","DELA_025","S2015AL063006","2015-09-29","16N02382","Btg","S2015AL063006-4","bulk",55.0,100.0,77.5,"2016-07-14","Kellogg Soil Survey Laboratory Methods Manual, Soil Survey Investigations Report No. 42 Version 5.0, Issued 2014","Routine Particle Size Distribution (3A1a1a)",0.0,0.0,19.5,50.0,30.5,,,30.4,19.6,10.5,3.1,4.7,0.8,0.4,"USDA NRCS Kellogg Soil Survey Laboratory",
"6341a90e-5762-4301-8cf1-3149905b1d24","DELA_025.basePlot.all","D08","DELA","DELA_025","S2015AL063006","2015-09-29","16N02379","A","S2015AL063006-1","bulk",0.0,17.0,8.5,"2016-07-14","Kellogg Soil Survey Laboratory Methods Manual, Soil Survey Investigations Report No. 42 Version 5.0, Issued 2014","Routine Particle Size Distribution (3A1a1a)",0.0,0.0,3.9,58.5,37.6,,,45.6,12.9,2.4,0.7,0.6,0.1,0.1,"USDA NRCS Kellogg Soil Survey Laboratory",
"fd0bca42-3a60-44d9-af22-c5b4b1697973","DELA_025.basePlot.all","D08","DELA","DELA_025","S2015AL063006","2015-09-29","16N02380","AB","S2015AL063006-2","bulk",17.0,33.0,25.0,"2016-07-14","Kellogg Soil Survey Laboratory Methods Manual, Soil Survey Investigations Report No. 42 Version 5.0, Issued 2014","Routine Particle Size Distribution (3A1a1a)",0.0,0.0,12.8,50.4,36.8,,,33.8,16.6,6.9,2.2,2.9,0.4,0.4,"USDA NRCS Kellogg Soil Survey Laboratory",
"5494fbdc-dedc-4d61-9839-f2e35cfd97b2","DELA_028.basePlot.all","D08","DELA","DELA_028","S2015AL063007","2015-09-29","16N02385","Bt","S2015AL063007-3","bulk",32.0,51.0,41.5,"2016-07-14","Kellogg Soil Survey Laboratory Methods Manual, Soil Survey Investigations Report No. 42 Version 5.0, Issued 2014","Routine Particle Size Distribution (3A1a1a)",14.8,1.7,18.4,51.8,29.8,,,35.7,16.1,5.5,2.2,7.1,2.7,0.9,"USDA NRCS Kellogg Soil Survey Laboratory",
"757036a7-1769-43fc-9d5d-c2bd1ea65412","DELA_002.basePlot.all","D08","DELA","DELA_002","S2015AL063021","2015-09-30","16N02357","Bt1","S2015AL063021-2","bulk",9.0,24.0,16.5,"2016-07-14","Kellogg Soil Survey Laboratory Methods Manual, Soil Survey Investigations Report No. 42 Version 5.0, Issued 2014","Routine Particle Size Distribution (3A1a1a)",0.0,0.0,22.4,37.7,39.9,,,28.0,9.7,8.6,11.7,1.4,0.4,0.3,"USDA NRCS Kellogg Soil Survey Laboratory",
"5299e59c-364e-4a1a-bbaa-f2047d67841e","DELA_009.basePlot.all","D08","DELA","DELA_009","S2015AL063002","2015-09-30","16N02366","Bt2","S2015AL063002-3","bulk",55.0,80.0,67.5,"2016-07-14","Kellogg Soil Survey Laboratory Methods Manual, Soil Survey Investigations Report No. 42 Version 5.0, Issued 2014","Routine Particle Size Distribution (3A1a1a)",0.0,0.0,27.4,40.8,31.8,0.0,,21.2,19.6,20.5,6.4,0.5,0.0,0.0,"USDA NRCS Kellogg Soil Survey Laboratory",
"47406c8e-d3a1-462d-bf6a-88738f0a0254","DELA_029.basePlot.all","D08","DELA","DELA_029","S2015AL063010","2015-09-30","16N02395","A","S2015AL063010-1","bulk",0.0,15.0,7.5,"2016-07-14","Kellogg Soil Survey Laboratory Methods Manual, Soil Survey Investigations Report No. 42 Version 5.0, Issued 2014","Routine Particle Size Distribution (3A1a1a)",0.0,0.0,22.5,49.6,27.9,,,30.5,19.1,11.7,10.5,0.2,0.1,0.0,"USDA NRCS Kellogg Soil Survey Laboratory",
"dcc37b02-274a-4474-8c40-bd8296bfccb4","DELA_029.basePlot.all","D08","DELA","DELA_029","S2015AL063010","2015-09-30","16N02397","Bt","S2015AL063010-3","bulk",50.0,75.0,62.5,"2016-07-14","Kellogg Soil Survey Laboratory Methods Manual, Soil Survey Investigations Report No. 42 Version 5.0, Issued 2014","Routine Particle Size Distribution (3A1a1a)",0.0,0.0,26.1,40.1,33.8,,,21.4,18.7,19.5,6.2,0.4,0.0,0.0,"USDA NRCS Kellogg Soil Survey Laboratory",
"b1b46cf0-3290-4b4e-a9e9-6bfb32c97830","DELA_023.basePlot.all","D08","DELA","DELA_023","S2015AL063004","2015-09-30","16N02372","Bt1","S2015AL063004-2","bulk",12.0,33.0,22.5,"2016-07-14","Kellogg Soil Survey Laboratory Methods Manual, Soil Survey Investigations Report No. 42 Version 5.0, Issued 2014","Routine Particle Size Distribution (3A1a1a)",0.0,0.0,12.8,42.4,44.8,,,31.3,11.1,4.5,7.3,0.9,0.1,0.0,"USDA NRCS Kellogg Soil Survey Laboratory",
"899b13b8-fae0-42a3-affb-39431877756d","DELA_009.basePlot.all","D08","DELA","DELA_009","S2015AL063002","2015-09-30","16N02365","Bt1","S2015AL063002-2","bulk",14.0,55.0,34.5,"2016-07-14","Kellogg Soil Survey Laboratory Methods Manual, Soil Survey Investigations Report No. 42 Version 5.0, Issued 2014","Routine Particle Size Distribution (3A1a1a)",0.0,0.0,16.3,48.1,35.6,0.0,,29.1,19.0,12.6,3.3,0.2,0.1,0.1,"USDA NRCS Kellogg Soil Survey Laboratory",
"303482bc-bf8d-45d5-a0dc-6b300a0ffa28","DELA_008.basePlot.all","D08","DELA","DELA_008","S2015AL063003","2015-09-30","16N02370","Btg2","S2015AL063003-3","bulk",33.0,97.0,65.0,"2016-07-14","Kellogg Soil Survey Laboratory Methods Manual, Soil Survey Investigations Report No. 42 Version 5.0, Issued 2014","Routine Particle Size Distribution (3A1a1a)",0.0,0.0,8.6,39.8,51.6,0.0,,30.3,9.5,4.6,3.4,0.6,0.0,0.0,"USDA NRCS Kellogg Soil Survey Laboratory",
"ff15950c-a713-4103-90ab-e4983ad19c6d","DELA_023.basePlot.all","D08","DELA","DELA_023","S2015AL063004","2015-09-30","16N02371","A","S2015AL063004-1","bulk",0.0,12.0,6.0,"2016-07-14","Kellogg Soil Survey Laboratory Methods Manual, Soil Survey Investigations Report No. 42 Version 5.0, Issued 2014","Routine Particle Size Distribution (3A1a1a)",0.0,0.0,11.3,47.3,41.4,,,37.7,9.6,4.2,5.9,0.9,0.3,0.0,"USDA NRCS Kellogg Soil Survey Laboratory",
"d7be5d41-4d4a-4ac1-9cd6-cf8a42d6147e","DELA_002.basePlot.all","D08","DELA","DELA_002","S2015AL063021","2015-09-30","16N02356","A","S2015AL063021-1","bulk",0.0,9.0,4.5,"2016-07-14","Kellogg Soil Survey Laboratory Methods Manual, Soil Survey Investigations Report No. 42 Version 5.0, Issued 2014","Routine Particle Size Distribution (3A1a1a)",0.0,0.0,8.6,53.2,38.2,,,44.8,8.4,3.5,4.3,0.6,0.2,0.0,"USDA NRCS Kellogg Soil Survey Laboratory",
"a6f6090c-0564-4057-8a4a-21c665d186c1","DELA_009.basePlot.all","D08","DELA","DELA_009","S2015AL063002","2015-09-30","16N02367","Bt3","S2015AL063002-4","bulk",80.0,100.0,90.0,"2016-07-14","Kellogg Soil Survey Laboratory Methods Manual, Soil Survey Investigations Report No. 42 Version 5.0, Issued 2014","Routine Particle Size Distribution (3A1a1a)",0.0,0.0,35.9,36.3,27.8,,,17.9,18.4,27.5,8.2,0.2,0.0,0.0,"USDA NRCS Kellogg Soil Survey Laboratory",
"21168b39-818c-4078-b4f0-d17adfb1ff70","DELA_023.basePlot.all","D08","DELA","DELA_023","S2015AL063004","2015-09-30","16N02373","Bt2","S2015AL063004-3","bulk",33.0,90.0,61.5,"2016-07-14","Kellogg Soil Survey Laboratory Methods Manual, Soil Survey Investigations Report No. 42 Version 5.0, Issued 2014","Routine Particle Size Distribution (3A1a1a)",0.0,0.0,16.8,44.7,38.5,0.0,,32.1,12.6,8.1,8.1,0.6,0.0,0.0,"USDA NRCS Kellogg Soil Survey Laboratory",
"e2b459d7-732f-46c2-8de8-530e915358a7","DELA_009.basePlot.all","D08","DELA","DELA_009","S2015AL063002","2015-09-30","16N02364","A","S2015AL063002-1","bulk",0.0,14.0,7.0,"2016-07-14","Kellogg Soil Survey Laboratory Methods Manual, Soil Survey Investigations Report No. 42 Version 5.0, Issued 2014","Routine Particle Size Distribution (3A1a1a)",0.0,0.0,8.2,60.8,31.0,,,37.3,23.5,7.3,0.8,0.1,0.0,0.0,"USDA NRCS Kellogg Soil Survey Laboratory",
"7f5b2985-d1dd-4315-8168-2ffc92d6f96f","DELA_029.basePlot.all","D08","DELA","DELA_029","S2015AL063010","2015-09-30","16N02396","ABt","S2015AL063010-2","bulk",22.0,50.0,36.0,"2016-07-14","Kellogg Soil Survey Laboratory Methods Manual, Soil Survey Investigations Report No. 42 Version 5.0, Issued 2014","Routine Particle Size Distribution (3A1a1a)",0.0,0.0,23.3,43.5,33.2,,,24.5,19.0,18.3,4.5,0.4,0.1,0.0,"USDA NRCS Kellogg Soil Survey Laboratory",
"5917dd17-1c88-4961-8023-152aaf9f21d9","DELA_002.basePlot.all","D08","DELA","DELA_002","S2015AL063021","2015-09-30","16N02358","Bt2","S2015AL063021-3","bulk",24.0,63.0,43.5,"2016-07-14","Kellogg Soil Survey Laboratory Methods Manual, Soil Survey Investigations Report No. 42 Version 5.0, Issued 2014","Routine Particle Size Distribution (3A1a1a)",0.0,0.0,19.9,37.4,42.7,0.0,,27.9,9.5,7.3,10.7,1.6,0.1,0.2,"USDA NRCS Kellogg Soil Survey Laboratory",
"2532012e-16cd-48ad-a0de-18a990d6ae4c","DELA_008.basePlot.all","D08","DELA","DELA_008","S2015AL063003","2015-09-30","16N02369","Btg1","S2015AL063003-2","bulk",11.0,33.0,22.0,"2016-07-14","Kellogg Soil Survey Laboratory Methods Manual, Soil Survey Investigations Report No. 42 Version 5.0, Issued 2014","Routine Particle Size Distribution (3A1a1a)",0.0,0.0,2.1,55.1,42.8,0.0,,47.1,8.0,1.2,0.7,0.2,0.0,0.0,"USDA NRCS Kellogg Soil Survey Laboratory",
"eae27935-7aa4-434e-ad86-7e9bb1c25674","DELA_002.basePlot.all","D08","DELA","DELA_002","S2015AL063021","2015-09-30","16N02359","Bt3","S2015AL063021-4","bulk",63.0,90.0,76.5,"2016-07-14","Kellogg Soil Survey Laboratory Methods Manual, Soil Survey Investigations Report No. 42 Version 5.0, Issued 2014","Routine Particle Size Distribution (3A1a1a)",0.5,0.0,42.3,31.5,26.2,,,20.8,10.7,14.4,22.6,2.2,2.0,1.1,"USDA NRCS Kellogg Soil Survey Laboratory",
"63ce9ba8-070c-4fb9-89de-8bab8f97c911","DELA_029.basePlot.all","D08","DELA","DELA_029","S2015AL063010","2015-09-30","16N02398","BCt","S2015AL063010-4","bulk",75.0,100.0,87.5,"2016-07-14","Kellogg Soil Survey Laboratory Methods Manual, Soil Survey Investigations Report No. 42 Version 5.0, Issued 2014","Routine Particle Size Distribution (3A1a1a)",0.0,0.0,41.6,30.9,27.5,,,14.9,16.0,31.4,10.0,0.2,0.0,0.0,"USDA NRCS Kellogg Soil Survey Laboratory",
"cff05273-74c4-4177-9f49-81f1d9e0bbec","DELA_008.basePlot.all","D08","DELA","DELA_008","S2015AL063003","2015-09-30","16N02368","Ag","S2015AL063003-1","bulk",0.0,11.0,5.5,"2016-07-14","Kellogg Soil Survey Laboratory Methods Manual, Soil Survey Investigations Report No. 42 Version 5.0, Issued 2014","Routine Particle Size Distribution (3A1a1a)",0.0,0.0,1.2,56.2,42.6,,,51.0,5.2,0.5,0.5,0.1,0.1,0.0,"USDA NRCS Kellogg Soil Survey Laboratory",
