uid,namedLocation,domainID,siteID,plotID,nrcsDescriptionID,collectDate,horizonID,horizonName,biogeoIDnrcs,biogeoSampleType,biogeoTopDepth,biogeoBottomDepth,biogeoCenterDepth,particleSizeDistProcessedDate,particleSizeDistMethodPub,particleSizeDistMethod,coarseFrag2To5,coarseFrag5To20,sandTotal,siltTotal,clayTotal,carbonateClay,clayFineContent,siltFineContent,siltCoarseContent,sandVeryFineContent,sandFineContent,sandMediumContent,sandCoarseContent,sandVeryCoarseContent,laboratoryName,dataQF
"c0b512a2-d3a5-4b15-9445-3ce7787b0b5e","ORNL_035.basePlot.all","D07","ORNL","ORNL_035","S2016TN145035","2016-09-07","17N02642","A","S2016TN145035-1","bulk",0.0,15.0,7.5,"2017-12-17","Kellogg Soil Survey Laboratory Methods Manual, Soil Survey Investigations Report No. 42 Version 5.0, Issued 2014","Routine Particle Size Distribution (3A1a1a)",106.0,205.6,48.7,24.8,26.5,,,14.8,10.0,10.3,15.8,15.0,4.3,3.3,"USDA NRCS Kellogg Soil Survey Laboratory",
"87c75258-c66f-450e-b9d8-89310648f1a5","ORNL_035.basePlot.all","D07","ORNL","ORNL_035","S2016TN145035","2016-09-07","17N02644","Bt1","S2016TN145035-3","bulk",26.0,45.0,35.5,"2017-12-17","Kellogg Soil Survey Laboratory Methods Manual, Soil Survey Investigations Report No. 42 Version 5.0, Issued 2014","Routine Particle Size Distribution (3A1a1a)",98.6,157.7,44.1,23.0,32.9,,,15.1,7.9,7.8,10.7,14.9,7.5,3.2,"USDA NRCS Kellogg Soil Survey Laboratory",
"d18b494b-5c49-4a16-aba2-e830dea05997","ORNL_035.basePlot.all","D07","ORNL","ORNL_035","S2016TN145035","2016-09-07","17N02643","BA","S2016TN145035-2","bulk",15.0,26.0,20.5,"2017-12-17","Kellogg Soil Survey Laboratory Methods Manual, Soil Survey Investigations Report No. 42 Version 5.0, Issued 2014","Routine Particle Size Distribution (3A1a1a)",106.4,139.7,45.7,25.3,29.0,,,15.9,9.4,7.9,12.3,14.9,6.5,4.1,"USDA NRCS Kellogg Soil Survey Laboratory",
"03a22171-51e1-44c7-8e2e-b042094b06e3","ORNL_033.basePlot.all","D07","ORNL","ORNL_033","S2016TN001033","2016-09-07","17N02611","Bw","S2016TN001033-2","bulk",8.0,20.0,14.0,"2018-01-07","Kellogg Soil Survey Laboratory Methods Manual, Soil Survey Investigations Report No. 42 Version 5.0, Issued 2014","Routine Particle Size Distribution (3A1a1a)",154.1,64.8,27.2,49.5,23.3,,,29.4,20.1,6.7,4.8,5.1,6.5,4.1,"USDA NRCS Kellogg Soil Survey Laboratory",
"d41eb815-ba39-4723-adfe-0d6f6592efb4","ORNL_033.basePlot.all","D07","ORNL","ORNL_033","S2016TN001033","2016-09-07","17N02610","A","S2016TN001033-1","bulk",0.0,8.0,4.0,"2018-01-07","Kellogg Soil Survey Laboratory Methods Manual, Soil Survey Investigations Report No. 42 Version 5.0, Issued 2014","Routine Particle Size Distribution (3A1a1a)",58.0,13.0,18.6,55.4,26.0,,,33.1,22.3,7.2,3.0,2.7,3.8,1.9,"USDA NRCS Kellogg Soil Survey Laboratory",
"8e263376-7ee8-46f5-a675-6c25f597d733","ORNL_068.basePlot.all","D07","ORNL","ORNL_068","S2016TN145068","2016-09-08","17N02647","Bt1","S2016TN145068-3","bulk",17.0,60.0,38.5,"2017-12-17","Kellogg Soil Survey Laboratory Methods Manual, Soil Survey Investigations Report No. 42 Version 5.0, Issued 2014","Routine Particle Size Distribution (3A1a1a)",17.4,26.7,4.9,16.6,78.5,,,13.1,3.5,1.2,1.3,1.1,0.8,0.5,"USDA NRCS Kellogg Soil Survey Laboratory",
"9b049db3-e8fc-4f49-8ddb-052fadbaaeef","ORNL_068.basePlot.all","D07","ORNL","ORNL_068","S2016TN145068","2016-09-08","17N02645","A","S2016TN145068-1","bulk",0.0,11.0,5.5,"2017-12-17","Kellogg Soil Survey Laboratory Methods Manual, Soil Survey Investigations Report No. 42 Version 5.0, Issued 2014","Routine Particle Size Distribution (3A1a1a)",61.8,86.1,24.7,50.2,25.1,,,38.4,11.8,6.7,5.6,6.4,4.0,2.0,"USDA NRCS Kellogg Soil Survey Laboratory",
"5c9bec62-3d8e-46a8-a483-ba85cf98d3ae","ORNL_068.basePlot.all","D07","ORNL","ORNL_068","S2016TN145068","2016-09-08","17N02648","Bt2","S2016TN145068-4","bulk",60.0,100.0,80.0,"2018-01-07","Kellogg Soil Survey Laboratory Methods Manual, Soil Survey Investigations Report No. 42 Version 5.0, Issued 2014","Routine Particle Size Distribution (3A1a1a)",19.5,19.5,4.6,10.7,84.7,,,8.6,2.1,1.1,1.1,0.8,0.8,0.8,"USDA NRCS Kellogg Soil Survey Laboratory",
"5397a152-7f32-4909-a64d-4da2b5131fc2","ORNL_068.basePlot.all","D07","ORNL","ORNL_068","S2016TN145068","2016-09-08","17N02646","BA","S2016TN145068-2","bulk",11.0,17.0,14.0,"2017-12-17","Kellogg Soil Survey Laboratory Methods Manual, Soil Survey Investigations Report No. 42 Version 5.0, Issued 2014","Routine Particle Size Distribution (3A1a1a)",42.1,61.0,23.7,49.5,26.8,,,37.4,12.1,6.3,6.0,5.8,3.7,1.9,"USDA NRCS Kellogg Soil Survey Laboratory",
"73350b3c-b4fb-4df3-8e75-1f0454337cfd","ORNL_021.basePlot.all","D07","ORNL","ORNL_021","S2016TN001021","2016-09-16","17N02597","BA","S2016TN001021-2","bulk",13.0,26.0,19.5,"2017-12-14","Kellogg Soil Survey Laboratory Methods Manual, Soil Survey Investigations Report No. 42 Version 5.0, Issued 2014","Routine Particle Size Distribution (3A1a1a)",81.5,80.8,17.3,57.3,25.4,,,45.7,11.6,5.6,3.1,2.6,3.1,2.9,"USDA NRCS Kellogg Soil Survey Laboratory",
"195f7fc3-360c-477f-a140-f65f10d035e6","ORNL_021.basePlot.all","D07","ORNL","ORNL_021","S2016TN001021","2016-09-16","17N02598","Bt1","S2016TN001021-3","bulk",26.0,51.0,38.5,"2017-12-14","Kellogg Soil Survey Laboratory Methods Manual, Soil Survey Investigations Report No. 42 Version 5.0, Issued 2014","Routine Particle Size Distribution (3A1a1a)",54.5,40.0,14.8,53.5,31.7,,,43.8,9.7,4.6,3.1,2.0,2.7,2.4,"USDA NRCS Kellogg Soil Survey Laboratory",
"5ba6aab3-d1c8-44cd-80bc-e0deebf37c7a","ORNL_021.basePlot.all","D07","ORNL","ORNL_021","S2016TN001021","2016-09-16","17N02596","A","S2016TN001021-1","bulk",0.0,13.0,6.5,"2017-12-14","Kellogg Soil Survey Laboratory Methods Manual, Soil Survey Investigations Report No. 42 Version 5.0, Issued 2014","Routine Particle Size Distribution (3A1a1a)",53.3,70.5,14.3,64.4,21.3,,,47.4,17.0,2.1,4.9,2.4,2.9,2.0,"USDA NRCS Kellogg Soil Survey Laboratory",
"b5c4fe48-2752-4f02-b452-bd3095c39c90","ORNL_021.basePlot.all","D07","ORNL","ORNL_021","S2016TN001021","2016-09-16","17N02599","Bt2","S2016TN001021-4","bulk",51.0,100.0,75.5,"2017-12-14","Kellogg Soil Survey Laboratory Methods Manual, Soil Survey Investigations Report No. 42 Version 5.0, Issued 2014","Routine Particle Size Distribution (3A1a1a)",34.7,9.8,11.8,50.0,38.2,,,40.9,9.1,3.4,2.7,1.9,2.2,1.6,"USDA NRCS Kellogg Soil Survey Laboratory",
"1eaea327-96a2-4f7e-a452-8b8219547752","ORNL_031.basePlot.all","D07","ORNL","ORNL_031","S2016TN001031","2016-09-18","17N02607","AB","S2016TN001031-2","bulk",18.0,36.0,27.0,"2017-12-14","Kellogg Soil Survey Laboratory Methods Manual, Soil Survey Investigations Report No. 42 Version 5.0, Issued 2014","Routine Particle Size Distribution (3A1a1a)",44.4,59.4,35.1,44.1,20.8,,,33.7,10.4,7.1,12.1,10.6,2.8,2.5,"USDA NRCS Kellogg Soil Survey Laboratory",
"0eb625b8-ee75-48e0-bab9-c4019a9f2865","ORNL_031.basePlot.all","D07","ORNL","ORNL_031","S2016TN001031","2016-09-18","17N02608","Bt1","S2016TN001031-3","bulk",36.0,64.0,50.0,"2017-12-14","Kellogg Soil Survey Laboratory Methods Manual, Soil Survey Investigations Report No. 42 Version 5.0, Issued 2014","Routine Particle Size Distribution (3A1a1a)",43.7,33.9,29.3,48.8,21.9,,,36.1,12.7,6.2,10.5,8.5,2.6,1.5,"USDA NRCS Kellogg Soil Survey Laboratory",
"1feaf955-8d3b-4bbe-8601-8ec8e67816c0","ORNL_031.basePlot.all","D07","ORNL","ORNL_031","S2016TN001031","2016-09-18","17N02609","Bt2","S2016TN001031-4","bulk",64.0,100.0,82.0,"2018-01-07","Kellogg Soil Survey Laboratory Methods Manual, Soil Survey Investigations Report No. 42 Version 5.0, Issued 2014","Routine Particle Size Distribution (3A1a1a)",30.2,19.6,27.1,39.5,33.4,,,29.3,10.2,6.6,8.9,8.3,2.1,1.2,"USDA NRCS Kellogg Soil Survey Laboratory",
"3f6d67c9-143a-4bcb-874d-cc2c0e24c32d","ORNL_031.basePlot.all","D07","ORNL","ORNL_031","S2016TN001031","2016-09-18","17N02606","Ap","S2016TN001031-1","bulk",0.0,18.0,9.0,"2017-12-14","Kellogg Soil Survey Laboratory Methods Manual, Soil Survey Investigations Report No. 42 Version 5.0, Issued 2014","Routine Particle Size Distribution (3A1a1a)",32.5,45.2,35.0,43.9,21.1,,,33.6,10.3,7.8,11.5,11.0,3.2,1.5,"USDA NRCS Kellogg Soil Survey Laboratory",
"4e74be64-e7ca-459d-a239-8cd0862bceae","ORNL_009.basePlot.all","D07","ORNL","ORNL_009","S2016TN001009","2016-09-21","17N02586","Bw","S2016TN001009-3","bulk",20.0,38.0,29.0,"2017-12-14","Kellogg Soil Survey Laboratory Methods Manual, Soil Survey Investigations Report No. 42 Version 5.0, Issued 2014","Routine Particle Size Distribution (3A1a1a)",65.0,46.6,51.3,40.6,8.1,,,25.2,15.4,32.2,12.5,2.2,2.4,2.0,"USDA NRCS Kellogg Soil Survey Laboratory",
"c926a0b9-c1a0-4602-91de-ef42c9343ece","ORNL_009.basePlot.all","D07","ORNL","ORNL_009","S2016TN001009","2016-09-21","17N02585","BE","S2016TN001009-2","bulk",8.0,20.0,14.0,"2017-12-14","Kellogg Soil Survey Laboratory Methods Manual, Soil Survey Investigations Report No. 42 Version 5.0, Issued 2014","Routine Particle Size Distribution (3A1a1a)",59.9,212.9,54.6,39.2,6.2,,,22.7,16.5,37.2,11.8,2.2,2.1,1.3,"USDA NRCS Kellogg Soil Survey Laboratory",
"a9936975-1a67-4d71-ba71-fbb0ea561842","ORNL_009.basePlot.all","D07","ORNL","ORNL_009","S2016TN001009","2016-09-21","17N02584","A","S2016TN001009-1","bulk",0.0,8.0,4.0,"2017-12-14","Kellogg Soil Survey Laboratory Methods Manual, Soil Survey Investigations Report No. 42 Version 5.0, Issued 2014","Routine Particle Size Distribution (3A1a1a)",40.6,182.4,56.0,38.6,5.4,,,21.0,17.6,35.5,15.4,3.6,1.4,0.1,"USDA NRCS Kellogg Soil Survey Laboratory",
