uid,namedLocation,domainID,siteID,plotID,pitID,collectDate,testProtocolVersion,nrcsDescriptionID,horizonID,horizonName,horizonTopDepth,horizonBottomDepth,remarks,dataQF
"132886a0-3b96-4ec4-b142-0d0ddba40819","ORNL_035.basePlot.all","D07","ORNL","ORNL_035","898912","2016-09-07","Field Book for Describing and Sampling Soils ver3","S2016TN145035","17N02642","A",0,15,,
"26705cc8-12cf-4727-8948-2c316cc526e7","ORNL_035.basePlot.all","D07","ORNL","ORNL_035","898912","2016-09-07","Field Book for Describing and Sampling Soils ver3","S2016TN145035","17N02644","Bt",26,45,,
"c5912354-1809-4469-b849-74c4c49bf26f","ORNL_033.basePlot.all","D07","ORNL","ORNL_033","898916","2016-09-07","Field Book for Describing and Sampling Soils ver3","S2016TN001033","17N02610","A",0,8,,
"f51fcad3-f18c-497a-928c-616b6fb6ab7a","ORNL_033.basePlot.all","D07","ORNL","ORNL_033","898916","2016-09-07","Field Book for Describing and Sampling Soils ver3","S2016TN001033","17N02611","Bw",8,20,,
"1e3c4afb-a40d-4a88-bed4-61f5b23d8d73","ORNL_033.basePlot.all","D07","ORNL","ORNL_033","898916","2016-09-07","Field Book for Describing and Sampling Soils ver3","S2016TN001033","4448494","Cr",20,45,,
"858a67b4-0e7e-4bfb-a889-2a77156f8590","ORNL_035.basePlot.all","D07","ORNL","ORNL_035","898912","2016-09-07","Field Book for Describing and Sampling Soils ver3","S2016TN145035","17N02643","BA",15,26,,
"9220654a-2cbb-4359-8e70-fa75b1af9446","ORNL_068.basePlot.all","D07","ORNL","ORNL_068","898911","2016-09-08","Field Book for Describing and Sampling Soils ver3","S2016TN145068","17N02645","A",0,11,,
"667f0704-aa22-4be6-95dd-37b7af279b48","ORNL_068.basePlot.all","D07","ORNL","ORNL_068","898911","2016-09-08","Field Book for Describing and Sampling Soils ver3","S2016TN145068","17N02648","Bt2",60,100,,
"8c8cc464-f2a0-4936-864b-9faee4258ec0","ORNL_068.basePlot.all","D07","ORNL","ORNL_068","898911","2016-09-08","Field Book for Describing and Sampling Soils ver3","S2016TN145068","17N02646","BA",11,17,,
"a177182a-eb60-429f-ab18-02fe42127859","ORNL_068.basePlot.all","D07","ORNL","ORNL_068","898911","2016-09-08","Field Book for Describing and Sampling Soils ver3","S2016TN145068","17N02647","Bt1",17,60,,
"bb4020e5-a067-46b2-9149-bc6e7e9752f7","ORNL_021.basePlot.all","D07","ORNL","ORNL_021","882496","2016-09-16","Field Book for Describing and Sampling Soils ver3","S2016TN001021","17N02596","Ap",0,13,,
"462cb2dd-585b-442f-af57-8aef563e9949","ORNL_021.basePlot.all","D07","ORNL","ORNL_021","882496","2016-09-16","Field Book for Describing and Sampling Soils ver3","S2016TN001021","17N02597","BA",13,26,,
"a09c2e5e-b51c-44d3-ad26-04a525054a98","ORNL_021.basePlot.all","D07","ORNL","ORNL_021","882496","2016-09-16","Field Book for Describing and Sampling Soils ver3","S2016TN001021","17N02598","Bt1",26,51,,
"8a356a75-516f-4212-a923-67bb8cd631bf","ORNL_021.basePlot.all","D07","ORNL","ORNL_021","882496","2016-09-16","Field Book for Describing and Sampling Soils ver3","S2016TN001021","17N02599","Bt2",51,100,,
"6b4691ac-b700-46e1-ad58-c5ecff702130","ORNL_031.basePlot.all","D07","ORNL","ORNL_031","882497","2016-09-18","Field Book for Describing and Sampling Soils ver3","S2016TN001031","17N02607","AB",18,36,,
"2e6c90b2-e48d-4791-a2cf-10c42075a802","ORNL_031.basePlot.all","D07","ORNL","ORNL_031","882497","2016-09-18","Field Book for Describing and Sampling Soils ver3","S2016TN001031","17N02609","Bt2",64,100,,
"5159d1d6-0b15-473d-ae8c-3a9dfa771460","ORNL_031.basePlot.all","D07","ORNL","ORNL_031","882497","2016-09-18","Field Book for Describing and Sampling Soils ver3","S2016TN001031","17N02608","Bt1",36,64,,
"44276d2d-a393-4a48-b3c3-bda3768f42bb","ORNL_031.basePlot.all","D07","ORNL","ORNL_031","882497","2016-09-18","Field Book for Describing and Sampling Soils ver3","S2016TN001031","17N02606","Ap",0,18,,
"9e65d2e2-ffa2-49e4-bc3a-8b7f73b18947","ORNL_009.basePlot.all","D07","ORNL","ORNL_009","882495","2016-09-21","Field Book for Describing and Sampling Soils ver3","S2016TN001009","17N02584","A",0,8,,
"4deeb371-b5d8-4996-86ca-e1865ac82678","ORNL_009.basePlot.all","D07","ORNL","ORNL_009","882495","2016-09-21","Field Book for Describing and Sampling Soils ver3","S2016TN001009","17N02585","BE",8,20,,
"b86fa7fd-91f5-4d79-8692-a3193d649fcb","ORNL_009.basePlot.all","D07","ORNL","ORNL_009","882495","2016-09-21","Field Book for Describing and Sampling Soils ver3","S2016TN001009","4144584","Cr",38,63,,
"73594464-ebb3-470d-9050-9e5be32fc5d8","ORNL_009.basePlot.all","D07","ORNL","ORNL_009","882495","2016-09-21","Field Book for Describing and Sampling Soils ver3","S2016TN001009","17N02586","Bw",20,38,,
