uid,namedLocation,domainID,siteID,plotID,pitID,collectDate,testProtocolVersion,nrcsDescriptionID,horizonID,horizonName,horizonTopDepth,horizonBottomDepth,remarks,dataQF
"1b16ad87-1ec6-49d8-bba9-e98f2766ed7e","ABBY_001.basePlot.all","D16","ABBY","ABBY_001","1158080","2017-08-03","Field Book for Describing and Sampling Soils ver3","S2017WA011001","17N04438","Bw2",44,55,,
"b16cce0d-aadd-42c1-be06-acf967b1b91d","ABBY_001.basePlot.all","D16","ABBY","ABBY_001","1158080","2017-08-03","Field Book for Describing and Sampling Soils ver3","S2017WA011001","17N04435","Oi",0,9,,
"60a5e601-6d4f-4a7f-8834-4bd62e67c4ca","ABBY_001.basePlot.all","D16","ABBY","ABBY_001","1158080","2017-08-03","Field Book for Describing and Sampling Soils ver3","S2017WA011001","17N04439","2Bw3",55,100,,
"a5f4e69a-18b7-46fa-83af-1c78bcba8a7c","ABBY_001.basePlot.all","D16","ABBY","ABBY_001","1158080","2017-08-03","Field Book for Describing and Sampling Soils ver3","S2017WA011001","17N04437","Bw1",23,44,,
"3c6cab66-b0d0-492b-acb2-c28680e47841","ABBY_001.basePlot.all","D16","ABBY","ABBY_001","1158080","2017-08-03","Field Book for Describing and Sampling Soils ver3","S2017WA011001","17N04436","A",9,23,,
