uid,namedLocation,domainID,siteID,plotID,nrcsDescriptionID,collectDate,horizonID,horizonName,bulkDensProcessedDate,bulkDensMethodPub,bulkDensMethod,bulkDensIDnrcs,bulkDensSampleType,bulkDensCenterDepth,bulkDensTopDepth,bulkDensBottomDepth,bulkDensThirdBar,bulkDensOvenDry,bulkDensFieldMoist,waterRetentionThirdBar,fieldWaterContent,laboratoryName,remarks,dataQF
"6cb458bc-7c3c-476c-a5cd-f1f70539513f","ABBY_001.basePlot.all","D16","ABBY","ABBY_001","S2017WA011001","2017-08-03","17N04436","A","2018-08-02","Kellogg Soil Survey Laboratory Methods Manual, Soil Survey Investigations Report No. 42 Version 5.0, Issued 2014","Bulk Density, Clods (3B1)","S2017WA011001-2","clod",16.0,9.0,23.0,0.87,0.94,,38.3,,"USDA NRCS Kellogg Soil Survey Laboratory",,
"8c4035bd-97e9-43f6-bbf4-968b0bf188f0","ABBY_001.basePlot.all","D16","ABBY","ABBY_001","S2017WA011001","2017-08-03","17N04437","Bw1","2018-08-02","Kellogg Soil Survey Laboratory Methods Manual, Soil Survey Investigations Report No. 42 Version 5.0, Issued 2014","Bulk Density, Clods (3B1)","S2017WA011001-3","clod",33.5,23.0,44.0,0.91,0.97,,38.9,,"USDA NRCS Kellogg Soil Survey Laboratory",,
"9bf8ff14-c157-4d63-a0f8-f64a1d78e478","ABBY_001.basePlot.all","D16","ABBY","ABBY_001","S2017WA011001","2017-08-03","17N04439","2Bw3","2018-08-02","Kellogg Soil Survey Laboratory Methods Manual, Soil Survey Investigations Report No. 42 Version 5.0, Issued 2014","Bulk Density, Clods (3B1)","S2017WA011001-5","clod",77.5,55.0,100.0,1.38,1.45,,28.3,,"USDA NRCS Kellogg Soil Survey Laboratory",,
"99c11b12-bc7c-4e7a-88c4-d1d39caaa2d1","ABBY_001.basePlot.all","D16","ABBY","ABBY_001","S2017WA011001","2017-08-03","17N04438","Bw2","2018-08-02","Kellogg Soil Survey Laboratory Methods Manual, Soil Survey Investigations Report No. 42 Version 5.0, Issued 2014","Bulk Density, Clods (3B1)","S2017WA011001-4","clod",49.5,44.0,55.0,1.08,1.14,,34.3,,"USDA NRCS Kellogg Soil Survey Laboratory",,
