uid,namedLocation,domainID,siteID,plotID,nrcsDescriptionID,collectDate,horizonID,horizonName,biogeoIDnrcs,biogeoSampleType,biogeoTopDepth,biogeoBottomDepth,biogeoCenterDepth,particleSizeDistProcessedDate,particleSizeDistMethodPub,particleSizeDistMethod,coarseFrag2To5,coarseFrag5To20,sandTotal,siltTotal,clayTotal,carbonateClay,clayFineContent,siltFineContent,siltCoarseContent,sandVeryFineContent,sandFineContent,sandMediumContent,sandCoarseContent,sandVeryCoarseContent,laboratoryName,dataQF
"dfba14bb-0d73-48e6-a348-27453d30c0d1","NIWO_005.basePlot.all","D13","NIWO","NIWO_005","S2018CO013005","2018-07-09","18N06760","Oi","S2018CO013005-1","bulk",0.0,4.0,2.0,,,,22.8,45.5,,,,,,,,,,,,,"USDA NRCS Kellogg Soil Survey Laboratory",
"3585d1e3-4b98-422b-a34c-72b86ab1890d","NIWO_015.basePlot.all","D13","NIWO","NIWO_015","S2018CO013015","2018-07-09","18N06781","ABb","S2018CO013015-4","bulk",39.0,59.0,49.0,"2018-12-04","Kellogg Soil Survey Laboratory Methods Manual, Soil Survey Investigations Report No. 42 Version 5.0, Issued 2014","Routine Particle Size Distribution (3A1a1a)",104.2,153.1,35.3,40.9,23.8,,,25.0,15.9,9.4,10.0,6.1,5.3,4.5,"USDA NRCS Kellogg Soil Survey Laboratory",
"07e30c51-8233-45ed-9acf-c8ee52608e32","NIWO_015.basePlot.all","D13","NIWO","NIWO_015","S2018CO013015","2018-07-09","18N06778","Oe","S2018CO013015-1","bulk",0.0,6.0,3.0,,,,0.0,0.0,,,,,,,,,,,,,"USDA NRCS Kellogg Soil Survey Laboratory",
"1d132cde-ce58-44fa-b852-392e17e4ea24","NIWO_015.basePlot.all","D13","NIWO","NIWO_015","S2018CO013015","2018-07-09","18N06780","BA","S2018CO013015-3","bulk",17.0,39.0,28.0,"2018-12-04","Kellogg Soil Survey Laboratory Methods Manual, Soil Survey Investigations Report No. 42 Version 5.0, Issued 2014","Routine Particle Size Distribution (3A1a1a)",38.2,25.8,35.0,41.1,23.9,,,25.2,15.9,9.5,10.1,5.8,6.0,3.6,"USDA NRCS Kellogg Soil Survey Laboratory",
"1c55c7f2-7ddd-4ab8-a9a5-cf538ee27b32","NIWO_005.basePlot.all","D13","NIWO","NIWO_005","S2018CO013005","2018-07-09","18N06763","C","S2018CO013005-4","bulk",49.0,105.0,77.0,"2018-12-02","Kellogg Soil Survey Laboratory Methods Manual, Soil Survey Investigations Report No. 42 Version 5.0, Issued 2014","Routine Particle Size Distribution (3A1a1a)",180.4,270.2,57.7,29.4,12.9,,,18.2,11.2,5.9,9.5,11.4,17.4,13.5,"USDA NRCS Kellogg Soil Survey Laboratory",
"e388698a-b388-4c52-9d7d-c2c86b2b583f","NIWO_015.basePlot.all","D13","NIWO","NIWO_015","S2018CO013015","2018-07-09","18N06782","BC","S2018CO013015-5","bulk",59.0,115.0,87.0,"2018-12-04","Kellogg Soil Survey Laboratory Methods Manual, Soil Survey Investigations Report No. 42 Version 5.0, Issued 2014","Routine Particle Size Distribution (3A1a1a)",104.5,154.5,39.0,47.2,13.8,,,31.4,15.8,8.9,7.3,8.7,8.5,5.6,"USDA NRCS Kellogg Soil Survey Laboratory",
"8a3038f9-8e77-4896-864e-7f2bd8b0afc8","NIWO_005.basePlot.all","D13","NIWO","NIWO_005","S2018CO013005","2018-07-09","18N06762","Bw","S2018CO013005-3","bulk",19.0,49.0,34.0,"2018-12-02","Kellogg Soil Survey Laboratory Methods Manual, Soil Survey Investigations Report No. 42 Version 5.0, Issued 2014","Routine Particle Size Distribution (3A1a1a)",40.4,156.2,57.7,25.5,16.8,,,15.7,9.8,6.3,12.1,16.2,15.9,7.2,"USDA NRCS Kellogg Soil Survey Laboratory",
"38f51c4b-0bc6-4eca-90ab-b00ae5ac8e9c","NIWO_015.basePlot.all","D13","NIWO","NIWO_015","S2018CO013015","2018-07-09","18N06779","A","S2018CO013015-2","bulk",6.0,17.0,11.5,"2018-12-04","Kellogg Soil Survey Laboratory Methods Manual, Soil Survey Investigations Report No. 42 Version 5.0, Issued 2014","Routine Particle Size Distribution (3A1a1a)",9.3,0.0,28.5,45.7,25.8,,,28.1,17.6,8.8,9.5,5.4,3.6,1.2,"USDA NRCS Kellogg Soil Survey Laboratory",
"78280bbd-aba6-4fd8-9307-4a889d0c54a3","NIWO_005.basePlot.all","D13","NIWO","NIWO_005","S2018CO013005","2018-07-09","18N06761","E","S2018CO013005-2","bulk",4.0,19.0,11.5,"2018-12-02","Kellogg Soil Survey Laboratory Methods Manual, Soil Survey Investigations Report No. 42 Version 5.0, Issued 2014","Routine Particle Size Distribution (3A1a1a)",90.2,192.2,62.7,28.4,8.9,,,18.8,9.6,6.2,10.4,17.3,20.0,8.8,"USDA NRCS Kellogg Soil Survey Laboratory",
"8c9c972f-f24e-49d2-aafe-b814ac6f14e6","NIWO_003.basePlot.all","D13","NIWO","NIWO_003","S2018CO013003","2018-07-10","18N06757","BA","S2018CO013003-2","bulk",10.0,19.0,14.5,"2018-12-02","Kellogg Soil Survey Laboratory Methods Manual, Soil Survey Investigations Report No. 42 Version 5.0, Issued 2014","Routine Particle Size Distribution (3A1a1a)",162.2,309.5,72.6,19.4,8.0,,,11.9,7.5,4.1,9.0,16.9,22.7,19.9,"USDA NRCS Kellogg Soil Survey Laboratory",
"e4a5bbbf-3aad-4ca1-9ece-7f190161a4c1","NIWO_003.basePlot.all","D13","NIWO","NIWO_003","S2018CO013003","2018-07-10","18N06758","Bw","S2018CO013003-3","bulk",19.0,50.0,34.5,"2018-12-02","Kellogg Soil Survey Laboratory Methods Manual, Soil Survey Investigations Report No. 42 Version 5.0, Issued 2014","Routine Particle Size Distribution (3A1a1a)",161.8,277.9,74.5,16.1,9.4,,,10.4,5.7,4.0,10.3,12.8,24.1,23.3,"USDA NRCS Kellogg Soil Survey Laboratory",
"4f2caf30-4448-485d-ba7d-77e83419b6f8","NIWO_003.basePlot.all","D13","NIWO","NIWO_003","S2018CO013003","2018-07-10","18N06756","A","S2018CO013003-1","bulk",0.0,10.0,5.0,"2018-12-02","Kellogg Soil Survey Laboratory Methods Manual, Soil Survey Investigations Report No. 42 Version 5.0, Issued 2014","Routine Particle Size Distribution (3A1a1a)",122.0,115.2,61.2,24.8,14.0,,,14.7,10.1,4.5,7.1,12.2,21.0,16.4,"USDA NRCS Kellogg Soil Survey Laboratory",
"1b37fc63-2c72-4411-94bd-0df294e29566","NIWO_003.basePlot.all","D13","NIWO","NIWO_003","S2018CO013003","2018-07-10","18N06759","C","S2018CO013003-4","bulk",50.0,105.0,77.5,"2018-12-02","Kellogg Soil Survey Laboratory Methods Manual, Soil Survey Investigations Report No. 42 Version 5.0, Issued 2014","Routine Particle Size Distribution (3A1a1a)",154.7,531.8,67.4,26.8,5.8,,,15.5,11.3,7.6,5.5,15.1,20.7,18.5,"USDA NRCS Kellogg Soil Survey Laboratory",
"0a0b0e3f-164c-4be9-b0e9-c3e2b5e2a8b0","NIWO_014.basePlot.all","D13","NIWO","NIWO_014","S2018CO013014","2018-07-11","18N06775","B1","S2018CO013014-3","bulk",23.0,39.0,31.0,"2018-12-04","Kellogg Soil Survey Laboratory Methods Manual, Soil Survey Investigations Report No. 42 Version 5.0, Issued 2014","Routine Particle Size Distribution (3A1a1a)",149.8,179.1,58.2,24.2,17.6,,,17.0,7.2,6.2,10.3,12.7,15.4,13.6,"USDA NRCS Kellogg Soil Survey Laboratory",
"ca59d41c-83f8-4062-9b9e-d4744653364f","NIWO_016.basePlot.all","D13","NIWO","NIWO_016","S2018CO013016","2018-07-11","18N06784","E","S2018CO013016-3","bulk",15.0,37.0,26.0,"2018-12-04","Kellogg Soil Survey Laboratory Methods Manual, Soil Survey Investigations Report No. 42 Version 5.0, Issued 2014","Routine Particle Size Distribution (3A1a1a)",162.1,426.6,68.7,26.0,5.3,,,15.9,10.1,6.7,8.4,15.9,17.8,19.9,"USDA NRCS Kellogg Soil Survey Laboratory",
"8ce4ef6c-f737-4fdc-aaca-71469e325b4a","NIWO_014.basePlot.all","D13","NIWO","NIWO_014","S2018CO013014","2018-07-11","18N06774","EA","S2018CO013014-2","bulk",4.0,23.0,13.5,"2018-12-04","Kellogg Soil Survey Laboratory Methods Manual, Soil Survey Investigations Report No. 42 Version 5.0, Issued 2014","Routine Particle Size Distribution (3A1a1a)",136.9,243.0,64.5,24.0,11.5,,,15.2,8.8,4.7,8.6,12.0,18.1,21.1,"USDA NRCS Kellogg Soil Survey Laboratory",
"61f2ad65-758e-4f03-aaa1-1add3c8016db","NIWO_016.basePlot.all","D13","NIWO","NIWO_016","S2018CO013016","2018-07-11","18N06783","A","S2018CO013016-2","bulk",4.0,15.0,9.5,"2018-12-04","Kellogg Soil Survey Laboratory Methods Manual, Soil Survey Investigations Report No. 42 Version 5.0, Issued 2014","Routine Particle Size Distribution (3A1a1a)",191.9,494.7,70.3,19.9,9.8,,,12.1,7.8,4.3,6.7,10.6,21.1,27.6,"USDA NRCS Kellogg Soil Survey Laboratory",
"c8a99768-abc9-4eff-82dc-bf8f7df5db17","NIWO_016.basePlot.all","D13","NIWO","NIWO_016","S2018CO013016","2018-07-11","18N06785","Bt","S2018CO013016-4","bulk",37.0,66.0,51.5,"2018-12-04","Kellogg Soil Survey Laboratory Methods Manual, Soil Survey Investigations Report No. 42 Version 5.0, Issued 2014","Routine Particle Size Distribution (3A1a1a)",170.7,572.9,64.8,22.4,12.8,,,14.7,7.7,2.6,3.4,8.9,20.0,29.9,"USDA NRCS Kellogg Soil Survey Laboratory",
"b2ea415b-d386-47e7-b252-cf4d473c44c1","NIWO_014.basePlot.all","D13","NIWO","NIWO_014","S2018CO013014","2018-07-11","18N06777","B3","S2018CO013014-5","bulk",57.0,110.0,83.5,"2018-12-04","Kellogg Soil Survey Laboratory Methods Manual, Soil Survey Investigations Report No. 42 Version 5.0, Issued 2014","Routine Particle Size Distribution (3A1a1a)",164.6,200.8,69.3,19.6,11.1,,,13.4,6.2,8.1,14.1,19.5,18.7,8.9,"USDA NRCS Kellogg Soil Survey Laboratory",
"3a95df51-15c7-4d77-8c22-a6ece819b6d9","NIWO_014.basePlot.all","D13","NIWO","NIWO_014","S2018CO013014","2018-07-11","18N06776","B2","S2018CO013014-4","bulk",39.0,57.0,48.0,"2018-12-04","Kellogg Soil Survey Laboratory Methods Manual, Soil Survey Investigations Report No. 42 Version 5.0, Issued 2014","Routine Particle Size Distribution (3A1a1a)",121.5,163.0,65.8,19.3,14.9,,,12.9,6.4,7.1,10.7,17.1,18.5,12.4,"USDA NRCS Kellogg Soil Survey Laboratory",
"bf895a00-b078-4eef-a741-2f2c645f22b2","NIWO_026.basePlot.all","D13","NIWO","NIWO_026","S2018CO013026","2018-07-12","18N06797","A2","S2018CO013026-2","bulk",9.0,21.0,15.0,"2018-11-29","Kellogg Soil Survey Laboratory Methods Manual, Soil Survey Investigations Report No. 42 Version 5.0, Issued 2014","Routine Particle Size Distribution (3A1a1a)",58.1,79.2,58.6,26.4,15.0,,,16.7,9.7,8.4,21.0,13.7,8.4,7.1,"USDA NRCS Kellogg Soil Survey Laboratory",
"b85d0ffb-4828-4df8-8a4a-f6dcb15d395f","NIWO_026.basePlot.all","D13","NIWO","NIWO_026","S2018CO013026","2018-07-12","18N06800","BCt","S2018CO013026-5","bulk",65.0,110.0,87.5,"2018-11-29","Kellogg Soil Survey Laboratory Methods Manual, Soil Survey Investigations Report No. 42 Version 5.0, Issued 2014","Routine Particle Size Distribution (3A1a1a)",104.3,126.7,71.9,24.3,3.8,,,12.9,11.4,11.4,18.6,18.1,16.8,7.0,"USDA NRCS Kellogg Soil Survey Laboratory",
"fcddb889-8899-45c6-86c8-142e267c5c0a","NIWO_007.basePlot.all","D13","NIWO","NIWO_007","S2018CO013007","2018-07-12","18N06765","A","S2018CO013007-2","bulk",6.0,21.0,13.5,"2018-12-02","Kellogg Soil Survey Laboratory Methods Manual, Soil Survey Investigations Report No. 42 Version 5.0, Issued 2014","Routine Particle Size Distribution (3A1a1a)",119.7,145.8,72.8,19.0,8.2,,,11.4,7.6,7.3,11.3,13.9,19.3,21.0,"USDA NRCS Kellogg Soil Survey Laboratory",
"54c5625b-b6c8-4170-99e8-d536d1fc3329","NIWO_026.basePlot.all","D13","NIWO","NIWO_026","S2018CO013026","2018-07-12","18N06796","A1","S2018CO013026-1","bulk",0.0,9.0,4.5,"2018-11-29","Kellogg Soil Survey Laboratory Methods Manual, Soil Survey Investigations Report No. 42 Version 5.0, Issued 2014","Routine Particle Size Distribution (3A1a1a)",46.8,43.5,53.0,29.9,17.1,,,19.6,10.3,9.0,20.1,13.0,6.3,4.6,"USDA NRCS Kellogg Soil Survey Laboratory",
"b654099d-db95-4036-b46e-86e1000a5074","NIWO_026.basePlot.all","D13","NIWO","NIWO_026","S2018CO013026","2018-07-12","18N06799","Bt","S2018CO013026-4","bulk",44.0,65.0,54.5,"2018-11-29","Kellogg Soil Survey Laboratory Methods Manual, Soil Survey Investigations Report No. 42 Version 5.0, Issued 2014","Routine Particle Size Distribution (3A1a1a)",79.9,160.5,63.1,26.9,10.0,,,15.6,11.3,10.7,18.4,16.9,10.4,6.7,"USDA NRCS Kellogg Soil Survey Laboratory",
"8471d426-ad72-49ee-bc52-72ac8ae54bc1","NIWO_007.basePlot.all","D13","NIWO","NIWO_007","S2018CO013007","2018-07-12","18N06767","BC","S2018CO013007-4","bulk",44.0,100.0,72.0,"2018-12-02","Kellogg Soil Survey Laboratory Methods Manual, Soil Survey Investigations Report No. 42 Version 5.0, Issued 2014","Routine Particle Size Distribution (3A1a1a)",149.0,143.1,64.9,24.7,10.4,,,14.5,10.2,10.3,16.0,14.5,13.6,10.5,"USDA NRCS Kellogg Soil Survey Laboratory",
"ae06bea8-3a17-4061-a3c0-303bedfed28b","NIWO_026.basePlot.all","D13","NIWO","NIWO_026","S2018CO013026","2018-07-12","18N06798","BAt","S2018CO013026-3","bulk",21.0,44.0,32.5,"2018-11-29","Kellogg Soil Survey Laboratory Methods Manual, Soil Survey Investigations Report No. 42 Version 5.0, Issued 2014","Routine Particle Size Distribution (3A1a1a)",54.1,94.4,51.7,31.8,16.5,,,19.2,12.6,9.3,19.2,9.4,8.5,5.3,"USDA NRCS Kellogg Soil Survey Laboratory",
"f33c4d71-a162-4270-b463-c927bac8e7e4","NIWO_007.basePlot.all","D13","NIWO","NIWO_007","S2018CO013007","2018-07-12","18N06766","B/E","S2018CO013007-3","bulk",21.0,44.0,32.5,"2018-12-02","Kellogg Soil Survey Laboratory Methods Manual, Soil Survey Investigations Report No. 42 Version 5.0, Issued 2014","Routine Particle Size Distribution (3A1a1a)",121.9,199.3,64.8,19.8,15.4,,,11.7,8.1,9.6,13.4,14.4,16.5,10.9,"USDA NRCS Kellogg Soil Survey Laboratory",
"a675d8ab-ad0d-4efa-a28d-d6b33ff057eb","NIWO_007.basePlot.all","D13","NIWO","NIWO_007","S2018CO013007","2018-07-12","18N06764","Oe","S2018CO013007-1","bulk",0.0,6.0,3.0,,,,34.3,45.8,,,,,,,,,,,,,"USDA NRCS Kellogg Soil Survey Laboratory",
"a1a9aff9-8785-4eac-8205-ceef141e5c1d","NIWO_029.basePlot.all","D13","NIWO","NIWO_029","S2018CO013029","2018-07-13","18N06802","Bw","S2018CO013029-2","bulk",8.0,27.0,17.5,"2018-11-29","Kellogg Soil Survey Laboratory Methods Manual, Soil Survey Investigations Report No. 42 Version 5.0, Issued 2014","Routine Particle Size Distribution (3A1a1a)",97.3,171.7,52.5,33.6,13.9,,,19.1,14.5,6.2,8.7,14.2,16.7,6.7,"USDA NRCS Kellogg Soil Survey Laboratory",
"1c896a50-e300-40c8-9a06-35822b7ad001","NIWO_001.basePlot.all","D13","NIWO","NIWO_001","S2018CO013001","2018-07-13","18N06755","Bt2","S2018CO013001-4","bulk",62.0,102.0,82.0,"2018-12-02","Kellogg Soil Survey Laboratory Methods Manual, Soil Survey Investigations Report No. 42 Version 5.0, Issued 2014","Routine Particle Size Distribution (3A1a1a)",165.1,292.7,64.0,22.6,13.4,,,16.2,6.4,4.2,6.5,9.4,19.0,24.9,"USDA NRCS Kellogg Soil Survey Laboratory",
"9d1eb67c-ca00-4325-b12b-13ff15abcb3d","NIWO_029.basePlot.all","D13","NIWO","NIWO_029","S2018CO013029","2018-07-13","18N06801","A","S2018CO013029-1","bulk",0.0,8.0,4.0,"2018-11-29","Kellogg Soil Survey Laboratory Methods Manual, Soil Survey Investigations Report No. 42 Version 5.0, Issued 2014","Routine Particle Size Distribution (3A1a1a)",66.5,143.4,52.7,31.7,15.6,,,17.6,14.1,5.0,9.1,15.9,14.5,8.2,"USDA NRCS Kellogg Soil Survey Laboratory",
"c6922c67-cbc0-41ab-b514-dd114c63ef04","NIWO_001.basePlot.all","D13","NIWO","NIWO_001","S2018CO013001","2018-07-13","18N06752","O","S2018CO013001-1","bulk",0.0,8.0,4.0,,,,44.4,58.5,,,,,,,,,,,,,"USDA NRCS Kellogg Soil Survey Laboratory",
"26accfde-6a99-42d0-a8c5-e33df17fac75","NIWO_001.basePlot.all","D13","NIWO","NIWO_001","S2018CO013001","2018-07-13","18N06753","E","S2018CO013001-2","bulk",8.0,48.0,28.0,"2018-12-02","Kellogg Soil Survey Laboratory Methods Manual, Soil Survey Investigations Report No. 42 Version 5.0, Issued 2014","Routine Particle Size Distribution (3A1a1a)",122.2,169.1,57.6,35.0,7.4,,,22.4,12.6,6.1,9.7,12.2,14.6,15.0,"USDA NRCS Kellogg Soil Survey Laboratory",
"c458ba70-1834-4f90-8942-3abf090e8950","NIWO_029.basePlot.all","D13","NIWO","NIWO_029","S2018CO013029","2018-07-13","18N06803","BC","S2018CO013029-3","bulk",27.0,64.0,45.5,"2018-11-29","Kellogg Soil Survey Laboratory Methods Manual, Soil Survey Investigations Report No. 42 Version 5.0, Issued 2014","Routine Particle Size Distribution (3A1a1a)",88.2,320.2,66.6,26.9,6.5,,,13.9,13.0,7.4,10.2,20.8,17.8,10.4,"USDA NRCS Kellogg Soil Survey Laboratory",
"35428be2-088e-4624-be7d-4990c2e6ecd6","NIWO_001.basePlot.all","D13","NIWO","NIWO_001","S2018CO013001","2018-07-13","18N06754","Bt1","S2018CO013001-3","bulk",48.0,62.0,55.0,"2018-12-02","Kellogg Soil Survey Laboratory Methods Manual, Soil Survey Investigations Report No. 42 Version 5.0, Issued 2014","Routine Particle Size Distribution (3A1a1a)",190.9,231.6,56.1,27.2,16.7,,,20.0,7.2,5.3,10.3,8.7,17.7,14.1,"USDA NRCS Kellogg Soil Survey Laboratory",
"edaa87af-3f6d-4cba-8210-f438ab953203","NIWO_018.basePlot.all","D13","NIWO","NIWO_018","S2018CO013018","2018-07-16","18N06788","EB","S2018CO013018-3","bulk",17.0,42.0,29.5,"2018-12-04","Kellogg Soil Survey Laboratory Methods Manual, Soil Survey Investigations Report No. 42 Version 5.0, Issued 2014","Routine Particle Size Distribution (3A1a1a)",119.1,94.0,64.2,29.5,6.3,,,17.7,11.8,10.7,11.1,13.8,14.1,14.5,"USDA NRCS Kellogg Soil Survey Laboratory",
"e7b5bf42-c7eb-4a19-a0a5-8878cb45917e","NIWO_022.basePlot.all","D13","NIWO","NIWO_022","S2018CO013022","2018-07-16","18N06793","Bw2","S2018CO013022-4","bulk",29.0,54.0,41.5,"2018-12-04","Kellogg Soil Survey Laboratory Methods Manual, Soil Survey Investigations Report No. 42 Version 5.0, Issued 2014","Routine Particle Size Distribution (3A1a1a)",355.3,152.6,69.5,20.2,10.3,,,12.1,8.1,6.2,10.9,14.9,20.0,17.5,"USDA NRCS Kellogg Soil Survey Laboratory",
"36242b2b-1d09-4a8d-b391-0b3ec0385d06","NIWO_022.basePlot.all","D13","NIWO","NIWO_022","S2018CO013022","2018-07-16","18N06794","BC1","S2018CO013022-5","bulk",54.0,78.0,66.0,"2018-12-04","Kellogg Soil Survey Laboratory Methods Manual, Soil Survey Investigations Report No. 42 Version 5.0, Issued 2014","Routine Particle Size Distribution (3A1a1a)",99.3,166.0,57.6,37.0,5.4,,,21.4,15.6,10.6,13.9,8.1,14.0,11.0,"USDA NRCS Kellogg Soil Survey Laboratory",
"5ee12363-1ef6-4bae-814d-06654f3c00e6","NIWO_022.basePlot.all","D13","NIWO","NIWO_022","S2018CO013022","2018-07-16","18N06792","Bw1","S2018CO013022-3","bulk",13.0,29.0,21.0,"2018-12-04","Kellogg Soil Survey Laboratory Methods Manual, Soil Survey Investigations Report No. 42 Version 5.0, Issued 2014","Routine Particle Size Distribution (3A1a1a)",130.4,247.1,60.6,22.2,17.2,,,13.6,8.6,7.9,9.1,11.7,17.1,14.8,"USDA NRCS Kellogg Soil Survey Laboratory",
"439ccd6d-7e9e-498c-bb03-fe77c8a1b4c8","NIWO_018.basePlot.all","D13","NIWO","NIWO_018","S2018CO013018","2018-07-16","18N06789","Bw1","S2018CO013018-4","bulk",42.0,74.0,58.0,"2018-12-04","Kellogg Soil Survey Laboratory Methods Manual, Soil Survey Investigations Report No. 42 Version 5.0, Issued 2014","Routine Particle Size Distribution (3A1a1a)",132.4,142.7,57.2,36.3,6.5,,,22.7,13.6,9.7,12.1,11.9,12.9,10.6,"USDA NRCS Kellogg Soil Survey Laboratory",
"b4ad7bdb-379c-4307-b6e2-5b4bb81f62da","NIWO_018.basePlot.all","D13","NIWO","NIWO_018","S2018CO013018","2018-07-16","18N06790","Bw2","S2018CO013018-5","bulk",74.0,115.0,94.5,"2018-12-04","Kellogg Soil Survey Laboratory Methods Manual, Soil Survey Investigations Report No. 42 Version 5.0, Issued 2014","Routine Particle Size Distribution (3A1a1a)",134.5,158.5,60.8,33.6,5.6,,,20.8,12.8,9.9,13.3,9.7,14.3,13.6,"USDA NRCS Kellogg Soil Survey Laboratory",
"947ed2a7-950e-4697-9fb5-20ae8939d75f","NIWO_022.basePlot.all","D13","NIWO","NIWO_022","S2018CO013022","2018-07-16","18N06795","BC2","S2018CO013022-6","bulk",78.0,110.0,94.0,"2018-11-29","Kellogg Soil Survey Laboratory Methods Manual, Soil Survey Investigations Report No. 42 Version 5.0, Issued 2014","Routine Particle Size Distribution (3A1a1a)",122.6,197.8,60.8,35.0,4.2,,,18.9,16.1,10.6,11.8,15.1,15.8,7.5,"USDA NRCS Kellogg Soil Survey Laboratory",
"f89cb75b-7395-4d04-8fc3-edd210285a5f","NIWO_018.basePlot.all","D13","NIWO","NIWO_018","S2018CO013018","2018-07-16","18N06786","A1","S2018CO013018-1","bulk",0.0,7.0,3.5,"2018-12-04","Kellogg Soil Survey Laboratory Methods Manual, Soil Survey Investigations Report No. 42 Version 5.0, Issued 2014","Routine Particle Size Distribution (3A1a1a)",88.4,27.5,70.6,19.3,10.1,,,12.3,7.0,6.1,13.5,10.3,18.6,22.1,"USDA NRCS Kellogg Soil Survey Laboratory",
"9a74172d-f57c-4edc-bdc3-5f5114713948","NIWO_018.basePlot.all","D13","NIWO","NIWO_018","S2018CO013018","2018-07-16","18N06787","A2","S2018CO013018-2","bulk",7.0,17.0,12.0,"2018-12-04","Kellogg Soil Survey Laboratory Methods Manual, Soil Survey Investigations Report No. 42 Version 5.0, Issued 2014","Routine Particle Size Distribution (3A1a1a)",97.7,101.0,61.6,26.8,11.6,,,16.1,10.7,9.0,11.5,14.6,13.5,13.0,"USDA NRCS Kellogg Soil Survey Laboratory",
"d7800d06-8123-4464-b52a-c37bc74e701a","NIWO_022.basePlot.all","D13","NIWO","NIWO_022","S2018CO013022","2018-07-16","18N06791","E","S2018CO013022-2","bulk",2.0,13.0,7.5,"2018-12-04","Kellogg Soil Survey Laboratory Methods Manual, Soil Survey Investigations Report No. 42 Version 5.0, Issued 2014","Routine Particle Size Distribution (3A1a1a)",130.4,242.7,56.1,33.6,10.3,,,20.6,13.0,11.0,11.4,13.1,13.0,7.6,"USDA NRCS Kellogg Soil Survey Laboratory",
"0e73bc9a-6ee8-457c-ad84-652451ec8a99","NIWO_011.basePlot.all","D13","NIWO","NIWO_011","S2018CO013011","2018-07-17","18N06770","Oe","S2018CO013011-1","bulk",0.0,5.0,2.5,,,,17.5,12.1,,,,,,,,,,,,,"USDA NRCS Kellogg Soil Survey Laboratory",
"79c2a522-2268-4492-9b5e-07d85c6d24b2","NIWO_011.basePlot.all","D13","NIWO","NIWO_011","S2018CO013011","2018-07-17","18N06772","Bw","S2018CO013011-3","bulk",37.0,74.0,55.5,"2018-12-04","Kellogg Soil Survey Laboratory Methods Manual, Soil Survey Investigations Report No. 42 Version 5.0, Issued 2014","Routine Particle Size Distribution (3A1a1a)",115.5,214.3,63.3,30.4,6.3,,,16.3,14.1,12.4,15.4,14.4,12.8,8.3,"USDA NRCS Kellogg Soil Survey Laboratory",
"fc3593ba-34d5-42cb-9f8d-4336e667651e","NIWO_011.basePlot.all","D13","NIWO","NIWO_011","S2018CO013011","2018-07-17","18N06771","E","S2018CO013011-2","bulk",5.0,37.0,21.0,"2018-12-02","Kellogg Soil Survey Laboratory Methods Manual, Soil Survey Investigations Report No. 42 Version 5.0, Issued 2014","Routine Particle Size Distribution (3A1a1a)",78.6,119.7,60.7,31.5,7.8,,,18.5,13.0,12.4,15.5,14.4,12.2,6.2,"USDA NRCS Kellogg Soil Survey Laboratory",
"3aab6ece-d1af-4d9f-b66e-f9025db0a310","NIWO_011.basePlot.all","D13","NIWO","NIWO_011","S2018CO013011","2018-07-17","18N06773","C","S2018CO013011-4","bulk",74.0,109.0,91.5,"2018-12-04","Kellogg Soil Survey Laboratory Methods Manual, Soil Survey Investigations Report No. 42 Version 5.0, Issued 2014","Routine Particle Size Distribution (3A1a1a)",119.3,226.5,74.2,22.9,2.9,,,12.4,10.5,12.5,17.9,17.5,17.8,8.5,"USDA NRCS Kellogg Soil Survey Laboratory",
