uid,namedLocation,domainID,siteID,plotID,nrcsDescriptionID,collectDate,horizonID,horizonName,bulkDensProcessedDate,bulkDensMethodPub,bulkDensMethod,bulkDensIDnrcs,bulkDensSampleType,bulkDensCenterDepth,bulkDensTopDepth,bulkDensBottomDepth,bulkDensThirdBar,bulkDensOvenDry,bulkDensFieldMoist,waterRetentionThirdBar,fieldWaterContent,laboratoryName,remarks,dataQF
"726d95f7-b404-453b-a3aa-aed63832711d","NIWO_015.basePlot.all","D13","NIWO","NIWO_015","S2018CO013015","2018-07-09","18N06780","BA","2019-02-26","Kellogg Soil Survey Laboratory Methods Manual, Soil Survey Investigations Report No. 42 Version 5.0, Issued 2014","Bulk Density, Clods (3B1)","S2018CO013015-3.CLOD","clod",28.0,17.0,39.0,1.02,1.08,,41.6,,"USDA NRCS Kellogg Soil Survey Laboratory",,
"5327a479-f6d0-49ed-8113-e3b0d570bc20","NIWO_015.basePlot.all","D13","NIWO","NIWO_015","S2018CO013015","2018-07-09","18N06779","A","2019-02-26","Kellogg Soil Survey Laboratory Methods Manual, Soil Survey Investigations Report No. 42 Version 5.0, Issued 2014","Bulk Density, Clods (3B1)","S2018CO013015-2.CLOD","clod",11.5,6.0,17.0,0.78,0.86,,43.7,,"USDA NRCS Kellogg Soil Survey Laboratory",,
"b1c21704-488f-4fcf-82a5-cb9d104e11d7","NIWO_015.basePlot.all","D13","NIWO","NIWO_015","S2018CO013015","2018-07-09","18N06781","ABb","2019-02-26","Kellogg Soil Survey Laboratory Methods Manual, Soil Survey Investigations Report No. 42 Version 5.0, Issued 2014","Bulk Density, Clods (3B1)","S2018CO013015-4.CLOD","clod",49.0,39.0,59.0,1.21,1.27,,33.3,,"USDA NRCS Kellogg Soil Survey Laboratory",,
"c1f0702b-b133-4b0e-a06e-22cdb01ebd44","NIWO_015.basePlot.all","D13","NIWO","NIWO_015","S2018CO013015","2018-07-09","18N06782","BC","2019-02-26","Kellogg Soil Survey Laboratory Methods Manual, Soil Survey Investigations Report No. 42 Version 5.0, Issued 2014","Bulk Density, Clods (3B1)","S2018CO013015-5.CLOD","clod",87.0,59.0,115.0,1.62,1.65,,21.4,,"USDA NRCS Kellogg Soil Survey Laboratory",,
"66eeb92e-245d-4838-81cf-75322b4c9588","NIWO_014.basePlot.all","D13","NIWO","NIWO_014","S2018CO013014","2018-07-11","18N06775","B1","2019-02-26","Kellogg Soil Survey Laboratory Methods Manual, Soil Survey Investigations Report No. 42 Version 5.0, Issued 2014","Bulk Density, Clods (3B1)","S2018CO013014-3.CLOD","clod",31.0,23.0,39.0,1.42,1.46,,13.2,,"USDA NRCS Kellogg Soil Survey Laboratory",,
"30a265f0-207b-4d37-b73d-061e8082f7f9","NIWO_014.basePlot.all","D13","NIWO","NIWO_014","S2018CO013014","2018-07-11","18N06776","B2","2019-02-26","Kellogg Soil Survey Laboratory Methods Manual, Soil Survey Investigations Report No. 42 Version 5.0, Issued 2014","Bulk Density, Clods (3B1)","S2018CO013014-4.CLOD","clod",48.0,39.0,57.0,1.45,1.51,,17.1,,"USDA NRCS Kellogg Soil Survey Laboratory",,
"e7214df9-08b0-41c5-9213-925da156cdd5","NIWO_014.basePlot.all","D13","NIWO","NIWO_014","S2018CO013014","2018-07-11","18N06777","B3","2019-02-26","Kellogg Soil Survey Laboratory Methods Manual, Soil Survey Investigations Report No. 42 Version 5.0, Issued 2014","Bulk Density, Clods (3B1)","S2018CO013014-5.CLOD","clod",83.5,57.0,110.0,1.58,1.64,,14.0,,"USDA NRCS Kellogg Soil Survey Laboratory",,
"9cd13500-e0f6-4a70-82d8-91b20bbbff72","NIWO_026.basePlot.all","D13","NIWO","NIWO_026","S2018CO013026","2018-07-12","18N06798","BAt","2019-02-26","Kellogg Soil Survey Laboratory Methods Manual, Soil Survey Investigations Report No. 42 Version 5.0, Issued 2014","Bulk Density, Clods (3B1)","S2018CO013026-3.CLOD","clod",32.5,21.0,44.0,1.14,1.20,,30.9,,"USDA NRCS Kellogg Soil Survey Laboratory",,
"a92d4517-2251-4478-aeab-6f8844d17073","NIWO_026.basePlot.all","D13","NIWO","NIWO_026","S2018CO013026","2018-07-12","18N06797","A2","2019-02-26","Kellogg Soil Survey Laboratory Methods Manual, Soil Survey Investigations Report No. 42 Version 5.0, Issued 2014","Bulk Density, Clods (3B1)","S2018CO013026-2.CLOD","clod",15.0,9.0,21.0,1.13,1.18,,32.3,,"USDA NRCS Kellogg Soil Survey Laboratory",,
"d5152c2f-a9c8-4b1a-8c34-9f23612e0718","NIWO_026.basePlot.all","D13","NIWO","NIWO_026","S2018CO013026","2018-07-12","18N06800","BCt","2019-02-26","Kellogg Soil Survey Laboratory Methods Manual, Soil Survey Investigations Report No. 42 Version 5.0, Issued 2014","Bulk Density, Clods (3B1)","S2018CO013026-5.CLOD","clod",87.5,65.0,110.0,1.66,1.68,,10.0,,"USDA NRCS Kellogg Soil Survey Laboratory",,
"bcbd8d22-0533-4b09-ba30-87537b7f8944","NIWO_026.basePlot.all","D13","NIWO","NIWO_026","S2018CO013026","2018-07-12","18N06799","Bt","2019-02-26","Kellogg Soil Survey Laboratory Methods Manual, Soil Survey Investigations Report No. 42 Version 5.0, Issued 2014","Bulk Density, Clods (3B1)","S2018CO013026-4.CLOD","clod",54.5,44.0,65.0,1.41,1.43,,16.3,,"USDA NRCS Kellogg Soil Survey Laboratory",,
"e418fb19-eda6-4a22-9e59-fe0f7ae70484","NIWO_026.basePlot.all","D13","NIWO","NIWO_026","S2018CO013026","2018-07-12","18N06796","A1","2019-02-26","Kellogg Soil Survey Laboratory Methods Manual, Soil Survey Investigations Report No. 42 Version 5.0, Issued 2014","Bulk Density, Clods (3B1)","S2018CO013026-1.CLOD","clod",4.5,0.0,9.0,0.86,0.95,,33.9,,"USDA NRCS Kellogg Soil Survey Laboratory",,
"69f7022b-9578-4558-a539-926e0388c036","NIWO_018.basePlot.all","D13","NIWO","NIWO_018","S2018CO013018","2018-07-16","18N06786","A1","2019-02-26","Kellogg Soil Survey Laboratory Methods Manual, Soil Survey Investigations Report No. 42 Version 5.0, Issued 2014","Bulk Density, Clods (3B1)","S2018CO013018-1.CLOD","clod",3.5,0.0,7.0,1.07,1.16,,27.3,,"USDA NRCS Kellogg Soil Survey Laboratory",,
"4b9110f3-1697-4a6a-98f1-bcd674480ac7","NIWO_018.basePlot.all","D13","NIWO","NIWO_018","S2018CO013018","2018-07-16","18N06789","Bw1","2019-02-26","Kellogg Soil Survey Laboratory Methods Manual, Soil Survey Investigations Report No. 42 Version 5.0, Issued 2014","Bulk Density, Clods (3B1)","S2018CO013018-4.CLOD","clod",58.0,42.0,74.0,1.54,1.56,,16.1,,"USDA NRCS Kellogg Soil Survey Laboratory",,
"57131298-7924-4308-92cf-34615c34d0b1","NIWO_018.basePlot.all","D13","NIWO","NIWO_018","S2018CO013018","2018-07-16","18N06788","EB","2019-02-26","Kellogg Soil Survey Laboratory Methods Manual, Soil Survey Investigations Report No. 42 Version 5.0, Issued 2014","Bulk Density, Clods (3B1)","S2018CO013018-3.CLOD","clod",29.5,17.0,42.0,1.51,1.53,,16.6,,"USDA NRCS Kellogg Soil Survey Laboratory",,
"6afc7b2c-9ba4-455b-8359-06e44ea71610","NIWO_018.basePlot.all","D13","NIWO","NIWO_018","S2018CO013018","2018-07-16","18N06790","Bw2","2019-02-26","Kellogg Soil Survey Laboratory Methods Manual, Soil Survey Investigations Report No. 42 Version 5.0, Issued 2014","Bulk Density, Clods (3B1)","S2018CO013018-5.CLOD","clod",94.5,74.0,115.0,1.69,1.71,,14.2,,"USDA NRCS Kellogg Soil Survey Laboratory",,
"7a931c4a-8780-4c0e-bd15-2f24edd1ff06","NIWO_018.basePlot.all","D13","NIWO","NIWO_018","S2018CO013018","2018-07-16","18N06787","A2","2019-02-26","Kellogg Soil Survey Laboratory Methods Manual, Soil Survey Investigations Report No. 42 Version 5.0, Issued 2014","Bulk Density, Clods (3B1)","S2018CO013018-2.CLOD","clod",12.0,7.0,17.0,1.15,1.23,,25.2,,"USDA NRCS Kellogg Soil Survey Laboratory",,
