uid,namedLocation,domainID,siteID,plotID,pitID,collectDate,testProtocolVersion,nrcsDescriptionID,horizonID,horizonName,horizonTopDepth,horizonBottomDepth,remarks,dataQF
"87192857-4b63-4748-945c-60007f928ef3","NIWO_005.basePlot.all","D13","NIWO","NIWO_005","1280875","2018-07-09","Field Book for Describing and Sampling Soils ver3","S2018CO013005","18N06763","C",49,105,,
"b9ed7600-b267-47eb-b924-61f08ef2fa1a","NIWO_005.basePlot.all","D13","NIWO","NIWO_005","1280875","2018-07-09","Field Book for Describing and Sampling Soils ver3","S2018CO013005","18N06760","Oi",0,4,,
"1c67cd73-161c-4f53-b1ce-70650ed6a2a3","NIWO_015.basePlot.all","D13","NIWO","NIWO_015","1280880","2018-07-09","Field Book for Describing and Sampling Soils ver3","S2018CO013015","18N06780","BA",17,39,,
"51627a2a-52b2-4031-b6a4-af787df007a3","NIWO_015.basePlot.all","D13","NIWO","NIWO_015","1280880","2018-07-09","Field Book for Describing and Sampling Soils ver3","S2018CO013015","18N06782","BC",59,115,,
"72607699-ec71-487f-a832-bdff70ed888d","NIWO_015.basePlot.all","D13","NIWO","NIWO_015","1280880","2018-07-09","Field Book for Describing and Sampling Soils ver3","S2018CO013015","18N06779","A",6,17,,
"cb55df4f-540f-4a05-8f2a-75f84b4491d8","NIWO_005.basePlot.all","D13","NIWO","NIWO_005","1280875","2018-07-09","Field Book for Describing and Sampling Soils ver3","S2018CO013005","18N06761","E",4,19,,
"9c9e0ffc-06a2-43bd-95f2-60f6924e4ad1","NIWO_015.basePlot.all","D13","NIWO","NIWO_015","1280880","2018-07-09","Field Book for Describing and Sampling Soils ver3","S2018CO013015","18N06781","ABb",39,59,,
"6310cc35-0b3b-4098-970a-08a598773cba","NIWO_015.basePlot.all","D13","NIWO","NIWO_015","1280880","2018-07-09","Field Book for Describing and Sampling Soils ver3","S2018CO013015","18N06778","Oe",0,6,,
"886fb183-f800-44d3-95fb-55dcaeb0ede9","NIWO_005.basePlot.all","D13","NIWO","NIWO_005","1280875","2018-07-09","Field Book for Describing and Sampling Soils ver3","S2018CO013005","18N06762","Bw",19,49,,
"fd3d12be-0bf3-46d5-859e-dd1549f2fc6c","NIWO_003.basePlot.all","D13","NIWO","NIWO_003","1280873","2018-07-10","Field Book for Describing and Sampling Soils ver3","S2018CO013003","18N06759","C",50,105,,
"5f58bb2a-5044-4704-84aa-ad5dffe85ab6","NIWO_003.basePlot.all","D13","NIWO","NIWO_003","1280873","2018-07-10","Field Book for Describing and Sampling Soils ver3","S2018CO013003","18N06757","BA",10,19,,
"400ba998-2be0-4d84-aee7-a30188196bd2","NIWO_003.basePlot.all","D13","NIWO","NIWO_003","1280873","2018-07-10","Field Book for Describing and Sampling Soils ver3","S2018CO013003","18N06758","Bw",19,50,,
"b3e2cb08-e162-4901-b738-18716d72ef0e","NIWO_003.basePlot.all","D13","NIWO","NIWO_003","1280873","2018-07-10","Field Book for Describing and Sampling Soils ver3","S2018CO013003","18N06756","A",0,10,,
"f42bdabc-f466-4419-8e7e-57ede3a972fd","NIWO_014.basePlot.all","D13","NIWO","NIWO_014","1280879","2018-07-11","Field Book for Describing and Sampling Soils ver3","S2018CO013014","18N06776","Bt2",39,57,,
"c4905fb9-7366-48ab-9e97-34e0f857d85a","NIWO_014.basePlot.all","D13","NIWO","NIWO_014","1280879","2018-07-11","Field Book for Describing and Sampling Soils ver3","S2018CO013014","6475935","Oe",0,4,,
"cc571d14-df0e-4348-8cfa-4a465ec6c530","NIWO_014.basePlot.all","D13","NIWO","NIWO_014","1280879","2018-07-11","Field Book for Describing and Sampling Soils ver3","S2018CO013014","18N06777","Bt3",57,110,,
"3a4d5fc2-6b60-4c94-a04c-f06f7475166e","NIWO_016.basePlot.all","D13","NIWO","NIWO_016","1280881","2018-07-11","Field Book for Describing and Sampling Soils ver3","S2018CO013016","6475947","2BCt",66,100,,
"90d9cdf8-c163-4ea7-908d-590cc1529935","NIWO_016.basePlot.all","D13","NIWO","NIWO_016","1280881","2018-07-11","Field Book for Describing and Sampling Soils ver3","S2018CO013016","18N06783","A",4,15,,
"c774d4a7-ff5d-4555-b0c6-58a7bed53d36","NIWO_014.basePlot.all","D13","NIWO","NIWO_014","1280879","2018-07-11","Field Book for Describing and Sampling Soils ver3","S2018CO013014","18N06775","Bt1",23,39,,
"0c7f5816-f092-40dd-9d06-b5ea4b4cb8ee","NIWO_014.basePlot.all","D13","NIWO","NIWO_014","1280879","2018-07-11","Field Book for Describing and Sampling Soils ver3","S2018CO013014","18N06774","EA",4,23,,
"5052c494-2310-4f03-a6fb-653e859bd985","NIWO_016.basePlot.all","D13","NIWO","NIWO_016","1280881","2018-07-11","Field Book for Describing and Sampling Soils ver3","S2018CO013016","18N06785","Bt",37,66,,
"41607497-ac9b-4558-be27-92d4ca5daf6b","NIWO_016.basePlot.all","D13","NIWO","NIWO_016","1280881","2018-07-11","Field Book for Describing and Sampling Soils ver3","S2018CO013016","18N06784","E",15,37,,
"05a94117-beab-4001-8f86-9a3db3e0de52","NIWO_016.basePlot.all","D13","NIWO","NIWO_016","1280881","2018-07-11","Field Book for Describing and Sampling Soils ver3","S2018CO013016","6475946","Oi",0,4,,
"642eed8f-65e4-4701-99ec-191ce5abf56a","NIWO_007.basePlot.all","D13","NIWO","NIWO_007","1280876","2018-07-12","Field Book for Describing and Sampling Soils ver3","S2018CO013007","18N06767","BC",44,100,,
"4aee4318-e2b7-4b8f-a4c9-6519d9820e26","NIWO_026.basePlot.all","D13","NIWO","NIWO_026","1280885","2018-07-12","Field Book for Describing and Sampling Soils ver3","S2018CO013026","18N06799","Bt",44,65,,
"68a12317-2957-4aa1-b944-42d779598e37","NIWO_007.basePlot.all","D13","NIWO","NIWO_007","1280876","2018-07-12","Field Book for Describing and Sampling Soils ver3","S2018CO013007","18N06766","B/E",21,44,,
"18e16004-8229-43a2-9710-9b9abb4172ef","NIWO_026.basePlot.all","D13","NIWO","NIWO_026","1280885","2018-07-12","Field Book for Describing and Sampling Soils ver3","S2018CO013026","18N06798","BAt",21,44,,
"373aa40a-ce06-486e-b2a8-9f664fef84fd","NIWO_026.basePlot.all","D13","NIWO","NIWO_026","1280885","2018-07-12","Field Book for Describing and Sampling Soils ver3","S2018CO013026","18N06800","BCt",65,110,,
"fc6f94c6-d780-4044-97e0-e87c5acfdb48","NIWO_007.basePlot.all","D13","NIWO","NIWO_007","1280876","2018-07-12","Field Book for Describing and Sampling Soils ver3","S2018CO013007","18N06764","Oe",0,6,,
"8489b0d2-4c21-4ff1-bc82-e97d6255c77d","NIWO_007.basePlot.all","D13","NIWO","NIWO_007","1280876","2018-07-12","Field Book for Describing and Sampling Soils ver3","S2018CO013007","18N06765","A",6,21,,
"0baac309-7191-4876-87be-860964aac3ff","NIWO_026.basePlot.all","D13","NIWO","NIWO_026","1280885","2018-07-12","Field Book for Describing and Sampling Soils ver3","S2018CO013026","18N06797","A2",9,21,,
"72487cca-33cd-412e-8f3c-dd488247ece1","NIWO_026.basePlot.all","D13","NIWO","NIWO_026","1280885","2018-07-12","Field Book for Describing and Sampling Soils ver3","S2018CO013026","18N06796","A1",0,9,,
"b1c2be1b-fbba-4bb4-af65-ec262a773192","NIWO_029.basePlot.all","D13","NIWO","NIWO_029","1280884","2018-07-13","Field Book for Describing and Sampling Soils ver3","S2018CO013029","6475964","CB",64,105,,
"59e0c8bf-5624-4466-993b-a1f57a222b47","NIWO_001.basePlot.all","D13","NIWO","NIWO_001","1280874","2018-07-13","Field Book for Describing and Sampling Soils ver3","S2018CO013001","18N06755","Bt2",62,102,,
"357d47d4-70e9-40e2-a3f2-9f98dd4f8043","NIWO_001.basePlot.all","D13","NIWO","NIWO_001","1280874","2018-07-13","Field Book for Describing and Sampling Soils ver3","S2018CO013001","18N06753","E",8,48,,
"cb92aba2-56c5-4635-9a4f-81d6559441f9","NIWO_001.basePlot.all","D13","NIWO","NIWO_001","1280874","2018-07-13","Field Book for Describing and Sampling Soils ver3","S2018CO013001","18N06754","Bt1",48,62,,
"972547c0-db03-4a59-aeb0-4ca16b22f92c","NIWO_029.basePlot.all","D13","NIWO","NIWO_029","1280884","2018-07-13","Field Book for Describing and Sampling Soils ver3","S2018CO013029","18N06803","BC",27,64,,
"8612b5df-a3d6-44c2-91e0-10d563e876e6","NIWO_029.basePlot.all","D13","NIWO","NIWO_029","1280884","2018-07-13","Field Book for Describing and Sampling Soils ver3","S2018CO013029","18N06802","Bw",8,27,,
"49f2d3d5-e308-43a7-a3b0-a575781f1949","NIWO_001.basePlot.all","D13","NIWO","NIWO_001","1280874","2018-07-13","Field Book for Describing and Sampling Soils ver3","S2018CO013001","18N06752","O",0,8,,
"179f230e-d573-413c-84d9-aef522d79208","NIWO_029.basePlot.all","D13","NIWO","NIWO_029","1280884","2018-07-13","Field Book for Describing and Sampling Soils ver3","S2018CO013029","18N06801","A",0,8,,
"7c5e7642-c813-4f91-99ca-e6ecd5e7d67e","NIWO_022.basePlot.all","D13","NIWO","NIWO_022","1280883","2018-07-16","Field Book for Describing and Sampling Soils ver3","S2018CO013022","18N06793","Bw2",29,54,,
"a89fc940-4c4b-448d-9b20-79928e60287d","NIWO_018.basePlot.all","D13","NIWO","NIWO_018","1280882","2018-07-16","Field Book for Describing and Sampling Soils ver3","S2018CO013018","18N06790","Bw2",74,115,,
"a3517970-8e79-47d6-91d9-d24f0c8dd2a2","NIWO_018.basePlot.all","D13","NIWO","NIWO_018","1280882","2018-07-16","Field Book for Describing and Sampling Soils ver3","S2018CO013018","18N06789","Bw1",42,74,,
"385e2cbb-2374-4605-8c7a-f95628d2b862","NIWO_022.basePlot.all","D13","NIWO","NIWO_022","1280883","2018-07-16","Field Book for Describing and Sampling Soils ver3","S2018CO013022","18N06795","BC2",78,110,,
"d47a3978-7257-4d75-8760-c250608d0dd5","NIWO_022.basePlot.all","D13","NIWO","NIWO_022","1280883","2018-07-16","Field Book for Describing and Sampling Soils ver3","S2018CO013022","6475955","Oe",0,2,,
"6abe7527-d162-4349-afd7-babe40f3fb79","NIWO_018.basePlot.all","D13","NIWO","NIWO_018","1280882","2018-07-16","Field Book for Describing and Sampling Soils ver3","S2018CO013018","18N06786","A1",0,7,,
"880f1f15-57dd-41c8-802e-9408d03626bc","NIWO_022.basePlot.all","D13","NIWO","NIWO_022","1280883","2018-07-16","Field Book for Describing and Sampling Soils ver3","S2018CO013022","18N06792","Bw1",13,29,,
"b6d37e8e-3e57-439b-bca5-b34690638001","NIWO_018.basePlot.all","D13","NIWO","NIWO_018","1280882","2018-07-16","Field Book for Describing and Sampling Soils ver3","S2018CO013018","18N06787","A2",7,17,,
"a224deef-d02d-4817-8a2e-040a74df483f","NIWO_018.basePlot.all","D13","NIWO","NIWO_018","1280882","2018-07-16","Field Book for Describing and Sampling Soils ver3","S2018CO013018","18N06788","EB",17,42,,
"9f4004f3-27ea-4fa0-b7c3-9d2479d18163","NIWO_022.basePlot.all","D13","NIWO","NIWO_022","1280883","2018-07-16","Field Book for Describing and Sampling Soils ver3","S2018CO013022","18N06794","BC1",54,78,,
"f0526f71-e017-4ed5-87b7-19f3a2785777","NIWO_022.basePlot.all","D13","NIWO","NIWO_022","1280883","2018-07-16","Field Book for Describing and Sampling Soils ver3","S2018CO013022","18N06791","E",2,13,,
"83cd8ba5-83bd-4380-9444-fa5764671c35","NIWO_011.basePlot.all","D13","NIWO","NIWO_011","1280878","2018-07-17","Field Book for Describing and Sampling Soils ver3","S2018CO013011","18N06771","E",5,37,,
"46ebe04e-9188-4bdc-818f-c7f53f5fc07b","NIWO_011.basePlot.all","D13","NIWO","NIWO_011","1280878","2018-07-17","Field Book for Describing and Sampling Soils ver3","S2018CO013011","18N06773","C",74,109,,
"1c19f15c-41ef-45ab-a1c8-1836303bccc8","NIWO_011.basePlot.all","D13","NIWO","NIWO_011","1280878","2018-07-17","Field Book for Describing and Sampling Soils ver3","S2018CO013011","18N06772","Bw",37,74,,
"90345998-2eb7-426f-ac42-43d512b6ec3c","NIWO_011.basePlot.all","D13","NIWO","NIWO_011","1280878","2018-07-17","Field Book for Describing and Sampling Soils ver3","S2018CO013011","18N06770","Oe",0,5,,
