uid,domainID,siteID,plotID,namedLocation,plotType,nlcdClass,geodeticDatum,decimalLatitude,decimalLongitude,coordinateUncertainty,elevation,elevationUncertainty,collectDate,referenceCorner,sampleDistance,sampleBearing,pitID,testProtocolVersion,soilSamplingMethod,sampleRelativeLocation,pitDepth,recordedByA,soilProfileDescriberA,soilProfileDescriberInst,nrcsDescriptionID,soilSeries,soilFamily,soilSubgroup,soilGreatGroup,soilSuborder,soilOrder,remarks,dataQF
"10b6be21-e7da-4155-b983-867dbe5067ff","D13","NIWO","NIWO_015","NIWO_015.basePlot.all","distributed","evergreenForest","WGS84",40.040114,-105.572665,20.1,3246.5,0.1,"2018-07-09","NE20",0.8,35,"1280880","Field Book for Describing and Sampling Soils ver3","soil core","Center of pit",115,"L79w4dTk2fP8H4Vbgn+erQ==","L79w4dTk2fP8H4Vbgn+erQ==","Natural Resource Conservation Service","S2018CO013015","snd","Fine-loamy, mixed, superactive Aquic Humicryepts","aquic humicryepts","humicryepts","cryepts","inceptisols",,
"00d3f2d1-9b88-46a5-be88-b1b1a6a94095","D13","NIWO","NIWO_005","NIWO_005.basePlot.all","distributed","evergreenForest","WGS84",40.043663,-105.569904,20.1,3284.7,0.1,"2018-07-09","NW20",0.3,187,"1280875","Field Book for Describing and Sampling Soils ver3","soil core","Center of pit",105,"L79w4dTk2fP8H4Vbgn+erQ==","L79w4dTk2fP8H4Vbgn+erQ==","Natural Resource Conservation Service","S2018CO013005","snd","Loamy-skeletal, mixed, superactive Typic Dystrocryepts","typic dystrocryepts","dystrocryepts","cryepts","inceptisols",,
"5839dd85-e80b-4990-a069-e05a607335cf","D13","NIWO","NIWO_003","NIWO_003.basePlot.all","distributed","grasslandHerbaceous","WGS84",40.051247,-105.565041,20.1,3494.9,0.1,"2018-07-10","SE20",0.4,264,"1280873","Field Book for Describing and Sampling Soils ver3","soil core","Center of pit",105,"L79w4dTk2fP8H4Vbgn+erQ==","L79w4dTk2fP8H4Vbgn+erQ==","Natural Resource Conservation Service","S2018CO013003","snd","Loamy-skeletal, mixed, superactive Typic Humicryepts","typic humicryepts","humicryepts","cryepts","inceptisols",,
"85f9d610-7cc0-4db1-a92b-2b6c92909ed6","D13","NIWO","NIWO_014","NIWO_014.basePlot.all","distributed","evergreenForest","WGS84",40.050779,-105.548152,20.1,3214.5,0.1,"2018-07-11","NE40",0.6,264,"1280879","Field Book for Describing and Sampling Soils ver3","soil core","Center of pit",110,"L79w4dTk2fP8H4Vbgn+erQ==","L79w4dTk2fP8H4Vbgn+erQ==","Natural Resource Conservation Service","S2018CO013014","snd","Loamy-skeletal, mixed, superactive Umbric Haplocryalfs","umbric haplocryalfs","haplocryalfs","cryalfs","alfisols",,
"23071a42-4fd8-4c7c-b2e4-808838f16195","D13","NIWO","NIWO_016","NIWO_016.basePlot.all","distributed","evergreenForest","WGS84",40.048378,-105.542505,20.1,3109.9,0.1,"2018-07-11","SW20",0.6,193,"1280881","Field Book for Describing and Sampling Soils ver3","soil core","Center of pit",100,"L79w4dTk2fP8H4Vbgn+erQ==","L79w4dTk2fP8H4Vbgn+erQ==","Natural Resource Conservation Service","S2018CO013016","snd","Loamy-skeletal, mixed, superactive Typic Haplocryalfs","typic haplocryalfs","haplocryalfs","cryalfs","alfisols",,
"9fd7cc56-ea92-4022-8c18-52bfe6975364","D13","NIWO","NIWO_026","NIWO_026.basePlot.all","distributed","grasslandHerbaceous","WGS84",40.049574,-105.572043,20.1,3378.3,0.1,"2018-07-12","SE20",0.5,80,"1280885","Field Book for Describing and Sampling Soils ver3","soil core","Center of pit",110,"L79w4dTk2fP8H4Vbgn+erQ==","L79w4dTk2fP8H4Vbgn+erQ==","Natural Resource Conservation Service","S2018CO013026","snd","Coarse-loamy, mixed, superactive Typic Humicryepts","typic humicryepts","humicryepts","cryepts","inceptisols",,
"d6431f6c-8c89-445c-aaa7-26b74bbf649a","D13","NIWO","NIWO_007","NIWO_007.basePlot.all","distributed","evergreenForest","WGS84",40.037740,-105.562157,20.1,3171.0,0.1,"2018-07-12","NW20",1.0,202,"1280876","Field Book for Describing and Sampling Soils ver3","soil core","Center of pit",100,"L79w4dTk2fP8H4Vbgn+erQ==","L79w4dTk2fP8H4Vbgn+erQ==","Natural Resource Conservation Service","S2018CO013007","snd","Loamy-skeletal, mixed, superactive Typic Haplocryalfs","typic haplocryalfs","haplocryalfs","cryalfs","alfisols",,
"0ade4801-ad7b-4e85-872c-af41d3677aae","D13","NIWO","NIWO_029","NIWO_029.basePlot.all","distributed","grasslandHerbaceous","WGS84",40.052578,-105.566477,20.1,3498.8,0.1,"2018-07-13","NW20",0.9,25,"1280884","Field Book for Describing and Sampling Soils ver3","soil core","Center of pit",105,"L79w4dTk2fP8H4Vbgn+erQ==","L79w4dTk2fP8H4Vbgn+erQ==","Natural Resource Conservation Service","S2018CO013029","Leighcan","Loamy-skeletal, mixed, superactive Typic Dystrocryepts","typic dystrocryepts","dystrocryepts","cryepts","inceptisols",,
"b7751685-2a20-4bd4-83dd-7e958a66534a","D13","NIWO","NIWO_001","NIWO_001.basePlot.all","distributed","evergreenForest","WGS84",40.042345,-105.558975,20.1,3213.5,0.1,"2018-07-13","SE40",0.9,322,"1280874","Field Book for Describing and Sampling Soils ver3","soil core","Center of pit",102,"L79w4dTk2fP8H4Vbgn+erQ==","L79w4dTk2fP8H4Vbgn+erQ==","Natural Resource Conservation Service","S2018CO013001","snd","Loamy-skeletal, mixed, superactive Typic Haplocryalfs","typic haplocryalfs","haplocryalfs","cryalfs","alfisols",,
"e27402e0-6f58-483f-9d3d-b311419538c1","D13","NIWO","NIWO_022","NIWO_022.basePlot.all","distributed","evergreenForest","WGS84",40.038851,-105.557196,20.2,3136.0,0.2,"2018-07-16","SW20",0.8,355,"1280883","Field Book for Describing and Sampling Soils ver3","soil core","Center of pit",110,"L79w4dTk2fP8H4Vbgn+erQ==","L79w4dTk2fP8H4Vbgn+erQ==","Natural Resource Conservation Service","S2018CO013022","Leighcan","Loamy-skeletal, mixed, superactive Typic Dystrocryepts","typic dystrocryepts","dystrocryepts","cryepts","inceptisols",,
"89508cc9-7520-4782-933b-6551d082340d","D13","NIWO","NIWO_018","NIWO_018.basePlot.all","distributed","grasslandHerbaceous","WGS84",40.052498,-105.584022,20.1,3476.4,0.1,"2018-07-16","NE40",0.7,255,"1280882","Field Book for Describing and Sampling Soils ver3","soil core","Center of pit",115,"L79w4dTk2fP8H4Vbgn+erQ==","L79w4dTk2fP8H4Vbgn+erQ==","Natural Resource Conservation Service","S2018CO013018","snd","Coarse-loamy, mixed, superactive Typic Humicryepts","typic humicryepts","humicryepts","cryepts","inceptisols",,
"d11d238d-13ac-4d67-b05a-c3c27375817b","D13","NIWO","NIWO_011","NIWO_011.basePlot.all","distributed","evergreenForest","WGS84",40.033991,-105.555396,20.2,3126.3,0.3,"2018-07-17","NW40",1.1,105,"1280878","Field Book for Describing and Sampling Soils ver3","soil core","Center of pit",109,"L79w4dTk2fP8H4Vbgn+erQ==","L79w4dTk2fP8H4Vbgn+erQ==","Natural Resource Conservation Service","S2018CO013011","Leighcan","Loamy-skeletal, mixed, superactive Typic Dystrocryepts","typic dystrocryepts","dystrocryepts","cryepts","inceptisols",,
