uid,namedLocation,domainID,siteID,plotID,plotType,nlcdClass,geodeticDatum,decimalLatitude,decimalLongitude,coordinateUncertainty,elevation,elevationUncertainty,samplingProtocolVersion,collectDate,aopCollectDate,samplingImpractical,subplotID,sampleType,samplingMethod,sampleID,sampleCode,sampleCondition,chlorophyllSampleID,chlorophyllSampleCode,chlorophyllSamplePrepMethod,chlorophyllSampleCondition,clipCellNumber,clipID,clipLength,clipWidth,percentCoverClip,toxicodendronPossible,vstTag,tagID,individualID,taxonID,scientificName,plantStatus,canopyStatus,canopyPosition,leafSamplePosition,subsample1Height,subsample2Height,subsample3Height,crownPolygonID,crownPolygonConfidence,shapefileID,collectedBy,recordedBy,remarks,dataQF
"19faf27e-17fc-4c51-8885-a072b57131ad","SJER_048.basePlot.cfc","D17","SJER","SJER_048","tower","evergreenForest","WGS84",37.110011,-119.735218,20.1,381.8,0.18,"NEON.DOC.001024vF","2019-04-01T16:37Z","2019-03-29",,,"Woody individual",,"2kN0Z0OxE8FbunuCHxxhdmtFX92gO6GPKn7GRNB0PbM=",,"OK","2kN0Z0OxE8FbunuCHxxhdmtFX92gO6GPL1QzXy7TJ+q0cPcM64zJ4g==","B00000043423",,"OK",,,,,,,"N","04442","NEON.PLA.D17.SJER.04442","QUWI2","Quercus wislizeni A. DC.","OK",,,,2.6,,,,,,"0000-0001-7253-0439","0000-0002-2320-6648",,
"d8dcba2f-e5e9-4217-a7b6-a61fcd5f659c","SJER_048.basePlot.cfc","D17","SJER","SJER_048","tower","evergreenForest","WGS84",37.110011,-119.735218,20.1,381.8,0.18,"NEON.DOC.001024vF","2019-04-01T21:01Z","2019-03-29",,,"Woody individual",,"2kN0Z0OxE8EAWNsz9V0k7ht/rPnqpg87YBYVo0QVsXY=",,"OK","2kN0Z0OxE8EAWNsz9V0k7ht/rPnqpg877YTbdpu0mLoQdCaWFmrkAg==","B00000043424",,"OK",,,,,,,"Y","00241","NEON.PLA.D17.SJER.00241","CELE2","Ceanothus leucodermis Greene","OK",,,,1.8,,,,,,"0000-0001-7253-0439","0000-0002-2320-6648",,
"f7b82428-3331-428b-9d1c-d18f88e9bca2","SJER_048.basePlot.cfc","D17","SJER","SJER_048","tower","evergreenForest","WGS84",37.110011,-119.735218,20.1,381.8,0.18,"NEON.DOC.001024vF","2019-04-03T07:21Z","2019-03-29",,"41_400","Herbaceous clip strip","clippers","2kN0Z0OxE8FvZ+ZPocAGur2L3+lkxllVx54ToApkGcY=",,"OK","2kN0Z0OxE8FvZ+ZPocAGur2L3+lkxllV8KX4/7hnJXg=","B00000043420",,"OK",957,"SJER_048_957",2.0,0.1,100,"N",,,,,,,,,,,,,,,,"0000-0002-2320-6648","0000-0002-2320-6648",,
"3562d417-12b9-4115-8354-6cd99eeba15e","SJER_009.basePlot.cfc","D17","SJER","SJER_009","distributed","grasslandHerbaceous","WGS84",37.117532,-119.738492,20.1,454.1,0.10,"NEON.DOC.001024vF","2019-04-03T14:56Z","2019-03-29",,"31_400","Herbaceous clip strip","clippers","2kN0Z0OxE8GTUdNsBIzfR/KftHYeEm/X9B+ZS+y2X+8=",,"OK","2kN0Z0OxE8GTUdNsBIzfR/KftHYeEm/XUZYeSzEDUhc=","B00000043493",,"OK",154,"SJER_009_154",2.0,0.1,75,"N",,,,,,,,,,,,,,,,"0000-0001-7253-0439","0000-0002-0287-3871",,
"92ab2052-c933-4ce4-909d-392ce29c9f61","SJER_045.basePlot.cfc","D17","SJER","SJER_045","tower","evergreenForest","WGS84",37.112827,-119.731615,20.1,412.9,0.10,"NEON.DOC.001024vF","2019-04-03T16:37Z","2019-03-29",,"39_400","Herbaceous clip strip","clippers","2kN0Z0OxE8Ght+vqSNjLJrxI0Xu/o1jOisirSliQcWM=",,"OK","2kN0Z0OxE8Ght+vqSNjLJrxI0Xu/o1jOSQCE9g03mQg=","B00000043421",,"OK",705,"SJER_045_705",2.0,0.1,100,"N",,,,,,,,,,,,,,,,"0000-0002-2320-6648","0000-0002-2320-6648",,
"e1c7d0ec-19d9-484c-8602-d2952ceca6d8","SJER_015.basePlot.cfc","D17","SJER","SJER_015","distributed","grasslandHerbaceous","WGS84",37.081979,-119.720354,20.1,314.7,0.11,"NEON.DOC.001024vF","2019-04-03T16:58Z","2019-03-29",,,"Woody individual",,"2kN0Z0OxE8FjCRHv1/2ezDQlvpjDBOcPOL2MJlZpkVI=",,"OK","2kN0Z0OxE8FjCRHv1/2ezDQlvpjDBOcPwxvmy2nblps=","B00000043491",,"OK",,,,,,,"N","04441","NEON.PLA.D17.SJER.04441","QUDO","Quercus douglasii Hook. & Arn.","OK",,,,1.0,,,,,,"0000-0001-7253-0439","0000-0002-0287-3871",,
"a42aad8f-ded9-43aa-941d-1e2d4d42044e","SJER_009.basePlot.cfc","D17","SJER","SJER_009","distributed","grasslandHerbaceous","WGS84",37.117532,-119.738492,20.1,454.1,0.10,"NEON.DOC.001024vF","2019-04-03T17:02Z","2019-03-29",,,"Woody individual","clippers","2kN0Z0OxE8HnCvFue5ndWX7TBrxc1u8M6GB2cNtVo4Y=",,"OK","2kN0Z0OxE8HnCvFue5ndWX7TBrxc1u8Mff4GCc0YNJRzmI6cH1Iydw==","B00000043492",,"OK",,,,,,,"N","04443","NEON.PLA.D17.SJER.04443","PISA2","Pinus sabiniana Douglas ex Douglas","OK",,,,1.3,,,,,,"0000-0001-7253-0439","0000-0002-0287-3871",,
"582ddb6f-537d-4e10-bb58-eec44012aeef","SJER_046.basePlot.cfc","D17","SJER","SJER_046","tower","evergreenForest","WGS84",37.111276,-119.728168,20.1,431.8,0.16,"NEON.DOC.001024vF","2019-04-03T17:26Z","2019-03-29",,"41_400","Herbaceous clip strip","clippers","2kN0Z0OxE8FrgGadQFQgj0H6RFOj0PpEjxT4aQRBohM=",,"OK","2kN0Z0OxE8FrgGadQFQgj0H6RFOj0PpE+wJdEiFkfiY=","B00000043414",,"OK",779,"SJER_046_779",2.0,0.1,100,"N",,,,,,,,,,,,,,,,"0000-0002-2320-6648","0000-0002-2320-6648",,
"00d8e36a-5479-4d93-ba47-3a3fb4958c18","SJER_015.basePlot.cfc","D17","SJER","SJER_015","distributed","grasslandHerbaceous","WGS84",37.081979,-119.720354,20.1,314.7,0.11,"NEON.DOC.001024vF","2019-04-03T17:43Z","2019-03-29",,"31_400","Herbaceous clip strip","clippers","2kN0Z0OxE8FERIW0ws+1VoXneT8WCPD0k9Co2qSprNI=",,"OK","2kN0Z0OxE8FERIW0ws+1VoXneT8WCPD0sUPgfpWj0hw=","B00000043482",,"OK",22,"SJER_015_022",2.0,0.1,78,"N",,,,,,,,,,,,,,,,"0000-0001-7253-0439","0000-0002-0287-3871",,
"47dbcaa6-2a1c-4507-90ae-7ba834d3c6dc","SJER_048.basePlot.cfc","D17","SJER","SJER_048","tower","evergreenForest","WGS84",37.110011,-119.735218,20.1,381.8,0.18,"NEON.DOC.001024vF","2019-04-03T18:38Z","2019-03-29",,"39_400","Herbaceous clip strip","clippers","2kN0Z0OxE8FvZ+ZPocAGunJU345aG/BSrqVeiLmDVdI=",,"OK","2kN0Z0OxE8FvZ+ZPocAGunJU345aG/BSVaSm6J0LaTI=","B00000043404",,"OK",702,"SJER_048_702",2.0,0.1,100,"N",,,,,,,,,,,,,,,,"0000-0002-2320-6648","0000-0002-2320-6648",,
"5b56587b-c846-4d2e-8469-17c5ef26d5c7","SJER_003.basePlot.cfc","D17","SJER","SJER_003","distributed","evergreenForest","WGS84",37.116632,-119.730379,20.1,437.5,0.16,"NEON.DOC.001024vF","2019-04-03T20:47Z","2019-03-29",,,"Woody individual",,"2kN0Z0OxE8HNtIFY2nGNuGZQ6oVVFjfT99HfKTqyNM8=",,"OK","2kN0Z0OxE8HNtIFY2nGNuGZQ6oVVFjfT+9/1dC1nJWeNXxY1V6MFJw==","B00000043422",,"OK",,,,,,,"Y","04940","NEON.PLA.D17.SJER.04940","QUWI2","Quercus wislizeni A. DC.","OK",,,,0.4,,,,,,"0000-0001-7253-0439","0000-0002-2320-6648",,
"f1660ec7-5847-4ac9-b71c-2c86afb241ec","SJER_026.basePlot.cfc","D17","SJER","SJER_026","distributed","shrubScrub","WGS84",37.101235,-119.729168,20.1,377.2,0.10,"NEON.DOC.001024vF","2019-04-04T16:10Z","2019-03-29",,"31_400","Herbaceous clip strip","clippers","2kN0Z0OxE8F96tPbOqtRuwF5wRXFyecz8JPbBVdLqk8=",,"OK","2kN0Z0OxE8F96tPbOqtRuwF5wRXFyecziiGCdUA+ztA=","B00000043481",,"OK",82,"SJER_026_082",2.0,0.1,70,"N",,,,,,,,,,,,,,,,"0000-0002-2320-6648","0000-0002-0287-3871",,
"923803aa-f1b7-4baf-bc14-3116e2f7cb46","SJER_026.basePlot.cfc","D17","SJER","SJER_026","distributed","shrubScrub","WGS84",37.101235,-119.729168,20.1,377.2,0.10,"NEON.DOC.001024vF","2019-04-04T16:11Z","2019-03-29",,,"Woody individual",,"2kN0Z0OxE8GyduLCKugxGNFIU3+a/qPoMrhTZoS3228=",,"OK","2kN0Z0OxE8GyduLCKugxGNFIU3+a/qPoPlQRHDZdUPA=","B00000043483",,"OK",,,,,,,"Y","04990","NEON.PLA.D17.SJER.04990","CECU","Ceanothus cuneatus (Hook.) Nutt.","OK",,,,1.5,,,,,,"0000-0002-2320-6648","0000-0002-0287-3871",,
"71d98ee6-0932-41f8-b98e-264fa28d0778","SJER_008.basePlot.cfc","D17","SJER","SJER_008","distributed","evergreenForest","WGS84",37.107458,-119.717536,20.2,400.2,0.16,"NEON.DOC.001024vF","2019-04-04T17:33Z","2019-03-29",,,"Woody individual",,"2kN0Z0OxE8GjYELjXDBJboeoXCj1L+HRzFVRlGfQB+Y=",,"OK","2kN0Z0OxE8GjYELjXDBJboeoXCj1L+HRncQjcLVz07WSdI6Cjglk0A==","B00000043522",,"OK",,,,,,,"Y","04192","NEON.PLA.D17.SJER.04192","PISA2","Pinus sabiniana Douglas ex Douglas","OK",,,,1.4,,,,,,"0000-0001-7253-0439","0000-0002-2320-6648",,
"ec01d124-ce86-44e2-99ee-2f8ef9a35b6d","SJER_008.basePlot.cfc","D17","SJER","SJER_008","distributed","evergreenForest","WGS84",37.107458,-119.717536,20.2,400.2,0.16,"NEON.DOC.001024vF","2019-04-04T18:03Z","2019-03-29",,,"Woody individual",,"2kN0Z0OxE8F8MADKxc+rjmuSdY4D/cqSVLV20xmvIZE=",,"OK","2kN0Z0OxE8F8MADKxc+rjmuSdY4D/cqSdrIRGNdc67dLv18WFQqvfw==","B00000043521",,"OK",,,,,,,"Y","04193","NEON.PLA.D17.SJER.04193","QUWI2","Quercus wislizeni A. DC.","OK",,,,1.7,,,,,,"0000-0001-7253-0439","0000-0002-2320-6648",,
"47309050-06cc-4e8f-a1cd-258be507aaf3","SJER_008.basePlot.cfc","D17","SJER","SJER_008","distributed","evergreenForest","WGS84",37.107458,-119.717536,20.2,400.2,0.16,"NEON.DOC.001024vF","2019-04-04T18:29Z","2019-03-29",,,"Woody individual",,"2kN0Z0OxE8EP2R18FeHmGS9RWTusOpGi5/mzitZyqOk=",,"OK","2kN0Z0OxE8EP2R18FeHmGS9RWTusOpGiAE2gzH9YeDM=","B00000043520",,"OK",,,,,,,"Y","04194","NEON.PLA.D17.SJER.04194","RHIL","Rhamnus ilicifolia Kellogg","OK",,,,1.7,,,,,,"0000-0001-7253-0439","0000-0002-2320-6648",,
"9b8ee8a6-5841-4878-b01f-cc4123cbd6af","SJER_002.basePlot.cfc","D17","SJER","SJER_002","distributed","grasslandHerbaceous","WGS84",37.082813,-119.743324,20.1,349.3,0.10,"NEON.DOC.001024vF","2019-04-04T20:34Z","2019-03-29",,"31_400","Herbaceous clip strip","clippers","2kN0Z0OxE8FOVQnny45Emugbd0kRbBkrGx4RXO3ZXl0=",,"OK","2kN0Z0OxE8FOVQnny45Emugbd0kRbBkrwry+GbQaITE=","B00000043519",,"OK",16,"SJER_002_016",2.0,0.1,45,"N",,,,,,,,,,,,,,,,"0000-0002-0287-3871","0000-0002-2320-6648",,
"05eeafdb-e1ec-4e53-a70d-db9c9e9a18a0","SJER_002.basePlot.cfc","D17","SJER","SJER_002","distributed","grasslandHerbaceous","WGS84",37.082813,-119.743324,20.1,349.3,0.10,"NEON.DOC.001024vF","2019-04-04T20:37Z","2019-03-29",,"31_400","Woody individual","clippers","2kN0Z0OxE8HCA8hquz9rEPqWBNpqv+o1nt3tdzB8/qs=",,"OK","2kN0Z0OxE8HCA8hquz9rEPqWBNpqv+o1jY120GSuAHIVLenNuSXktw==","B00000043518",,"OK",,,,,,,"Y","04150","NEON.PLA.D17.SJER.04150","QUWI2","Quercus wislizeni A. DC.","OK",,,,1.1,,,,,,"0000-0002-0287-3871","0000-0002-2320-6648",,
