uid,namedLocation,domainID,siteID,plotID,plotType,sampleID,sampleCode,cnSampleID,cnSampleCode,collectDate,analysisDate,co2Trapped,d15N,d13C,nitrogenPercent,carbonPercent,CNratio,cnIsotopeQF,cnPercentQF,isotopeAccuracyQF,percentAccuracyQF,analyticalRepNumber,remarks,laboratoryName,testMethod,instrument,analyzedBy,reviewedBy,dataQF
"ccf698ae-04fb-41b6-9fb9-c779edfa0aab","SJER_048.basePlot.cfc","D17","SJER","SJER_048","tower","2kN0Z0OxE8FbunuCHxxhdmtFX92gO6GPKn7GRNB0PbM=",,"2kN0Z0OxE8FbunuCHxxhdmtFX92gO6GPr0Xy7KNnMTg=","A00000062585","2019-04-01T16:37Z","2019-05-29","N",-1.3,-26.3,1.74,47.93,27.6,"OK","OK","OK","OK",1,,"University of Wyoming Stable Isotope Facility","010 EA-IRMS organic d15n, d13c, C% & N%","Costech 4010 Elemental Analyzer with Costech Zero Blank Autosampler plus Thermo Finnigan Delta Plus XP with Finnigan Conflo III Interface","rHBrhUbTwVSLtfc5tc9S18/eJGkjVJIj","L/6ZjMlRllRQ+sQbi+7sFw==","dryingProtocolError"
"c4c8901b-f1cf-464c-a7e1-d0f3c0bae2cd","SJER_048.basePlot.cfc","D17","SJER","SJER_048","tower","2kN0Z0OxE8EAWNsz9V0k7ht/rPnqpg87YBYVo0QVsXY=",,"2kN0Z0OxE8EAWNsz9V0k7ht/rPnqpg87g9SeeJKUys0=","A00000062581","2019-04-01T21:01Z","2019-05-29","N",-0.6,-28.5,2.26,50.00,22.1,"OK","OK","OK","OK",1,,"University of Wyoming Stable Isotope Facility","010 EA-IRMS organic d15n, d13c, C% & N%","Costech 4010 Elemental Analyzer with Costech Zero Blank Autosampler plus Thermo Finnigan Delta Plus XP with Finnigan Conflo III Interface","rHBrhUbTwVSLtfc5tc9S18/eJGkjVJIj","L/6ZjMlRllRQ+sQbi+7sFw==","dryingProtocolError"
"7c16fd70-ac4f-4fcf-836c-f7abc4295ec6","SJER_048.basePlot.cfc","D17","SJER","SJER_048","tower","2kN0Z0OxE8FvZ+ZPocAGur2L3+lkxllVx54ToApkGcY=",,"2kN0Z0OxE8FvZ+ZPocAGur2L3+lkxllV5czlFvDa+vw=","A00000062580","2019-04-03T07:21Z","2019-05-29","N",1.7,-29.9,2.44,42.85,17.6,"OK","OK","OK","OK",1,,"University of Wyoming Stable Isotope Facility","010 EA-IRMS organic d15n, d13c, C% & N%","Costech 4010 Elemental Analyzer with Costech Zero Blank Autosampler plus Thermo Finnigan Delta Plus XP with Finnigan Conflo III Interface","rHBrhUbTwVSLtfc5tc9S18/eJGkjVJIj","L/6ZjMlRllRQ+sQbi+7sFw==","dryingProtocolError"
"5ba3d4d9-a61e-40e7-ab67-9127fef0fe9e","SJER_048.basePlot.cfc","D17","SJER","SJER_048","tower","2kN0Z0OxE8FvZ+ZPocAGur2L3+lkxllVx54ToApkGcY=",,"2kN0Z0OxE8FvZ+ZPocAGur2L3+lkxllV5czlFvDa+vw=","A00000062580","2019-04-03T07:21Z","2019-05-29","N",1.4,-29.9,2.49,42.43,17.1,"OK","OK","OK","OK",2,,"University of Wyoming Stable Isotope Facility","010 EA-IRMS organic d15n, d13c, C% & N%","Costech 4010 Elemental Analyzer with Costech Zero Blank Autosampler plus Thermo Finnigan Delta Plus XP with Finnigan Conflo III Interface","rHBrhUbTwVSLtfc5tc9S18/eJGkjVJIj","L/6ZjMlRllRQ+sQbi+7sFw==","dryingProtocolError"
"f7ff263d-c9a1-4ece-964f-1d6cbc920acf","SJER_009.basePlot.cfc","D17","SJER","SJER_009","distributed","2kN0Z0OxE8GTUdNsBIzfR/KftHYeEm/X9B+ZS+y2X+8=",,"2kN0Z0OxE8GTUdNsBIzfR/KftHYeEm/X5Oc2BFjJ3E4=","A00000062553","2019-04-03T14:56Z","2019-05-29","N",-0.8,-30.1,1.23,39.44,32.2,"OK","OK","OK","OK",1,,"University of Wyoming Stable Isotope Facility","010 EA-IRMS organic d15n, d13c, C% & N%","Costech 4010 Elemental Analyzer with Costech Zero Blank Autosampler plus Thermo Finnigan Delta Plus XP with Finnigan Conflo III Interface","rHBrhUbTwVSLtfc5tc9S18/eJGkjVJIj","L/6ZjMlRllRQ+sQbi+7sFw==","dryingProtocolError"
"fccce12c-34e1-4909-aea8-cd38a1abaed5","SJER_045.basePlot.cfc","D17","SJER","SJER_045","tower","2kN0Z0OxE8Ght+vqSNjLJrxI0Xu/o1jOisirSliQcWM=",,"2kN0Z0OxE8Ght+vqSNjLJrxI0Xu/o1jOgUstheesDG8=","A00000062591","2019-04-03T16:37Z","2019-05-29","N",-1.2,-30.2,1.89,42.74,22.6,"OK","OK","OK","OK",1,,"University of Wyoming Stable Isotope Facility","010 EA-IRMS organic d15n, d13c, C% & N%","Costech 4010 Elemental Analyzer with Costech Zero Blank Autosampler plus Thermo Finnigan Delta Plus XP with Finnigan Conflo III Interface","rHBrhUbTwVSLtfc5tc9S18/eJGkjVJIj","L/6ZjMlRllRQ+sQbi+7sFw==","dryingProtocolError"
"277c6302-3994-43ef-a439-f22b742d5a88","SJER_015.basePlot.cfc","D17","SJER","SJER_015","distributed","2kN0Z0OxE8FjCRHv1/2ezDQlvpjDBOcPOL2MJlZpkVI=",,"2kN0Z0OxE8FjCRHv1/2ezDQlvpjDBOcPMFDzLt+inAg=","A00000062558","2019-04-03T16:58Z","2019-05-29","N",-0.5,-25.3,3.98,48.20,12.1,"OK","OK","OK","OK",1,,"University of Wyoming Stable Isotope Facility","010 EA-IRMS organic d15n, d13c, C% & N%","Costech 4010 Elemental Analyzer with Costech Zero Blank Autosampler plus Thermo Finnigan Delta Plus XP with Finnigan Conflo III Interface","rHBrhUbTwVSLtfc5tc9S18/eJGkjVJIj","L/6ZjMlRllRQ+sQbi+7sFw==","dryingProtocolError"
"945b01a5-e2f5-4f96-88a5-13bd90cc1e2c","SJER_015.basePlot.cfc","D17","SJER","SJER_015","distributed","2kN0Z0OxE8FjCRHv1/2ezDQlvpjDBOcPOL2MJlZpkVI=",,"2kN0Z0OxE8FjCRHv1/2ezDQlvpjDBOcPMFDzLt+inAg=","A00000062558","2019-04-03T16:58Z","2019-05-29","N",-0.5,-25.3,3.95,48.22,12.2,"OK","OK","OK","OK",2,,"University of Wyoming Stable Isotope Facility","010 EA-IRMS organic d15n, d13c, C% & N%","Costech 4010 Elemental Analyzer with Costech Zero Blank Autosampler plus Thermo Finnigan Delta Plus XP with Finnigan Conflo III Interface","rHBrhUbTwVSLtfc5tc9S18/eJGkjVJIj","L/6ZjMlRllRQ+sQbi+7sFw==","dryingProtocolError"
"4cbb88cf-946a-408a-89bb-d756da0a9350","SJER_009.basePlot.cfc","D17","SJER","SJER_009","distributed","2kN0Z0OxE8HnCvFue5ndWX7TBrxc1u8M6GB2cNtVo4Y=",,"2kN0Z0OxE8HnCvFue5ndWX7TBrxc1u8MIYWdFckq9Xw=","A00000062556","2019-04-03T17:02Z","2019-05-29","N",-1.1,-27.3,1.98,52.83,26.6,"OK","OK","OK","OK",1,,"University of Wyoming Stable Isotope Facility","010 EA-IRMS organic d15n, d13c, C% & N%","Costech 4010 Elemental Analyzer with Costech Zero Blank Autosampler plus Thermo Finnigan Delta Plus XP with Finnigan Conflo III Interface","rHBrhUbTwVSLtfc5tc9S18/eJGkjVJIj","L/6ZjMlRllRQ+sQbi+7sFw==","dryingProtocolError"
"9b5bda0d-38d0-44af-9915-2eb039b8466a","SJER_046.basePlot.cfc","D17","SJER","SJER_046","tower","2kN0Z0OxE8FrgGadQFQgj0H6RFOj0PpEjxT4aQRBohM=",,"2kN0Z0OxE8FrgGadQFQgj0H6RFOj0PpE7Cx1jnXwnqg=","A00000062568","2019-04-03T17:26Z","2019-05-29","N",-3.7,-31.2,2.07,41.65,20.2,"OK","OK","OK","OK",1,,"University of Wyoming Stable Isotope Facility","010 EA-IRMS organic d15n, d13c, C% & N%","Costech 4010 Elemental Analyzer with Costech Zero Blank Autosampler plus Thermo Finnigan Delta Plus XP with Finnigan Conflo III Interface","rHBrhUbTwVSLtfc5tc9S18/eJGkjVJIj","L/6ZjMlRllRQ+sQbi+7sFw==","dryingProtocolError"
"39fd5dec-d78b-416b-9bf0-c1482fa0e0b6","SJER_015.basePlot.cfc","D17","SJER","SJER_015","distributed","2kN0Z0OxE8FERIW0ws+1VoXneT8WCPD0k9Co2qSprNI=",,"2kN0Z0OxE8FERIW0ws+1VoXneT8WCPD0uH3PRDt8SzA=","A00000062541","2019-04-03T17:43Z","2019-05-29","N",-2.2,-30.3,2.10,44.14,21.1,"OK","OK","OK","OK",1,,"University of Wyoming Stable Isotope Facility","010 EA-IRMS organic d15n, d13c, C% & N%","Costech 4010 Elemental Analyzer with Costech Zero Blank Autosampler plus Thermo Finnigan Delta Plus XP with Finnigan Conflo III Interface","rHBrhUbTwVSLtfc5tc9S18/eJGkjVJIj","L/6ZjMlRllRQ+sQbi+7sFw==","dryingProtocolError"
"56300800-6702-4ab4-9ac4-9cc487f82b04","SJER_048.basePlot.cfc","D17","SJER","SJER_048","tower","2kN0Z0OxE8FvZ+ZPocAGunJU345aG/BSrqVeiLmDVdI=",,"2kN0Z0OxE8FvZ+ZPocAGunJU345aG/BSnPtwFv9QJn8=","A00000062589","2019-04-03T18:38Z","2019-05-29","N",-0.6,-29.7,1.70,42.47,25.0,"OK","OK","OK","OK",1,,"University of Wyoming Stable Isotope Facility","010 EA-IRMS organic d15n, d13c, C% & N%","Costech 4010 Elemental Analyzer with Costech Zero Blank Autosampler plus Thermo Finnigan Delta Plus XP with Finnigan Conflo III Interface","rHBrhUbTwVSLtfc5tc9S18/eJGkjVJIj","L/6ZjMlRllRQ+sQbi+7sFw==","dryingProtocolError"
"edb0b8d9-0ede-44ee-9b87-2d10d6bbc68f","SJER_003.basePlot.cfc","D17","SJER","SJER_003","distributed","2kN0Z0OxE8HNtIFY2nGNuGZQ6oVVFjfT99HfKTqyNM8=",,"2kN0Z0OxE8HNtIFY2nGNuGZQ6oVVFjfThWrnYsgsw/A=","A00000062572","2019-04-03T20:47Z","2019-05-30","N",-0.8,-25.2,4.45,47.60,10.7,"OK","OK","OK","OK",1,,"University of Wyoming Stable Isotope Facility","010 EA-IRMS organic d15n, d13c, C% & N%","Costech 4010 Elemental Analyzer with Costech Zero Blank Autosampler plus Thermo Finnigan Delta Plus XP with Finnigan Conflo III Interface","rHBrhUbTwVSLtfc5tc9S18/eJGkjVJIj","L/6ZjMlRllRQ+sQbi+7sFw==","dryingProtocolError"
"38ef8fdc-3131-4633-961c-825a04dd6d81","SJER_026.basePlot.cfc","D17","SJER","SJER_026","distributed","2kN0Z0OxE8F96tPbOqtRuwF5wRXFyecz8JPbBVdLqk8=",,"2kN0Z0OxE8F96tPbOqtRuwF5wRXFyecz9dZQAO4Ec14=","A00000062559","2019-04-04T16:10Z","2019-05-29","N",-1.9,-30.8,1.90,42.35,22.3,"OK","OK","OK","OK",1,,"University of Wyoming Stable Isotope Facility","010 EA-IRMS organic d15n, d13c, C% & N%","Costech 4010 Elemental Analyzer with Costech Zero Blank Autosampler plus Thermo Finnigan Delta Plus XP with Finnigan Conflo III Interface","rHBrhUbTwVSLtfc5tc9S18/eJGkjVJIj","L/6ZjMlRllRQ+sQbi+7sFw==","dryingProtocolError"
"ec724a34-bebd-417c-9721-3bc407f99485","SJER_026.basePlot.cfc","D17","SJER","SJER_026","distributed","2kN0Z0OxE8GyduLCKugxGNFIU3+a/qPoMrhTZoS3228=",,"2kN0Z0OxE8GyduLCKugxGNFIU3+a/qPojuQWzwKiYRc=","A00000062537","2019-04-04T16:11Z","2019-05-29","N",-2.2,-28.1,1.68,50.06,29.9,"OK","OK","OK","OK",1,,"University of Wyoming Stable Isotope Facility","010 EA-IRMS organic d15n, d13c, C% & N%","Costech 4010 Elemental Analyzer with Costech Zero Blank Autosampler plus Thermo Finnigan Delta Plus XP with Finnigan Conflo III Interface","rHBrhUbTwVSLtfc5tc9S18/eJGkjVJIj","L/6ZjMlRllRQ+sQbi+7sFw==","dryingProtocolError"
"5a7d3436-2b75-42d0-8bbe-3747e6743dc4","SJER_008.basePlot.cfc","D17","SJER","SJER_008","distributed","2kN0Z0OxE8GjYELjXDBJboeoXCj1L+HRzFVRlGfQB+Y=",,"2kN0Z0OxE8GjYELjXDBJboeoXCj1L+HRy8nwkipKJrc=","A00000062579","2019-04-04T17:33Z","2019-05-30","N",-2.9,-27.0,1.35,51.29,38.0,"OK","OK","OK","OK",1,,"University of Wyoming Stable Isotope Facility","010 EA-IRMS organic d15n, d13c, C% & N%","Costech 4010 Elemental Analyzer with Costech Zero Blank Autosampler plus Thermo Finnigan Delta Plus XP with Finnigan Conflo III Interface","rHBrhUbTwVSLtfc5tc9S18/eJGkjVJIj","L/6ZjMlRllRQ+sQbi+7sFw==","dryingProtocolError"
"2102fc1c-c721-4fd4-9e7f-7860a80bcf85","SJER_008.basePlot.cfc","D17","SJER","SJER_008","distributed","2kN0Z0OxE8GjYELjXDBJboeoXCj1L+HRzFVRlGfQB+Y=",,"2kN0Z0OxE8GjYELjXDBJboeoXCj1L+HRy8nwkipKJrc=","A00000062579","2019-04-04T17:33Z","2019-05-30","N",-3.0,-27.0,1.34,51.26,38.2,"OK","OK","OK","OK",2,,"University of Wyoming Stable Isotope Facility","010 EA-IRMS organic d15n, d13c, C% & N%","Costech 4010 Elemental Analyzer with Costech Zero Blank Autosampler plus Thermo Finnigan Delta Plus XP with Finnigan Conflo III Interface","rHBrhUbTwVSLtfc5tc9S18/eJGkjVJIj","L/6ZjMlRllRQ+sQbi+7sFw==","dryingProtocolError"
"54a32758-a045-4994-aa1f-8197ca09e713","SJER_008.basePlot.cfc","D17","SJER","SJER_008","distributed","2kN0Z0OxE8F8MADKxc+rjmuSdY4D/cqSVLV20xmvIZE=",,"2kN0Z0OxE8F8MADKxc+rjmuSdY4D/cqSJmMScwpivfo=","A00000062543","2019-04-04T18:03Z","2019-05-30","N",-3.4,-26.4,1.88,48.31,25.7,"OK","OK","OK","OK",1,,"University of Wyoming Stable Isotope Facility","010 EA-IRMS organic d15n, d13c, C% & N%","Costech 4010 Elemental Analyzer with Costech Zero Blank Autosampler plus Thermo Finnigan Delta Plus XP with Finnigan Conflo III Interface","rHBrhUbTwVSLtfc5tc9S18/eJGkjVJIj","L/6ZjMlRllRQ+sQbi+7sFw==","dryingProtocolError"
"94c94f0a-b8bf-4b37-bf3f-efecd372dfc5","SJER_008.basePlot.cfc","D17","SJER","SJER_008","distributed","2kN0Z0OxE8EP2R18FeHmGS9RWTusOpGi5/mzitZyqOk=",,"2kN0Z0OxE8EP2R18FeHmGS9RWTusOpGiH7sert/+UDo=","A00000062545","2019-04-04T18:29Z","2019-05-29","N",-1.5,-30.7,2.23,46.99,21.1,"OK","OK","OK","OK",1,,"University of Wyoming Stable Isotope Facility","010 EA-IRMS organic d15n, d13c, C% & N%","Costech 4010 Elemental Analyzer with Costech Zero Blank Autosampler plus Thermo Finnigan Delta Plus XP with Finnigan Conflo III Interface","rHBrhUbTwVSLtfc5tc9S18/eJGkjVJIj","L/6ZjMlRllRQ+sQbi+7sFw==","dryingProtocolError"
"90e73b08-dfdb-4b24-8c5c-101ff3268dc1","SJER_002.basePlot.cfc","D17","SJER","SJER_002","distributed","2kN0Z0OxE8FOVQnny45Emugbd0kRbBkrGx4RXO3ZXl0=",,"2kN0Z0OxE8FOVQnny45Emugbd0kRbBkrxo9zga4YNDc=","A00000062547","2019-04-04T20:34Z","2019-05-30","N",-1.0,-29.8,2.29,44.08,19.2,"OK","OK","OK","OK",1,,"University of Wyoming Stable Isotope Facility","010 EA-IRMS organic d15n, d13c, C% & N%","Costech 4010 Elemental Analyzer with Costech Zero Blank Autosampler plus Thermo Finnigan Delta Plus XP with Finnigan Conflo III Interface","rHBrhUbTwVSLtfc5tc9S18/eJGkjVJIj","L/6ZjMlRllRQ+sQbi+7sFw==","dryingProtocolError"
"01071a12-0436-4d17-8eda-ec7aa1d1b0cf","SJER_002.basePlot.cfc","D17","SJER","SJER_002","distributed","2kN0Z0OxE8HCA8hquz9rEPqWBNpqv+o1nt3tdzB8/qs=",,"2kN0Z0OxE8HCA8hquz9rEPqWBNpqv+o1JcIn6t/AXpA=","A00000062570","2019-04-04T20:37Z","2019-05-30","N",-1.5,-27.3,1.82,48.38,26.6,"OK","OK","OK","OK",1,,"University of Wyoming Stable Isotope Facility","010 EA-IRMS organic d15n, d13c, C% & N%","Costech 4010 Elemental Analyzer with Costech Zero Blank Autosampler plus Thermo Finnigan Delta Plus XP with Finnigan Conflo III Interface","rHBrhUbTwVSLtfc5tc9S18/eJGkjVJIj","L/6ZjMlRllRQ+sQbi+7sFw==","dryingProtocolError"
