uid,namedLocation,domainID,siteID,plotID,plotType,sampleID,sampleCode,ligninSampleID,ligninSampleBarcode,collectDate,analysisDate,analyticalRepNumber,dryMass,ligninPercent,cellulosePercent,measurementQF,accuracyQF,remarks,laboratoryName,testMethod,analyzedBy,reviewedBy,dataQF
"4cc443ab-66b2-4e9f-a76f-6e1d2ca29c87","SJER_048.basePlot.cfc","D17","SJER","SJER_048","tower","2kN0Z0OxE8FbunuCHxxhdmtFX92gO6GPKn7GRNB0PbM=",,"2kN0Z0OxE8FbunuCHxxhdmtFX92gO6GPi2d8Ci/JliZNBkkzKsGhmQ==","A00000062586","2019-04-01T16:37Z","2020-01-30",1,0.482,3.29,11.09,"OK","OK",,"A and L Great Lakes","SOP APF-10-024","5CCjZV/fgtQ=","6AyUQh3hBk8=",
"6004bdfc-b25b-4df7-b27b-a95b3e048e24","SJER_048.basePlot.cfc","D17","SJER","SJER_048","tower","2kN0Z0OxE8EAWNsz9V0k7ht/rPnqpg87YBYVo0QVsXY=",,"2kN0Z0OxE8EAWNsz9V0k7ht/rPnqpg87Vspug8ySgKsdKJKl0q7xxA==","A00000062583","2019-04-01T21:01Z","2020-01-30",1,0.482,5.60,6.44,"OK","OK",,"A and L Great Lakes","SOP APF-10-024","5CCjZV/fgtQ=","6AyUQh3hBk8=",
"54b5a3a5-e4af-4281-a03b-e743998485ee","SJER_048.basePlot.cfc","D17","SJER","SJER_048","tower","2kN0Z0OxE8FvZ+ZPocAGur2L3+lkxllVx54ToApkGcY=",,"2kN0Z0OxE8FvZ+ZPocAGur2L3+lkxllVof/odOoP/9M=","A00000062548","2019-04-03T07:21Z","2020-01-30",1,0.459,3.59,25.26,"OK","OK",,"A and L Great Lakes","SOP APF-10-024","5CCjZV/fgtQ=","6AyUQh3hBk8=",
"786046d2-b37c-41d4-9fcd-04d42d198b0a","SJER_009.basePlot.cfc","D17","SJER","SJER_009","distributed","2kN0Z0OxE8GTUdNsBIzfR/KftHYeEm/X9B+ZS+y2X+8=",,"2kN0Z0OxE8GTUdNsBIzfR/KftHYeEm/XojqHjXY5CcI=","A00000062555","2019-04-03T14:56Z","2020-01-30",1,0.461,5.18,22.15,"OK","OK",,"A and L Great Lakes","SOP APF-10-024","5CCjZV/fgtQ=","6AyUQh3hBk8=",
"3b2f8383-ccd6-4700-bd78-92c556fe13b2","SJER_045.basePlot.cfc","D17","SJER","SJER_045","tower","2kN0Z0OxE8Ght+vqSNjLJrxI0Xu/o1jOisirSliQcWM=",,"2kN0Z0OxE8Ght+vqSNjLJrxI0Xu/o1jOCDu5pgVdW8k=","A00000062592","2019-04-03T16:37Z","2020-01-30",1,0.467,2.20,25.32,"OK","OK",,"A and L Great Lakes","SOP APF-10-024","5CCjZV/fgtQ=","6AyUQh3hBk8=",
"0d34fc7a-d6e8-4296-aadd-ca454772eb88","SJER_015.basePlot.cfc","D17","SJER","SJER_015","distributed","2kN0Z0OxE8FjCRHv1/2ezDQlvpjDBOcPOL2MJlZpkVI=",,"2kN0Z0OxE8FjCRHv1/2ezDQlvpjDBOcPWxU54GFyy6Y=","A00000062552","2019-04-03T16:58Z","2020-01-30",1,0.493,4.98,10.09,"OK","OK",,"A and L Great Lakes","SOP APF-10-024","5CCjZV/fgtQ=","6AyUQh3hBk8=",
"4f2c01b9-99bf-455f-8f8b-6d5cc938b5fa","SJER_009.basePlot.cfc","D17","SJER","SJER_009","distributed","2kN0Z0OxE8HnCvFue5ndWX7TBrxc1u8M6GB2cNtVo4Y=",,"2kN0Z0OxE8HnCvFue5ndWX7TBrxc1u8MjtURgey11pb2APbJV1k+ew==","A00000062550","2019-04-03T17:02Z","2020-01-30",1,0.471,14.88,16.23,"OK","OK",,"A and L Great Lakes","SOP APF-10-024","5CCjZV/fgtQ=","6AyUQh3hBk8=",
"35f54906-3909-4a3c-a47f-4b6bbe72444a","SJER_046.basePlot.cfc","D17","SJER","SJER_046","tower","2kN0Z0OxE8FrgGadQFQgj0H6RFOj0PpEjxT4aQRBohM=",,"2kN0Z0OxE8FrgGadQFQgj0H6RFOj0PpEg5WB16S4VuI=","A00000062593","2019-04-03T17:26Z","2020-01-30",1,0.460,4.47,21.03,"OK","OK",,"A and L Great Lakes","SOP APF-10-024","5CCjZV/fgtQ=","6AyUQh3hBk8=",
"fceebd21-ad20-4a1e-a143-9fe7730d7927","SJER_015.basePlot.cfc","D17","SJER","SJER_015","distributed","2kN0Z0OxE8FERIW0ws+1VoXneT8WCPD0k9Co2qSprNI=",,"2kN0Z0OxE8FERIW0ws+1VoXneT8WCPD0HqH/tiFuHlQ=","A00000062538","2019-04-03T17:43Z","2020-01-30",1,0.456,2.21,27.74,"OK","OK",,"A and L Great Lakes","SOP APF-10-024","5CCjZV/fgtQ=","6AyUQh3hBk8=",
"69948f2e-093f-41ec-9fcd-1873a5f9b960","SJER_048.basePlot.cfc","D17","SJER","SJER_048","tower","2kN0Z0OxE8FvZ+ZPocAGunJU345aG/BSrqVeiLmDVdI=",,"2kN0Z0OxE8FvZ+ZPocAGunJU345aG/BSk/5h6FGqUsQ=","A00000062588","2019-04-03T18:38Z","2020-01-30",1,0.461,8.86,30.36,"OK","OK",,"A and L Great Lakes","SOP APF-10-024","5CCjZV/fgtQ=","6AyUQh3hBk8=",
"f4307a9b-3dfb-41ca-8ee4-160151ece01e","SJER_003.basePlot.cfc","D17","SJER","SJER_003","distributed","2kN0Z0OxE8HNtIFY2nGNuGZQ6oVVFjfT99HfKTqyNM8=",,"2kN0Z0OxE8HNtIFY2nGNuGZQ6oVVFjfTxAVvGm6opzy/YBVz4Q5M4A==","A00000062573","2019-04-03T20:47Z","2020-01-30",1,0.463,5.79,5.11,"OK","OK",,"A and L Great Lakes","SOP APF-10-024","5CCjZV/fgtQ=","6AyUQh3hBk8=",
"524b026c-9bb2-4455-831b-c484a274b909","SJER_026.basePlot.cfc","D17","SJER","SJER_026","distributed","2kN0Z0OxE8F96tPbOqtRuwF5wRXFyecz8JPbBVdLqk8=",,"2kN0Z0OxE8F96tPbOqtRuwF5wRXFyeczesJ9I+fZX3I=","A00000062564","2019-04-04T16:10Z","2020-01-30",1,0.455,0.64,19.25,"OK","OK",,"A and L Great Lakes","SOP APF-10-024","5CCjZV/fgtQ=","6AyUQh3hBk8=",
"bd8b7130-f67b-47e5-8127-6d58b2ae6747","SJER_026.basePlot.cfc","D17","SJER","SJER_026","distributed","2kN0Z0OxE8GyduLCKugxGNFIU3+a/qPoMrhTZoS3228=",,"2kN0Z0OxE8GyduLCKugxGNFIU3+a/qPoaJn9BoZaPP8=","A00000062557","2019-04-04T16:11Z","2020-01-30",1,0.464,2.77,8.63,"OK","OK",,"A and L Great Lakes","SOP APF-10-024","5CCjZV/fgtQ=","6AyUQh3hBk8=",
"aa047c9d-b812-4a3f-b76b-2887ec00d01c","SJER_008.basePlot.cfc","D17","SJER","SJER_008","distributed","2kN0Z0OxE8GjYELjXDBJboeoXCj1L+HRzFVRlGfQB+Y=",,"2kN0Z0OxE8GjYELjXDBJboeoXCj1L+HRVdecs6+pPglTq1tPBgRu5Q==","A00000062577","2019-04-04T17:33Z","2020-01-30",1,0.471,13.80,14.03,"OK","OK",,"A and L Great Lakes","SOP APF-10-024","5CCjZV/fgtQ=","6AyUQh3hBk8=",
"d59f675c-8ec8-449d-81bc-61d26485d723","SJER_008.basePlot.cfc","D17","SJER","SJER_008","distributed","2kN0Z0OxE8F8MADKxc+rjmuSdY4D/cqSVLV20xmvIZE=",,"2kN0Z0OxE8F8MADKxc+rjmuSdY4D/cqSknUyCi6rxe3cDf+LQoWIIw==","A00000062563","2019-04-04T18:03Z","2020-01-30",1,0.466,7.28,15.46,"OK","OK",,"A and L Great Lakes","SOP APF-10-024","5CCjZV/fgtQ=","6AyUQh3hBk8=",
"842258a5-1d21-43f3-bbb7-90dcc1bb3903","SJER_008.basePlot.cfc","D17","SJER","SJER_008","distributed","2kN0Z0OxE8EP2R18FeHmGS9RWTusOpGi5/mzitZyqOk=",,"2kN0Z0OxE8EP2R18FeHmGS9RWTusOpGi6vdHelMZaR4=","A00000062544","2019-04-04T18:29Z","2020-01-30",1,0.481,8.85,14.43,"OK","OK",,"A and L Great Lakes","SOP APF-10-024","5CCjZV/fgtQ=","6AyUQh3hBk8=",
"ba642de9-078f-4900-8d92-e5bd31d0a04b","SJER_002.basePlot.cfc","D17","SJER","SJER_002","distributed","2kN0Z0OxE8FOVQnny45Emugbd0kRbBkrGx4RXO3ZXl0=",,"2kN0Z0OxE8FOVQnny45Emugbd0kRbBkrF81E5+2uhjk=","A00000062542","2019-04-04T20:34Z","2020-01-30",1,0.492,3.05,26.72,"OK","OK",,"A and L Great Lakes","SOP APF-10-024","5CCjZV/fgtQ=","6AyUQh3hBk8=",
"a34a65fa-750d-4c8d-8900-05134855fb5a","SJER_002.basePlot.cfc","D17","SJER","SJER_002","distributed","2kN0Z0OxE8HCA8hquz9rEPqWBNpqv+o1nt3tdzB8/qs=",,"2kN0Z0OxE8HCA8hquz9rEPqWBNpqv+o1UURk7vz/fslLE8CppgPFvg==","A00000062566","2019-04-04T20:37Z","2020-01-30",1,0.465,7.32,18.79,"OK","OK",,"A and L Great Lakes","SOP APF-10-024","5CCjZV/fgtQ=","6AyUQh3hBk8=",
