uid,namedLocation,domainID,siteID,plotID,plotType,sampleID,sampleCode,ligninSampleID,ligninSampleBarcode,collectDate,analysisDate,analyticalRepNumber,dryMass,digestVolume,foliarPhosphorusConc,foliarPotassiumConc,foliarCalciumConc,foliarMagnesiumConc,foliarSulfurConc,foliarManganeseConc,foliarIronConc,foliarCopperConc,foliarBoronConc,foliarZincConc,foliarPhosphorusQF,foliarPotassiumQF,foliarCalciumQF,foliarMagnesiumQF,foliarSulfurQF,foliarManganeseQF,foliarIronQF,foliarCopperQF,foliarBoronQF,foliarZincQF,remarks,laboratoryName,testMethod,analyzedBy,reviewedBy,dataQF
"6d939676-4e39-434c-969a-00764b7a2003","SJER_048.basePlot.cfc","D17","SJER","SJER_048","tower","2kN0Z0OxE8FbunuCHxxhdmtFX92gO6GPKn7GRNB0PbM=",,"2kN0Z0OxE8FbunuCHxxhdmtFX92gO6GPi2d8Ci/JliZNBkkzKsGhmQ==","A00000062586","2019-04-01T16:37Z","2020-01-21",1,0.202,25,0.204,0.988,0.397,0.273,0.121,84.4,47.4,5.1,10.2,28.5,"OK","OK","OK","OK","OK","OK","OK","OK","OK","OK",,"A and L Great Lakes","SOP APF-10-020","PG+Xl6bagiQ=","0SbE4/OAjEQ=",
"a556d506-c7a9-474f-a229-c844f887d432","SJER_048.basePlot.cfc","D17","SJER","SJER_048","tower","2kN0Z0OxE8EAWNsz9V0k7ht/rPnqpg87YBYVo0QVsXY=",,"2kN0Z0OxE8EAWNsz9V0k7ht/rPnqpg87Vspug8ySgKsdKJKl0q7xxA==","A00000062583","2019-04-01T21:01Z","2020-01-21",1,0.201,25,0.199,0.924,1.157,0.196,0.129,60.6,53.0,4.0,27.4,29.9,"OK","OK","OK","OK","OK","OK","OK","OK","OK","OK",,"A and L Great Lakes","SOP APF-10-020","PG+Xl6bagiQ=","0SbE4/OAjEQ=",
"7f9c9a6c-02d3-4659-afeb-aa595b926bef","SJER_048.basePlot.cfc","D17","SJER","SJER_048","tower","2kN0Z0OxE8FvZ+ZPocAGur2L3+lkxllVx54ToApkGcY=",,"2kN0Z0OxE8FvZ+ZPocAGur2L3+lkxllVof/odOoP/9M=","A00000062548","2019-04-03T07:21Z","2020-01-21",1,0.196,25,0.437,3.717,0.903,0.193,0.183,76.3,433.1,8.2,14.9,43.6,"OK","OK","OK","OK","OK","OK","sample value outlier - soil contamination","OK","OK","OK",,"A and L Great Lakes","SOP APF-10-020","PG+Xl6bagiQ=","0SbE4/OAjEQ=",
"16498107-0659-42fa-9764-42d935336193","SJER_009.basePlot.cfc","D17","SJER","SJER_009","distributed","2kN0Z0OxE8GTUdNsBIzfR/KftHYeEm/X9B+ZS+y2X+8=",,"2kN0Z0OxE8GTUdNsBIzfR/KftHYeEm/XojqHjXY5CcI=","A00000062555","2019-04-03T14:56Z","2020-01-21",1,0.201,25,0.287,1.468,1.079,0.250,0.127,168.8,2322.0,6.0,11.3,36.8,"OK","OK","OK","OK","OK","OK","sample value outlier - soil contamination","OK","OK","OK",,"A and L Great Lakes","SOP APF-10-020","PG+Xl6bagiQ=","0SbE4/OAjEQ=",
"0c3fdda5-3d31-4602-a347-7a90ec5fe647","SJER_045.basePlot.cfc","D17","SJER","SJER_045","tower","2kN0Z0OxE8Ght+vqSNjLJrxI0Xu/o1jOisirSliQcWM=",,"2kN0Z0OxE8Ght+vqSNjLJrxI0Xu/o1jOCDu5pgVdW8k=","A00000062592","2019-04-03T16:37Z","2020-01-21",1,0.205,25,0.362,2.186,1.037,0.161,0.131,116.6,721.5,4.9,9.9,27.7,"OK","OK","OK","OK","OK","OK","sample value outlier - soil contamination","OK","OK","OK",,"A and L Great Lakes","SOP APF-10-020","PG+Xl6bagiQ=","0SbE4/OAjEQ=",
"409e0312-2a10-49c7-a2d5-c9fdcb24e6ca","SJER_015.basePlot.cfc","D17","SJER","SJER_015","distributed","2kN0Z0OxE8FjCRHv1/2ezDQlvpjDBOcPOL2MJlZpkVI=",,"2kN0Z0OxE8FjCRHv1/2ezDQlvpjDBOcPWxU54GFyy6Y=","A00000062552","2019-04-03T16:58Z","2020-01-21",1,0.205,25,0.528,1.540,0.377,0.193,0.240,137.1,72.9,10.0,10.1,51.3,"sample value outlier","OK","OK","OK","OK","OK","OK","OK","OK","OK",,"A and L Great Lakes","SOP APF-10-020","PG+Xl6bagiQ=","0SbE4/OAjEQ=",
"9de6f977-e796-49c3-b9b6-1ec25d15baa4","SJER_009.basePlot.cfc","D17","SJER","SJER_009","distributed","2kN0Z0OxE8HnCvFue5ndWX7TBrxc1u8M6GB2cNtVo4Y=",,"2kN0Z0OxE8HnCvFue5ndWX7TBrxc1u8MjtURgey11pb2APbJV1k+ew==","A00000062550","2019-04-03T17:02Z","2020-01-21",1,0.199,25,0.110,0.357,0.381,0.230,0.119,83.6,74.7,2.3,4.6,54.9,"OK","OK","OK","OK","OK","OK","OK","OK","OK","OK",,"A and L Great Lakes","SOP APF-10-020","PG+Xl6bagiQ=","0SbE4/OAjEQ=",
"b420c24e-9af9-488f-a44c-5c8772fa368a","SJER_046.basePlot.cfc","D17","SJER","SJER_046","tower","2kN0Z0OxE8FrgGadQFQgj0H6RFOj0PpEjxT4aQRBohM=",,"2kN0Z0OxE8FrgGadQFQgj0H6RFOj0PpEg5WB16S4VuI=","A00000062593","2019-04-03T17:26Z","2020-01-21",1,0.196,25,0.658,2.905,2.352,0.198,0.160,82.2,886.8,6.5,15.4,31.2,"sample value outlier","OK","OK","OK","OK","OK","sample value outlier - soil contamination","OK","OK","OK",,"A and L Great Lakes","SOP APF-10-020","PG+Xl6bagiQ=","0SbE4/OAjEQ=",
"3a36f2db-3acc-4f57-9166-c3eff777698f","SJER_015.basePlot.cfc","D17","SJER","SJER_015","distributed","2kN0Z0OxE8FERIW0ws+1VoXneT8WCPD0k9Co2qSprNI=",,"2kN0Z0OxE8FERIW0ws+1VoXneT8WCPD0HqH/tiFuHlQ=","A00000062538","2019-04-03T17:43Z","2020-01-21",1,0.194,25,0.438,3.172,0.365,0.114,0.162,55.5,45.7,6.7,3.6,20.9,"OK","OK","OK","OK","OK","OK","OK","OK","OK","OK",,"A and L Great Lakes","SOP APF-10-020","PG+Xl6bagiQ=","0SbE4/OAjEQ=",
"87c602fb-dba6-4b42-970e-01d779024739","SJER_048.basePlot.cfc","D17","SJER","SJER_048","tower","2kN0Z0OxE8FvZ+ZPocAGunJU345aG/BSrqVeiLmDVdI=",,"2kN0Z0OxE8FvZ+ZPocAGunJU345aG/BSk/5h6FGqUsQ=","A00000062588","2019-04-03T18:38Z","2020-01-21",1,0.201,25,0.465,2.974,1.172,0.143,0.140,87.6,139.9,8.8,21.8,38.9,"OK","OK","OK","OK","OK","OK","OK","OK","OK","OK",,"A and L Great Lakes","SOP APF-10-020","PG+Xl6bagiQ=","0SbE4/OAjEQ=",
"0c66dc76-9716-4e24-9895-7eb4c1006457","SJER_003.basePlot.cfc","D17","SJER","SJER_003","distributed","2kN0Z0OxE8HNtIFY2nGNuGZQ6oVVFjfT99HfKTqyNM8=",,"2kN0Z0OxE8HNtIFY2nGNuGZQ6oVVFjfTxAVvGm6opzy/YBVz4Q5M4A==","A00000062573","2019-04-03T20:47Z","2020-01-21",1,0.202,25,0.573,1.411,0.676,0.223,0.266,222.2,91.2,15.1,12.9,37.9,"sample value outlier","OK","OK","OK","OK","OK","OK","OK","OK","OK",,"A and L Great Lakes","SOP APF-10-020","PG+Xl6bagiQ=","0SbE4/OAjEQ=",
"279aadda-0d93-45db-b3f0-6122e0eaa7d6","SJER_026.basePlot.cfc","D17","SJER","SJER_026","distributed","2kN0Z0OxE8F96tPbOqtRuwF5wRXFyecz8JPbBVdLqk8=",,"2kN0Z0OxE8F96tPbOqtRuwF5wRXFyeczesJ9I+fZX3I=","A00000062564","2019-04-04T16:10Z","2020-01-21",1,0.200,25,0.435,4.225,0.757,0.354,0.155,193.3,398.9,6.9,23.0,49.6,"OK","sample value outlier","OK","OK","OK","OK","sample value outlier - soil contamination","OK","OK","OK",,"A and L Great Lakes","SOP APF-10-020","PG+Xl6bagiQ=","0SbE4/OAjEQ=",
"fda55f9c-fcf3-479a-bf95-426a099fd80d","SJER_026.basePlot.cfc","D17","SJER","SJER_026","distributed","2kN0Z0OxE8GyduLCKugxGNFIU3+a/qPoMrhTZoS3228=",,"2kN0Z0OxE8GyduLCKugxGNFIU3+a/qPoaJn9BoZaPP8=","A00000062557","2019-04-04T16:11Z","2020-01-21",1,0.197,25,0.164,0.862,1.060,0.138,0.094,80.8,41.5,3.2,14.1,16.3,"OK","OK","OK","OK","OK","OK","OK","OK","OK","OK",,"A and L Great Lakes","SOP APF-10-020","PG+Xl6bagiQ=","0SbE4/OAjEQ=",
"efe4338f-6bf5-4650-bebc-8744f1bdd6a2","SJER_008.basePlot.cfc","D17","SJER","SJER_008","distributed","2kN0Z0OxE8GjYELjXDBJboeoXCj1L+HRzFVRlGfQB+Y=",,"2kN0Z0OxE8GjYELjXDBJboeoXCj1L+HRVdecs6+pPglTq1tPBgRu5Q==","A00000062577","2019-04-04T17:33Z","2020-01-21",1,0.196,25,0.132,0.357,0.199,0.145,0.096,97.3,57.5,2.6,7.5,26.5,"OK","OK","OK","OK","OK","OK","OK","OK","OK","OK",,"A and L Great Lakes","SOP APF-10-020","PG+Xl6bagiQ=","0SbE4/OAjEQ=",
"fddcafb6-c019-4ef6-995d-a5ee135f9f7a","SJER_008.basePlot.cfc","D17","SJER","SJER_008","distributed","2kN0Z0OxE8F8MADKxc+rjmuSdY4D/cqSVLV20xmvIZE=",,"2kN0Z0OxE8F8MADKxc+rjmuSdY4D/cqSknUyCi6rxe3cDf+LQoWIIw==","A00000062563","2019-04-04T18:03Z","2020-01-21",1,0.199,25,0.199,0.910,0.520,0.274,0.118,180.3,40.6,5.6,13.1,28.4,"OK","OK","OK","OK","OK","OK","OK","OK","OK","OK",,"A and L Great Lakes","SOP APF-10-020","PG+Xl6bagiQ=","0SbE4/OAjEQ=",
"4e44fb7c-2669-4cdd-9076-d76f8445d1a3","SJER_008.basePlot.cfc","D17","SJER","SJER_008","distributed","2kN0Z0OxE8EP2R18FeHmGS9RWTusOpGi5/mzitZyqOk=",,"2kN0Z0OxE8EP2R18FeHmGS9RWTusOpGi6vdHelMZaR4=","A00000062544","2019-04-04T18:29Z","2020-01-21",1,0.201,25,0.175,1.010,1.856,0.153,0.142,34.3,78.5,2.1,17.5,14.1,"OK","OK","OK","OK","OK","OK","OK","OK","OK","OK",,"A and L Great Lakes","SOP APF-10-020","PG+Xl6bagiQ=","0SbE4/OAjEQ=",
"e0a64143-03c1-4953-821d-335c585949a2","SJER_002.basePlot.cfc","D17","SJER","SJER_002","distributed","2kN0Z0OxE8FOVQnny45Emugbd0kRbBkrGx4RXO3ZXl0=",,"2kN0Z0OxE8FOVQnny45Emugbd0kRbBkrF81E5+2uhjk=","A00000062542","2019-04-04T20:34Z","2020-01-21",1,0.201,25,0.357,2.795,0.437,0.122,0.156,59.4,320.5,2.9,5.1,21.3,"OK","OK","OK","OK","OK","OK","OK","OK","OK","OK",,"A and L Great Lakes","SOP APF-10-020","PG+Xl6bagiQ=","0SbE4/OAjEQ=",
"88416806-8733-4535-8f34-3f326821244a","SJER_002.basePlot.cfc","D17","SJER","SJER_002","distributed","2kN0Z0OxE8HCA8hquz9rEPqWBNpqv+o1nt3tdzB8/qs=",,"2kN0Z0OxE8HCA8hquz9rEPqWBNpqv+o1UURk7vz/fslLE8CppgPFvg==","A00000062566","2019-04-04T20:37Z","2020-01-21",1,0.195,25,0.129,0.711,0.365,0.187,0.120,127.4,46.9,2.6,7.3,23.0,"OK","OK","OK","OK","OK","OK","OK","OK","OK","OK",,"A and L Great Lakes","SOP APF-10-020","PG+Xl6bagiQ=","0SbE4/OAjEQ=",
