uid,namedLocation,domainID,siteID,plotID,plotType,sampleID,sampleCode,collectDate,ovenStartDate,ovenEndDate,sampleCondition,cnSampleID,cnSampleCode,ligninSampleID,ligninSampleBarcode,archiveSampleID,archiveSampleCode,archiveMass,toxicodendronPossible,processedBy,remarks,dataQF
"0f0d56e7-3885-4227-88e7-3e7e42716f14","SJER_048.basePlot.cfc","D17","SJER","SJER_048","tower","2kN0Z0OxE8FbunuCHxxhdmtFX92gO6GPKn7GRNB0PbM=",,"2019-04-01T16:37Z","2019-04-05T03:00Z","2019-04-09T23:15Z","OK","2kN0Z0OxE8FbunuCHxxhdmtFX92gO6GPr0Xy7KNnMTg=","A00000062585","2kN0Z0OxE8FbunuCHxxhdmtFX92gO6GPi2d8Ci/JliZNBkkzKsGhmQ==","A00000062586","2kN0Z0OxE8FbunuCHxxhdmtFX92gO6GP+kSJQcD4ayg=","A00000062584",,,"0000-0001-5314-0662",,
"fbf3de76-cc32-48a5-be47-14d771a42501","SJER_048.basePlot.cfc","D17","SJER","SJER_048","tower","2kN0Z0OxE8EAWNsz9V0k7ht/rPnqpg87YBYVo0QVsXY=",,"2019-04-01T21:01Z","2019-04-05T03:00Z","2019-04-09T23:15Z","OK","2kN0Z0OxE8EAWNsz9V0k7ht/rPnqpg87g9SeeJKUys0=","A00000062581","2kN0Z0OxE8EAWNsz9V0k7ht/rPnqpg87Vspug8ySgKsdKJKl0q7xxA==","A00000062583","2kN0Z0OxE8EAWNsz9V0k7ht/rPnqpg87btVZFnrQTnQ=","A00000062582",,,"0000-0001-5314-0662",,
"5a8c3b76-1790-4616-9a93-db7c65d4c04c","SJER_048.basePlot.cfc","D17","SJER","SJER_048","tower","2kN0Z0OxE8FvZ+ZPocAGur2L3+lkxllVx54ToApkGcY=",,"2019-04-03T07:21Z","2019-04-05T03:00Z","2019-04-09T23:15Z","OK","2kN0Z0OxE8FvZ+ZPocAGur2L3+lkxllV5czlFvDa+vw=","A00000062580","2kN0Z0OxE8FvZ+ZPocAGur2L3+lkxllVof/odOoP/9M=","A00000062548","2kN0Z0OxE8FvZ+ZPocAGur2L3+lkxllVMrGzaYQkRsA=","A00000062562",,"N","0000-0001-5314-0662",,
"a8827081-bb4d-4660-bd98-c1057b521dd0","SJER_009.basePlot.cfc","D17","SJER","SJER_009","distributed","2kN0Z0OxE8GTUdNsBIzfR/KftHYeEm/X9B+ZS+y2X+8=",,"2019-04-03T14:56Z","2019-04-05T03:00Z","2019-04-09T23:15Z","OK","2kN0Z0OxE8GTUdNsBIzfR/KftHYeEm/X5Oc2BFjJ3E4=","A00000062553","2kN0Z0OxE8GTUdNsBIzfR/KftHYeEm/XojqHjXY5CcI=","A00000062555","2kN0Z0OxE8GTUdNsBIzfR/KftHYeEm/Xc7Z8Bmh/QGQ=","A00000062549",,"N","0000-0001-5314-0662",,
"f97e6a2f-70ed-49cc-a3b3-12ace5f91baf","SJER_045.basePlot.cfc","D17","SJER","SJER_045","tower","2kN0Z0OxE8Ght+vqSNjLJrxI0Xu/o1jOisirSliQcWM=",,"2019-04-03T16:37Z","2019-04-05T03:00Z","2019-04-09T23:15Z","OK","2kN0Z0OxE8Ght+vqSNjLJrxI0Xu/o1jOgUstheesDG8=","A00000062591","2kN0Z0OxE8Ght+vqSNjLJrxI0Xu/o1jOCDu5pgVdW8k=","A00000062592","2kN0Z0OxE8Ght+vqSNjLJrxI0Xu/o1jOKBHPoCWD3NM=","A00000062590",,"N","0000-0002-9129-5419",,
"d30b7e03-f7d6-41d2-9ff2-00e92efdd27c","SJER_015.basePlot.cfc","D17","SJER","SJER_015","distributed","2kN0Z0OxE8FjCRHv1/2ezDQlvpjDBOcPOL2MJlZpkVI=",,"2019-04-03T16:58Z","2019-04-05T03:00Z","2019-04-09T23:15Z","OK","2kN0Z0OxE8FjCRHv1/2ezDQlvpjDBOcPMFDzLt+inAg=","A00000062558","2kN0Z0OxE8FjCRHv1/2ezDQlvpjDBOcPWxU54GFyy6Y=","A00000062552","2kN0Z0OxE8FjCRHv1/2ezDQlvpjDBOcP+fW9qKy0b60=","A00000062554",,,"0000-0001-5314-0662",,
"7bb3bbaf-0a43-4fd4-a15a-36bbc7f7c753","SJER_009.basePlot.cfc","D17","SJER","SJER_009","distributed","2kN0Z0OxE8HnCvFue5ndWX7TBrxc1u8M6GB2cNtVo4Y=",,"2019-04-03T17:02Z","2019-04-04T21:00Z","2019-04-09T23:15Z","OK","2kN0Z0OxE8HnCvFue5ndWX7TBrxc1u8MIYWdFckq9Xw=","A00000062556","2kN0Z0OxE8HnCvFue5ndWX7TBrxc1u8MjtURgey11pb2APbJV1k+ew==","A00000062550","2kN0Z0OxE8HnCvFue5ndWX7TBrxc1u8Ml06CCoErmoY=","A00000062551",,,"0000-0001-5314-0662",,
"77acfc26-613d-4e32-817b-e28ee7761bfe","SJER_046.basePlot.cfc","D17","SJER","SJER_046","tower","2kN0Z0OxE8FrgGadQFQgj0H6RFOj0PpEjxT4aQRBohM=",,"2019-04-03T17:26Z","2019-04-05T03:00Z","2019-04-09T11:15Z","OK","2kN0Z0OxE8FrgGadQFQgj0H6RFOj0PpE7Cx1jnXwnqg=","A00000062568","2kN0Z0OxE8FrgGadQFQgj0H6RFOj0PpEg5WB16S4VuI=","A00000062593","2kN0Z0OxE8FrgGadQFQgj0H6RFOj0PpEEnNXT+0oWes=","A00000062594",,"N","0000-0002-9129-5419",,
"d179c4dd-7c0e-432e-b620-5c9de204030c","SJER_015.basePlot.cfc","D17","SJER","SJER_015","distributed","2kN0Z0OxE8FERIW0ws+1VoXneT8WCPD0k9Co2qSprNI=",,"2019-04-03T17:43Z","2019-04-05T03:00Z","2019-04-09T23:15Z","OK","2kN0Z0OxE8FERIW0ws+1VoXneT8WCPD0uH3PRDt8SzA=","A00000062541","2kN0Z0OxE8FERIW0ws+1VoXneT8WCPD0HqH/tiFuHlQ=","A00000062538","2kN0Z0OxE8FERIW0ws+1VoXneT8WCPD0ZRy/p6WFakE=","A00000062540",,"N","0000-0001-5314-0662",,
"e4ed304f-3346-4ed6-8eb0-cf149fae6057","SJER_048.basePlot.cfc","D17","SJER","SJER_048","tower","2kN0Z0OxE8FvZ+ZPocAGunJU345aG/BSrqVeiLmDVdI=",,"2019-04-03T18:38Z","2019-04-05T03:00Z","2019-04-09T23:15Z","OK","2kN0Z0OxE8FvZ+ZPocAGunJU345aG/BSnPtwFv9QJn8=","A00000062589","2kN0Z0OxE8FvZ+ZPocAGunJU345aG/BSk/5h6FGqUsQ=","A00000062588","2kN0Z0OxE8FvZ+ZPocAGunJU345aG/BSL7a7Kgq+HlI=","A00000062587",,"N","0000-0001-5314-0662",,
"8b5cb2ea-be23-4342-acb2-534f0b7b37c7","SJER_003.basePlot.cfc","D17","SJER","SJER_003","distributed","2kN0Z0OxE8HNtIFY2nGNuGZQ6oVVFjfT99HfKTqyNM8=",,"2019-04-03T20:47Z","2019-04-04T21:00Z","2019-04-09T19:00Z","OK","2kN0Z0OxE8HNtIFY2nGNuGZQ6oVVFjfThWrnYsgsw/A=","A00000062572","2kN0Z0OxE8HNtIFY2nGNuGZQ6oVVFjfTxAVvGm6opzy/YBVz4Q5M4A==","A00000062573","2kN0Z0OxE8HNtIFY2nGNuGZQ6oVVFjfTNdkpvuNy+Xo=","A00000062574",,,"0000-0002-9129-5419",,
"58ccf758-0e92-4a9a-aaf1-edbfc417f634","SJER_026.basePlot.cfc","D17","SJER","SJER_026","distributed","2kN0Z0OxE8F96tPbOqtRuwF5wRXFyecz8JPbBVdLqk8=",,"2019-04-04T16:10Z","2019-04-04T22:40Z","2019-04-09T21:46Z","OK","2kN0Z0OxE8F96tPbOqtRuwF5wRXFyecz9dZQAO4Ec14=","A00000062559","2kN0Z0OxE8F96tPbOqtRuwF5wRXFyeczesJ9I+fZX3I=","A00000062564","2kN0Z0OxE8F96tPbOqtRuwF5wRXFyeczqmvbuMYzJM8=","A00000062565",,"N","0000-0002-9129-5419",,
"e7c5778d-2a7a-4104-9269-839d21e436d7","SJER_026.basePlot.cfc","D17","SJER","SJER_026","distributed","2kN0Z0OxE8GyduLCKugxGNFIU3+a/qPoMrhTZoS3228=",,"2019-04-04T16:11Z","2019-04-04T22:40Z","2019-04-09T18:06Z","OK","2kN0Z0OxE8GyduLCKugxGNFIU3+a/qPojuQWzwKiYRc=","A00000062537","2kN0Z0OxE8GyduLCKugxGNFIU3+a/qPoaJn9BoZaPP8=","A00000062557","2kN0Z0OxE8GyduLCKugxGNFIU3+a/qPoCIwa8I0PPr4=","A00000062539",,,"0000-0002-9129-5419",,
"c29836e6-6b31-49a7-bd9b-bfd7f2f6e23a","SJER_008.basePlot.cfc","D17","SJER","SJER_008","distributed","2kN0Z0OxE8GjYELjXDBJboeoXCj1L+HRzFVRlGfQB+Y=",,"2019-04-04T17:33Z","2019-04-04T22:40Z","2019-04-09T20:45Z","OK","2kN0Z0OxE8GjYELjXDBJboeoXCj1L+HRy8nwkipKJrc=","A00000062579","2kN0Z0OxE8GjYELjXDBJboeoXCj1L+HRVdecs6+pPglTq1tPBgRu5Q==","A00000062577","2kN0Z0OxE8GjYELjXDBJboeoXCj1L+HRxaj0llaJ5Xg=","A00000062578",,,"0000-0002-9129-5419",,
"70b146dd-881e-45a1-b157-bdd16e5ff80a","SJER_008.basePlot.cfc","D17","SJER","SJER_008","distributed","2kN0Z0OxE8F8MADKxc+rjmuSdY4D/cqSVLV20xmvIZE=",,"2019-04-04T18:03Z","2019-04-04T22:40Z","2019-04-09T21:45Z","OK","2kN0Z0OxE8F8MADKxc+rjmuSdY4D/cqSJmMScwpivfo=","A00000062543","2kN0Z0OxE8F8MADKxc+rjmuSdY4D/cqSknUyCi6rxe3cDf+LQoWIIw==","A00000062563","2kN0Z0OxE8F8MADKxc+rjmuSdY4D/cqSUQseEOTIC5E=","A00000062561",,,"0000-0002-9129-5419",,
"a2f37f18-efa4-4b5f-8665-e1dc83c9951a","SJER_008.basePlot.cfc","D17","SJER","SJER_008","distributed","2kN0Z0OxE8EP2R18FeHmGS9RWTusOpGi5/mzitZyqOk=",,"2019-04-04T18:29Z","2019-04-04T22:40Z","2019-04-09T21:45Z","OK","2kN0Z0OxE8EP2R18FeHmGS9RWTusOpGiH7sert/+UDo=","A00000062545","2kN0Z0OxE8EP2R18FeHmGS9RWTusOpGi6vdHelMZaR4=","A00000062544","2kN0Z0OxE8EP2R18FeHmGS9RWTusOpGi2fM5rA2TCHs=","A00000062546",,,"0000-0002-9129-5419",,
"b9c69151-c09b-4bf7-a102-236498dc15ad","SJER_002.basePlot.cfc","D17","SJER","SJER_002","distributed","2kN0Z0OxE8FOVQnny45Emugbd0kRbBkrGx4RXO3ZXl0=",,"2019-04-04T20:34Z","2019-04-04T22:40Z","2019-04-09T21:30Z","OK","2kN0Z0OxE8FOVQnny45Emugbd0kRbBkrxo9zga4YNDc=","A00000062547","2kN0Z0OxE8FOVQnny45Emugbd0kRbBkrF81E5+2uhjk=","A00000062542","2kN0Z0OxE8FOVQnny45Emugbd0kRbBkrOXUj8cpbebs=","A00000062560",,"N","0000-0002-9129-5419",,
"554d28f6-005b-466e-ae3a-ff83e59e55c2","SJER_002.basePlot.cfc","D17","SJER","SJER_002","distributed","2kN0Z0OxE8HCA8hquz9rEPqWBNpqv+o1nt3tdzB8/qs=",,"2019-04-04T20:37Z","2019-04-04T22:40Z","2019-04-09T20:15Z","OK","2kN0Z0OxE8HCA8hquz9rEPqWBNpqv+o1JcIn6t/AXpA=","A00000062570","2kN0Z0OxE8HCA8hquz9rEPqWBNpqv+o1UURk7vz/fslLE8CppgPFvg==","A00000062566","2kN0Z0OxE8HCA8hquz9rEPqWBNpqv+o1fkZB5CIJA/I=","A00000062571",,,"0000-0002-9129-5419",,
