uid,namedLocation,domainID,siteID,plotType,sampleID,sampleCode,collectDate,lmaSampleID,lmaSampleCode,lmaSampleCondition,tissueDescriptor,scanDate,scannedBy,freshMass,ovenStartDate,ovenEndDate,dryMass,weighedBy,scannedLeafNumber,leafArea,percentGreen,leafMassPerArea,dryMassFraction,measuredBy,remarks,dataQF
"71a7defb-bfdf-4e80-bd84-b3ed4b82fb2a","SJER_048.basePlot.cfc","D17","SJER","tower","2kN0Z0OxE8FbunuCHxxhdmtFX92gO6GPKn7GRNB0PbM=",,"2019-04-01T16:37Z","2kN0Z0OxE8FbunuCHxxhdmtFX92gO6GPwUR/L9j2pI1JBlUi5GQJdQ==",,"OK",,"2019-04-03T18:08Z","0000-0003-0607-4441",1.671,"2019-04-03T18:35Z","2019-04-15T20:22Z",0.650,"0000-0003-2386-8235",21,6834.7,100,95.1,0.389,"0000-0003-0607-4441",,
"ce11a1ba-583c-47f0-a38a-f073141c55a0","SJER_048.basePlot.cfc","D17","SJER","tower","2kN0Z0OxE8EAWNsz9V0k7ht/rPnqpg87YBYVo0QVsXY=",,"2019-04-01T21:01Z","2kN0Z0OxE8EAWNsz9V0k7ht/rPnqpg8732JuVuAXMFbt4S7bXydVcw==",,"OK",,"2019-04-03T18:00Z","0000-0003-0607-4441",2.102,"2019-04-03T18:35Z","2019-04-15T20:18Z",1.020,"0000-0003-2386-8235",28,8400.2,100,121.4,0.485,"0000-0003-0607-4441",,
"8a8ef26b-bbff-47e0-a3e5-5d7a74c9598a","SJER_048.basePlot.cfc","D17","SJER","tower","2kN0Z0OxE8FvZ+ZPocAGur2L3+lkxllVx54ToApkGcY=",,"2019-04-03T07:21Z","2kN0Z0OxE8FvZ+ZPocAGur2L3+lkxllVIj7aINmWHyI=",,"OK",,"2019-04-04T18:36Z","0000-0002-9408-2523",2.017,"2019-04-04T18:45Z","2019-04-15T20:17Z",0.200,"0000-0003-2386-8235",21,5425.5,100,36.9,0.099,"0000-0003-0607-4441",,
"28fbfcf1-a830-4469-93db-6e0d5d0e9f89","SJER_009.basePlot.cfc","D17","SJER","distributed","2kN0Z0OxE8GTUdNsBIzfR/KftHYeEm/X9B+ZS+y2X+8=",,"2019-04-03T14:56Z","2kN0Z0OxE8GTUdNsBIzfR/KftHYeEm/XDgdHjUVc2mI=",,"OK",,"2019-04-04T21:00Z","0000-0002-9408-2523",1.051,"2019-04-04T21:08Z","2019-04-15T20:42Z",0.180,"0000-0003-2386-8235",36,3305.7,100,54.5,0.171,"0000-0003-1062-1081",,
"07df8ba7-b290-477a-9ae5-f3de0fc287ed","SJER_045.basePlot.cfc","D17","SJER","tower","2kN0Z0OxE8Ght+vqSNjLJrxI0Xu/o1jOisirSliQcWM=",,"2019-04-03T16:37Z","2kN0Z0OxE8Ght+vqSNjLJrxI0Xu/o1jOr1xZryBT3nU=",,"OK",,"2019-04-04T22:45Z","0000-0003-0607-4441",1.181,"2019-04-04T22:50Z","2019-04-15T20:23Z",0.230,"0000-0003-2386-8235",34,5637.5,100,40.8,0.195,"0000-0003-1062-1081",,
"129101ca-6020-4c11-b6df-b9ec9e6fa6f1","SJER_015.basePlot.cfc","D17","SJER","distributed","2kN0Z0OxE8FjCRHv1/2ezDQlvpjDBOcPOL2MJlZpkVI=",,"2019-04-03T16:58Z","2kN0Z0OxE8FjCRHv1/2ezDQlvpjDBOcPeJMZEjn7Vx0=",,"OK",,"2019-04-04T21:18Z","0000-0002-9408-2523",2.293,"2019-04-04T21:30Z","2019-04-15T20:13Z",0.750,"0000-0003-2386-8235",14,11844.6,100,63.3,0.327,"0000-0003-1062-1081",,
"d8330d70-31db-40cc-bb09-032158979949","SJER_009.basePlot.cfc","D17","SJER","distributed","2kN0Z0OxE8HnCvFue5ndWX7TBrxc1u8M6GB2cNtVo4Y=",,"2019-04-03T17:02Z","2kN0Z0OxE8HnCvFue5ndWX7TBrxc1u8MLHc90Z7ewcSsK6ONNK31QQ==",,"OK",,"2019-04-04T21:40Z","0000-0002-9408-2523",3.302,"2019-04-04T21:45Z","2019-04-15T20:44Z",1.580,"0000-0003-2386-8235",15,4056.3,100,389.5,0.478,"0000-0003-1062-1081",,
"c3a45665-19df-4075-b7b5-e9834f684823","SJER_046.basePlot.cfc","D17","SJER","tower","2kN0Z0OxE8FrgGadQFQgj0H6RFOj0PpEjxT4aQRBohM=",,"2019-04-03T17:26Z","2kN0Z0OxE8FrgGadQFQgj0H6RFOj0PpE4qS/Ls4k7Oc=",,"OK",,"2019-04-04T22:00Z","0000-0002-9408-2523",0.729,"2019-04-04T22:15Z","2019-04-15T20:52Z",0.170,"0000-0003-2386-8235",29,4966.1,100,34.2,0.233,"0000-0003-1062-1081",,
"1870e967-1b58-4eeb-a2bb-1bb128717f37","SJER_015.basePlot.cfc","D17","SJER","distributed","2kN0Z0OxE8FERIW0ws+1VoXneT8WCPD0k9Co2qSprNI=",,"2019-04-03T17:43Z","2kN0Z0OxE8FERIW0ws+1VoXneT8WCPD0ICxvXqbao/4=",,"OK",,"2019-04-04T17:57Z","0000-0002-9408-2523",1.752,"2019-04-04T18:00Z","2019-04-15T20:10Z",0.230,"0000-0003-2386-8235",15,7051.8,100,32.6,0.131,"0000-0003-1062-1081",,
"5333feec-c049-4e2a-8e0b-c4fc72271540","SJER_048.basePlot.cfc","D17","SJER","tower","2kN0Z0OxE8FvZ+ZPocAGunJU345aG/BSrqVeiLmDVdI=",,"2019-04-03T18:38Z","2kN0Z0OxE8FvZ+ZPocAGunJU345aG/BS0rpTc3NmDn8=",,"OK",,"2019-04-04T19:10Z","0000-0002-9408-2523",2.051,"2019-04-04T07:12Z","2019-04-15T20:15Z",0.230,"0000-0003-2386-8235",29,5315.7,100,43.3,0.112,"0000-0003-0607-4441",,
"7fbd8a6e-531d-41c2-a08c-847be36d4887","SJER_003.basePlot.cfc","D17","SJER","distributed","2kN0Z0OxE8HNtIFY2nGNuGZQ6oVVFjfT99HfKTqyNM8=",,"2019-04-03T20:47Z","2kN0Z0OxE8HNtIFY2nGNuGZQ6oVVFjfTTa1LyMfEoo9f2ZOib2yw/Q==",,"OK",,"2019-04-04T19:50Z","0000-0003-0607-4441",1.024,"2019-04-04T20:00Z","2019-04-15T20:07Z",0.480,"0000-0003-2386-8235",16,7462.5,100,64.3,0.469,"0000-0003-0607-4441",,
"3645aa55-1982-414b-aadd-fb2dc400d022","SJER_026.basePlot.cfc","D17","SJER","distributed","2kN0Z0OxE8F96tPbOqtRuwF5wRXFyecz8JPbBVdLqk8=",,"2019-04-04T16:10Z","2kN0Z0OxE8F96tPbOqtRuwF5wRXFyeczvsd4WA7patc=",,"OK",,"2019-04-08T22:28Z","0000-0003-0607-4441",1.200,"2019-04-08T22:34Z","2019-04-15T20:50Z",0.240,"0000-0003-2386-8235",31,5428.4,100,44.2,0.200,"0000-0003-1062-1081",,
"e18a5e85-8e6e-44a5-a142-5067d1569005","SJER_026.basePlot.cfc","D17","SJER","distributed","2kN0Z0OxE8GyduLCKugxGNFIU3+a/qPoMrhTZoS3228=",,"2019-04-04T16:11Z","2kN0Z0OxE8GyduLCKugxGNFIU3+a/qPo6ae+n356O3U=",,"OK",,"2019-04-08T20:25Z","0000-0003-0607-4441",2.492,"2019-04-08T20:30Z","2019-04-15T20:24Z",1.070,"0000-0003-2386-8235",25,6310.3,100,169.6,0.429,"0000-0003-1062-1081",,
"24906595-fb74-4d38-8cb8-17011035cc58","SJER_008.basePlot.cfc","D17","SJER","distributed","2kN0Z0OxE8GjYELjXDBJboeoXCj1L+HRzFVRlGfQB+Y=",,"2019-04-04T17:33Z","2kN0Z0OxE8GjYELjXDBJboeoXCj1L+HRx8uYrBDqfk2RS1xNbiI7Eg==",,"OK",,"2019-04-08T20:47Z","0000-0003-1062-1081",1.581,"2019-04-08T21:01Z","2019-04-15T20:03Z",0.950,"0000-0003-2386-8235",16,3297.0,100,288.1,0.601,"0000-0003-1062-1081",,
"d4309120-8e73-4cc4-b938-3659425137f4","SJER_008.basePlot.cfc","D17","SJER","distributed","2kN0Z0OxE8F8MADKxc+rjmuSdY4D/cqSVLV20xmvIZE=",,"2019-04-04T18:03Z","2kN0Z0OxE8F8MADKxc+rjmuSdY4D/cqSTdpb8cF3VSnZJr/v+5URZw==",,"OK",,"2019-04-08T20:00Z","0000-0003-0607-4441",1.644,"2019-04-08T20:00Z","2019-04-15T20:53Z",0.800,"0000-0003-2386-8235",18,8058.4,100,99.3,0.487,"0000-0003-1062-1081",,
"48e6a446-69bf-4da1-aab4-cd6d8f0a58a6","SJER_008.basePlot.cfc","D17","SJER","distributed","2kN0Z0OxE8EP2R18FeHmGS9RWTusOpGi5/mzitZyqOk=",,"2019-04-04T18:29Z","2kN0Z0OxE8EP2R18FeHmGS9RWTusOpGiCK+XGQwLU3s=",,"OK",,"2019-04-08T21:14Z","0000-0003-0607-4441",1.501,"2019-04-08T21:33Z","2019-04-15T20:46Z",0.720,"0000-0003-2386-8235",18,7534.5,100,95.6,0.480,"0000-0003-1062-1081",,
"35a71366-1323-4500-a55e-f0359772e277","SJER_002.basePlot.cfc","D17","SJER","distributed","2kN0Z0OxE8FOVQnny45Emugbd0kRbBkrGx4RXO3ZXl0=",,"2019-04-04T20:34Z","2kN0Z0OxE8FOVQnny45Emugbd0kRbBkr/rZlM1ox8VQ=",,"OK",,"2019-04-08T22:04Z","0000-0003-0607-4441",0.521,"2019-04-08T22:06Z","2019-04-15T20:48Z",0.150,"0000-0003-2386-8235",12,3436.4,98,43.6,0.288,,,
"6f7d9fdf-6561-4e3a-8810-8765eebf6b78","SJER_002.basePlot.cfc","D17","SJER","distributed","2kN0Z0OxE8HCA8hquz9rEPqWBNpqv+o1nt3tdzB8/qs=",,"2019-04-04T20:37Z","2kN0Z0OxE8HCA8hquz9rEPqWBNpqv+o1dwhdr0qvvDog2hVNp0KBDQ==",,"OK",,"2019-04-08T21:43Z","0000-0003-0607-4441",2.547,"2019-04-08T21:47Z","2019-04-15T20:47Z",1.360,"0000-0003-2386-8235",15,9303.6,100,146.2,0.534,,,
