uid,namedLocation,domainID,siteID,plotID,nrcsDescriptionID,collectDate,horizonID,horizonName,biogeoIDnrcs,biogeoSampleType,biogeoTopDepth,biogeoBottomDepth,biogeoCenterDepth,particleSizeDistProcessedDate,particleSizeDistMethodPub,particleSizeDistMethod,coarseFrag2To5,coarseFrag5To20,sandTotal,siltTotal,clayTotal,carbonateClay,clayFineContent,siltFineContent,siltCoarseContent,sandVeryFineContent,sandFineContent,sandMediumContent,sandCoarseContent,sandVeryCoarseContent,laboratoryName,dataQF
"04229eae-69c1-4b15-8e6a-fd73860288ea","HARV_031.basePlot.all","D01","HARV","HARV_031","S2017MA027031","2017-06-14","17N03415","2C","S2017MA027031-6","bulk",77.0,104.0,90.5,"2017-10-26","Kellogg Soil Survey Laboratory Methods Manual, Soil Survey Investigations Report No. 42 Version 5.0, Issued 2014","Routine Particle Size Distribution (3A1a1a)",139.7,398.4,96.2,3.4,0.4,,,1.0,2.4,4.8,19.6,33.1,28.4,10.3,"USDA NRCS Kellogg Soil Survey Laboratory",
"49f7fba2-3814-4869-b854-8f69293da5c6","HARV_031.basePlot.all","D01","HARV","HARV_031","S2017MA027031","2017-06-14","17N03411","A","S2017MA027031-2","bulk",4.0,11.0,7.5,"2017-10-17","Kellogg Soil Survey Laboratory Methods Manual, Soil Survey Investigations Report No. 42 Version 5.0, Issued 2014","Routine Particle Size Distribution (3A1a1a)",35.6,56.3,73.7,22.0,4.3,,,9.0,13.0,7.8,17.6,28.8,16.5,3.0,"USDA NRCS Kellogg Soil Survey Laboratory",
"43222623-87dd-4691-8b91-b5286c34bda5","HARV_031.basePlot.all","D01","HARV","HARV_031","S2017MA027031","2017-06-14","17N03414","2CB","S2017MA027031-5","bulk",54.0,77.0,65.5,"2017-10-26","Kellogg Soil Survey Laboratory Methods Manual, Soil Survey Investigations Report No. 42 Version 5.0, Issued 2014","Routine Particle Size Distribution (3A1a1a)",130.7,433.2,93.3,6.4,0.3,,,2.9,3.5,6.6,22.2,32.8,19.7,12.0,"USDA NRCS Kellogg Soil Survey Laboratory",
"8a2486aa-11e1-4cc1-a303-0adfe52b5c46","HARV_031.basePlot.all","D01","HARV","HARV_031","S2017MA027031","2017-06-14","17N03412","Ap","S2017MA027031-3","bulk",11.0,24.0,17.5,"2017-10-26","Kellogg Soil Survey Laboratory Methods Manual, Soil Survey Investigations Report No. 42 Version 5.0, Issued 2014","Routine Particle Size Distribution (3A1a1a)",62.1,105.8,72.1,23.4,4.5,,,10.1,13.3,8.3,16.8,25.6,15.4,6.0,"USDA NRCS Kellogg Soil Survey Laboratory",
"78bf7925-973c-4eab-8669-9891434c9f36","HARV_031.basePlot.all","D01","HARV","HARV_031","S2017MA027031","2017-06-14","17N03410","Oe","S2017MA027031-1","bulk",0.0,4.0,2.0,"2017-10-17","Kellogg Soil Survey Laboratory Methods Manual, Soil Survey Investigations Report No. 42 Version 5.0, Issued 2014","Routine Particle Size Distribution (3A1a1a)",16.5,22.0,70.6,23.6,5.8,,,10.7,12.9,10.7,15.1,29.5,13.8,1.5,"USDA NRCS Kellogg Soil Survey Laboratory",
"e869b05c-14c7-4b20-b388-c9e5d1a5732b","HARV_031.basePlot.all","D01","HARV","HARV_031","S2017MA027031","2017-06-14","17N03413","Bw","S2017MA027031-4","bulk",24.0,54.0,39.0,"2017-10-26","Kellogg Soil Survey Laboratory Methods Manual, Soil Survey Investigations Report No. 42 Version 5.0, Issued 2014","Routine Particle Size Distribution (3A1a1a)",39.7,44.9,70.1,25.7,4.2,,,11.6,14.1,8.5,15.9,26.1,15.4,4.2,"USDA NRCS Kellogg Soil Survey Laboratory",
"023f9d2a-0102-45f5-bbe3-10718fe7d6f1","HARV_058.basePlot.all","D01","HARV","HARV_058","S2017MA027058","2017-06-21","17N03420","2BC","S2017MA027058-5","bulk",66.0,89.0,77.5,"2017-10-26","Kellogg Soil Survey Laboratory Methods Manual, Soil Survey Investigations Report No. 42 Version 5.0, Issued 2014","Routine Particle Size Distribution (3A1a1a)",90.8,155.6,80.5,18.6,0.9,,,7.1,11.5,15.6,24.5,22.8,12.2,5.4,"USDA NRCS Kellogg Soil Survey Laboratory",
"6d19a86a-6100-4944-b18d-b017a858b109","HARV_058.basePlot.all","D01","HARV","HARV_058","S2017MA027058","2017-06-21","17N03417","A","S2017MA027058-2","bulk",5.0,12.0,8.5,"2017-10-17","Kellogg Soil Survey Laboratory Methods Manual, Soil Survey Investigations Report No. 42 Version 5.0, Issued 2014","Routine Particle Size Distribution (3A1a1a)",23.4,10.6,66.3,27.9,5.8,,,12.1,15.8,11.7,20.2,20.7,10.6,3.1,"USDA NRCS Kellogg Soil Survey Laboratory",
"49d34e0a-1d78-4ecd-86b4-c36332dc570e","HARV_058.basePlot.all","D01","HARV","HARV_058","S2017MA027058","2017-06-21","17N03418","Bw1","S2017MA027058-3","bulk",12.0,43.0,27.5,"2017-10-26","Kellogg Soil Survey Laboratory Methods Manual, Soil Survey Investigations Report No. 42 Version 5.0, Issued 2014","Routine Particle Size Distribution (3A1a1a)",91.8,172.2,70.7,26.5,2.8,,,10.7,15.8,12.6,19.2,19.7,13.5,5.7,"USDA NRCS Kellogg Soil Survey Laboratory",
"dec1176d-21fc-4bbb-b5ee-0cdfc3511397","HARV_058.basePlot.all","D01","HARV","HARV_058","S2017MA027058","2017-06-21","17N03421","2Cd","S2017MA027058-6","bulk",89.0,120.0,104.5,"2017-10-26","Kellogg Soil Survey Laboratory Methods Manual, Soil Survey Investigations Report No. 42 Version 5.0, Issued 2014","Routine Particle Size Distribution (3A1a1a)",68.9,130.8,82.2,17.2,0.6,,,6.8,10.4,15.5,26.8,22.1,12.7,5.1,"USDA NRCS Kellogg Soil Survey Laboratory",
"b9236ac6-8d42-4a5c-aaef-91d5991ec384","HARV_058.basePlot.all","D01","HARV","HARV_058","S2017MA027058","2017-06-21","17N03419","Bw2","S2017MA027058-4","bulk",43.0,66.0,54.5,"2017-10-26","Kellogg Soil Survey Laboratory Methods Manual, Soil Survey Investigations Report No. 42 Version 5.0, Issued 2014","Routine Particle Size Distribution (3A1a1a)",119.9,235.1,79.7,19.1,1.2,,,8.4,10.7,13.8,22.5,21.8,14.4,7.2,"USDA NRCS Kellogg Soil Survey Laboratory",
"9bdbef1a-5b99-4fdd-aa9a-8043839f78c1","HARV_058.basePlot.all","D01","HARV","HARV_058","S2017MA027058","2017-06-21","17N03416","Oe","S2017MA027058-1","bulk",0.0,5.0,2.5,,,,0.0,0.0,,,,,,,,,,,,,"USDA NRCS Kellogg Soil Survey Laboratory",
"bb9f6309-434d-4277-86c7-d4b4a308bb39","HARV_006.basePlot.all","D01","HARV","HARV_006","S2017MA027006","2017-06-27","17N03382","A","S2017MA027006-2","bulk",6.0,11.0,8.5,"2017-10-17","Kellogg Soil Survey Laboratory Methods Manual, Soil Survey Investigations Report No. 42 Version 5.0, Issued 2014","Routine Particle Size Distribution (3A1a1a)",13.5,14.8,58.7,35.0,6.3,,,15.3,19.7,17.7,21.7,14.9,3.9,0.5,"USDA NRCS Kellogg Soil Survey Laboratory",
"7db1df19-bfd0-4f22-ae0c-b6cf2b7c7166","HARV_006.basePlot.all","D01","HARV","HARV_006","S2017MA027006","2017-06-27","17N03386","2C","S2017MA027006-6","bulk",80.0,135.0,107.5,"2017-10-24","Kellogg Soil Survey Laboratory Methods Manual, Soil Survey Investigations Report No. 42 Version 5.0, Issued 2014","Routine Particle Size Distribution (3A1a1a)",94.6,138.1,83.5,16.2,0.3,,,5.8,10.4,15.5,25.9,23.1,14.7,4.3,"USDA NRCS Kellogg Soil Survey Laboratory",
"b0ff0224-f978-4805-851e-9ce69d4293c2","HARV_006.basePlot.all","D01","HARV","HARV_006","S2017MA027006","2017-06-27","17N03385","BC","S2017MA027006-5","bulk",53.0,80.0,66.5,"2017-10-24","Kellogg Soil Survey Laboratory Methods Manual, Soil Survey Investigations Report No. 42 Version 5.0, Issued 2014","Routine Particle Size Distribution (3A1a1a)",54.6,72.1,73.6,25.9,0.5,,,8.0,17.9,25.8,24.6,16.4,4.9,1.9,"USDA NRCS Kellogg Soil Survey Laboratory",
"6e88137c-4162-4794-abb9-9c0eb9c896da","HARV_006.basePlot.all","D01","HARV","HARV_006","S2017MA027006","2017-06-27","17N03383","Bw1","S2017MA027006-3","bulk",11.0,32.0,21.5,"2017-10-24","Kellogg Soil Survey Laboratory Methods Manual, Soil Survey Investigations Report No. 42 Version 5.0, Issued 2014","Routine Particle Size Distribution (3A1a1a)",19.5,19.5,61.5,33.1,5.4,,,14.0,19.1,16.7,21.0,15.7,6.3,1.8,"USDA NRCS Kellogg Soil Survey Laboratory",
"37412e6e-6042-46b6-8dfb-0912691931b9","HARV_006.basePlot.all","D01","HARV","HARV_006","S2017MA027006","2017-06-27","17N03384","Bw2","S2017MA027006-4","bulk",32.0,53.0,42.5,"2017-10-24","Kellogg Soil Survey Laboratory Methods Manual, Soil Survey Investigations Report No. 42 Version 5.0, Issued 2014","Routine Particle Size Distribution (3A1a1a)",37.3,83.1,63.4,31.5,5.1,,,12.7,18.8,18.1,21.6,15.0,6.9,1.8,"USDA NRCS Kellogg Soil Survey Laboratory",
"7f15a565-48e0-48d4-b96c-0782b47fa701","HARV_006.basePlot.all","D01","HARV","HARV_006","S2017MA027006","2017-06-27","17N03381","Oe","S2017MA027006-1","bulk",0.0,6.0,3.0,,,,0.0,0.0,,,,,,,,,,,,,"USDA NRCS Kellogg Soil Survey Laboratory",
