uid,namedLocation,domainID,siteID,plotID,nrcsDescriptionID,collectDate,horizonID,horizonName,bulkDensProcessedDate,bulkDensMethodPub,bulkDensMethod,bulkDensIDnrcs,bulkDensSampleType,bulkDensCenterDepth,bulkDensTopDepth,bulkDensBottomDepth,bulkDensThirdBar,bulkDensOvenDry,bulkDensFieldMoist,waterRetentionThirdBar,fieldWaterContent,laboratoryName,remarks,dataQF
"6fc83433-2008-4205-97e3-b3adfd7fb52c","HARV_031.basePlot.all","D01","HARV","HARV_031","S2017MA027031","2017-06-14","17N03411","A","2018-02-07","Kellogg Soil Survey Laboratory Methods Manual, Soil Survey Investigations Report No. 42 Version 5.0, Issued 2014","Bulk Density, Clods (3B1)","S2017MA027031-2","clod",7.5,4.0,11.0,0.99,1.06,,24.4,,"USDA NRCS Kellogg Soil Survey Laboratory",,
"ed703089-6a1b-42f1-9f22-dafb22585e90","HARV_031.basePlot.all","D01","HARV","HARV_031","S2017MA027031","2017-06-14","17N03413","Bw","2018-02-07","Kellogg Soil Survey Laboratory Methods Manual, Soil Survey Investigations Report No. 42 Version 5.0, Issued 2014","Bulk Density, Clods (3B1)","S2017MA027031-4","clod",39.0,24.0,54.0,1.19,1.22,,16.3,,"USDA NRCS Kellogg Soil Survey Laboratory",,
"9d155914-fd0f-4390-a2c8-712dcd2937ac","HARV_031.basePlot.all","D01","HARV","HARV_031","S2017MA027031","2017-06-14","17N03410","Oe","2018-08-21","Kellogg Soil Survey Laboratory Methods Manual, Soil Survey Investigations Report No. 42 Version 5.0, Issued 2014","Bulk Density, Clods (3B1)","S2017MA027031-1","clod",2.0,0.0,4.0,,,,,,"USDA NRCS Kellogg Soil Survey Laboratory","Sample could not be analyzed.",
"df6aae2e-4a19-43fa-bcec-563e19bc1cfc","HARV_031.basePlot.all","D01","HARV","HARV_031","S2017MA027031","2017-06-14","17N03412","Ap","2017-08-25","Kellogg Soil Survey Laboratory Methods Manual, Soil Survey Investigations Report No. 42 Version 5.0, Issued 2014","Bulk Density, Field Core (3B7)","S2017MA027031-3","field core",17.5,11.0,24.0,,,0.91,,17.7,"USDA NRCS Kellogg Soil Survey Laboratory",,
"6800e810-1d81-4b33-8015-d20ad0bd186a","HARV_058.basePlot.all","D01","HARV","HARV_058","S2017MA027058","2017-06-21","17N03418","Bw1","2018-02-07","Kellogg Soil Survey Laboratory Methods Manual, Soil Survey Investigations Report No. 42 Version 5.0, Issued 2014","Bulk Density, Clods (3B1)","S2017MA027058-3","clod",27.5,12.0,43.0,1.24,1.28,,19.3,,"USDA NRCS Kellogg Soil Survey Laboratory",,
"b9fa5330-e4fe-4e2f-bb37-2a0592a1e7c9","HARV_058.basePlot.all","D01","HARV","HARV_058","S2017MA027058","2017-06-21","17N03421","2Cd","2018-02-07","Kellogg Soil Survey Laboratory Methods Manual, Soil Survey Investigations Report No. 42 Version 5.0, Issued 2014","Bulk Density, Clods (3B1)","S2017MA027058-6","clod",104.5,89.0,120.0,1.77,1.77,,6.4,,"USDA NRCS Kellogg Soil Survey Laboratory",,
"80ae5327-1458-45d6-b9f8-c93cb6f8ce51","HARV_058.basePlot.all","D01","HARV","HARV_058","S2017MA027058","2017-06-21","17N03419","Bw2","2018-08-21","Kellogg Soil Survey Laboratory Methods Manual, Soil Survey Investigations Report No. 42 Version 5.0, Issued 2014","Bulk Density, Clods (3B1)","S2017MA027058-4","clod",54.5,43.0,66.0,,,,,,"USDA NRCS Kellogg Soil Survey Laboratory","Sample could not be analyzed.",
"7a217162-80e6-4881-945a-04ae62f0578c","HARV_058.basePlot.all","D01","HARV","HARV_058","S2017MA027058","2017-06-21","17N03420","2BC","2018-08-21","Kellogg Soil Survey Laboratory Methods Manual, Soil Survey Investigations Report No. 42 Version 5.0, Issued 2014","Bulk Density, Clods (3B1)","S2017MA027058-5","clod",77.5,66.0,89.0,,,,,,"USDA NRCS Kellogg Soil Survey Laboratory","Sample could not be analyzed.",
"c84eef3c-fee4-4abc-8e9b-e498386d6216","HARV_058.basePlot.all","D01","HARV","HARV_058","S2017MA027058","2017-06-21","17N03416","Oe","2018-08-21","Kellogg Soil Survey Laboratory Methods Manual, Soil Survey Investigations Report No. 42 Version 5.0, Issued 2014","Bulk Density, Clods (3B1)","S2017MA027058-1","clod",2.5,0.0,5.0,,,,,,"USDA NRCS Kellogg Soil Survey Laboratory","Sample could not be analyzed.",
"7fea616b-9b96-49d4-ad27-a1a368434c2b","HARV_058.basePlot.all","D01","HARV","HARV_058","S2017MA027058","2017-06-21","17N03417","A","2018-02-07","Kellogg Soil Survey Laboratory Methods Manual, Soil Survey Investigations Report No. 42 Version 5.0, Issued 2014","Bulk Density, Clods (3B1)","S2017MA027058-2","clod",8.5,5.0,12.0,0.89,0.97,,33.9,,"USDA NRCS Kellogg Soil Survey Laboratory",,
"25d44392-7ee2-4e0d-a267-f8b65fa940f4","HARV_006.basePlot.all","D01","HARV","HARV_006","S2017MA027006","2017-06-27","17N03381","Oe","2017-08-09","Kellogg Soil Survey Laboratory Methods Manual, Soil Survey Investigations Report No. 42 Version 5.0, Issued 2014","Bulk Density, Field Core (3B7)","S2017MA027006-1","field core",3.0,0.0,6.0,,,0.10,,193.9,"USDA NRCS Kellogg Soil Survey Laboratory",,
"36a122da-369b-426a-8b9b-c730f0f36efa","HARV_006.basePlot.all","D01","HARV","HARV_006","S2017MA027006","2017-06-27","17N03385","BC","2018-02-07","Kellogg Soil Survey Laboratory Methods Manual, Soil Survey Investigations Report No. 42 Version 5.0, Issued 2014","Bulk Density, Clods (3B1)","S2017MA027006-5","clod",66.5,53.0,80.0,1.32,1.34,,11.1,,"USDA NRCS Kellogg Soil Survey Laboratory",,
"357400c0-ad0f-4997-8264-893072bfe0b1","HARV_006.basePlot.all","D01","HARV","HARV_006","S2017MA027006","2017-06-27","17N03382","A","2018-02-07","Kellogg Soil Survey Laboratory Methods Manual, Soil Survey Investigations Report No. 42 Version 5.0, Issued 2014","Bulk Density, Clods (3B1)","S2017MA027006-2","clod",8.5,6.0,11.0,0.76,0.83,,31.8,,"USDA NRCS Kellogg Soil Survey Laboratory",,
"efdfb22b-aa5d-4fe3-a46d-e974ac8e05c1","HARV_006.basePlot.all","D01","HARV","HARV_006","S2017MA027006","2017-06-27","17N03386","2C","2017-08-25","Kellogg Soil Survey Laboratory Methods Manual, Soil Survey Investigations Report No. 42 Version 5.0, Issued 2014","Bulk Density, Field Core (3B7)","S2017MA027006-6","field core",107.5,80.0,135.0,,,1.57,,8.0,"USDA NRCS Kellogg Soil Survey Laboratory",,
"504a4bd4-4674-4550-acd5-8bea066de565","HARV_006.basePlot.all","D01","HARV","HARV_006","S2017MA027006","2017-06-27","17N03384","Bw2","2018-02-07","Kellogg Soil Survey Laboratory Methods Manual, Soil Survey Investigations Report No. 42 Version 5.0, Issued 2014","Bulk Density, Clods (3B1)","S2017MA027006-4","clod",42.5,32.0,53.0,1.24,1.26,,13.9,,"USDA NRCS Kellogg Soil Survey Laboratory",,
"361e5f23-8868-4c56-80a7-970b063dad55","HARV_006.basePlot.all","D01","HARV","HARV_006","S2017MA027006","2017-06-27","17N03383","Bw1","2018-02-07","Kellogg Soil Survey Laboratory Methods Manual, Soil Survey Investigations Report No. 42 Version 5.0, Issued 2014","Bulk Density, Clods (3B1)","S2017MA027006-3","clod",21.5,11.0,32.0,1.21,1.22,,15.0,,"USDA NRCS Kellogg Soil Survey Laboratory",,
