uid,namedLocation,domainID,siteID,plotID,pitID,collectDate,testProtocolVersion,nrcsDescriptionID,horizonID,horizonName,horizonTopDepth,horizonBottomDepth,remarks,dataQF
"be5938a7-00d8-4ec7-85db-f7ff1d34244a","HARV_031.basePlot.all","D01","HARV","HARV_031","1215926","2017-06-14","Field Book for Describing and Sampling Soils ver3","S2017MA027031","17N03415","2C",77,104,,
"d97bb667-ff18-4afe-8a99-f38afb6b6b2f","HARV_031.basePlot.all","D01","HARV","HARV_031","1215926","2017-06-14","Field Book for Describing and Sampling Soils ver3","S2017MA027031","17N03412","Ap",11,24,,
"27f8a0c8-a71a-440c-9abf-7b5c024ab30b","HARV_031.basePlot.all","D01","HARV","HARV_031","1215926","2017-06-14","Field Book for Describing and Sampling Soils ver3","S2017MA027031","17N03411","A",4,11,,
"f752fc09-583c-4f06-a1de-857c0b028fac","HARV_031.basePlot.all","D01","HARV","HARV_031","1215926","2017-06-14","Field Book for Describing and Sampling Soils ver3","S2017MA027031","17N03410","Oe",0,4,,
"a82ffc98-8796-4b4b-9974-98d5ccc28f10","HARV_031.basePlot.all","D01","HARV","HARV_031","1215926","2017-06-14","Field Book for Describing and Sampling Soils ver3","S2017MA027031","17N03414","2CB",54,77,,
"68937efd-c981-48d6-8de1-3217f199b212","HARV_031.basePlot.all","D01","HARV","HARV_031","1215926","2017-06-14","Field Book for Describing and Sampling Soils ver3","S2017MA027031","17N03413","Bw",24,54,,
"ee1ac35c-8f3a-448e-afcb-5892fc6d2670","HARV_058.basePlot.all","D01","HARV","HARV_058","1111533","2017-06-21","Field Book for Describing and Sampling Soils ver3","S2017MA027058","17N03421","2Cd",89,120,,
"804f5ed9-2cfb-4f73-85e0-ce58d2f3b17d","HARV_058.basePlot.all","D01","HARV","HARV_058","1111533","2017-06-21","Field Book for Describing and Sampling Soils ver3","S2017MA027058","17N03416","Oe",0,5,,
"3b8f98d1-fa96-4e1b-8fe4-59be706e711a","HARV_058.basePlot.all","D01","HARV","HARV_058","1111533","2017-06-21","Field Book for Describing and Sampling Soils ver3","S2017MA027058","17N03418","Bw1",12,43,,
"ddb92be1-2f26-4b84-b916-dcc409f50e86","HARV_058.basePlot.all","D01","HARV","HARV_058","1111533","2017-06-21","Field Book for Describing and Sampling Soils ver3","S2017MA027058","17N03417","A",5,12,,
"e5e75bca-da2b-4e47-bf49-e7dcbdd18c61","HARV_058.basePlot.all","D01","HARV","HARV_058","1111533","2017-06-21","Field Book for Describing and Sampling Soils ver3","S2017MA027058","17N03420","2BC",66,89,,
"d1dd0826-3bba-42eb-9503-d5223a184d1f","HARV_058.basePlot.all","D01","HARV","HARV_058","1111533","2017-06-21","Field Book for Describing and Sampling Soils ver3","S2017MA027058","17N03419","Bw2",43,66,,
"e90c3961-682d-4857-856c-79bb976c624d","HARV_006.basePlot.all","D01","HARV","HARV_006","1111534","2017-06-27","Field Book for Describing and Sampling Soils ver3","S2017MA027006","17N03385","BC",53,80,,
"30531981-21c0-4c9a-931b-f96bcc972c30","HARV_006.basePlot.all","D01","HARV","HARV_006","1111534","2017-06-27","Field Book for Describing and Sampling Soils ver3","S2017MA027006","17N03383","Bw1",11,32,,
"a4513c80-f6ea-4cc1-b122-a40add320a3f","HARV_006.basePlot.all","D01","HARV","HARV_006","1111534","2017-06-27","Field Book for Describing and Sampling Soils ver3","S2017MA027006","17N03384","Bw2",32,53,,
"4f7e2d02-4982-44c3-a7fd-27f0fe888ff8","HARV_006.basePlot.all","D01","HARV","HARV_006","1111534","2017-06-27","Field Book for Describing and Sampling Soils ver3","S2017MA027006","17N03381","Oe",0,6,,
"0d08de75-5705-4cc7-b900-7a50fce160a8","HARV_006.basePlot.all","D01","HARV","HARV_006","1111534","2017-06-27","Field Book for Describing and Sampling Soils ver3","S2017MA027006","17N03382","A",6,11,,
"f2003af0-bb96-4167-9047-2aeb0d2fd675","HARV_006.basePlot.all","D01","HARV","HARV_006","1111534","2017-06-27","Field Book for Describing and Sampling Soils ver3","S2017MA027006","17N03386","2C",80,135,"pockets of firm soil material in some areas.",
