uid,namedLocation,domainID,siteID,plotID,nrcsDescriptionID,collectDate,horizonID,horizonName,biogeoIDnrcs,biogeoSampleType,biogeoTopDepth,biogeoBottomDepth,biogeoCenterDepth,particleSizeDistProcessedDate,particleSizeDistMethodPub,particleSizeDistMethod,coarseFrag2To5,coarseFrag5To20,sandTotal,siltTotal,clayTotal,carbonateClay,clayFineContent,siltFineContent,siltCoarseContent,sandVeryFineContent,sandFineContent,sandMediumContent,sandCoarseContent,sandVeryCoarseContent,laboratoryName,dataQF
"9aa66087-cfa0-4ace-9f3d-26b079bb9f11","DELA_040.basePlot.all","D08","DELA","DELA_040","S2015AL063013","2015-10-01","16N02409","B't2","S2015AL063013-5","bulk",51.0,101.0,76.0,"2016-07-18","Kellogg Soil Survey Laboratory Methods Manual, Soil Survey Investigations Report No. 42 Version 5.0, Issued 2014","Routine Particle Size Distribution (3A1a1a)",0.0,0.0,24.4,48.4,27.2,0.0,,26.5,21.9,17.5,6.1,0.5,0.2,0.1,"USDA NRCS Kellogg Soil Survey Laboratory",
"cf8211a8-ad26-441b-b90a-016c1ee8ce93","DELA_038.basePlot.all","D08","DELA","DELA_038","S2015AL063012","2015-10-01","16N02403","Bt1","S2015AL063012-2","bulk",8.0,48.0,28.0,"2016-07-18","Kellogg Soil Survey Laboratory Methods Manual, Soil Survey Investigations Report No. 42 Version 5.0, Issued 2014","Routine Particle Size Distribution (3A1a1a)",0.0,0.0,7.1,48.9,44.0,0.0,,31.4,17.5,3.7,2.2,1.0,0.2,0.0,"USDA NRCS Kellogg Soil Survey Laboratory",
"8ce8ccda-8b1c-49c6-9e5b-e921778d7ec3","DELA_041.basePlot.all","D08","DELA","DELA_041","S2015AL063014","2015-10-01","16N02410","BA","S2015AL063014-1","bulk",0.0,7.0,3.5,"2016-07-18","Kellogg Soil Survey Laboratory Methods Manual, Soil Survey Investigations Report No. 42 Version 5.0, Issued 2014","Routine Particle Size Distribution (3A1a1a)",0.0,0.0,8.7,48.0,43.3,,,36.4,11.6,3.7,4.5,0.4,0.1,0.0,"USDA NRCS Kellogg Soil Survey Laboratory",
"b1d499ce-ab72-462c-9d61-60fedb5d77e1","DELA_038.basePlot.all","D08","DELA","DELA_038","S2015AL063012","2015-10-01","16N02402","A","S2015AL063012-1","bulk",0.0,8.0,4.0,"2016-07-18","Kellogg Soil Survey Laboratory Methods Manual, Soil Survey Investigations Report No. 42 Version 5.0, Issued 2014","Routine Particle Size Distribution (3A1a1a)",0.0,0.0,5.5,47.4,47.1,,,35.4,12.0,2.3,2.0,0.9,0.3,0.0,"USDA NRCS Kellogg Soil Survey Laboratory",
"b11386a2-02f5-4a53-8687-f927aa3d2a77","DELA_014.basePlot.all","D08","DELA","DELA_014","S2015AL063015","2015-10-01","16N02415","Btg","S2015AL063015-2","bulk",7.0,29.0,18.0,"2016-07-18","Kellogg Soil Survey Laboratory Methods Manual, Soil Survey Investigations Report No. 42 Version 5.0, Issued 2014","Routine Particle Size Distribution (3A1a1a)",0.0,0.0,6.0,45.2,48.8,0.0,,33.4,11.8,2.9,1.9,0.9,0.3,0.0,"USDA NRCS Kellogg Soil Survey Laboratory",
"e8eb447d-e9c1-49e8-a5bd-4dea933827d4","DELA_037.basePlot.all","D08","DELA","DELA_037","S2015AL063011","2015-10-01","16N02400","A2","S2015AL063011-2","bulk",16.0,48.0,32.0,"2016-07-14","Kellogg Soil Survey Laboratory Methods Manual, Soil Survey Investigations Report No. 42 Version 5.0, Issued 2014","Routine Particle Size Distribution (3A1a1a)",0.0,0.0,12.8,52.8,34.4,0.0,,34.9,17.9,10.1,2.0,0.6,0.1,0.0,"USDA NRCS Kellogg Soil Survey Laboratory",
"d6825295-e501-4c25-b355-0a82752bbd30","DELA_041.basePlot.all","D08","DELA","DELA_041","S2015AL063014","2015-10-01","16N02411","Bw1","S2015AL063014-2","bulk",7.0,20.0,13.5,"2016-07-18","Kellogg Soil Survey Laboratory Methods Manual, Soil Survey Investigations Report No. 42 Version 5.0, Issued 2014","Routine Particle Size Distribution (3A1a1a)",0.0,0.0,12.7,46.2,41.1,,,33.1,13.1,5.1,6.7,0.8,0.1,0.0,"USDA NRCS Kellogg Soil Survey Laboratory",
"9506b773-9bc0-4ed6-9385-4a254a091074","DELA_040.basePlot.all","D08","DELA","DELA_040","S2015AL063013","2015-10-01","16N02407","Ab","S2015AL063013-3","bulk",23.0,35.0,29.0,"2016-07-18","Kellogg Soil Survey Laboratory Methods Manual, Soil Survey Investigations Report No. 42 Version 5.0, Issued 2014","Routine Particle Size Distribution (3A1a1a)",0.0,0.0,18.2,50.1,31.7,,,32.2,17.9,12.1,5.0,0.7,0.4,0.0,"USDA NRCS Kellogg Soil Survey Laboratory",
"26d5688b-1b3b-495a-ac40-22aa00fd33dd","DELA_040.basePlot.all","D08","DELA","DELA_040","S2015AL063013","2015-10-01","16N02408","B't1","S2015AL063013-4","bulk",35.0,51.0,43.0,"2016-07-18","Kellogg Soil Survey Laboratory Methods Manual, Soil Survey Investigations Report No. 42 Version 5.0, Issued 2014","Routine Particle Size Distribution (3A1a1a)",0.0,0.0,26.2,46.4,27.4,,,24.9,21.5,17.7,7.8,0.5,0.1,0.1,"USDA NRCS Kellogg Soil Survey Laboratory",
"92959447-7001-4864-a5e4-3fd29c6738f6","DELA_040.basePlot.all","D08","DELA","DELA_040","S2015AL063013","2015-10-01","16N02406","Bt","S2015AL063013-2","bulk",3.0,23.0,13.0,"2016-07-18","Kellogg Soil Survey Laboratory Methods Manual, Soil Survey Investigations Report No. 42 Version 5.0, Issued 2014","Routine Particle Size Distribution (3A1a1a)",0.0,0.0,7.8,57.0,35.2,,,42.5,14.5,5.1,1.9,0.4,0.2,0.2,"USDA NRCS Kellogg Soil Survey Laboratory",
"da15d600-ffb3-4362-b720-9a7849dce973","DELA_014.basePlot.all","D08","DELA","DELA_014","S2015AL063015","2015-10-01","16N02416","Bt1","S2015AL063015-3","bulk",29.0,53.0,41.0,"2016-07-18","Kellogg Soil Survey Laboratory Methods Manual, Soil Survey Investigations Report No. 42 Version 5.0, Issued 2014","Routine Particle Size Distribution (3A1a1a)",0.0,0.0,6.9,50.4,42.7,0.0,,33.4,17.0,4.3,2.0,0.5,0.1,0.0,"USDA NRCS Kellogg Soil Survey Laboratory",
"b5eddca5-9760-4e20-ab21-690a17412490","DELA_038.basePlot.all","D08","DELA","DELA_038","S2015AL063012","2015-10-01","16N02404","Bt2","S2015AL063012-3","bulk",48.0,100.0,74.0,"2016-07-18","Kellogg Soil Survey Laboratory Methods Manual, Soil Survey Investigations Report No. 42 Version 5.0, Issued 2014","Routine Particle Size Distribution (3A1a1a)",0.0,0.0,10.2,51.3,38.5,0.0,,34.0,17.3,4.7,3.9,1.4,0.2,0.0,"USDA NRCS Kellogg Soil Survey Laboratory",
"1d114ac4-18cb-4add-b1e1-4819b5a4e089","DELA_041.basePlot.all","D08","DELA","DELA_041","S2015AL063014","2015-10-01","16N02412","Bw2","S2015AL063014-3","bulk",20.0,61.0,40.5,"2016-07-18","Kellogg Soil Survey Laboratory Methods Manual, Soil Survey Investigations Report No. 42 Version 5.0, Issued 2014","Routine Particle Size Distribution (3A1a1a)",0.0,0.0,21.0,44.8,34.2,0.0,,28.5,16.3,7.7,11.4,1.6,0.3,0.0,"USDA NRCS Kellogg Soil Survey Laboratory",
"b907be62-7f9c-4bf6-a0b3-a07cfc224408","DELA_014.basePlot.all","D08","DELA","DELA_014","S2015AL063015","2015-10-01","16N02417","Bt2","S2015AL063015-4","bulk",53.0,90.0,71.5,"2016-07-18","Kellogg Soil Survey Laboratory Methods Manual, Soil Survey Investigations Report No. 42 Version 5.0, Issued 2014","Routine Particle Size Distribution (3A1a1a)",0.0,0.0,7.8,52.9,39.3,0.0,,34.9,18.0,5.1,2.2,0.4,0.1,0.0,"USDA NRCS Kellogg Soil Survey Laboratory",
"fc1826aa-bf48-4d45-9aa0-a2ca7eb54e3a","DELA_014.basePlot.all","D08","DELA","DELA_014","S2015AL063015","2015-10-01","16N02414","A","S2015AL063015-1","bulk",0.0,7.0,3.5,"2016-07-18","Kellogg Soil Survey Laboratory Methods Manual, Soil Survey Investigations Report No. 42 Version 5.0, Issued 2014","Routine Particle Size Distribution (3A1a1a)",0.0,0.0,4.7,52.8,42.5,,,41.8,11.0,2.3,1.5,0.7,0.1,0.1,"USDA NRCS Kellogg Soil Survey Laboratory",
"00137bb6-f5a0-44af-ac7f-b78476a66909","DELA_040.basePlot.all","D08","DELA","DELA_040","S2015AL063013","2015-10-01","16N02405","A","S2015AL063013-1","bulk",0.0,3.0,1.5,"2016-07-18","Kellogg Soil Survey Laboratory Methods Manual, Soil Survey Investigations Report No. 42 Version 5.0, Issued 2014","Routine Particle Size Distribution (3A1a1a)",0.0,0.0,3.8,62.4,33.8,,,47.2,15.2,2.2,1.1,0.2,0.2,0.1,"USDA NRCS Kellogg Soil Survey Laboratory",
"6962c0fb-5aa1-400a-b84c-1b5b1fda126c","DELA_037.basePlot.all","D08","DELA","DELA_037","S2015AL063011","2015-10-01","16N02401","Bg","S2015AL063011-3","bulk",48.0,100.0,74.0,"2016-07-18","Kellogg Soil Survey Laboratory Methods Manual, Soil Survey Investigations Report No. 42 Version 5.0, Issued 2014","Routine Particle Size Distribution (3A1a1a)",0.0,0.0,26.6,47.0,26.4,,,25.6,21.4,19.6,5.7,1.1,0.1,0.1,"USDA NRCS Kellogg Soil Survey Laboratory",
"99d4120d-5c95-494b-83ca-8a1805e6be7f","DELA_037.basePlot.all","D08","DELA","DELA_037","S2015AL063011","2015-10-01","16N02399","A1","S2015AL063011-1","bulk",0.0,16.0,8.0,"2016-07-14","Kellogg Soil Survey Laboratory Methods Manual, Soil Survey Investigations Report No. 42 Version 5.0, Issued 2014","Routine Particle Size Distribution (3A1a1a)",0.0,0.0,6.7,60.6,32.7,,,40.1,20.5,5.6,1.0,0.1,0.0,0.0,"USDA NRCS Kellogg Soil Survey Laboratory",
"cfe3e41c-eed0-46c5-93fc-75af58528aa4","DELA_041.basePlot.all","D08","DELA","DELA_041","S2015AL063014","2015-10-01","16N02413","Bw3","S2015AL063014-4","bulk",61.0,100.0,80.5,"2016-07-18","Kellogg Soil Survey Laboratory Methods Manual, Soil Survey Investigations Report No. 42 Version 5.0, Issued 2014","Routine Particle Size Distribution (3A1a1a)",0.0,0.0,28.7,43.2,28.1,0.0,,26.2,17.0,10.2,15.9,2.0,0.6,0.0,"USDA NRCS Kellogg Soil Survey Laboratory",
"5cc959cf-6315-4f47-8cf3-8b3080be0d9b","DELA_010.basePlot.all","D08","DELA","DELA_010","S2015AL063008","2015-10-01","16N02388","AB","S2015AL063008-2","bulk",23.0,44.0,33.5,"2016-07-14","Kellogg Soil Survey Laboratory Methods Manual, Soil Survey Investigations Report No. 42 Version 5.0, Issued 2014","Routine Particle Size Distribution (3A1a1a)",0.0,0.0,13.3,49.3,37.4,,,29.3,20.0,11.7,1.4,0.2,0.0,0.0,"USDA NRCS Kellogg Soil Survey Laboratory",
"79f86203-fdeb-4d71-9908-9c16f2ea54d9","DELA_020.basePlot.all","D08","DELA","DELA_020","S2015AL063009","2015-10-01","16N02393","Bt1","S2015AL063009-3","bulk",24.0,48.0,36.0,"2016-07-14","Kellogg Soil Survey Laboratory Methods Manual, Soil Survey Investigations Report No. 42 Version 5.0, Issued 2014","Routine Particle Size Distribution (3A1a1a)",0.0,0.0,27.1,40.2,32.7,0.0,,21.6,18.6,19.8,7.1,0.2,0.0,0.0,"USDA NRCS Kellogg Soil Survey Laboratory",
"3db43918-72a8-47c7-905a-5ae2e9231c05","DELA_020.basePlot.all","D08","DELA","DELA_020","S2015AL063009","2015-10-01","16N02391","A","S2015AL063009-1","bulk",0.0,9.0,4.5,"2016-07-14","Kellogg Soil Survey Laboratory Methods Manual, Soil Survey Investigations Report No. 42 Version 5.0, Issued 2014","Routine Particle Size Distribution (3A1a1a)",0.0,0.0,7.9,60.1,32.0,,,37.7,22.4,7.1,0.7,0.1,0.0,0.0,"USDA NRCS Kellogg Soil Survey Laboratory",
"1bb7cfc1-0c79-431a-889f-b331fb6b0b50","DELA_020.basePlot.all","D08","DELA","DELA_020","S2015AL063009","2015-10-01","16N02394","Bt2","S2015AL063009-4","bulk",48.0,100.0,74.0,"2016-07-14","Kellogg Soil Survey Laboratory Methods Manual, Soil Survey Investigations Report No. 42 Version 5.0, Issued 2014","Routine Particle Size Distribution (3A1a1a)",0.0,0.0,37.5,34.7,27.8,0.0,,17.6,17.1,28.1,9.2,0.2,0.0,0.0,"USDA NRCS Kellogg Soil Survey Laboratory",
"44c65714-6e1d-45c1-8433-371892d50b3c","DELA_010.basePlot.all","D08","DELA","DELA_010","S2015AL063008","2015-10-01","16N02389","Bt1","S2015AL063008-3","bulk",44.0,79.0,61.5,"2016-07-14","Kellogg Soil Survey Laboratory Methods Manual, Soil Survey Investigations Report No. 42 Version 5.0, Issued 2014","Routine Particle Size Distribution (3A1a1a)",0.0,0.0,32.3,40.4,27.3,0.0,,20.6,19.8,26.5,5.5,0.3,0.0,0.0,"USDA NRCS Kellogg Soil Survey Laboratory",
"a977a505-4515-4919-b033-f4a5d900d6cb","DELA_020.basePlot.all","D08","DELA","DELA_020","S2015AL063009","2015-10-01","16N02392","Atb","S2015AL063009-2","bulk",9.0,24.0,16.5,"2016-07-14","Kellogg Soil Survey Laboratory Methods Manual, Soil Survey Investigations Report No. 42 Version 5.0, Issued 2014","Routine Particle Size Distribution (3A1a1a)",0.0,0.0,15.3,47.3,37.4,,,29.1,18.2,11.8,3.2,0.3,0.0,0.0,"USDA NRCS Kellogg Soil Survey Laboratory",
"171990af-add6-4c52-b668-f55c73023d74","DELA_010.basePlot.all","D08","DELA","DELA_010","S2015AL063008","2015-10-01","16N02390","Bt2","S2015AL063008-4","bulk",79.0,100.0,89.5,"2016-07-14","Kellogg Soil Survey Laboratory Methods Manual, Soil Survey Investigations Report No. 42 Version 5.0, Issued 2014","Routine Particle Size Distribution (3A1a1a)",0.0,0.0,37.8,36.4,25.8,0.0,,18.4,18.0,27.1,10.0,0.7,0.0,0.0,"USDA NRCS Kellogg Soil Survey Laboratory",
"fdf19cc6-d576-4cd8-a46f-980d7f95289d","DELA_010.basePlot.all","D08","DELA","DELA_010","S2015AL063008","2015-10-01","16N02387","A","S2015AL063008-1","bulk",0.0,23.0,11.5,"2016-07-14","Kellogg Soil Survey Laboratory Methods Manual, Soil Survey Investigations Report No. 42 Version 5.0, Issued 2014","Routine Particle Size Distribution (3A1a1a)",0.0,0.0,7.2,58.3,34.5,,,38.1,20.2,6.6,0.5,0.1,0.0,0.0,"USDA NRCS Kellogg Soil Survey Laboratory",
