uid,namedLocation,domainID,siteID,plotID,nrcsDescriptionID,collectDate,horizonID,horizonName,bulkDensProcessedDate,bulkDensMethodPub,bulkDensMethod,bulkDensIDnrcs,bulkDensSampleType,bulkDensCenterDepth,bulkDensTopDepth,bulkDensBottomDepth,bulkDensThirdBar,bulkDensOvenDry,bulkDensFieldMoist,waterRetentionThirdBar,fieldWaterContent,laboratoryName,remarks,dataQF
"0093a558-e922-4d90-bfd9-30c1950324aa","DELA_014.basePlot.all","D08","DELA","DELA_014","S2015AL063015","2015-10-01","16N02414","A","2017-01-18","Kellogg Soil Survey Laboratory Methods Manual, Soil Survey Investigations Report No. 42 Version 5.0, Issued 2014","Bulk Density, Clods (3B1)","S2015AL063015-1","clod",3.5,0.0,7.0,1.28,1.41,,26.0,,"USDA NRCS Kellogg Soil Survey Laboratory",,
"9302ef3b-8104-47e6-b629-3d1ca57bc2a6","DELA_020.basePlot.all","D08","DELA","DELA_020","S2015AL063009","2015-10-01","16N02391","A","2017-01-18","Kellogg Soil Survey Laboratory Methods Manual, Soil Survey Investigations Report No. 42 Version 5.0, Issued 2014","Bulk Density, Clods (3B1)","S2015AL063009-1","clod",4.5,0.0,9.0,1.27,1.39,,28.3,,"USDA NRCS Kellogg Soil Survey Laboratory",,
"3a40d8c5-8e5b-48df-8822-2b3f6255186c","DELA_020.basePlot.all","D08","DELA","DELA_020","S2015AL063009","2015-10-01","16N02392","Atb","2017-01-18","Kellogg Soil Survey Laboratory Methods Manual, Soil Survey Investigations Report No. 42 Version 5.0, Issued 2014","Bulk Density, Clods (3B1)","S2015AL063009-2","clod",16.5,9.0,24.0,1.24,1.37,,29.3,,"USDA NRCS Kellogg Soil Survey Laboratory",,
"ab576994-3399-43a2-b67e-a08dc603110e","DELA_020.basePlot.all","D08","DELA","DELA_020","S2015AL063009","2015-10-01","16N02394","Bt2","2017-01-18","Kellogg Soil Survey Laboratory Methods Manual, Soil Survey Investigations Report No. 42 Version 5.0, Issued 2014","Bulk Density, Clods (3B1)","S2015AL063009-4","clod",74.0,48.0,100.0,1.36,1.49,,26.8,,"USDA NRCS Kellogg Soil Survey Laboratory",,
"d9afc418-3a0f-44f5-a697-bda6f861ef4e","DELA_014.basePlot.all","D08","DELA","DELA_014","S2015AL063015","2015-10-01","16N02415","Btg","2017-01-18","Kellogg Soil Survey Laboratory Methods Manual, Soil Survey Investigations Report No. 42 Version 5.0, Issued 2014","Bulk Density, Clods (3B1)","S2015AL063015-2","clod",18.0,7.0,29.0,1.47,1.61,,22.7,,"USDA NRCS Kellogg Soil Survey Laboratory",,
"7d88c10f-5467-4d61-8867-467b22814a21","DELA_010.basePlot.all","D08","DELA","DELA_010","S2015AL063008","2015-10-01","16N02390","Bt2","2017-01-18","Kellogg Soil Survey Laboratory Methods Manual, Soil Survey Investigations Report No. 42 Version 5.0, Issued 2014","Bulk Density, Clods (3B1)","S2015AL063008-4","clod",89.5,79.0,100.0,1.40,1.50,,21.1,,"USDA NRCS Kellogg Soil Survey Laboratory",,
"b04bf26b-8824-4c70-8622-801959c6e3a1","DELA_020.basePlot.all","D08","DELA","DELA_020","S2015AL063009","2015-10-01","16N02393","Bt1","2017-01-18","Kellogg Soil Survey Laboratory Methods Manual, Soil Survey Investigations Report No. 42 Version 5.0, Issued 2014","Bulk Density, Clods (3B1)","S2015AL063009-3","clod",36.0,24.0,48.0,1.31,1.44,,27.2,,"USDA NRCS Kellogg Soil Survey Laboratory",,
"79f3956c-6667-47cb-95ea-c2075a28a678","DELA_010.basePlot.all","D08","DELA","DELA_010","S2015AL063008","2015-10-01","16N02389","Bt1","2017-01-18","Kellogg Soil Survey Laboratory Methods Manual, Soil Survey Investigations Report No. 42 Version 5.0, Issued 2014","Bulk Density, Clods (3B1)","S2015AL063008-3","clod",61.5,44.0,79.0,1.33,1.39,,21.2,,"USDA NRCS Kellogg Soil Survey Laboratory",,
"e7db65c2-8d7c-4ed8-a600-1a870c71a626","DELA_014.basePlot.all","D08","DELA","DELA_014","S2015AL063015","2015-10-01","16N02417","Bt2","2017-01-18","Kellogg Soil Survey Laboratory Methods Manual, Soil Survey Investigations Report No. 42 Version 5.0, Issued 2014","Bulk Density, Clods (3B1)","S2015AL063015-4","clod",71.5,53.0,90.0,1.41,1.50,,23.2,,"USDA NRCS Kellogg Soil Survey Laboratory",,
"71de75cc-77d0-4e34-a3dd-a720c2346651","DELA_010.basePlot.all","D08","DELA","DELA_010","S2015AL063008","2015-10-01","16N02387","A","2017-01-18","Kellogg Soil Survey Laboratory Methods Manual, Soil Survey Investigations Report No. 42 Version 5.0, Issued 2014","Bulk Density, Clods (3B1)","S2015AL063008-1","clod",11.5,0.0,23.0,1.23,1.30,,24.0,,"USDA NRCS Kellogg Soil Survey Laboratory",,
"3ca7ab8a-0755-41aa-bc35-9a5dc9802835","DELA_014.basePlot.all","D08","DELA","DELA_014","S2015AL063015","2015-10-01","16N02416","Bt1","2017-01-18","Kellogg Soil Survey Laboratory Methods Manual, Soil Survey Investigations Report No. 42 Version 5.0, Issued 2014","Bulk Density, Clods (3B1)","S2015AL063015-3","clod",41.0,29.0,53.0,1.37,1.49,,26.3,,"USDA NRCS Kellogg Soil Survey Laboratory",,
"22c07625-79a6-4274-9965-11ce8de5d91e","DELA_010.basePlot.all","D08","DELA","DELA_010","S2015AL063008","2015-10-01","16N02388","AB","2017-01-18","Kellogg Soil Survey Laboratory Methods Manual, Soil Survey Investigations Report No. 42 Version 5.0, Issued 2014","Bulk Density, Clods (3B1)","S2015AL063008-2","clod",33.5,23.0,44.0,1.23,1.36,,24.6,,"USDA NRCS Kellogg Soil Survey Laboratory",,
