uid,domainID,siteID,plotID,namedLocation,plotType,nlcdClass,geodeticDatum,decimalLatitude,decimalLongitude,coordinateUncertainty,elevation,elevationUncertainty,collectDate,referenceCorner,sampleDistance,sampleBearing,pitID,testProtocolVersion,soilSamplingMethod,sampleRelativeLocation,pitDepth,recordedByA,soilProfileDescriberA,soilProfileDescriberInst,nrcsDescriptionID,soilSeries,soilFamily,soilSubgroup,soilGreatGroup,soilSuborder,soilOrder,remarks,dataQF
"79a0c972-9fc4-4a6e-aedf-2370e6faf479","D08","DELA","DELA_038","DELA_038.basePlot.all","tower","woodyWetlands","WGS84",32.542290,-87.806804,20.1,25.5,0.1,"2015-10-01","SW20",0.2,45,"1139170","Field Book for Describing and Sampling Soils ver3","soil core","Center of pit",100,"fOtnUZLa3DxnCsn46Zljdw==","8aDnSHd7TQ0=","Natural Resource Conservation Service","S2015AL063012","Leaf","Fine, mixed, active, thermic Typic Albaquults","typic albaquults","albaquults","aquults","ultisols",,
"7f4d0bce-1bac-44c3-966e-7aac9fba45da","D08","DELA","DELA_020","DELA_020.basePlot.all","distributed","woodyWetlands","WGS84",32.538834,-87.801338,20.1,26.2,0.1,"2015-10-01","SW20",0.2,45,"1139177","Field Book for Describing and Sampling Soils ver3","soil pit","Center of pit",100,"fOtnUZLa3DxnCsn46Zljdw==","FUFc1SqXASsxEo/nLcO7ig==","Natural Resource Conservation Service","S2015AL063009","Cahaba","Fine-loamy, siliceous, semiactive, thermic Typic Hapludults","typic hapludults","hapludults","udults","ultisols","(Dela 20) Dead Lake Army Corps of Engineers in Greene County Alabama. NEON site.",
"a7b8d138-f61a-4358-a9c4-d8cd030de10c","D08","DELA","DELA_014","DELA_014.basePlot.all","distributed","evergreenForest","WGS84",32.529789,-87.818194,20.2,26.1,0.3,"2015-10-01","SW20",0.2,45,"1139165","Field Book for Describing and Sampling Soils ver3","soil pit","Center of pit",90,"fOtnUZLa3DxnCsn46Zljdw==","J/57wD1kwBPCtVh8robIhQ==","Natural Resource Conservation Service","S2015AL063015","Lenoir","Fine, mixed, semiactive, thermic Aeric Paleaquults","aeric paleaquults","paleaquults","aquults","ultisols","Black Warrior River Alluvium Valley",
"1794f4f3-fe23-476d-a191-cd06d9a85624","D08","DELA","DELA_037","DELA_037.basePlot.all","tower","woodyWetlands","WGS84",32.539627,-87.801968,20.1,27.1,0.1,"2015-10-01","SW20",0.2,45,"1139171","Field Book for Describing and Sampling Soils ver3","soil core","Center of pit",100,"fOtnUZLa3DxnCsn46Zljdw==","khnyfeTHrVrgpJfeFWm+cA==","Natural Resource Conservation Service","S2015AL063011","Wehadkee","Fine-loamy, mixed, active, nonacid, thermic Fluvaquentic Endoaquepts","fluvaquentic endoaquepts","endoaquepts","aquepts","inceptisols","NEON Deadlake DELA037 Greene County, AL",
"19271fa5-b87d-4acb-a524-d3099071d26f","D08","DELA","DELA_040","DELA_040.basePlot.all","tower","woodyWetlands","WGS84",32.538802,-87.804522,20.1,29.4,0.2,"2015-10-01","SW20",0.2,45,"1139201","Field Book for Describing and Sampling Soils ver3","soil pit","Center of meter square",101,"pFq4Z22TAryVYcI9+6FXO7qQU3gHNsw3C6nQ9qZo5kJEu9Hx+uJyFw==","8YzCYQM53T026k7mmt7tHw==","Natural Resource Conservation Service","S2015AL063013","Tawcaw","Fine, kaolinitic, thermic Fluvaquentic Dystrudepts","fluvaquentic dystrudepts","dystrudepts","udepts","inceptisols",,
"13030960-32de-46d2-8a2c-0f32c0e6eb4f","D08","DELA","DELA_010","DELA_010.basePlot.all","distributed","woodyWetlands","WGS84",32.540456,-87.800089,20.1,23.7,0.2,"2015-10-01","SW20",0.2,45,"1139172","Field Book for Describing and Sampling Soils ver3","soil pit","Center of pit",100,"fOtnUZLa3DxnCsn46Zljdw==","khnyfeTHrVrgpJfeFWm+cA==","Natural Resource Conservation Service","S2015AL063008","Cahaba-like","Fine-loamy, siliceous, semiactive, thermic Typic Hapludults","typic hapludults","hapludults","udults","ultisols",,
"c69354ea-e736-4992-9b70-d518f07ff1e2","D08","DELA","DELA_041","DELA_041.basePlot.all","tower","deciduousForest","WGS84",32.540702,-87.807740,20.1,23.6,0.2,"2015-10-01","SW20",0.2,45,"1139200","Field Book for Describing and Sampling Soils ver3","soil pit","Center of pit",100,"fOtnUZLa3DxnCsn46Zljdw==","8YzCYQM53T026k7mmt7tHw==","Natural Resource Conservation Service","S2015AL063014","Leaf","Fine, mixed, active, thermic Typic Albaquults","typic albaquults","albaquults","aquults","ultisols",,
