uid,domainID,siteID,pitNamedLocation,pitID,horizonID,horizonName,setDate,collectDate,archiveID,archiveLaboratoryName,archiveTopDepth,archiveBottomDepth,remarks,sampleMass
"b971e96f-8066-4c51-b15f-a7912394d306","D10","RMNP","MEGAPT100990","10_CASTNET_PIT1","10_CASTNET_PIT1_A","A","2013-05-31","2013-05-31","10_CASTNET_PIT1_0-10_ARCHIVE_A","NEON",0.0,10.0,,1200.9
"518fd4b2-ee62-4db3-b825-1479f242074b","D10","RMNP","MEGAPT100990","10_CASTNET_PIT1","10_CASTNET_PIT1_CR","Cr","2013-05-31","2013-05-31","10_CASTNET_PIT1_123-198_ARCHIVE_CR","NEON",123.0,160.0,,2402.0
"a0d84f11-0dca-4147-84e9-fcad60ba99b5","D10","RMNP","MEGAPT100990","10_CASTNET_PIT1","10_CASTNET_PIT1_C/B","C/B","2013-05-31","2013-05-31","10_CASTNET_PIT1_33-84_ARCHIVE_C/B_B MATERIAL","NEON",33.0,84.0,,1200.6
"ef0aff6c-2cab-4b37-a0f6-476c6aaadd3e","D10","RMNP","MEGAPT100990","10_CASTNET_PIT1","10_CASTNET_PIT1_R","R","2013-05-31","2013-05-31","10_CASTNET_PIT1_198-202_ARCHIVE_R","NEON",198.0,202.0,,1072.9
"341bb056-29b7-4e82-98e1-e249750f0818","D10","RMNP","MEGAPT100990","10_CASTNET_PIT1","10_CASTNET_PIT1_AB","AB","2013-05-31","2013-05-31","10_CASTNET_PIT1_10-33_ARCHIVE_AB","NEON",10.0,33.0,,1200.8
"1c63cf1d-80ad-480a-bb7c-08448f2b496e","D10","RMNP","MEGAPT100990","10_CASTNET_PIT1","10_CASTNET_PIT1_C","C","2013-05-31","2013-05-31","10_CASTNET_PIT1_84-123_ARCHIVE_C","NEON",84.0,123.0,,1200.5
"63b4d85d-bd9d-4571-a3c0-e4fdbe64d443","D10","RMNP","MEGAPT100990","10_CASTNET_PIT1","10_CASTNET_PIT1_C/B","C/B","2013-05-31","2013-05-31","10_CASTNET_PIT1_33-84_ARCHIVE_C/B_C MATERIAL","NEON",33.0,84.0,,1201.3
