uid,domainID,siteID,pitNamedLocation,pitID,horizonID,bulkDensID,horizonName,setDate,collectDate,laboratoryName,labProjID,bulkDensCenterDepth,bulkDensTopDepth,bulkDensBottomDepth,bulkDensHorizonProportion,bulkDensSampleType,bulkDensExclCoarseFrag,remarks
"94cb1b80-c008-416c-8472-c54148cc0f4d","D10","RMNP","MEGAPT100990","10_CASTNET_PIT1","10_CASTNET_PIT1_R",,"R","2013-05-31","2013-05-31","USDA NRCS Kellogg Soil Survey Laboratory - Lincoln - NE",,,,,,,,
"69821481-6297-495c-b4f0-2b7f9f8e9a66","D10","RMNP","MEGAPT100990","10_CASTNET_PIT1","10_CASTNET_PIT1_C","10_CASTNET_PIT1_90-100_BULKD_C","C","2013-05-31","2013-05-31","USDA NRCS Kellogg Soil Survey Laboratory - Lincoln - NE","I2013USCO091",95.0,90.0,100.0,1.0,"Regular",1.7201,
"9ea0b74a-6def-4d55-8bb4-08403a592e3e","D10","RMNP","MEGAPT100990","10_CASTNET_PIT1","10_CASTNET_PIT1_C/B","10_CASTNET_PIT1_56-66_BULKD_C/B_B MATERIAL","C/B","2013-05-31","2013-05-31","USDA NRCS Kellogg Soil Survey Laboratory - Lincoln - NE","I2013USCO091",61.0,56.0,66.0,0.4,"Regular",1.3126,"C/B horizon comprised of ~60% C material and ~40% B material"
"dff1d9b9-a974-45a0-bf64-bc581773974b","D10","RMNP","MEGAPT100990","10_CASTNET_PIT1","10_CASTNET_PIT1_CR","10_CASTNET_PIT1_130-133_BULKD_CR","Cr","2013-05-31","2013-05-31","USDA NRCS Kellogg Soil Survey Laboratory - Lincoln - NE","I2013USCO091",134.5,130.0,133.0,1.0,"Regular",1.9342,"4 x 3 cm long cores"
"7ca2de1e-1be4-4e21-9d05-cd4848adbce5","D10","RMNP","MEGAPT100990","10_CASTNET_PIT1","10_CASTNET_PIT1_AB","10_CASTNET_PIT1_13-23_BULKD_AB","AB","2013-05-31","2013-05-31","USDA NRCS Kellogg Soil Survey Laboratory - Lincoln - NE","I2013USCO091",18.0,13.0,23.0,1.0,"Regular",1.0953,
"fcfcb75a-d359-41bb-8bc9-2d110b92dc7b","D10","RMNP","MEGAPT100990","10_CASTNET_PIT1","10_CASTNET_PIT1_A","10_CASTNET_PIT1_0-10_BULKD_A","A","2013-05-31","2013-05-31","USDA NRCS Kellogg Soil Survey Laboratory - Lincoln - NE","I2013USCO091",5.0,0.0,10.0,1.0,"Regular",0.4669,
"fc0402c1-9aa4-4cf2-abe7-5328eaa5db24","D10","RMNP","MEGAPT100990","10_CASTNET_PIT1","10_CASTNET_PIT1_C/B","10_CASTNET_PIT1_56-66_BULKD_C/B_C MATERIAL","C/B","2013-05-31","2013-05-31","USDA NRCS Kellogg Soil Survey Laboratory - Lincoln - NE","I2013USCO091",61.0,56.0,66.0,0.6,"Regular",1.1387,"C/B horizon comprised of ~60% C material and ~40% B material"
