uid,domainID,siteID,pitNamedLocation,pitID,horizonID,horizonName,setDate,collectDate,horizonTopDepth,horizonBottomDepth,nrcsDescriptionID,remarks
"f8c12a69-ad7b-4f1f-a02c-7d9790698c0b","D10","RMNP","MEGAPT100990","10_CASTNET_PIT1","10_CASTNET_PIT1_R","R","2013-05-31","2013-05-31",198.0,200.0,"2013CO069001",
"b73141e4-923b-48d8-b509-067b7b803d63","D10","RMNP","MEGAPT100990","10_CASTNET_PIT1","10_CASTNET_PIT1_C","C","2013-05-31","2013-05-31",84.0,123.0,"2013CO069001",
"e7e790c0-0035-4fa7-a26c-b483ce4fffd1","D10","RMNP","MEGAPT100990","10_CASTNET_PIT1","10_CASTNET_PIT1_AB","AB","2013-05-31","2013-05-31",10.0,33.0,"2013CO069001",
"c59a4bc2-8868-4d48-a901-b9f138316199","D10","RMNP","MEGAPT100990","10_CASTNET_PIT1","10_CASTNET_PIT1_A","A","2013-05-31","2013-05-31",0.0,10.0,"2013CO069001",
"2c9855d0-bfa9-4ded-9be0-2d97d3d86cf3","D10","RMNP","MEGAPT100990","10_CASTNET_PIT1","10_CASTNET_PIT1_C/B","C/B","2013-05-31","2013-05-31",33.0,84.0,"2013CO069001",
"878359fd-1bd9-4768-acb5-e41a6cf129e4","D10","RMNP","MEGAPT100990","10_CASTNET_PIT1","10_CASTNET_PIT1_CR","Cr","2013-05-31","2013-05-31",123.0,198.0,"2013CO069001",
