uid,domainID,siteID,pitNamedLocation,pitID,horizonID,horizonName,setDate,collectDate,archiveID,archiveLaboratoryName,archiveTopDepth,archiveBottomDepth,remarks,sampleMass
"38c030ac-21d7-4b16-972f-7c2e08914411","D03","DSNY","MEGAPT100970","3_DISNEY_PIT1","3_DISNEY_PIT1_E'2","E'2","2013-02-04","2013-02-04","3_DISNEY_PIT1_99-134_ARCHIVE_E'2","NEON",99.0,134.0,,1202.0
"186cf56a-655f-44a1-bbd7-23c12dc17dc5","D03","DSNY","MEGAPT100970","3_DISNEY_PIT1","3_DISNEY_PIT1_BH1","Bh1","2013-02-04","2013-02-04","3_DISNEY_PIT1_43-55_ARCHIVE_BH1","NEON",43.0,55.0,,1200.8
"d244604a-5972-4ce4-b137-ff08a8c8f3b1","D03","DSNY","MEGAPT100970","3_DISNEY_PIT1","3_DISNEY_PIT1_E'1","E'1","2013-02-04","2013-02-04","3_DISNEY_PIT1_69-99_ARCHIVE_E'1","NEON",69.0,99.0,,1201.4
"882febf4-95a4-4b7b-927f-31e3d0d60630","D03","DSNY","MEGAPT100970","3_DISNEY_PIT1","3_DISNEY_PIT1_BH2","Bh2","2013-02-04","2013-02-04","3_DISNEY_PIT1_55-69_ARCHIVE_BH2","NEON",55.0,69.0,,1201.9
"790e696c-3d83-4703-8294-061ac3d975e1","D03","DSNY","MEGAPT100970","3_DISNEY_PIT1","3_DISNEY_PIT1_B'H","B'h","2013-02-04","2013-02-04","3_DISNEY_PIT1_152-200_ARCHIVE_B'H","NEON",152.0,200.0,,1201.5
"ce590cbd-391c-48bf-a6dd-e0e81b09ae66","D03","DSNY","MEGAPT100970","3_DISNEY_PIT1","3_DISNEY_PIT1_AP","Ap","2013-02-04","2013-02-04","3_DISNEY_PIT1_0-9_ARCHIVE_A","NEON",0.0,9.0,,1201.5
"e4f0b095-3ac8-4e4b-8129-9bd936bc4443","D03","DSNY","MEGAPT100970","3_DISNEY_PIT1","3_DISNEY_PIT1_AE","AE","2013-02-04","2013-02-04","3_DISNEY_PIT1_9-26_ARCHIVE_AE","NEON",9.0,26.0,,1201.4
"2482ff66-bcba-4997-a9c9-60d992b772bb","D03","DSNY","MEGAPT100970","3_DISNEY_PIT1","3_DISNEY_PIT1_E","E","2013-02-04","2013-02-04","3_DISNEY_PIT1_26-43_ARCHIVE_E","NEON",26.0,43.0,,1201.0
"b289b005-45c6-4539-9003-6185d9f35780","D03","DSNY","MEGAPT100970","3_DISNEY_PIT1","3_DISNEY_PIT1_E'3","E'3","2013-02-04","2013-02-04","3_DISNEY_PIT1_134-152_ARCHIVE_E'3","NEON",134.0,152.0,,1201.1
