uid,domainID,siteID,pitNamedLocation,pitID,horizonID,bulkDensID,horizonName,setDate,collectDate,laboratoryName,labProjID,bulkDensCenterDepth,bulkDensTopDepth,bulkDensBottomDepth,bulkDensHorizonProportion,bulkDensSampleType,bulkDensExclCoarseFrag,remarks
"a9a7078b-e143-4640-b850-08a9ec59126a","D03","DSNY","MEGAPT100970","3_DISNEY_PIT1","3_DISNEY_PIT1_E'3","3_DISNEY_PIT1_136-146_BULKD_E'3","E'3","2013-02-04","2013-02-04","USDA NRCS Kellogg Soil Survey Laboratory - Lincoln - NE","I2013USFL055",141.0,136.0,146.0,1.0,"Regular",1.8402,
"6dbff438-202c-481c-83f7-29528090c696","D03","DSNY","MEGAPT100970","3_DISNEY_PIT1","3_DISNEY_PIT1_E'2","3_DISNEY_PIT1_115-125_BULKD_E'2","E'2","2013-02-04","2013-02-04","USDA NRCS Kellogg Soil Survey Laboratory - Lincoln - NE","I2013USFL055",120.0,115.0,125.0,1.0,"Regular",1.7463,
"9e74e68f-f108-4383-ad85-0d9b37a8b966","D03","DSNY","MEGAPT100970","3_DISNEY_PIT1","3_DISNEY_PIT1_E","3_DISNEY_PIT1_30-40_BULKD_E","E","2013-02-04","2013-02-04","USDA NRCS Kellogg Soil Survey Laboratory - Lincoln - NE","I2013USFL055",35.0,30.0,40.0,1.0,"Regular",1.4534,
"22c42c4a-5fa5-4ec6-a662-a9e91f4b64b3","D03","DSNY","MEGAPT100970","3_DISNEY_PIT1","3_DISNEY_PIT1_E'1","3_DISNEY_PIT1_75-85_BULKD_E'1","E'1","2013-02-04","2013-02-04","USDA NRCS Kellogg Soil Survey Laboratory - Lincoln - NE","I2013USFL055",80.0,75.0,85.0,1.0,"Regular",1.8402,
"e7f037c7-0e7f-4451-a60c-28a774dd2583","D03","DSNY","MEGAPT100970","3_DISNEY_PIT1","3_DISNEY_PIT1_B'H","3_DISNEY_PIT1_170-180_BULKD_B'H","B'h","2013-02-04","2013-02-04","USDA NRCS Kellogg Soil Survey Laboratory - Lincoln - NE","I2013USFL055",175.0,170.0,180.0,1.0,"Regular",2.2713,
"a4db1b7e-b1ee-46df-bd8f-91c79dec63c0","D03","DSNY","MEGAPT100970","3_DISNEY_PIT1","3_DISNEY_PIT1_AP","3_DISNEY_PIT1_0-9_BULKD_A","Ap","2013-02-04","2013-02-04","USDA NRCS Kellogg Soil Survey Laboratory - Lincoln - NE","I2013USFL055",4.5,0.0,9.0,1.0,"Regular",1.2280,
"a59b1b1f-0dfc-4b1d-a30c-ce936c6f01f8","D03","DSNY","MEGAPT100970","3_DISNEY_PIT1","3_DISNEY_PIT1_BH2","3_DISNEY_PIT1_55-65_BULKD_BH2","Bh2","2013-02-04","2013-02-04","USDA NRCS Kellogg Soil Survey Laboratory - Lincoln - NE","I2013USFL055",60.0,55.0,65.0,1.0,"Regular",1.5087,
"1b89182f-6fea-41e2-89aa-df12689d2fa9","D03","DSNY","MEGAPT100970","3_DISNEY_PIT1","3_DISNEY_PIT1_AE","3_DISNEY_PIT1_16-26_BULKD_AE","AE","2013-02-04","2013-02-04","USDA NRCS Kellogg Soil Survey Laboratory - Lincoln - NE","I2013USFL055",21.0,16.0,26.0,1.0,"Regular",1.4589,
"c57c999f-21d7-4796-b5a1-8c9834db10a1","D03","DSNY","MEGAPT100970","3_DISNEY_PIT1","3_DISNEY_PIT1_BH1","3_DISNEY_PIT1_43-53_BULKD_BH1","Bh1","2013-02-04","2013-02-04","USDA NRCS Kellogg Soil Survey Laboratory - Lincoln - NE","I2013USFL055",48.0,43.0,53.0,1.0,"Regular",1.4644,
