uid,domainID,siteID,pitNamedLocation,pitID,horizonID,horizonName,setDate,collectDate,horizonTopDepth,horizonBottomDepth,nrcsDescriptionID,remarks
"f3c487bd-b0f1-494f-ae32-20d5e80353b7","D03","DSNY","MEGAPT100970","3_DISNEY_PIT1","3_DISNEY_PIT1_E'1","E'1","2013-02-04","2013-02-04",69.0,99.0,"13FL097001",
"7daed23e-5af1-47cc-8165-fc2d20b5d066","D03","DSNY","MEGAPT100970","3_DISNEY_PIT1","3_DISNEY_PIT1_AE","AE","2013-02-04","2013-02-04",9.0,26.0,"13FL097001",
"0603dde7-8cd7-41ac-b658-dfbbfb2adf84","D03","DSNY","MEGAPT100970","3_DISNEY_PIT1","3_DISNEY_PIT1_E'2","E'2","2013-02-04","2013-02-04",99.0,134.0,"13FL097001",
"8ec1f1a1-3a74-4ec2-856d-f347e142ba20","D03","DSNY","MEGAPT100970","3_DISNEY_PIT1","3_DISNEY_PIT1_B'H","B'h","2013-02-04","2013-02-04",152.0,204.0,"13FL097001",
"e7fa9db3-4d60-4507-845b-78808d332bce","D03","DSNY","MEGAPT100970","3_DISNEY_PIT1","3_DISNEY_PIT1_E'3","E'3","2013-02-04","2013-02-04",134.0,152.0,"13FL097001",
"86ff582b-a3ba-4391-b701-f7ec6d8dc566","D03","DSNY","MEGAPT100970","3_DISNEY_PIT1","3_DISNEY_PIT1_E","E","2013-02-04","2013-02-04",26.0,43.0,"13FL097001",
"30f93d7c-dac7-46ab-a59e-595c606ca48c","D03","DSNY","MEGAPT100970","3_DISNEY_PIT1","3_DISNEY_PIT1_BH2","Bh2","2013-02-04","2013-02-04",55.0,69.0,"13FL097001",
"7821065a-da55-4e19-a12f-b501c48fc629","D03","DSNY","MEGAPT100970","3_DISNEY_PIT1","3_DISNEY_PIT1_AP","Ap","2013-02-04","2013-02-04",0.0,9.0,"13FL097001",
"e556c80b-30a7-428e-bd30-29c713c2feec","D03","DSNY","MEGAPT100970","3_DISNEY_PIT1","3_DISNEY_PIT1_BH1","Bh1","2013-02-04","2013-02-04",43.0,55.0,"13FL097001",
