uid,domainID,siteID,pitNamedLocation,pitID,horizonID,horizonName,setDate,collectDate,horizonTopDepth,horizonBottomDepth,nrcsDescriptionID,remarks
"4c3fd4a9-cba0-466c-ba38-3588845b0145","D06","KONA","MEGAPT100977","6_KONZAAG_PIT1","6_KONZAAG_PIT1_BTSS","Btss","2014-08-04","2014-08-04",89.0,119.0,"S2014KS161503",
"15894034-f828-4fc1-8c37-e06543a973c2","D06","KONA","MEGAPT100977","6_KONZAAG_PIT1","6_KONZAAG_PIT1_BT2","Bt2","2014-08-04","2014-08-04",31.0,54.0,"S2014KS161503",
"ca67a6fa-5a98-482a-a3df-cfa8e1bfcf8b","D06","KONA","MEGAPT100977","6_KONZAAG_PIT1","6_KONZAAG_PIT1_AP","Ap","2014-08-04","2014-08-04",0.0,12.0,"S2014KS161503",
"33b04bf0-e19d-4554-83a9-160d17017fc7","D06","KONA","MEGAPT100977","6_KONZAAG_PIT1","6_KONZAAG_PIT1_BTK","Btk","2014-08-04","2014-08-04",156.0,206.0,"S2014KS161503",
"3375057e-e27e-4a3e-b389-f5ac710d92f6","D06","KONA","MEGAPT100977","6_KONZAAG_PIT1","6_KONZAAG_PIT1_BTKSS","Btkss","2014-08-04","2014-08-04",119.0,156.0,"S2014KS161503",
"d8e2a265-6461-4f27-a6ef-dc70e4734588","D06","KONA","MEGAPT100977","6_KONZAAG_PIT1","6_KONZAAG_PIT1_BT3","Bt3","2014-08-04","2014-08-04",54.0,89.0,"S2014KS161503",
"063bea99-3ee1-4a1d-8720-18bb0ed69400","D06","KONA","MEGAPT100977","6_KONZAAG_PIT1","6_KONZAAG_PIT1_BT1","Bt1","2014-08-04","2014-08-04",12.0,31.0,"S2014KS161503",
