uid,domainID,siteID,pitNamedLocation,pitID,horizonID,horizonName,setDate,collectDate,archiveID,archiveLaboratoryName,archiveTopDepth,archiveBottomDepth,remarks,sampleMass
"a4fffbd5-0066-450d-91a2-e30644c94722","D06","KONA","MEGAPT100977","6_KONZAAG_PIT1","6_KONZAAG_PIT1_BT2","Bt2","2014-08-04","2014-08-04","6_KONZAAG_PIT1_ARCHIVE_31-54_BT2","NEON",31.0,54.0,,3600.9
"ff639a32-8b3d-4c0c-b090-9287e642799c","D06","KONA","MEGAPT100977","6_KONZAAG_PIT1","6_KONZAAG_PIT1_BTSS","Btss","2014-08-04","2014-08-04","6_KONZAAG_PIT1_ARCHIVE_89-119_BTSS","NEON",89.0,119.0,,3601.1
"4bb755e6-6d82-4254-8e3c-380faaf0bb5f","D06","KONA","MEGAPT100977","6_KONZAAG_PIT1","6_KONZAAG_PIT1_BT3","Bt3","2014-08-04","2014-08-04","6_KONZAAG_PIT1_ARCHIVE_54-89_BT3","NEON",54.0,89.0,,3600.3
"69648675-c789-43bc-9adf-80d0ac424f8c","D06","KONA","MEGAPT100977","6_KONZAAG_PIT1","6_KONZAAG_PIT1_BT1","Bt1","2014-08-04","2014-08-04","6_KONZAAG_PIT1_ARCHIVE_12-31_BT1","NEON",12.0,31.0,,3604.2
"2a73223e-8d98-442b-9d28-17c0dd151430","D06","KONA","MEGAPT100977","6_KONZAAG_PIT1","6_KONZAAG_PIT1_BTKSS","Btkss","2014-08-04","2014-08-04","6_KONZAAG_PIT1_ARCHIVE_119-156_BTKSS","NEON",119.0,156.0,,3600.7
"d4fc2cb8-73eb-4953-906f-d007e7f82e60","D06","KONA","MEGAPT100977","6_KONZAAG_PIT1","6_KONZAAG_PIT1_BT2","Bt2","2014-08-04","2014-08-04",,,,,,
"b4a816ae-4e8a-49b2-a7dc-7b66acd8570d","D06","KONA","MEGAPT100977","6_KONZAAG_PIT1","6_KONZAAG_PIT1_BT2","Bt2","2014-08-04","2014-08-04",,,,,,
"e09b490e-5230-461a-9afa-ec0fb6f507cc","D06","KONA","MEGAPT100977","6_KONZAAG_PIT1","6_KONZAAG_PIT1_BT2","Bt2","2014-08-04","2014-08-04",,,,,,
"00c1ec95-e010-4d5f-beaa-77542bc6201e","D06","KONA","MEGAPT100977","6_KONZAAG_PIT1","6_KONZAAG_PIT1_AP","Ap","2014-08-04","2014-08-04","6_KONZAAG_PIT1_ARCHIVE_0-12_AP","NEON",0.0,12.0,,3601.4
"c1c9b183-c969-414f-a591-1e2965e107e5","D06","KONA","MEGAPT100977","6_KONZAAG_PIT1","6_KONZAAG_PIT1_BT2","Bt2","2014-08-04","2014-08-04",,,,,,
"c3f85be3-a9e5-412e-b013-723df0e730ef","D06","KONA","MEGAPT100977","6_KONZAAG_PIT1","6_KONZAAG_PIT1_BTK","Btk","2014-08-04","2014-08-04","6_KONZAAG_PIT1_ARCHIVE_156-206_BTK","NEON",156.0,206.0,,3602.2
