uid,domainID,siteID,pitNamedLocation,pitID,horizonID,bulkDensID,horizonName,setDate,collectDate,laboratoryName,labProjID,bulkDensCenterDepth,bulkDensTopDepth,bulkDensBottomDepth,bulkDensHorizonProportion,bulkDensSampleType,bulkDensExclCoarseFrag,remarks
"0278fd41-1989-40f7-adc8-f5f42427c773","D06","KONA","MEGAPT100977","6_KONZAAG_PIT1","6_KONZAAG_PIT1_BT2",,"Bt2","2014-08-04","2014-08-04","USDA NRCS Kellogg Soil Survey Laboratory - Lincoln - NE","I2014USKS075",,,,,,,"Bulk density audit sample appears not to have been collected"
"e13c14ea-7b58-4ad5-bd95-370f152120e9","D06","KONA","MEGAPT100977","6_KONZAAG_PIT1","6_KONZAAG_PIT1_BT2",,"Bt2","2014-08-04","2014-08-04","USDA NRCS Kellogg Soil Survey Laboratory - Lincoln - NE","I2014USKS075",,,,,,,"Bulk density audit sample appears not to have been collected"
"846956da-37d4-4b9e-bdcd-dfa956125c54","D06","KONA","MEGAPT100977","6_KONZAAG_PIT1","6_KONZAAG_PIT1_BT2",,"Bt2","2014-08-04","2014-08-04","USDA NRCS Kellogg Soil Survey Laboratory - Lincoln - NE","I2014USKS075",,,,,,,"Bulk density audit sample appears not to have been collected"
"39e3f0af-8f47-4b19-9e4b-1005ac322c05","D06","KONA","MEGAPT100977","6_KONZAAG_PIT1","6_KONZAAG_PIT1_AP","6_KONZAAG_PIT1_BULKD_0-10_AP","Ap","2014-08-04","2014-08-04","USDA NRCS Kellogg Soil Survey Laboratory - Lincoln - NE","I2014USKS075",5.0,0.0,10.0,1.0,"Regular",1.2811,
"5d5f35c0-b795-4827-a77e-a27f921bab4f","D06","KONA","MEGAPT100977","6_KONZAAG_PIT1","6_KONZAAG_PIT1_BTSS","6_KONZAAG_PIT1_BULKD_94-97_BTSS","Btss","2014-08-04","2014-08-04","USDA NRCS Kellogg Soil Survey Laboratory - Lincoln - NE","I2014USKS075",95.5,94.0,97.0,1.0,"Regular",1.6579,"4 x 3 cm Cores"
"a0c9a6e2-5766-40e3-b25a-eebf1c15479c","D06","KONA","MEGAPT100977","6_KONZAAG_PIT1","6_KONZAAG_PIT1_BTKSS","6_KONZAAG_PIT1_BULKD_121-124_BTKSS","Btkss","2014-08-04","2014-08-04","USDA NRCS Kellogg Soil Survey Laboratory - Lincoln - NE","I2014USKS075",122.5,121.0,124.0,1.0,"Regular",1.6440,"4 x 3 cm Cores"
"1c86f7e5-6199-49f6-a09a-5d829ad9104b","D06","KONA","MEGAPT100977","6_KONZAAG_PIT1","6_KONZAAG_PIT1_BT3","6_KONZAAG_PIT1_BULKD_65-85_BT3","Bt3","2014-08-04","2014-08-04","USDA NRCS Kellogg Soil Survey Laboratory - Lincoln - NE","I2014USKS075",70.0,65.0,75.0,1.0,"Regular",1.7187,"Bottom depth recorded as 85 cm. Changed to 75 cm as that matches depth on sample bag and sampling protocol guidelines and center depth"
"38e4ee5d-5366-492e-bb57-d03fc3a1509f","D06","KONA","MEGAPT100977","6_KONZAAG_PIT1","6_KONZAAG_PIT1_BTK","6_KONZAAG_PIT1_BULKD_160-163_BTK","Btk","2014-08-04","2014-08-04","USDA NRCS Kellogg Soil Survey Laboratory - Lincoln - NE","I2014USKS075",161.5,160.0,163.0,1.0,"Regular",1.6118,"4 x 3 cm Cores"
"c777bab8-3e58-4854-a3e9-eba38aaa758c","D06","KONA","MEGAPT100977","6_KONZAAG_PIT1","6_KONZAAG_PIT1_BT2","6_KONZAAG_PIT1_BULKD_32-42_BT2","Bt2","2014-08-04","2014-08-04","USDA NRCS Kellogg Soil Survey Laboratory - Lincoln - NE","I2014USKS075",37.0,32.0,42.0,1.0,"Regular",,"Sample was collected on 6 Aug 2014 but went missing after collection and before analytical lab login"
"3c96d0df-90d9-401c-8d9e-530fb2b415ba","D06","KONA","MEGAPT100977","6_KONZAAG_PIT1","6_KONZAAG_PIT1_BT2",,"Bt2","2014-08-04","2014-08-04","USDA NRCS Kellogg Soil Survey Laboratory - Lincoln - NE","I2014USKS075",,,,,,,"Bulk density audit sample appears not to have been collected"
"dc7844d2-5061-4685-aca1-4522aa395fc7","D06","KONA","MEGAPT100977","6_KONZAAG_PIT1","6_KONZAAG_PIT1_BT1","6_KONZAAG_PIT1_BULKD_13-23_BT1","Bt1","2014-08-04","2014-08-04","USDA NRCS Kellogg Soil Survey Laboratory - Lincoln - NE","I2014USKS075",18.0,13.0,23.0,1.0,"Regular",1.3534,
