uid,domainID,siteID,pitNamedLocation,pitID,horizonID,biogeoID,horizonName,biogeoHorizonProportion,biogeoSampleType,setDate,collectDate,coarseFrag2To5,coarseFrag5To20,sandTotal,siltTotal,clayTotal,carbonateClay,clayFineContent,siltFineContent,siltCoarseContent,sandVeryFineContent,sandFineContent,sandMediumContent,sandCoarseContent,sandVeryCoarseContent,carbonTot,nitrogenTot,sulfurTot,estimatedOC,airDryOvenDry,alMjelm,caMjelm,feMjelm,kMjelm,mgMjelm,mnMjelm,naMjelm,pMjelm,siMjelm,srMjelm,tiMjelm,zrMjelm,phCacl2,phH2o,ec12pre,gypsumConc,caco3Conc,caNh4d,kNh4d,mgNh4d,naNh4d,cecdNh4,alSatCecd33,baseSumCecd10,bsesatCecd10,ececCecd33,alKcl,feKcl,mnKcl,bSatx,brSatx,caSatx,clSatx,co3Satx,ecSatp,flSatx,waterSatx,hco3Sx,kSatx,mgSatx,naSatx,no2Satx,no3Satx,pSatx,phSp,resist,so4Satx,laboratoryName,labProjID,biogeoTopDepth,biogeoBottomDepth,biogeoCenterDepth,remarks
"fbd3caf9-0194-4127-b6d9-08c463a1674f","D18","TOOL","MEGAPT106787","D18_TOOL_PIT1","D18_TOOL_PIT1_OI","D18_TOOL_PIT1_BIOGEO_0-6_OI","Oi",1.0,"Regular","2016-04-20","2016-04-20",0,0,,,,,,,,,,,,,474.4,10.20,1.10,474.0,1.073,5859,3584,4029,3764,1613,1275,749,1188,43628,16,558,14,4.2,4.7,2.85,,,11.2,5.4,7.1,0.0,58.3,0,23.7,41,23.8,0.1,,40.4,,,,,,,,,,,,,,,,,,,"USDA NRCS Kellogg Soil Survey Laboratory - Lincoln - NE","I2016USAK117",0.0,6.0,3.0,
"466310a8-e890-46e9-94ba-d78018b344bc","D18","TOOL","MEGAPT106787","D18_TOOL_PIT1","D18_TOOL_PIT1_BG","D18_TOOL_PIT1_BIOGEO_21-45_BG","Bg",1.0,"Regular","2016-04-20","2016-04-20",30,35,45.1,36.9,18.0,,,24.1,12.8,10.9,14.6,10.4,5.2,4.0,15.2,0.70,0.10,15.0,1.007,33466,778,18899,5625,2430,82,3540,403,313761,41,3385,83,4.0,4.8,0.07,,,0.2,0.1,0.3,0.0,6.2,73,0.6,10,2.2,1.6,,1.7,,,,,,,,,,,,,,,,,,,"USDA NRCS Kellogg Soil Survey Laboratory - Lincoln - NE","I2016USAK117",21.0,45.0,33.0,
"b231fb6b-281a-4f6a-8bf9-6124cf293381","D18","TOOL","MEGAPT106787","D18_TOOL_PIT1","D18_TOOL_PIT1_OA","D18_TOOL_PIT1_BIOGEO_17-21_OA","Oa",1.0,"Regular","2016-04-20","2016-04-20",0,0,,,,,,,,,,,,,306.7,14.70,1.50,307.0,1.065,39742,1368,23280,6248,2079,246,1217,1329,91317,30,2060,56,4.0,4.6,0.52,0,,7.0,0.8,2.6,0.0,57.4,49,10.4,18,20.3,9.9,,14.8,,,,,,,,,,,,,,,,,,,"USDA NRCS Kellogg Soil Survey Laboratory - Lincoln - NE","I2016USAK117",17.0,21.0,19.0,
"d1e428ed-e758-4945-a52a-63882f63a841","D18","TOOL","MEGAPT106787","D18_TOOL_PIT1","D18_TOOL_PIT1_CG","D18_TOOL_PIT1_BIOGEO_45-73_CG","Cg",1.0,"Regular","2016-04-20","2016-04-20",27,29,44.7,36.0,19.3,,,23.5,12.5,10.7,14.4,10.4,5.3,3.9,15.1,0.80,0.10,15.0,1.008,36567,999,21726,6221,2666,112,3718,397,323978,44,3535,83,4.0,4.9,0.04,,,0.4,0.1,0.2,0.0,7.1,81,0.7,10,3.6,2.9,,4.0,,,,,,,,,,,,,,,,,,,"USDA NRCS Kellogg Soil Survey Laboratory - Lincoln - NE","I2016USAK117",45.0,73.0,59.0,
"9c0f7e3e-6f21-4aad-882b-9e83faa69585","D18","TOOL","MEGAPT106787","D18_TOOL_PIT1","D18_TOOL_PIT1_OE","D18_TOOL_PIT1_BIOGEO_6-17_OE","Oe",1.0,"Regular","2016-04-20","2016-04-20",0,0,,,,,,,,,,,,,408.7,11.90,1.20,409.0,1.074,19465,3241,16394,3804,1660,701,934,1145,65460,29,1139,31,4.1,4.8,0.96,0,,11.8,2.2,5.5,0.0,65.9,12,19.5,30,22.2,2.7,,44.6,,,,,,,,,,,,,,,,,,,"USDA NRCS Kellogg Soil Survey Laboratory - Lincoln - NE","I2016USAK117",6.0,17.0,11.5,
