uid,domainID,siteID,pitNamedLocation,pitID,horizonID,horizonName,setDate,collectDate,archiveID,archiveLaboratoryName,archiveTopDepth,archiveBottomDepth,remarks,sampleMass
"9f285f66-75a5-408f-8cd2-ea2dec052165","D18","TOOL","MEGAPT106787","D18_TOOL_PIT1","D18_TOOL_PIT1_BG","Bg","2016-04-20","2016-04-20","D18_TOOL_PIT1_ARCHIVE_21-45_BG","NEON",21.0,45.0,,3154.4
"e394d2b8-a3ba-4061-924f-4e98fd295ccf","D18","TOOL","MEGAPT106787","D18_TOOL_PIT1","D18_TOOL_PIT1_OA","Oa","2016-04-20","2016-04-20","D18_TOOL_PIT1_ARCHIVE_17-21_OA","NEON",17.0,21.0,,26.6
"915aa87d-786c-484b-97cb-ec5daa003d1f","D18","TOOL","MEGAPT106787","D18_TOOL_PIT1","D18_TOOL_PIT1_CG","Cg","2016-04-20","2016-04-20","D18_TOOL_PIT1_ARCHIVE_45-73_CG","NEON",45.0,73.0,,2317.5
"ceceb46d-adff-42c2-bd16-e02edb76a26a","D18","TOOL","MEGAPT106787","D18_TOOL_PIT1","D18_TOOL_PIT1_OE","Oe","2016-04-20","2016-04-20","D18_TOOL_PIT1_ARCHIVE_6-17_OE","NEON",6.0,17.0,,24.0
"463382ef-9bbc-43d0-a9d4-8686bb890628","D18","TOOL","MEGAPT106787","D18_TOOL_PIT1","D18_TOOL_PIT1_OI","Oi","2016-04-20","2016-04-20",,,,,,
