uid,domainID,siteID,pitNamedLocation,pitID,horizonID,horizonName,setDate,collectDate,horizonTopDepth,horizonBottomDepth,nrcsDescriptionID,remarks
"0d18a669-af89-4aed-a971-702193d4132b","D18","TOOL","MEGAPT106787","D18_TOOL_PIT1","D18_TOOL_PIT1_CG","Cg","2016-04-20","2016-04-20",45.0,73.0,"S2016AK185001","Soil horizons described from intact frozen soil cores. Insufficient material for an archive sample"
"021e38ae-6dcb-4ca5-92a3-ebedde9911e1","D18","TOOL","MEGAPT106787","D18_TOOL_PIT1","D18_TOOL_PIT1_BG","Bg","2016-04-20","2016-04-20",21.0,45.0,"S2016AK185001","Soil horizons described from intact frozen soil cores"
"762fa817-9c0f-4152-a745-1ba0d90d49b4","D18","TOOL","MEGAPT106787","D18_TOOL_PIT1","D18_TOOL_PIT1_OA","Oa","2016-04-20","2016-04-20",17.0,21.0,"S2016AK185001","Soil horizons described from intact frozen cores. Insufficient material collected for a bulk density or archive sample"
"30c5fa85-3b7d-4fc2-8f56-8aaf29be6061","D18","TOOL","MEGAPT106787","D18_TOOL_PIT1","D18_TOOL_PIT1_OI","Oi","2016-04-20","2016-04-20",0.0,6.0,"S2016AK185001","Soil horizons described from intact frozen cores. Insufficient material collected for a bulk density or archive sample"
"c06cd246-2456-416c-bdea-5117ef9d2a55","D18","TOOL","MEGAPT106787","D18_TOOL_PIT1","D18_TOOL_PIT1_OE","Oe","2016-04-20","2016-04-20",6.0,17.0,"S2016AK185001","Soil horizons described from intact frozen cores. Insufficient material collected for a bulk density or archive sample"
