uid,domainID,siteID,pitNamedLocation,pitID,horizonID,bulkDensID,horizonName,setDate,collectDate,laboratoryName,labProjID,bulkDensCenterDepth,bulkDensTopDepth,bulkDensBottomDepth,bulkDensHorizonProportion,bulkDensSampleType,bulkDensExclCoarseFrag,remarks
"e4f05c93-8f98-4950-a808-384ff053c249","D18","TOOL","MEGAPT106787","D18_TOOL_PIT1","D18_TOOL_PIT1_OA",,"Oa","2016-04-20","2016-04-20","USDA NRCS Kellogg Soil Survey Laboratory - Lincoln - NE","I2016USAK117",,,,,,,"Insufficient material collected for a bulk density sample due to difficulty collecting frozen cores"
"04248488-b53e-494f-a9a7-7fb80f1b34e2","D18","TOOL","MEGAPT106787","D18_TOOL_PIT1","D18_TOOL_PIT1_OI",,"Oi","2016-04-20","2016-04-20","USDA NRCS Kellogg Soil Survey Laboratory - Lincoln - NE","I2016USAK117",,,,,,,"Insufficient material collected for a bulk density sample due to difficulty collecting frozen cores"
"858e8637-ff9c-4c4f-a6e2-d867550be13c","D18","TOOL","MEGAPT106787","D18_TOOL_PIT1","D18_TOOL_PIT1_BG","D18_TOOL_PIT1_BULKD_21-45_BG","Bg","2016-04-20","2016-04-20","USDA NRCS Kellogg Soil Survey Laboratory - Lincoln - NE","I2016USAK117",33.0,21.0,45.0,1.0,"Regular",1.2293,"Depth of bulk density sample not recorded; top/bottom depths are min/max possible depths"
"c38e094d-17cb-4111-aaf7-6a2f5790e91e","D18","TOOL","MEGAPT106787","D18_TOOL_PIT1","D18_TOOL_PIT1_OE",,"Oe","2016-04-20","2016-04-20","USDA NRCS Kellogg Soil Survey Laboratory - Lincoln - NE","I2016USAK117",,,,,,,"Insufficient material collected for a bulk density sample due to difficulty collecting frozen cores"
"67c9eaa4-4870-496f-964d-9204f837bc9c","D18","TOOL","MEGAPT106787","D18_TOOL_PIT1","D18_TOOL_PIT1_CG","D18_TOOL_PIT1_BULKD_45-73_CG","Cg","2016-04-20","2016-04-20","USDA NRCS Kellogg Soil Survey Laboratory - Lincoln - NE","I2016USAK117",59.0,45.0,73.0,1.0,"Regular",1.9300,"Depth of bulk density sample not recorded; top/bottom depths are min/max possible depths"
