uid,namedLocation,domainID,siteID,plotID,nrcsDescriptionID,collectDate,horizonID,horizonName,biogeoIDnrcs,biogeoSampleType,biogeoTopDepth,biogeoBottomDepth,biogeoCenterDepth,particleSizeDistProcessedDate,particleSizeDistMethodPub,particleSizeDistMethod,coarseFrag2To5,coarseFrag5To20,sandTotal,siltTotal,clayTotal,carbonateClay,clayFineContent,siltFineContent,siltCoarseContent,sandVeryFineContent,sandFineContent,sandMediumContent,sandCoarseContent,sandVeryCoarseContent,laboratoryName,dataQF
"b9f73aee-d444-4875-8717-c12a13d95c5d","HEAL_045.basePlot.all","D19","HEAL","HEAL_045","S2017AK068045","2017-03-20","18N03025","C/Ajj1","S2017AK068045-3","bulk",21.0,32.0,26.5,,,,0.0,0.0,,,,,,,,,,,,,"USDA NRCS Kellogg Soil Survey Laboratory",
"422767a1-e3bd-4700-9874-355b91e5873a","HEAL_045.basePlot.all","D19","HEAL","HEAL_045","S2017AK068045","2017-03-20","18N03027","C/A'jj2","S2017AK068045-5","bulk",43.0,80.0,61.5,"2018-08-14","Kellogg Soil Survey Laboratory Methods Manual, Soil Survey Investigations Report No. 42 Version 5.0, Issued 2014","Routine Particle Size Distribution (3A1a1a)",0.0,0.0,35.7,50.7,13.6,,,36.1,14.6,15.8,12.9,5.5,1.3,0.2,"USDA NRCS Kellogg Soil Survey Laboratory",
"863b4a34-e818-49c9-a635-6768366657ca","HEAL_047.basePlot.all","D19","HEAL","HEAL_047","S2017AK068047","2017-03-20","18N03031","Oe","S2017AK068047-1","bulk",0.0,17.0,8.5,,,,0.0,0.0,,,,,,,,,,,,,"USDA NRCS Kellogg Soil Survey Laboratory",
"78ee188b-2a81-4f17-b3aa-8b1922b1dee4","HEAL_046.basePlot.all","D19","HEAL","HEAL_046","S2017AK068046","2017-03-20","18N03029","A/Cjj","S2017AK068046-2","bulk",12.0,25.0,18.5,,,,0.0,0.0,,,,,,,,,,,,,"USDA NRCS Kellogg Soil Survey Laboratory",
"c7ed31fc-9229-478f-92d7-74d684aed049","HEAL_045.basePlot.all","D19","HEAL","HEAL_045","S2017AK068045","2017-03-20","18N03024","A","S2017AK068045-2","bulk",7.0,21.0,14.0,,,,0.0,0.0,,,,,,,,,,,,,"USDA NRCS Kellogg Soil Survey Laboratory",
"5ca59072-3c95-4811-a9d2-1663c570fdca","HEAL_046.basePlot.all","D19","HEAL","HEAL_046","S2017AK068046","2017-03-20","18N03030","C/Ajj","S2017AK068046-3","bulk",25.0,70.0,47.5,"2018-08-14","Kellogg Soil Survey Laboratory Methods Manual, Soil Survey Investigations Report No. 42 Version 5.0, Issued 2014","Routine Particle Size Distribution (3A1a1a)",78.7,149.7,43.0,41.6,15.4,,,28.9,12.7,11.5,11.4,8.1,6.2,5.8,"USDA NRCS Kellogg Soil Survey Laboratory",
"8e441fef-9867-448f-ada2-9cd763f1e894","HEAL_045.basePlot.all","D19","HEAL","HEAL_045","S2017AK068045","2017-03-20","18N03026","Ajj","S2017AK068045-4","bulk",32.0,43.0,37.5,"2018-08-14","Kellogg Soil Survey Laboratory Methods Manual, Soil Survey Investigations Report No. 42 Version 5.0, Issued 2014","Routine Particle Size Distribution (3A1a1a)",17.7,5.3,48.5,42.2,9.3,,,29.7,12.5,17.7,17.5,10.3,2.9,0.1,"USDA NRCS Kellogg Soil Survey Laboratory",
"94a21c39-06e3-4156-b5bf-a372fde72820","HEAL_047.basePlot.all","D19","HEAL","HEAL_047","S2017AK068047","2017-03-20","18N03033","Cf","S2017AK068047-3","bulk",21.0,70.0,45.5,"2018-08-14","Kellogg Soil Survey Laboratory Methods Manual, Soil Survey Investigations Report No. 42 Version 5.0, Issued 2014","Routine Particle Size Distribution (3A1a1a)",27.5,40.4,40.2,44.2,15.6,,,29.6,14.6,14.7,10.9,8.3,3.7,2.6,"USDA NRCS Kellogg Soil Survey Laboratory",
"c3a3f842-4c85-4059-89cc-bda42a989b5e","HEAL_045.basePlot.all","D19","HEAL","HEAL_045","S2017AK068045","2017-03-20","18N03023","Oi","S2017AK068045-1","bulk",0.0,7.0,3.5,,,,0.0,0.0,,,,,,,,,,,,,"USDA NRCS Kellogg Soil Survey Laboratory",
"a35b3f9b-df6d-45a2-b1be-44abb3eb1236","HEAL_046.basePlot.all","D19","HEAL","HEAL_046","S2017AK068046","2017-03-20","18N03028","Oe","S2017AK068046-1","bulk",0.0,12.0,6.0,,,,0.0,0.0,,,,,,,,,,,,,"USDA NRCS Kellogg Soil Survey Laboratory",
"86946c2b-6cf9-4c2e-9363-8fdf74f22044","HEAL_047.basePlot.all","D19","HEAL","HEAL_047","S2017AK068047","2017-03-20","18N03032","A","S2017AK068047-2","bulk",17.0,21.0,19.0,,,,0.0,0.0,,,,,,,,,,,,,"USDA NRCS Kellogg Soil Survey Laboratory",
"d15284e9-400c-433c-92a1-0d83d5cd4bd2","HEAL_029.basePlot.all","D19","HEAL","HEAL_029","S2017AK068029","2017-03-21","18N03020","C1","S2017AK068029-3","bulk",14.0,25.0,19.5,"2018-08-14","Kellogg Soil Survey Laboratory Methods Manual, Soil Survey Investigations Report No. 42 Version 5.0, Issued 2014","Routine Particle Size Distribution (3A1a1a)",0.0,0.0,3.5,74.9,21.6,,,64.1,10.8,2.5,0.7,0.3,0.0,0.0,"USDA NRCS Kellogg Soil Survey Laboratory",
"35c56c93-35aa-4c38-9008-bba9a27cc1ef","HEAL_026.basePlot.all","D19","HEAL","HEAL_026","S2017AK068026","2017-03-21","18N03011","Oe","S2017AK068026-2","bulk",15.0,26.0,20.5,,,,0.0,0.0,,,,,,,,,,,,,"USDA NRCS Kellogg Soil Survey Laboratory",
"ba96501e-24b4-4adf-a341-7ec77462790d","HEAL_026.basePlot.all","D19","HEAL","HEAL_026","S2017AK068026","2017-03-21","18N03012","C/O1","S2017AK068026-3","bulk",26.0,51.0,38.5,"2018-08-14","Kellogg Soil Survey Laboratory Methods Manual, Soil Survey Investigations Report No. 42 Version 5.0, Issued 2014","Routine Particle Size Distribution (3A1a1a)",0.0,0.0,18.5,67.8,13.7,,,40.3,27.5,13.9,3.9,0.4,0.3,0.0,"USDA NRCS Kellogg Soil Survey Laboratory",
"464ab4d3-7f88-4bb3-bd0d-3d36c633efe7","HEAL_022.basePlot.all","D19","HEAL","HEAL_022","S2017AK068022","2017-03-21","18N03007","Oe","S2017AK068022-1","bulk",0.0,22.0,11.0,,,,0.0,0.0,,,,,,,,,,,,,"USDA NRCS Kellogg Soil Survey Laboratory",
"c953fddc-bc13-4f01-964d-c60a9e3e66c1","HEAL_029.basePlot.all","D19","HEAL","HEAL_029","S2017AK068029","2017-03-21","18N03019","Oe","S2017AK068029-2","bulk",7.0,14.0,10.5,,,,0.0,0.0,,,,,,,,,,,,,"USDA NRCS Kellogg Soil Survey Laboratory",
"c7c0bf23-6d07-4e2d-8085-e7336b23e246","HEAL_026.basePlot.all","D19","HEAL","HEAL_026","S2017AK068026","2017-03-21","18N03010","Oi","S2017AK068026-1","bulk",0.0,15.0,7.5,,,,0.0,0.0,,,,,,,,,,,,,"USDA NRCS Kellogg Soil Survey Laboratory",
"980f201c-cbcb-47f2-998c-20b00b5d0fc1","HEAL_029.basePlot.all","D19","HEAL","HEAL_029","S2017AK068029","2017-03-21","18N03021","C/A","S2017AK068029-4","bulk",25.0,37.0,31.0,"2018-08-14","Kellogg Soil Survey Laboratory Methods Manual, Soil Survey Investigations Report No. 42 Version 5.0, Issued 2014","Routine Particle Size Distribution (3A1a1a)",0.0,0.0,14.7,64.3,21.0,,,50.3,14.0,9.0,5.2,0.5,0.0,0.0,"USDA NRCS Kellogg Soil Survey Laboratory",
"1d9d5c70-50b8-4a6a-8646-b552c6975f55","HEAL_018.basePlot.all","D19","HEAL","HEAL_018","S2017AK068018","2017-03-21","18N03002","Cjj","S2017AK068018-3","bulk",31.0,60.0,45.5,"2018-08-14","Kellogg Soil Survey Laboratory Methods Manual, Soil Survey Investigations Report No. 42 Version 5.0, Issued 2014","Routine Particle Size Distribution (3A1a1a)",0.0,0.0,28.2,54.6,17.2,,,31.8,22.8,15.1,9.6,2.2,1.0,0.3,"USDA NRCS Kellogg Soil Survey Laboratory",
"4408a7a5-0798-4a8b-bd6d-25a91c4e8360","HEAL_026.basePlot.all","D19","HEAL","HEAL_026","S2017AK068026","2017-03-21","18N03013","C/O2","S2017AK068026-4","bulk",51.0,60.0,55.5,"2018-08-14","Kellogg Soil Survey Laboratory Methods Manual, Soil Survey Investigations Report No. 42 Version 5.0, Issued 2014","Routine Particle Size Distribution (3A1a1a)",0.0,0.0,11.3,71.1,17.6,,,46.6,24.5,8.0,2.7,0.5,0.1,0.0,"USDA NRCS Kellogg Soil Survey Laboratory",
"abea5951-3473-4f3e-9a66-7db3d2b4e996","HEAL_029.basePlot.all","D19","HEAL","HEAL_029","S2017AK068029","2017-03-21","18N03018","Oi","S2017AK068029-1","bulk",0.0,7.0,3.5,,,,0.0,0.0,,,,,,,,,,,,,"USDA NRCS Kellogg Soil Survey Laboratory",
"3002a415-51f9-46e2-a95e-00df535185a7","HEAL_018.basePlot.all","D19","HEAL","HEAL_018","S2017AK068018","2017-03-21","18N03000","Oi","S2017AK068018-1","bulk",0.0,7.0,3.5,,,,0.0,0.0,,,,,,,,,,,,,"USDA NRCS Kellogg Soil Survey Laboratory",
"a2296348-537f-436c-ba07-564a7fa2834b","HEAL_029.basePlot.all","D19","HEAL","HEAL_029","S2017AK068029","2017-03-21","18N03022","C'2","S2017AK068029-5","bulk",37.0,60.0,48.5,"2018-08-14","Kellogg Soil Survey Laboratory Methods Manual, Soil Survey Investigations Report No. 42 Version 5.0, Issued 2014","Routine Particle Size Distribution (3A1a1a)",0.0,0.0,26.1,52.9,21.0,,,37.3,15.6,14.9,8.7,1.7,0.6,0.2,"USDA NRCS Kellogg Soil Survey Laboratory",
"edb5c8f3-cb04-408e-bc1d-48a37d391eef","HEAL_022.basePlot.all","D19","HEAL","HEAL_022","S2017AK068022","2017-03-21","18N03008","Bg","S2017AK068022-2","bulk",22.0,54.0,38.0,"2018-08-14","Kellogg Soil Survey Laboratory Methods Manual, Soil Survey Investigations Report No. 42 Version 5.0, Issued 2014","Routine Particle Size Distribution (3A1a1a)",75.6,51.5,36.8,46.7,16.5,,,29.0,17.7,11.9,11.5,6.0,4.5,2.9,"USDA NRCS Kellogg Soil Survey Laboratory",
"36d390e1-be6a-4f8d-b7ca-93e98002fb75","HEAL_022.basePlot.all","D19","HEAL","HEAL_022","S2017AK068022","2017-03-21","18N03009","Bjj/A","S2017AK068022-3","bulk",54.0,90.0,72.0,"2018-08-14","Kellogg Soil Survey Laboratory Methods Manual, Soil Survey Investigations Report No. 42 Version 5.0, Issued 2014","Routine Particle Size Distribution (3A1a1a)",46.8,84.7,32.3,46.1,21.6,,,28.9,17.2,12.3,7.8,6.6,3.3,2.3,"USDA NRCS Kellogg Soil Survey Laboratory",
"422b1cf2-e956-4629-ba1d-e4a7ee5470ac","HEAL_018.basePlot.all","D19","HEAL","HEAL_018","S2017AK068018","2017-03-21","18N03001","Oe","S2017AK068018-2","bulk",7.0,31.0,19.0,,,,0.0,0.0,,,,,,,,,,,,,"USDA NRCS Kellogg Soil Survey Laboratory",
"3a380db5-cab9-4060-afa2-1dc5e7d664fb","HEAL_026.basePlot.all","D19","HEAL","HEAL_026","S2017AK068026","2017-03-21","18N03014","Cf","S2017AK068026-5","bulk",60.0,80.0,70.0,"2018-08-14","Kellogg Soil Survey Laboratory Methods Manual, Soil Survey Investigations Report No. 42 Version 5.0, Issued 2014","Routine Particle Size Distribution (3A1a1a)",0.0,0.0,27.4,56.6,16.0,,,33.0,23.6,14.1,8.5,2.9,1.5,0.4,"USDA NRCS Kellogg Soil Survey Laboratory",
"b8281fae-1aa8-4d27-bb39-8f3152cfe123","HEAL_020.basePlot.all","D19","HEAL","HEAL_020","S2017AK068020","2017-03-22","18N03006","Bwb","S2017AK068020-5","bulk",51.0,80.0,65.5,"2018-08-14","Kellogg Soil Survey Laboratory Methods Manual, Soil Survey Investigations Report No. 42 Version 5.0, Issued 2014","Routine Particle Size Distribution (3A1a1a)",0.0,0.0,29.8,51.6,18.6,,,34.1,17.5,12.5,12.1,4.2,0.8,0.2,"USDA NRCS Kellogg Soil Survey Laboratory",
"a1575181-4531-4c60-a858-2a04a6069544","HEAL_020.basePlot.all","D19","HEAL","HEAL_020","S2017AK068020","2017-03-22","18N03004","C/A","S2017AK068020-3","bulk",17.0,26.0,21.5,"2018-08-14","Kellogg Soil Survey Laboratory Methods Manual, Soil Survey Investigations Report No. 42 Version 5.0, Issued 2014","Routine Particle Size Distribution (3A1a1a)",0.0,0.0,15.8,64.9,19.3,,,50.6,14.3,9.6,4.9,1.0,0.3,0.0,"USDA NRCS Kellogg Soil Survey Laboratory",
"601e860f-a842-4898-b2a6-22e81dc7a765","HEAL_007.basePlot.all","D19","HEAL","HEAL_007","S2017AK068007","2017-03-22","18N02989","Cjjf","S2017AK068007-4","bulk",34.0,60.0,47.0,"2018-08-14","Kellogg Soil Survey Laboratory Methods Manual, Soil Survey Investigations Report No. 42 Version 5.0, Issued 2014","Routine Particle Size Distribution (3A1a1a)",18.0,20.0,34.5,53.9,11.6,,,35.1,18.8,12.7,14.6,3.0,3.0,1.2,"USDA NRCS Kellogg Soil Survey Laboratory",
"3f71b332-6ec5-455a-a66a-1a086c1755dc","HEAL_007.basePlot.all","D19","HEAL","HEAL_007","S2017AK068007","2017-03-22","18N02986","Oi","S2017AK068007-1","bulk",0.0,7.0,3.5,,,,0.0,0.0,,,,,,,,,,,,,"USDA NRCS Kellogg Soil Survey Laboratory",
"db970127-6341-42d2-bb12-34708d81a081","HEAL_012.basePlot.all","D19","HEAL","HEAL_012","S2017AK068012","2017-03-22","18N02994","C/Ajjfg","S2017AK068012-5","bulk",100.0,120.0,110.0,"2018-08-14","Kellogg Soil Survey Laboratory Methods Manual, Soil Survey Investigations Report No. 42 Version 5.0, Issued 2014","Routine Particle Size Distribution (3A1a1a)",3.5,7.1,37.3,55.1,7.6,,,32.9,22.2,15.6,14.3,6.0,1.2,0.2,"USDA NRCS Kellogg Soil Survey Laboratory",
"cdf3e93d-43d5-45da-b7d6-62a156c40560","HEAL_012.basePlot.all","D19","HEAL","HEAL_012","S2017AK068012","2017-03-22","18N02992","Cg","S2017AK068012-3","bulk",33.0,46.0,39.5,"2018-08-14","Kellogg Soil Survey Laboratory Methods Manual, Soil Survey Investigations Report No. 42 Version 5.0, Issued 2014","Routine Particle Size Distribution (3A1a1a)",24.6,38.8,29.2,59.9,10.9,,,37.4,22.5,11.7,9.0,6.2,2.0,0.3,"USDA NRCS Kellogg Soil Survey Laboratory",
"d185ccd1-928e-48a4-8ad8-3018bd60fe16","HEAL_020.basePlot.all","D19","HEAL","HEAL_020","S2017AK068020","2017-03-22","18N03005","C2","S2017AK068020-4","bulk",26.0,51.0,38.5,"2018-08-14","Kellogg Soil Survey Laboratory Methods Manual, Soil Survey Investigations Report No. 42 Version 5.0, Issued 2014","Routine Particle Size Distribution (3A1a1a)",0.0,0.0,17.9,65.4,16.7,,,40.0,25.4,12.9,3.7,0.9,0.3,0.1,"USDA NRCS Kellogg Soil Survey Laboratory",
"7f61d15d-d201-46a3-866d-ca6c68a42b9d","HEAL_007.basePlot.all","D19","HEAL","HEAL_007","S2017AK068007","2017-03-22","18N02987","Oa","S2017AK068007-2","bulk",7.0,26.0,16.5,,,,0.0,0.0,,,,,,,,,,,,,"USDA NRCS Kellogg Soil Survey Laboratory",
"4a893597-9128-4ca8-ad12-6df2f3663784","HEAL_007.basePlot.all","D19","HEAL","HEAL_007","S2017AK068007","2017-03-22","18N02988","Oe","S2017AK068007-3","bulk",26.0,34.0,30.0,,,,0.0,0.0,,,,,,,,,,,,,"USDA NRCS Kellogg Soil Survey Laboratory",
"16f869fc-ea48-4784-acb3-a4b2241ba269","HEAL_020.basePlot.all","D19","HEAL","HEAL_020","S2017AK068020","2017-03-22","18N03003","C1","S2017AK068020-2","bulk",5.0,17.0,11.0,"2018-08-14","Kellogg Soil Survey Laboratory Methods Manual, Soil Survey Investigations Report No. 42 Version 5.0, Issued 2014","Routine Particle Size Distribution (3A1a1a)",0.0,0.0,51.8,37.7,10.5,,,18.9,18.8,25.4,24.2,1.8,0.4,0.0,"USDA NRCS Kellogg Soil Survey Laboratory",
"611573d3-0beb-45ae-8bde-47343b69fb47","HEAL_012.basePlot.all","D19","HEAL","HEAL_012","S2017AK068012","2017-03-22","18N02991","Oa","S2017AK068012-2","bulk",7.0,33.0,20.0,,,,0.0,0.0,,,,,,,,,,,,,"USDA NRCS Kellogg Soil Survey Laboratory",
"7ddbb0df-65c3-48c2-b131-7427cb2446a4","HEAL_012.basePlot.all","D19","HEAL","HEAL_012","S2017AK068012","2017-03-22","18N02990","Oi","S2017AK068012-1","bulk",0.0,7.0,3.5,,,,0.0,0.0,,,,,,,,,,,,,"USDA NRCS Kellogg Soil Survey Laboratory",
"5be57900-820e-4d83-96b9-23568faf3d05","HEAL_017.basePlot.all","D19","HEAL","HEAL_017","S2017AK068017","2017-03-22","18N02998","Cg","S2017AK068017-2","bulk",6.0,30.0,18.0,"2018-08-14","Kellogg Soil Survey Laboratory Methods Manual, Soil Survey Investigations Report No. 42 Version 5.0, Issued 2014","Routine Particle Size Distribution (3A1a1a)",10.5,0.0,68.6,22.8,8.6,,,11.9,10.9,16.0,26.0,19.5,5.7,1.4,"USDA NRCS Kellogg Soil Survey Laboratory",
"22098b03-6d12-4d46-b005-d0cb230f6846","HEAL_017.basePlot.all","D19","HEAL","HEAL_017","S2017AK068017","2017-03-22","18N02997","Oe","S2017AK068017-1","bulk",0.0,6.0,3.0,,,,0.0,0.0,,,,,,,,,,,,,"USDA NRCS Kellogg Soil Survey Laboratory",
"7e5e2fdb-7f7a-4b7b-81bc-df28f93d8d87","HEAL_017.basePlot.all","D19","HEAL","HEAL_017","S2017AK068017","2017-03-22","18N02999","2Cg","S2017AK068017-3","bulk",30.0,80.0,55.0,"2018-08-14","Kellogg Soil Survey Laboratory Methods Manual, Soil Survey Investigations Report No. 42 Version 5.0, Issued 2014","Routine Particle Size Distribution (3A1a1a)",0.0,0.0,51.2,36.2,12.6,,,20.3,15.9,13.7,18.7,12.7,4.6,1.5,"USDA NRCS Kellogg Soil Survey Laboratory",
"24f07c07-58e1-4ce1-88bd-0cfdd8a20595","HEAL_012.basePlot.all","D19","HEAL","HEAL_012","S2017AK068012","2017-03-22","18N02993","C/Ajjg","S2017AK068012-4","bulk",46.0,100.0,73.0,"2018-08-14","Kellogg Soil Survey Laboratory Methods Manual, Soil Survey Investigations Report No. 42 Version 5.0, Issued 2014","Routine Particle Size Distribution (3A1a1a)",15.0,26.9,40.6,51.9,7.5,,,31.7,20.2,17.1,14.3,6.9,1.7,0.6,"USDA NRCS Kellogg Soil Survey Laboratory",
"4394e52f-d9f9-4405-8ff7-8b964ac73c60","HEAL_027.basePlot.all","D19","HEAL","HEAL_027","S2017AK068027","2017-03-23","18N03015","Oe","S2017AK068027-1","bulk",0.0,12.0,6.0,,,,0.0,0.0,,,,,,,,,,,,,"USDA NRCS Kellogg Soil Survey Laboratory",
"b07d17c3-7fb2-4791-b244-ed4af1325cf7","HEAL_016.basePlot.all","D19","HEAL","HEAL_016","S2017AK068016","2017-03-23","18N02995","Oe","S2017AK068016-1","bulk",0.0,51.0,25.5,,,,0.0,0.0,,,,,,,,,,,,,"USDA NRCS Kellogg Soil Survey Laboratory",
"22f43697-7f90-4073-8ceb-3f399b9d98f5","HEAL_027.basePlot.all","D19","HEAL","HEAL_027","S2017AK068027","2017-03-23","18N03016","A","S2017AK068027-2","bulk",12.0,19.0,15.5,"2018-08-14","Kellogg Soil Survey Laboratory Methods Manual, Soil Survey Investigations Report No. 42 Version 5.0, Issued 2014","Routine Particle Size Distribution (3A1a1a)",0.0,0.0,14.3,62.5,23.2,,,49.8,12.7,9.1,4.5,0.5,0.1,0.1,"USDA NRCS Kellogg Soil Survey Laboratory",
"42e0549f-a95d-48b5-b011-5f46bb0bdf3c","HEAL_002.basePlot.all","D19","HEAL","HEAL_002","S2017AK068002","2017-03-23","18N02981","C2","S2017AK068002-3","bulk",14.0,60.0,37.0,"2018-08-14","Kellogg Soil Survey Laboratory Methods Manual, Soil Survey Investigations Report No. 42 Version 5.0, Issued 2014","Routine Particle Size Distribution (3A1a1a)",22.3,37.3,31.9,50.5,17.6,,,32.8,17.7,11.2,11.6,4.8,2.5,1.8,"USDA NRCS Kellogg Soil Survey Laboratory",
"4cab81f4-7b42-4040-9836-c796ddfad6b0","HEAL_002.basePlot.all","D19","HEAL","HEAL_002","S2017AK068002","2017-03-23","18N02979","Oi","S2017AK068002-1","bulk",0.0,7.0,3.5,,,,0.0,0.0,,,,,,,,,,,,,"USDA NRCS Kellogg Soil Survey Laboratory",
"61587ccb-ac97-4e64-a096-f0035670407c","HEAL_006.basePlot.all","D19","HEAL","HEAL_006","S2017AK068006","2017-03-23","18N02983","Oa","S2017AK068006-2","bulk",10.0,30.0,20.0,,,,0.0,0.0,,,,,,,,,,,,,"USDA NRCS Kellogg Soil Survey Laboratory",
"e38cbe7b-6460-41cd-9e0a-186c103ad972","HEAL_027.basePlot.all","D19","HEAL","HEAL_027","S2017AK068027","2017-03-23","18N03017","C","S2017AK068027-3","bulk",19.0,60.0,39.5,"2018-08-14","Kellogg Soil Survey Laboratory Methods Manual, Soil Survey Investigations Report No. 42 Version 5.0, Issued 2014","Routine Particle Size Distribution (3A1a1a)",0.0,0.0,36.6,44.0,19.4,,,31.4,12.6,15.2,13.8,6.4,1.2,0.0,"USDA NRCS Kellogg Soil Survey Laboratory",
"4bb8a62e-9789-4714-b961-748f5e0fe0e4","HEAL_002.basePlot.all","D19","HEAL","HEAL_002","S2017AK068002","2017-03-23","18N02980","C1","S2017AK068002-2","bulk",7.0,14.0,10.5,"2018-08-14","Kellogg Soil Survey Laboratory Methods Manual, Soil Survey Investigations Report No. 42 Version 5.0, Issued 2014","Routine Particle Size Distribution (3A1a1a)",13.2,82.0,30.8,49.5,19.7,,,32.6,16.9,10.7,10.5,4.5,3.1,2.0,"USDA NRCS Kellogg Soil Survey Laboratory",
"6eaa6591-29c0-466e-98c5-a9c0bec8f92e","HEAL_006.basePlot.all","D19","HEAL","HEAL_006","S2017AK068006","2017-03-23","18N02982","Oe","S2017AK068006-1","bulk",0.0,10.0,5.0,,,,0.0,0.0,,,,,,,,,,,,,"USDA NRCS Kellogg Soil Survey Laboratory",
"efa2c0b2-4b58-480c-9106-cc5d27b939c0","HEAL_006.basePlot.all","D19","HEAL","HEAL_006","S2017AK068006","2017-03-23","18N02985","Cfg","S2017AK068006-4","bulk",46.0,90.0,68.0,"2018-08-14","Kellogg Soil Survey Laboratory Methods Manual, Soil Survey Investigations Report No. 42 Version 5.0, Issued 2014","Routine Particle Size Distribution (3A1a1a)",11.4,12.7,31.3,53.4,15.3,,,34.4,19.0,11.5,11.5,5.5,1.9,0.9,"USDA NRCS Kellogg Soil Survey Laboratory",
"b1542068-2aad-4f09-b062-ae07610daf9e","HEAL_006.basePlot.all","D19","HEAL","HEAL_006","S2017AK068006","2017-03-23","18N02984","Cg","S2017AK068006-3","bulk",30.0,46.0,38.0,"2018-08-14","Kellogg Soil Survey Laboratory Methods Manual, Soil Survey Investigations Report No. 42 Version 5.0, Issued 2014","Routine Particle Size Distribution (3A1a1a)",6.7,3.7,28.9,55.1,16.0,,,36.3,18.8,12.1,10.9,4.5,1.2,0.2,"USDA NRCS Kellogg Soil Survey Laboratory",
"35dc26ce-ebd2-4f04-80ba-a22cee4bf2f1","HEAL_016.basePlot.all","D19","HEAL","HEAL_016","S2017AK068016","2017-03-23","18N02996","Cfg","S2017AK068016-2","bulk",51.0,80.0,65.5,"2018-08-14","Kellogg Soil Survey Laboratory Methods Manual, Soil Survey Investigations Report No. 42 Version 5.0, Issued 2014","Routine Particle Size Distribution (3A1a1a)",62.9,103.2,41.1,41.7,17.2,,,25.3,16.4,12.1,16.6,5.0,4.8,2.6,"USDA NRCS Kellogg Soil Survey Laboratory",
