uid,domainID,siteID,plotID,namedLocation,plotType,nlcdClass,geodeticDatum,decimalLatitude,decimalLongitude,coordinateUncertainty,elevation,elevationUncertainty,collectDate,referenceCorner,sampleDistance,sampleBearing,pitID,testProtocolVersion,soilSamplingMethod,sampleRelativeLocation,pitDepth,recordedByA,soilProfileDescriberA,soilProfileDescriberInst,nrcsDescriptionID,soilSeries,soilFamily,soilSubgroup,soilGreatGroup,soilSuborder,soilOrder,remarks,dataQF
"016ea042-4d92-4078-9e49-fb5d3f81c677","D19","HEAL","HEAL_046","HEAL_046.basePlot.all","tower","shrubScrub","WGS84",63.873367,-149.216447,20.1,691.0,0.1,"2017-03-20","SW20",1.2,183,"1115432","Field Book for Describing and Sampling Soils ver3","soil core","Center of pit",70,"Qw/J7SE3FUjWihDS7M49jA==","Qw/J7SE3FUjWihDS7M49jA==","Natural Resource Conservation Service","S2017AK068046","Alpine-tussock-scrub silty loess slopes, frozen","Coarse-silty Typic Haploturbels","typic haploturbels","haploturbels","turbels","gelisols",,
"03bf9a82-0604-4371-a0bf-9ca7fb1a4321","D19","HEAL","HEAL_045","HEAL_045.basePlot.all","tower","dwarfScrub","WGS84",63.875485,-149.219030,20.1,683.4,0.1,"2017-03-20","SW20",1.0,180,"1115431","Field Book for Describing and Sampling Soils ver3","soil core","Center of pit",80,"Qw/J7SE3FUjWihDS7M49jA==","Qw/J7SE3FUjWihDS7M49jA==","Natural Resource Conservation Service","S2017AK068045","Alpine-tussock-scrub silty loess slopes, frozen","Coarse-silty Typic Haploturbels","typic haploturbels","haploturbels","turbels","gelisols",,
"d2186bfa-7102-47fe-a4a5-653adcbddca2","D19","HEAL","HEAL_047","HEAL_047.basePlot.all","tower","shrubScrub","WGS84",63.872772,-149.220657,20.2,688.3,0.4,"2017-03-20","SW20",0.9,180,"1115433","Field Book for Describing and Sampling Soils ver3","soil core","Center of pit",70,"Qw/J7SE3FUjWihDS7M49jA==","Qw/J7SE3FUjWihDS7M49jA==","Natural Resource Conservation Service","S2017AK068047","Alpine-tussock-scrub silty loess slopes, frozen","Coarse-silty Typic Haplorthels","typic haplorthels","haplorthels","orthels","gelisols",,
"e5c5e268-a1df-4304-8841-6546d50cd314","D19","HEAL","HEAL_022","HEAL_022.basePlot.all","distributed","shrubScrub","WGS84",63.887474,-149.212622,20.1,630.6,0.2,"2017-03-21","SW20",0.7,180,"1115426","Field Book for Describing and Sampling Soils ver3","soil core","Center of pit",90,"Qw/J7SE3FUjWihDS7M49jA==","Qw/J7SE3FUjWihDS7M49jA==","Natural Resource Conservation Service","S2017AK068022","Alpine-tussock-scrub silty loess slopes, frozen","Coarse-silty Typic Histoturbels","typic histoturbels","histoturbels","turbels","gelisols",,
"c0a4d4a1-554e-478d-823a-81b8918b362b","D19","HEAL","HEAL_029","HEAL_029.basePlot.all","distributed","evergreenForest","WGS84",63.869787,-149.256455,20.1,671.7,0.1,"2017-03-21","SW20",0.6,183,"1115430","Field Book for Describing and Sampling Soils ver3","soil core","Center of pit",60,"Qw/J7SE3FUjWihDS7M49jA==","Qw/J7SE3FUjWihDS7M49jA==","Natural Resource Conservation Service","S2017AK068029","Subalpine-riparian scrub loamy drains","Coarse-loamy Typic Cryofluvents","typic cryofluvents","cryofluvents","fluvents","entisols",,
"7d9e078e-4010-4de8-b0f9-eb535aa7b845","D19","HEAL","HEAL_018","HEAL_018.basePlot.all","distributed","shrubScrub","WGS84",63.862656,-149.249124,20.1,701.8,0.2,"2017-03-21","SW20",0.6,180,"1115424","Field Book for Describing and Sampling Soils ver3","soil core","Center of pit",60,"Qw/J7SE3FUjWihDS7M49jA==","Qw/J7SE3FUjWihDS7M49jA==","Natural Resource Conservation Service","S2017AK068018","Alpine-sedge bog organic depressions, frozen","Coarse-silty, superactive Typic Histoturbels","typic histoturbels","histoturbels","turbels","gelisols",,
"5967017e-9f89-4326-abe9-66aca2bbf5bb","D19","HEAL","HEAL_026","HEAL_026.basePlot.all","distributed","evergreenForest","WGS84",63.886715,-149.189968,20.1,592.8,0.3,"2017-03-21","SW20",0.9,183,"1115428","Field Book for Describing and Sampling Soils ver3","soil core","Center of pit",80,"Qw/J7SE3FUjWihDS7M49jA==","Qw/J7SE3FUjWihDS7M49jA==","Natural Resource Conservation Service","S2017AK068026","Subalpine-riparian scrub loamy drains","Coarse-silty Typic Cryofluvents","typic cryofluvents","cryofluvents","fluvents","entisols",,
"55d6dac8-02a9-4187-b7ad-3921bd09db9a","D19","HEAL","HEAL_007","HEAL_007.basePlot.all","distributed","dwarfScrub","WGS84",63.878349,-149.277290,20.1,640.2,0.2,"2017-03-22","SW20",0.8,185,"1115420","Field Book for Describing and Sampling Soils ver3","soil core","Center of pit",60,"Qw/J7SE3FUjWihDS7M49jA==","Qw/J7SE3FUjWihDS7M49jA==","Natural Resource Conservation Service","S2017AK068007","Alpine-tussock-scrub silty loess slopes, frozen","Coarse-silty, superactive, subgelic Typic Histoturbels","typic histoturbels","histoturbels","turbels","gelisols",,
"8a2f4dae-ad0d-4c87-a50d-ed4509fd9882","D19","HEAL","HEAL_020","HEAL_020.basePlot.all","distributed","shrubScrub","WGS84",63.871707,-149.271288,20.1,654.9,0.1,"2017-03-22","SW20",0.8,182,"1115425","Field Book for Describing and Sampling Soils ver3","soil core","Center of pit",80,"Qw/J7SE3FUjWihDS7M49jA==","Qw/J7SE3FUjWihDS7M49jA==","Natural Resource Conservation Service","S2017AK068020","Subalpine-riparian scrub loamy drains","Coarse-loamy, superactive Aquic Cryofluvents","aquic cryofluvents","cryofluvents","fluvents","entisols",,
"15de0c00-a3f1-4c9c-b46f-fc2bba2e6b51","D19","HEAL","HEAL_017","HEAL_017.basePlot.all","distributed","shrubScrub","WGS84",63.866486,-149.260444,20.2,677.8,0.3,"2017-03-22","SW20",0.8,175,"1115423","Field Book for Describing and Sampling Soils ver3","soil core","Center of pit",80,"Qw/J7SE3FUjWihDS7M49jA==","Qw/J7SE3FUjWihDS7M49jA==","Natural Resource Conservation Service","S2017AK068017","Subalpine-riparian scrub loamy drains","Coarse-loamy, superactive, subgelic Typic Fluvaquents","typic fluvaquents","fluvaquents","aquents","entisols",,
"bdd9ddf7-39aa-4a73-9971-9bfdd8412a37","D19","HEAL","HEAL_012","HEAL_012.basePlot.all","distributed","dwarfScrub","WGS84",63.869816,-149.272955,20.1,660.1,0.1,"2017-03-22","SW20",0.9,191,"1115421","Field Book for Describing and Sampling Soils ver3","soil core","Center of pit",120,"Qw/J7SE3FUjWihDS7M49jA==","Qw/J7SE3FUjWihDS7M49jA==","Natural Resource Conservation Service","S2017AK068012","Alpine-tussock-scrub silty loess slopes, frozen","Coarse-silty, superactive, subgelic Typic Histoturbels","typic histoturbels","histoturbels","turbels","gelisols",,
"b0313217-01aa-48c9-9b4a-d8967a833cec","D19","HEAL","HEAL_002","HEAL_002.basePlot.all","distributed","dwarfScrub","WGS84",63.871136,-149.240036,20.2,696.7,0.2,"2017-03-23","SW20",0.6,177,"1115418","Field Book for Describing and Sampling Soils ver3","soil core","Center of pit",60,"Qw/J7SE3FUjWihDS7M49jA==","Qw/J7SE3FUjWihDS7M49jA==","Natural Resource Conservation Service","S2017AK068002","Alpine-tussock-scrub silty loess slopes, frozen","Coarse-silty, superactive Typic Gelaquepts","typic gelaquepts","gelaquepts","aquepts","inceptisols",,
"90313e06-9c96-4d4a-8a06-03500a2769e4","D19","HEAL","HEAL_027","HEAL_027.basePlot.all","distributed","evergreenForest","WGS84",63.867913,-149.255700,20.1,675.4,0.1,"2017-03-23","SW20",0.5,180,"1115429","Field Book for Describing and Sampling Soils ver3","soil core","Center of pit",60,"Qw/J7SE3FUjWihDS7M49jA==","Qw/J7SE3FUjWihDS7M49jA==","Natural Resource Conservation Service","S2017AK068027","Subalpine-riparian scrub loamy drains","Coarse-silty Typic Dystrogelepts","typic dystrogelepts","dystrogelepts","gelepts","inceptisols",,
"4bd41a01-bf76-4a19-9d2d-48bfcb4bad48","D19","HEAL","HEAL_006","HEAL_006.basePlot.all","distributed","dwarfScrub","WGS84",63.869586,-149.287604,20.1,648.4,0.2,"2017-03-23","SW20",0.5,182,"1115419","Field Book for Describing and Sampling Soils ver3","soil core","Center of pit",90,"Qw/J7SE3FUjWihDS7M49jA==","Qw/J7SE3FUjWihDS7M49jA==","Natural Resource Conservation Service","S2017AK068006","Alpine-tussock-scrub silty loess slopes, frozen","Coarse-silty, superactive, subgelic Typic Historthels","typic historthels","historthels","orthels","gelisols",,
"4f2b971e-d416-4376-9d89-eb5aa4a1b9b5","D19","HEAL","HEAL_016","HEAL_016.basePlot.all","distributed","shrubScrub","WGS84",63.877347,-149.202685,20.1,652.3,0.1,"2017-03-23","SW20",0.6,187,"1115422","Field Book for Describing and Sampling Soils ver3","soil core","Center of pit",80,"Qw/J7SE3FUjWihDS7M49jA==","Qw/J7SE3FUjWihDS7M49jA==","Natural Resource Conservation Service","S2017AK068016","Alpine-sedge bog organic depressions, frozen","Loamy, superactive, subgelic Terric Hemistels","terric hemistels","hemistels","histels","gelisols",,
