uid,domainID,siteID,plotID,namedLocation,plotType,nlcdClass,geodeticDatum,decimalLatitude,decimalLongitude,coordinateUncertainty,elevation,elevationUncertainty,collectDate,referenceCorner,sampleDistance,sampleBearing,pitID,testProtocolVersion,soilSamplingMethod,sampleRelativeLocation,pitDepth,recordedByA,soilProfileDescriberA,soilProfileDescriberInst,nrcsDescriptionID,soilSeries,soilFamily,soilSubgroup,soilGreatGroup,soilSuborder,soilOrder,remarks,dataQF
"00ab244d-1ecb-453c-9dd5-9d6cdf843087","D20","PUUM","PUUM_034","PUUM_034.basePlot.all","tower","evergreenForest","WGS84",19.549124,-155.312265,20.2,1646.6,0.2,"2018-06-19","SW20",0.4,230,"1220106","Field Book for Describing and Sampling Soils ver3","soil core","CENTER OF PIT",30,"MvYnY9d1kdlkZewGyNanfw==","7NLIueZE5bkRI99y2CLWng==","Natural Resource Conservation Service","S2018HI001034","Lalaau","Euic, isomesic Typic Udifolists","typic udifolists","udifolists","folists","histosols",,
"8db65f05-a881-4cc7-9183-0bd94349cc8e","D20","PUUM","PUUM_015","PUUM_015.basePlot.all","distributed","evergreenForest","WGS84",19.561039,-155.249535,20.3,1207.5,0.6,"2018-06-19","SW20",1.0,234,"1220103","Field Book for Describing and Sampling Soils ver3","soil core","CENTER OF PIT",30,"oIWFgK1oT4l7f9PZgfIi/Q==","BKdIzfDwxyZ111PWwDFsBQ==","Natural Resource Conservation Service","S2018HI001015","Kopua","Hydrous, ferrihydritic, isothermic Lithic Hydrudands","lithic hydrudands","hydrudands","udands","andisols",,
"88d151d2-356f-4332-b059-01de972873ea","D20","PUUM","PUUM_004","PUUM_004.basePlot.all","distributed","evergreenForest","WGS84",19.557778,-155.230067,20.2,1100.7,0.2,"2018-06-19","SW20",0.9,302,"1220098","Field Book for Describing and Sampling Soils ver3","soil core","CENTER OF PIT",30,"oIWFgK1oT4l7f9PZgfIi/Q==","BKdIzfDwxyZ111PWwDFsBQ==","Natural Resource Conservation Service","S2018HI001004","Kopua","Hydrous, ferrihydritic, isothermic Lithic Hydrudands","lithic hydrudands","hydrudands","udands","andisols",,
"c051dc17-9229-4fda-96f0-993f2f030f99","D20","PUUM","PUUM_010","PUUM_010.basePlot.all","distributed","evergreenForest","WGS84",19.564817,-155.313626,20.2,1651.9,0.3,"2018-06-19","SW20",0.4,244,"1220101","Field Book for Describing and Sampling Soils ver3","soil core","CENTER OF PIT",30,"MvYnY9d1kdlkZewGyNanfw==","7NLIueZE5bkRI99y2CLWng==","Natural Resource Conservation Service","S2018HI001010","Kulani","Hydrous, ferrihydritic, isomesic Typic Placudands","typic placudands","placudands","udands","andisols",,
"b041f9da-5938-44ed-8ab4-208e0de22274","D20","PUUM","PUUM_007","PUUM_007.basePlot.all","distributed","evergreenForest","WGS84",19.554243,-155.228851,20.2,1099.5,0.8,"2018-06-19","SW20",0.6,194,"1220100","Field Book for Describing and Sampling Soils ver3","soil core","CENTER OF PIT",30,"oIWFgK1oT4l7f9PZgfIi/Q==","BKdIzfDwxyZ111PWwDFsBQ==","Natural Resource Conservation Service","S2018HI001007","Kopua","Hydrous, ferrihydritic, isothermic Lithic Hydrudands","lithic hydrudands","hydrudands","udands","andisols",,
"354652d2-2657-4b23-b4f0-ffa850f5c90d","D20","PUUM","PUUM_031","PUUM_031.basePlot.all","tower","evergreenForest","WGS84",19.553624,-155.319191,20.2,1707.9,0.4,"2018-06-19","SW20",0.5,129,"1220104","Field Book for Describing and Sampling Soils ver3","soil core","CENTER OF PIT",30,"MvYnY9d1kdlkZewGyNanfw==","7NLIueZE5bkRI99y2CLWng==","Natural Resource Conservation Service","S2018HI001031","Kulani","Hydrous, ferrihydritic, isomesic Typic Placudands","typic placudands","placudands","udands","andisols",,
"1702b636-ab84-4ee8-b65d-a92775c4e09d","D20","PUUM","PUUM_036","PUUM_036.basePlot.all","tower","evergreenForest","WGS84",19.554406,-155.323212,20.2,1747.9,0.4,"2018-06-21","SW40",0.4,48,"1220107","Field Book for Describing and Sampling Soils ver3","soil core","CENTER OF PIT",30,"oIWFgK1oT4l7f9PZgfIi/Q==","BKdIzfDwxyZ111PWwDFsBQ==","Natural Resource Conservation Service","S2018HI001036","Lalaau","Euic, isomesic Typic Udifolists","typic udifolists","udifolists","folists","histosols",,
"f66a43ae-9e56-4c2b-944d-6fe131f41dac","D20","PUUM","PUUM_032","PUUM_032.basePlot.all","tower","evergreenForest","WGS84",19.550720,-155.315984,20.1,1683.6,0.1,"2018-06-21","SW40",0.3,18,"1220105","Field Book for Describing and Sampling Soils ver3","soil core","CENTER OF PIT",30,"oIWFgK1oT4l7f9PZgfIi/Q==","BKdIzfDwxyZ111PWwDFsBQ==","Natural Resource Conservation Service","S2018HI001032","Kahaluu","Euic, isomesic, micro Lithic Udifolists","lithic udifolists","udifolists","folists","histosols",,
"49c5e7d3-5dbb-4bd0-ab90-b24f15d5958d","D20","PUUM","PUUM_014","PUUM_014.basePlot.all","distributed","evergreenForest","WGS84",19.587494,-155.339669,20.1,1763.9,0.2,"2018-06-21","SW20",0.7,314,"1220102","Field Book for Describing and Sampling Soils ver3","soil core","CENTER OF PIT",30,"MvYnY9d1kdlkZewGyNanfw==","7NLIueZE5bkRI99y2CLWng==","Natural Resource Conservation Service","S2018HI001014","Lalaau","Euic, isomesic Typic Udifolists","typic udifolists","udifolists","folists","histosols",,
"7db766eb-d4b9-4b53-8f12-58712b1acc4e","D20","PUUM","PUUM_006","PUUM_006.basePlot.all","distributed","evergreenForest","WGS84",19.578312,-155.318129,20.2,1662.7,0.3,"2018-06-21","SW40",0.7,68,"1220099","Field Book for Describing and Sampling Soils ver3","soil core","CENTER OF PIT",30,"MvYnY9d1kdlkZewGyNanfw==","7NLIueZE5bkRI99y2CLWng==","Natural Resource Conservation Service","S2018HI001006","Kau","Fragmental, isotic, isomesic Typic Udorthents","typic udorthents","udorthents","orthents","entisols",,
