uid,namedLocation,domainID,siteID,plotID,pitID,collectDate,testProtocolVersion,nrcsDescriptionID,horizonID,horizonName,horizonTopDepth,horizonBottomDepth,remarks,dataQF
"1afac9c2-de73-40a1-aabe-324b9a3dfc4f","PUUM_031.basePlot.all","D20","PUUM","PUUM_031","1220104","2018-06-19","Field Book for Describing and Sampling Soils ver3","S2018HI001031","18N05234","A",1,13,,
"c364923a-60c5-48ec-b3fb-e2fbc0faaae8","PUUM_031.basePlot.all","D20","PUUM","PUUM_031","1220104","2018-06-19","Field Book for Describing and Sampling Soils ver3","S2018HI001031","6096214","Oe",0,1,,
"981644f9-ae93-4b73-9d78-90f3dcdccceb","PUUM_010.basePlot.all","D20","PUUM","PUUM_010","1220101","2018-06-19","Field Book for Describing and Sampling Soils ver3","S2018HI001010","18N05228","Bw1",13,26,,
"cddcfc10-40fc-4226-8e8c-85257c5426ce","PUUM_007.basePlot.all","D20","PUUM","PUUM_007","1220100","2018-06-19","Field Book for Describing and Sampling Soils ver3","S2018HI001007","18N05225","A",3,12,,
"1ee71f50-2983-4ff3-9716-526ad049b5a7","PUUM_010.basePlot.all","D20","PUUM","PUUM_010","1220101","2018-06-19","Field Book for Describing and Sampling Soils ver3","S2018HI001010","18N05229","Bw2/2C",26,30,,
"dd25518c-5bcb-4210-89e4-37d19815d30f","PUUM_004.basePlot.all","D20","PUUM","PUUM_004","1220098","2018-06-19","Field Book for Describing and Sampling Soils ver3","S2018HI001004","18N05221","Bw",8,30,,
"19f19bfb-519b-4c86-b8bb-37f0c402e0e5","PUUM_034.basePlot.all","D20","PUUM","PUUM_034","1220106","2018-06-19","Field Book for Describing and Sampling Soils ver3","S2018HI001034","6096219","Oe",0,2,,
"6d21cf20-b8a5-45a7-adec-512a1bb1bdba","PUUM_015.basePlot.all","D20","PUUM","PUUM_015","1220103","2018-06-19","Field Book for Describing and Sampling Soils ver3","S2018HI001015","18N05233","A",5,30,,
"c188cf9b-1988-4bf1-b022-a129e2f969cd","PUUM_007.basePlot.all","D20","PUUM","PUUM_007","1220100","2018-06-19","Field Book for Describing and Sampling Soils ver3","S2018HI001007","18N05226","Bw",12,30,,
"6ec5bf27-fe9f-499c-a92a-40de3ed8a8ae","PUUM_031.basePlot.all","D20","PUUM","PUUM_031","1220104","2018-06-19","Field Book for Describing and Sampling Soils ver3","S2018HI001031","18N05235","Bw",13,30,,
"1a6ad22c-5fd7-4319-822e-b22bb3217dbd","PUUM_010.basePlot.all","D20","PUUM","PUUM_010","1220101","2018-06-19","Field Book for Describing and Sampling Soils ver3","S2018HI001010","6096204","Oe",0,2,,
"e43c381e-ee6c-446c-a11c-2c5722e3c43a","PUUM_004.basePlot.all","D20","PUUM","PUUM_004","1220098","2018-06-19","Field Book for Describing and Sampling Soils ver3","S2018HI001004","18N05220","A",0,8,,
"c986f0cc-306c-474f-a00c-e050a6e28905","PUUM_034.basePlot.all","D20","PUUM","PUUM_034","1220106","2018-06-19","Field Book for Describing and Sampling Soils ver3","S2018HI001034","18N05238","Oa2/2C",13,30,,
"868789fb-f6b5-4d26-a981-8378bc9a1030","PUUM_015.basePlot.all","D20","PUUM","PUUM_015","1220103","2018-06-19","Field Book for Describing and Sampling Soils ver3","S2018HI001015","18N05232","Oa",0,5,,
"803359b5-33f5-49d7-9cf9-09ca460d29b7","PUUM_007.basePlot.all","D20","PUUM","PUUM_007","1220100","2018-06-19","Field Book for Describing and Sampling Soils ver3","S2018HI001007","18N05224","Oa",0,3,"Decomposed plant leaves that brake down to highly decomposed plant materials.",
"1b30d921-0792-46a7-96f8-061c6178fd8f","PUUM_034.basePlot.all","D20","PUUM","PUUM_034","1220106","2018-06-19","Field Book for Describing and Sampling Soils ver3","S2018HI001034","18N05237","Oa1",2,13,,
"5dd5ad2b-81d6-4879-beca-d334b3861dbd","PUUM_010.basePlot.all","D20","PUUM","PUUM_010","1220101","2018-06-19","Field Book for Describing and Sampling Soils ver3","S2018HI001010","18N05227","A",2,13,,
"5a219893-3324-476f-9f5b-6b02893a9316","PUUM_006.basePlot.all","D20","PUUM","PUUM_006","1220099","2018-06-21","Field Book for Describing and Sampling Soils ver3","S2018HI001006","6096197","Oe",0,4,,
"07961890-6953-4615-827a-5957a6bc18bc","PUUM_036.basePlot.all","D20","PUUM","PUUM_036","1220107","2018-06-21","Field Book for Describing and Sampling Soils ver3","S2018HI001036","6096223","2C",18,30,,
"84cc8eb8-7a30-4fcb-87f1-3785489de37d","PUUM_032.basePlot.all","D20","PUUM","PUUM_032","1220105","2018-06-21","Field Book for Describing and Sampling Soils ver3","S2018HI001032","6096217","2R",10,30,,
"564f358b-370b-4579-a401-ed24f73c84a9","PUUM_036.basePlot.all","D20","PUUM","PUUM_036","1220107","2018-06-21","Field Book for Describing and Sampling Soils ver3","S2018HI001036","18N05239","Oe",0,18,,
"3ab9a6c9-6e83-4b69-a356-2f4094ac5b4d","PUUM_014.basePlot.all","D20","PUUM","PUUM_014","1220102","2018-06-21","Field Book for Describing and Sampling Soils ver3","S2018HI001014","6096208","Oe",0,1,,
"75c1d32c-6d7c-4617-a547-3321a3e51a41","PUUM_014.basePlot.all","D20","PUUM","PUUM_014","1220102","2018-06-21","Field Book for Describing and Sampling Soils ver3","S2018HI001014","6096211","2C",27,30,,
"f1b30c2d-083f-4985-b9da-c14c46814e68","PUUM_006.basePlot.all","D20","PUUM","PUUM_006","1220099","2018-06-21","Field Book for Describing and Sampling Soils ver3","S2018HI001006","18N05222","A",4,12,,
"fdb6dcdf-226e-4c86-b895-4695107757f4","PUUM_032.basePlot.all","D20","PUUM","PUUM_032","1220105","2018-06-21","Field Book for Describing and Sampling Soils ver3","S2018HI001032","18N05236","Oa",0,10,,
"676c5a36-5ef2-41b3-b62f-f647330165be","PUUM_006.basePlot.all","D20","PUUM","PUUM_006","1220099","2018-06-21","Field Book for Describing and Sampling Soils ver3","S2018HI001006","18N05223","2Bw",12,27,,
"e7c108cb-8ec3-4835-967b-4f7929bab8ca","PUUM_014.basePlot.all","D20","PUUM","PUUM_014","1220102","2018-06-21","Field Book for Describing and Sampling Soils ver3","S2018HI001014","18N05231","Oa2",13,27,,
"9e2c2a3c-6bbd-4805-92f8-526631aca2a2","PUUM_006.basePlot.all","D20","PUUM","PUUM_006","1220099","2018-06-21","Field Book for Describing and Sampling Soils ver3","S2018HI001006","6096200","3C",27,30,,
"9e2592a8-561b-4d53-bccb-a64cd3570bc5","PUUM_014.basePlot.all","D20","PUUM","PUUM_014","1220102","2018-06-21","Field Book for Describing and Sampling Soils ver3","S2018HI001014","18N05230","Oa1",1,13,,
