uid,namedLocation,domainID,siteID,plotID,nrcsDescriptionID,collectDate,horizonID,horizonName,biogeoIDnrcs,biogeoSampleType,biogeoTopDepth,biogeoBottomDepth,biogeoCenterDepth,particleSizeDistProcessedDate,particleSizeDistMethodPub,particleSizeDistMethod,coarseFrag2To5,coarseFrag5To20,sandTotal,siltTotal,clayTotal,carbonateClay,clayFineContent,siltFineContent,siltCoarseContent,sandVeryFineContent,sandFineContent,sandMediumContent,sandCoarseContent,sandVeryCoarseContent,laboratoryName,dataQF
"107282b9-ce7a-49e2-9b05-2f3826dcba34","PUUM_004.basePlot.all","D20","PUUM","PUUM_004","S2018HI001004","2018-06-19","18N05220","A","S2018HI001004-1","bulk",0.0,8.0,4.0,"2018-09-20","Kellogg Soil Survey Laboratory Methods Manual, Soil Survey Investigations Report No. 42 Version 5.0, Issued 2014","Routine Particle Size Distribution (3A1a1b)",0.0,0.0,67.8,29.6,2.6,,,10.5,19.1,16.1,20.4,17.0,11.4,2.9,"USDA NRCS Kellogg Soil Survey Laboratory",
"b31fb7f0-2f7c-404a-a567-23e0a8f0dd69","PUUM_031.basePlot.all","D20","PUUM","PUUM_031","S2018HI001031","2018-06-19","18N05235","Bw","S2018HI001031-3","bulk",13.0,30.0,21.5,"2018-09-20","Kellogg Soil Survey Laboratory Methods Manual, Soil Survey Investigations Report No. 42 Version 5.0, Issued 2014","Routine Particle Size Distribution (3A1a1b)",108.0,151.7,51.1,33.1,15.8,,,20.9,12.2,7.7,7.6,10.8,15.3,9.7,"USDA NRCS Kellogg Soil Survey Laboratory",
"b2fe1543-567a-4528-9b0e-08914b49d789","PUUM_007.basePlot.all","D20","PUUM","PUUM_007","S2018HI001007","2018-06-19","18N05224","Oa","S2018HI001007-1","bulk",0.0,3.0,1.5,,,,0.0,0.0,,,,,,,,,,,,,"USDA NRCS Kellogg Soil Survey Laboratory",
"2e6d5ebd-f4ff-451f-9929-f7b6b004a584","PUUM_031.basePlot.all","D20","PUUM","PUUM_031","S2018HI001031","2018-06-19","18N05234","A","S2018HI001031-2","bulk",1.0,13.0,7.0,,,,23.0,57.5,,,,,,,,,,,,,"USDA NRCS Kellogg Soil Survey Laboratory",
"24ffcefb-20d4-415d-9ae5-7b6d5d59acef","PUUM_015.basePlot.all","D20","PUUM","PUUM_015","S2018HI001015","2018-06-19","18N05233","A","S2018HI001015-2","bulk",5.0,30.0,17.5,"2018-09-20","Kellogg Soil Survey Laboratory Methods Manual, Soil Survey Investigations Report No. 42 Version 5.0, Issued 2014","Routine Particle Size Distribution (3A1a1b)",0.0,0.0,70.0,23.3,6.7,,,9.0,14.3,16.7,20.7,14.8,12.7,5.1,"USDA NRCS Kellogg Soil Survey Laboratory",
"f6cf3c68-79b9-47c7-9192-83bc837eb9d3","PUUM_034.basePlot.all","D20","PUUM","PUUM_034","S2018HI001034","2018-06-19","18N05238","Oa2/2C","S2018HI001034-3","bulk",13.0,30.0,21.5,,,,0.0,113.6,,,,,,,,,,,,,"USDA NRCS Kellogg Soil Survey Laboratory",
"0ef9e6e5-16a8-4401-ab1b-4b3e69e6b1e0","PUUM_007.basePlot.all","D20","PUUM","PUUM_007","S2018HI001007","2018-06-19","18N05225","A","S2018HI001007-2","bulk",3.0,12.0,7.5,,,,0.0,0.0,,,,,,,,,,,,,"USDA NRCS Kellogg Soil Survey Laboratory",
"37ed1357-b6ea-4c90-8b04-bf8528cef08d","PUUM_010.basePlot.all","D20","PUUM","PUUM_010","S2018HI001010","2018-06-19","18N05227","A","S2018HI001010-2","bulk",2.0,13.0,7.5,,,,0.0,0.0,,,,,,,,,,,,,"USDA NRCS Kellogg Soil Survey Laboratory",
"2ee1d654-8118-447d-800d-03f01df8ab8f","PUUM_034.basePlot.all","D20","PUUM","PUUM_034","S2018HI001034","2018-06-19","18N05237","Oa1","S2018HI001034-2","bulk",2.0,13.0,7.5,,,,14.3,0.0,,,,,,,,,,,,,"USDA NRCS Kellogg Soil Survey Laboratory",
"a78eaa21-46af-4411-80b4-d1a4c65cbc3b","PUUM_007.basePlot.all","D20","PUUM","PUUM_007","S2018HI001007","2018-06-19","18N05226","Bw","S2018HI001007-3","bulk",12.0,30.0,21.0,"2018-09-20","Kellogg Soil Survey Laboratory Methods Manual, Soil Survey Investigations Report No. 42 Version 5.0, Issued 2014","Routine Particle Size Distribution (3A1a1b)",0.0,0.0,64.5,29.7,5.8,,,13.9,15.8,16.8,19.2,15.8,10.8,1.9,"USDA NRCS Kellogg Soil Survey Laboratory",
"098aa82e-ce70-4f4e-831b-bcf37264cdb5","PUUM_004.basePlot.all","D20","PUUM","PUUM_004","S2018HI001004","2018-06-19","18N05221","Bw","S2018HI001004-2","bulk",8.0,30.0,19.0,"2018-09-20","Kellogg Soil Survey Laboratory Methods Manual, Soil Survey Investigations Report No. 42 Version 5.0, Issued 2014","Routine Particle Size Distribution (3A1a1b)",11.6,0.0,70.4,23.6,6.0,,,8.1,15.5,17.4,19.7,16.7,13.0,3.6,"USDA NRCS Kellogg Soil Survey Laboratory",
"0fba2958-ae04-4897-94d5-812c6cb6b459","PUUM_010.basePlot.all","D20","PUUM","PUUM_010","S2018HI001010","2018-06-19","18N05228","Bw1","S2018HI001010-3","bulk",13.0,26.0,19.5,"2018-09-20","Kellogg Soil Survey Laboratory Methods Manual, Soil Survey Investigations Report No. 42 Version 5.0, Issued 2014","Routine Particle Size Distribution (3A1a1b)",0.0,0.0,46.9,34.2,18.9,,,20.3,13.9,9.0,9.5,13.7,10.6,4.1,"USDA NRCS Kellogg Soil Survey Laboratory",
"19ed6f13-4ca9-4737-b3b6-1c78950a2da4","PUUM_015.basePlot.all","D20","PUUM","PUUM_015","S2018HI001015","2018-06-19","18N05232","Oa","S2018HI001015-1","bulk",0.0,5.0,2.5,,,,0.0,0.0,,,,,,,,,,,,,"USDA NRCS Kellogg Soil Survey Laboratory",
"0faa66a1-005f-4859-b64f-22c7ea3d1e4d","PUUM_010.basePlot.all","D20","PUUM","PUUM_010","S2018HI001010","2018-06-19","18N05229","Bw2/2C","S2018HI001010-4","bulk",26.0,30.0,28.0,"2018-09-20","Kellogg Soil Survey Laboratory Methods Manual, Soil Survey Investigations Report No. 42 Version 5.0, Issued 2014","Routine Particle Size Distribution (3A1a1b)",0.0,0.0,55.1,26.0,18.9,,,14.8,11.2,5.5,10.0,15.4,17.2,7.0,"USDA NRCS Kellogg Soil Survey Laboratory",
"59edcca5-e03a-403e-b76e-3c883619be6a","PUUM_006.basePlot.all","D20","PUUM","PUUM_006","S2018HI001006","2018-06-21","18N05223","2Bw","S2018HI001006-3","bulk",12.0,27.0,19.5,,,,34.3,257.1,,,,,,,,,,,,,"USDA NRCS Kellogg Soil Survey Laboratory",
"f5d03275-4b1f-4a75-bbe2-5f9666cb25c7","PUUM_032.basePlot.all","D20","PUUM","PUUM_032","S2018HI001032","2018-06-21","18N05236","Oa","S2018HI001032-1","bulk",0.0,10.0,5.0,,,,6.7,6.7,,,,,,,,,,,,,"USDA NRCS Kellogg Soil Survey Laboratory",
"41b1d70e-3435-44ea-ac36-b270ba3777d6","PUUM_014.basePlot.all","D20","PUUM","PUUM_014","S2018HI001014","2018-06-21","18N05230","Oa1","S2018HI001014-2","bulk",1.0,13.0,7.0,,,,0.0,0.0,,,,,,,,,,,,,"USDA NRCS Kellogg Soil Survey Laboratory",
"484fb015-0d3a-44de-b818-71967ab398ac","PUUM_014.basePlot.all","D20","PUUM","PUUM_014","S2018HI001014","2018-06-21","18N05231","Oa2","S2018HI001014-3","bulk",13.0,27.0,20.0,,,,0.0,0.0,,,,,,,,,,,,,"USDA NRCS Kellogg Soil Survey Laboratory",
"d32381f8-9d08-43cf-99df-7f9dde019237","PUUM_036.basePlot.all","D20","PUUM","PUUM_036","S2018HI001036","2018-06-21","18N05239","Oe","S2018HI001036-1","bulk",0.0,18.0,9.0,,,,0.0,0.0,,,,,,,,,,,,,"USDA NRCS Kellogg Soil Survey Laboratory",
"e14f52f5-80b7-4534-a2f5-5624efc2c4b3","PUUM_006.basePlot.all","D20","PUUM","PUUM_006","S2018HI001006","2018-06-21","18N05222","A","S2018HI001006-2","bulk",4.0,12.0,8.0,,,,0.0,27.5,,,,,,,,,,,,,"USDA NRCS Kellogg Soil Survey Laboratory",
