uid,namedLocation,domainID,siteID,plotID,nrcsDescriptionID,collectDate,horizonID,horizonName,bulkDensProcessedDate,bulkDensMethodPub,bulkDensMethod,bulkDensIDnrcs,bulkDensSampleType,bulkDensCenterDepth,bulkDensTopDepth,bulkDensBottomDepth,bulkDensThirdBar,bulkDensOvenDry,bulkDensFieldMoist,waterRetentionThirdBar,fieldWaterContent,laboratoryName,remarks,dataQF
"2b44595e-33c9-4f46-b7fb-b009155625db","LAJA_022.basePlot.all","D04","LAJA","LAJA_022","S2017PR079022","2017-08-07","18N02709","Bss1","2019-02-14","Kellogg Soil Survey Laboratory Methods Manual, Soil Survey Investigations Report No. 42 Version 5.0, Issued 2014","Bulk Density, Clods (3B1)","S2017PR079022-3.CLOD","clod",48.0,35.0,61.0,1.34,1.78,,30.0,,"USDA NRCS Kellogg Soil Survey Laboratory",,
"2b9da63c-42f1-4ee6-92fc-18a17fcf14b8","LAJA_022.basePlot.all","D04","LAJA","LAJA_022","S2017PR079022","2017-08-07","18N02710","Bss2","2019-02-14","Kellogg Soil Survey Laboratory Methods Manual, Soil Survey Investigations Report No. 42 Version 5.0, Issued 2014","Bulk Density, Clods (3B1)","S2017PR079022-4.CLOD","clod",71.0,61.0,81.0,1.46,1.75,,24.8,,"USDA NRCS Kellogg Soil Survey Laboratory",,
"5b8efbac-53de-4527-b26e-495c2d54a210","LAJA_020.basePlot.all","D04","LAJA","LAJA_020","S2017PR079020","2017-08-07","18N02702","Ap","2019-02-14","Kellogg Soil Survey Laboratory Methods Manual, Soil Survey Investigations Report No. 42 Version 5.0, Issued 2014","Bulk Density, Clods (3B1)","S2017PR079020-1.CLOD","clod",13.0,0.0,26.0,1.34,1.76,,29.1,,"USDA NRCS Kellogg Soil Survey Laboratory",,
"555688b1-6f0c-433b-a198-6c60c3090136","LAJA_020.basePlot.all","D04","LAJA","LAJA_020","S2017PR079020","2017-08-07","18N02706","Bkss2","2019-02-14","Kellogg Soil Survey Laboratory Methods Manual, Soil Survey Investigations Report No. 42 Version 5.0, Issued 2014","Bulk Density, Clods (3B1)","S2017PR079020-5.CLOD","clod",90.0,80.0,100.0,1.57,1.86,,22.5,,"USDA NRCS Kellogg Soil Survey Laboratory",,
"440095c0-6880-4811-a0f2-9e6d6ab506e1","LAJA_022.basePlot.all","D04","LAJA","LAJA_022","S2017PR079022","2017-08-07","18N02708","AB","2019-02-14","Kellogg Soil Survey Laboratory Methods Manual, Soil Survey Investigations Report No. 42 Version 5.0, Issued 2014","Bulk Density, Clods (3B1)","S2017PR079022-2.CLOD","clod",23.0,11.0,35.0,1.39,1.82,,28.7,,"USDA NRCS Kellogg Soil Survey Laboratory",,
"9b2dd592-db5f-4cc1-a7ac-fab1a012f4e9","LAJA_020.basePlot.all","D04","LAJA","LAJA_020","S2017PR079020","2017-08-07","18N02703","BA","2019-02-14","Kellogg Soil Survey Laboratory Methods Manual, Soil Survey Investigations Report No. 42 Version 5.0, Issued 2014","Bulk Density, Clods (3B1)","S2017PR079020-2.CLOD","clod",37.5,26.0,49.0,1.30,1.86,,35.0,,"USDA NRCS Kellogg Soil Survey Laboratory",,
"a4d4690a-3a5d-429f-bfd4-ec5b4009beb7","LAJA_020.basePlot.all","D04","LAJA","LAJA_020","S2017PR079020","2017-08-07","18N02705","Bkss1","2019-02-14","Kellogg Soil Survey Laboratory Methods Manual, Soil Survey Investigations Report No. 42 Version 5.0, Issued 2014","Bulk Density, Clods (3B1)","S2017PR079020-4.CLOD","clod",72.5,65.0,80.0,1.56,1.95,,23.2,,"USDA NRCS Kellogg Soil Survey Laboratory",,
"910bc9c4-017c-4e81-9ba3-9c4e021d4de4","LAJA_022.basePlot.all","D04","LAJA","LAJA_022","S2017PR079022","2017-08-07","18N02707","Ap","2019-02-14","Kellogg Soil Survey Laboratory Methods Manual, Soil Survey Investigations Report No. 42 Version 5.0, Issued 2014","Bulk Density, Clods (3B1)","S2017PR079022-1.CLOD","clod",5.5,0.0,11.0,1.31,1.63,,22.6,,"USDA NRCS Kellogg Soil Survey Laboratory",,
"6523d1d4-a8de-43d4-912e-88ef7daad59c","LAJA_020.basePlot.all","D04","LAJA","LAJA_020","S2017PR079020","2017-08-07","18N02704","Bss","2019-02-14","Kellogg Soil Survey Laboratory Methods Manual, Soil Survey Investigations Report No. 42 Version 5.0, Issued 2014","Bulk Density, Clods (3B1)","S2017PR079020-3.CLOD","clod",57.0,49.0,65.0,1.41,1.91,,28.3,,"USDA NRCS Kellogg Soil Survey Laboratory",,
"d8bb0b04-85a8-4727-88e7-aea2c61898cb","LAJA_022.basePlot.all","D04","LAJA","LAJA_022","S2017PR079022","2017-08-07","18N02711","2C","2019-02-14","Kellogg Soil Survey Laboratory Methods Manual, Soil Survey Investigations Report No. 42 Version 5.0, Issued 2014","Bulk Density, Clods (3B1)","S2017PR079022-5.CLOD","clod",90.5,81.0,100.0,1.66,1.76,,15.8,,"USDA NRCS Kellogg Soil Survey Laboratory",,
"0a342926-4db4-408b-a6f9-098ceb4c027b","LAJA_027.basePlot.all","D04","LAJA","LAJA_027","S2017PR079027","2017-08-08","18N02718","Bkss1","2019-02-14","Kellogg Soil Survey Laboratory Methods Manual, Soil Survey Investigations Report No. 42 Version 5.0, Issued 2014","Bulk Density, Clods (3B1)","S2017PR079027-3.CLOD","clod",49.0,38.0,60.0,1.47,1.90,,25.9,,"USDA NRCS Kellogg Soil Survey Laboratory",,
"631dfa72-edb7-4644-be6c-2be16c784efc","LAJA_027.basePlot.all","D04","LAJA","LAJA_027","S2017PR079027","2017-08-08","18N02719","Bkss2","2019-02-14","Kellogg Soil Survey Laboratory Methods Manual, Soil Survey Investigations Report No. 42 Version 5.0, Issued 2014","Bulk Density, Clods (3B1)","S2017PR079027-4.CLOD","clod",80.0,60.0,100.0,1.52,1.90,,24.2,,"USDA NRCS Kellogg Soil Survey Laboratory",,
"b482f7f0-fb91-4567-af7c-ddc2bf4fc167","LAJA_009.basePlot.all","D04","LAJA","LAJA_009","S2017PR079009","2017-08-08","18N02668","Bss1","2019-02-14","Kellogg Soil Survey Laboratory Methods Manual, Soil Survey Investigations Report No. 42 Version 5.0, Issued 2014","Bulk Density, Clods (3B1)","S2017PR079009-3.CLOD","clod",45.0,29.0,61.0,1.41,1.79,,27.8,,"USDA NRCS Kellogg Soil Survey Laboratory",,
"1b218094-038c-446b-8c18-92686f7442a9","LAJA_028.basePlot.all","D04","LAJA","LAJA_028","S2017PR079028","2017-08-08","18N02721","Bw","2019-02-14","Kellogg Soil Survey Laboratory Methods Manual, Soil Survey Investigations Report No. 42 Version 5.0, Issued 2014","Bulk Density, Clods (3B1)","S2017PR079028-2.CLOD","clod",36.0,23.0,49.0,1.28,1.84,,33.5,,"USDA NRCS Kellogg Soil Survey Laboratory",,
"45561ee4-f75b-4c19-98d7-2a903f0620ee","LAJA_015.basePlot.all","D04","LAJA","LAJA_015","S2017PR079015","2017-08-08","18N02689","Ap","2019-02-14","Kellogg Soil Survey Laboratory Methods Manual, Soil Survey Investigations Report No. 42 Version 5.0, Issued 2014","Bulk Density, Clods (3B1)","S2017PR079015-1.CLOD","clod",8.0,0.0,16.0,1.39,1.42,,18.7,,"USDA NRCS Kellogg Soil Survey Laboratory",,
"6c07faa6-5b60-4269-a94e-50310d2a2401","LAJA_025.basePlot.all","D04","LAJA","LAJA_025","S2017PR079025","2017-08-08","18N02715","C","2019-02-14","Kellogg Soil Survey Laboratory Methods Manual, Soil Survey Investigations Report No. 42 Version 5.0, Issued 2014","Bulk Density, Clods (3B1)","S2017PR079025-4.CLOD","clod",93.5,87.0,100.0,1.16,1.65,,37.5,,"USDA NRCS Kellogg Soil Survey Laboratory",,
"becdedee-b4f1-4c76-9519-b3bbf7e2bfd2","LAJA_015.basePlot.all","D04","LAJA","LAJA_015","S2017PR079015","2017-08-08","18N02690","Bt","2019-02-14","Kellogg Soil Survey Laboratory Methods Manual, Soil Survey Investigations Report No. 42 Version 5.0, Issued 2014","Bulk Density, Clods (3B1)","S2017PR079015-2.CLOD","clod",28.5,16.0,41.0,1.63,1.70,,15.5,,"USDA NRCS Kellogg Soil Survey Laboratory",,
"8100f315-aa67-4af5-b69d-27ceb58d2224","LAJA_015.basePlot.all","D04","LAJA","LAJA_015","S2017PR079015","2017-08-08","18N02691","BC","2019-02-14","Kellogg Soil Survey Laboratory Methods Manual, Soil Survey Investigations Report No. 42 Version 5.0, Issued 2014","Bulk Density, Clods (3B1)","S2017PR079015-3.CLOD","clod",52.5,41.0,64.0,1.51,1.67,,24.6,,"USDA NRCS Kellogg Soil Survey Laboratory",,
"6184cd6c-8f00-4022-8c66-f136d8d08b38","LAJA_016.basePlot.all","D04","LAJA","LAJA_016","S2017PR079016","2017-08-08","18N02695","Bkss","2019-02-14","Kellogg Soil Survey Laboratory Methods Manual, Soil Survey Investigations Report No. 42 Version 5.0, Issued 2014","Bulk Density, Clods (3B1)","S2017PR079016-3.CLOD","clod",51.0,38.0,64.0,1.52,1.86,,23.4,,"USDA NRCS Kellogg Soil Survey Laboratory",,
"5a5d3198-9215-467b-92d6-00853e8eb3f9","LAJA_016.basePlot.all","D04","LAJA","LAJA_016","S2017PR079016","2017-08-08","18N02694","AB","2019-02-14","Kellogg Soil Survey Laboratory Methods Manual, Soil Survey Investigations Report No. 42 Version 5.0, Issued 2014","Bulk Density, Clods (3B1)","S2017PR079016-2.CLOD","clod",24.5,11.0,38.0,1.40,1.83,,27.6,,"USDA NRCS Kellogg Soil Survey Laboratory",,
"052fe907-4f7b-488a-a28d-614baa9a2256","LAJA_028.basePlot.all","D04","LAJA","LAJA_028","S2017PR079028","2017-08-08","18N02722","2C","2019-02-14","Kellogg Soil Survey Laboratory Methods Manual, Soil Survey Investigations Report No. 42 Version 5.0, Issued 2014","Bulk Density, Clods (3B1)","S2017PR079028-3.CLOD","clod",74.5,49.0,100.0,1.63,1.77,,18.6,,"USDA NRCS Kellogg Soil Survey Laboratory",,
"563f5048-8479-4776-8f7f-f55615c83e41","LAJA_009.basePlot.all","D04","LAJA","LAJA_009","S2017PR079009","2017-08-08","18N02670","Bkss","2019-02-14","Kellogg Soil Survey Laboratory Methods Manual, Soil Survey Investigations Report No. 42 Version 5.0, Issued 2014","Bulk Density, Clods (3B1)","S2017PR079009-5.CLOD","clod",91.5,83.0,100.0,1.49,1.88,,24.9,,"USDA NRCS Kellogg Soil Survey Laboratory",,
"eaa9ca1e-6d7b-41d7-8c93-ae966ffa427f","LAJA_027.basePlot.all","D04","LAJA","LAJA_027","S2017PR079027","2017-08-08","18N02717","ABss","2019-02-14","Kellogg Soil Survey Laboratory Methods Manual, Soil Survey Investigations Report No. 42 Version 5.0, Issued 2014","Bulk Density, Clods (3B1)","S2017PR079027-2.CLOD","clod",29.0,20.0,38.0,1.34,1.79,,30.3,,"USDA NRCS Kellogg Soil Survey Laboratory",,
"873d6503-5ae1-43d2-96df-7f93a47b08c8","LAJA_002.basePlot.all","D04","LAJA","LAJA_002","S2017PR079002","2017-08-08","18N02658","B","2019-02-14","Kellogg Soil Survey Laboratory Methods Manual, Soil Survey Investigations Report No. 42 Version 5.0, Issued 2014","Bulk Density, Clods (3B1)","S2017PR079002-4.CLOD","clod",87.5,75.0,100.0,1.21,1.75,,39.6,,"USDA NRCS Kellogg Soil Survey Laboratory",,
"94d740c1-def4-4f47-926b-6e9879d338ee","LAJA_002.basePlot.all","D04","LAJA","LAJA_002","S2017PR079002","2017-08-08","18N02655","Ap","2019-02-14","Kellogg Soil Survey Laboratory Methods Manual, Soil Survey Investigations Report No. 42 Version 5.0, Issued 2014","Bulk Density, Clods (3B1)","S2017PR079002-1.CLOD","clod",9.0,0.0,18.0,1.38,1.72,,24.9,,"USDA NRCS Kellogg Soil Survey Laboratory",,
"32b0158a-0045-43ed-853c-ae1c80eb6127","LAJA_025.basePlot.all","D04","LAJA","LAJA_025","S2017PR079025","2017-08-08","18N02713","AB","2019-02-14","Kellogg Soil Survey Laboratory Methods Manual, Soil Survey Investigations Report No. 42 Version 5.0, Issued 2014","Bulk Density, Clods (3B1)","S2017PR079025-2.CLOD","clod",39.0,24.0,54.0,1.30,1.81,,34.3,,"USDA NRCS Kellogg Soil Survey Laboratory",,
"a4f767aa-8ba8-451c-94dc-4fdd2da2400a","LAJA_025.basePlot.all","D04","LAJA","LAJA_025","S2017PR079025","2017-08-08","18N02712","A","2019-02-14","Kellogg Soil Survey Laboratory Methods Manual, Soil Survey Investigations Report No. 42 Version 5.0, Issued 2014","Bulk Density, Clods (3B1)","S2017PR079025-1.CLOD","clod",12.0,0.0,24.0,1.05,1.62,,45.5,,"USDA NRCS Kellogg Soil Survey Laboratory",,
"fcadc0b4-89fd-4708-aa85-b60ae55546d4","LAJA_025.basePlot.all","D04","LAJA","LAJA_025","S2017PR079025","2017-08-08","18N02714","Bss","2019-02-14","Kellogg Soil Survey Laboratory Methods Manual, Soil Survey Investigations Report No. 42 Version 5.0, Issued 2014","Bulk Density, Clods (3B1)","S2017PR079025-3.CLOD","clod",70.5,54.0,87.0,1.23,1.77,,36.4,,"USDA NRCS Kellogg Soil Survey Laboratory",,
"563aa2b5-1ae6-4271-b771-c132368f091d","LAJA_002.basePlot.all","D04","LAJA","LAJA_002","S2017PR079002","2017-08-08","18N02656","ABss1","2019-02-14","Kellogg Soil Survey Laboratory Methods Manual, Soil Survey Investigations Report No. 42 Version 5.0, Issued 2014","Bulk Density, Clods (3B1)","S2017PR079002-2.CLOD","clod",31.0,18.0,44.0,1.28,1.78,,34.6,,"USDA NRCS Kellogg Soil Survey Laboratory",,
"d86f0892-e380-4dc1-911d-8799896f6fc8","LAJA_027.basePlot.all","D04","LAJA","LAJA_027","S2017PR079027","2017-08-08","18N02716","Ap","2019-02-14","Kellogg Soil Survey Laboratory Methods Manual, Soil Survey Investigations Report No. 42 Version 5.0, Issued 2014","Bulk Density, Clods (3B1)","S2017PR079027-1.CLOD","clod",10.0,0.0,20.0,1.24,1.74,,33.4,,"USDA NRCS Kellogg Soil Survey Laboratory",,
"b1484234-a3ef-4a7d-9e2f-c462a28cafd6","LAJA_016.basePlot.all","D04","LAJA","LAJA_016","S2017PR079016","2017-08-08","18N02693","Ap","2019-02-14","Kellogg Soil Survey Laboratory Methods Manual, Soil Survey Investigations Report No. 42 Version 5.0, Issued 2014","Bulk Density, Clods (3B1)","S2017PR079016-1.CLOD","clod",5.5,0.0,11.0,1.26,1.61,,28.8,,"USDA NRCS Kellogg Soil Survey Laboratory",,
"a33595e8-7f64-405c-a57d-3000d98aaf66","LAJA_009.basePlot.all","D04","LAJA","LAJA_009","S2017PR079009","2017-08-08","18N02669","Bss2","2019-02-14","Kellogg Soil Survey Laboratory Methods Manual, Soil Survey Investigations Report No. 42 Version 5.0, Issued 2014","Bulk Density, Clods (3B1)","S2017PR079009-4.CLOD","clod",72.0,61.0,83.0,1.37,1.86,,30.0,,"USDA NRCS Kellogg Soil Survey Laboratory",,
"0f072e6a-e80f-47d8-95f5-11b702b8b590","LAJA_009.basePlot.all","D04","LAJA","LAJA_009","S2017PR079009","2017-08-08","18N02667","AB","2019-02-14","Kellogg Soil Survey Laboratory Methods Manual, Soil Survey Investigations Report No. 42 Version 5.0, Issued 2014","Bulk Density, Clods (3B1)","S2017PR079009-2.CLOD","clod",20.5,12.0,29.0,1.34,1.85,,31.2,,"USDA NRCS Kellogg Soil Survey Laboratory",,
"bfe7f151-9cc5-48e4-8b0f-70e41fbdf237","LAJA_009.basePlot.all","D04","LAJA","LAJA_009","S2017PR079009","2017-08-08","18N02666","Ap","2019-02-14","Kellogg Soil Survey Laboratory Methods Manual, Soil Survey Investigations Report No. 42 Version 5.0, Issued 2014","Bulk Density, Clods (3B1)","S2017PR079009-1.CLOD","clod",6.0,0.0,12.0,1.18,1.42,,28.7,,"USDA NRCS Kellogg Soil Survey Laboratory",,
"62d0ff93-8e8c-4175-8725-979355922d8e","LAJA_002.basePlot.all","D04","LAJA","LAJA_002","S2017PR079002","2017-08-08","18N02657","ABss2","2019-02-14","Kellogg Soil Survey Laboratory Methods Manual, Soil Survey Investigations Report No. 42 Version 5.0, Issued 2014","Bulk Density, Clods (3B1)","S2017PR079002-3.CLOD","clod",59.5,44.0,75.0,1.16,1.72,,41.7,,"USDA NRCS Kellogg Soil Survey Laboratory",,
"38f911a4-d064-4a43-9381-d5eaf4a84e22","LAJA_016.basePlot.all","D04","LAJA","LAJA_016","S2017PR079016","2017-08-08","18N02697","C","2019-02-14","Kellogg Soil Survey Laboratory Methods Manual, Soil Survey Investigations Report No. 42 Version 5.0, Issued 2014","Bulk Density, Clods (3B1)","S2017PR079016-5.CLOD","clod",88.5,77.0,100.0,1.57,1.65,,16.7,,"USDA NRCS Kellogg Soil Survey Laboratory",,
"432fd3b6-1a34-47f8-834a-aec0a5f0d173","LAJA_016.basePlot.all","D04","LAJA","LAJA_016","S2017PR079016","2017-08-08","18N02696","BC","2019-02-14","Kellogg Soil Survey Laboratory Methods Manual, Soil Survey Investigations Report No. 42 Version 5.0, Issued 2014","Bulk Density, Clods (3B1)","S2017PR079016-4.CLOD","clod",70.5,64.0,77.0,1.55,1.71,,20.1,,"USDA NRCS Kellogg Soil Survey Laboratory",,
"278c9adb-9d59-47ae-887d-0e07e244d332","LAJA_028.basePlot.all","D04","LAJA","LAJA_028","S2017PR079028","2017-08-08","18N02720","Ap","2019-02-14","Kellogg Soil Survey Laboratory Methods Manual, Soil Survey Investigations Report No. 42 Version 5.0, Issued 2014","Bulk Density, Clods (3B1)","S2017PR079028-1.CLOD","clod",11.5,0.0,23.0,1.31,1.69,,29.1,,"USDA NRCS Kellogg Soil Survey Laboratory",,
"bb8b983b-bf4e-4907-907c-afb35f34e87e","LAJA_029.basePlot.all","D04","LAJA","LAJA_029","S2017PR079029","2017-08-09","18N02725","ABss","2019-02-14","Kellogg Soil Survey Laboratory Methods Manual, Soil Survey Investigations Report No. 42 Version 5.0, Issued 2014","Bulk Density, Clods (3B1)","S2017PR079029-3.CLOD","clod",42.0,33.0,51.0,1.21,1.69,,38.9,,"USDA NRCS Kellogg Soil Survey Laboratory",,
"3dff05e0-ff61-4551-b88f-ee61cdd271e9","LAJA_017.basePlot.all","D04","LAJA","LAJA_017","S2017PR079017","2017-08-09","18N02701","Bssy","2019-02-14","Kellogg Soil Survey Laboratory Methods Manual, Soil Survey Investigations Report No. 42 Version 5.0, Issued 2014","Bulk Density, Clods (3B1)","S2017PR079017-4.CLOD","clod",82.0,64.0,100.0,1.43,1.90,,29.7,,"USDA NRCS Kellogg Soil Survey Laboratory",,
"43b75307-3ee0-41ac-80cc-8974d901a3db","LAJA_010.basePlot.all","D04","LAJA","LAJA_010","S2017PR079010","2017-08-09","18N02675","Bkss","2019-02-14","Kellogg Soil Survey Laboratory Methods Manual, Soil Survey Investigations Report No. 42 Version 5.0, Issued 2014","Bulk Density, Clods (3B1)","S2017PR079010-5.CLOD","clod",91.0,82.0,100.0,1.53,1.75,,22.7,,"USDA NRCS Kellogg Soil Survey Laboratory",,
"e641ae0b-3784-4065-9970-2239c45234f5","LAJA_030.basePlot.all","D04","LAJA","LAJA_030","S2017PR079030","2017-08-09","18N02727","A","2018-08-18","Kellogg Soil Survey Laboratory Methods Manual, Soil Survey Investigations Report No. 42 Version 5.0, Issued 2014","Bulk Density, Compliant Cavity (3B3)","S2017PR079030-1.COMPLIANT CAVITY","compliant cavity",4.5,0.0,9.0,,,1.02,,36.3,"USDA NRCS Kellogg Soil Survey Laboratory",,
"0f3af1bb-e5de-4ec9-b644-cd03563a2362","LAJA_029.basePlot.all","D04","LAJA","LAJA_029","S2017PR079029","2017-08-09","18N02723","A1","2018-08-18","Kellogg Soil Survey Laboratory Methods Manual, Soil Survey Investigations Report No. 42 Version 5.0, Issued 2014","Bulk Density, Compliant Cavity (3B3)","S2017PR079029-1.COMPLIANT CAVITY","compliant cavity",9.5,0.0,19.0,,,0.86,,41.1,"USDA NRCS Kellogg Soil Survey Laboratory",,
"3d670afb-b9e1-4b4c-9133-06eb8f03dd46","LAJA_010.basePlot.all","D04","LAJA","LAJA_010","S2017PR079010","2017-08-09","18N02673","Bss1","2019-02-14","Kellogg Soil Survey Laboratory Methods Manual, Soil Survey Investigations Report No. 42 Version 5.0, Issued 2014","Bulk Density, Clods (3B1)","S2017PR079010-3.CLOD","clod",51.5,48.0,55.0,1.48,1.80,,26.0,,"USDA NRCS Kellogg Soil Survey Laboratory",,
"063047eb-663c-4796-8649-6adff82fc150","LAJA_017.basePlot.all","D04","LAJA","LAJA_017","S2017PR079017","2017-08-09","18N02699","Bss1","2019-02-14","Kellogg Soil Survey Laboratory Methods Manual, Soil Survey Investigations Report No. 42 Version 5.0, Issued 2014","Bulk Density, Clods (3B1)","S2017PR079017-2.CLOD","clod",22.0,10.0,34.0,1.36,1.84,,29.1,,"USDA NRCS Kellogg Soil Survey Laboratory",,
"3689d1c8-5b64-4aad-941a-0edcc148ec9d","LAJA_029.basePlot.all","D04","LAJA","LAJA_029","S2017PR079029","2017-08-09","18N02724","A2","2019-02-14","Kellogg Soil Survey Laboratory Methods Manual, Soil Survey Investigations Report No. 42 Version 5.0, Issued 2014","Bulk Density, Clods (3B1)","S2017PR079029-2.CLOD","clod",26.0,19.0,33.0,1.14,1.57,,39.2,,"USDA NRCS Kellogg Soil Survey Laboratory",,
"af63947b-d1e4-49e1-bd7a-48de1942f911","LAJA_029.basePlot.all","D04","LAJA","LAJA_029","S2017PR079029","2017-08-09","18N02724","A2","2018-08-18","Kellogg Soil Survey Laboratory Methods Manual, Soil Survey Investigations Report No. 42 Version 5.0, Issued 2014","Bulk Density, Compliant Cavity (3B3)","S2017PR079029-2.COMPLIANT CAVITY","compliant cavity",26.0,19.0,33.0,,,0.91,,30.9,"USDA NRCS Kellogg Soil Survey Laboratory",,
"1e8d860f-a86d-4ac1-b271-2f8f23403833","LAJA_010.basePlot.all","D04","LAJA","LAJA_010","S2017PR079010","2017-08-09","18N02674","Bss2","2019-02-14","Kellogg Soil Survey Laboratory Methods Manual, Soil Survey Investigations Report No. 42 Version 5.0, Issued 2014","Bulk Density, Clods (3B1)","S2017PR079010-4.CLOD","clod",68.5,55.0,82.0,1.50,1.81,,25.6,,"USDA NRCS Kellogg Soil Survey Laboratory",,
"a749fc2b-05ea-4f40-aebd-247f66639ab1","LAJA_010.basePlot.all","D04","LAJA","LAJA_010","S2017PR079010","2017-08-09","18N02671","Ap","2019-02-14","Kellogg Soil Survey Laboratory Methods Manual, Soil Survey Investigations Report No. 42 Version 5.0, Issued 2014","Bulk Density, Clods (3B1)","S2017PR079010-1.CLOD","clod",9.5,0.0,19.0,1.34,1.69,,28.2,,"USDA NRCS Kellogg Soil Survey Laboratory",,
"6b39ac71-7889-4ca1-8ab8-70d3ef2a5beb","LAJA_001.basePlot.all","D04","LAJA","LAJA_001","S2017PR079001","2017-08-09","18N02653","2BA","2019-02-14","Kellogg Soil Survey Laboratory Methods Manual, Soil Survey Investigations Report No. 42 Version 5.0, Issued 2014","Bulk Density, Clods (3B1)","S2017PR079001-2.CLOD","clod",37.0,29.0,45.0,1.53,1.73,,22.4,,"USDA NRCS Kellogg Soil Survey Laboratory",,
"45fa4aea-02e0-4d84-9a5a-49d3b54037b5","LAJA_010.basePlot.all","D04","LAJA","LAJA_010","S2017PR079010","2017-08-09","18N02672","ABss","2019-02-14","Kellogg Soil Survey Laboratory Methods Manual, Soil Survey Investigations Report No. 42 Version 5.0, Issued 2014","Bulk Density, Clods (3B1)","S2017PR079010-2.CLOD","clod",33.5,19.0,48.0,1.43,1.84,,26.9,,"USDA NRCS Kellogg Soil Survey Laboratory",,
"eb2bd103-73f2-4be7-b79c-d9ff98857456","LAJA_017.basePlot.all","D04","LAJA","LAJA_017","S2017PR079017","2017-08-09","18N02698","Ap","2019-02-14","Kellogg Soil Survey Laboratory Methods Manual, Soil Survey Investigations Report No. 42 Version 5.0, Issued 2014","Bulk Density, Clods (3B1)","S2017PR079017-1.CLOD","clod",5.0,0.0,10.0,1.34,1.76,,31.6,,"USDA NRCS Kellogg Soil Survey Laboratory",,
"e47c2796-d467-4e10-866f-d1fc35fa1886","LAJA_029.basePlot.all","D04","LAJA","LAJA_029","S2017PR079029","2017-08-09","18N02726","Btss","2019-02-14","Kellogg Soil Survey Laboratory Methods Manual, Soil Survey Investigations Report No. 42 Version 5.0, Issued 2014","Bulk Density, Clods (3B1)","S2017PR079029-4.CLOD","clod",62.0,51.0,73.0,1.21,1.72,,39.9,,"USDA NRCS Kellogg Soil Survey Laboratory",,
"6d926bbf-8621-4e67-92f3-b1fc1b9288e6","LAJA_017.basePlot.all","D04","LAJA","LAJA_017","S2017PR079017","2017-08-09","18N02700","Bss2","2019-02-14","Kellogg Soil Survey Laboratory Methods Manual, Soil Survey Investigations Report No. 42 Version 5.0, Issued 2014","Bulk Density, Clods (3B1)","S2017PR079017-3.CLOD","clod",49.0,34.0,64.0,1.39,1.88,,30.7,,"USDA NRCS Kellogg Soil Survey Laboratory",,
"bd311741-3b15-478e-b5ae-873785ed5186","LAJA_001.basePlot.all","D04","LAJA","LAJA_001","S2017PR079001","2017-08-09","18N02652","Ap","2019-02-14","Kellogg Soil Survey Laboratory Methods Manual, Soil Survey Investigations Report No. 42 Version 5.0, Issued 2014","Bulk Density, Clods (3B1)","S2017PR079001-1.CLOD","clod",14.5,0.0,29.0,1.36,1.80,,30.0,,"USDA NRCS Kellogg Soil Survey Laboratory",,
"4a8d9bbe-a1c2-451c-8176-9367ca05f5e3","LAJA_001.basePlot.all","D04","LAJA","LAJA_001","S2017PR079001","2017-08-09","18N02654","3Bss","2019-02-14","Kellogg Soil Survey Laboratory Methods Manual, Soil Survey Investigations Report No. 42 Version 5.0, Issued 2014","Bulk Density, Clods (3B1)","S2017PR079001-3.CLOD","clod",72.5,45.0,100.0,1.26,1.88,,37.1,,"USDA NRCS Kellogg Soil Survey Laboratory",,
"7798c260-da72-4fb5-9937-b57643d401e2","LAJA_005.basePlot.all","D04","LAJA","LAJA_005","S2017PR079005","2017-08-10","18N02663","AB","2019-02-14","Kellogg Soil Survey Laboratory Methods Manual, Soil Survey Investigations Report No. 42 Version 5.0, Issued 2014","Bulk Density, Clods (3B1)","S2017PR079005-2.CLOD","clod",33.5,22.0,45.0,1.44,1.73,,25.6,,"USDA NRCS Kellogg Soil Survey Laboratory",,
"91803763-62b1-4b2b-9bd8-41272efe1412","LAJA_014.basePlot.all","D04","LAJA","LAJA_014","S2017PR079014","2017-08-10","18N02687","Bssz","2019-02-14","Kellogg Soil Survey Laboratory Methods Manual, Soil Survey Investigations Report No. 42 Version 5.0, Issued 2014","Bulk Density, Clods (3B1)","S2017PR079014-3.CLOD","clod",65.5,51.0,80.0,1.41,1.83,,28.7,,"USDA NRCS Kellogg Soil Survey Laboratory",,
"9ac4366e-3b42-4ec8-8012-a7529f91d5a2","LAJA_011.basePlot.all","D04","LAJA","LAJA_011","S2017PR079011","2017-08-10","18N02679","Bssy","2019-02-14","Kellogg Soil Survey Laboratory Methods Manual, Soil Survey Investigations Report No. 42 Version 5.0, Issued 2014","Bulk Density, Clods (3B1)","S2017PR079011-4.CLOD","clod",94.0,88.0,100.0,1.43,1.94,,29.7,,"USDA NRCS Kellogg Soil Survey Laboratory",,
"79cb83e5-3c5b-44c8-a9c4-6df09ef0c787","LAJA_012.basePlot.all","D04","LAJA","LAJA_012","S2017PR079012","2017-08-10","18N02683","Bkss","2019-02-14","Kellogg Soil Survey Laboratory Methods Manual, Soil Survey Investigations Report No. 42 Version 5.0, Issued 2014","Bulk Density, Clods (3B1)","S2017PR079012-4.CLOD","clod",70.5,57.0,84.0,1.55,1.73,,22.0,,"USDA NRCS Kellogg Soil Survey Laboratory",,
"0dcec1d0-ff5a-44b1-936a-f7e4c03e0edc","LAJA_014.basePlot.all","D04","LAJA","LAJA_014","S2017PR079014","2017-08-10","18N02688","2C","2019-02-14","Kellogg Soil Survey Laboratory Methods Manual, Soil Survey Investigations Report No. 42 Version 5.0, Issued 2014","Bulk Density, Clods (3B1)","S2017PR079014-4.CLOD","clod",90.0,80.0,100.0,1.55,1.86,,24.6,,"USDA NRCS Kellogg Soil Survey Laboratory",,
"e695aedc-4d07-467c-bca8-10ec04c29460","LAJA_004.basePlot.all","D04","LAJA","LAJA_004","S2017PR079004","2017-08-10","18N02660","Bss","2019-02-14","Kellogg Soil Survey Laboratory Methods Manual, Soil Survey Investigations Report No. 42 Version 5.0, Issued 2014","Bulk Density, Clods (3B1)","S2017PR079004-2.CLOD","clod",46.5,35.0,58.0,1.29,1.85,,34.7,,"USDA NRCS Kellogg Soil Survey Laboratory",,
"2d32e708-89fd-40b0-a04a-8d93ce488add","LAJA_012.basePlot.all","D04","LAJA","LAJA_012","S2017PR079012","2017-08-10","18N02681","ABss","2019-02-14","Kellogg Soil Survey Laboratory Methods Manual, Soil Survey Investigations Report No. 42 Version 5.0, Issued 2014","Bulk Density, Clods (3B1)","S2017PR079012-2.CLOD","clod",26.0,16.0,36.0,1.39,1.77,,28.5,,"USDA NRCS Kellogg Soil Survey Laboratory",,
"85546f0b-5d42-47e1-bb3b-d942a8703e61","LAJA_004.basePlot.all","D04","LAJA","LAJA_004","S2017PR079004","2017-08-10","18N02659","Ap","2019-02-14","Kellogg Soil Survey Laboratory Methods Manual, Soil Survey Investigations Report No. 42 Version 5.0, Issued 2014","Bulk Density, Clods (3B1)","S2017PR079004-1.CLOD","clod",17.5,0.0,35.0,1.25,1.81,,35.7,,"USDA NRCS Kellogg Soil Survey Laboratory",,
"5b95190b-73d1-4a7c-9510-673ca1029a63","LAJA_012.basePlot.all","D04","LAJA","LAJA_012","S2017PR079012","2017-08-10","18N02684","2C","2019-02-14","Kellogg Soil Survey Laboratory Methods Manual, Soil Survey Investigations Report No. 42 Version 5.0, Issued 2014","Bulk Density, Clods (3B1)","S2017PR079012-5.CLOD","clod",92.0,84.0,100.0,1.64,1.74,,18.7,,"USDA NRCS Kellogg Soil Survey Laboratory",,
"6c81b129-ae5b-4029-873d-d68044f97948","LAJA_014.basePlot.all","D04","LAJA","LAJA_014","S2017PR079014","2017-08-10","18N02686","ABss","2019-02-14","Kellogg Soil Survey Laboratory Methods Manual, Soil Survey Investigations Report No. 42 Version 5.0, Issued 2014","Bulk Density, Clods (3B1)","S2017PR079014-2.CLOD","clod",39.5,28.0,51.0,1.33,1.79,,32.8,,"USDA NRCS Kellogg Soil Survey Laboratory",,
"6f857108-23c1-40ac-98f9-4ce640c33197","LAJA_005.basePlot.all","D04","LAJA","LAJA_005","S2017PR079005","2017-08-10","18N02664","ABss","2019-02-14","Kellogg Soil Survey Laboratory Methods Manual, Soil Survey Investigations Report No. 42 Version 5.0, Issued 2014","Bulk Density, Clods (3B1)","S2017PR079005-3.CLOD","clod",63.5,45.0,82.0,1.41,1.73,,27.2,,"USDA NRCS Kellogg Soil Survey Laboratory",,
"3b83ac2c-0a04-4a24-9ed8-3ab4cf5a7abf","LAJA_005.basePlot.all","D04","LAJA","LAJA_005","S2017PR079005","2017-08-10","18N02662","Ap","2019-02-14","Kellogg Soil Survey Laboratory Methods Manual, Soil Survey Investigations Report No. 42 Version 5.0, Issued 2014","Bulk Density, Clods (3B1)","S2017PR079005-1.CLOD","clod",11.0,0.0,22.0,1.40,1.64,,25.3,,"USDA NRCS Kellogg Soil Survey Laboratory",,
"a4791a18-385d-4b89-b6cd-d927376d0053","LAJA_011.basePlot.all","D04","LAJA","LAJA_011","S2017PR079011","2017-08-10","18N02676","Ap","2019-02-14","Kellogg Soil Survey Laboratory Methods Manual, Soil Survey Investigations Report No. 42 Version 5.0, Issued 2014","Bulk Density, Clods (3B1)","S2017PR079011-1.CLOD","clod",14.0,0.0,28.0,1.31,1.78,,31.9,,"USDA NRCS Kellogg Soil Survey Laboratory",,
"f8f2d6a7-8af5-4596-84e3-e357f6e90048","LAJA_011.basePlot.all","D04","LAJA","LAJA_011","S2017PR079011","2017-08-10","18N02677","ABss","2019-02-14","Kellogg Soil Survey Laboratory Methods Manual, Soil Survey Investigations Report No. 42 Version 5.0, Issued 2014","Bulk Density, Clods (3B1)","S2017PR079011-2.CLOD","clod",44.0,28.0,60.0,1.34,1.83,,32.7,,"USDA NRCS Kellogg Soil Survey Laboratory",,
"efc78772-4b47-46b1-b31b-6aa70c531fc7","LAJA_014.basePlot.all","D04","LAJA","LAJA_014","S2017PR079014","2017-08-10","18N02685","Ap","2019-02-14","Kellogg Soil Survey Laboratory Methods Manual, Soil Survey Investigations Report No. 42 Version 5.0, Issued 2014","Bulk Density, Clods (3B1)","S2017PR079014-1.CLOD","clod",14.0,0.0,28.0,1.34,1.79,,30.0,,"USDA NRCS Kellogg Soil Survey Laboratory",,
"9780a6be-5a7f-4018-9b82-ca906345ae49","LAJA_005.basePlot.all","D04","LAJA","LAJA_005","S2017PR079005","2017-08-10","18N02665","2C","2019-02-14","Kellogg Soil Survey Laboratory Methods Manual, Soil Survey Investigations Report No. 42 Version 5.0, Issued 2014","Bulk Density, Clods (3B1)","S2017PR079005-4.CLOD","clod",91.0,82.0,100.0,1.62,1.74,,18.6,,"USDA NRCS Kellogg Soil Survey Laboratory",,
"70450a35-90b0-4f86-ab71-dc009cc5534e","LAJA_004.basePlot.all","D04","LAJA","LAJA_004","S2017PR079004","2017-08-10","18N02661","Bkssz","2019-02-14","Kellogg Soil Survey Laboratory Methods Manual, Soil Survey Investigations Report No. 42 Version 5.0, Issued 2014","Bulk Density, Clods (3B1)","S2017PR079004-3.CLOD","clod",79.0,58.0,100.0,1.41,1.93,,29.6,,"USDA NRCS Kellogg Soil Survey Laboratory",,
"236d5ec3-f094-40a0-8724-983e6aa9df01","LAJA_011.basePlot.all","D04","LAJA","LAJA_011","S2017PR079011","2017-08-10","18N02678","Bkssy","2019-02-14","Kellogg Soil Survey Laboratory Methods Manual, Soil Survey Investigations Report No. 42 Version 5.0, Issued 2014","Bulk Density, Clods (3B1)","S2017PR079011-3.CLOD","clod",74.0,60.0,88.0,1.50,1.92,,26.4,,"USDA NRCS Kellogg Soil Survey Laboratory",,
"009ae977-4cfa-4d10-b69f-c1ea3d00cfda","LAJA_012.basePlot.all","D04","LAJA","LAJA_012","S2017PR079012","2017-08-10","18N02680","Ap","2019-02-14","Kellogg Soil Survey Laboratory Methods Manual, Soil Survey Investigations Report No. 42 Version 5.0, Issued 2014","Bulk Density, Clods (3B1)","S2017PR079012-1.CLOD","clod",8.0,0.0,16.0,1.34,1.64,,27.4,,"USDA NRCS Kellogg Soil Survey Laboratory",,
"80adba27-7dde-4d86-8541-cceefbac1c5f","LAJA_012.basePlot.all","D04","LAJA","LAJA_012","S2017PR079012","2017-08-10","18N02682","BAss","2019-02-14","Kellogg Soil Survey Laboratory Methods Manual, Soil Survey Investigations Report No. 42 Version 5.0, Issued 2014","Bulk Density, Clods (3B1)","S2017PR079012-3.CLOD","clod",46.5,36.0,57.0,1.42,1.78,,27.4,,"USDA NRCS Kellogg Soil Survey Laboratory",,
