uid,namedLocation,domainID,siteID,plotID,pitID,collectDate,testProtocolVersion,nrcsDescriptionID,horizonID,horizonName,horizonTopDepth,horizonBottomDepth,remarks,dataQF
"0f8c13de-71b4-4b2a-9ada-2021aaa38a25","LAJA_020.basePlot.all","D04","LAJA","LAJA_020","1195009","2017-08-07","Field Book for Describing and Sampling Soils ver3","S2017PR079020","18N02705","Bkss1",65,80,,
"67a83c67-4e71-4b5d-b51b-1bdfadef688d","LAJA_020.basePlot.all","D04","LAJA","LAJA_020","1195009","2017-08-07","Field Book for Describing and Sampling Soils ver3","S2017PR079020","18N02704","Bss",49,65,,
"6523f100-85df-42be-86a9-1f9921924bf0","LAJA_022.basePlot.all","D04","LAJA","LAJA_022","1195010","2017-08-07","Field Book for Describing and Sampling Soils ver3","S2017PR079022","18N02711","2C",81,100,,
"bd00c2ba-64d4-4f60-a348-307e1850a41c","LAJA_020.basePlot.all","D04","LAJA","LAJA_020","1195009","2017-08-07","Field Book for Describing and Sampling Soils ver3","S2017PR079020","18N02703","BA",26,49,,
"bbcb24d9-bac6-4f41-a162-55457e137667","LAJA_022.basePlot.all","D04","LAJA","LAJA_022","1195010","2017-08-07","Field Book for Describing and Sampling Soils ver3","S2017PR079022","18N02710","Bss2",54,81,"Not much evidence of vertic properties, has mixing",
"7cc9e5c3-29a6-4a12-bb22-60d13b055c1b","LAJA_020.basePlot.all","D04","LAJA","LAJA_020","1195009","2017-08-07","Field Book for Describing and Sampling Soils ver3","S2017PR079020","18N02706","Bkss2",80,100,,
"4ad79871-e902-4aea-af4f-11361e5380ea","LAJA_022.basePlot.all","D04","LAJA","LAJA_022","1195010","2017-08-07","Field Book for Describing and Sampling Soils ver3","S2017PR079022","18N02709","Bss1",35,54,,
"8e9ee09b-d349-4b6f-8a4a-9cd5f3965ac0","LAJA_020.basePlot.all","D04","LAJA","LAJA_020","1195009","2017-08-07","Field Book for Describing and Sampling Soils ver3","S2017PR079020","18N02702","Ap",0,26,,
"869a03b7-0571-4836-9686-b5aa8fb14824","LAJA_022.basePlot.all","D04","LAJA","LAJA_022","1195010","2017-08-07","Field Book for Describing and Sampling Soils ver3","S2017PR079022","18N02707","Ap",0,11,"No Ap bulk density clods, very small",
"3d01bb96-4cb8-4abc-98e3-0072521c8ac8","LAJA_022.basePlot.all","D04","LAJA","LAJA_022","1195010","2017-08-07","Field Book for Describing and Sampling Soils ver3","S2017PR079022","18N02708","AB",11,35,,
"cb848e26-95ad-44ae-828a-6ed1a0a44bef","LAJA_009.basePlot.all","D04","LAJA","LAJA_009","1195001","2017-08-08","Field Book for Describing and Sampling Soils ver3","S2017PR079009","18N02666","Ap",0,12,,
"48e8854c-eba5-493f-a99b-9bc71b2e9d45","LAJA_015.basePlot.all","D04","LAJA","LAJA_015","1195006","2017-08-08","Field Book for Describing and Sampling Soils ver3","S2017PR079015","18N02691","BC",41,64,,
"5de6403d-8f31-4717-ad10-5ac3cde1d679","LAJA_025.basePlot.all","D04","LAJA","LAJA_025","1195011","2017-08-08","Field Book for Describing and Sampling Soils ver3","S2017PR079025","18N02714","Bss",54,87,,
"6253f684-d3f2-4928-a529-8dae262117b1","LAJA_027.basePlot.all","D04","LAJA","LAJA_027","1195012","2017-08-08","Field Book for Describing and Sampling Soils ver3","S2017PR079027","18N02718","Bkss1",38,60,"Has some color from horizon above in cracks, 10YR 3/2",
"2d3707ce-1ed9-4b4b-a65d-f9c7abca5096","LAJA_016.basePlot.all","D04","LAJA","LAJA_016","1195007","2017-08-08","Field Book for Describing and Sampling Soils ver3","S2017PR079016","18N02695","Bkss",38,64,,
"e3b96ad7-8d4e-41b7-a5e4-3783b1e47f29","LAJA_015.basePlot.all","D04","LAJA","LAJA_015","1195006","2017-08-08","Field Book for Describing and Sampling Soils ver3","S2017PR079015","5940140","Cr",80,100,,
"04d595bd-9d81-4b0f-b4bc-0b33fe61a784","LAJA_015.basePlot.all","D04","LAJA","LAJA_015","1195006","2017-08-08","Field Book for Describing and Sampling Soils ver3","S2017PR079015","18N02690","Bt",16,41,,
"87240fa0-f898-4086-9ac7-b8422434eb5b","LAJA_016.basePlot.all","D04","LAJA","LAJA_016","1195007","2017-08-08","Field Book for Describing and Sampling Soils ver3","S2017PR079016","18N02697","C",77,100,,
"73164bab-7de9-4498-b239-b1e9b18823f2","LAJA_027.basePlot.all","D04","LAJA","LAJA_027","1195012","2017-08-08","Field Book for Describing and Sampling Soils ver3","S2017PR079027","18N02719","Bkss2",60,100,,
"c60b1fba-ccb6-4895-b11b-7c6493d00549","LAJA_015.basePlot.all","D04","LAJA","LAJA_015","1195006","2017-08-08","Field Book for Describing and Sampling Soils ver3","S2017PR079015","18N02692","C",64,80,,
"960285f8-06e2-4989-9225-395c5a233cf2","LAJA_002.basePlot.all","D04","LAJA","LAJA_002","1195017","2017-08-08","Field Book for Describing and Sampling Soils ver3","S2017PR079002","18N02655","Ap",0,18,,
"e1b5af25-58e7-4150-aba9-953f297c1f73","LAJA_009.basePlot.all","D04","LAJA","LAJA_009","1195001","2017-08-08","Field Book for Describing and Sampling Soils ver3","S2017PR079009","18N02670","Bkss",83,100,,
"dd3bcef1-73a7-44ff-80e1-fac043b32ea0","LAJA_028.basePlot.all","D04","LAJA","LAJA_028","1195013","2017-08-08","Field Book for Describing and Sampling Soils ver3","S2017PR079028","18N02720","Ap",0,23,,
"8fdc4a32-4627-4ec9-b91b-95909ce5703d","LAJA_015.basePlot.all","D04","LAJA","LAJA_015","1195006","2017-08-08","Field Book for Describing and Sampling Soils ver3","S2017PR079015","18N02689","Ap",0,16,"Surface graded for road bed material",
"013d46f1-3544-41f8-8c49-6fd140b8fa26","LAJA_025.basePlot.all","D04","LAJA","LAJA_025","1195011","2017-08-08","Field Book for Describing and Sampling Soils ver3","S2017PR079025","18N02712","A",0,24,,
"097da21e-036f-4adc-8c4e-d6897ac95e60","LAJA_002.basePlot.all","D04","LAJA","LAJA_002","1195017","2017-08-08","Field Book for Describing and Sampling Soils ver3","S2017PR079002","18N02656","ABss1",18,44,,
"f9223b6f-90e5-4653-951c-547c255b6241","LAJA_028.basePlot.all","D04","LAJA","LAJA_028","1195013","2017-08-08","Field Book for Describing and Sampling Soils ver3","S2017PR079028","18N02722","2C",49,100,,
"3c574d9f-c29c-4d8e-85aa-f291074a041f","LAJA_009.basePlot.all","D04","LAJA","LAJA_009","1195001","2017-08-08","Field Book for Describing and Sampling Soils ver3","S2017PR079009","18N02667","AB",12,29,,
"0190ce78-4cc8-4996-80e6-f9c5bc71ad24","LAJA_016.basePlot.all","D04","LAJA","LAJA_016","1195007","2017-08-08","Field Book for Describing and Sampling Soils ver3","S2017PR079016","18N02694","AB",11,38,,
"f2676a59-f6a8-469f-9618-5b44edbbf072","LAJA_025.basePlot.all","D04","LAJA","LAJA_025","1195011","2017-08-08","Field Book for Describing and Sampling Soils ver3","S2017PR079025","18N02715","C",87,100,,
"b6f196e0-f505-4ea2-b762-d4c5dfec739a","LAJA_002.basePlot.all","D04","LAJA","LAJA_002","1195017","2017-08-08","Field Book for Describing and Sampling Soils ver3","S2017PR079002","18N02657","ABss2",44,75,,
"94b7d860-9d70-4c2b-a972-5b8649b4cfe8","LAJA_016.basePlot.all","D04","LAJA","LAJA_016","1195007","2017-08-08","Field Book for Describing and Sampling Soils ver3","S2017PR079016","18N02696","BC",64,77,,
"09b15444-9ca5-4c08-b78c-1d0066cbbd3c","LAJA_028.basePlot.all","D04","LAJA","LAJA_028","1195013","2017-08-08","Field Book for Describing and Sampling Soils ver3","S2017PR079028","18N02721","Bw",23,49,,
"f9070bd1-c04f-463a-8292-9b3c4bd291d5","LAJA_009.basePlot.all","D04","LAJA","LAJA_009","1195001","2017-08-08","Field Book for Describing and Sampling Soils ver3","S2017PR079009","18N02669","Bss2",61,83,"Carbonates in pockets",
"1c10764f-4d2e-4f25-84bc-5423cebcfecd","LAJA_025.basePlot.all","D04","LAJA","LAJA_025","1195011","2017-08-08","Field Book for Describing and Sampling Soils ver3","S2017PR079025","18N02713","AB",24,54,,
"805e6da7-2cb1-45f1-a060-aa1eaed2e501","LAJA_027.basePlot.all","D04","LAJA","LAJA_027","1195012","2017-08-08","Field Book for Describing and Sampling Soils ver3","S2017PR079027","18N02717","ABss",20,38,,
"f55a3381-26e8-466b-8e55-24b0dd07169a","LAJA_016.basePlot.all","D04","LAJA","LAJA_016","1195007","2017-08-08","Field Book for Describing and Sampling Soils ver3","S2017PR079016","18N02693","Ap",0,11,,
"2c536330-d2f6-42ec-ac92-74ebed2674d6","LAJA_002.basePlot.all","D04","LAJA","LAJA_002","1195017","2017-08-08","Field Book for Describing and Sampling Soils ver3","S2017PR079002","18N02658","Bss",75,100,,
"c68e2f53-5032-4f49-8b37-99ce42f10122","LAJA_009.basePlot.all","D04","LAJA","LAJA_009","1195001","2017-08-08","Field Book for Describing and Sampling Soils ver3","S2017PR079009","18N02668","Bss1",29,61,,
"6fbc7134-61a1-428d-8b26-bfc11ea2df37","LAJA_027.basePlot.all","D04","LAJA","LAJA_027","1195012","2017-08-08","Field Book for Describing and Sampling Soils ver3","S2017PR079027","18N02716","Ap",0,20,,
"fc2aeb32-4e78-4964-a30b-d2457ff8e78a","LAJA_010.basePlot.all","D04","LAJA","LAJA_010","1195002","2017-08-09","Field Book for Describing and Sampling Soils ver3","S2017PR079010","18N02672","ABss",19,48,,
"f4935963-8bdd-4113-94bc-8967e0902b60","LAJA_029.basePlot.all","D04","LAJA","LAJA_029","1195014","2017-08-09","Field Book for Describing and Sampling Soils ver3","S2017PR079029","18N02726","Btss",51,73,,
"8ba1e6bf-6bd7-4cea-bfb6-431f65c7ba64","LAJA_017.basePlot.all","D04","LAJA","LAJA_017","1195008","2017-08-09","Field Book for Describing and Sampling Soils ver3","S2017PR079017","18N02701","Bssy",64,100,,
"83460c8e-8e8e-4ce2-82cc-d0a30b46046a","LAJA_001.basePlot.all","D04","LAJA","LAJA_001","1195016","2017-08-09","Field Book for Describing and Sampling Soils ver3","S2017PR079001","18N02652","Ap",0,29,,
"2fd601c6-f97b-4b60-8a93-19a97072462a","LAJA_030.basePlot.all","D04","LAJA","LAJA_030","1195015","2017-08-09","Field Book for Describing and Sampling Soils ver3","S2017PR079030","18N02728","AC",9,22,,
"0848da7b-5352-4f45-8b8a-5e7c04dec4a3","LAJA_010.basePlot.all","D04","LAJA","LAJA_010","1195002","2017-08-09","Field Book for Describing and Sampling Soils ver3","S2017PR079010","18N02671","Ap",0,19,,
"20408069-cc2f-40f9-b8ec-d84b6602baf5","LAJA_010.basePlot.all","D04","LAJA","LAJA_010","1195002","2017-08-09","Field Book for Describing and Sampling Soils ver3","S2017PR079010","18N02674","Bss2",55,82,,
"a4a50b62-519b-42d9-9009-58d0b5ed2061","LAJA_029.basePlot.all","D04","LAJA","LAJA_029","1195014","2017-08-09","Field Book for Describing and Sampling Soils ver3","S2017PR079029","18N02724","A2",19,33,"3 CLODS PLUS 1 COMPLIANT CAVITY WERE TAKEN FOR COMPARRISON",
"f1ad5380-cb4c-4326-801b-815fb7136fe3","LAJA_017.basePlot.all","D04","LAJA","LAJA_017","1195008","2017-08-09","Field Book for Describing and Sampling Soils ver3","S2017PR079017","18N02699","Bss1",10,34,,
"67de2597-9036-4b46-92ef-c75cadd94809","LAJA_010.basePlot.all","D04","LAJA","LAJA_010","1195002","2017-08-09","Field Book for Describing and Sampling Soils ver3","S2017PR079010","18N02673","Bss1",48,55,,
"bef5960f-dcc1-4c67-908f-13a5702f1403","LAJA_001.basePlot.all","D04","LAJA","LAJA_001","1195016","2017-08-09","Field Book for Describing and Sampling Soils ver3","S2017PR079001","18N02653","2BA",29,45,,
"9919afdc-2037-4004-be1a-bb53e3c3af54","LAJA_017.basePlot.all","D04","LAJA","LAJA_017","1195008","2017-08-09","Field Book for Describing and Sampling Soils ver3","S2017PR079017","18N02698","Ap",0,10,,
"67903339-91cd-42d3-84ff-5e35cb76b739","LAJA_029.basePlot.all","D04","LAJA","LAJA_029","1195014","2017-08-09","Field Book for Describing and Sampling Soils ver3","S2017PR079029","18N02725","ABss",33,51,,
"62d53b7e-e092-4cfd-a716-dccaf29a9a0c","LAJA_030.basePlot.all","D04","LAJA","LAJA_030","1195015","2017-08-09","Field Book for Describing and Sampling Soils ver3","S2017PR079030","5940179","R",22,100,,
"d66893c0-e4e9-4028-86a0-56c1f7d00112","LAJA_029.basePlot.all","D04","LAJA","LAJA_029","1195014","2017-08-09","Field Book for Describing and Sampling Soils ver3","S2017PR079029","5940176","R",73,100,,
"03b9fe4f-e929-4e9d-aeb2-8a990ce0dc1d","LAJA_030.basePlot.all","D04","LAJA","LAJA_030","1195015","2017-08-09","Field Book for Describing and Sampling Soils ver3","S2017PR079030","18N02727","A",0,9,,
"c24dfab4-6274-4c59-8f3e-56c4d3c16383","LAJA_010.basePlot.all","D04","LAJA","LAJA_010","1195002","2017-08-09","Field Book for Describing and Sampling Soils ver3","S2017PR079010","18N02675","Bkss",82,100,,
"3ed1baa0-e61c-4cba-a6d7-9b035116f941","LAJA_017.basePlot.all","D04","LAJA","LAJA_017","1195008","2017-08-09","Field Book for Describing and Sampling Soils ver3","S2017PR079017","18N02700","Bss2",34,64,,
"2437c558-e27b-4020-947a-8b6a5aef5edb","LAJA_001.basePlot.all","D04","LAJA","LAJA_001","1195016","2017-08-09","Field Book for Describing and Sampling Soils ver3","S2017PR079001","18N02654","3Bss",45,100,,
"c8496772-ffae-412d-90a9-94ac1c5d0578","LAJA_029.basePlot.all","D04","LAJA","LAJA_029","1195014","2017-08-09","Field Book for Describing and Sampling Soils ver3","S2017PR079029","18N02723","A1",0,19,,
"a2848716-22df-4629-bf85-9754b0ea431d","LAJA_011.basePlot.all","D04","LAJA","LAJA_011","1195003","2017-08-10","Field Book for Describing and Sampling Soils ver3","S2017PR079011","18N02678","Bkssy",60,88,"Material with color from above in cracks",
"9e72ece9-0351-47b3-82a6-11ef96edf8f6","LAJA_012.basePlot.all","D04","LAJA","LAJA_012","1195004","2017-08-10","Field Book for Describing and Sampling Soils ver3","S2017PR079012","18N02681","ABss",16,36,,
"09159cf1-e517-4808-923c-74ee102ed31b","LAJA_005.basePlot.all","D04","LAJA","LAJA_005","1195019","2017-08-10","Field Book for Describing and Sampling Soils ver3","S2017PR079005","18N02663","AB",22,45,,
"3d9b0324-1f2a-49fa-b99e-420f3ce36172","LAJA_005.basePlot.all","D04","LAJA","LAJA_005","1195019","2017-08-10","Field Book for Describing and Sampling Soils ver3","S2017PR079005","18N02664","ABss",45,82,"1/16 - 1/2' cracks",
"e9292dcd-7b72-4f69-8950-fed783a6e4fc","LAJA_004.basePlot.all","D04","LAJA","LAJA_004","1195018","2017-08-10","Field Book for Describing and Sampling Soils ver3","S2017PR079004","18N02660","Bss",35,58,,
"28b1284f-9f4c-48d3-80e8-ec4ca36433ce","LAJA_004.basePlot.all","D04","LAJA","LAJA_004","1195018","2017-08-10","Field Book for Describing and Sampling Soils ver3","S2017PR079004","18N02661","Bkssz",58,100,,
"3482d1e5-72b8-4de1-bf13-478e7d0c1e4e","LAJA_014.basePlot.all","D04","LAJA","LAJA_014","1195005","2017-08-10","Field Book for Describing and Sampling Soils ver3","S2017PR079014","18N02688","2C",80,100,"Material with color from above horizons in cracks",
"3973f5f7-904b-44dc-9e26-c63cfcd90418","LAJA_011.basePlot.all","D04","LAJA","LAJA_011","1195003","2017-08-10","Field Book for Describing and Sampling Soils ver3","S2017PR079011","18N02676","Ap",0,28,,
"758012d8-df63-4913-8f5d-78412bc84ed9","LAJA_004.basePlot.all","D04","LAJA","LAJA_004","1195018","2017-08-10","Field Book for Describing and Sampling Soils ver3","S2017PR079004","18N02659","Ap",0,35,,
"8c5d889b-81f4-4ba4-bf24-cd54d0e78fc8","LAJA_012.basePlot.all","D04","LAJA","LAJA_012","1195004","2017-08-10","Field Book for Describing and Sampling Soils ver3","S2017PR079012","18N02684","2C",84,100,,
"ca82533d-2aea-4c6d-9326-1d2eeaa1a5db","LAJA_005.basePlot.all","D04","LAJA","LAJA_005","1195019","2017-08-10","Field Book for Describing and Sampling Soils ver3","S2017PR079005","18N02665","2C",82,100,"pockets of >15% gravel",
"fd032d99-107e-48a7-82b3-5c26477e1a22","LAJA_014.basePlot.all","D04","LAJA","LAJA_014","1195005","2017-08-10","Field Book for Describing and Sampling Soils ver3","S2017PR079014","18N02685","Ap",0,28,,
"d074ea6a-b9d9-451d-b644-ad1eb82c70f0","LAJA_011.basePlot.all","D04","LAJA","LAJA_011","1195003","2017-08-10","Field Book for Describing and Sampling Soils ver3","S2017PR079011","18N02679","Bssy",88,100,,
"a842e468-949b-48de-b99e-f5fbe25fb43a","LAJA_012.basePlot.all","D04","LAJA","LAJA_012","1195004","2017-08-10","Field Book for Describing and Sampling Soils ver3","S2017PR079012","18N02683","Bkss",57,84,"Not diagnostic on ss",
"edd5bd57-1a37-4d99-a4c1-3aef62b6e69c","LAJA_014.basePlot.all","D04","LAJA","LAJA_014","1195005","2017-08-10","Field Book for Describing and Sampling Soils ver3","S2017PR079014","18N02687","Bssz",51,80,,
"be9e7cf0-6000-44c9-b33b-4b9873174d19","LAJA_005.basePlot.all","D04","LAJA","LAJA_005","1195019","2017-08-10","Field Book for Describing and Sampling Soils ver3","S2017PR079005","18N02662","Ap",0,22,,
"e12f4e5b-1dc5-4934-a6c4-4f184e8a6792","LAJA_011.basePlot.all","D04","LAJA","LAJA_011","1195003","2017-08-10","Field Book for Describing and Sampling Soils ver3","S2017PR079011","18N02677","ABss",28,60,,
"678bc330-084a-4a35-80df-a5f2aacea92b","LAJA_012.basePlot.all","D04","LAJA","LAJA_012","1195004","2017-08-10","Field Book for Describing and Sampling Soils ver3","S2017PR079012","18N02680","Ap",0,16,,
"3f38db25-83d6-4bb9-aa47-7dd575346aa7","LAJA_014.basePlot.all","D04","LAJA","LAJA_014","1195005","2017-08-10","Field Book for Describing and Sampling Soils ver3","S2017PR079014","18N02686","ABss",28,51,,
"04347462-fbb8-4ac0-a487-d54478b552c5","LAJA_012.basePlot.all","D04","LAJA","LAJA_012","1195004","2017-08-10","Field Book for Describing and Sampling Soils ver3","S2017PR079012","18N02682","BAss",36,57,,
