uid,namedLocation,domainID,siteID,plotID,nrcsDescriptionID,collectDate,horizonID,horizonName,biogeoIDnrcs,biogeoSampleType,biogeoTopDepth,biogeoBottomDepth,biogeoCenterDepth,particleSizeDistProcessedDate,particleSizeDistMethodPub,particleSizeDistMethod,coarseFrag2To5,coarseFrag5To20,sandTotal,siltTotal,clayTotal,carbonateClay,clayFineContent,siltFineContent,siltCoarseContent,sandVeryFineContent,sandFineContent,sandMediumContent,sandCoarseContent,sandVeryCoarseContent,laboratoryName,dataQF
"ebd74e8b-2da8-45d7-8cc9-c312ca6007d6","LAJA_020.basePlot.all","D04","LAJA","LAJA_020","S2017PR079020","2017-08-07","18N02703","BA","S2017PR079020-2","bulk",26.0,49.0,37.5,"2018-10-23","Kellogg Soil Survey Laboratory Methods Manual, Soil Survey Investigations Report No. 42 Version 5.0, Issued 2014","Routine Particle Size Distribution (3A1a1a)",190.9,2.5,14.8,28.1,57.1,,,19.2,8.9,6.7,5.0,1.2,1.2,0.7,"USDA NRCS Kellogg Soil Survey Laboratory",
"03660453-6be0-4dc2-99de-499f636670c4","LAJA_020.basePlot.all","D04","LAJA","LAJA_020","S2017PR079020","2017-08-07","18N02702","Ap","S2017PR079020-1","bulk",0.0,26.0,13.0,"2018-10-23","Kellogg Soil Survey Laboratory Methods Manual, Soil Survey Investigations Report No. 42 Version 5.0, Issued 2014","Routine Particle Size Distribution (3A1a1a)",253.8,1.3,17.8,30.7,51.5,,,20.9,9.8,7.2,5.3,2.4,1.7,1.2,"USDA NRCS Kellogg Soil Survey Laboratory",
"4bcd3960-abca-4c2c-b763-0ddd60e1780e","LAJA_022.basePlot.all","D04","LAJA","LAJA_022","S2017PR079022","2017-08-07","18N02708","AB","S2017PR079022-2","bulk",11.0,35.0,23.0,"2018-10-23","Kellogg Soil Survey Laboratory Methods Manual, Soil Survey Investigations Report No. 42 Version 5.0, Issued 2014","Routine Particle Size Distribution (3A1a1a)",31.7,12.2,22.0,31.9,46.1,,,22.3,9.6,7.6,5.4,3.2,2.5,3.3,"USDA NRCS Kellogg Soil Survey Laboratory",
"2c01d7a9-317e-4191-b6ec-bc44d4a5e6d7","LAJA_022.basePlot.all","D04","LAJA","LAJA_022","S2017PR079022","2017-08-07","18N02710","Bss2","S2017PR079022-4","bulk",61.0,81.0,71.0,"2018-10-23","Kellogg Soil Survey Laboratory Methods Manual, Soil Survey Investigations Report No. 42 Version 5.0, Issued 2014","Routine Particle Size Distribution (3A1a1a)",118.6,42.6,36.1,23.9,40.0,0.4,,16.8,7.1,8.2,11.7,4.3,5.3,6.6,"USDA NRCS Kellogg Soil Survey Laboratory",
"24be1452-d7c8-468d-97a3-8697d7d25a68","LAJA_020.basePlot.all","D04","LAJA","LAJA_020","S2017PR079020","2017-08-07","18N02706","Bkss2","S2017PR079020-5","bulk",80.0,100.0,90.0,"2018-10-23","Kellogg Soil Survey Laboratory Methods Manual, Soil Survey Investigations Report No. 42 Version 5.0, Issued 2014","Routine Particle Size Distribution (3A1a1a)",8.6,3.3,34.5,31.7,33.8,0.7,,18.4,13.3,15.2,13.4,3.3,1.3,1.3,"USDA NRCS Kellogg Soil Survey Laboratory",
"0528b91e-f654-4e8a-9c11-8a18110e855c","LAJA_022.basePlot.all","D04","LAJA","LAJA_022","S2017PR079022","2017-08-07","18N02711","2C","S2017PR079022-5","bulk",81.0,100.0,90.5,"2018-10-23","Kellogg Soil Survey Laboratory Methods Manual, Soil Survey Investigations Report No. 42 Version 5.0, Issued 2014","Routine Particle Size Distribution (3A1a1a)",97.3,50.1,57.7,18.3,24.0,0.4,,13.4,4.9,7.0,7.7,8.2,14.0,20.8,"USDA NRCS Kellogg Soil Survey Laboratory",
"48caed8c-86ab-49e7-9296-a185c2baf974","LAJA_020.basePlot.all","D04","LAJA","LAJA_020","S2017PR079020","2017-08-07","18N02705","Bkss1","S2017PR079020-4","bulk",65.0,80.0,72.5,"2018-10-23","Kellogg Soil Survey Laboratory Methods Manual, Soil Survey Investigations Report No. 42 Version 5.0, Issued 2014","Routine Particle Size Distribution (3A1a1a)",66.6,6.5,30.3,29.3,40.4,1.8,,19.7,9.6,11.2,8.9,3.4,3.5,3.3,"USDA NRCS Kellogg Soil Survey Laboratory",
"721a0347-09e1-431e-b4bc-4a7af45de17e","LAJA_022.basePlot.all","D04","LAJA","LAJA_022","S2017PR079022","2017-08-07","18N02709","Bss1","S2017PR079022-3","bulk",35.0,61.0,48.0,"2018-10-23","Kellogg Soil Survey Laboratory Methods Manual, Soil Survey Investigations Report No. 42 Version 5.0, Issued 2014","Routine Particle Size Distribution (3A1a1a)",88.3,3.0,26.0,25.5,48.5,,,17.9,7.6,7.0,7.5,4.1,3.5,3.9,"USDA NRCS Kellogg Soil Survey Laboratory",
"0711aef1-6e4d-403d-b944-352416b53c74","LAJA_022.basePlot.all","D04","LAJA","LAJA_022","S2017PR079022","2017-08-07","18N02707","Ap","S2017PR079022-1","bulk",0.0,11.0,5.5,"2018-10-23","Kellogg Soil Survey Laboratory Methods Manual, Soil Survey Investigations Report No. 42 Version 5.0, Issued 2014","Routine Particle Size Distribution (3A1a1a)",6.6,2.8,20.7,32.7,46.6,,,22.8,9.9,8.2,6.1,2.7,2.0,1.7,"USDA NRCS Kellogg Soil Survey Laboratory",
"5ea7424d-2c58-40bf-b95a-5d4008e6abba","LAJA_020.basePlot.all","D04","LAJA","LAJA_020","S2017PR079020","2017-08-07","18N02704","Bss","S2017PR079020-3","bulk",49.0,65.0,57.0,"2018-10-23","Kellogg Soil Survey Laboratory Methods Manual, Soil Survey Investigations Report No. 42 Version 5.0, Issued 2014","Routine Particle Size Distribution (3A1a1a)",56.8,0.0,18.4,30.4,51.2,1.3,,21.6,8.8,8.3,4.2,2.1,1.8,2.0,"USDA NRCS Kellogg Soil Survey Laboratory",
"1130ec8f-5f1d-4e61-a8ef-09a06f9d18f0","LAJA_025.basePlot.all","D04","LAJA","LAJA_025","S2017PR079025","2017-08-08","18N02715","C","S2017PR079025-4","bulk",87.0,100.0,93.5,"2018-10-23","Kellogg Soil Survey Laboratory Methods Manual, Soil Survey Investigations Report No. 42 Version 5.0, Issued 2014","Routine Particle Size Distribution (3A1a1a)",50.6,0.0,9.2,31.9,58.9,,,22.0,9.9,7.0,2.0,0.2,0.0,0.0,"USDA NRCS Kellogg Soil Survey Laboratory",
"27fe4707-b940-40e3-808e-425b9d57dfce","LAJA_016.basePlot.all","D04","LAJA","LAJA_016","S2017PR079016","2017-08-08","18N02696","BC","S2017PR079016-4","bulk",64.0,77.0,70.5,"2018-10-27","Kellogg Soil Survey Laboratory Methods Manual, Soil Survey Investigations Report No. 42 Version 5.0, Issued 2014","Routine Particle Size Distribution (3A1a1a)",149.5,10.3,50.2,22.7,27.1,,,13.0,9.7,13.0,17.4,9.8,7.0,3.0,"USDA NRCS Kellogg Soil Survey Laboratory",
"41418161-84fe-417a-ab03-2dfeb45ab994","LAJA_002.basePlot.all","D04","LAJA","LAJA_002","S2017PR079002","2017-08-08","18N02656","ABss1","S2017PR079002-2","bulk",18.0,44.0,31.0,"2018-10-17","Kellogg Soil Survey Laboratory Methods Manual, Soil Survey Investigations Report No. 42 Version 5.0, Issued 2014","Routine Particle Size Distribution (3A1a1a)",0.0,0.0,10.8,32.5,56.7,,,26.5,6.0,4.9,3.3,1.1,0.7,0.8,"USDA NRCS Kellogg Soil Survey Laboratory",
"2ffcc9ea-b391-47b5-9a83-9825e7700929","LAJA_009.basePlot.all","D04","LAJA","LAJA_009","S2017PR079009","2017-08-08","18N02666","Ap","S2017PR079009-1","bulk",0.0,12.0,6.0,"2018-10-17","Kellogg Soil Survey Laboratory Methods Manual, Soil Survey Investigations Report No. 42 Version 5.0, Issued 2014","Routine Particle Size Distribution (3A1a1a)",167.1,17.3,20.4,28.2,51.4,,,20.2,8.0,6.5,6.0,2.8,3.1,2.0,"USDA NRCS Kellogg Soil Survey Laboratory",
"602014e9-4652-4bda-8734-29260b4243b4","LAJA_027.basePlot.all","D04","LAJA","LAJA_027","S2017PR079027","2017-08-08","18N02717","ABss","S2017PR079027-2","bulk",20.0,38.0,29.0,"2018-10-23","Kellogg Soil Survey Laboratory Methods Manual, Soil Survey Investigations Report No. 42 Version 5.0, Issued 2014","Routine Particle Size Distribution (3A1a1a)",112.3,0.0,17.4,28.6,54.0,1.0,,21.2,7.4,5.9,5.1,1.7,2.1,2.6,"USDA NRCS Kellogg Soil Survey Laboratory",
"1cef896f-085b-4272-8ee5-f061eebd1d20","LAJA_015.basePlot.all","D04","LAJA","LAJA_015","S2017PR079015","2017-08-08","18N02692","C","S2017PR079015-4","bulk",64.0,80.0,72.0,"2018-10-27","Kellogg Soil Survey Laboratory Methods Manual, Soil Survey Investigations Report No. 42 Version 5.0, Issued 2014","Routine Particle Size Distribution (3A1a1a)",161.4,127.4,46.4,26.0,27.6,,,19.7,6.3,4.4,5.6,7.8,12.3,16.3,"USDA NRCS Kellogg Soil Survey Laboratory",
"87b50230-8801-440d-abb9-da24ac290320","LAJA_016.basePlot.all","D04","LAJA","LAJA_016","S2017PR079016","2017-08-08","18N02693","Ap","S2017PR079016-1","bulk",0.0,11.0,5.5,"2018-10-27","Kellogg Soil Survey Laboratory Methods Manual, Soil Survey Investigations Report No. 42 Version 5.0, Issued 2014","Routine Particle Size Distribution (3A1a1a)",179.7,4.9,17.9,27.0,55.1,,,18.9,8.1,5.8,5.1,2.8,2.6,1.6,"USDA NRCS Kellogg Soil Survey Laboratory",
"cbbde0d2-0c1c-41a7-9e22-d48899a96d10","LAJA_016.basePlot.all","D04","LAJA","LAJA_016","S2017PR079016","2017-08-08","18N02694","AB","S2017PR079016-2","bulk",11.0,38.0,24.5,"2018-10-27","Kellogg Soil Survey Laboratory Methods Manual, Soil Survey Investigations Report No. 42 Version 5.0, Issued 2014","Routine Particle Size Distribution (3A1a1a)",225.0,5.5,17.3,25.5,57.2,,,17.6,7.9,7.6,5.1,2.5,1.4,0.7,"USDA NRCS Kellogg Soil Survey Laboratory",
"c62510ad-4c28-4c91-bfc7-4839eb7f0d32","LAJA_028.basePlot.all","D04","LAJA","LAJA_028","S2017PR079028","2017-08-08","18N02721","Bw","S2017PR079028-2","bulk",23.0,49.0,36.0,"2018-11-16","Kellogg Soil Survey Laboratory Methods Manual, Soil Survey Investigations Report No. 42 Version 5.0, Issued 2014","Routine Particle Size Distribution (3A1a1a)",66.2,13.6,17.8,23.3,58.9,,,14.1,9.2,5.1,4.3,2.8,2.9,2.7,"USDA NRCS Kellogg Soil Survey Laboratory",
"981fdc4a-c2f1-490f-85cc-84b3c64c27fa","LAJA_009.basePlot.all","D04","LAJA","LAJA_009","S2017PR079009","2017-08-08","18N02667","AB","S2017PR079009-2","bulk",12.0,29.0,20.5,"2018-10-17","Kellogg Soil Survey Laboratory Methods Manual, Soil Survey Investigations Report No. 42 Version 5.0, Issued 2014","Routine Particle Size Distribution (3A1a1a)",207.6,46.1,20.2,27.9,51.9,,,20.6,7.3,6.6,5.0,3.3,2.6,2.7,"USDA NRCS Kellogg Soil Survey Laboratory",
"2c223554-87a6-48a8-b2dd-7c1692477a62","LAJA_002.basePlot.all","D04","LAJA","LAJA_002","S2017PR079002","2017-08-08","18N02655","Ap","S2017PR079002-1","bulk",0.0,18.0,9.0,"2018-10-17","Kellogg Soil Survey Laboratory Methods Manual, Soil Survey Investigations Report No. 42 Version 5.0, Issued 2014","Routine Particle Size Distribution (3A1a1a)",0.6,0.0,18.9,32.3,48.8,,,23.8,8.5,7.2,5.6,2.8,1.7,1.6,"USDA NRCS Kellogg Soil Survey Laboratory",
"db885513-1989-49c7-8b5a-954c4cde296e","LAJA_016.basePlot.all","D04","LAJA","LAJA_016","S2017PR079016","2017-08-08","18N02697","C","S2017PR079016-5","bulk",77.0,100.0,88.5,"2018-10-23","Kellogg Soil Survey Laboratory Methods Manual, Soil Survey Investigations Report No. 42 Version 5.0, Issued 2014","Routine Particle Size Distribution (3A1a1a)",111.1,26.7,63.8,16.0,20.2,,,9.6,6.4,12.2,24.6,16.7,8.0,2.3,"USDA NRCS Kellogg Soil Survey Laboratory",
"df6fcbc2-50ad-4cf0-aa45-52b04c7d1594","LAJA_028.basePlot.all","D04","LAJA","LAJA_028","S2017PR079028","2017-08-08","18N02720","Ap","S2017PR079028-1","bulk",0.0,23.0,11.5,"2018-11-16","Kellogg Soil Survey Laboratory Methods Manual, Soil Survey Investigations Report No. 42 Version 5.0, Issued 2014","Routine Particle Size Distribution (3A1a1a)",5.8,4.3,16.0,31.6,52.4,,,19.9,11.7,6.0,4.5,2.5,1.8,1.2,"USDA NRCS Kellogg Soil Survey Laboratory",
"30be7d53-5cb4-4ec9-bebe-c1e9722bfdb0","LAJA_025.basePlot.all","D04","LAJA","LAJA_025","S2017PR079025","2017-08-08","18N02713","AB","S2017PR079025-2","bulk",24.0,54.0,39.0,"2018-10-23","Kellogg Soil Survey Laboratory Methods Manual, Soil Survey Investigations Report No. 42 Version 5.0, Issued 2014","Routine Particle Size Distribution (3A1a1a)",341.8,5.1,10.9,27.3,61.8,0.4,,20.6,6.7,5.3,3.5,1.2,0.7,0.2,"USDA NRCS Kellogg Soil Survey Laboratory",
"57580d32-96cb-42bc-9f4a-8a5cf0252c1d","LAJA_015.basePlot.all","D04","LAJA","LAJA_015","S2017PR079015","2017-08-08","18N02689","Ap","S2017PR079015-1","bulk",0.0,16.0,8.0,"2018-10-27","Kellogg Soil Survey Laboratory Methods Manual, Soil Survey Investigations Report No. 42 Version 5.0, Issued 2014","Routine Particle Size Distribution (3A1a1a)",20.8,18.5,50.1,26.1,23.8,,,15.9,10.2,8.8,12.5,11.3,11.5,6.0,"USDA NRCS Kellogg Soil Survey Laboratory",
"8a09a8ae-852f-46eb-ab21-2fbb85cdf869","LAJA_009.basePlot.all","D04","LAJA","LAJA_009","S2017PR079009","2017-08-08","18N02668","Bss1","S2017PR079009-3","bulk",29.0,61.0,45.0,"2018-10-17","Kellogg Soil Survey Laboratory Methods Manual, Soil Survey Investigations Report No. 42 Version 5.0, Issued 2014","Routine Particle Size Distribution (3A1a1a)",197.2,9.5,21.1,29.2,49.7,,,21.1,8.1,7.8,5.4,3.3,2.8,1.8,"USDA NRCS Kellogg Soil Survey Laboratory",
"8e218548-df5f-48a6-9032-f2438ebdef03","LAJA_025.basePlot.all","D04","LAJA","LAJA_025","S2017PR079025","2017-08-08","18N02712","A","S2017PR079025-1","bulk",0.0,24.0,12.0,"2018-10-23","Kellogg Soil Survey Laboratory Methods Manual, Soil Survey Investigations Report No. 42 Version 5.0, Issued 2014","Routine Particle Size Distribution (3A1a1a)",7.7,1.2,15.7,26.1,58.2,0.7,,20.0,6.1,5.5,4.0,2.1,1.6,2.5,"USDA NRCS Kellogg Soil Survey Laboratory",
"b8b5c05d-e61a-465f-90f1-6e54bba64c6c","LAJA_009.basePlot.all","D04","LAJA","LAJA_009","S2017PR079009","2017-08-08","18N02670","Bkss","S2017PR079009-5","bulk",83.0,100.0,91.5,"2018-10-17","Kellogg Soil Survey Laboratory Methods Manual, Soil Survey Investigations Report No. 42 Version 5.0, Issued 2014","Routine Particle Size Distribution (3A1a1a)",128.7,18.5,22.3,30.1,47.6,0.0,,20.3,9.8,7.4,5.0,1.7,3.8,4.4,"USDA NRCS Kellogg Soil Survey Laboratory",
"18642de4-5ece-4a23-926e-ec8c7c9cb3e6","LAJA_028.basePlot.all","D04","LAJA","LAJA_028","S2017PR079028","2017-08-08","18N02722","2C","S2017PR079028-3","bulk",49.0,100.0,74.5,"2018-11-16","Kellogg Soil Survey Laboratory Methods Manual, Soil Survey Investigations Report No. 42 Version 5.0, Issued 2014","Routine Particle Size Distribution (3A1a1a)",144.4,85.8,53.1,17.9,29.0,,,10.8,7.1,5.2,7.3,13.6,16.1,10.9,"USDA NRCS Kellogg Soil Survey Laboratory",
"5a0df7f8-3d72-4b0a-ae90-428ee7d2313e","LAJA_025.basePlot.all","D04","LAJA","LAJA_025","S2017PR079025","2017-08-08","18N02714","Bss","S2017PR079025-3","bulk",54.0,87.0,70.5,"2018-10-23","Kellogg Soil Survey Laboratory Methods Manual, Soil Survey Investigations Report No. 42 Version 5.0, Issued 2014","Routine Particle Size Distribution (3A1a1a)",179.8,4.7,12.3,29.8,57.9,0.2,,21.4,8.4,6.4,3.8,1.3,0.5,0.3,"USDA NRCS Kellogg Soil Survey Laboratory",
"337a45a8-ca2c-431a-9926-de12f4014e02","LAJA_002.basePlot.all","D04","LAJA","LAJA_002","S2017PR079002","2017-08-08","18N02658","B","S2017PR079002-4","bulk",75.0,100.0,87.5,"2018-10-17","Kellogg Soil Survey Laboratory Methods Manual, Soil Survey Investigations Report No. 42 Version 5.0, Issued 2014","Routine Particle Size Distribution (3A1a1a)",0.0,0.0,6.1,37.2,56.7,,,30.8,6.4,3.4,1.4,0.7,0.5,0.1,"USDA NRCS Kellogg Soil Survey Laboratory",
"e6334926-1e83-4522-8a80-8025abb251c3","LAJA_027.basePlot.all","D04","LAJA","LAJA_027","S2017PR079027","2017-08-08","18N02718","Bkss1","S2017PR079027-3","bulk",38.0,60.0,49.0,"2018-11-16","Kellogg Soil Survey Laboratory Methods Manual, Soil Survey Investigations Report No. 42 Version 5.0, Issued 2014","Routine Particle Size Distribution (3A1a1a)",26.4,1.9,16.9,29.0,54.1,1.0,,19.4,9.6,6.3,4.6,2.7,1.9,1.4,"USDA NRCS Kellogg Soil Survey Laboratory",
"1a5ff922-af82-42bb-82f6-71725c89fcfe","LAJA_002.basePlot.all","D04","LAJA","LAJA_002","S2017PR079002","2017-08-08","18N02657","ABss2","S2017PR079002-3","bulk",44.0,75.0,59.5,"2018-10-17","Kellogg Soil Survey Laboratory Methods Manual, Soil Survey Investigations Report No. 42 Version 5.0, Issued 2014","Routine Particle Size Distribution (3A1a1a)",0.0,0.0,5.4,34.3,60.3,,,29.5,4.8,3.1,1.3,0.5,0.3,0.2,"USDA NRCS Kellogg Soil Survey Laboratory",
"f4cbed97-cdcb-4045-b681-1665df235392","LAJA_016.basePlot.all","D04","LAJA","LAJA_016","S2017PR079016","2017-08-08","18N02695","Bkss","S2017PR079016-3","bulk",38.0,64.0,51.0,"2018-10-27","Kellogg Soil Survey Laboratory Methods Manual, Soil Survey Investigations Report No. 42 Version 5.0, Issued 2014","Routine Particle Size Distribution (3A1a1a)",199.9,51.4,35.1,29.7,35.2,0.0,,16.9,12.8,16.0,13.8,3.7,0.9,0.7,"USDA NRCS Kellogg Soil Survey Laboratory",
"26e83db0-c9ab-4fea-a677-5cf11caffa75","LAJA_015.basePlot.all","D04","LAJA","LAJA_015","S2017PR079015","2017-08-08","18N02691","BC","S2017PR079015-3","bulk",41.0,64.0,52.5,"2018-10-27","Kellogg Soil Survey Laboratory Methods Manual, Soil Survey Investigations Report No. 42 Version 5.0, Issued 2014","Routine Particle Size Distribution (3A1a1a)",53.7,45.3,29.6,24.9,45.5,,,20.0,4.9,4.9,5.5,6.0,7.4,5.8,"USDA NRCS Kellogg Soil Survey Laboratory",
"3df54ce0-eb95-4768-98d5-3589c93a7785","LAJA_009.basePlot.all","D04","LAJA","LAJA_009","S2017PR079009","2017-08-08","18N02669","Bss2","S2017PR079009-4","bulk",61.0,83.0,72.0,"2018-10-17","Kellogg Soil Survey Laboratory Methods Manual, Soil Survey Investigations Report No. 42 Version 5.0, Issued 2014","Routine Particle Size Distribution (3A1a1a)",213.5,35.4,21.2,28.7,50.1,,,21.1,7.6,6.5,4.6,3.1,3.7,3.3,"USDA NRCS Kellogg Soil Survey Laboratory",
"1a7fa850-dc39-4b3e-8a61-ca074958699a","LAJA_027.basePlot.all","D04","LAJA","LAJA_027","S2017PR079027","2017-08-08","18N02716","Ap","S2017PR079027-1","bulk",0.0,20.0,10.0,"2018-10-23","Kellogg Soil Survey Laboratory Methods Manual, Soil Survey Investigations Report No. 42 Version 5.0, Issued 2014","Routine Particle Size Distribution (3A1a1a)",27.8,4.9,12.9,25.0,62.1,,,17.1,7.9,5.8,4.0,1.4,1.1,0.6,"USDA NRCS Kellogg Soil Survey Laboratory",
"90ff1454-d05b-43e5-affb-569da31c9810","LAJA_015.basePlot.all","D04","LAJA","LAJA_015","S2017PR079015","2017-08-08","18N02690","Bt","S2017PR079015-2","bulk",16.0,41.0,28.5,"2018-10-27","Kellogg Soil Survey Laboratory Methods Manual, Soil Survey Investigations Report No. 42 Version 5.0, Issued 2014","Routine Particle Size Distribution (3A1a1a)",66.9,27.1,27.6,21.4,51.0,,,16.3,5.1,6.3,5.6,6.0,5.2,4.5,"USDA NRCS Kellogg Soil Survey Laboratory",
"ad21e4f5-16d1-4419-9782-5b718361041f","LAJA_027.basePlot.all","D04","LAJA","LAJA_027","S2017PR079027","2017-08-08","18N02719","Bkss2","S2017PR079027-4","bulk",60.0,100.0,80.0,"2018-11-16","Kellogg Soil Survey Laboratory Methods Manual, Soil Survey Investigations Report No. 42 Version 5.0, Issued 2014","Routine Particle Size Distribution (3A1a1a)",59.0,0.0,16.8,28.0,55.2,1.3,,19.1,8.9,6.9,4.7,2.6,1.7,0.9,"USDA NRCS Kellogg Soil Survey Laboratory",
"ca5ed6a6-e0e0-424f-b5d9-41887af191c0","LAJA_001.basePlot.all","D04","LAJA","LAJA_001","S2017PR079001","2017-08-09","18N02654","3Bss","S2017PR079001-3","bulk",45.0,100.0,72.5,"2018-10-17","Kellogg Soil Survey Laboratory Methods Manual, Soil Survey Investigations Report No. 42 Version 5.0, Issued 2014","Routine Particle Size Distribution (3A1a1a)",7.4,3.4,21.7,21.8,56.5,,,18.0,3.8,5.8,6.4,3.4,3.5,2.6,"USDA NRCS Kellogg Soil Survey Laboratory",
"c313eab7-e60a-477e-ab48-9a268b2d3f21","LAJA_029.basePlot.all","D04","LAJA","LAJA_029","S2017PR079029","2017-08-09","18N02726","Btss","S2017PR079029-4","bulk",51.0,73.0,62.0,"2018-11-16","Kellogg Soil Survey Laboratory Methods Manual, Soil Survey Investigations Report No. 42 Version 5.0, Issued 2014","Routine Particle Size Distribution (3A1a1a)",44.0,4.5,9.9,21.6,68.5,1.0,,15.3,6.3,3.4,2.5,1.7,1.3,1.0,"USDA NRCS Kellogg Soil Survey Laboratory",
"86a14023-5a37-4770-818d-55cc6bd64a09","LAJA_029.basePlot.all","D04","LAJA","LAJA_029","S2017PR079029","2017-08-09","18N02724","A2","S2017PR079029-2","bulk",19.0,33.0,26.0,"2018-11-16","Kellogg Soil Survey Laboratory Methods Manual, Soil Survey Investigations Report No. 42 Version 5.0, Issued 2014","Routine Particle Size Distribution (3A1a1a)",0.7,0.7,9.3,21.0,69.7,,,14.0,7.0,3.8,3.2,1.2,0.6,0.5,"USDA NRCS Kellogg Soil Survey Laboratory",
"5b81975f-9072-41f5-b941-9661fab1195d","LAJA_010.basePlot.all","D04","LAJA","LAJA_010","S2017PR079010","2017-08-09","18N02673","Bss1","S2017PR079010-3","bulk",48.0,55.0,51.5,"2018-10-17","Kellogg Soil Survey Laboratory Methods Manual, Soil Survey Investigations Report No. 42 Version 5.0, Issued 2014","Routine Particle Size Distribution (3A1a1a)",0.0,0.0,31.9,29.0,39.1,,,18.8,10.2,13.6,13.4,4.1,0.7,0.1,"USDA NRCS Kellogg Soil Survey Laboratory",
"0dd4f79e-efa2-4db0-ae2b-97a1e2a4ab0c","LAJA_030.basePlot.all","D04","LAJA","LAJA_030","S2017PR079030","2017-08-09","18N02727","A","S2017PR079030-1","bulk",0.0,9.0,4.5,"2018-11-16","Kellogg Soil Survey Laboratory Methods Manual, Soil Survey Investigations Report No. 42 Version 5.0, Issued 2014","Routine Particle Size Distribution (3A1a1a)",17.5,108.1,12.9,25.6,61.5,2.4,,14.0,11.6,4.5,3.0,2.3,1.9,1.2,"USDA NRCS Kellogg Soil Survey Laboratory",
"2f66b7e6-a8b6-494a-998e-ef7216496200","LAJA_010.basePlot.all","D04","LAJA","LAJA_010","S2017PR079010","2017-08-09","18N02671","Ap","S2017PR079010-1","bulk",0.0,19.0,9.5,"2018-10-17","Kellogg Soil Survey Laboratory Methods Manual, Soil Survey Investigations Report No. 42 Version 5.0, Issued 2014","Routine Particle Size Distribution (3A1a1a)",2.1,0.0,17.5,35.4,47.1,,,24.4,11.0,8.9,5.0,2.1,0.9,0.6,"USDA NRCS Kellogg Soil Survey Laboratory",
"9f2aa76b-6287-4ab5-96a6-e52b967e7435","LAJA_001.basePlot.all","D04","LAJA","LAJA_001","S2017PR079001","2017-08-09","18N02652","Ap","S2017PR079001-1","bulk",0.0,29.0,14.5,"2018-10-17","Kellogg Soil Survey Laboratory Methods Manual, Soil Survey Investigations Report No. 42 Version 5.0, Issued 2014","Routine Particle Size Distribution (3A1a1a)",0.0,0.0,16.1,31.8,52.1,,,23.4,8.4,6.5,3.8,2.2,2.1,1.5,"USDA NRCS Kellogg Soil Survey Laboratory",
"70770265-4781-4f67-85cb-8293e7a545cd","LAJA_001.basePlot.all","D04","LAJA","LAJA_001","S2017PR079001","2017-08-09","18N02653","2BA","S2017PR079001-2","bulk",29.0,45.0,37.0,"2018-10-17","Kellogg Soil Survey Laboratory Methods Manual, Soil Survey Investigations Report No. 42 Version 5.0, Issued 2014","Routine Particle Size Distribution (3A1a1a)",40.5,11.7,47.6,18.6,33.8,,,15.1,3.5,6.3,5.8,10.1,14.3,11.1,"USDA NRCS Kellogg Soil Survey Laboratory",
"537e05d7-df94-49ed-be8d-ef5866f5581b","LAJA_030.basePlot.all","D04","LAJA","LAJA_030","S2017PR079030","2017-08-09","18N02728","AC","S2017PR079030-2","bulk",9.0,22.0,15.5,"2018-11-16","Kellogg Soil Survey Laboratory Methods Manual, Soil Survey Investigations Report No. 42 Version 5.0, Issued 2014","Routine Particle Size Distribution (3A1a1a)",171.6,329.7,24.2,28.5,47.3,3.7,,15.2,13.3,5.6,3.4,2.9,5.0,7.3,"USDA NRCS Kellogg Soil Survey Laboratory",
"b5afd8f4-5275-4d6d-a97e-7b80a5e6362f","LAJA_017.basePlot.all","D04","LAJA","LAJA_017","S2017PR079017","2017-08-09","18N02701","Bssy","S2017PR079017-4","bulk",64.0,100.0,82.0,"2018-10-23","Kellogg Soil Survey Laboratory Methods Manual, Soil Survey Investigations Report No. 42 Version 5.0, Issued 2014","Routine Particle Size Distribution (3A1a1a)",300.2,12.5,13.7,32.0,54.3,1.4,,23.0,9.0,6.5,4.4,2.2,0.5,0.1,"USDA NRCS Kellogg Soil Survey Laboratory",
"00c91198-8f16-426c-92d2-5e60fda59c2e","LAJA_017.basePlot.all","D04","LAJA","LAJA_017","S2017PR079017","2017-08-09","18N02700","Bss2","S2017PR079017-3","bulk",34.0,64.0,49.0,"2018-10-23","Kellogg Soil Survey Laboratory Methods Manual, Soil Survey Investigations Report No. 42 Version 5.0, Issued 2014","Routine Particle Size Distribution (3A1a1a)",172.1,4.4,21.4,27.3,51.3,0.7,,19.0,8.3,6.4,4.7,3.9,3.3,3.1,"USDA NRCS Kellogg Soil Survey Laboratory",
"eca26777-5366-4296-9db9-3da69342ea09","LAJA_010.basePlot.all","D04","LAJA","LAJA_010","S2017PR079010","2017-08-09","18N02675","Bkss","S2017PR079010-5","bulk",82.0,100.0,91.0,"2018-10-27","Kellogg Soil Survey Laboratory Methods Manual, Soil Survey Investigations Report No. 42 Version 5.0, Issued 2014","Routine Particle Size Distribution (3A1a1a)",0.0,0.0,27.8,36.8,35.4,0.0,,19.9,16.9,17.0,7.3,1.7,1.1,0.7,"USDA NRCS Kellogg Soil Survey Laboratory",
"53f85977-721a-4b55-9b28-94992ddd5fae","LAJA_029.basePlot.all","D04","LAJA","LAJA_029","S2017PR079029","2017-08-09","18N02725","ABss","S2017PR079029-3","bulk",33.0,51.0,42.0,"2018-11-16","Kellogg Soil Survey Laboratory Methods Manual, Soil Survey Investigations Report No. 42 Version 5.0, Issued 2014","Routine Particle Size Distribution (3A1a1a)",170.2,5.2,9.2,21.5,69.3,,,14.8,6.7,3.8,3.1,1.1,0.8,0.4,"USDA NRCS Kellogg Soil Survey Laboratory",
"63cb357b-2485-40c5-959c-5bc558171e3d","LAJA_029.basePlot.all","D04","LAJA","LAJA_029","S2017PR079029","2017-08-09","18N02723","A1","S2017PR079029-1","bulk",0.0,19.0,9.5,"2018-11-16","Kellogg Soil Survey Laboratory Methods Manual, Soil Survey Investigations Report No. 42 Version 5.0, Issued 2014","Routine Particle Size Distribution (3A1a1a)",3.9,9.0,10.7,22.7,66.6,,,15.8,6.9,4.6,3.1,1.6,0.9,0.5,"USDA NRCS Kellogg Soil Survey Laboratory",
"5f4f73b2-eca2-41d4-9d0a-ab8e2249cad2","LAJA_010.basePlot.all","D04","LAJA","LAJA_010","S2017PR079010","2017-08-09","18N02674","Bss2","S2017PR079010-4","bulk",55.0,82.0,68.5,"2018-10-17","Kellogg Soil Survey Laboratory Methods Manual, Soil Survey Investigations Report No. 42 Version 5.0, Issued 2014","Routine Particle Size Distribution (3A1a1a)",0.0,0.0,26.8,35.9,37.3,,,21.6,14.3,16.5,8.7,1.1,0.3,0.2,"USDA NRCS Kellogg Soil Survey Laboratory",
"5006f878-6999-4ac5-9115-8c6f214a7872","LAJA_017.basePlot.all","D04","LAJA","LAJA_017","S2017PR079017","2017-08-09","18N02699","Bss1","S2017PR079017-2","bulk",10.0,34.0,22.0,"2018-10-23","Kellogg Soil Survey Laboratory Methods Manual, Soil Survey Investigations Report No. 42 Version 5.0, Issued 2014","Routine Particle Size Distribution (3A1a1a)",115.0,0.0,18.1,30.5,51.4,,,22.7,7.8,5.5,4.3,2.4,3.3,2.6,"USDA NRCS Kellogg Soil Survey Laboratory",
"39093bf5-b44f-4aa1-9557-cf608bf46f7b","LAJA_017.basePlot.all","D04","LAJA","LAJA_017","S2017PR079017","2017-08-09","18N02698","Ap","S2017PR079017-1","bulk",0.0,10.0,5.0,"2018-10-23","Kellogg Soil Survey Laboratory Methods Manual, Soil Survey Investigations Report No. 42 Version 5.0, Issued 2014","Routine Particle Size Distribution (3A1a1a)",2.5,1.9,12.8,32.6,54.6,,,25.7,6.9,5.4,3.3,2.2,1.5,0.4,"USDA NRCS Kellogg Soil Survey Laboratory",
"fee015c6-cee2-4b89-833b-0bcff016094d","LAJA_010.basePlot.all","D04","LAJA","LAJA_010","S2017PR079010","2017-08-09","18N02672","ABss","S2017PR079010-2","bulk",19.0,48.0,33.5,"2018-10-17","Kellogg Soil Survey Laboratory Methods Manual, Soil Survey Investigations Report No. 42 Version 5.0, Issued 2014","Routine Particle Size Distribution (3A1a1a)",0.0,0.0,19.1,33.2,47.7,,,23.2,10.0,9.3,5.5,2.2,0.9,1.2,"USDA NRCS Kellogg Soil Survey Laboratory",
"02462096-279c-4ec3-8860-1d3bc31170f5","LAJA_011.basePlot.all","D04","LAJA","LAJA_011","S2017PR079011","2017-08-10","18N02679","Bssy","S2017PR079011-4","bulk",88.0,100.0,94.0,"2018-10-27","Kellogg Soil Survey Laboratory Methods Manual, Soil Survey Investigations Report No. 42 Version 5.0, Issued 2014","Routine Particle Size Distribution (3A1a1a)",26.4,0.0,10.5,37.0,52.5,0.7,,26.6,10.4,6.7,2.5,0.6,0.5,0.2,"USDA NRCS Kellogg Soil Survey Laboratory",
"0bbbaf91-904b-4427-bc34-b82c17c93a7a","LAJA_014.basePlot.all","D04","LAJA","LAJA_014","S2017PR079014","2017-08-10","18N02686","ABss","S2017PR079014-2","bulk",28.0,51.0,39.5,"2018-10-27","Kellogg Soil Survey Laboratory Methods Manual, Soil Survey Investigations Report No. 42 Version 5.0, Issued 2014","Routine Particle Size Distribution (3A1a1a)",0.0,0.0,7.4,37.9,54.7,,,27.1,10.8,5.0,1.8,0.3,0.2,0.1,"USDA NRCS Kellogg Soil Survey Laboratory",
"671e9b84-5528-4562-8100-a0dde11507c4","LAJA_014.basePlot.all","D04","LAJA","LAJA_014","S2017PR079014","2017-08-10","18N02687","Bssz","S2017PR079014-3","bulk",51.0,80.0,65.5,"2018-10-27","Kellogg Soil Survey Laboratory Methods Manual, Soil Survey Investigations Report No. 42 Version 5.0, Issued 2014","Routine Particle Size Distribution (3A1a1a)",4.2,0.7,11.8,35.6,52.6,0.0,,25.2,10.4,8.7,2.0,0.5,0.2,0.4,"USDA NRCS Kellogg Soil Survey Laboratory",
"7abb5376-9742-499a-8cb6-292a77aa2ad8","LAJA_004.basePlot.all","D04","LAJA","LAJA_004","S2017PR079004","2017-08-10","18N02660","Bss","S2017PR079004-2","bulk",35.0,58.0,46.5,"2018-10-17","Kellogg Soil Survey Laboratory Methods Manual, Soil Survey Investigations Report No. 42 Version 5.0, Issued 2014","Routine Particle Size Distribution (3A1a1a)",0.0,0.0,9.8,30.6,59.6,,,23.0,7.6,6.2,1.8,0.6,0.5,0.7,"USDA NRCS Kellogg Soil Survey Laboratory",
"c6379c0e-fec2-48f8-80aa-0aa09942a72a","LAJA_014.basePlot.all","D04","LAJA","LAJA_014","S2017PR079014","2017-08-10","18N02685","Ap","S2017PR079014-1","bulk",0.0,28.0,14.0,"2018-10-27","Kellogg Soil Survey Laboratory Methods Manual, Soil Survey Investigations Report No. 42 Version 5.0, Issued 2014","Routine Particle Size Distribution (3A1a1a)",0.0,0.0,7.1,39.8,53.1,,,28.0,11.8,5.0,1.7,0.2,0.2,0.0,"USDA NRCS Kellogg Soil Survey Laboratory",
"7468c1d7-3c89-4533-8252-056336a48dc5","LAJA_005.basePlot.all","D04","LAJA","LAJA_005","S2017PR079005","2017-08-10","18N02662","Ap","S2017PR079005-1","bulk",0.0,22.0,11.0,"2018-10-17","Kellogg Soil Survey Laboratory Methods Manual, Soil Survey Investigations Report No. 42 Version 5.0, Issued 2014","Routine Particle Size Distribution (3A1a1a)",3.0,2.0,24.6,35.0,40.4,,,26.5,8.5,8.6,7.4,3.3,2.5,2.8,"USDA NRCS Kellogg Soil Survey Laboratory",
"a80ec693-4758-4b85-b393-5615a6665b59","LAJA_005.basePlot.all","D04","LAJA","LAJA_005","S2017PR079005","2017-08-10","18N02665","2C","S2017PR079005-4","bulk",82.0,100.0,91.0,"2018-10-17","Kellogg Soil Survey Laboratory Methods Manual, Soil Survey Investigations Report No. 42 Version 5.0, Issued 2014","Routine Particle Size Distribution (3A1a1a)",111.4,72.1,62.7,16.9,20.4,,,11.7,5.2,8.5,18.4,17.3,11.6,6.9,"USDA NRCS Kellogg Soil Survey Laboratory",
"e34814ff-b2c4-4ddc-8dd1-a461ece186fc","LAJA_014.basePlot.all","D04","LAJA","LAJA_014","S2017PR079014","2017-08-10","18N02688","2C","S2017PR079014-4","bulk",80.0,100.0,90.0,"2018-10-27","Kellogg Soil Survey Laboratory Methods Manual, Soil Survey Investigations Report No. 42 Version 5.0, Issued 2014","Routine Particle Size Distribution (3A1a1a)",83.3,16.8,24.5,33.7,41.8,0.0,,21.2,12.5,13.1,6.7,2.0,1.6,1.1,"USDA NRCS Kellogg Soil Survey Laboratory",
"98807ebc-11b2-4ccf-8d1d-cf32385fe3b4","LAJA_012.basePlot.all","D04","LAJA","LAJA_012","S2017PR079012","2017-08-10","18N02682","BAss","S2017PR079012-3","bulk",36.0,57.0,46.5,"2018-10-27","Kellogg Soil Survey Laboratory Methods Manual, Soil Survey Investigations Report No. 42 Version 5.0, Issued 2014","Routine Particle Size Distribution (3A1a1a)",5.6,7.7,28.9,30.6,40.5,,,18.8,11.8,12.2,11.8,2.3,0.9,1.7,"USDA NRCS Kellogg Soil Survey Laboratory",
"07afb9f8-0828-4ad4-927b-25a81c4f4340","LAJA_004.basePlot.all","D04","LAJA","LAJA_004","S2017PR079004","2017-08-10","18N02659","Ap","S2017PR079004-1","bulk",0.0,35.0,17.5,"2018-10-17","Kellogg Soil Survey Laboratory Methods Manual, Soil Survey Investigations Report No. 42 Version 5.0, Issued 2014","Routine Particle Size Distribution (3A1a1a)",0.0,0.0,9.6,31.4,59.0,,,23.3,8.1,5.0,2.3,1.3,0.5,0.5,"USDA NRCS Kellogg Soil Survey Laboratory",
"2dec9e8b-e553-43a6-af76-628bd53104e6","LAJA_005.basePlot.all","D04","LAJA","LAJA_005","S2017PR079005","2017-08-10","18N02663","AB","S2017PR079005-2","bulk",22.0,45.0,33.5,"2018-10-17","Kellogg Soil Survey Laboratory Methods Manual, Soil Survey Investigations Report No. 42 Version 5.0, Issued 2014","Routine Particle Size Distribution (3A1a1a)",2.5,1.5,24.8,32.8,42.4,,,23.1,9.7,9.7,7.1,4.1,2.0,1.9,"USDA NRCS Kellogg Soil Survey Laboratory",
"db561f3a-b0e8-42a9-8219-70d4637078cd","LAJA_005.basePlot.all","D04","LAJA","LAJA_005","S2017PR079005","2017-08-10","18N02664","ABss","S2017PR079005-3","bulk",45.0,82.0,63.5,"2018-10-17","Kellogg Soil Survey Laboratory Methods Manual, Soil Survey Investigations Report No. 42 Version 5.0, Issued 2014","Routine Particle Size Distribution (3A1a1a)",1.9,0.0,23.5,29.5,47.0,,,22.0,7.5,9.6,8.1,3.8,1.4,0.6,"USDA NRCS Kellogg Soil Survey Laboratory",
"0438b4a3-a054-408a-a543-2b5b55df428f","LAJA_012.basePlot.all","D04","LAJA","LAJA_012","S2017PR079012","2017-08-10","18N02680","Ap","S2017PR079012-1","bulk",0.0,16.0,8.0,"2018-10-27","Kellogg Soil Survey Laboratory Methods Manual, Soil Survey Investigations Report No. 42 Version 5.0, Issued 2014","Routine Particle Size Distribution (3A1a1a)",0.0,0.0,21.3,33.0,45.7,,,21.8,11.2,10.5,7.1,2.2,0.9,0.6,"USDA NRCS Kellogg Soil Survey Laboratory",
"ce6b6832-4692-48fc-ad34-0d625f0ad7b3","LAJA_004.basePlot.all","D04","LAJA","LAJA_004","S2017PR079004","2017-08-10","18N02661","Bkssz","S2017PR079004-3","bulk",58.0,100.0,79.0,"2018-10-17","Kellogg Soil Survey Laboratory Methods Manual, Soil Survey Investigations Report No. 42 Version 5.0, Issued 2014","Routine Particle Size Distribution (3A1a1a)",2.5,0.0,9.5,30.6,59.9,0.0,,21.8,8.8,6.0,2.0,0.7,0.6,0.2,"USDA NRCS Kellogg Soil Survey Laboratory",
"03ba927f-f9eb-43ee-b673-a7f242ecc93f","LAJA_012.basePlot.all","D04","LAJA","LAJA_012","S2017PR079012","2017-08-10","18N02681","ABss","S2017PR079012-2","bulk",16.0,36.0,26.0,"2018-10-27","Kellogg Soil Survey Laboratory Methods Manual, Soil Survey Investigations Report No. 42 Version 5.0, Issued 2014","Routine Particle Size Distribution (3A1a1a)",0.0,0.0,21.4,31.9,46.7,,,21.3,10.6,9.6,8.2,2.4,0.7,0.5,"USDA NRCS Kellogg Soil Survey Laboratory",
"48b154de-4c7b-4051-a279-3233aa280809","LAJA_011.basePlot.all","D04","LAJA","LAJA_011","S2017PR079011","2017-08-10","18N02678","Bkssy","S2017PR079011-3","bulk",60.0,88.0,74.0,"2018-10-27","Kellogg Soil Survey Laboratory Methods Manual, Soil Survey Investigations Report No. 42 Version 5.0, Issued 2014","Routine Particle Size Distribution (3A1a1a)",24.1,10.8,9.1,37.0,53.9,0.0,,25.5,11.5,5.4,1.5,0.7,1.0,0.5,"USDA NRCS Kellogg Soil Survey Laboratory",
"0428e37b-2579-4f69-a8d5-b1a9ae3ea9ca","LAJA_011.basePlot.all","D04","LAJA","LAJA_011","S2017PR079011","2017-08-10","18N02677","ABss","S2017PR079011-2","bulk",28.0,60.0,44.0,"2018-10-27","Kellogg Soil Survey Laboratory Methods Manual, Soil Survey Investigations Report No. 42 Version 5.0, Issued 2014","Routine Particle Size Distribution (3A1a1a)",2.0,0.0,12.0,31.0,57.0,,,21.7,9.3,5.6,2.2,1.4,1.8,1.0,"USDA NRCS Kellogg Soil Survey Laboratory",
"acc404a9-cc5f-4226-aba9-91598b1a7695","LAJA_012.basePlot.all","D04","LAJA","LAJA_012","S2017PR079012","2017-08-10","18N02683","Bkss","S2017PR079012-4","bulk",57.0,84.0,70.5,"2018-10-27","Kellogg Soil Survey Laboratory Methods Manual, Soil Survey Investigations Report No. 42 Version 5.0, Issued 2014","Routine Particle Size Distribution (3A1a1a)",22.4,11.2,42.7,26.2,31.1,0.0,,16.7,9.5,12.5,19.2,8.1,1.9,1.0,"USDA NRCS Kellogg Soil Survey Laboratory",
"62bcec57-8979-4a5f-b039-b05a6325975a","LAJA_011.basePlot.all","D04","LAJA","LAJA_011","S2017PR079011","2017-08-10","18N02676","Ap","S2017PR079011-1","bulk",0.0,28.0,14.0,"2018-10-27","Kellogg Soil Survey Laboratory Methods Manual, Soil Survey Investigations Report No. 42 Version 5.0, Issued 2014","Routine Particle Size Distribution (3A1a1a)",1.6,0.8,14.2,28.7,57.1,,,22.0,6.7,4.6,2.3,1.9,2.9,2.5,"USDA NRCS Kellogg Soil Survey Laboratory",
"96bda275-52e4-4f00-a926-1b63a9684ad3","LAJA_012.basePlot.all","D04","LAJA","LAJA_012","S2017PR079012","2017-08-10","18N02684","2C","S2017PR079012-5","bulk",84.0,100.0,92.0,"2018-10-27","Kellogg Soil Survey Laboratory Methods Manual, Soil Survey Investigations Report No. 42 Version 5.0, Issued 2014","Routine Particle Size Distribution (3A1a1a)",90.4,59.1,47.2,24.6,28.2,0.0,,15.5,9.1,14.2,17.4,7.7,4.4,3.5,"USDA NRCS Kellogg Soil Survey Laboratory",
