uid,domainID,siteID,plotID,namedLocation,plotType,nlcdClass,geodeticDatum,decimalLatitude,decimalLongitude,coordinateUncertainty,elevation,elevationUncertainty,collectDate,referenceCorner,sampleDistance,sampleBearing,pitID,testProtocolVersion,soilSamplingMethod,sampleRelativeLocation,pitDepth,recordedByA,soilProfileDescriberA,soilProfileDescriberInst,nrcsDescriptionID,soilSeries,soilFamily,soilSubgroup,soilGreatGroup,soilSuborder,soilOrder,remarks,dataQF
"481cddd5-7461-48e1-b0c2-0ca8813cdc29","D04","LAJA","LAJA_022","LAJA_022.basePlot.all","distributed","cultivatedCrops","WGS84",18.029658,-67.073388,20.1,22.6,0.1,"2017-08-07","SW40",0.2,45,"1195010","Field Book for Describing and Sampling Soils ver3","soil pit","Center of Pit",100,"7KH5ZWGV8yEEjnk87LrBIg==","8yLPS6+jvnXhlic5luBm0A==","Natural Resource Conservation Service","S2017PR079022","Fraternidad","Fine, smectitic, isohyperthermic Typic Haplusterts","typic haplusterts","haplusterts","usterts","vertisols","Site is located is 0.22 mile south from UPRM-Lajas Experiment Station main building. This experiment plot sites was used for rice projects. The site surface was leveled.",
"6ab37afa-bc4d-4a0a-9b14-1180acc940d8","D04","LAJA","LAJA_020","LAJA_020.basePlot.all","distributed","cultivatedCrops","WGS84",18.031047,-67.075916,20.1,27.1,0.1,"2017-08-07","SW40",0.2,45,"1195009","Field Book for Describing and Sampling Soils ver3","soil pit","Center of Pit",100,"7KH5ZWGV8yEEjnk87LrBIg==","8yLPS6+jvnXhlic5luBm0A==","Natural Resource Conservation Service","S2017PR079020","Fraternidad","Fine, smectitic, isohyperthermic Typic Haplusterts","typic haplusterts","haplusterts","usterts","vertisols","Site is located 0.20 mile southwest from UPRM-Lajas Experiment Station main building; 180 feet northwest of round water reservoir pump house.",
"2719357b-b1d6-4ec6-b32f-a9f4c47f1351","D04","LAJA","LAJA_027","LAJA_027.basePlot.all","distributed","cultivatedCrops","WGS84",18.035317,-67.070485,20.1,27.1,0.1,"2017-08-08","SW40",0.2,45,"1195012","Field Book for Describing and Sampling Soils ver3","soil pit","Center of Pit",100,"7KH5ZWGV8yEEjnk87LrBIg==","zOrmnyPBsIVk/36syHNUww==","Natural Resource Conservation Service","S2017PR079027","Fraternidad","Fine, smectitic, isohyperthermic Typic Haplusterts","typic haplusterts","haplusterts","usterts","vertisols","Site is located in the 415 meters northeast of UPRM-Lajas Experiment Station main building on pasture.",
"1f67083b-e99f-4479-9b49-869564ce98c4","D04","LAJA","LAJA_015","LAJA_015.basePlot.all","distributed","evergreenForest","WGS84",18.034464,-67.066822,20.2,24.4,0.3,"2017-08-08","SW40",0.2,45,"1195006","Field Book for Describing and Sampling Soils ver3","soil pit","Center of Pit",100,"OTHDqMfYVUTohb/lY36tNw==","OTHDqMfYVUTohb/lY36tNw==","Natural Resource Conservation Service","S2017PR079015","Mariana","Fine, mixed, active, isohyperthermic Typic Haplohumults","typic haplohumults","haplohumults","humults","ultisols","Site is located 0.46 mile east northeast from the UPRM-Lajas Experiment Station main building. Site is located close to highly disturbed ares and dump site. After evaluation conducted by MLRA staff the site meets the requirements for sampling. Original landscape and landform was observed. The site was abandon mango plantation.",
"6bd93d72-530f-4390-af85-906f14896ca1","D04","LAJA","LAJA_028","LAJA_028.basePlot.all","distributed","grasslandHerbaceous","WGS84",18.037770,-67.071596,20.1,29.2,0.1,"2017-08-08","SW40",0.2,45,"1195013","Field Book for Describing and Sampling Soils ver3","soil pit","Center of Pit",100,"7KH5ZWGV8yEEjnk87LrBIg==","zOrmnyPBsIVk/36syHNUww==","Natural Resource Conservation Service","S2017PR079028","Jacana","Fine, mixed, superactive, isohyperthermic Vertic Haplustolls","vertic haplustolls","haplustolls","ustolls","mollisols","Site is located 600 meters north/northeast of the UPRM-Lajas Experiment Station main building on pasture field.",
"ebf05d9f-fca3-47a5-93e8-6bcee6523999","D04","LAJA","LAJA_002","LAJA_002.basePlot.all","distributed","cultivatedCrops","WGS84",18.035349,-67.073331,20.1,28.7,0.1,"2017-08-08","SW40",0.2,45,"1195017","Field Book for Describing and Sampling Soils ver3","soil pit","Center of Pit",100,"OTHDqMfYVUTohb/lY36tNw==","8yLPS6+jvnXhlic5luBm0A==","Natural Resource Conservation Service","S2017PR079002","Santa Isabel","Fine, smectitic, isohyperthermic Typic Haplusterts","typic haplusterts","haplusterts","usterts","vertisols","Site is located in the 986 feet north of UPRM-Lajas Experiment Station main building on row crop (quenepa fruit field).",
"b7f25ecf-c4fc-4945-b20b-f87fceb4176d","D04","LAJA","LAJA_009","LAJA_009.basePlot.all","distributed","grasslandHerbaceous","WGS84",18.032303,-67.069111,20.1,22.5,0.1,"2017-08-08","SW40",0.2,45,"1195001","Field Book for Describing and Sampling Soils ver3","soil pit","Center of Pit",100,"OTHDqMfYVUTohb/lY36tNw==","8yLPS6+jvnXhlic5luBm0A==","Natural Resource Conservation Service","S2017PR079009","Fraternidad","Fine, smectitic, isohyperthermic Typic Haplusterts","typic haplusterts","haplusterts","usterts","vertisols","Site is located 1,589 feet east from UPRM-Lajas Experiment Station main building. Experiment plot site.",
"180777c6-9eb3-4e70-bdee-15f0a3854bed","D04","LAJA","LAJA_025","LAJA_025.basePlot.all","distributed","grasslandHerbaceous","WGS84",18.034725,-67.064257,20.1,22.6,0.1,"2017-08-08","SW40",0.4,45,"1195011","Field Book for Describing and Sampling Soils ver3","soil pit","Center of Pit",100,"7KH5ZWGV8yEEjnk87LrBIg==","zOrmnyPBsIVk/36syHNUww==","Natural Resource Conservation Service","S2017PR079025","Cartagena","Fine, mixed, superactive, isohyperthermic Sodic Haplusterts","sodic haplusterts","haplusterts","usterts","vertisols","Site is located 0.67 mile east of the UPRM-Lajas Experiment Station main building near to abandon aquaculture project area.",
"23ed4e50-a75a-4330-9b00-29e195d8ce2e","D04","LAJA","LAJA_016","LAJA_016.basePlot.all","distributed","grasslandHerbaceous","WGS84",18.030429,-67.070828,20.1,22.1,0.1,"2017-08-08","SW40",0.2,45,"1195007","Field Book for Describing and Sampling Soils ver3","soil pit","Center of Pit",100,"7KH5ZWGV8yEEjnk87LrBIg==","zOrmnyPBsIVk/36syHNUww==","Natural Resource Conservation Service","S2017PR079016","Fraternidad","Fine, smectitic, isohyperthermic Typic Haplusterts","typic haplusterts","haplusterts","usterts","vertisols","Site is located 0.22 mile southwest from the UPRM-Lajas Experiment Station main building. Site is dedicate for experiment plot field.",
"f0a2a622-f7f2-45f5-8f1e-18e4b12c05e1","D04","LAJA","LAJA_030","LAJA_030.basePlot.all","distributed","evergreenForest","WGS84",18.039928,-67.070204,20.2,32.5,0.4,"2017-08-09","SW40",0.1,45,"1195015","Field Book for Describing and Sampling Soils ver3","soil pit","Center of Pit",100,"7KH5ZWGV8yEEjnk87LrBIg==","uABGEhEfU8DRjkRXYJM2Eg==","Natural Resource Conservation Service","S2017PR079030","San German","Clayey-skeletal, mixed, superactive, isohyperthermic Lithic Haplustolls","lithic haplustolls","haplustolls","ustolls","mollisols","Site is located 225 meters northwest of UPRM-Lajas Experiment Station near swine facility project area on secondary forest area.",
"b65b2119-3738-436d-8abe-2693fe9fe171","D04","LAJA","LAJA_029","LAJA_029.basePlot.all","distributed","evergreenForest","WGS84",18.039917,-67.069303,20.3,37.2,0.4,"2017-08-09","SW40",0.5,45,"1195014","Field Book for Describing and Sampling Soils ver3","soil pit","Center of Pit",100,"OTHDqMfYVUTohb/lY36tNw==","pdtKwSikLpqRyiko2qSxmg==","Natural Resource Conservation Service","S2017PR079029","Jacana","Fine, mixed, superactive, isohyperthermic Vertic Haplustolls","vertic haplustolls","haplustolls","ustolls","mollisols","Site is located 150 meters northwest of UPRM-Lajas Experiment Station near swine facility project area on secondary forest area.",
"7cb4e473-3bf2-453e-a874-3f0b075599cb","D04","LAJA","LAJA_010","LAJA_010.basePlot.all","distributed","pastureHay","WGS84",18.026484,-67.082780,20.1,19.2,0.1,"2017-08-09","SW40",0.2,45,"1195002","Field Book for Describing and Sampling Soils ver3","soil pit","Center of Pit",100,"8yLPS6+jvnXhlic5luBm0A==","8yLPS6+jvnXhlic5luBm0A==","Natural Resource Conservation Service","S2017PR079010","Fraternidad","Fine, smectitic, isohyperthermic Typic Haplusterts","typic haplusterts","haplusterts","usterts","vertisols","Site is located 0.80 mile southwest of the UPRM-Lajas Experiment Station main building. Site is located on private farmland dedicate to hay production.",
"5d0594c0-ea8b-40bc-8409-9518bb4c6381","D04","LAJA","LAJA_017","LAJA_017.basePlot.all","distributed","cultivatedCrops","WGS84",18.017713,-67.074931,20.1,12.1,0.1,"2017-08-09","SW40",0.2,45,"1195008","Field Book for Describing and Sampling Soils ver3","soil pit","Center of Pit",100,"7KH5ZWGV8yEEjnk87LrBIg==","uABGEhEfU8DRjkRXYJM2Eg==","Natural Resource Conservation Service","S2017PR079017","Cartagena","Fine, mixed, superactive, isohyperthermic Sodic Haplusterts","sodic haplusterts","haplusterts","usterts","vertisols","Site is located 1.1 miles south from Lajas Experiment station main building; 0.47 mile south from UPRM-Lajas Experiment Station Dairy Farm facilities on pasture field.",
"3242e4b5-c3e1-4b11-9d24-12cb3d453ff3","D04","LAJA","LAJA_001","LAJA_001.basePlot.all","distributed","grasslandHerbaceous","WGS84",18.024533,-67.076837,20.3,16.6,0.6,"2017-08-09","SW40",0.2,45,"1195016","Field Book for Describing and Sampling Soils ver3","soil pit","Center of Pit",100,"7KH5ZWGV8yEEjnk87LrBIg==","zOrmnyPBsIVk/36syHNUww==","Natural Resource Conservation Service","S2017PR079001","Cartagena","Fine, mixed, superactive, isohyperthermic Sodic Haplusterts","sodic haplusterts","haplusterts","usterts","vertisols","Site is located 0.60 mile southwest from UPRM-Lajas Experiment Station main building; 386 feet west of Dairy Farm UPR facility on pasture field.",
"4ecaa141-aab6-4a3f-90c0-4c6fea462cbe","D04","LAJA","LAJA_004","LAJA_004.basePlot.all","distributed","pastureHay","WGS84",18.017803,-67.080880,20.1,12.2,0.1,"2017-08-10","SW40",0.2,45,"1195018","Field Book for Describing and Sampling Soils ver3","soil pit","Center of Pit",100,"7KH5ZWGV8yEEjnk87LrBIg==","zOrmnyPBsIVk/36syHNUww==","Natural Resource Conservation Service","S2017PR079004","Cartagena","Fine, mixed, superactive, isohyperthermic Sodic Haplusterts","sodic haplusterts","haplusterts","usterts","vertisols","Site is located 1.19 miles southwest from the UPRM-Lajas Experiment Station. Site is located on private farmland dedicate to hay production.",
"35dc63fc-433a-412e-8283-f221764658d0","D04","LAJA","LAJA_005","LAJA_005.basePlot.all","distributed","pastureHay","WGS84",18.025704,-67.084747,20.1,18.1,0.1,"2017-08-10","SW40",0.2,45,"1195019","Field Book for Describing and Sampling Soils ver3","soil pit","Center of Pit",100,"pdtKwSikLpqRyiko2qSxmg==","OTHDqMfYVUTohb/lY36tNw==","Natural Resource Conservation Service","S2017PR079005","Cartagena","Fine, mixed, superactive, isohyperthermic Sodic Haplusterts","sodic haplusterts","haplusterts","usterts","vertisols","Site is located 0.93 mile southwest from the UPRM-Lajas Experiment Station main building. Site is located on private farmland dedicate to hay production.",
"c39370d1-7b03-4082-a432-c7b09bbaca05","D04","LAJA","LAJA_011","LAJA_011.basePlot.all","distributed","pastureHay","WGS84",18.018109,-67.084278,20.1,11.1,0.1,"2017-08-10","SW40",0.2,45,"1195003","Field Book for Describing and Sampling Soils ver3","soil pit","Center of Pit",100,"7KH5ZWGV8yEEjnk87LrBIg==","zOrmnyPBsIVk/36syHNUww==","Natural Resource Conservation Service","S2017PR079011","Cartagena","Fine, mixed, superactive, isohyperthermic Sodic Haplusterts","sodic haplusterts","haplusterts","usterts","vertisols","Site is located 1.30 miles southwest of the UPRM-Lajas Experiment Station main building. Site is located on private farmland dedicate to hay production.",
"e174a123-c22c-45cc-ae63-778210f53c38","D04","LAJA","LAJA_014","LAJA_014.basePlot.all","distributed","pastureHay","WGS84",18.023477,-67.080260,20.1,15.7,0.1,"2017-08-10","SW40",0.2,45,"1195005","Field Book for Describing and Sampling Soils ver3","soil pit","Center of Pit",100,"7KH5ZWGV8yEEjnk87LrBIg==","zOrmnyPBsIVk/36syHNUww==","Natural Resource Conservation Service","S2017PR079014","Cartagena","Fine, mixed, superactive, isohyperthermic Sodic Haplusterts","sodic haplusterts","haplusterts","usterts","vertisols","Site is located 0.82 mile southwest from the UPRM-Lajas Experiment Station main building. Site is located on private farmland dedicate to hay production.",
"6b97413e-eb20-41db-ab35-61e10c04b33d","D04","LAJA","LAJA_012","LAJA_012.basePlot.all","distributed","pastureHay","WGS84",18.022710,-67.083667,20.1,15.9,0.1,"2017-08-10","SW40",0.2,45,"1195004","Field Book for Describing and Sampling Soils ver3","soil pit","Center of Pit",100,"OTHDqMfYVUTohb/lY36tNw==","8yLPS6+jvnXhlic5luBm0A==","Natural Resource Conservation Service","S2017PR079012","Fraternidad","Fine, smectitic, isohyperthermic Typic Haplusterts","typic haplusterts","haplusterts","usterts","vertisols","Site is located 1.01 miles southwest from the UPRM-Lajas Experiment Station main building. Site is located on private farmland dedicate to hay production.",
