uid,namedLocation,domainID,siteID,plotID,plotType,sampleID,sampleCode,ligninSampleID,ligninSampleBarcode,collectDate,analysisDate,analyticalRepNumber,dryMass,ligninPercent,cellulosePercent,measurementQF,accuracyQF,remarks,laboratoryName,testMethod,analyzedBy,reviewedBy,dataQF
"9c6d5ca2-ed6f-4a00-ac30-e09bbe32e095","ABBY_063.basePlot.cfc","D16","ABBY","ABBY_063","tower","kfvvZaGzVPHQIDWINLElZfVOo6zqoxaZLFsgckTAYWk=","A00000293094","kfvvZaGzVPHQIDWINLElZfVOo6zqoxaZlzs027iNea+u2uAowRvcNQ==","A00000293361","2022-07-21T18:50Z","2023-01-11",1,0.473,3.99,8.73,"OK","OK",,"A and L Great Lakes","SOP APF-10-024","5CCjZV/fgtQ=","j+NchQmCR3uWeXRzNkSPNw==",
"0d9778bd-7161-47df-a5c8-b06ac989674d","ABBY_063.basePlot.cfc","D16","ABBY","ABBY_063","tower","kfvvZaGzVPGPhaYaj+FlWoHv6mpr4nnqWst7dUOFqyE=","A00000293104","kfvvZaGzVPGPhaYaj+FlWoHv6mpr4nnqPRodDmBMrItzc/iKKl43QQ==","A00000293576","2022-07-21T19:31Z","2023-01-11",1,0.482,11.95,13.58,"OK","OK",,"A and L Great Lakes","SOP APF-10-024","5CCjZV/fgtQ=","j+NchQmCR3uWeXRzNkSPNw==",
"689c0891-5b4a-46d2-92a2-0b7481d49804","ABBY_065.basePlot.cfc","D16","ABBY","ABBY_065","tower","kfvvZaGzVPHo2doGCQ8J8yUp3Jd7mW9KrCiw0fkR5uU=","A00000293108","kfvvZaGzVPHo2doGCQ8J8yUp3Jd7mW9KAL7MxxrAfyc=","A00000293348","2022-07-21T21:09Z","2023-01-11",1,0.492,8.49,10.38,"OK","OK",,"A and L Great Lakes","SOP APF-10-024","5CCjZV/fgtQ=","j+NchQmCR3uWeXRzNkSPNw==",
"c8adce19-25f0-4dfc-a645-e540338fd904","ABBY_065.basePlot.cfc","D16","ABBY","ABBY_065","tower","kfvvZaGzVPE9vtI1B88fgbkwz2wHe/jk+tpxH1U0wGk=","A00000293109","kfvvZaGzVPE9vtI1B88fgbkwz2wHe/jkQeQ98K6qWq4Yjp3ZR7HJ7g==","A00000293342","2022-07-21T21:09Z","2023-01-11",1,0.480,6.77,12.33,"OK","OK",,"A and L Great Lakes","SOP APF-10-024","5CCjZV/fgtQ=","j+NchQmCR3uWeXRzNkSPNw==",
"8363320f-0592-48cd-889f-57dae9756d87","ABBY_002.basePlot.cfc","D16","ABBY","ABBY_002","distributed","kfvvZaGzVPGkB14bgRrp3GeJJptmchH6HvBGaMyzet4=","A00000293088","kfvvZaGzVPGkB14bgRrp3GeJJptmchH6VC2h+LN7gl4=","A00000293344","2022-07-25T17:16Z","2023-01-11",1,0.478,15.13,16.65,"OK","OK",,"A and L Great Lakes","SOP APF-10-024","5CCjZV/fgtQ=","j+NchQmCR3uWeXRzNkSPNw==",
"573834c1-9132-4060-989e-25bbe31bd8d2","ABBY_002.basePlot.cfc","D16","ABBY","ABBY_002","distributed","kfvvZaGzVPFU5M6V7OvUnOENGPzY3sWww4PvE5FN6b4=","A00000293082","kfvvZaGzVPFU5M6V7OvUnOENGPzY3sWwNIsSxYYBlRB15gr29bGt8w==","A00000293346","2022-07-25T17:26Z","2023-01-11",1,0.497,11.32,13.63,"OK","OK",,"A and L Great Lakes","SOP APF-10-024","5CCjZV/fgtQ=","j+NchQmCR3uWeXRzNkSPNw==",
"cf147415-4b8e-4b35-98ad-d9d31a840023","ABBY_011.basePlot.cfc","D16","ABBY","ABBY_011","distributed","kfvvZaGzVPExLx6BiA79chacx1CrOpHs0qIAjIyPylg=","A00000293099","kfvvZaGzVPExLx6BiA79chacx1CrOpHs6IMY652PaV31skuc5Ah3HA==","A00000293602","2022-07-25T20:47Z","2023-01-11",1,0.470,11.50,9.70,"OK","OK",,"A and L Great Lakes","SOP APF-10-024","5CCjZV/fgtQ=","j+NchQmCR3uWeXRzNkSPNw==",
"036d50e2-81dc-4e3d-839f-73bb1c178f18","ABBY_011.basePlot.cfc","D16","ABBY","ABBY_011","distributed","kfvvZaGzVPEFPQQCMZee+24rsqGRZN/KtMFC8s+UZ20=","A00000293098","kfvvZaGzVPEFPQQCMZee+24rsqGRZN/KVIqiLFxufGU=","A00000293616","2022-07-25T20:49Z","2023-01-11",1,0.470,6.58,9.10,"OK","OK",,"A and L Great Lakes","SOP APF-10-024","5CCjZV/fgtQ=","j+NchQmCR3uWeXRzNkSPNw==",
"b514383e-0f7b-49d7-9163-831487775fff","ABBY_009.basePlot.cfc","D16","ABBY","ABBY_009","distributed","kfvvZaGzVPEZ6NvgAVPspoY8sc9cpgyDdseCwurFQXs=","A00000293100","kfvvZaGzVPEZ6NvgAVPspoY8sc9cpgyDHk29YHWDb/xpmPIoKYCCMg==","A00000293718","2022-07-28T18:27Z","2023-01-11",1,0.484,11.75,11.33,"OK","OK",,"A and L Great Lakes","SOP APF-10-024","5CCjZV/fgtQ=","j+NchQmCR3uWeXRzNkSPNw==",
