uid,namedLocation,domainID,siteID,plotID,plotType,sampleID,sampleCode,chlorophyllSampleID,chlorophyllSampleCode,collectDate,sampleCondition,extractionStartDate,extractionLength,freshMass,solventVolume,analyticalRepNumber,extractChlAConc,extractChlBConc,extractCarotConc,relativeAccuracyScale,handlingQF,measurementQF,remarks,laboratoryName,testMethod,analyzedBy,reviewedBy,dataQF
"c44d79ce-e217-4237-a751-5a5803db7f49","ABBY_063.basePlot.cfc","D16","ABBY","ABBY_063","tower","kfvvZaGzVPHQIDWINLElZfVOo6zqoxaZLFsgckTAYWk=","A00000293094","kfvvZaGzVPHQIDWINLElZfVOo6zqoxaZZ5gmqG/l2B6YWyZ2mRX+UQ==","B00000120778","2022-07-21T18:50Z","OK","2022-08-03",48,0.0949,20,1,12.73,3.08,4.01,"not available","sample held at -20 C instead of ultracold","OK",,"EcoAnalysts Inc.","NEON_ChlandCarotenoids_Methanol","oCvRMtztjik=","oCvRMtztjik=",
"19bede18-f77b-4ab9-894d-0899d4ffb806","ABBY_063.basePlot.cfc","D16","ABBY","ABBY_063","tower","kfvvZaGzVPGPhaYaj+FlWoHv6mpr4nnqWst7dUOFqyE=","A00000293104","kfvvZaGzVPGPhaYaj+FlWoHv6mpr4nnqiWVUV5sUCx4uKl9LHndgUw==","B00000120763","2022-07-21T19:31Z","OK","2022-08-03",48,0.1918,20,1,7.62,2.42,1.72,"not available","sample held at -20 C instead of ultracold","OK",,"EcoAnalysts Inc.","NEON_ChlandCarotenoids_Methanol","oCvRMtztjik=","oCvRMtztjik=",
"6ca9fe1e-347f-4e6f-936d-494c2890a13a","ABBY_065.basePlot.cfc","D16","ABBY","ABBY_065","tower","kfvvZaGzVPHo2doGCQ8J8yUp3Jd7mW9KrCiw0fkR5uU=","A00000293108","kfvvZaGzVPHo2doGCQ8J8yUp3Jd7mW9Kd6eV7LKEhBg=","B00000120762","2022-07-21T21:09Z","OK","2022-08-03",48,0.0880,20,1,9.27,2.05,2.95,"not available","sample held at -20 C instead of ultracold","OK",,"EcoAnalysts Inc.","NEON_ChlandCarotenoids_Methanol","oCvRMtztjik=","oCvRMtztjik=",
"476fc9ea-4c25-4edc-a3b6-031b1e1be652","ABBY_065.basePlot.cfc","D16","ABBY","ABBY_065","tower","kfvvZaGzVPE9vtI1B88fgbkwz2wHe/jk+tpxH1U0wGk=","A00000293109","kfvvZaGzVPE9vtI1B88fgbkwz2wHe/jk+yCzsZAfwogIC3ZJRmcyag==","B00000120759","2022-07-21T21:09Z","OK","2022-08-03",48,0.0892,20,1,7.19,1.71,1.93,"not available","sample held at -20 C instead of ultracold","OK",,"EcoAnalysts Inc.","NEON_ChlandCarotenoids_Methanol","oCvRMtztjik=","oCvRMtztjik=",
"69a24b9b-32c8-4ce0-92ab-f485987263c4","ABBY_002.basePlot.cfc","D16","ABBY","ABBY_002","distributed","kfvvZaGzVPGkB14bgRrp3GeJJptmchH6HvBGaMyzet4=","A00000293088","kfvvZaGzVPGkB14bgRrp3GeJJptmchH6XlDyDsx8ZOE=","B00000120779","2022-07-25T17:16Z","OK","2022-08-03",48,0.1801,20,1,4.96,1.32,1.37,"not available","sample held at -20 C instead of ultracold","OK",,"EcoAnalysts Inc.","NEON_ChlandCarotenoids_Methanol","oCvRMtztjik=","oCvRMtztjik=",
"7ceac4b6-b031-4fdf-bf14-721fdff8625a","ABBY_002.basePlot.cfc","D16","ABBY","ABBY_002","distributed","kfvvZaGzVPFU5M6V7OvUnOENGPzY3sWww4PvE5FN6b4=","A00000293082","kfvvZaGzVPFU5M6V7OvUnOENGPzY3sWwK5GR+ibz2E04k47hTsExhw==","B00000120766","2022-07-25T17:26Z","OK","2022-08-03",48,0.1692,20,1,6.44,1.63,1.53,"not available","sample held at -20 C instead of ultracold","OK",,"EcoAnalysts Inc.","NEON_ChlandCarotenoids_Methanol","oCvRMtztjik=","oCvRMtztjik=",
"e9f2da4f-a5de-4f64-af93-ecefd49231c9","ABBY_011.basePlot.cfc","D16","ABBY","ABBY_011","distributed","kfvvZaGzVPExLx6BiA79chacx1CrOpHs0qIAjIyPylg=","A00000293099","kfvvZaGzVPExLx6BiA79chacx1CrOpHs01slnlYeicnDev7SU1upqg==","B00000120776","2022-07-25T20:47Z","OK","2022-08-03",48,0.0817,20,1,7.71,1.73,2.19,"not available","sample held at -20 C instead of ultracold","OK",,"EcoAnalysts Inc.","NEON_ChlandCarotenoids_Methanol","oCvRMtztjik=","oCvRMtztjik=",
"4d83f44d-9af3-4c7a-9382-36305ef9a8fc","ABBY_011.basePlot.cfc","D16","ABBY","ABBY_011","distributed","kfvvZaGzVPEFPQQCMZee+24rsqGRZN/KtMFC8s+UZ20=","A00000293098","kfvvZaGzVPEFPQQCMZee+24rsqGRZN/KxCYfitcUdSw=","B00000120764","2022-07-25T20:49Z","OK","2022-08-03",48,0.1212,20,1,4.97,1.11,2.37,"not available","sample held at -20 C instead of ultracold","OK",,"EcoAnalysts Inc.","NEON_ChlandCarotenoids_Methanol","oCvRMtztjik=","oCvRMtztjik=",
"e8942074-32ea-47b0-8258-e8f60dbf4d24","ABBY_009.basePlot.cfc","D16","ABBY","ABBY_009","distributed","kfvvZaGzVPEZ6NvgAVPspoY8sc9cpgyDdseCwurFQXs=","A00000293100","kfvvZaGzVPEZ6NvgAVPspoY8sc9cpgyDZWXH882mD9g2JyOnSqPOGA==","B00000120773","2022-07-28T18:27Z","OK","2022-08-03",48,0.0786,20,1,10.68,2.57,3.03,"not available","sample held at -20 C instead of ultracold","OK",,"EcoAnalysts Inc.","NEON_ChlandCarotenoids_Methanol","oCvRMtztjik=","oCvRMtztjik=",
