uid,namedLocation,domainID,siteID,plotID,plotType,nlcdClass,geodeticDatum,decimalLatitude,decimalLongitude,coordinateUncertainty,elevation,elevationUncertainty,samplingProtocolVersion,collectDate,aopCollectDate,samplingImpractical,subplotID,sampleType,samplingMethod,sampleID,sampleCode,sampleCondition,chlorophyllSampleID,chlorophyllSampleCode,chlorophyllSamplePrepMethod,chlorophyllSampleCondition,clipCellNumber,clipID,clipLength,clipWidth,percentCoverClip,toxicodendronPossible,vstTag,tagID,individualID,taxonID,scientificName,plantStatus,canopyStatus,canopyPosition,leafSamplePosition,subsample1Height,subsample2Height,subsample3Height,crownPolygonID,crownPolygonConfidence,shapefileID,collectedBy,recordedBy,remarks,dataQF
"c34498fa-61d6-46e5-b14b-698c922f3961","ABBY_063.basePlot.cfc","D16","ABBY","ABBY_063","tower","evergreenForest","WGS84",45.760513,-122.330039,20.1,362.2,0.10,"NEON.DOC.001024vJ","2022-07-21T18:50Z","2022-07-11","OK","39_400","Woody individual","clippers","kfvvZaGzVPHQIDWINLElZfVOo6zqoxaZLFsgckTAYWk=","A00000293094","OK","kfvvZaGzVPHQIDWINLElZfVOo6zqoxaZZ5gmqG/l2B6YWyZ2mRX+UQ==","B00000120778",,"OK",,,,,,,"Y","00388","NEON.PLA.D16.ABBY.00388","FRPU7","Frangula purshiana (DC.) A. Gray","OK","true canopy","Full sun",,2.4,1.5,1.4,,,,"0000-0002-8962-923X","0000-0002-5339-8724",,
"70274b9d-d442-4e85-88cf-16c63699ec3a","ABBY_063.basePlot.cfc","D16","ABBY","ABBY_063","tower","evergreenForest","WGS84",45.760513,-122.330039,20.1,362.2,0.10,"NEON.DOC.001024vJ","2022-07-21T19:31Z","2022-07-11","OK",,"Woody individual","pole pruner","kfvvZaGzVPGPhaYaj+FlWoHv6mpr4nnqWst7dUOFqyE=","A00000293104","OK","kfvvZaGzVPGPhaYaj+FlWoHv6mpr4nnqiWVUV5sUCx4uKl9LHndgUw==","B00000120763",,"OK",,,,,,,"Y","00429","NEON.PLA.D16.ABBY.00429","PSMEM","Pseudotsuga menziesii (Mirb.) Franco var. menziesii","OK","true canopy","Full sun",,2.9,5.1,,"ABBY.00429.2022","high","ABBY-2022-polygons","0000-0002-8962-923X","0000-0002-5339-8724",,
"939f9d65-3b20-48ca-8b61-e3fd618be6e7","ABBY_065.basePlot.cfc","D16","ABBY","ABBY_065","tower","grasslandHerbaceous","WGS84",45.762196,-122.333084,20.1,357.0,0.11,"NEON.DOC.001024vJ","2022-07-21T21:09Z","2022-07-11","OK","23_400","Woody individual","clippers","kfvvZaGzVPHo2doGCQ8J8yUp3Jd7mW9KrCiw0fkR5uU=","A00000293108","OK","kfvvZaGzVPHo2doGCQ8J8yUp3Jd7mW9Kd6eV7LKEhBg=","B00000120762",,"OK",,,,,,,"Y","00585","NEON.PLA.D16.ABBY.00585","PREM","Prunus emarginata (Douglas ex Hook.) D. Dietr.","OK","true canopy","Partially shaded",,1.7,1.7,,,,,"0000-0002-8962-923X","0000-0002-5339-8724",,
"6305621a-afb1-4427-ba32-247ceccefc20","ABBY_065.basePlot.cfc","D16","ABBY","ABBY_065","tower","grasslandHerbaceous","WGS84",45.762196,-122.333084,20.1,357.0,0.11,"NEON.DOC.001024vJ","2022-07-21T21:09Z","2022-07-11","OK","23_400","Woody individual","clippers","kfvvZaGzVPE9vtI1B88fgbkwz2wHe/jk+tpxH1U0wGk=","A00000293109","OK","kfvvZaGzVPE9vtI1B88fgbkwz2wHe/jk+yCzsZAfwogIC3ZJRmcyag==","B00000120759",,"OK",,,,,,,"Y","01161","NEON.PLA.D16.ABBY.01161","COCOC","Corylus cornuta Marshall var. californica (A. DC.) Sharp","OK","true canopy","Partially shaded",,3.4,,,,,,"0000-0002-8962-923X","0000-0002-5339-8724",,
"1490763f-e81d-46bb-bf37-d34817f97683","ABBY_002.basePlot.cfc","D16","ABBY","ABBY_002","distributed","grasslandHerbaceous","WGS84",45.739055,-122.309112,20.1,638.4,0.10,"NEON.DOC.001024vJ","2022-07-25T17:16Z","2022-07-11","OK",,"Woody individual","pole pruner","kfvvZaGzVPGkB14bgRrp3GeJJptmchH6HvBGaMyzet4=","A00000293088","OK","kfvvZaGzVPGkB14bgRrp3GeJJptmchH6XlDyDsx8ZOE=","B00000120779",,"OK",,,,,,,"Y","01515","NEON.PLA.D16.ABBY.01515","ABPR","Abies procera Rehder","OK","true canopy","Full sun",,4.4,,,"ABBY.01515.2022","high","ABBY-2022-polygons","0000-0002-8962-923X","0000-0001-6771-7557",,
"7e2f894c-f9f2-41bb-b9c2-d00b1ec6e749","ABBY_002.basePlot.cfc","D16","ABBY","ABBY_002","distributed","grasslandHerbaceous","WGS84",45.739055,-122.309112,20.1,638.4,0.10,"NEON.DOC.001024vJ","2022-07-25T17:26Z","2022-07-11","OK",,"Woody individual","pole pruner","kfvvZaGzVPFU5M6V7OvUnOENGPzY3sWww4PvE5FN6b4=","A00000293082","OK","kfvvZaGzVPFU5M6V7OvUnOENGPzY3sWwK5GR+ibz2E04k47hTsExhw==","B00000120766",,"OK",,,,,,,"Y","01614","NEON.PLA.D16.ABBY.01614","PSMEM","Pseudotsuga menziesii (Mirb.) Franco var. menziesii","OK","true canopy","Full sun",,4.8,,,"ABBY.01614.2022","high","ABBY-2022-polygons","0000-0002-8962-923X","0000-0001-6771-7557",,
"28b2d75a-3a1f-4e1f-b2bc-dbd16a287d4c","ABBY_011.basePlot.cfc","D16","ABBY","ABBY_011","distributed","grasslandHerbaceous","WGS84",45.743361,-122.358994,20.1,497.0,0.10,"NEON.DOC.001024vJ","2022-07-25T20:47Z","2022-07-11","OK","31_400","Woody individual","pole pruner","kfvvZaGzVPExLx6BiA79chacx1CrOpHs0qIAjIyPylg=","A00000293099","OK","kfvvZaGzVPExLx6BiA79chacx1CrOpHs01slnlYeicnDev7SU1upqg==","B00000120776",,"OK",,,,,,,"Y","01307","NEON.PLA.D16.ABBY.01307","ALRU2","Alnus rubra Bong.","OK","true canopy","Full sun",,1.8,,,"ABBY.01307.2022","medium","ABBY-2022-polygons","0000-0002-8962-923X","0000-0001-6771-7557",,
"178bfdb0-0a43-427d-9585-4509518b5fb6","ABBY_011.basePlot.cfc","D16","ABBY","ABBY_011","distributed","grasslandHerbaceous","WGS84",45.743361,-122.358994,20.1,497.0,0.10,"NEON.DOC.001024vJ","2022-07-25T20:49Z","2022-07-11","OK",,"Woody individual","clippers","kfvvZaGzVPEFPQQCMZee+24rsqGRZN/KtMFC8s+UZ20=","A00000293098","OK","kfvvZaGzVPEFPQQCMZee+24rsqGRZN/KxCYfitcUdSw=","B00000120764",,"OK",,,,,,,"Y","01306","NEON.PLA.D16.ABBY.01306","ACCI","Acer circinatum Pursh","OK","true canopy","Full sun",,1.3,1.4,,"ABBY.01306.2022","high","ABBY-2022-polygons","0000-0002-8962-923X","0000-0001-6771-7557",,
"7f7e2a01-c941-4232-8b6c-3d62827938a6","ABBY_009.basePlot.cfc","D16","ABBY","ABBY_009","distributed","shrubScrub","WGS84",45.765610,-122.299532,20.1,538.6,0.10,"NEON.DOC.001024vJ","2022-07-28T18:27Z","2022-07-11","OK","31_400","Woody individual","pole pruner","kfvvZaGzVPEZ6NvgAVPspoY8sc9cpgyDdseCwurFQXs=","A00000293100","OK","kfvvZaGzVPEZ6NvgAVPspoY8sc9cpgyDZWXH882mD9g2JyOnSqPOGA==","B00000120773",,"OK",,,,,,,"Y","01260","NEON.PLA.D16.ABBY.01260","ALRU2","Alnus rubra Bong.","OK","true canopy","Partially shaded",,4.4,,,"ABBY.01260.2022","medium","ABBY-2022-polygons","0000-0002-8962-923X","0000-0002-8962-923X",,
