uid,namedLocation,domainID,siteID,plotID,plotType,sampleID,sampleCode,ligninSampleID,ligninSampleBarcode,collectDate,analysisDate,analyticalRepNumber,dryMass,digestVolume,foliarPhosphorusConc,foliarPotassiumConc,foliarCalciumConc,foliarMagnesiumConc,foliarSulfurConc,foliarManganeseConc,foliarIronConc,foliarCopperConc,foliarBoronConc,foliarZincConc,foliarPhosphorusQF,foliarPotassiumQF,foliarCalciumQF,foliarMagnesiumQF,foliarSulfurQF,foliarManganeseQF,foliarIronQF,foliarCopperQF,foliarBoronQF,foliarZincQF,remarks,laboratoryName,testMethod,analyzedBy,reviewedBy,dataQF
"eb247c96-ed5f-4714-a4fe-37f480189e10","ABBY_063.basePlot.cfc","D16","ABBY","ABBY_063","tower","kfvvZaGzVPHQIDWINLElZfVOo6zqoxaZLFsgckTAYWk=","A00000293094","kfvvZaGzVPHQIDWINLElZfVOo6zqoxaZlzs027iNea+u2uAowRvcNQ==","A00000293361","2022-07-21T18:50Z","2023-01-06",1,0.205,25,0.375,1.933,0.979,0.298,0.152,980.8,50.5,5.3,18.2,28.2,"OK","OK","OK","OK","OK","OK","OK","OK","OK","OK",,"A and L Great Lakes","SOP APF-10-020","J/g6an6qIb0=","j+NchQmCR3uWeXRzNkSPNw==",
"60e3f9b7-5273-439a-84a6-0f94b463148f","ABBY_063.basePlot.cfc","D16","ABBY","ABBY_063","tower","kfvvZaGzVPGPhaYaj+FlWoHv6mpr4nnqWst7dUOFqyE=","A00000293104","kfvvZaGzVPGPhaYaj+FlWoHv6mpr4nnqPRodDmBMrItzc/iKKl43QQ==","A00000293576","2022-07-21T19:31Z","2023-01-06",1,0.205,25,0.132,0.500,0.472,0.063,0.080,373.3,38.1,3.1,10.0,10.8,"OK","OK","OK","OK","OK","OK","OK","OK","OK","OK",,"A and L Great Lakes","SOP APF-10-020","J/g6an6qIb0=","j+NchQmCR3uWeXRzNkSPNw==",
"55337395-9a88-4a5d-b12c-a31c42ad1efd","ABBY_065.basePlot.cfc","D16","ABBY","ABBY_065","tower","kfvvZaGzVPHo2doGCQ8J8yUp3Jd7mW9KrCiw0fkR5uU=","A00000293108","kfvvZaGzVPHo2doGCQ8J8yUp3Jd7mW9KAL7MxxrAfyc=","A00000293348","2022-07-21T21:09Z","2023-01-06",1,0.205,25,0.193,1.440,1.106,0.373,0.115,88.6,60.9,3.9,17.9,15.8,"OK","OK","OK","OK","OK","OK","OK","OK","OK","OK",,"A and L Great Lakes","SOP APF-10-020","J/g6an6qIb0=","j+NchQmCR3uWeXRzNkSPNw==",
"6a5552a2-009a-48ea-9458-4042ee4586e1","ABBY_065.basePlot.cfc","D16","ABBY","ABBY_065","tower","kfvvZaGzVPE9vtI1B88fgbkwz2wHe/jk+tpxH1U0wGk=","A00000293109","kfvvZaGzVPE9vtI1B88fgbkwz2wHe/jkQeQ98K6qWq4Yjp3ZR7HJ7g==","A00000293342","2022-07-21T21:09Z","2023-01-06",1,0.199,25,0.146,0.884,0.780,0.363,0.140,1207.0,55.3,5.7,33.5,21.6,"OK","OK","OK","OK","OK","OK","OK","OK","OK","OK",,"A and L Great Lakes","SOP APF-10-020","J/g6an6qIb0=","j+NchQmCR3uWeXRzNkSPNw==",
"e1f7627e-a1d7-4ff3-8463-b970cf601824","ABBY_002.basePlot.cfc","D16","ABBY","ABBY_002","distributed","kfvvZaGzVPGkB14bgRrp3GeJJptmchH6HvBGaMyzet4=","A00000293088","kfvvZaGzVPGkB14bgRrp3GeJJptmchH6VC2h+LN7gl4=","A00000293344","2022-07-25T17:16Z","2023-01-06",1,0.199,25,0.177,1.093,0.260,0.096,0.096,447.1,36.0,7.5,25.1,37.0,"OK","OK","OK","OK","OK","OK","OK","OK","OK","OK",,"A and L Great Lakes","SOP APF-10-020","J/g6an6qIb0=","j+NchQmCR3uWeXRzNkSPNw==",
"41584233-90da-493e-aebb-ee3c9d4f4fa4","ABBY_002.basePlot.cfc","D16","ABBY","ABBY_002","distributed","kfvvZaGzVPFU5M6V7OvUnOENGPzY3sWww4PvE5FN6b4=","A00000293082","kfvvZaGzVPFU5M6V7OvUnOENGPzY3sWwNIsSxYYBlRB15gr29bGt8w==","A00000293346","2022-07-25T17:26Z","2023-01-06",1,0.204,25,0.155,0.607,0.261,0.067,0.086,406.3,55.5,4.5,14.5,16.1,"OK","OK","OK","OK","OK","OK","OK","OK","OK","OK",,"A and L Great Lakes","SOP APF-10-020","J/g6an6qIb0=","j+NchQmCR3uWeXRzNkSPNw==",
"0b575b77-0e5d-4ec1-9d62-3b64e58df4c8","ABBY_011.basePlot.cfc","D16","ABBY","ABBY_011","distributed","kfvvZaGzVPExLx6BiA79chacx1CrOpHs0qIAjIyPylg=","A00000293099","kfvvZaGzVPExLx6BiA79chacx1CrOpHs6IMY652PaV31skuc5Ah3HA==","A00000293602","2022-07-25T20:47Z","2023-01-06",1,0.202,25,0.117,0.882,0.532,0.204,0.148,332.6,56.6,8.0,10.0,25.7,"OK","OK","OK","OK","OK","OK","OK","OK","OK","OK",,"A and L Great Lakes","SOP APF-10-020","J/g6an6qIb0=","j+NchQmCR3uWeXRzNkSPNw==",
"9c936d6b-666a-44e4-9381-aa8e48305ced","ABBY_011.basePlot.cfc","D16","ABBY","ABBY_011","distributed","kfvvZaGzVPEFPQQCMZee+24rsqGRZN/KtMFC8s+UZ20=","A00000293098","kfvvZaGzVPEFPQQCMZee+24rsqGRZN/KVIqiLFxufGU=","A00000293616","2022-07-25T20:49Z","2023-01-06",1,0.202,25,0.100,0.595,0.436,0.176,0.133,384.5,28.6,2.7,8.3,16.7,"OK","OK","OK","OK","OK","OK","OK","OK","OK","OK",,"A and L Great Lakes","SOP APF-10-020","J/g6an6qIb0=","j+NchQmCR3uWeXRzNkSPNw==",
"c3ad97c8-7e60-4397-8712-3ff5490964b6","ABBY_009.basePlot.cfc","D16","ABBY","ABBY_009","distributed","kfvvZaGzVPEZ6NvgAVPspoY8sc9cpgyDdseCwurFQXs=","A00000293100","kfvvZaGzVPEZ6NvgAVPspoY8sc9cpgyDHk29YHWDb/xpmPIoKYCCMg==","A00000293718","2022-07-28T18:27Z","2023-01-06",1,0.202,25,0.188,1.464,0.875,0.270,0.173,211.5,47.4,12.7,5.7,37.6,"OK","OK","OK","OK","OK","OK","OK","OK","OK","OK",,"A and L Great Lakes","SOP APF-10-020","J/g6an6qIb0=","j+NchQmCR3uWeXRzNkSPNw==",
