uid,namedLocation,domainID,siteID,plotID,plotType,sampleID,sampleCode,collectDate,ovenStartDate,ovenEndDate,sampleCondition,cnSampleID,cnSampleCode,ligninSampleID,ligninSampleBarcode,archiveSampleID,archiveSampleCode,archiveMass,toxicodendronPossible,processedBy,remarks,dataQF
"bbb7b357-b3b7-46f7-89ce-617b6439346a","ABBY_063.basePlot.cfc","D16","ABBY","ABBY_063","tower","kfvvZaGzVPHQIDWINLElZfVOo6zqoxaZLFsgckTAYWk=","A00000293094","2022-07-21T18:50Z","2022-07-26T22:00Z","2022-08-02T18:00Z","OK","kfvvZaGzVPHQIDWINLElZfVOo6zqoxaZgyFUDZSP/dU=","A00000293345","kfvvZaGzVPHQIDWINLElZfVOo6zqoxaZlzs027iNea+u2uAowRvcNQ==","A00000293361","kfvvZaGzVPHQIDWINLElZfVOo6zqoxaZOtlmVyRurXA=","A00000293360",4.71,,"0000-0002-5339-8724",,
"a040f0eb-f7c2-47fc-afa0-5dfae0199c70","ABBY_063.basePlot.cfc","D16","ABBY","ABBY_063","tower","kfvvZaGzVPGPhaYaj+FlWoHv6mpr4nnqWst7dUOFqyE=","A00000293104","2022-07-21T19:31Z","2022-07-26T22:00Z","2022-08-02T18:00Z","OK","kfvvZaGzVPGPhaYaj+FlWoHv6mpr4nnqPSKfM9eGwXY=","A00000293600","kfvvZaGzVPGPhaYaj+FlWoHv6mpr4nnqPRodDmBMrItzc/iKKl43QQ==","A00000293576","kfvvZaGzVPGPhaYaj+FlWoHv6mpr4nnquVLy87VYBCg=","A00000293582",4.47,,"0000-0003-2593-761X",,
"5e880007-1988-4e85-b2c8-4f3d576d9ff8","ABBY_065.basePlot.cfc","D16","ABBY","ABBY_065","tower","kfvvZaGzVPE9vtI1B88fgbkwz2wHe/jk+tpxH1U0wGk=","A00000293109","2022-07-21T21:09Z","2022-07-26T22:00Z","2022-08-02T18:00Z","OK","kfvvZaGzVPE9vtI1B88fgbkwz2wHe/jknr0MTnxbaWo=","A00000293341","kfvvZaGzVPE9vtI1B88fgbkwz2wHe/jkQeQ98K6qWq4Yjp3ZR7HJ7g==","A00000293342","kfvvZaGzVPE9vtI1B88fgbkwz2wHe/jkqeDyORRhcD4=","A00000293358",6.15,,"0000-0002-5339-8724",,
"ab757c00-0298-494f-b9ac-182a48ddeb9a","ABBY_065.basePlot.cfc","D16","ABBY","ABBY_065","tower","kfvvZaGzVPHo2doGCQ8J8yUp3Jd7mW9KrCiw0fkR5uU=","A00000293108","2022-07-21T21:09Z","2022-07-26T22:00Z","2022-08-02T17:52Z","OK","kfvvZaGzVPHo2doGCQ8J8yUp3Jd7mW9KrGD3IFMAB/E=","A00000293628","kfvvZaGzVPHo2doGCQ8J8yUp3Jd7mW9KAL7MxxrAfyc=","A00000293348","kfvvZaGzVPHo2doGCQ8J8yUp3Jd7mW9K5XRAL47xPho=","A00000293627",6.06,,"0000-0002-5339-8724",,
"4b810547-9245-4fef-b5e8-5dbc027e7333","ABBY_002.basePlot.cfc","D16","ABBY","ABBY_002","distributed","kfvvZaGzVPGkB14bgRrp3GeJJptmchH6HvBGaMyzet4=","A00000293088","2022-07-25T17:16Z","2022-07-28T16:23Z","2022-08-02T17:53Z","OK","kfvvZaGzVPGkB14bgRrp3GeJJptmchH62/F0pYnBdCU=","A00000293343","kfvvZaGzVPGkB14bgRrp3GeJJptmchH6VC2h+LN7gl4=","A00000293344","kfvvZaGzVPGkB14bgRrp3GeJJptmchH6096Iv8cb/1M=","A00000293359",3.39,,"0000-0002-5339-8724",,
"783a6cc0-28e1-43d2-86e1-71d92c841210","ABBY_002.basePlot.cfc","D16","ABBY","ABBY_002","distributed","kfvvZaGzVPFU5M6V7OvUnOENGPzY3sWww4PvE5FN6b4=","A00000293082","2022-07-25T17:26Z","2022-07-28T16:23Z","2022-08-02T17:49Z","OK","kfvvZaGzVPFU5M6V7OvUnOENGPzY3sWwbevUE0QLHhc=","A00000293362","kfvvZaGzVPFU5M6V7OvUnOENGPzY3sWwNIsSxYYBlRB15gr29bGt8w==","A00000293346","kfvvZaGzVPFU5M6V7OvUnOENGPzY3sWwtbIIktHP9EI=","A00000293347",5.93,,"0000-0002-5339-8724",,
"7e2fd399-dc13-4891-9dcb-72770f902b1b","ABBY_011.basePlot.cfc","D16","ABBY","ABBY_011","distributed","kfvvZaGzVPExLx6BiA79chacx1CrOpHs0qIAjIyPylg=","A00000293099","2022-07-25T20:47Z","2022-07-29T19:50Z","2022-08-02T17:55Z","OK","kfvvZaGzVPExLx6BiA79chacx1CrOpHs8qCGOdQ4bOY=","A00000293595","kfvvZaGzVPExLx6BiA79chacx1CrOpHs6IMY652PaV31skuc5Ah3HA==","A00000293602","kfvvZaGzVPExLx6BiA79chacx1CrOpHsjqToghEqdl0=","A00000293581",5.34,,"0000-0001-9521-413X",,
"b5355f4f-bfda-4625-8c9e-805a2ecbed72","ABBY_011.basePlot.cfc","D16","ABBY","ABBY_011","distributed","kfvvZaGzVPEFPQQCMZee+24rsqGRZN/KtMFC8s+UZ20=","A00000293098","2022-07-25T20:49Z","2022-07-29T19:50Z","2022-08-02T17:55Z","OK","kfvvZaGzVPEFPQQCMZee+24rsqGRZN/KfsLh6LYYTZU=","A00000293607","kfvvZaGzVPEFPQQCMZee+24rsqGRZN/KVIqiLFxufGU=","A00000293616","kfvvZaGzVPEFPQQCMZee+24rsqGRZN/KFgNSxod2jkA=","A00000293617",6.51,,"0000-0001-9521-413X",,
"9efa9e90-a14d-4d5b-ab53-2a576e7406b7","ABBY_009.basePlot.cfc","D16","ABBY","ABBY_009","distributed","kfvvZaGzVPEZ6NvgAVPspoY8sc9cpgyDdseCwurFQXs=","A00000293100","2022-07-28T18:27Z","2022-08-02T17:30Z","2022-08-08T19:00Z","OK","kfvvZaGzVPEZ6NvgAVPspoY8sc9cpgyDeOJ/zf+RWYE=","A00000293719","kfvvZaGzVPEZ6NvgAVPspoY8sc9cpgyDHk29YHWDb/xpmPIoKYCCMg==","A00000293718","kfvvZaGzVPEZ6NvgAVPspoY8sc9cpgyDwKWDYdrgfic=","A00000293724",6.23,,"0000-0003-2593-761X",,
