uid,namedLocation,domainID,siteID,plotID,plotType,sampleID,sampleCode,cnSampleID,cnSampleCode,collectDate,analysisDate,co2Trapped,d15N,d13C,nitrogenPercent,carbonPercent,CNratio,cnIsotopeQF,cnPercentQF,isotopeAccuracyQF,percentAccuracyQF,analyticalRepNumber,remarks,laboratoryName,testMethod,instrument,analyzedBy,reviewedBy,dataQF
"69b84441-48ee-4658-8f96-10af4daf433f","ABBY_063.basePlot.cfc","D16","ABBY","ABBY_063","tower","kfvvZaGzVPHQIDWINLElZfVOo6zqoxaZLFsgckTAYWk=","A00000293094","kfvvZaGzVPHQIDWINLElZfVOo6zqoxaZgyFUDZSP/dU=","A00000293345","2022-07-21T18:50Z","2023-01-17","N",-5.6,-28.7,2.78,47.65,17.1,"OK","OK","OK","OK",1,,"University of Wyoming Stable Isotope Facility","010 EA-IRMS organic d15N, d13C, C% & N%","Carlo Erba 1110 Elemental Analyzer coupled to a Thermo Delta V IRMS","H2ehOOFsaDPhLGs9nIVRag==","bEP9Ut5BMUSEVHTehx6p8Q==",
"bcb78ba8-f862-4d89-940b-7fe538297985","ABBY_063.basePlot.cfc","D16","ABBY","ABBY_063","tower","kfvvZaGzVPGPhaYaj+FlWoHv6mpr4nnqWst7dUOFqyE=","A00000293104","kfvvZaGzVPGPhaYaj+FlWoHv6mpr4nnqPSKfM9eGwXY=","A00000293600","2022-07-21T19:31Z","2023-01-17","N",-1.8,-27.4,1.21,51.93,42.8,"OK","OK","OK","OK",1,,"University of Wyoming Stable Isotope Facility","010 EA-IRMS organic d15N, d13C, C% & N%","Carlo Erba 1110 Elemental Analyzer coupled to a Thermo Delta V IRMS","H2ehOOFsaDPhLGs9nIVRag==","bEP9Ut5BMUSEVHTehx6p8Q==",
"c3287f68-1057-42b4-bea7-55bd0de4031d","ABBY_065.basePlot.cfc","D16","ABBY","ABBY_065","tower","kfvvZaGzVPE9vtI1B88fgbkwz2wHe/jk+tpxH1U0wGk=","A00000293109","kfvvZaGzVPE9vtI1B88fgbkwz2wHe/jknr0MTnxbaWo=","A00000293341","2022-07-21T21:09Z","2023-01-17","N",-2.5,-28.5,2.20,49.56,22.5,"OK","OK","OK","OK",1,,"University of Wyoming Stable Isotope Facility","010 EA-IRMS organic d15N, d13C, C% & N%","Carlo Erba 1110 Elemental Analyzer coupled to a Thermo Delta V IRMS","H2ehOOFsaDPhLGs9nIVRag==","bEP9Ut5BMUSEVHTehx6p8Q==",
"fc4c1178-e44e-46cf-bea5-4c72e3c5c77b","ABBY_065.basePlot.cfc","D16","ABBY","ABBY_065","tower","kfvvZaGzVPHo2doGCQ8J8yUp3Jd7mW9KrCiw0fkR5uU=","A00000293108","kfvvZaGzVPHo2doGCQ8J8yUp3Jd7mW9KrGD3IFMAB/E=","A00000293628","2022-07-21T21:09Z","2023-01-17","N",-3.7,-29.9,2.25,50.18,22.3,"OK","OK","OK","OK",1,,"University of Wyoming Stable Isotope Facility","010 EA-IRMS organic d15N, d13C, C% & N%","Carlo Erba 1110 Elemental Analyzer coupled to a Thermo Delta V IRMS","H2ehOOFsaDPhLGs9nIVRag==","bEP9Ut5BMUSEVHTehx6p8Q==",
"a1b8ac09-9611-4c79-a4d4-2066b9582263","ABBY_002.basePlot.cfc","D16","ABBY","ABBY_002","distributed","kfvvZaGzVPGkB14bgRrp3GeJJptmchH6HvBGaMyzet4=","A00000293088","kfvvZaGzVPGkB14bgRrp3GeJJptmchH62/F0pYnBdCU=","A00000293343","2022-07-25T17:16Z","2023-01-17","N",-3.9,-30.2,1.38,50.68,36.8,"OK","OK","OK","OK",1,,"University of Wyoming Stable Isotope Facility","010 EA-IRMS organic d15N, d13C, C% & N%","Carlo Erba 1110 Elemental Analyzer coupled to a Thermo Delta V IRMS","H2ehOOFsaDPhLGs9nIVRag==","bEP9Ut5BMUSEVHTehx6p8Q==",
"fbe919fe-3862-4888-8643-5e713d12c9c7","ABBY_002.basePlot.cfc","D16","ABBY","ABBY_002","distributed","kfvvZaGzVPFU5M6V7OvUnOENGPzY3sWww4PvE5FN6b4=","A00000293082","kfvvZaGzVPFU5M6V7OvUnOENGPzY3sWwbevUE0QLHhc=","A00000293362","2022-07-25T17:26Z","2023-01-17","N",-3.3,-28.3,1.28,50.83,39.9,"OK","OK","OK","OK",2,,"University of Wyoming Stable Isotope Facility","010 EA-IRMS organic d15N, d13C, C% & N%","Carlo Erba 1110 Elemental Analyzer coupled to a Thermo Delta V IRMS","H2ehOOFsaDPhLGs9nIVRag==","bEP9Ut5BMUSEVHTehx6p8Q==",
"9c80166a-492b-46ec-9a94-4f1c2d8dc7ae","ABBY_002.basePlot.cfc","D16","ABBY","ABBY_002","distributed","kfvvZaGzVPFU5M6V7OvUnOENGPzY3sWww4PvE5FN6b4=","A00000293082","kfvvZaGzVPFU5M6V7OvUnOENGPzY3sWwbevUE0QLHhc=","A00000293362","2022-07-25T17:26Z","2023-01-17","N",-3.3,-28.3,1.22,50.96,41.8,"OK","OK","OK","OK",1,,"University of Wyoming Stable Isotope Facility","010 EA-IRMS organic d15N, d13C, C% & N%","Carlo Erba 1110 Elemental Analyzer coupled to a Thermo Delta V IRMS","H2ehOOFsaDPhLGs9nIVRag==","bEP9Ut5BMUSEVHTehx6p8Q==",
"90fa1ad8-99ca-41af-aa69-5aca97012afe","ABBY_011.basePlot.cfc","D16","ABBY","ABBY_011","distributed","kfvvZaGzVPExLx6BiA79chacx1CrOpHs0qIAjIyPylg=","A00000293099","kfvvZaGzVPExLx6BiA79chacx1CrOpHs8qCGOdQ4bOY=","A00000293595","2022-07-25T20:47Z","2023-01-17","N",-1.2,-28.7,2.35,52.01,22.1,"OK","OK","OK","OK",1,,"University of Wyoming Stable Isotope Facility","010 EA-IRMS organic d15N, d13C, C% & N%","Carlo Erba 1110 Elemental Analyzer coupled to a Thermo Delta V IRMS","H2ehOOFsaDPhLGs9nIVRag==","bEP9Ut5BMUSEVHTehx6p8Q==",
"7408f2c5-852a-48c6-be5c-357a65611288","ABBY_011.basePlot.cfc","D16","ABBY","ABBY_011","distributed","kfvvZaGzVPEFPQQCMZee+24rsqGRZN/KtMFC8s+UZ20=","A00000293098","kfvvZaGzVPEFPQQCMZee+24rsqGRZN/KfsLh6LYYTZU=","A00000293607","2022-07-25T20:49Z","2023-01-17","N",-4.9,-29.6,1.15,50.99,44.2,"OK","OK","OK","OK",1,,"University of Wyoming Stable Isotope Facility","010 EA-IRMS organic d15N, d13C, C% & N%","Carlo Erba 1110 Elemental Analyzer coupled to a Thermo Delta V IRMS","H2ehOOFsaDPhLGs9nIVRag==","bEP9Ut5BMUSEVHTehx6p8Q==",
"23307591-69ce-44aa-9fe5-71abdf0f078f","ABBY_009.basePlot.cfc","D16","ABBY","ABBY_009","distributed","kfvvZaGzVPEZ6NvgAVPspoY8sc9cpgyDdseCwurFQXs=","A00000293100","kfvvZaGzVPEZ6NvgAVPspoY8sc9cpgyDeOJ/zf+RWYE=","A00000293719","2022-07-28T18:27Z","2023-01-17","N",-1.4,-28.7,2.82,50.98,18.1,"OK","OK","OK","OK",1,,"University of Wyoming Stable Isotope Facility","010 EA-IRMS organic d15N, d13C, C% & N%","Carlo Erba 1110 Elemental Analyzer coupled to a Thermo Delta V IRMS","H2ehOOFsaDPhLGs9nIVRag==","bEP9Ut5BMUSEVHTehx6p8Q==",
