uid,namedLocation,domainID,siteID,plotID,pitID,collectDate,testProtocolVersion,nrcsDescriptionID,horizonID,horizonName,horizonTopDepth,horizonBottomDepth,remarks,dataQF
"d4769a78-3d3b-457e-b4ba-f0e371bfd292","KONA_006.basePlot.all","D06","KONA","KONA_006","1285413","2018-07-12","Field Book for Describing and Sampling Soils ver3","S2018KS161006","18N05456","Ap1",0,9,,
"1af17272-c290-41c6-b9c3-9982c727cd89","KONA_006.basePlot.all","D06","KONA","KONA_006","1285413","2018-07-12","Field Book for Describing and Sampling Soils ver3","S2018KS161006","18N05457","Ap2",9,26,,
"c948825e-cbc9-45ff-bedf-31bafd6fa2d2","KONA_030.basePlot.all","D06","KONA","KONA_030","1285412","2018-07-12","Field Book for Describing and Sampling Soils ver3","S2018KS161030","18N05466","Ap",0,10,,
"fc436b89-8470-40d1-a63c-347db6d7f49b","KONA_002.basePlot.all","D06","KONA","KONA_002","1285411","2018-07-12","Field Book for Describing and Sampling Soils ver3","S2018KS161002","18N05454","Bt2",59,80,,
"3fa144af-996c-418a-9a21-904b3bb07b27","KONA_030.basePlot.all","D06","KONA","KONA_030","1285412","2018-07-12","Field Book for Describing and Sampling Soils ver3","S2018KS161030","18N05467","Bt1",10,29,,
"ed119203-0ce3-40da-9428-73ce81a56176","KONA_002.basePlot.all","D06","KONA","KONA_002","1285411","2018-07-12","Field Book for Describing and Sampling Soils ver3","S2018KS161002","18N05451","Ap",0,10,,
"ad03520f-6cc8-4ba3-b357-41e3078ca38c","KONA_006.basePlot.all","D06","KONA","KONA_006","1285413","2018-07-12","Field Book for Describing and Sampling Soils ver3","S2018KS161006","18N05460","Bt3",77,100,,
"c626b38a-c4cd-4a40-8189-47ee67c69bed","KONA_006.basePlot.all","D06","KONA","KONA_006","1285413","2018-07-12","Field Book for Describing and Sampling Soils ver3","S2018KS161006","18N05459","Bt2",52,77,,
"f4eea707-f432-44e1-bf33-343749accfad","KONA_030.basePlot.all","D06","KONA","KONA_030","1285412","2018-07-12","Field Book for Describing and Sampling Soils ver3","S2018KS161030","18N05469","Bt3",63,100,,
"b5428533-8a6d-4043-b29e-926e7f23b336","KONA_006.basePlot.all","D06","KONA","KONA_006","1285413","2018-07-12","Field Book for Describing and Sampling Soils ver3","S2018KS161006","18N05458","Bt1",26,52,,
"48fff32c-5640-44dd-bd88-4a06c4ab0992","KONA_030.basePlot.all","D06","KONA","KONA_030","1285412","2018-07-12","Field Book for Describing and Sampling Soils ver3","S2018KS161030","18N05468","Bt2",29,63,,
"80cd2be9-dde9-4988-ac0f-d774c462c3a9","KONA_002.basePlot.all","D06","KONA","KONA_002","1285411","2018-07-12","Field Book for Describing and Sampling Soils ver3","S2018KS161002","18N05455","Bt3",80,100,,
"950c6fe8-298a-4e24-a3db-5ad0e4844c78","KONA_002.basePlot.all","D06","KONA","KONA_002","1285411","2018-07-12","Field Book for Describing and Sampling Soils ver3","S2018KS161002","18N05452","BA",10,30,,
"57c96aa2-d0cc-4a25-91a8-b21b0b60affa","KONA_002.basePlot.all","D06","KONA","KONA_002","1285411","2018-07-12","Field Book for Describing and Sampling Soils ver3","S2018KS161002","18N05453","Bt1",30,59,,
"1ad1a772-2292-452e-bcd0-d5118d1d4735","KONA_023.basePlot.all","D06","KONA","KONA_023","1285414","2018-07-16","Field Book for Describing and Sampling Soils ver3","S2018KS161023","18N05462","Ap2",6,26,,
"36655199-cee1-4b31-8319-ae49d6480df0","KONA_023.basePlot.all","D06","KONA","KONA_023","1285414","2018-07-16","Field Book for Describing and Sampling Soils ver3","S2018KS161023","18N05463","Bt",26,53,,
"08b21c65-aa6f-4a77-8fe9-4bdc9c62561c","KONA_023.basePlot.all","D06","KONA","KONA_023","1285414","2018-07-16","Field Book for Describing and Sampling Soils ver3","S2018KS161023","18N05461","Ap1",0,6,,
"da056ee0-8116-4211-a48f-2eee5bdab7db","KONA_023.basePlot.all","D06","KONA","KONA_023","1285414","2018-07-16","Field Book for Describing and Sampling Soils ver3","S2018KS161023","18N05464","Btk1",53,74,,
"290506ad-d759-4c37-ac46-c80310a5975e","KONA_023.basePlot.all","D06","KONA","KONA_023","1285414","2018-07-16","Field Book for Describing and Sampling Soils ver3","S2018KS161023","18N05465","Btk2",74,100,,
