uid,domainID,siteID,plotID,namedLocation,plotType,nlcdClass,geodeticDatum,decimalLatitude,decimalLongitude,coordinateUncertainty,elevation,elevationUncertainty,collectDate,referenceCorner,sampleDistance,sampleBearing,pitID,testProtocolVersion,soilSamplingMethod,sampleRelativeLocation,pitDepth,recordedByA,soilProfileDescriberA,soilProfileDescriberInst,nrcsDescriptionID,soilSeries,soilFamily,soilSubgroup,soilGreatGroup,soilSuborder,soilOrder,remarks,dataQF
"498a7a6e-6a5a-4ebc-b34f-3294abc4bb64","D06","KONA","KONA_030","KONA_030.basePlot.all","distributed","cultivatedCrops","WGS84",39.126474,-96.644988,20.1,342.8,0.1,"2018-07-12","SE40",0.8,320,"1285412","Field Book for Describing and Sampling Soils ver3","soil pit","Center of pit",100,"chO9nHebwfmL29CjjLQGxg==","ARLOZx8SJa+7vSDc4vbf8A==","Natural Resource Conservation Service","S2018KS161030","Wymore","Fine, smectitic, mesic Aquertic Argiudolls","aquertic argiudolls","argiudolls","udolls","mollisols","KONA_030;8.4;320;40x40 SE marker;center of pit",
"0236c2b3-6266-4ba9-8891-0c47aade6949","D06","KONA","KONA_002","KONA_002.basePlot.all","distributed","cultivatedCrops","WGS84",39.115597,-96.638463,20.1,324.0,0.1,"2018-07-12","SW40",0.7,44,"1285411","Field Book for Describing and Sampling Soils ver3","soil pit","Center of pit",100,"chO9nHebwfmL29CjjLQGxg==","ARLOZx8SJa+7vSDc4vbf8A==","Natural Resource Conservation Service","S2018KS161002","Reading","Fine-silty, mixed, superactive, mesic Pachic Argiudolls","pachic argiudolls","argiudolls","udolls","mollisols","KONA_002;7.4;44;40x40 SW marker;center of pit",
"350633b9-07ec-4a36-adc0-2fd2850e7a75","D06","KONA","KONA_006","KONA_006.basePlot.all","distributed","cultivatedCrops","WGS84",39.124964,-96.647329,20.1,354.0,0.1,"2018-07-12","SW40",0.5,55,"1285413","Field Book for Describing and Sampling Soils ver3","soil pit","Center of pit",100,"chO9nHebwfmL29CjjLQGxg==","ARLOZx8SJa+7vSDc4vbf8A==","Natural Resource Conservation Service","S2018KS161006","Smolan","Fine-silty, mixed, superactive, mesic Aquic Argiustolls","aquic argiustolls","argiustolls","ustolls","mollisols","KONA_006;5.4;55;40x40 SW marker;center of pit",
"ae058283-8cbd-4f20-9edb-446d8d0dba6a","D06","KONA","KONA_023","KONA_023.basePlot.all","distributed","cultivatedCrops","WGS84",39.216490,-96.595634,20.1,330.1,0.2,"2018-07-16","SW40",0.5,45,"1285414","Field Book for Describing and Sampling Soils ver3","soil pit","Center of pit",100,"chO9nHebwfmL29CjjLQGxg==","ARLOZx8SJa+7vSDc4vbf8A==","Natural Resource Conservation Service","S2018KS161023","Wymore","Fine, smectitic, mesic Aquertic Argiudolls","aquertic argiudolls","argiudolls","udolls","mollisols","KONA_023;5;45;40x40 SW marker;center of pit",
