uid,namedLocation,domainID,siteID,plotID,nrcsDescriptionID,collectDate,horizonID,horizonName,biogeoIDnrcs,biogeoSampleType,biogeoTopDepth,biogeoBottomDepth,biogeoCenterDepth,particleSizeDistProcessedDate,particleSizeDistMethodPub,particleSizeDistMethod,coarseFrag2To5,coarseFrag5To20,sandTotal,siltTotal,clayTotal,carbonateClay,clayFineContent,siltFineContent,siltCoarseContent,sandVeryFineContent,sandFineContent,sandMediumContent,sandCoarseContent,sandVeryCoarseContent,laboratoryName,dataQF
"13dc625f-72ba-449f-ba5a-d98374d05b64","KONA_002.basePlot.all","D06","KONA","KONA_002","S2018KS161002","2018-07-12","18N05451","Ap","S2018KS161002-1","bulk",0.0,10.0,5.0,"2018-09-13","Kellogg Soil Survey Laboratory Methods Manual, Soil Survey Investigations Report No. 42 Version 5.0, Issued 2014","Routine Particle Size Distribution (3A1a1a)",0.0,0.0,9.3,66.7,24.0,,,22.5,44.2,8.7,0.4,0.1,0.1,0.0,"USDA NRCS Kellogg Soil Survey Laboratory",
"93fbd2a9-9d46-464a-ae1e-4ffe0fcc9484","KONA_006.basePlot.all","D06","KONA","KONA_006","S2018KS161006","2018-07-12","18N05456","Ap1","S2018KS161006-1","bulk",0.0,9.0,4.5,"2018-09-13","Kellogg Soil Survey Laboratory Methods Manual, Soil Survey Investigations Report No. 42 Version 5.0, Issued 2014","Routine Particle Size Distribution (3A1a1a)",0.0,0.0,12.4,51.4,36.2,,,21.4,30.0,11.8,0.4,0.1,0.1,0.0,"USDA NRCS Kellogg Soil Survey Laboratory",
"1e686745-4fb1-41fd-b1f0-96fe4ad1db69","KONA_002.basePlot.all","D06","KONA","KONA_002","S2018KS161002","2018-07-12","18N05455","Bt3","S2018KS161002-5","bulk",80.0,100.0,90.0,"2018-09-13","Kellogg Soil Survey Laboratory Methods Manual, Soil Survey Investigations Report No. 42 Version 5.0, Issued 2014","Routine Particle Size Distribution (3A1a1a)",0.0,0.0,3.0,60.5,36.5,,,29.2,31.3,2.8,0.1,0.1,0.0,0.0,"USDA NRCS Kellogg Soil Survey Laboratory",
"5a7bdfd4-5636-4690-b2a5-9abdeedd0b97","KONA_002.basePlot.all","D06","KONA","KONA_002","S2018KS161002","2018-07-12","18N05453","Bt1","S2018KS161002-3","bulk",30.0,59.0,44.5,"2018-09-13","Kellogg Soil Survey Laboratory Methods Manual, Soil Survey Investigations Report No. 42 Version 5.0, Issued 2014","Routine Particle Size Distribution (3A1a1a)",0.0,0.0,6.1,61.3,32.6,,,24.1,37.2,5.8,0.2,0.1,0.0,0.0,"USDA NRCS Kellogg Soil Survey Laboratory",
"cbae105d-be78-4af6-9c4f-1bb69e1ee746","KONA_006.basePlot.all","D06","KONA","KONA_006","S2018KS161006","2018-07-12","18N05460","Bt3","S2018KS161006-5","bulk",77.0,100.0,88.5,"2018-09-13","Kellogg Soil Survey Laboratory Methods Manual, Soil Survey Investigations Report No. 42 Version 5.0, Issued 2014","Routine Particle Size Distribution (3A1a1a)",1.3,2.0,13.4,50.3,36.3,,,24.9,25.4,12.4,0.6,0.3,0.1,0.0,"USDA NRCS Kellogg Soil Survey Laboratory",
"c6bbfcaa-c491-4209-a91d-9925533394f6","KONA_002.basePlot.all","D06","KONA","KONA_002","S2018KS161002","2018-07-12","18N05452","BA","S2018KS161002-2","bulk",10.0,30.0,20.0,"2018-09-13","Kellogg Soil Survey Laboratory Methods Manual, Soil Survey Investigations Report No. 42 Version 5.0, Issued 2014","Routine Particle Size Distribution (3A1a1a)",0.0,0.0,9.2,64.0,26.8,,,22.6,41.4,8.9,0.2,0.1,0.0,0.0,"USDA NRCS Kellogg Soil Survey Laboratory",
"125976ad-4046-4ec0-a55f-b203142503da","KONA_030.basePlot.all","D06","KONA","KONA_030","S2018KS161030","2018-07-12","18N05468","Bt2","S2018KS161030-3","bulk",29.0,63.0,46.0,"2018-09-13","Kellogg Soil Survey Laboratory Methods Manual, Soil Survey Investigations Report No. 42 Version 5.0, Issued 2014","Routine Particle Size Distribution (3A1a1a)",0.0,0.0,6.4,54.2,39.4,,,29.0,25.2,6.2,0.1,0.1,0.0,0.0,"USDA NRCS Kellogg Soil Survey Laboratory",
"287a04ed-9787-4ce3-8a55-01cccbc9239f","KONA_002.basePlot.all","D06","KONA","KONA_002","S2018KS161002","2018-07-12","18N05454","Bt2","S2018KS161002-4","bulk",59.0,80.0,69.5,"2018-09-13","Kellogg Soil Survey Laboratory Methods Manual, Soil Survey Investigations Report No. 42 Version 5.0, Issued 2014","Routine Particle Size Distribution (3A1a1a)",0.0,0.0,3.8,60.1,36.1,,,29.8,30.3,3.5,0.2,0.0,0.1,0.0,"USDA NRCS Kellogg Soil Survey Laboratory",
"5ea5b6d4-932d-415f-9782-2eb94f9608d7","KONA_006.basePlot.all","D06","KONA","KONA_006","S2018KS161006","2018-07-12","18N05459","Bt2","S2018KS161006-4","bulk",52.0,77.0,64.5,"2018-09-13","Kellogg Soil Survey Laboratory Methods Manual, Soil Survey Investigations Report No. 42 Version 5.0, Issued 2014","Routine Particle Size Distribution (3A1a1a)",0.0,0.0,10.3,55.3,34.4,,,27.5,27.8,9.7,0.5,0.1,0.0,0.0,"USDA NRCS Kellogg Soil Survey Laboratory",
"49af6fe4-8dd6-49fd-a5d8-3cfda08a899b","KONA_030.basePlot.all","D06","KONA","KONA_030","S2018KS161030","2018-07-12","18N05467","Bt1","S2018KS161030-2","bulk",10.0,29.0,19.5,"2018-09-13","Kellogg Soil Survey Laboratory Methods Manual, Soil Survey Investigations Report No. 42 Version 5.0, Issued 2014","Routine Particle Size Distribution (3A1a1a)",0.0,0.0,6.7,52.1,41.2,,,25.5,26.6,6.3,0.3,0.1,0.0,0.0,"USDA NRCS Kellogg Soil Survey Laboratory",
"4a6d212b-3ffd-445f-ad36-87f45be655f2","KONA_030.basePlot.all","D06","KONA","KONA_030","S2018KS161030","2018-07-12","18N05466","Ap","S2018KS161030-1","bulk",0.0,10.0,5.0,"2018-09-13","Kellogg Soil Survey Laboratory Methods Manual, Soil Survey Investigations Report No. 42 Version 5.0, Issued 2014","Routine Particle Size Distribution (3A1a1a)",0.0,0.0,11.7,54.6,33.7,,,22.1,32.5,10.8,0.5,0.1,0.2,0.1,"USDA NRCS Kellogg Soil Survey Laboratory",
"d25422cb-c9cd-4c97-aaa1-d3e172485022","KONA_006.basePlot.all","D06","KONA","KONA_006","S2018KS161006","2018-07-12","18N05457","Ap2","S2018KS161006-2","bulk",9.0,26.0,17.5,"2018-09-13","Kellogg Soil Survey Laboratory Methods Manual, Soil Survey Investigations Report No. 42 Version 5.0, Issued 2014","Routine Particle Size Distribution (3A1a1a)",0.0,0.0,9.8,50.5,39.7,,,22.3,28.2,9.4,0.3,0.1,0.0,0.0,"USDA NRCS Kellogg Soil Survey Laboratory",
"c89c4c1c-35c9-432b-81e2-11688b5e0ebe","KONA_006.basePlot.all","D06","KONA","KONA_006","S2018KS161006","2018-07-12","18N05458","Bt1","S2018KS161006-3","bulk",26.0,52.0,39.0,"2018-09-13","Kellogg Soil Survey Laboratory Methods Manual, Soil Survey Investigations Report No. 42 Version 5.0, Issued 2014","Routine Particle Size Distribution (3A1a1a)",0.0,0.0,10.0,52.3,37.7,,,25.9,26.4,9.5,0.3,0.1,0.1,0.0,"USDA NRCS Kellogg Soil Survey Laboratory",
"57c7dc32-cb8b-476a-98d3-3da3fb1a683d","KONA_030.basePlot.all","D06","KONA","KONA_030","S2018KS161030","2018-07-12","18N05469","Bt3","S2018KS161030-4","bulk",63.0,100.0,81.5,"2018-09-13","Kellogg Soil Survey Laboratory Methods Manual, Soil Survey Investigations Report No. 42 Version 5.0, Issued 2014","Routine Particle Size Distribution (3A1a1a)",,,6.3,57.4,36.3,,,30.4,27.0,5.9,0.3,0.0,0.1,0.0,"USDA NRCS Kellogg Soil Survey Laboratory",
"693e7d54-e4e2-4999-a75b-d0e6f995bc08","KONA_023.basePlot.all","D06","KONA","KONA_023","S2018KS161023","2018-07-16","18N05461","Ap1","S2018KS161023-1","bulk",0.0,6.0,3.0,"2018-09-13","Kellogg Soil Survey Laboratory Methods Manual, Soil Survey Investigations Report No. 42 Version 5.0, Issued 2014","Routine Particle Size Distribution (3A1a1a)",0.0,0.0,7.1,56.9,36.0,,,22.8,34.1,6.0,0.7,0.3,0.1,0.0,"USDA NRCS Kellogg Soil Survey Laboratory",
"2e706f33-065b-4979-81c9-c9ac64e7ffe9","KONA_023.basePlot.all","D06","KONA","KONA_023","S2018KS161023","2018-07-16","18N05462","Ap2","S2018KS161023-2","bulk",6.0,26.0,16.0,"2018-09-13","Kellogg Soil Survey Laboratory Methods Manual, Soil Survey Investigations Report No. 42 Version 5.0, Issued 2014","Routine Particle Size Distribution (3A1a1a)",0.0,0.0,4.3,53.2,42.5,,,24.0,29.2,4.1,0.1,0.0,0.1,0.0,"USDA NRCS Kellogg Soil Survey Laboratory",
"1e72418a-8e6a-4d1d-8ca7-502bcb4f9d97","KONA_023.basePlot.all","D06","KONA","KONA_023","S2018KS161023","2018-07-16","18N05463","Bt","S2018KS161023-3","bulk",26.0,53.0,39.5,"2018-09-13","Kellogg Soil Survey Laboratory Methods Manual, Soil Survey Investigations Report No. 42 Version 5.0, Issued 2014","Routine Particle Size Distribution (3A1a1a)",0.0,0.0,2.7,50.2,47.1,,,25.1,25.1,2.5,0.2,0.0,0.0,0.0,"USDA NRCS Kellogg Soil Survey Laboratory",
"022bea95-fe22-4fc4-adda-2c108d4133f9","KONA_023.basePlot.all","D06","KONA","KONA_023","S2018KS161023","2018-07-16","18N05465","Btk2","S2018KS161023-5","bulk",74.0,100.0,87.0,"2018-09-13","Kellogg Soil Survey Laboratory Methods Manual, Soil Survey Investigations Report No. 42 Version 5.0, Issued 2014","Routine Particle Size Distribution (3A1a1a)",6.5,11.7,5.4,56.8,37.8,0.0,,28.9,27.9,3.7,0.5,0.3,0.3,0.6,"USDA NRCS Kellogg Soil Survey Laboratory",
"a0a0884e-519b-4781-a3ff-bdb5f4dc30a0","KONA_023.basePlot.all","D06","KONA","KONA_023","S2018KS161023","2018-07-16","18N05464","Btk1","S2018KS161023-4","bulk",53.0,74.0,63.5,"2018-09-13","Kellogg Soil Survey Laboratory Methods Manual, Soil Survey Investigations Report No. 42 Version 5.0, Issued 2014","Routine Particle Size Distribution (3A1a1a)",6.0,18.5,3.7,54.4,41.9,0.0,,29.7,24.7,2.9,0.2,0.2,0.2,0.2,"USDA NRCS Kellogg Soil Survey Laboratory",
